crank_angle_deg_atdc,time_s,core_mean,wall_shell_mean,delta_c,tracer_min,tracer_max,core_volume_mm3,wall_shell_volume_mm3,wall_shell_volume_fraction,wall_shell_mass_fraction,total_volume_mm3,python_volume_mm3,volume_error_percent,mass_mg,tracer_mass_mean,tracer_mass_variance,tracer_mass_rms,tracer_volume_mean,tracer_volume_variance,tracer_volume_rms,mf_zone_core_mean,mf_zone_shell_mean,mf_zone_delta_c,mf_zone_shell_mass_fraction,mf_zone_shell_volume_fraction,mf_zone_core_volume_mm3,mf_zone_shell_volume_mm3,mass_error_percent,tracer_inventory_error_percent,tracer_mass_rms_normalized,tracer_volume_rms_normalized,mf_zone_delta_c_normalized,k_mix_1_s,tau_mix_ms,k_global_mix_1_s,tau_global_mix_ms,k_mf_zone_mix_1_s,tau_mf_zone_mix_ms
-180.0,0.0,0.0,1.0,1.0,0.0,1.0,356.754457551243,98.66567437333055,0.21664759077815982,0.2166475907781624,455.4201319245735,456.06180575133493,-0.14069887429059014,1.5865419963996525,0.2166475907781624,0.16971141218818028,0.4119604497863603,0.21664759077815982,0.1697114121881788,0.4119604497863585,0.020809488472704567,1.0,0.9791905115272954,0.1999999999999985,0.19999999999999526,364.336105539661,91.08402638491253,0.0,0.0,1.0,1.0,1.0,nan,nan,nan,nan,nan,nan
-179.55,6.249999999999842e-05,0.0023895309939860766,0.9913599529792987,0.9889704219853126,7.86167197449e-66,0.999999981528,356.7511632411741,98.66476328363714,0.216647590778233,0.21664759128848263,455.4159265248112,456.0575944263084,-0.14069887429555283,1.5865410474958819,0.21664759077820073,0.16612953467182584,0.40758990992396493,0.216647590268036,0.16612953439036807,0.4075899095786941,0.02223400852887095,0.9943019197755188,0.9720679112466479,0.19999999999999987,0.19999999826167747,364.33274201150874,91.08318451330247,-5.980955894990814e-05,1.7696955012524995e-11,0.9893908751078849,0.9893908742697729,0.9927260321696357,170.65263914280138,5.859856636399303,158.5993605149082,6.305195662538632,113.84834235446682,8.78361493298251
-179.1,0.0001250000000000008,0.004572490594010541,0.9834668196683969,0.9788943290743863,1.3088883347e-62,0.999999794846,356.7412802643748,98.66203000145393,0.21664759077807927,0.21664759294255392,455.4033102658287,456.0449603913672,-0.14069887429254413,1.5865410474958699,0.21664759077803167,0.16311403852606665,0.40387379034305587,0.21664758861430056,0.16311403735967664,0.4038737888990528,0.023576731805807875,0.9889310266669236,0.9653542948611157,0.20000000000000012,0.19999999675324312,364.3226496912468,91.08066057458191,-5.9809559704859794e-05,-6.034062138837726e-11,0.9803703014512725,0.9803702979460786,0.9858697398480724,157.84914226786853,6.335162710627906,137.13015650837778,7.292342001658157,108.22728808058196,9.23981389291985
-178.65,0.00018749999999999922,0.006575649432038205,0.9762238068642894,0.9696481574322512,3.83677135893e-60,0.999999030415,356.7248084800395,98.65747448815694,0.21664759077824533,0.21664759491673827,455.3822829681964,456.0239034669817,-0.14069887431498174,1.5865410474954476,0.21664759077818008,0.16053071167727126,0.4006628403998445,0.2166475866422992,0.16053070948940623,0.4006628376695376,0.024846404747756564,0.9838523348998761,0.9590059301521195,0.20000000000000026,0.19999999488729123,364.30582870279414,91.07645426540229,-5.9809586328007924e-05,8.171241461241152e-12,0.9725759854073985,0.9725759787798081,0.9793864614316035,149.63226546433833,6.683050590036871,124.35897269974306,8.041237220690439,104.57271200424294,9.562724164210506
-178.4435518296,0.00021617335699999847,0.007446072706107363,0.9730765410996877,0.9656304683935804,2.08737232843e-59,0.999998357791,356.71504682796643,98.65477476011353,0.2166475907781061,0.21664759429433295,455.3698215880799,456.0114245291585,-0.14069887431900074,1.586541047489776,0.216647590778808,0.1594568143306167,0.39932044066215383,0.21664758726551064,0.1594568124825522,0.3993204383481419,0.02540876929252791,0.9816028767239307,0.9561941074314028,0.20000000000000012,0.1999999950050731,364.2958595450029,91.073962043077,-5.980994379761739e-05,2.97983859809392e-10,0.9693174208088143,0.9693174151917456,0.9765148826248082,143.4071341226153,6.973153784280945,115.07297652736852,8.690137599440332,101.77331495165556,9.825758357925363
-178.3060331391,0.00023527317512499874,0.008009935919818923,0.9710377241380311,0.9630277882182122,5.21021909576e-59,0.99999775553,356.7077748441444,98.6527635863356,0.2166475907779983,0.21664759547045084,455.36053843048006,456.0021282918202,-0.1406988743108628,1.5865410474893455,0.21664759077879966,0.15877537560977956,0.39846627913761984,0.2166475860895589,0.1587753731639234,0.3984662760685318,0.025776685351727658,0.9801312124870873,0.9543545271353597,0.19999999999999998,0.1999999945406412,364.28843323036057,91.07210520011944,-5.9809970942570345e-05,2.9414248814418897e-10,0.9672440141869482,0.9672440067369945,0.9746362080723212,139.46407058345,7.170305554803364,109.80825838210876,9.106783175817418,99.98095396159407,10.001904966661275
-178.1435872657,0.0002578351019861103,0.00865807377151839,0.9686941916920188,0.9600361179205004,1.52160423151e-58,0.999996818191,356.69839191506077,98.65016859988815,0.21664759077820672,0.2166475957814644,455.3485605149489,455.9901334996596,-0.14069887429070116,1.5865410474888464,0.21664759077909646,0.15800450127440938,0.39749780033908283,0.2166475857790562,0.15800449868401395,0.39749779708070576,0.02620369511390086,0.978423173439881,0.9522194783259802,0.20000000000000015,0.1999999941586096,364.27885107182783,91.06970944312107,-5.981000240629086e-05,4.311440093829333e-10,0.9648931118150353,0.9648931039055982,0.9724557857906047,135.67165719192153,7.3707362370122524,105.1946905662987,9.506183198188623,98.23895852699572,10.179261007996166
-177.9392093521,0.0002862209233194453,0.009447100197928526,0.9658412339030524,0.9563941337051239,6.01499627686e-58,0.99999520014,356.685367190723,98.64656642144536,0.21664759077817752,0.2166475964612747,455.3319336121684,455.9734831702181,-0.14069887432690553,1.5865410474883797,0.21664759077906423,0.15708257243178927,0.3963364384355661,0.21664758509952617,0.15708256951332072,0.39633643475375907,0.026729617759369283,0.9763194828578429,0.9495898650984735,0.19999999999999998,0.19999999349426142,364.2655498520053,91.06638376016315,-5.9810031816098785e-05,4.162670208529562e-10,0.9620740016210374,0.9620739926837589,0.9697702887432476,131.21670277961337,7.620981009403676,100.0337643657564,9.99662470307196,96.17123944400308,10.398119081976297
-177.6783617489,0.0003224497570972239,0.010414060802354462,0.9623449003258909,0.9519308395235365,3.73554743657e-57,0.999992219758,356.6667692392155,98.64142288533917,0.21664759077814855,0.2166475977891219,455.3081921245547,455.94970823146184,-0.1406988743112736,1.5865410474883064,0.2166475907790696,0.1559750763240346,0.3949368004175283,0.21664758377254914,0.15597507275877412,0.39493679590381814,0.02738345773128039,0.9737041229702241,0.9463206652389438,0.2000000000000002,0.1999999922588342,364.24655722425996,91.06163490029473,-5.981003643462657e-05,4.1873171596762404e-10,0.95867649581978,0.9586764848631252,0.9664316127439972,126.45264968820963,7.908098426293707,94.75053377804298,10.554030253196686,93.93465021158096,10.645698874138274
-177.392109762,0.0003622069775000014,0.011428476274432027,0.9586769739853059,0.9472484977108739,2.77567638199e-56,0.999987458023,356.6438117839797,98.6350736646102,0.2166475907781761,0.21664760039159234,455.27888544858985,455.92036026312394,-0.14069887428671546,1.586541047487652,0.2166475907792608,0.15483687877460203,0.39349317500383924,0.21664758117174024,0.1548368739387031,0.39349316885900715,0.02808037332896278,0.9709164605804536,0.9428360872514908,0.19999999999999982,0.19999998977347686,364.2231130147919,91.0557724337979,-5.981007767941193e-05,5.06994446425324e-10,0.9551722142450857,0.9551721993290171,0.9628729814598584,122.14493913827111,8.186994950875329,90.11913240334741,11.096422849748338,91.89113060521575,10.88244309775899
-177.16284861,0.000394048804166667,0.01220980030437077,0.9558518629789221,0.9436420626745513,1.2021648565e-55,0.999982316392,356.62350186112667,98.62945665778459,0.21664759077823215,0.21664760182428563,455.25295851891127,455.89439680346624,-0.1406988743560933,1.5865410474837567,0.21664759077967957,0.15397516748686932,0.39239669657996523,0.2166475797398138,0.15397516197450017,0.3923966895559902,0.028624599124180194,0.9687395574016768,0.9401149582774966,0.20000000000000007,0.1999999883964047,364.20237209770016,91.05058642121116,-5.981032320523383e-05,7.003064794730562e-10,0.9525106033442271,0.9525105862941116,0.9600940237984429,118.36112794515921,8.448719755892615,86.18676860882262,11.602709048516685,90.07740636578932,11.101562981722264
-176.9772938988,0.0004198202918333315,0.01282313826728301,0.9536341550396324,0.9408110167723495,3.61958471511e-55,0.999977133944,356.60581130291627,98.62456407450394,0.21664759077804677,0.21664760313523568,455.23037537742016,455.87178184262035,-0.14069887427724526,1.5865410474835013,0.21664759077974113,0.1533068022405393,0.3915441255344528,0.21664757842845717,0.1533067961147744,0.3915441177118798,0.02905643777336287,0.9670122028052559,0.937955765031893,0.19999999999999998,0.19999998724362966,364.1843061090234,91.04606926839676,-5.9810339303467686e-05,7.287059844429677e-10,0.9504410574789515,0.9504410384903053,0.9578889439695587,115.17387563022851,8.682524526747281,83.05731137735192,12.039879252251838,88.53207210687152,11.295341633852754
-176.7926226285,0.0004454690793750002,0.013416956050967455,0.9514870291053018,0.9380700730543343,1.06068002015e-54,0.999970899279,356.5870923576525,98.61938707591297,0.2166475907782104,0.2166476042050825,455.2064794335655,455.8478522301914,-0.1406988743037907,1.586541047481586,0.21664759078007084,0.1526655650679611,0.3907244106374224,0.2166475773593283,0.1526655584519798,0.39072440217112087,0.029478599045490758,0.9653235577183952,0.9358449586729044,0.19999999999999998,0.19999998626967694,364.16518979698446,91.04128963658108,-5.981046002911938e-05,8.808953566585842e-10,0.9484512672030756,0.9484512466518313,0.9557332793321469,112.26414998862865,8.907563100965811,80.35651021154811,12.444542419368146,87.10509339624012,11.480384912177419
-176.5913267438,0.00047342684113888743,0.014046087025444484,0.9492122177163546,0.93516613069091,3.42134958108e-54,0.999962694645,356.56542389204196,98.6133943441088,0.21664759077815285,0.21664760534789176,455.1788182361507,455.8201520588072,-0.14069887427305972,1.5865410474807387,0.21664759078018012,0.1519916958099247,0.389861123747835,0.2166475762169575,0.1519916886751692,0.38986111459745404,0.02993033468074827,0.9635166151779081,0.9335862804971599,0.20000000000000034,0.19999998520749832,364.14306132215404,91.0357569139967,-5.981051343084687e-05,9.313438908975513e-10,0.9463557095104982,0.9463556872987077,0.9534266003466433,109.37639772855405,9.142740305653144,77.78096932721144,12.856615296129423,85.67345297682012,11.672227104825119
-176.3737755228,0.0005036422884999996,0.014705959063151018,0.946826250951151,0.932120291888,1.207799819e-53,0.999951960985,356.54052265096317,98.60650754085705,0.21664759077808254,0.21664760694953886,455.1470301918202,455.78831922607276,-0.14069887428037609,1.5865410474796802,0.21664759078025683,0.15129024475141384,0.3889604668233185,0.2166475746160504,0.15129023688376284,0.3889604567096286,0.030409109814504696,0.9616015146432656,0.9311924048287609,0.20000000000000026,0.19999998370109953,364.1176315718523,91.0293986199679,-5.981058015525065e-05,9.667378009226013e-10,0.9441694391416228,0.9441694145914793,0.9509818506884127,106.46245040823261,9.392983123772542,75.26902764035452,13.285677141707392,84.21275256986394,11.87468607168953
-176.1446431555,0.000535466228402777,0.015379829523511575,0.9443896671142958,0.9290098375907843,4.49579228668e-53,0.999938298954,356.51263000479616,98.59879342074449,0.21664759077812057,0.21664760891980925,455.11142342554064,455.7526622909074,-0.1406988742848947,1.5865410474807804,0.21664759078015297,0.1505788094278122,0.38804485491733065,0.21664757264672788,0.150578800660176,0.38804484362013625,0.03090329656204253,0.959624767652594,0.9287214710905515,0.2000000000000001,0.19999998187300227,364.0891469902363,91.02227643530439,-5.98105107996183e-05,9.18798370719287e-10,0.9419468667891976,0.9419468393661945,0.9484584053433844,103.51911246315811,9.660051909311864,72.82041304640826,13.732413181489408,82.71953261723834,12.089043160183486
-175.900557744,0.0005693669800000005,0.016075254427820894,0.9418751475702818,0.9257998931424609,1.79993279814e-52,0.999920746128,356.481037057725,98.59005592819385,0.21664759077818307,0.21664761074845784,455.0710929859188,455.71227502688566,-0.14069887429057903,1.5865410474784574,0.21664759078049806,0.14984897358965676,0.3871033112615504,0.21664757081983493,0.14984896400107373,0.38710329887650624,0.031418888073828415,0.9575624016071773,0.9261435135333489,0.2000000000000002,0.1999999801644386,364.0568834153257,91.01420957059317,-5.981065722693302e-05,1.0780931702925045e-09,0.9396613472538429,0.9396613171901742,0.945825661738484,100.61988536160487,9.938393354417256,70.49232652155432,14.185941212966375,81.22989376949458,12.310738739086524
-175.6456397794,0.0006047722528611111,0.01677849481906399,0.9393323593661513,0.9225538645470873,7.48361079921e-52,0.999898726279,356.44597140173886,98.58035800704906,0.21664759077817264,0.21664761463450663,455.0263294087879,455.66744837920805,-0.14069887429979389,1.5865410474788908,0.2166475907803825,0.1491146557938618,0.3861536686267033,0.21664756693628223,0.14911464442271857,0.38615365390310447,0.0319460471653264,0.9554537652406104,0.923507718075284,0.20000000000000018,0.19999997655350135,364.0210741958045,91.00525521298336,-5.981062990434438e-05,1.024758056189512e-09,0.9373561681150697,0.9373561323747526,0.9431338510774987,97.94261048185083,10.210060719029988,68.40131965024838,14.619600983039934,79.83743640213206,12.525452282349274
-175.409473594,0.0006375731119444458,0.01741066293425694,0.9370465590003267,0.9196358960660698,2.63814826042e-51,0.99987467055,356.41159719096123,98.57085131519453,0.21664759077813284,0.21664761736138577,454.9824485061557,455.6235056498705,-0.1406988743481108,1.5865410474749686,0.2166475907807987,0.14845726889529942,0.3853015298377356,0.21664756421005993,0.1484572563046382,0.38530151349902353,0.032424791695142036,0.9535387871234291,0.9211139954282871,0.19999999999999998,0.1999999739655478,363.9859706501434,90.99647785601235,-5.9810877117705274e-05,1.216871048370649e-09,0.9352876715168899,0.9352876318560187,0.9406892576926391,95.71888724713727,10.447258934572577,66.69175330692619,14.994357629163519,78.6688546189266,12.711510862132398
-175.2320028836,0.0006622218217222237,0.01787455509591284,0.935369210885065,0.9174946557891521,6.37315711586e-51,0.999854178181,356.38457107127323,98.5633768456143,0.21664759077805623,0.216647619746633,454.94794791688753,455.5889564500835,-0.1406988743078097,1.5865410474705508,0.21664759078142443,0.1479763830515306,0.3846769853416378,0.21664756182437384,0.14797636940183023,0.3846769675998684,0.03277892077422345,0.9521222708102361,0.9193433500360126,0.1999999999999999,0.19999997178338372,363.9583711706017,90.98957674628583,-5.981115557274208e-05,1.5056844659966373e-09,0.9337716412852944,0.9337715982186173,0.9388809830296089,93.72454979280768,10.669563120982193,65.19751022982071,15.338009020206568,77.60919229946428,12.8850716051957
-175.0586973936,0.0006862920286666667,0.018318332934551283,0.9337645982421563,0.915446265307605,1.47315361884e-50,0.999831928124,356.35718950354914,98.55580407177811,0.21664759077816637,0.21664762077064492,454.9129935753272,455.5539528587583,-0.14069887428455052,1.5865410474704622,0.21664759078157497,0.14751715308862837,0.38407961816351094,0.21664756080031294,0.14751713901873087,0.3840795998471292,0.03312002950232735,0.9507578358985642,0.9176378063962368,0.20000000000000004,0.1999999708623442,363.93040811536,90.98258545996721,-5.9811161157163895e-05,1.575184427338172e-09,0.932321581750607,0.9323215372891057,0.9371391936436847,91.96999872011094,10.873110948313316,63.93801140694935,15.64014860636268,76.66573691720268,13.043636443225976
-174.8724487261,0.0007121598991527773,0.018785384940905054,0.932075828716342,0.9132904437754369,3.60243653545e-50,0.999805351848,356.32667261618,98.54736417926371,0.21664759077814838,0.21664762230525247,454.8740367954437,455.5149411899539,-0.14069887429728478,1.5865410474698864,0.21664759078158446,0.14703443401180016,0.3834506930647018,0.21664755926555948,0.14703441929152603,0.38345067387022025,0.03348152341231196,0.9493118602586799,0.9158303368463679,0.20000000000000007,0.1999999694305274,363.8992433416144,90.97479345382935,-5.981119745035457e-05,1.5795587060551952e-09,0.9307949179673839,0.9307948713743678,0.935293312246152,90.20931389335489,11.085329849445438,62.70554704382081,15.947552443823914,75.7088372222221,13.208497669364277
-174.6674978632,0.0007406252967777781,0.019288035239569904,0.9302583407017487,0.9109703054621788,9.59742597431e-50,0.999772701492,356.2917858460414,98.53771573163102,0.21664759077815335,0.21664762438314503,454.82950157767243,455.47034322330626,-0.14069887428864725,1.5865410474698465,0.21664759078163884,0.14651538888815638,0.3827732865393775,0.21664755718838927,0.14651537327660594,0.3827732661466915,0.03387342109137714,0.9477442695426885,0.9138708484513114,0.20000000000000012,0.19999996749995694,363.8636160441163,90.96588553355609,-5.9811199970560835e-05,1.6046497464117238e-09,0.9291505695216152,0.9291505200200568,0.9332921813405836,88.37520915167232,11.315390476573226,61.44749662249489,16.27405598219142,74.70096402923387,13.386708096680715
-174.4407954096,0.0007721117486666647,0.01983093288539866,0.928295325075968,0.9084643921905694,2.82256284379e-49,0.999732155706,356.25160298638986,98.52660257297778,0.21664759077843698,0.21664762681258712,454.7782055593676,455.41897493042063,-0.14069887429500882,1.58654104746972,0.21664759078191495,0.14595509737593987,0.3820407012033402,0.21664755476148262,0.14595508072399674,0.38204067940992453,0.03429999138705102,0.9460379883613772,0.9117379969743262,0.19999999999999976,0.19999996523431035,363.8225802581721,90.95562530119557,-5.981120794196215e-05,1.7321033496386917e-09,0.9273722790657786,0.9273722261640643,0.9311140030883674,86.46862422022743,11.564888524802873,60.163971202222335,16.621243246041946,73.64075009857163,13.57943799678103
-174.192739628,0.0008065639405555557,0.020410097299490077,0.9262011718214425,0.9057910745219524,9.09169059459e-49,0.999682116911,356.2057173564062,98.51391222935776,0.21664759077830223,0.21664763023314967,454.7196295857639,455.36031642501433,-0.14069887430692152,1.5865410474702908,0.21664759078166715,0.14535749708616313,0.38125778298437807,0.21664755134315994,0.14535747895697737,0.3812577592088814,0.034758779350368016,0.9442028365068684,0.9094440571565005,0.19999999999999948,0.1999999620421696,363.7757209287817,90.94390865698222,-5.9811171959633924e-05,1.617728173641808e-09,0.9254718096897301,0.9254717519766777,0.928771313090026,84.54599480716936,11.827881406810315,58.890304739155006,16.980723812337818,72.55825347662372,13.78202963942858
-173.9337042903,0.0008425410707916667,0.020999390668430734,0.9240703895606615,0.9030709988922307,3.00586443835e-48,0.999623174976,356.15566131537526,98.50006849748017,0.21664759077824575,0.21664763470014398,454.65572981285544,455.2963266191437,-0.1406988743013038,1.5865410474695825,0.2166475907817584,0.1447493771778044,0.3804594290825296,0.21664754688013502,0.1447493571146377,0.38045940271550355,0.03522945240389198,0.9423201442932228,0.9070906918893308,0.20000000000000004,0.1999999578745977,363.72460300283984,90.93112681001556,-5.9811216612803975e-05,1.6598500351960865e-09,0.9235338714671107,0.9235338074633347,0.9263679347489727,82.77472045329228,12.080983113247422,57.72769366460212,17.322708331463918,71.54920749706227,13.976395196844898
-173.7011479854,0.0008748405575833316,0.021516011584589666,0.922202375719997,0.9006863641354073,8.3668382261e-48,0.999564250164,356.1088599017713,98.4871248804992,0.21664759077814946,0.21664763916203547,454.5959847822704,455.23649740947326,-0.1406988742879034,1.5865410474678467,0.216647590781902,0.1442161624234575,0.37975803141402753,0.21664754242125603,0.14421614044171913,0.3797580024722575,0.03564516444634905,0.9406572961241132,0.9050121316777642,0.1999999999999997,0.19999995370811602,363.67680886992093,90.9191759123495,-5.981132601418082e-05,1.7261081453057159e-09,0.9218312865008456,0.921831216247091,0.924245201545273,81.19619652473331,12.315847820475042,56.69897895780692,17.637001906933094,70.63990004159406,14.156305422447963
-173.5011475898,0.0009026183903055538,0.021951440584943395,0.920627941138796,0.8986765005538526,1.95399528853e-47,0.999508846158,356.06720097889973,98.47560349478137,0.21664759077818224,0.21664764226249927,454.5428044736811,455.18324217147523,-0.14069887431243933,1.586541047465848,0.2166475907821726,0.14376660245534514,0.37916566624016096,0.2166475393189042,0.14376657917698363,0.37916563554333826,0.035997733441226,0.939247020145961,0.9032492867047349,0.20000000000000026,0.1999999508568343,363.6342659166172,90.90853855706386,-5.9811452002289656e-05,1.8510304400365385e-09,0.9203933689187724,0.9203932944047724,0.9224448930738607,79.80110122211937,12.531155393665404,55.80455576780732,17.919683908260453,69.82697088831287,14.321113851544327
-173.3096414313,0.0009292164678749989,0.022360896608742187,0.9191474179945238,0.8967865213857816,4.40156233967e-47,0.999451450744,356.02608985616,98.46423361121548,0.21664759077820828,0.2166476456702519,454.49032346737545,455.13068722081834,-0.1406988742844728,1.5865410474648465,0.21664759078241763,0.14334358703492892,0.3786074312991346,0.21664753590934202,0.14334356233035084,0.3786073986735479,0.03633111042346114,0.9379135122182437,0.9015824017947826,0.2000000000000001,0.19999994770499233,363.59228254147536,90.89804092590015,-5.9811515118468606e-05,1.964117757324857e-09,0.9190382996607506,0.919038220464835,0.9207425839824945,78.52903850796798,12.73414292342997,55.00555623545711,18.17998159530274,69.07730900432873,14.476533820061448
-173.1122262194,0.0009566352473055576,0.022775566056759487,0.9176480519065071,0.8948724858497477,1.04011902024e-46,0.999387612538,355.98245923554634,98.45216692359996,0.21664759077826368,0.21664764741100628,454.4346261591463,455.0749114368587,-0.1406988743217652,1.5865410474639383,0.21664759078248386,0.14291480933475392,0.3780407508916915,0.21664753416986277,0.14291478395263174,0.3780407173210734,0.036670543300200094,0.9365557807116209,0.8998852374114208,0.19999999999999993,0.19999994609195462,363.5477254249995,90.88690073414682,-5.9811572361567755e-05,1.9946932994230337e-09,0.917662729729858,0.9176626482399567,0.919009351926646,77.28813713003221,12.93859623395458,54.2372545396281,18.437511420666702,68.33813830878339,14.63311738873448
-172.9023718507,0.0009857816874027769,0.02320842386274202,0.9160829131824444,0.8928744893197024,2.71828711705e-46,0.999314338392,355.93468676958014,98.43895474761959,0.21664759077776152,0.2166476507403381,454.37364151719976,455.0138408690821,-0.1406988742715165,1.5865410474647752,0.21664759078198864,0.1424667402190395,0.3774476655366138,0.2166475308407789,0.14246671346788553,0.3774476300997074,0.037026789459196796,0.9351307960731615,0.8981040066139647,0.20000000000000046,0.19999994300335316,363.4989391115338,90.87470240566597,-5.9811519614871855e-05,1.7661205831132065e-09,0.9162230639673187,0.9162229779471565,0.9171902669003035,76.03762363842306,13.15138417206773,53.47078529247493,18.701801264563294,67.58522960355394,14.796132318642229
-172.6778270679,0.001016968462791665,0.023662927182589135,0.9144395034576864,0.8907765762750973,8.30778009832e-46,0.999229532921,355.8819805021537,98.42437805713705,0.21664759077830922,0.2166476552305343,454.3063585592908,454.9464631114973,-0.14069887428702632,1.5865410474640356,0.21664759078258305,0.1419956729560724,0.3768231321934369,0.21664752635433984,0.1419956443422137,0.3768230942262081,0.03740292965155765,0.9336262353066864,0.8962233056551288,0.19999999999999965,0.19999993883830897,363.44511463357776,90.86124392571303,-5.981156623313666e-05,2.040478896958575e-09,0.9147070608085184,0.9147069686462074,0.9152695977999641,74.77567800299468,13.373332435179673,52.70310391217313,18.974214529498035,66.8170854828435,14.966231956596912
-172.4409312703,0.0010498706569027762,0.024133214690165952,0.9127390215997709,0.888605806909605,3.27577144355e-45,0.999132659669,355.82459353003276,98.40850684873594,0.21664759077811946,0.21664765967908084,454.2331003787687,454.8731017124239,-0.14069887431149564,1.5865410474628063,0.21664759078254592,0.14150756736381018,0.3761749159152032,0.21664752190857803,0.1415075369253357,0.37617487545732725,0.037794323952719505,0.9320606581018577,0.8942663341491381,0.20000000000000007,0.19999993469651103,363.3865099660212,90.84659041274749,-5.981164371560155e-05,2.0233370534583628e-09,0.9131335692790042,0.9131334710708527,0.9132710372716986,73.54759614851633,13.596637447955162,51.95893740674402,19.245967102287292,66.06142408041103,15.137427234126589
-172.2062836158,0.0010824606089166662,0.02459024666224844,0.9110864563981084,0.88649620973586,1.68525410747e-44,0.99902905121,355.7659476088815,98.39228745969938,0.2166475907782262,0.2166476668550091,454.1582350685809,454.7981309189149,-0.14069887425463,1.5865410474653578,0.21664759078241932,0.1410325592452995,0.37554301916731125,0.21664751473555074,0.14103252581246883,0.37554297465465764,0.038176757282040064,0.9305309247839402,0.8923541675019001,0.20000000000000007,0.19999992801644886,363.3266207467872,90.83161432179364,-5.98114828886942e-05,1.964917117902587e-09,0.9115996920628306,0.9115995840120409,0.9113182337827681,72.42108320229401,13.808133706129432,51.27618668652789,19.502230267500295,65.36127561590912,15.299579002656385
-171.9959643439,0.001111671618902778,0.024992911004512775,0.9096304784044352,0.8846375673999225,8.26695961076e-44,0.998929640819,355.7118564982516,98.3773277701543,0.2166475907781252,0.2166476728931899,454.0891842684059,454.72898282846734,-0.1406988743232862,1.5865410474623074,0.2166475907825886,0.1406135517583551,0.3749847353671281,0.21664750869352678,0.14061351584564308,0.37498468748155983,0.03851532481640622,0.9291766546473158,0.8906613298309096,0.19999999999999968,0.19999992242015185,363.27138264289476,90.81780162551122,-5.9811675157117605e-05,2.0430546143757056e-09,0.9102445042032371,0.9102443879649753,0.9095894203893968,71.38281741607777,14.008973534501692,50.64896595841051,19.743739700848625,64.70952061497644,15.453676530073983
-171.7975717108,0.0011392261512777758,0.02536689312386433,0.9082782134877571,0.8829113203638927,3.20197231721e-43,0.998830011667,355.65951074289,98.36285078432635,0.21664759077825732,0.21664767803632606,454.02236152721633,454.6620659358786,-0.14069887430470107,1.5865410474616795,0.21664759078279378,0.1402239164736414,0.3744648401033686,0.21664750355155143,0.14022387847653267,0.37446478936814964,0.038831126452023794,0.9279134481058797,0.8890823216538559,0.20000000000000004,0.19999991767057113,363.2179266011748,90.80443492604154,-5.981171473656843e-05,2.1377566383762314e-09,0.9089825013482807,0.908982378192727,0.9079768555631805,70.42983336351767,14.198528553071878,50.07909823937977,19.96841067744404,64.10516109952923,15.599368020422052
-171.5979960409,0.0011669449943194445,0.02573754364696195,0.906938004707133,0.8812004610601711,9.39691580542e-43,0.998723866027,355.60555777130986,98.3479292992117,0.21664759077824502,0.2166476810612688,453.9534870705216,454.59309443698305,-0.1406988742874815,1.5865410474621529,0.21664759078277046,0.13983725446770107,0.37394819757247266,0.21664750052832688,0.13983721530987425,0.3739481452151812,0.03914538550392484,0.9266564118981493,0.8875110263942244,0.20000000000000046,0.19999991487326174,363.16282829999693,90.79065877052464,-5.981168490487576e-05,2.1269874750373674e-09,0.9077283942339598,0.9077282671409589,0.9063721675671942,69.51413151870518,14.385564174543637,49.53597321370798,20.187349417478934,63.51868896130232,15.743397988098165
-171.3900625935,0.001195824639791666,0.026117980839165753,0.9055624040611755,0.8794444232220098,2.99854080618e-42,0.99860679439,355.5479635616567,98.33200077637362,0.21664759077829698,0.21664768523749284,453.8799643380303,454.51946811301826,-0.14069887427330396,1.586541047460424,0.2166475907830497,0.13943983611282745,0.37341643792531076,0.2166474963536227,0.13943979531625944,0.3734163832992059,0.039469239912467924,0.9253609942653782,0.8858917543529103,0.1999999999999998,0.19999991100820838,363.10401186201545,90.77595247601485,-5.981179387326563e-05,2.255884368196348e-09,0.9064375915672531,0.906437458966895,0.9047184832001057,68.60415593648379,14.576376406785561,48.99884196545893,20.40864559013326,62.930191759264524,15.890623753784778
-171.1707960605,0.0012262783249305542,0.02651305612418214,0.9041338696379783,0.8776208135137962,9.86558931622e-42,0.99847602901,355.48570255876393,98.31478158337134,0.21664759077819337,0.21664769060463152,453.80048414213525,454.4398759319582,-0.14069887430360195,1.586541047457865,0.2166475907832656,0.13902652598541254,0.3728626100662448,0.2166474909887429,0.1390264830615559,0.3728625525063571,0.03980691770890138,0.9240102830807254,0.884203365371824,0.19999999999999993,0.19999990602860906,363.0404299579709,90.76005418416435,-5.9811955166466646e-05,2.355537986886702e-09,0.9050932201370512,0.9050930804151771,0.9029942130389775,67.69587962326929,14.771947798965703,48.463880313539356,20.633923522641044,62.33708350968715,16.041815620786952
-170.9428353559,0.0012579395339027775,0.026917449647981945,0.9026716413260082,0.8757541916780263,3.22469925461e-41,0.99833199807,355.4193098797014,98.2964197147699,0.21664759077809956,0.21664769620787472,453.7157295944713,454.35500196755623,-0.14069887429798422,1.5865410474571695,0.21664759078334855,0.13860283877100535,0.37229402193831335,0.21664748538884893,0.1386027936404403,0.372293961326853,0.04015395886332621,0.9226221184634423,0.8824681596001162,0.19999999999999998,0.19999990081530925,362.97262867723134,90.74310091723993,-5.981199899807166e-05,2.3938184767757775e-09,0.9037130193720837,0.9037128722427689,0.9012221311496205,66.8193162439355,14.965732309341906,47.9469058995698,20.856403165923005,61.75936501763802,16.191876320528998
-170.7205684862,0.001288809932472223,0.027305829783883826,0.9012673135976791,0.8739614838137952,7.09490885944e-41,0.998183592131,355.3529429963982,98.27806498038522,0.21664759077804274,0.21664770191506388,453.6310079767834,454.2701609795138,-0.14069887428930228,1.5865410474569464,0.2166475907833125,0.13819536261274684,0.3717463686611435,0.2166474796849453,0.138195315246455,0.37174630495333105,0.040488543855357245,0.921283778495132,0.8807952346397747,0.20000000000000023,0.1999998955118231,362.9048537805038,90.72615419627967,-5.981201306459738e-05,2.3771873358668927e-09,0.9023836362299548,0.9023834815845008,0.8995136536463693,65.98216959484836,15.15560955543475,47.452418234352194,21.073741596504576,61.20260025632479,16.3391750646519
-170.5063314798,0.0013185650722500005,0.027674881848975867,0.899932875038767,0.8722579931897911,1.20449651483e-40,0.998033008869,355.2874479845887,98.25995137495562,0.2166475907781828,0.2166477069940471,453.5473993595444,454.1864345601597,-0.14069887429247752,1.586541047456105,0.21664759078354615,0.13780765540461598,0.37122453502511926,0.21664747461055617,0.13780760607879047,0.371224468588468,0.04080761457379635,0.9200074956225464,0.87919988104875,0.19999999999999998,0.1999998908061406,362.83796901222644,90.70943034731792,-5.9812066099951267e-05,2.4850344004789804e-09,0.9011169281362655,0.9011167668667804,0.8978843960379225,65.19502969370238,15.338592599745324,46.98819509226006,21.281941092577124,60.67427373313393,16.481449854650748
-170.2962518055,0.0013477428047916676,0.028031899470238087,0.8986419517740883,0.8706100523038502,2.01777077086e-40,0.997878055063,355.22176933829445,98.24178698256817,0.21664759077806478,0.21664771179724876,453.4635563208626,454.1024733890136,-0.14069887428330707,1.5865410474548474,0.21664759078362103,0.13743211093770008,0.3707183714596568,0.2166474698090328,0.13743205978162717,0.3707183024637807,0.04111731256820509,0.9187687036452924,0.8776513910770873,0.19999999999999987,0.19999988635387886,362.77089659106434,90.69265972979827,-5.9812145369875225e-05,2.5195845410053153e-09,0.8998882578458894,0.8998880903640972,0.8963029979816368,64.44771331592355,15.516454324732775,46.548579305461566,21.482932775193625,60.16813467717974,16.62009310019835
-170.0855966326,0.0013770004676944463,0.028385209801606612,0.8973644331473991,0.8689792233457925,3.39109380453e-40,0.997715323743,355.1544643210931,98.22317279351967,0.2166475907780363,0.216647716632964,453.3776371146127,454.01643312534827,-0.1406988743421156,1.5865410474526116,0.21664759078379772,0.13705999397769453,0.3702161449446722,0.21664746497564122,0.13705994099171703,0.3702160733837971,0.04142477333232318,0.9175388605896957,0.8761140872573725,0.2000000000000002,0.19999988187447354,362.7021632471623,90.67547386745046,-5.981228629048374e-05,2.6011415243942793e-09,0.8986691444206928,0.8986689707125771,0.8947330238023353,63.725973247368685,15.692188742543703,46.124842019937866,21.680291058075415,59.67499918873731,16.75743634008685
-169.8711365617,0.001406786588652776,0.028740245109005167,0.8960806753965734,0.8673404302875682,5.78715497676e-40,0.997542002422,355.08445551993407,98.20381083348794,0.21664759077818244,0.216647721896792,453.28826635342205,453.92693644310776,-0.1406988742924664,1.5865410474538002,0.21664759078389456,0.13668558470715841,0.36971013606223785,0.21664745971531874,0.13668552972941725,0.3697100617097366,0.041734694285973935,0.9162991767755738,0.8745644824895998,0.2000000000000002,0.19999987699675706,362.63066883866435,90.65759751475765,-5.981221137263404e-05,2.645839103365688e-09,0.8974408496106042,0.8974406691260464,0.8931504872585981,63.019818513303434,15.868024116713393,45.710607839852386,21.87676006198629,59.18833994057021,16.895219582169045
-169.651464271,0.0014372966290277765,0.029099210199352906,0.894782705717431,0.8656834955180781,1.01244498074e-39,0.997356396068,355.0111884083096,98.18354773976665,0.2166475907780321,0.2166477277374211,453.19473614807623,453.8332744564291,-0.14069887429865036,1.586541047452279,0.21664759078396015,0.13630655007379272,0.36919716964488325,0.2166474538796508,0.13630649288336752,0.3691970921924596,0.04204899918607011,0.9150419571755165,0.8729929579894464,0.20000000000000012,0.19999987157831814,362.55584711849116,90.63888902958503,-5.9812307251494445e-05,2.6761259874774623e-09,0.8961956659585798,0.8961954779492162,0.8915455651503332,62.325976727574165,16.044674347760065,45.3034935766651,22.073352870849668,58.70608696615336,17.034008766016786
-169.4271344009,0.0014684535554305553,0.029461059435575605,0.8934743047691407,0.864013245333565,1.83069519533e-39,0.997158373097,354.93474164750245,98.16240526765097,0.21664759077821513,0.21664773418510824,453.0971469151534,453.7355477230921,-0.14069887429852823,1.5865410474524662,0.21664759078406554,0.13592398940659495,0.3686787075579426,0.21664744743756018,0.13592392977453893,0.36867862668527307,0.042366773731152024,0.913770858995722,0.8714040852645699,0.19999999999999984,0.1999998655993046,362.4777784286943,90.61936848645905,-5.9812295449823694e-05,2.7247759604165367e-09,0.8949371420220962,0.894936945710368,0.8899229261376264,61.647494758643084,16.221259337708908,44.9048915660264,22.26928882635512,58.230558685918396,17.173113611939723
-169.2008078779,0.0014998877947361125,0.029821474055585856,0.8921710893138718,0.8623496152582859,3.44312643599e-39,0.996949875377,354.85594894697175,98.14061399142649,0.21664759077823814,0.21664774101809625,452.9965629383982,453.63482202636334,-0.14069887428705963,1.5865410474530048,0.21664759078403756,0.135542479743568,0.3681609427187626,0.2166474406098337,0.1355424175324613,0.3681608582297435,0.04268420363750565,0.9125011393701582,0.8698169357326525,0.20000000000000015,0.19999985925612282,362.3973141072111,90.59924883118703,-5.98122614992036e-05,2.7118529644099e-09,0.8936803105970201,0.8936801055069016,0.8883020469387033,60.99050524901992,16.39599468666591,44.518168379827124,22.462739065723515,57.76633148799643,17.311121794324006
-168.9759149191,0.001531122927902777,0.030175150843910172,0.8908922364142206,0.8607170855703103,6.76673581372e-39,0.996734019394,354.7759980261558,98.11850239235191,0.21664759077816848,0.216647747860434,452.89450041850773,453.53261570333757,-0.1406988742893911,1.5865410474534272,0.2166475907839362,0.13516766579951972,0.3676515548716199,0.21664743377432405,0.13516760102336195,0.3676514667771121,0.042996560955457425,0.9112517100978538,0.8682551491423963,0.1999999999999997,0.19999985290686112,362.31566695247983,90.5788334660279,-5.981223487605547e-05,2.6650681661521958e-09,0.8924438136289086,0.8924435997867637,0.8867070696877287,60.36004696415773,16.567250197697955,44.14634374490807,22.65193253100019,57.317292641654525,17.446741705892514
-168.7543245092,0.0015618993737222238,0.03051944737353391,0.8896473025261538,0.8591278551526198,1.39380386014e-38,0.996512862487,354.6956051110092,98.09626855311343,0.21664759077783372,0.21664775427891528,452.79187366412265,453.42984435088295,-0.14069887430405714,1.5865410474529473,0.21664759078359394,0.13480238967307667,0.36715444934397384,0.2166474273624761,0.13480232252070995,0.3671543578942104,0.04330143037000826,0.9100322324379341,0.8667308020679259,0.19999999999999987,0.19999984695043632,362.2335682308968,90.55830543322581,-5.981226512963289e-05,2.507083429748036e-09,0.8912371309779311,0.8912369089911801,0.8851503276068717,59.757030079157005,16.734432729929054,43.79023774009094,22.836140007627264,56.88443168856729,17.57950234037376
-168.535205019,0.0015923326362500014,0.030855953720551024,0.8884305361570399,0.8575745824364889,3.00908845364e-38,0.996285888555,354.6145310096717,98.07384632222409,0.21664759077814727,0.21664776073160413,452.6883773318958,453.3262021953183,-0.140698874305889,1.586541047452418,0.21664759078401985,0.13444500105941265,0.36666742568629224,0.21664742091799066,0.1344449315333241,0.36666733087817366,0.04360014150463928,0.908837387901544,0.8652372463969047,0.2,0.19999984097133774,362.1507738559437,90.53760347595211,-5.981229849183478e-05,2.7036817229486587e-09,0.8900549212344129,0.8900546910955318,0.8836250312999339,59.17878322478173,16.89794797236114,43.44850176422833,23.015753349251547,56.46614898003969,17.709725526943437
-168.3166250308,0.001622690967944445,0.03118784008019058,0.8872304734037904,0.8560426333235998,6.76237576693e-38,0.996051254658,354.53209327720856,98.05104695883936,0.2166475907779069,0.21664776746415704,452.58314023604794,453.2208168234196,-0.14069887430173678,1.5865410474525095,0.21664759078377105,0.13409215916097594,0.3661859625394943,0.21664741419292405,0.1340920871650746,0.36618586423437294,0.04389544993304506,0.9076561541866768,0.8637607042536317,0.2000000000000004,0.19999983472955646,362.06658698745474,90.51655324859325,-5.981229272977728e-05,2.5888402532814325e-09,0.8888862091722535,0.8888859705446868,0.8821171100875745,58.62723748989269,17.05691829966233,43.122032471437954,23.19000155343684,56.064235299033705,17.83668313080934
-168.101492979,0.0016525704195833335,0.03151091957904341,0.8860622547600324,0.854551335180989,1.32609798571e-37,0.995812332617,354.44943112527403,98.02818552924188,0.21664759077815376,0.21664777411978814,452.4776166545158,453.11514456220425,-0.14069887430144812,1.586541047452348,0.2166475907839514,0.1337483501080811,0.3657162152654447,0.21664740754225947,0.13374827569113,0.36571611352404204,0.04418356907332145,0.9065036776264732,0.8623201085531518,0.19999999999999998,0.19999982855589288,361.9821708982337,90.4954457562822,-5.981230289942019e-05,2.6720847756678268e-09,0.8877459364244855,0.8877456894556295,0.8806458992419619,58.0982464424163,17.212223453097565,42.8082857575973,23.35996366830754,55.67603326686525,17.961049689133205
-167.8893847004,0.001682029902722222,0.031826095478187516,0.8849226133145793,0.8530965178363918,2.64458780675e-37,0.995569023097,354.3664496417503,98.00523578362633,0.21664759077807774,0.2166477808993808,452.37168542537665,453.0090640789364,-0.14069887428315164,1.58654104745294,0.21664759078388657,0.13341264543243256,0.36525695808900416,0.21664740076860858,0.13341256855929975,0.3652568528574101,0.04446523920177982,0.9053769971123119,0.8609117579105321,0.2000000000000002,0.19999982227834856,361.8974287365443,90.47425668883234,-5.981226558482433e-05,2.6421531629239325e-09,0.8866311275231002,0.8866308720820926,0.8792076187173448,57.58673246400846,17.365110976299913,42.504712188381134,23.526803229909994,55.298017090596495,18.083831077734093
-167.6755971857,0.0017117226130972205,0.032140478258677545,0.8837858377852075,0.85164535952653,5.34941768094e-37,0.995316000005,354.2813227533768,97.98169269495743,0.21664759077818227,0.21664778807667404,452.2630154483342,452.9002409890196,-0.14069887428054262,1.5865410474534618,0.21664759078391,0.1330774854755593,0.3647978693407615,0.21664739359751897,0.1330774060076731,0.3647977604203089,0.044746777088593113,0.9042508455651791,0.859504068476586,0.19999999999999993,0.1999998156326201,361.8104957412146,90.45251970711965,-5.981223270001834e-05,2.6529667351837816e-09,0.8855167274672678,0.8855164630718604,0.8777700134532267,57.08787366675217,17.516854907531744,42.208552021753434,23.69188119707637,54.92679496474633,18.20605044663229
-167.4574985531,0.001742014089847221,0.0324578947192643,0.8826380908233961,0.8501801961041318,9.61367784678e-37,0.995049835057,354.1929391702815,97.95724891956023,0.21664759077816914,0.21664779575053783,452.15018808984166,452.7872546602371,-0.1406988743253068,1.5865410474525434,0.21664759078392773,0.13273879250319096,0.36433335354204255,0.21664738593253655,0.13273871026505263,0.3643332406809083,0.04503160161551675,0.9031115474575759,0.8580799458420592,0.1999999999999997,0.19999980852441177,361.7202370475966,90.4299510422451,-5.9812290587046846e-05,2.6611601811055152e-09,0.8843891536942033,0.8843888797331163,0.8763156257546515,56.596669117849416,17.668884328117123,41.916528286173026,23.856937606396883,54.55879968129205,18.32884898204414
-167.2348027059,0.0017729440686250007,0.03277865948056188,0.8814782334767456,0.8486995739961837,1.7050522977e-36,0.994769723038,354.1010873429719,97.93184595035953,0.21664759077810372,0.21664780421241356,452.03293329333144,452.669834654993,-0.1406988743013926,1.5865410474531378,0.21664759078387552,0.13239623074357842,0.3638629285095947,0.21664737748123863,0.13239614544780648,0.36386281130091663,0.04531999702090079,0.9019579658357766,0.8566379688148757,0.19999999999999993,0.19999980067737427,361.62643673505636,90.40649655827512,-5.9812253117019765e-05,2.6370683414711493e-09,0.8832472357438471,0.8832469512294563,0.8748430042267588,56.11301977821887,17.821175975778893,41.628320486867175,24.022107745506528,54.194088766579355,18.452196960209513
-167.0092801113,0.0018042666512083333,0.03310016187712303,0.8803157072408954,0.8472155453637723,2.93170746248e-36,0.994477535531,354.00641632885254,97.90566329387178,0.21664759077829396,0.21664781305614347,451.9120796227243,452.5488107051682,-0.14069887432732742,1.5865410474527368,0.216647590784024,0.13205259521417628,0.3633904170643143,0.2166473686501028,0.13205250673574723,0.3633902953241146,0.04560961048559502,0.9007995119777371,0.8551899014921421,0.20000000000000018,0.19999979247749805,361.5297574801049,90.38232214261943,-5.9812278396798035e-05,2.705591306551014e-09,0.8821002531984949,0.8820999576842091,0.8733641629740234,55.64019383888605,17.97261891099157,41.34573494528409,24.1862915563933,53.83527363854585,18.57518189122761
-166.7838163794,0.0018355810584166656,0.033418333423079684,0.8791652237012344,0.8457468902781548,4.2817444571e-36,0.994176933885,353.9101066720049,97.87902744663867,0.21664759077834495,0.21664782210614636,451.7891341186435,452.4256919742684,-0.14069887429405403,1.5865410474533892,0.2166475907840234,0.13171225142088455,0.36292182549536,0.21664735961011844,0.13171215970469877,0.36292169913729155,0.045896754303026664,0.8996509367080124,0.8537541824049858,0.20000000000000004,0.19999978408778898,361.43140484170567,90.35772927693785,-5.98122372741372e-05,2.705324853025104e-09,0.8809627858294858,0.8809624791057047,0.8718979323781846,55.183602116907366,18.12132520601833,41.07198045916292,24.347498923123045,53.48665943852197,18.696250812773393
-166.5620067123,0.0018663879566250014,0.033728281599911654,0.8780444789328549,0.8443161973329432,6.24986541541e-36,0.993873009114,353.813734681578,97.85237436004984,0.2166475907782385,0.21664783012006042,451.66610904162786,452.3024935583441,-0.140698874266576,1.5865410474554893,0.21664759078371237,0.1313804617056546,0.3624644281935189,0.21664735160713827,0.13138036717458987,0.36246429779302386,0.04617696863878168,0.898530079363436,0.8523531107246543,0.2,0.19999977665418353,361.3329881110382,90.33312093058969,-5.981210490224598e-05,2.5617508114805787e-09,0.8798524916202278,0.8798521750837898,0.8704670855063678,54.7484678658213,18.2653513236356,40.810244437272125,24.50365132061539,53.15248609502941,18.813795430229476
-166.3470550886,0.0018962423488055554,0.03402583255418522,0.8769685611336299,0.8429427285794446,9.04326966321e-36,0.993570814207,353.7188060482506,97.82612045491655,0.2166475907779475,0.21664783787198744,451.5449265031671,452.18114027747293,-0.14069887433062478,1.5865410474539408,0.2166475907835435,0.13106172893520326,0.36202448665139114,0.21664734386471216,0.13106163170459442,0.3620243523640287,0.046446419332136474,0.8974522765891751,0.8510058572570387,0.2000000000000001,0.19999976946971254,361.2360452973154,90.30888120585173,-5.98122025130543e-05,2.4838131551518927e-09,0.878784569827357,0.878784243855869,0.8690912005771785,54.33681356673937,18.40372915448468,40.561959280925265,24.653641434679454,52.83457230248773,18.92700094693328
-166.1394083587,0.0019250821724027783,0.03431071303117828,0.8759384586684984,0.8416277456373201,1.28787543149e-35,0.993271794049,353.62566721503225,97.80036154554148,0.21664759077818396,0.21664784528930373,451.42602876057373,452.06207501124055,-0.14069887429750683,1.5865410474522885,0.21664759078399792,0.13075637997231102,0.36160251654587666,0.21664733645557757,0.1307562801843478,0.3616023785656668,0.046704793484072436,0.8964187799836971,0.8497139864996247,0.2000000000000001,0.19999976260068317,361.14093017668984,90.28509858388392,-5.981230665197401e-05,2.6935564889640773e-09,0.877760272213998,0.8777599372784275,0.8677718753363742,53.94220056509335,18.538361237103704,40.323765924904116,24.799271026975088,52.52813107948909,19.03741822618309
-165.9324167326,0.0019538310093611126,0.03459224399861144,0.8749204685141154,0.8403282245155039,1.8158307639e-35,0.992966811097,353.5314172357325,97.77429533234672,0.21664759077827433,0.21664785244726767,451.30571256807923,451.9415892966919,-0.14069887429529748,1.5865410474508417,0.21664759078429952,0.13045443935971443,0.3611847717716161,0.2166473293028802,0.13045433713361954,0.3611846302566314,0.04696050413063295,0.8953959373989675,0.8484354332683346,0.2000000000000001,0.1999997559804694,361.0446801818715,90.26103238620772,-5.9812397845693255e-05,2.8327562517915794e-09,0.8767462312436155,0.8767458877276707,0.8664661506421103,53.55854538418525,18.671156821508443,40.09225719746279,24.94247193603468,52.22855102086996,19.146615796413936
-165.7210347038,0.001983189624472222,0.03487727517611649,0.8738898200725296,0.8390125448964131,2.55133496898e-35,0.992648291552,353.4337201971724,97.74727578430107,0.21664759077821352,0.21664786009828585,451.1809959814734,451.8166969879801,-0.14069887428784789,1.5865410474495738,0.21664759078449425,0.1301485615493361,0.36076108652311173,0.2166473216606219,0.13014845671502162,0.3607609412270425,0.04721976561470608,0.8943588914636466,0.8471391258489405,0.1999999999999999,0.19999974889080618,360.94491008087493,90.23608590059852,-5.981247775954657e-05,2.922639907865232e-09,0.8757177702621691,0.8757174175679536,0.865142294452601,53.17881279386963,18.80448147415729,39.8629139055271,25.08597345316864,51.93044459938686,19.256526835354823
-165.5034477218,0.0020134100386388887,0.035168127999341776,0.872838118590866,0.8376699905915242,3.58945880631e-35,0.992313040924,353.3316268490648,97.71904037237061,0.21664759077808252,0.21664786844456874,451.05066722143545,451.6861845984115,-0.14069887427287098,1.5865410474476935,0.21664759078470908,0.12983625176661587,0.36032797805140787,0.216647313328094,0.1298361440812923,0.3603278286245628,0.04748469878117804,0.893299158798833,0.845814460017655,0.20000000000000018,0.19999974115526234,360.84065052923995,90.21001669219547,-5.9812596275854446e-05,3.021805028424751e-09,0.8746664351839389,0.8746660724626061,0.8637894771860006,52.80085058567932,18.939088838679062,39.63413360858502,25.230777336416743,51.632198948992745,19.367759273392487
-165.2808723719,0.002044323281680557,0.035463049092458274,0.8717717040633642,0.836308654970906,5.07150899139e-35,0.991962464537,353.22558829736556,97.68971385678239,0.2166475907783378,0.21664787744758682,450.9153021541479,451.55062880578083,-0.1406988743019033,1.586541047444919,0.21664759078520385,0.12951939264096407,0.3598880279211356,0.21664730433897683,0.12951928188178388,0.3598878740410461,0.047753715500826105,0.8922230919227203,0.8444693764218942,0.19999999999999976,0.19999973280906125,360.73236220380124,90.18293995034671,-5.9812771147083055e-05,3.2501779045901458e-09,0.8735984925440559,0.8735981190128396,0.8624158082421882,52.427250518783936,19.07405004276763,39.407268981499264,25.376028987684357,51.335934791032884,19.479532301702143
-165.0568992276,0.0020754306628333317,0.035757243810341684,0.8707079145451747,0.834950670734833,7.20158218544e-35,0.991602016031,353.1172453726949,97.65975003288112,0.21664759077826065,0.21664788675798738,450.77699540557603,451.41212718693555,-0.14069887428976857,1.5865410474430581,0.21664759078538665,0.12920314431491664,0.3594483889446671,0.21664729504373653,0.12920303038750808,0.3594482304692959,0.04802243776284994,0.8911482028755298,0.8431257651126798,0.20000000000000026,0.19999972417303058,360.62172066091335,90.15527474466268,-5.9812888442145606e-05,3.3345548544616577e-09,0.8725313052043573,0.8725309205184739,0.8610436428735525,52.06246714848808,19.207695193312414,39.18495548909532,25.519998364634798,51.04527250264924,19.590452768140285
-164.835330427,0.002106204107361111,0.036045806695493,0.8696644878832513,0.8336186811877584,1.02707211249e-34,0.991237997917,353.0084479949689,97.62966052329956,0.21664759077813708,0.21664789621092054,450.6381085182685,451.2730446119646,-0.14069887427955452,1.5865410474425705,0.2166475907853746,0.12889279666428177,0.3590164295185971,0.2166472856024688,0.12889267953698422,0.35901626639608436,0.04828636288655416,0.890092502380659,0.8418061394941048,0.20000000000000012,0.19999971541137646,360.51061506109386,90.12749345717468,-5.981291917311893e-05,3.329003739338532e-09,0.8714827593395928,0.8714823633731568,0.8596959729328821,51.710293952475034,19.338509290221054,38.96962711932747,25.66101022568003,50.763350981262576,19.699251146148985
-164.6181324899,0.002136370487513888,0.03632635207245322,0.8686500539350339,0.8323237018625806,1.46909754151e-34,0.990874099605,352.9002350597998,97.5997326498877,0.216647590778038,0.21664790499825842,450.49996770968744,451.13470916703386,-0.14069887429375427,1.5865410474419912,0.21664759078532403,0.1285909355064214,0.3585957828899015,0.21664727682843904,0.12859081544619566,0.35859561548657515,0.04854327528751512,0.8890648527765597,0.8405215774890445,0.19999999999999987,0.1999997072649222,360.40010604489305,90.09986166479439,-5.981295568835421e-05,3.305666851360911e-09,0.8704616743570085,0.8704612679992504,0.8583841117680342,51.37059680831903,19.466388598352015,38.76147340991359,25.79881289404858,50.490171057880055,19.80583505755283
-164.4032737304,0.0021662119818888883,0.03660166157670548,0.8676545529353392,0.8310528913586337,2.11130912193e-34,0.990507340436,352.791665920328,97.5697062630407,0.2166475907780881,0.21664791354329765,450.3613721833687,450.99591836359934,-0.14069887428981298,1.5865410474427435,0.21664759078531814,0.12829458153895038,0.3581823300205503,0.2166472682987166,0.12829445865362235,0.3581821584803218,0.04879569308043914,0.888055181604837,0.8392594885243978,0.20000000000000026,0.19999969934861536,360.2892331484651,90.07213903490361,-5.9812908270728826e-05,3.3029357027203332e-09,0.8694580516316579,0.8694576352319113,0.8570952012344975,51.04155758307381,19.591878605436914,38.55958066698839,25.933891984881452,50.22436173866893,19.910656211088813
-164.1881051853,0.0021960965020416663,0.03687520770494225,0.8666654270637726,0.8297902193588303,3.05541056474e-34,0.990133391827,352.68142328245244,97.53921704569174,0.21664759077815737,0.21664792227391233,450.22064032814416,450.8549882213742,-0.14069887431711336,1.5865410474425856,0.21664759078529924,0.12800000502992262,0.35777088342949687,0.2166472595803106,0.1279998792716677,0.3577707076769529,0.04904678240093651,0.8870508243227537,0.8380040419218172,0.19999999999999987,0.19999969125633876,360.1766512652842,90.04398906285996,-5.981291822942936e-05,3.2942093497467795e-09,0.8684592989813325,0.8684588723565375,0.8558130742246857,50.722367461612244,19.71516808155339,38.36335472259151,26.06654207461991,49.96539214000242,20.01385273226741
-163.9736641348,0.002225879981277777,0.03714572893800032,0.865687239167553,0.8285415102295527,4.43473226826e-34,0.989754194219,352.5700427254456,97.5084131201988,0.2166475907783499,0.2166479308807874,450.0784558456444,450.7126034049325,-0.14069887429316585,1.5865410474414718,0.21664759078567383,0.12770857479313197,0.3573633652084835,0.2166472509890892,0.12770844622563102,0.357363185325001,0.04929537059303545,0.8860564715562282,0.8367611009631928,0.2000000000000001,0.1999996832822257,360.06290722436233,90.0155486212821,-5.9812988428831204e-05,3.4671154836019014e-09,0.8674700821251398,0.8674696454728325,0.8545437186253491,50.40940777432336,19.837566917605447,38.170550341618586,26.198207546137148,49.710408598356445,20.116511374502412
-163.7580647251,0.0022558243437361095,0.03741564233341272,0.8647112491839449,0.8272956068505322,6.46812121788e-34,0.989366500331,352.45653988505,97.47702224586037,0.2166475907780779,0.2166479394675172,449.93356213091045,450.5675055392974,-0.1406988743292037,1.5865410474397008,0.21664759078561902,0.12741769338136238,0.3569561505022184,0.21664724241886876,0.12741756203197188,0.3569559665168407,0.04954366717885298,0.8850632852126863,0.8355196180338333,0.19999999999999982,0.19999967532042312,359.94699578896694,89.9865663419435,-5.98131000506541e-05,3.4418246031009403e-09,0.8664816020259548,0.8664811554166354,0.8532758520409159,50.10215561900182,19.959221068339392,37.980918935756,26.329010145633415,49.459032977541995,20.21875357842263
-163.54026565,0.0022860742152777764,0.037686247547502064,0.863732756029703,0.826046508482201,9.49443459758e-34,0.988968403303,352.3403305807534,97.44488285947838,0.216647590778186,0.216647948422883,449.7852134402318,450.4189478294104,-0.14069887428860284,1.58654104743931,0.21664759078580198,0.12712596484692945,0.356547282764754,0.21664723348090192,0.127125830601846,0.3565470945076485,0.04979286210143395,0.8840665055232786,0.8342736434218446,0.2,0.19999966701401747,359.8283205243566,89.95689291587514,-5.9813124686503016e-05,3.5262681663539297e-09,0.8654891093299292,0.865488652351343,0.852003398317845,49.799533391115254,20.08050943261268,37.79372287166577,26.459420348602578,49.21045149787619,20.320886510117827
-163.3204240369,0.0023166077726527786,0.03795733545983044,0.8627525160486837,0.8247951805888533,1.40311813471e-33,0.988560129751,352.2214528772613,97.41200548835101,0.21664759077858034,0.21664795770286976,449.6334583656123,450.2669789363114,-0.14069887429801753,1.586541047440664,0.21664759078590906,0.12683362013813726,0.35613708054362614,0.21664722422019017,0.12683348290103402,0.35613688786902437,0.050042758282332706,0.8830669208002162,0.8330241625178835,0.20000000000000032,0.19999965841201783,359.7069202818756,89.9265380837367,-5.9813039343659113e-05,3.5756952954102417e-09,0.8644933772849219,0.864492909583228,0.8507273637880451,49.50175933549688,20.20130220468582,37.60903500627545,26.589355452303945,48.96490255990655,20.422791585800482
-163.0996192721,0.0023472751010972224,0.038227579799146955,0.8617753248027212,0.8235477450035743,2.08578624224e-33,0.988143689158,352.1004576522182,97.37854248527994,0.2166475907784152,0.21664796729415353,449.4790001374982,450.11230308087073,-0.14069887426710892,1.586541047441467,0.21664759078579163,0.12654209651392592,0.3557275593961282,0.21664721464516773,0.1265419561937908,0.3557273621662955,0.05029212645590563,0.882069448105334,0.8317773216494284,0.2,0.1999996495176699,359.58335764444587,89.89564249305235,-5.981298873969365e-05,3.5214942073480415e-09,0.8634992984899544,0.8634988197308133,0.8494540253990627,49.2098142309916,20.32114966551154,37.42744057304327,26.718364512486588,48.72325218845206,20.524081523380143
-162.8791482372,0.002377896078166665,0.038495430461841694,0.8608067876980422,0.8223113572362005,3.11394063913e-33,0.987721640476,351.9780484084999,97.34468841455721,0.21664759077814366,0.21664797707812447,449.3227368230571,449.9558195960337,-0.14069887429059014,1.5865410474415012,0.2166475907854968,0.12625307459406862,0.35532108661613176,0.21664720487656988,0.12625293114234307,0.35532088475396867,0.050539525811639015,0.8810798506809338,0.8305403248692947,0.2,0.1999996404480953,359.4583510132916,89.86438580976557,-5.981298657475875e-05,3.38540306898949e-09,0.8625126193555684,0.8625121293518275,0.8481907403022696,48.92454781518218,20.439637046367995,37.24951026032053,26.84599053816916,48.486269187973974,20.624395663917767
-162.6595980608,0.002408389158222223,0.038760234199596046,0.8598492674631095,0.8210890332635135,4.66403358479e-33,0.987295297985,351.85456441398037,97.31053710585702,0.21664759077806334,0.21664798690268613,449.16510151983744,449.79796218903704,-0.1406988742500448,1.5865410474422088,0.21664759078542267,0.12596726784301354,0.354918677788326,0.21664719507042443,0.12596712126421136,0.35491847129194526,0.05078434011845225,0.880100593453309,0.8293162533348568,0.20000000000000004,0.19999963134173152,359.3322468042985,89.8328547155389,-5.9812941977099854e-05,3.3511859953705425e-09,0.8615358051297988,0.8615353038768769,0.8469406551349524,48.6461963105123,20.556591796343653,37.07546337421146,26.97201623366814,48.25420709534948,20.72358163556635
-162.4407265543,0.0024387879785694446,0.03902234394644142,0.8589014879947678,0.8198791440483264,7.00614657471e-33,0.98686439086,351.72988643078645,97.27605558218862,0.21664759077815857,0.2166479967592567,449.0059420129751,449.6385784312765,-0.14069887430669947,1.5865410474418977,0.21664759078535836,0.12568430289002813,0.354519820165288,0.2166471852337707,0.12568415319276688,0.35451960903843793,0.05102688319021877,0.8791304211659172,0.8281035379756985,0.19999999999999993,0.1999996222079334,359.20492324126286,89.80101877171228,-5.981296158363847e-05,3.321498631692066e-09,0.8605676111605844,0.8605670986675803,0.8457021674812406,48.37425049909703,20.672154910568928,36.90503302105808,27.096575131890496,48.02669060226147,20.8217553085557
-162.2218546815,0.002469186849791668,0.03928261895405954,0.857960341881048,0.8186777229269885,1.05548165702e-32,0.986427741673,351.6036346509837,97.24113880197218,0.21664759077820517,0.21664800676389517,448.8447734529559,449.4771827893038,-0.1406988742839843,1.586541047442613,0.21664759078543325,0.12540325847989872,0.35412322499364357,0.21664717524997779,0.12540310563212725,0.3541230091820175,0.05126793982369658,0.8781661946323798,0.8268982548086832,0.2,0.1999996129354886,359.0759924942476,89.76878095870825,-5.981291650858367e-05,3.356070976678893e-09,0.8596049091054476,0.8596043852405363,0.844471269966583,48.10787823095356,20.786616179563293,36.73772171155347,27.2199786326302,47.80307135037182,20.91915794846144
-162.0023172108,0.0024996781651666685,0.03954187845852202,0.8570228666015441,0.8174809881430222,1.59445980035e-32,0.985984130805,351.47541783308156,97.20567856162629,0.21664759077818108,0.21664801698865988,448.6810963947078,449.3132751147955,-0.14069887428235228,1.5865410474441295,0.21664759078521026,0.12512325566170215,0.35372765747351753,0.2166471650466757,0.12512309960698656,0.3537274368874806,0.0515082607445746,0.877204910947753,0.8256966502031784,0.19999999999999998,0.1999996034609304,358.9450550353508,89.73604135935706,-5.981282091838125e-05,3.253153302296141e-09,0.8586447015895776,0.8586441661351779,0.8432441291892172,47.84638202212283,20.900221871271853,36.57309008877918,27.34250777204099,47.58281553501384,21.015990515822867
-161.7818087253,0.002530304343708332,0.039800499122199046,0.8560876998770854,0.8162872007548864,2.41393755027e-32,0.985533015634,351.34503955705657,97.16962053835759,0.21664759077816173,0.21664802750962744,448.5146600954141,449.1466043115566,-0.14069887428206362,1.5865410474440744,0.21664759078515325,0.12484389306187263,0.3533325530741155,0.2166471545487942,0.12484373371697188,0.3533323275854785,0.0517481887503157,0.876245198924505,0.8244970101741893,0.20000000000000018,0.19999959370891968,358.81191030383707,89.70274979157703,-5.9812824382277086e-05,3.226841016612525e-09,0.8576856182610519,0.8576850709059951,0.842018994739009,47.589868896389525,21.01287570632216,36.41117158530521,27.464098419826158,47.366070825763344,21.112158609873127
-161.5611343487,0.0025609535626805566,0.04005755971298795,0.8551581736238362,0.8151006139108482,3.65415163237e-32,0.98507614394,351.21296318415926,97.13309288158675,0.21664759077827828,0.2166480381278896,448.346056065746,448.9777627237429,-0.14069887429715155,1.5865410474435433,0.21664759078533324,0.12456617225303016,0.3529393322556019,0.21664714395866735,0.12456600960365113,0.35293910183436905,0.051986862101522646,0.8752905055205772,0.8233036434190546,0.20000000000000007,0.1999995838649914,358.67703142508674,89.6690246406593,-5.981285786660351e-05,3.309907903314979e-09,0.8567311071697142,0.8567305478411879,0.8408002668805524,47.33989659282234,21.123831524203617,36.252880184339276,27.58401525382763,47.15421824775168,21.207010468203027
-161.3430251251,0.002591246510402776,0.04030994476340916,0.8542455541126365,0.8139356093492273,5.49648207699e-32,0.98461940612,351.0808489447872,97.09655475209307,0.21664759077805543,0.2166480485342123,448.1774036968802,448.80887272854534,-0.14069887429498662,1.5865410474451065,0.21664759078494888,0.1242934675448886,0.3525527868913939,0.21664713357738727,0.12429330168650202,0.3525525516664175,0.05222137668044772,0.874352447202962,0.8221310705225143,0.19999999999999982,0.1999995742199403,358.5421137825059,89.63528991437435,-5.981275933431007e-05,3.132494263979879e-09,0.8557928001928953,0.8557922292036778,0.8396027747860759,47.09602998681397,21.233212232113445,36.0980073204703,27.702360164155774,46.94692941302534,21.300647614294277
-161.1266519948,0.0026212983340555556,0.04055869407983835,0.8533460813798546,0.8127873873000162,8.21561841213e-32,0.984161349366,350.9482406544029,97.0598799857968,0.2166475907782633,0.21664805878408705,448.0081206401997,448.6393511569144,-0.1406988742933435,1.5865410474453763,0.21664759078503207,0.12402466123387912,0.3521713520913919,0.21664712335334615,0.12402449224176279,0.3521711121624867,0.05245268607754165,0.8734272096149981,0.8209745235374565,0.20000000000000012,0.1999995647243823,358.4066915191712,89.60142912102849,-5.9812742325693335e-05,3.170885776171417e-09,0.8548668986890013,0.8548663162813849,0.838421649181362,46.858083730650286,21.341034894815625,35.94657484991891,27.819062154742564,46.74406922620924,21.393088290210375
-160.9103403646,0.0026513416160277793,0.04080578114198379,0.8524526194727398,0.811646838330756,1.2217809325e-31,0.983698616952,350.8141309209812,97.02278997313257,0.2166475907779666,0.21664806893326752,447.8369208941138,448.46791019530593,-0.1406988742889803,1.586541047446391,0.2166475907846977,0.12375762513063146,0.3517920197085651,0.21664711322889568,0.12375745306158362,0.3517917751477195,0.052682616541994666,0.8725074877555131,0.8198248712135184,0.1999999999999999,0.1999995553173783,358.26973586058716,89.56718503352668,-5.981267836574489e-05,3.0165647757485203e-09,0.8539461006293246,0.853945506978055,0.837247564761217,46.624755878356865,21.447833477326544,35.79776642153079,27.9347037528728,46.54456479326508,21.484785698215365
-160.6929694514,0.0026815320206388903,0.04105250320885066,0.8515604761381882,0.8105079729293375,1.80859410492e-31,0.983228907931,350.6778138864986,96.98508949925858,0.21664759077811102,0.21664807933501357,447.66290338575726,448.2936475012293,-0.14069887427310412,1.5865410474470747,0.21664759078480442,0.12349096109349511,0.35141280724170415,0.21664710285044184,0.12349078588305472,0.3514125579472861,0.052912370147033455,0.8715884733358926,0.8186761031888592,0.2,0.19999954567606137,358.13052609257926,89.53237729317802,-5.98126352779893e-05,3.0658142691208923e-09,0.8530255936557606,0.8530249885141344,0.8360743834332367,46.39502635035382,21.554034530521907,35.650896523223025,28.049785489927277,46.34758450994476,21.576097450891552
-160.4742341793,0.0027119119195416668,0.041299208895594006,0.8506683908646786,0.8093691819690846,2.66417709684e-31,0.982751619019,350.53907189459034,96.94671836787397,0.2166475907782719,0.21664808998914703,447.4857902624644,448.11628483076225,-0.1406988742968851,1.5865410474500419,0.21664759078440135,0.12322429674835675,0.3510331846825265,0.21664709221937664,0.12322411833235616,0.35103293055261375,0.053142267836640826,0.8706688825754453,0.8175266147388045,0.2000000000000001,0.19999953580385496,357.98883993115027,89.49695033131407,-5.98124482609208e-05,2.8797630946542085e-09,0.8521040912169353,0.8521034743375449,0.8349004663695779,46.16828704014442,21.659889593271597,35.505552880528725,28.164608599811462,46.15263162155404,21.667236837107755
-160.2540235796,0.0027424967250555573,0.04154602161810162,0.8497759171338323,0.8082298955157307,3.90680256754e-31,0.982266555473,350.39780356062255,96.90764853944775,0.21664759077823126,0.2166481009534374,447.3054521000703,447.9356925771045,-0.1406988742978288,1.5865410474484714,0.21664759078463613,0.12295750314546772,0.35065296682826985,0.2166470812765258,0.12295732144130898,0.35065270773417534,0.05337242139305413,0.8697482683509624,0.8163758469579083,0.2,0.19999952564321194,357.84457386243383,89.46087823763652,-5.981254724840568e-05,2.9881430663181163e-09,0.8511811437484251,0.851180514818893,0.833725242787089,45.94472808252526,21.76528280249726,35.36183688642647,28.279073940976378,45.95989200393914,21.758101605510557
-160.0329502873,0.0027732013489861116,0.04179225909523762,0.8488855231158482,0.8070932640206105,5.70291062217e-31,0.981775135765,350.25437616349285,96.86798159043758,0.21664759077815554,0.21664811197775038,447.12235775393043,447.75234025632267,-0.1406988742999271,1.5865410474493993,0.2166475907843947,0.12269132298628649,0.3502732119164788,0.21664707027858038,0.12269113799456897,0.35027294784862983,0.053602190642215955,0.8688291913531119,0.8152270007108959,0.19999999999999996,0.19999951542152397,357.6981028690151,89.42425488491537,-5.981248876185674e-05,2.876698879106243e-09,0.8502593200345517,0.850258679031641,0.8325519815743957,45.7249918749391,21.869878134370513,35.22012821422042,28.392855185468676,45.769963861776176,21.848389546908273
-159.8123416088,0.0028038414432222207,0.04203646759405113,0.8480024655558599,0.8059659979618088,8.27972990385e-31,0.981280441478,350.10964614908363,96.82795438368814,0.21664759077836465,0.2166481229890708,446.93760053277174,447.56732271749786,-0.1406988742838955,1.586541047450959,0.21664759078434223,0.12242733313955834,0.34989617479983737,0.21664705930175646,0.12242714488309167,0.3498959057821221,0.05383021353769386,0.8679170997709329,0.814086886233239,0.19999999999999987,0.19999950521210105,357.55030156553374,89.38729896723801,-5.981239045160791e-05,2.852473812708922e-09,0.8493440935441521,0.8493434405258493,0.8313876376962277,45.50970304761931,21.973336080739635,35.080835640668745,28.505592347997357,45.58341585332182,21.93780306455745
-159.5930212613,0.002834302602597221,0.04227778049333772,0.8471298777993489,0.8048520973060111,1.19525467788e-30,0.980784509629,349.9641726498459,96.78772155505449,0.21664759077812282,0.21664813401606367,446.7518942049004,447.3813547348984,-0.14069887431295003,1.5865410474499386,0.21664759078425325,0.12216647525348887,0.34952321132292324,0.21664704830740406,0.12216628374797173,0.349522937370313,0.05405567350442446,0.867015259903567,0.8129595863991426,0.19999999999999954,0.19999949499331157,357.401740976615,89.35015322828544,-5.981245476682773e-05,2.811417765258284e-09,0.8484387554780646,0.8484380904807114,0.8302363807949144,45.299128650127926,22.075479811622735,34.94418374507502,28.617065640886185,45.40049393214286,22.026192082725675
-159.3748053914,0.002864610362305555,0.0425164487234367,0.8462668512655305,0.8037504025420937,1.7166818012e-30,0.980287124379,349.8178593113361,96.74725645665359,0.21664759077804466,0.2166481453247027,446.56511576798977,447.19431313253045,-0.14069887430662176,1.5865410474495025,0.2166475907842788,0.12190848186252193,0.3491539515207037,0.21664703702106472,0.12190828703589277,0.34915367252241925,0.05427879764754132,0.8661227633312291,0.8118439656836878,0.20000000000000007,0.19999948451693403,357.2523228111468,89.31279295684291,-5.981248225594982e-05,2.823208333779803e-09,0.847542407776699,0.847541730531388,0.829097051213672,45.09296938618332,22.176406069776462,34.81003096629375,28.72735163517353,45.22096814618456,22.11363535533622
-159.1569610291,0.0028948665237361125,0.04275331199689379,0.8454103512812946,0.8026570392844008,2.45484268598e-30,0.979786783945,349.6702302760147,96.706427483191,0.21664759077827614,0.216648156592022,446.37665775920567,447.00558959185315,-0.14069887430753214,1.5865410474515116,0.21664759078426377,0.12165244916362597,0.3487871115216644,0.21664702577908368,0.12165225105050853,0.3487868275186271,0.05450036437682015,0.8652364964140408,0.8107361320372206,0.19999999999999976,0.19999947407600807,357.1015609675583,89.27509679164739,-5.981235562391163e-05,2.8162583376456496e-09,0.8466519339478896,0.846651244553954,0.827965674190074,44.89058496620323,22.276386034017378,34.677981835304514,28.83674155979668,45.044308779345876,22.200362867118276
-158.9387469839,0.0029251740300138907,0.04298919857771245,0.844557381765251,0.8015681831875385,3.49652022452e-30,0.979281914064,349.52078293933545,96.66509563168678,0.21664759077824555,0.21664816808665452,446.1858785710223,446.81454160125793,-0.14069887429866146,1.5865410474497164,0.21664759078443588,0.12139748515225302,0.3484214189056881,0.2166470143097878,0.12139728369859107,0.3484211298107379,0.05472114395279343,0.8643533781110088,0.8096322341582154,0.19999999999999973,0.1999994634270369,356.9489422680968,89.23693630292549,-5.98124687778423e-05,2.8957058972878258e-09,0.8457642452967923,0.8457635435426584,0.8268383165757898,44.6914125659479,22.37566330051376,34.54766319809797,28.945517798583122,44.8700466521443,22.28658257818439
-158.7198046269,0.002955582690708335,0.04322450836135068,0.8437064971036999,0.8004819887423492,4.96010252659e-30,0.978771786185,349.3692595029932,96.62318960434585,0.21664759077813694,0.21664817973730074,445.99244910733904,446.62083960099955,-0.1406988742894022,1.5865410474516248,0.21664759078412044,0.121143161428139,0.348056261871754,0.2166470026836719,0.12114295660510996,0.3480559676332385,0.05494150692130498,0.8634719262353843,0.8085304193140793,0.20000000000000004,0.19999945263396549,356.79420340698954,89.19824570034952,-5.981234848517758e-05,2.7501112498384828e-09,0.8448778567269101,0.8448771424871958,0.8257130862644609,44.495169350739914,22.474349791037955,34.41887518049018,29.053825691748195,44.69795331628047,22.372389020232095
-158.5002649681,0.0029860743099861115,0.043459110741324844,0.8428581701378286,0.7993990593965038,7.00470581096e-30,0.978256803176,349.2157359501526,96.58073041565743,0.21664759077835663,0.21664819141594516,445.79646636581,446.4245807252617,-0.14069887424909,1.5865410474510266,0.21664759078449508,0.12088962325200647,0.347691851000288,0.21664699103006207,0.12088941507472092,0.3476915516297756,0.055161327440104206,0.8625926441620568,0.8074313167219527,0.20000000000000032,0.1999994418111792,356.63742193125194,89.15904443455811,-5.9812386188351496e-05,2.923039588154097e-09,0.8439932794048517,0.8439925527076384,0.8245906258451782,44.30190043178593,22.572395094873073,34.29163309671646,29.16163243609863,44.52809996009788,22.45772895982786
-158.2805903138,0.00301658467863889,0.043692527494956016,0.8420141310041823,0.7983216035092263,9.84195853746e-30,0.977738162157,349.06052728576526,96.5378051843977,0.2166475907780957,0.21664820290904402,445.598332470163,446.22616766493246,-0.1406988743073767,1.5865410474492894,0.21664759078436055,0.12063739163288967,0.347328938663178,0.21664697956133494,0.12063718018784272,0.34732863427572847,0.055380153562005735,0.861717339673785,0.8063371861117793,0.1999999999999999,0.1999994311605625,356.47891945003516,89.1194130201278,-5.9812495689648415e-05,2.860933712156566e-09,0.8431123396512947,0.8431116007758805,0.8234732430710469,44.1118343683618,22.669653491382057,34.166080201108514,29.26879507727536,44.36070419074883,22.542473530177737
-158.0612539313,0.003047048065097222,0.0439242787847865,0.8411761121136857,0.7972518333288992,1.37520534558e-29,0.977217113309,348.90396975927325,96.49450690565008,0.21664759077800716,0.2166482147755589,445.39847666492335,446.02603026861163,-0.14069887430345762,1.5865410474522532,0.21664759078388215,0.1203869882885488,0.3469682813868564,0.21664696771884068,0.12038677347049037,0.3469679718223144,0.05559753153953261,0.8608478277612795,0.8052502962217469,0.19999999999999998,0.1999994201650228,356.3190395895543,89.07943707536911,-5.981230887242006e-05,2.6401103525586223e-09,0.8422368738717313,0.8422361224293522,0.8223632548948573,43.92510208904354,22.7660256309213,34.04231679521153,29.375203985548428,44.19589444098332,22.626536076452602
-157.8424729475,0.003077434312847222,0.04415416397045513,0.8403448414926001,0.796190677522145,1.91060274569e-29,0.97669431717,348.7462277073757,96.45088102920589,0.21664759077821164,0.21664822646373494,445.1971087365815,445.8243786186118,-0.14069887429077887,1.5865410474523658,0.21664759078408938,0.12013863383269982,0.34661020445552354,0.216646956055699,0.12013841572453803,0.3466098898250568,0.055813268078037936,0.8599848816082946,0.8041716135302566,0.20000000000000004,0.19999940933532442,356.1579499514709,89.03915878511052,-5.9812301778094934e-05,2.7357671683603257e-09,0.8413676716667172,0.8413669079272239,0.8212616483343445,43.74165558096195,22.861503222005126,33.92035808091416,29.480820857332464,44.03367493264158,22.709891952686267
-157.6241399562,0.003107758339416667,0.0443823265921871,0.8395198121762516,0.7951374855840645,2.63957619702e-29,0.976169660145,348.58723421925106,96.40690904956303,0.21664759077812198,0.21664823537548566,444.99414326881407,445.6211271784075,-0.1406988743023474,1.5865410474529196,0.2166475907839182,0.11989217867691343,0.3462544998652197,0.21664694718134853,0.1198919582284716,0.3462541815321103,0.05602749113597027,0.8591279893757126,0.8031004982397423,0.20000000000000032,0.19999940106702932,355.99558113671543,88.99856213209867,-5.981226687268304e-05,2.6567636979279996e-09,0.8405042281238035,0.8405034553964507,0.82016776999514,43.56136437153676,22.956122114793207,33.800121229310804,29.58569270256994,43.8739281015513,22.79257963147006
-157.405905295,0.0031380687090277783,0.04460915429259725,0.8386996147133,0.7940904604207027,3.62747462959e-29,0.975642432493,348.42674023877976,96.3625220868836,0.21664759077823562,0.2166482431954532,444.78926232566334,445.4159575638919,-0.1406988742963189,1.586541047451701,0.21664759078423673,0.11964720544643986,0.3459005716191285,0.21664693940272317,0.11964698303916854,0.3459002501288031,0.05624056205280823,0.8582757057099502,0.8020351436571419,0.2,0.19999939380762222,355.8316794883912,88.95758283727213,-5.981234367791188e-05,2.803779430848863e-09,0.8396450965098956,0.8396443161186613,0.8190797747888356,43.38400747312344,23.04996836955424,33.681437049426364,29.689944598638533,43.71643449742876,22.87469258406278
-157.1873971969,0.00316841705598611,0.04483504907964201,0.8378827872894928,0.7930477382098509,4.96095011445e-29,0.975111850733,348.26447013591553,96.31764391146439,0.21664759077824633,0.21664825170367408,444.58211404737995,445.20851741965305,-0.14069887429460914,1.5865410474505626,0.21664759078431203,0.11940328132515099,0.3455477989007468,0.21664693093494322,0.1194030567429087,0.3455474739350712,0.05645285651792202,0.8574265278498744,0.8009736713319524,0.20000000000000007,0.19999938591094094,355.665964250916,88.91614979646388,-5.9812415442728195e-05,2.8385516159801227e-09,0.8387887698441571,0.838787981016797,0.8179957443446131,43.209279956413724,23.14317667428675,33.564117922102746,29.79372204330974,43.56095311733626,22.956338841034746
-156.9684585622,0.0031988251996944448,0.04506018574384928,0.837068698783508,0.7920085130396587,6.75404434785e-29,0.974577637741,348.10029929268694,96.27224005840748,0.2166475907782045,0.21664826070918622,444.3725393510944,444.99864743859234,-0.14069887427788919,1.586541047450809,0.21664759078425863,0.11916022093878903,0.3451959167469816,0.21664692196971963,0.11915999403215767,0.34519558808327444,0.056664535707971836,0.8565798110894117,0.7999152753814399,0.2,0.19999937755470826,355.4983080784704,88.87423127262399,-5.981239989960585e-05,2.8139046648334443e-09,0.8379346049505424,0.8379338071465159,0.8169148556533392,43.037001832740536,23.23581935113442,33.44805306222553,29.89710636190503,43.407354599223055,23.037570688951842
-156.7491759622,0.0032292811163611096,0.04528448718696252,0.8362576291472832,0.7909731419603206,9.15641627386e-29,0.974040107604,347.9342838936873,96.2263260663638,0.21664759077807155,0.21664826995743386,444.1606099600511,444.7864194452885,-0.14069887430868677,1.5865410474499086,0.2166475907843336,0.11891811104146012,0.3448450536711526,0.21664691276282702,0.11891788174656082,0.34484472121022935,0.056875524073220614,0.8557358576287899,0.7988603335555693,0.19999999999999996,0.19999936897415613,355.3287682448646,88.8318417151865,-5.981245665420687e-05,2.848499214280764e-09,0.8370829137845313,0.837082106763076,0.8158374944928177,42.867155287573866,23.32788339444291,33.33322820901836,30.000094612181858,43.25564247560498,23.118371217442284
-156.5297120777,0.0032597622114305556,0.04550780054850571,0.8354501316566493,0.7899423311081436,1.23660157572e-28,0.973499765406,347.7665410640739,96.17993432818963,0.21664759077816012,0.21664827932874933,443.9464753922635,444.571983168131,-0.1406988743217763,1.5865410474479817,0.21664759078459198,0.11867711989910798,0.3444954570079379,0.21664690343676873,0.11867688819042892,0.34449512070627203,0.057085674900777025,0.8548952543198557,0.7978095794190787,0.2000000000000001,0.1999993602770177,355.157464316574,88.78901107568947,-5.981257811260576e-05,2.9677593715859985e-09,0.8362342967306466,0.8362334803861056,0.8147644100173037,42.69978995724489,23.419318947500575,33.219678477662505,30.10263933386404,43.105877424225945,23.198692608864278
-156.3102558572,0.003290242242055557,0.04572994947857061,0.8346468441811838,0.7889168947026133,1.66441524286e-28,0.972957186963,347.59721300237504,96.13310417081382,0.2166475907781908,0.21664828877349976,443.7303171731889,444.35552038825364,-0.140698874297418,1.5865410474461403,0.21664759078487636,0.1184374408353789,0.34414741149016204,0.21664689404010393,0.11843720670469524,0.3441470713295338,0.05729481921491523,0.854058677064718,0.7967638578498029,0.19999999999999996,0.1999993515157806,354.98454149065947,88.74577568252941,-5.981269417532076e-05,3.099032142017677e-09,0.835389444954326,0.8353886192424722,0.813696465059744,42.53493955051564,23.51008395844487,33.10743171670874,30.204698708034112,42.95809407992025,23.27850016203178
-156.0909160948,0.003320706097944443,0.045950841509037665,0.8338481007396529,0.7878972592306153,2.2335766094e-28,0.97241275436,347.42638466953673,96.08585909141593,0.21664759077813633,0.21664829835862712,443.51224376095263,444.1371397168295,-0.14069887428808103,1.5865410474443147,0.21664759078508694,0.11819917629627963,0.34380107081898337,0.2166468845020466,0.11819893971397033,0.34380072675020673,0.057502866946575255,0.8532264861391342,0.795723619192559,0.2000000000000002,0.19999934262249272,354.8100865637353,88.70215719721728,-5.981280923883503e-05,3.196221065593363e-09,0.834548731552449,0.8345478963538874,0.8126341195355606,42.37258451183003,23.600165331449382,32.996483594932265,30.306259669245,42.81228438240252,23.357781870921098
-155.871674329,0.003351156343194444,0.04617051301061233,0.8330537694919224,0.7868832564813101,2.98959116497e-28,0.971866533804,347.2540436887241,96.03819566697837,0.21664759077795698,0.21664830815447209,443.2922393557024,443.9168253317479,-0.1406988742944537,1.5865410474422414,0.21664759078520407,0.11796228956786724,0.3434563867041451,0.21664687475080124,0.1179620504830064,0.34345603864687896,0.05770984940980399,0.8523985562868073,0.7946887068770033,0.1999999999999997,0.1999993335357917,354.6340869229733,88.65815243272912,-5.981293992318726e-05,3.2502889268926083e-09,0.8337120393044019,0.833711194424111,0.8115772135470197,42.21264542145954,23.689583773198738,32.88679043963482,30.407345521769443,42.66838723335859,23.436554902599873
-155.652424314,0.0033816077341666667,0.0463890868005437,0.8322634060694308,0.7858743192688872,3.99237803503e-28,0.971318368581,347.08010718974793,95.99009097879075,0.2166475907781034,0.21664831822335828,443.0701981685387,443.69447129494125,-0.14069887429081218,1.586541047441532,0.2166475907854658,0.1177266506801524,0.3431131747399863,0.21664686472453004,0.11772640902225764,0.3431128225850174,0.057915879529232536,0.8515744358104022,0.7936585562811697,0.20000000000000023,0.19999932419751754,354.4564579627708,88.61374020576791,-5.981298463186846e-05,3.371103396432318e-09,0.8328789205806584,0.8328780657535323,0.8105251704729637,42.055012885918515,23.778378161782346,32.778285163435,30.508002325744762,42.52631430587222,23.514852305503364
-155.4330585482,0.0034120752016388893,0.04660668444850256,0.8314765707539274,0.7848698863054249,5.32050350208e-28,0.970768093144,346.90448821388173,95.94152097696735,0.21664759077826615,0.21664832859911418,442.8460091908491,443.4699664413934,-0.14069887427805572,1.5865410474424306,0.21664759078554183,0.11749213110563697,0.34277125186578433,0.21664685439098363,0.11749188679316513,0.3427708954872994,0.0581210692941336,0.8507536767511765,0.7926326074570429,0.19999999999999993,0.19999931457609887,354.27711088991845,88.56889830093058,-5.9812927999391974e-05,3.4061864440104728e-09,0.8320489310164192,0.8320480659370564,0.8094774184655157,41.899709433034126,23.866513957530945,32.67098290326155,30.608200645844963,42.38609966703879,23.592640225343544
-155.2138192066,0.0034425251101944457,0.04682308111995692,0.8306940765297912,0.7838709954098343,7.07362548252e-28,0.970216418326,346.7273804319629,95.89253922383804,0.21664759077812845,0.2166483392754658,442.6199196558009,443.2435583526599,-0.1406988742660431,1.5865410474412118,0.21664759078561086,0.11725897572499133,0.34243097950534696,0.21664684375634996,0.11725872867819329,0.3424306187802038,0.05832520406433015,0.8499371376707366,0.7916119336064065,0.20000000000000012,0.19999930467758986,354.09624348819,88.52367616761087,-5.981300481572305e-05,3.4380498448172148e-09,0.8312229479381557,0.8312220723076387,0.8084350535338495,41.74742909796332,23.953570833150675,32.56533141179984,30.70750263077797,42.24838766840088,23.669542323101165
-154.9965845814,0.003472696585916669,0.04703645422080537,0.8299225134475143,0.782886059226709,9.35513611734e-28,0.969668196586,346.55032397518147,95.84357166545902,0.21664759077804588,0.2166483502631788,442.3938956406405,443.0172158763937,-0.14069887431352734,1.5865410474412098,0.21664759078534288,0.1170291502367827,0.34209523562420846,0.21664683280598995,0.11702890036865798,0.3420948704214344,0.058526560919766525,0.8491317102476476,0.7906051493278811,0.2000000000000002,0.19999929448947265,353.91542862606303,88.47846701457749,-5.981300493784758e-05,3.31434879541348e-09,0.8304079573697343,0.8304070708701377,0.8074068733516752,41.59756575507375,24.039868243444694,32.46094875043867,30.806246844109456,42.11263485847291,23.745842628006535
-154.7799715367,0.0035027817310138883,0.04724819371510054,0.8291568542929517,0.7819086605778511,1.23186790945e-27,0.969120060145,346.37221957860737,95.79431428411883,0.2166475907782267,0.2166483618718134,442.16653386272617,442.78953375223097,-0.140698874299372,1.586541047440306,0.21664759078569176,0.11680115771182986,0.3417618435575128,0.216646821237921,0.11680090484178278,0.341761473606641,0.05872644811605875,0.8483321614642231,0.7896057133481643,0.20000000000000015,0.1999992837373066,353.7335437975734,88.43299006515277,-5.9813061903390974e-05,3.475397747365605e-09,0.8295986756368191,0.8295977776116069,0.8063861976323426,41.44974250588035,24.125602224383734,32.35765672608742,30.90458646202829,41.97849464736523,23.82172129802098
-154.5619938338,0.0035330564119722243,0.0474602479028044,0.8283900532823423,0.7809298053795379,1.61794996868e-27,0.968567067718,346.1914257862791,95.74431311089528,0.2166475907782878,0.2166483743467235,441.93573889717436,442.5584136032054,-0.14069887429352113,1.5865410474405128,0.21664759078571805,0.11657290205720763,0.34142774060876724,0.21664680880523776,0.11657264592848572,0.3414273655237461,0.05892670314252181,0.8475311413585025,0.7886044382159807,0.19999999999999982,0.19999927217540753,353.5489127694386,88.38682612773582,-5.9813048869372665e-05,3.4875213827945117e-09,0.8287876682963842,0.8287867578084482,0.8053636436753788,41.302954894659145,24.211342809502217,32.2547559221142,31.003179884997657,41.84507084045998,23.89767731097017
-154.3411816692,0.003563724768166665,0.047674029578949444,0.8276170013358859,0.7799429717569365,2.12374770262e-27,0.968005544056,346.00667767060656,95.69321831156135,0.21664759077829768,0.21664838784219084,441.6998959821679,442.3222383923769,-0.1406988743028026,1.5865410474414494,0.2166475907856166,0.1163428664436988,0.3410907011979347,0.21664679535455483,0.11634260675950125,0.3410903205303564,0.05912866012679788,0.8467233134208936,0.7875946532940957,0.20000000000000007,0.1999992596723019,353.3602437884015,88.33965219376634,-5.9812989838814445e-05,3.440714380076315e-09,0.827969532936528,0.827968608897395,0.8043323990809945,41.15628672243625,24.297624485516387,32.151585898225406,31.102664831696362,41.71155145894907,23.974174180122795
-154.1165767666,0.003594919893527779,0.04789043425707225,0.8268344657954841,0.7789440315384119,2.79351275984e-27,0.967433088685,345.81710038191187,95.64078793355351,0.2166475907781462,0.21664840121375498,441.4578883154654,442.07988974379924,-0.1406988742904125,1.5865410474403308,0.21664759078569654,0.1161100940844626,0.34074931266909786,0.21664678204088533,0.11610983091469554,0.3407489265055659,0.0593331649114545,0.845905294282662,0.7865721293712076,0.19999999999999998,0.1999992472778356,353.1666429475095,88.2912453679559,-5.981306034907874e-05,3.477595988954363e-09,0.8271408404515724,0.8271399030714655,0.8032881447598479,41.01073944567119,24.383856851075457,32.04876062114194,31.202454654059842,41.57886341343221,24.050681473821772
-153.8915724301,0.0036261704958194425,0.04810618064479028,0.8260543164076106,0.7779481357628203,3.67700747277e-27,0.966858414571,345.6255111784536,95.58780113111624,0.21664759077815104,0.21664841329477044,441.2133123095698,441.8349691373394,-0.14069887428407313,1.5865410474412638,0.21664759078559198,0.11587812130243949,0.34040875620706273,0.21664677000815913,0.11587785508417345,0.34040836517949064,0.05953711531318215,0.8450894926752321,0.78555237736205,0.19999999999999993,0.19999923606636202,352.97098690534665,88.24232540422317,-5.9813001540565125e-05,3.4293456963041535e-09,0.8263141677401222,0.8263132185529592,0.802246721260383,40.86794858476986,24.46905300190837,31.94732349563867,31.30152671902284,41.448509193658346,24.126320088564267
-153.6709464093,0.003656812998708333,0.04831673173916576,0.8252929575601113,0.7769762258209456,4.82326720132e-27,0.96629385098,345.43602209931754,95.53539514890862,0.21664759077827264,0.21664842420437083,440.97141724822615,441.5927332528573,-0.14069887428952432,1.586541047438649,0.2166475907859895,0.1156518274184753,0.34007620825114376,0.21664675915526835,0.11565155852935782,0.3400758129143527,0.0597362184988385,0.8442930799345951,0.7845568614357566,0.19999999999999973,0.19999922594631533,352.7774751341313,88.19394211409487,-5.981316635317313e-05,3.612821153353707e-09,0.8255069350164678,0.8255059753690313,0.8012300489023751,40.728815639586074,24.552641276120422,31.84797327734396,31.399172289289154,41.32130465872556,24.200591154104238
-153.4549585837,0.003686811307819444,0.048521911441043106,0.8245510195738683,0.7760291081328252,6.29623679648e-27,0.965740211906,345.2489548244875,95.48365895203102,0.2166475907781305,0.21664843530947428,440.7326137765185,441.3535933139986,-0.14069887430105954,1.586541047436413,0.21664759078617432,0.11543139680178735,0.33975196364669824,0.21664674809171988,0.11543112519237744,0.3397515639292591,0.05993030323836927,0.8435167409774007,0.7835864377390315,0.20000000000000007,0.19999921565461565,352.5864367078061,88.14617706871235,-5.9813307284883876e-05,3.698130690565904e-09,0.8247198579933853,0.8247188877122872,0.8002390020271235,40.593069818798135,24.634746878318445,31.75069039163627,31.495378137144975,41.19700693680456,24.2736080690032
-153.2401646528,0.003716643798222224,0.04872503838593028,0.8238164994593677,0.7750914610734375,8.19162382581e-27,0.965188784059,345.0613888718978,95.43178483857169,0.2166475907780986,0.21664844738363973,440.4931737104695,441.1138158837313,-0.14069887428450611,1.5865410474340362,0.21664759078642848,0.11521326065089293,0.3394307891910999,0.21664673606016613,0.11521298603016081,0.3394303846595953,0.06012250520875653,0.8427479330971179,0.7826254278883614,0.1999999999999999,0.19999920446496483,352.394889396128,88.09828431434146,-5.981345709837882e-05,3.8154590598082905e-09,0.8239402335033041,0.8239392515364592,0.7992575690584042,40.45949813268462,24.716075239503883,31.65469140135712,31.590893979055735,41.07452381344065,24.345991314274812
-153.0235214453,0.0037467331325972235,0.04892899537567131,0.8230789719495936,0.7741499765739223,1.06359315901e-26,0.964631828226,344.87065951753186,95.37903584001513,0.21664759077812296,0.2166484608025187,440.249695357547,440.8699944770008,-0.1406988743222648,1.5865410474315933,0.21664759078677018,0.11499432423492137,0.33910813059394695,0.2166467227013525,0.11499404619971945,0.33910772064304207,0.060315551003726355,0.841975749918943,0.7816601989152167,0.19999999999999998,0.19999919203494385,352.2001119924074,88.04958336513957,-5.9813611075210105e-05,3.97317734268654e-09,0.8231570063820591,0.8231560112600672,0.7982718273035753,40.32678085107353,24.797416974416873,31.55899703109752,31.68668506843303,40.95265561561401,24.41844087929502
-152.8038406901,0.0037772443485972217,0.04913488110311705,0.8223344668457963,0.7731995857426792,1.37871359297e-26,0.964066342377,344.67566761745906,95.32510797200763,0.21664759077822326,0.2166484750179292,440.0007755894667,440.62072398817224,-0.14069887432762718,1.5865410474300907,0.21664759078700951,0.11477341337742625,0.33878225068239076,0.2166467085449877,0.11477313171193697,0.3387818349792931,0.060510480255213044,0.8411960329141942,0.7806855526589812,0.20000000000000007,0.19999917886783042,352.00098177036483,87.99979381910187,-5.9813705777234105e-05,4.083644533636743e-09,0.8223659597858988,0.8223649507009335,0.7972764681321355,40.19446762312143,24.87904577755275,31.463211765769977,31.783150666389947,40.83099322416064,24.49119947952373
-152.5818193562,0.003808080644972224,0.0493420207732348,0.8215854262527165,0.7722434054794817,1.78375507802e-26,0.963494174825,344.47697284197204,95.2701560194514,0.2166475907781849,0.21664848956249175,439.7471288614234,440.36671987911427,-0.14069887430661066,1.5865410474303219,0.2166475907870356,0.11455125824937015,0.3384542188381911,0.21664669406470566,0.1145509728795166,0.3384537972597096,0.0607066539448107,0.8404113381559357,0.779704684211125,0.20000000000000015,0.199999165387951,351.79807010739097,87.94905875403244,-5.981369121110802e-05,4.09567935122368e-09,0.8215696895508076,0.8215686662038328,0.7962747545367634,40.06298733408815,24.96069480942416,31.367581722041454,31.88004765114926,40.709936575846555,24.564027461376735
-152.3592920141,0.00383898722026389,0.049548697820514354,0.8208380576087757,0.7712893597882613,2.30193755374e-26,0.962920120766,344.27618537576626,95.21462530258728,0.21664759077811802,0.21664850427495363,439.4908106783535,440.11004055102336,-0.14069887428482808,1.5865410474314647,0.21664759078688423,0.11432970429450524,0.3381267577322227,0.21664667941143856,0.11432941519745456,0.33812633023391503,0.06090244561949382,0.8396281714564484,0.7787257258369547,0.19999999999999998,0.19999915175387553,351.5930213390597,87.89778933929381,-5.9813619179838184e-05,4.025824118514265e-09,0.8207748047356799,0.8207737670188154,0.7952749916074399,39.933114600736545,25.041873392504062,31.27265120832423,31.976821963013407,40.59020679502865,24.636484486264717
-152.1379772829,0.003869725377374999,0.04975333319829424,0.8200980711181048,0.7703447379198106,2.96183075619e-26,0.962348693284,344.07486344147503,95.15894677075815,0.21664759077808318,0.21664851900453866,439.2338102122332,439.8526779787037,-0.14069887429456474,1.5865410474312678,0.21664759078684787,0.11411044608457971,0.3378023772630674,0.2166466647371945,0.11411015327727224,0.3378019438624832,0.06109635730261831,0.8388525247237674,0.7777561674211491,0.2000000000000003,0.19999913810517458,351.3874267431347,87.84638346909847,-5.98136315921316e-05,4.009037546381933e-09,0.819987397912225,0.8199863458680714,0.7942848284018209,39.805407362253554,25.122214951837783,31.178862534330868,32.0730109669301,40.472320381632166,24.708244809552284
-151.9184342001,0.0039002174722083337,0.049955439992302036,0.8193672290131512,0.7694117890208492,3.80014025539e-26,0.961781418591,343.87354811318926,95.10327006601031,0.21664759077821544,0.21664853340310447,438.97681817919954,439.5953238512278,-0.1406988742759352,1.586541047429476,0.21664759078724072,0.11389400531144406,0.33748185923312096,0.21664665040002468,0.11389370891444146,0.33748142010256127,0.06128792456384027,0.8380862556808467,0.7767983311170065,0.19999999999999987,0.19999912476560372,351.1818387509701,87.79497942822947,-5.9813744524017665e-05,4.190359170763713e-09,0.8192093668412503,0.8192083008880541,0.7933066364229703,39.6799551992402,25.201641357174424,31.08633308883235,32.16847729008109,40.35636427596428,24.779239109891442
-151.7000008754,0.003930555433972221,0.050155654793864426,0.8186432277419595,0.7684875729480951,4.86521178107e-26,0.961216663913,343.6716636802892,95.04743596694007,0.21664759077816992,0.21664854784970156,438.71909964722926,439.3372422014428,-0.14069887431260586,1.58654104742665,0.21664759078747042,0.11367969921428808,0.3371642021542146,0.21664663601603232,0.11367939923349274,0.337163757295313,0.061477748576888654,0.8373269596298036,0.7758492110529149,0.1999999999999999,0.1999991113848537,350.97566957022036,87.74343007700894,-5.9813922659301966e-05,4.296385469615416e-09,0.8184382804928616,0.818437200634588,0.7923373459193163,39.55640838130565,25.2803538268808,30.994853678229514,32.263420578829525,40.24202835099603,24.849642052778112
-151.4815236807,0.0039608994887916655,0.0503550521600706,0.8179221886791218,0.7675671365190512,6.22031662891e-26,0.96065151621,343.4681552506272,94.99115272785947,0.2166475907782993,0.2166485609048147,438.45930797848666,439.0770844936779,-0.1406988742998494,1.5865410474268116,0.21664759078759166,0.11346637953193081,0.3368477097026649,0.21664662304752003,0.11346607640855302,0.3368472597610867,0.061666844965377006,0.836570574076453,0.774903729111076,0.19999999999999996,0.19999909928587406,350.7678413092817,87.69146666920498,-5.98139124674546e-05,4.352340710056524e-09,0.817670021181285,0.8176689289852332,0.7913717708542922,39.43435205399664,25.358601014433322,30.904098261629944,32.35816788874195,40.12890040175161,24.91969602925752
-151.262137532,0.003991369787222222,0.05055442226099005,0.8172012359322389,0.7666468136712489,7.94608264753e-26,0.960083801879,343.26220636979417,94.93419454609592,0.21664759077817744,0.21664857661177508,438.1964009158901,438.81380700257375,-0.1406988742904458,1.5865410474257975,0.21664759078765242,0.11325319913422521,0.33653112654585937,0.21664660742063166,0.11325289208539169,0.33653067034876877,0.061855965406171075,0.8358140923135798,0.7739581269074087,0.2,0.1999990847435987,350.55752179477304,87.63887912111704,-5.981397638299413e-05,4.380384943658555e-09,0.816901541690184,0.8169004343093921,0.7904060729716683,39.313432461962506,25.436598571430885,30.813796353092236,32.45299568222945,40.01665569278804,24.989594524767444
-151.0416368854,0.004021994877027776,0.05075395203319632,0.8164797047868111,0.7657257527536148,1.01434382981e-25,0.959513051098,343.0536017146205,94.87650187098843,0.21664759077801432,0.2166485925617914,437.930103585609,438.54713446688385,-0.1406988742555404,1.5865410474242365,0.21664759078783644,0.11303996353155456,0.33621416319297814,0.21664659156394805,0.11303965250751023,0.3362137006540784,0.06204528422634773,0.8350568170337945,0.7730115328074468,0.1999999999999999,0.19999906997169567,350.3444901558788,87.58561342973015,-5.981407477095857e-05,4.465339209502872e-09,0.8161321393044803,0.81613101652947,0.7894393621132416,39.19351738878293,25.514423471627406,30.723858928928212,32.547994778691184,39.905212613211674,25.059382835337246
-150.8204145931,0.004052720195402778,0.050953285546058685,0.8157588821246854,0.7648055965786267,1.2937210784e-25,0.9589403426,342.84269253445893,94.81817184585367,0.21664759077809587,0.2166486087592374,437.66086438031266,438.27751591151775,-0.14069887430173678,1.5865410474221706,0.21664759078815696,0.11282705615333563,0.3358973893220006,0.21664657545842217,0.11282674110803158,0.3358969203610411,0.06223446292340835,0.8343001022471506,0.7720656393237422,0.19999999999999973,0.19999905496546191,350.12910510888287,87.53175927142972,-5.981420498901713e-05,4.6132875297644205e-09,0.815363196870463,0.8153620585064325,0.7884733667603768,39.074804058604755,25.59193895125336,30.6344025419645,32.64303910057169,39.79475341735608,25.128940730258684
-150.5991390793,0.00408345290565278,0.0511518264218766,0.8150409252912933,0.7638890988694167,1.64816414394e-25,0.958367468253,342.63010730561206,94.75937828482964,0.2166475907780725,0.2166486249966599,437.38948559044167,438.0057547568044,-0.14069887431156225,1.5865410474205353,0.2166475907883035,0.11261511644743932,0.33558175821614517,0.21664655931356816,0.11261479739619246,0.33558128284544186,0.062422934185986885,0.8335462171975734,0.7711232830115865,0.20000000000000007,0.1999990399252203,349.9120083989673,87.47747719147432,-5.9814308062122734e-05,4.680922316424585e-09,0.8145970284044874,0.8145958744813327,0.7875109837500617,38.95750991541807,25.668991734100377,30.5455919866541,32.73794793163339,39.68547168411029,25.19813819928443
-150.378297322,0.004114125371944443,0.05134914961229005,0.8143273703583559,0.7629782207460658,2.09706098045e-25,0.957795748495,342.4163178153559,94.700251667755,0.21664759077821683,0.21664864145065318,437.11656948311094,437.7324541184719,-0.14069887429326577,1.5865410474205566,0.21664759078844123,0.11240459921221818,0.3352679513646036,0.21664654295317531,0.11240427611590892,0.33526746951636827,0.06261029313999995,0.8327967813822096,0.7701864882422096,0.20000000000000012,0.19999902468889266,349.69368191113415,87.42288757197677,-5.9814306718752874e-05,4.7444936868146215e-09,0.813835288165335,0.8138341185185058,0.7865542804749086,38.8417722574538,25.74547817673532,30.457547783188325,32.83258413049165,39.57749187704619,25.2668866209779
-150.1579596642,0.004144727824416666,0.0515452070829236,0.8136183915193891,0.7620731844364654,2.66516313935e-25,0.957225422533,342.20140222642107,94.6408136114773,0.21664759077816836,0.21664865800863867,436.8422158378984,437.4577139169192,-0.14069887430028238,1.586541047422267,0.21664759078814508,0.11219555642530812,0.33495605148333735,0.2166465264877296,0.11219522927761924,0.334955563138783,0.06279649243005879,0.8320519842204898,0.769255491790431,0.2000000000000004,0.19999900935271453,349.474205426874,87.36801041102439,-5.981419891609718e-05,4.607803028022772e-09,0.8130781769391773,0.8130769915230698,0.785603498741611,38.7275688992527,25.821398771542725,30.370273168458716,32.926934652618066,39.47081191107344,25.335176845436322
-149.9378461572,0.004175299144833333,0.05174026073081668,0.8129130404864789,0.7611727797556622,3.38439145007e-25,0.956655820645,341.9850952336318,94.58099074211029,0.21664759077819365,0.2166486749744981,436.56608597574206,437.18119499568036,-0.14069887428354022,1.5865410474226924,0.21664759078812168,0.11198770925669764,0.3346456472997933,0.21664650963082055,0.11198737795560548,0.33464515229658637,0.06298177961214531,0.8313108354920351,0.7683290558798898,0.19999999999999968,0.19999899363979678,349.2533081233286,87.31277785241342,-5.981417209310891e-05,4.596989455762923e-09,0.8123246963958265,0.8123234948163892,0.7846573744689235,38.61474596852,25.896842641804056,30.28366909372166,33.02109783676502,39.365311007544854,25.403076322916323
-149.7175716784,0.004205892822444446,0.051934661397580704,0.8122100513007712,0.7602753899031904,4.29580413935e-25,0.95608599981,341.76701883164424,94.5206785167516,0.21664759077832185,0.21664869176190152,436.28769734839585,436.90241412618377,-0.1406988741450177,1.5865410474204555,0.21664759078882148,0.11178068558120136,0.3343361864668576,0.21664649294815644,0.11178035021020297,0.3343356849189194,0.06316648629016097,0.8305720087834642,0.7674055224933032,0.20000000000000018,0.19999897808944472,349.03060372571974,87.25709362267611,-5.9814313091433036e-05,4.920019947007859e-09,0.8115735057582394,0.811572288292007,0.7837142144038345,38.50311633361167,25.97192370964114,30.197610256548455,33.11520320662284,39.26082316765422,25.470683478278904
-149.4968872489,0.004236543437652777,0.052128635649459014,0.8115086114507994,0.7593799758013404,5.45210250997e-25,0.955515368824,341.5469200243202,94.45980696547794,0.2166475907783142,0.21664870691630686,436.0067269897981,436.62104788933704,-0.1406988743462123,1.5865410474148176,0.216647590789115,0.11157424725159665,0.33402731512796474,0.21664647789211408,0.11157390833101477,0.33402680780292887,0.06335082540026735,0.8298346523445022,0.7664838269442348,0.19999999999999993,0.1999989640519747,348.80583327214634,87.20089371765177,-5.981466845161876e-05,5.05548936047262e-09,0.8108237460688007,0.8108225145791403,0.7827729312334831,38.392628010579685,26.046667076930355,30.112031817332173,33.209316663394674,39.157270747408695,25.538041362757053
-149.275768295,0.004267254403472221,0.05232220765182843,0.8108086242810761,0.7584864166292478,6.92088195723e-25,0.954943916089,341.324764790651,94.39836667921809,0.21664759077805787,0.21664872244918876,435.72313146986903,436.33705279123393,-0.14069887428482808,1.5865410474125257,0.21664759078939594,0.11136836866034464,0.33371899655300513,0.21664646245243774,0.1113680261040893,0.33371848331204146,0.06353482064268243,0.8290986713762525,0.76556385073357,0.1999999999999999,0.1999989496579278,348.5789628342321,87.14416863563699,-5.981481291383872e-05,5.185163409748839e-09,0.8100753281682,0.8100740823181131,0.7818334039404441,38.283294550008144,26.121053889281512,30.026929204530223,33.30343882947338,39.054661553583436,25.60513803526344
-149.0543968315,0.004298000440069447,0.05251522330481737,0.8101106478733543,0.7575954245685369,8.78880009066e-25,0.954372162224,341.10072820563806,94.33640607781149,0.21664759077805898,0.21664873817362762,435.43713428344955,436.0506526430851,-0.14069887429745132,1.5865410474091632,0.21664759078984544,0.11116321578617205,0.3334114811852946,0.21664644682207185,0.11116286956396684,0.33341096197330833,0.06371832439504065,0.8283646563690651,0.7646463319740244,0.19999999999999998,0.19999893508897781,348.35017112856343,87.08696315488615,-5.981502484431189e-05,5.392641888590788e-09,0.8093288599869221,0.8093275996426703,0.7808963863236021,38.17513151014547,26.195063656407804,29.94233058468357,33.39753387505283,38.95302926367628,25.671944362296376
-148.8330195033,0.004328747291208334,0.052707474855677026,0.8094154336033653,0.7567079587476883,1.11672941556e-24,0.953800791865,340.8750568180901,94.27399334793827,0.216647590778306,0.2166487540523017,435.14905016602836,435.7621626234256,-0.14069887429097871,1.5865410474056876,0.2166475907904945,0.11095901097548783,0.33310510499763857,0.21664643104113263,0.11095866106631957,0.33310457977385954,0.06390113800565506,0.8276334019298559,0.7637322639242008,0.1999999999999998,0.19999892037949257,348.119709928661,87.02934023736734,-5.981524391351911e-05,5.692246674016133e-09,0.8085851570712297,0.8085838821338471,0.7799628927500196,38.06820282906657,26.268642218026134,29.858290363287598,33.49153577893913,38.85243456604031,25.738412821987442
-148.6117889982,0.004359473750249998,0.05289883896831728,0.80872342790148,0.7558245889331627,1.42005298534e-24,0.953230243867,340.64790762416766,94.21117190879336,0.2166475907780889,0.21664876998249857,434.859079532961,435.47178343009153,-0.14069887428856953,1.586541047401173,0.21664759079098575,0.11075588640677284,0.33280006972170667,0.21664641521152656,0.11075553281769984,0.3327995384878108,0.0640831429468869,0.8269053821673814,0.7628222392204945,0.19999999999999968,0.199998905617953,347.88773952833844,86.97134000462259,-5.981552847478255e-05,5.9189986245655746e-09,0.8078447091081058,0.8078434195816605,0.7790335284506384,37.96253149138114,26.341762804386107,29.77483581001458,33.58540770403363,38.752913627012795,25.804511362029512
-148.3907054542,0.004390179798027778,0.05308932516451106,0.8080345961614811,0.7549452709969701,1.80759628129e-24,0.952660561132,340.41928380394756,94.14794264030951,0.21664759077819246,0.21664878599944884,434.5672264442571,435.1795191289761,-0.14069887432766048,1.5865410473963444,0.21664759079164023,0.11055383280318501,0.332496365097703,0.2166463992953931,0.11055347553346578,0.3324958278436976,0.0642643472347337,0.8261805650192674,0.7619162177845337,0.20000000000000012,0.19999889077531743,347.6542631880995,86.91296325615761,-5.9815832820220294e-05,6.22109030956608e-09,0.8071074911927423,0.807106187052978,0.778108252495352,37.858084714524786,26.41443716819451,29.69195044246438,33.67916169528006,38.6544454158834,25.870245692080022
-148.1696620143,0.004420880275791667,0.05327903435439352,0.8073485733883822,0.7540695390339887,2.30379917983e-24,0.952091509478,340.18907672446943,94.08427549823169,0.21664759077822493,0.21664880212927345,434.27335222270113,434.8852308469507,-0.14069887428873606,1.5865410473937394,0.2166475907920721,0.11035274401745107,0.33219383500819377,0.21664638326535346,0.1103523830599771,0.3321932917142926,0.0644448458448917,0.8254585705807943,0.7610137247359026,0.19999999999999996,0.1999988758304953,347.41916997502017,86.85418224768097,-5.9815997011103406e-05,6.42041975140728e-09,0.8063731243629505,0.8063718055618376,0.7771865799117161,37.75480412039427,26.486695489431057,29.609594946908828,33.77283619695033,38.55696972957747,25.935648133491394
-147.9485228787,0.0044515940446249996,0.05346809056883382,0.8066649107477041,0.7531968201788702,2.73122570366e-24,0.951522779688,339.9571441549325,94.02013114654125,0.2166475907781754,0.21664881845298817,433.97727530147375,434.58873676187335,-0.140698874286449,1.586541047388882,0.21664759079268459,0.11015248962041703,0.33189228617191,0.21664636704236792,0.1101521249441576,0.33189173678197775,0.06462475583516872,0.8247389306227517,0.760114174787583,0.2,0.19999886070651382,347.1823146686619,86.79496063281185,-5.9816303177306906e-05,6.703149146858323e-09,0.805641139444398,0.8056398058456725,0.7762679129743533,37.652630814356634,26.558569172242496,29.527726915851822,33.86647413970611,38.460431676826396,26.00074820799609
-147.7272132791,0.004482331489013889,0.05365656415366265,0.8059833541691666,0.752326790015504,3.140656155e-24,0.950954219121,339.72340456080815,93.95548703579328,0.21664759077826784,0.2166488349085179,433.6788915966015,434.2899326426721,-0.14069887421805927,1.5865410473857329,0.21664759079331775,0.10995299646420004,0.3315916109677687,0.21664635068846885,0.10995262805603626,0.3315910554523995,0.06480414317408785,0.8240213812702434,0.7592172380961555,0.19999999999999993,0.19999884545952032,346.9436139771167,86.73527761948476,-5.981650166297925e-05,6.995382051400156e-09,0.8049112751957855,0.8049099267280674,0.7753519148301019,37.55152277197229,26.630078520980252,29.446314557216347,33.960107233688845,38.36479569977011,26.065563018389593
-147.5057458271,0.004513090857347224,0.05384445032211038,0.8053039206671211,0.7514594703450107,3.63343448546e-24,0.950385898563,339.48786746292654,93.89034579888704,0.21664759077809423,0.21664885155893168,433.3782132618135,433.9888306611609,-0.14069887430445682,1.5865410473839001,0.216647590793308,0.10975427091063625,0.3312918213760132,0.21664633413973902,0.10975389873996505,0.3312912596794021,0.06498300246027512,0.8233059441254424,0.7583229416651673,0.20000000000000032,0.199998830031683,346.7030776482296,86.67513561358392,-5.981661718168496e-05,6.990896750380671e-09,0.8041835606981659,0.8041821972259929,0.7744386130563814,37.45146718631988,26.70122361361789,29.365349120505975,34.05374122733296,38.270051025628256,26.13009319821213
-147.2841812876,0.004543863710055555,0.054031703825987806,0.804626773967533,0.7505950701415453,4.22879191909e-24,0.949818010504,339.2505945039944,93.82472448424338,0.21664759077806425,0.21664886837833805,433.07531898823777,433.68550961822893,-0.1406988742898796,1.58654104737916,0.21664759079401763,0.10955636210961966,0.3309929940491485,0.21664631742204626,0.10955598615386808,0.33099242612765034,0.06516128971037535,0.8225927951285883,0.7574315054182129,0.19999999999999998,0.1999988144478049,346.46076862398525,86.61455036425248,-5.981691595380312e-05,7.318434747105584e-09,0.8034581820191697,0.8034568034365971,0.7735282322505421,37.35246699368467,26.771993404587544,29.284836753674046,34.14736467242014,38.17620249879996,26.19432878457291
-147.0625799821,0.004574641669152777,0.05421828043629866,0.8039520738404041,0.7497337934041055,4.95111679996e-24,0.94925074403,339.0116486431292,93.75864050408934,0.2166475907781063,0.21664888539983818,432.77028914721853,433.380049999095,-0.14069887432006656,1.5865410473760357,0.21664759079440013,0.1093593178947338,0.33069520391855367,0.21664630050222836,0.1093589381222327,0.3306946297148363,0.06533896193348289,0.8218821062380693,0.7565431443045865,0.19999999999999996,0.1999987986791792,346.2167512137338,86.55353793348473,-5.9817112874060996e-05,7.49500461694197e-09,0.8027353210485371,0.8027339272163957,0.7726209919299217,37.25452747307204,26.842375083748156,29.20478648598005,34.240962538111916,38.083256624343164,26.25825857972427
-146.8409739763,0.004605420281069444,0.0544041602517418,0.8032798922167409,0.7488757319649991,5.92878780965e-24,0.948684213743,338.77106384663585,93.6921032522401,0.21664759077810405,0.21664890262924874,432.46316709887594,433.0724952246014,-0.14069887430958605,1.5865410473725663,0.21664759079484533,0.10916316027446493,0.33039848709469744,0.21664628337414776,0.10916277665129569,0.33039790654799206,0.06551599928206216,0.8211739568459842,0.755657957563922,0.20000000000000023,0.19999878271834437,345.97106010858084,86.49210699029514,-5.9817331554690156e-05,7.700484694339593e-09,0.8020150654414512,0.8020136562122298,0.7717169934431678,37.157640903490545,26.91236514711194,29.125197969151007,34.33453056900028,37.99121060102507,26.321877723291564
-146.6193592203,0.0046362001082916665,0.05458935380121728,0.8026101911611475,0.7480208373599302,7.6807032741e-24,0.948118440181,338.52883542605105,93.62511143202835,0.21664759077804996,0.216648920037875,432.15394685807945,432.7628393013984,-0.14069887430766537,1.5865410473698145,0.21664759079519721,0.10896787910569582,0.3301028311082712,0.21664626606702483,0.10896749160622915,0.3301022441702406,0.06569241087875526,0.820468310460969,0.7547758995822138,0.19999999999999996,0.1999987665897707,345.72369050956223,86.4302563485172,-5.9817505004833293e-05,7.862910322842254e-09,0.8012973849296944,0.8012959601860583,0.7708161902068983,37.06178662395415,26.981969599751295,29.04606007801482,34.4280772440083,37.90005492159943,26.385186039139356
-146.3977090882,0.004666984848861111,0.05477389015857643,0.8019428655891999,0.7471689754306234,1.03199563439e-23,0.947553384984,338.28493365623706,93.55765682263686,0.21664759077813509,0.21664893761774257,431.84259047887394,432.4510442300297,-0.1406988743059001,1.5865410473664068,0.21664759079570245,0.10877344468002095,0.32980819377332177,0.21664624858978862,0.10877305328228509,0.3298076004010294,0.06586822361862982,0.8197650595039913,0.7538968358853615,0.20000000000000015,0.1999987503059246,345.474612054226,86.36797842464797,-5.981771978857964e-05,8.096123771395014e-09,0.8005821771103461,0.8005807367480706,0.769918444889206,36.966941265886234,27.0511967113389,28.967357798621766,34.52161591512426,37.809769580159454,26.448190801055464
-146.17599264,0.004697778799999999,0.054957801505650127,0.8012777988839849,0.7463199973783348,1.2039552543e-23,0.946988997758,338.03932324013385,93.48972966206266,0.21664759077820783,0.21664895542443913,431.52905290219644,432.1370648878644,-0.14069887428558303,1.586541047362701,0.21664759079626125,0.10857982401676028,0.32951452777800294,0.21664623088726379,0.10857942868269764,0.3295139279039623,0.06604346738728127,0.8190640844321833,0.753020617044902,0.19999999999999984,0.19999873381250965,345.2237887184457,86.30526418375078,-5.981795335729956e-05,8.35405078447593e-09,0.7998693271378036,0.7998678709930704,0.7690236048860153,36.87307789439039,27.120057698034827,28.889073370346736,34.61516356652867,37.720328499305054,26.51090379603729
-145.9541891002,0.004728584847194442,0.05514111121269578,0.8006149067565859,0.74547379554389,1.41812877001e-23,0.946425253025,337.79197934788647,93.42132308323608,0.2166475907782511,0.2166489734102781,431.2133024311226,431.82086953356105,-0.140698874302847,1.5865410473582664,0.21664759079690418,0.1083869935662703,0.32922179995600276,0.2166462130055993,0.10838659427174366,0.32922119353368434,0.06621816364872085,0.8183652993896405,0.7521471357409197,0.20000000000000015,0.19999871715384826,344.97119512522363,86.24210730589891,-5.981823287815047e-05,8.650813398958235e-09,0.7991587545035811,0.7991572824634441,0.7681315605966769,36.780170174530575,27.188563708508262,28.81118958653138,34.708736930025225,37.63170501776587,26.57333754949189
-145.7322972686,0.0047594031571388876,0.05532382618257138,0.7999541643055942,0.7446303381230228,1.69844876237e-23,0.945862173899,337.5428985909318,93.35243614890082,0.21664759077808407,0.21664899156563416,430.89533473983266,431.50245383493177,-0.14069887429455363,1.5865410473596973,0.21664759079660495,0.1081949470935871,0.3289300033344284,0.21664619495719492,0.10819454381701127,0.3289293903211011,0.06639231815819699,0.8176686813502366,0.7512763631920396,0.19999999999999973,0.19999870033919517,344.71682780964363,86.17850693018897,-5.981814269473418e-05,8.512701654694865e-09,0.7984504422815566,0.7984489542422893,0.7672422826281619,36.68820920798624,27.256713303475202,28.733700962216332,34.8023389439098,37.54389600059636,26.63548822914158
-145.5103299874,0.004790231946194443,0.05550594163385295,0.7992955881995774,0.7437896465657244,2.07342676373e-23,0.945299817688,337.2920934713838,93.2830723169967,0.2166475907782465,0.21664901002136913,430.5751657883805,431.18183377473156,-0.14069887431018557,1.5865410473631627,0.2166475907962343,0.1080036904787549,0.3286391493397506,0.21664617660812038,0.1080032831634507,0.32863852963925383,0.06656592578816185,0.8169742508285259,0.750408325040364,0.2000000000000003,0.19999868324715125,344.4606995917805,86.11446619659995,-5.981792426945631e-05,8.341616286600129e-09,0.7977444182085451,0.7977429139367258,0.7663557971675117,36.597188829610765,27.32450311021978,28.656606701314836,34.895966937848144,37.45690666132299,26.69734607403055
-145.2883031857,0.0048210690019861125,0.0556874506241513,0.7986392043796694,0.7429517537555181,2.58063664471e-23,0.944738247945,337.03958040232317,93.21323612650902,0.21664759077820608,0.21664902859988497,430.25281652883217,430.85903033443805,-0.14069887432446304,1.5865410473646742,0.21664759079600657,0.10781323212281044,0.32834925326976216,0.21664615813972718,0.10781282076131213,0.3283486268607075,0.06673897904371699,0.816282037805166,0.749543058761449,0.2000000000000001,0.1999986660426395,344.2028271619772,86.04998936685494,-5.981782900121857e-05,8.236500370628619e-09,0.7970407194186765,0.7970391988623863,0.7654721424867025,36.50704351295383,27.391974363664072,28.579884313381566,34.98964478074475,37.37069236494429,26.758936929358406
-145.0662193867,0.004851913974069444,0.055868359838290985,0.7979850040621244,0.7421166442238334,3.27020665904e-23,0.944177492851,336.78536088121376,93.14292799163465,0.21664759077805587,0.21664904393784332,429.9282888728485,430.5340454282849,-0.14069887430941952,1.5865410473632051,0.2166475907961248,0.10762356907597861,0.32806031316814077,0.2166461428856803,0.10762315461318095,0.328059681480643,0.0669114806250438,0.8155920314804543,0.7486805508554105,0.1999999999999998,0.19999865183060456,343.94321071444006,85.9850781584084,-5.9817921593818824e-05,8.291078934519192e-09,0.7963393411631394,0.7963378077938643,0.7645913047989545,36.41781114978662,27.459091264079422,28.50353938274378,35.083362335184454,37.285264718784525,26.820246752765964
-144.8440581611,0.004882769699847221,0.056048688608669274,0.7973329007206559,0.7412842121119866,4.20860060712e-23,0.943617521486,336.5294099608932,93.07214101301649,0.2166475907780624,0.2166490596709826,429.6015509739097,430.2068471650002,-0.14069887429253303,1.5865410473630943,0.21664759079617715,0.10743467853717029,0.3277722967811195,0.21664612724454474,0.10743426088103554,0.3277716596672683,0.06708345144480354,0.8149041482016718,0.7478206967568682,0.19999999999999998,0.19999863724939793,343.68182621889997,85.91972475500968,-5.981792857712165e-05,8.315237387535035e-09,0.7956402051485764,0.7956386586072759,0.7637131773166925,36.32953751898524,27.525811455139383,28.42758098882978,35.17710495286025,37.20064276771641,26.88125595689501
-144.6218153139,0.004913636761958335,0.05622844509539413,0.7966828607439779,0.7404544156485837,5.48289419447e-23,0.94305834286,336.2717209829038,93.00087334922891,0.2166475907783509,0.21664907669274755,429.27259433213266,429.8774270328296,-0.14069887429812855,1.586541047362343,0.21664759079641768,0.10724655199870256,0.32748519355644545,0.21664611032685074,0.10724613080964202,0.32748455049000713,0.06725489939061008,0.8142183564196523,0.7469634570290422,0.19999999999999948,0.19999862147804262,343.4186672274031,85.85392710472955,-5.981797593923588e-05,8.42625968999755e-09,0.7949432857602639,0.7949417247695493,0.762837719765037,36.24215719666956,27.592176552114676,28.351985185667314,35.27089879073183,37.11678288798591,26.941990177809387
-144.3994967069,0.004944514346263888,0.05640762963679288,0.7960348808282373,0.7396272511914443,7.20619189672e-23,0.94249999003,336.0122989470638,92.92912638269065,0.21664759077827503,0.2166490954397127,428.94142532975445,429.54579142285917,-0.1406988742929549,1.5865410473621693,0.21664759079639245,0.10705918953722686,0.32719900601503493,0.21664609168137677,0.10705876436257201,0.32719835629564525,0.06742582448248453,0.8135346560520278,0.7461088315695432,0.20000000000000007,0.19999860411530374,343.1537390165748,85.78768631317968,-5.98179868860349e-05,8.414602348238986e-09,0.7942485891175183,0.7942470119773133,0.7619649320394227,36.15562742865431,27.658211767263452,28.276737750265344,35.36475843966888,37.033660823098636,27.002461484344533
-144.1771131629,0.00497540094959722,0.05658624033892284,0.7953889751231444,0.7388027347842216,9.52508160326e-23,0.941942507148,335.75115487994384,92.85690316314394,0.21664759077816748,0.21664911433554068,428.60805804308774,429.2119544313163,-0.14069887429597472,1.5865410473606167,0.2166475907965153,0.10687259548550981,0.3269137431884897,0.21664607289024507,0.10687216630960253,0.3269130867824085,0.06759622284478871,0.8128530626034274,0.7452568397586387,0.20000000000000012,0.1999985866126256,342.887052223688,85.72100581939974,-5.981808474109229e-05,8.47131254033684e-09,0.7935561371438078,0.7935545437722109,0.7610948339319812,36.069904412547764,27.7239437222386,28.201820378099953,35.45870396283168,36.95125328317705,27.062681537117825
-143.9546664133,0.005006296331486111,0.05676428271894846,0.7947451317075728,0.7379808489886243,1.26208065324e-22,0.941385914274,335.48828936202295,92.7842038512362,0.2166475907782247,0.21664913166444727,428.2724932132592,428.8759168002371,-0.14069887427577976,1.5865410473602544,0.21664759079661974,0.10668676655889936,0.3266294024715157,0.21664605569280163,0.10668633383048534,0.3266287400558704,0.06776609754753946,0.8121735637929484,0.7444074662454089,0.19999999999999984,0.19999857055469228,342.6186067627132,85.653886450546,-5.981810757837991e-05,8.519518424066064e-09,0.792865923514996,0.792864315555678,0.7602274097655594,35.98522471613902,27.789183140810284,28.12740004617922,35.552521681997355,36.8697683214693,27.122492099243786
-143.7329840892,0.005037085543166668,0.05694110093136896,0.7941057089700237,0.7371646080386548,1.6026316124e-22,0.940832290024,335.2246881673001,92.71130107715676,0.216647590778339,0.216649150195697,427.93598924445683,428.5389387070311,-0.14069887427113903,1.5865410473590282,0.21664759079690005,0.10650238445446099,0.32634703071188037,0.21664603727000106,0.10650194787075268,0.3263463618163265,0.06793482468907469,0.8114986552282073,0.7435638305391326,0.19999999999999993,0.1999985533863701,342.34941045360017,85.58657879085659,-5.981818486100465e-05,8.64890381535588e-09,0.7921804893676603,0.792178865678899,0.7593658453443922,35.90175086692897,27.853794755206597,28.053621436546237,35.6460217538001,36.789368917401575,27.181765532460506
-143.5128641345,0.005067657759097221,0.05711607643447023,0.7934729558347062,0.736356879400236,1.87781100935e-22,0.940283621378,334.9613258483014,92.63846436742026,0.2166475907780139,0.21664916725269134,427.59979021572167,428.2022659836471,-0.14069887429051242,1.5865410473592718,0.2166475907966509,0.1063200947244016,0.32606762293181085,0.2166460203093476,0.10631965472014782,0.32606694821792015,0.06810181073603838,0.8108307110391011,0.7427289003030627,0.20000000000000018,0.19999853759478245,342.0804574967416,85.5193327189801,-5.981816950662022e-05,8.533906914465206e-09,0.7915022500361555,0.7915006122238616,0.7585131713996993,35.81919732821676,27.917990200529836,27.980280317179556,35.73945609780085,36.709773088732746,27.240702294259833
-143.2926151152,0.005098247900666668,0.05729056267525779,0.7928419681402243,0.7355514054649666,2.23017604632e-22,0.9397356943,334.6961944904201,92.56513840433377,0.21664759077820664,0.21664918511125875,427.2613328947539,427.86333178609505,-0.14069887429430938,1.5865410473597692,0.21664759079667295,0.10613848400550521,0.32578901762567936,0.21664600256276648,0.10613804037572985,0.3257883367705631,0.06826834839548669,0.8101645604014217,0.741896212005935,0.19999999999999998,0.1999985210545365,341.80969821201313,85.45163468274077,-5.981813815392201e-05,8.544076557370772e-09,0.7908259586439212,0.7908243059243091,0.7576627870390208,35.737394513892724,27.981894416260683,27.90724816587799,35.83298482373097,36.6308029823262,27.299428857251222
-143.0709868399,0.005129029605569444,0.057465549012066824,0.7922091688443675,0.7347436198323007,2.68948706804e-22,0.939185421456,334.4277725311638,92.49090237699805,0.21664759077802012,0.21664920370382654,426.9186749081618,427.52019100426475,-0.1406988742894133,1.5865410473603132,0.21664759079651102,0.10595652480610017,0.325509638576341,0.21664598408825655,0.10595607738001134,0.3255089513055076,0.06843538141593385,0.8094964283188243,0.7410610469028904,0.1999999999999999,0.19999850383324522,341.53557866805784,85.38309624010398,-5.9818103870235007e-05,8.469336343353007e-09,0.7901477890538957,0.7901461207606595,0.7568098732360246,35.65599010570443,28.04577848029004,27.83421078374287,35.92701110764276,36.55214470573586,27.358175780122615
-142.847709098,0.005160040403055556,0.057641242120691605,0.7915738111654783,0.7339325690447867,3.18095382432e-22,0.938632164531,334.1556991985481,92.41565650908582,0.21664759077828522,0.21664922291592906,426.571355707634,427.1723824410196,-0.14069887429312145,1.5865410473611465,0.21664759079656057,0.1057740064228973,0.32522915985947093,0.21664596499796154,0.10577355506595568,0.32522846595271404,0.06860310675398495,0.8088255269668642,0.7402224202128792,0.20000000000000015,0.19999848603491313,341.25773038024676,85.31362532738719,-5.981805134558371e-05,8.492206937660285e-09,0.7894669501116731,0.7894652657102802,0.7559534242813638,35.57496712098926,28.109653526847513,27.761118188920413,36.02160378392483,36.47378286064448,27.416953262586002
-142.6234248086,0.0051911909988055565,0.05781713168712178,0.7909377423923168,0.7331206107051951,3.71952190023e-22,0.938077544525,333.880728368527,92.33960929566206,0.21664759077830464,0.21664924228949145,426.22033766418906,426.82086982347175,-0.14069887433832973,1.5865410473616386,0.2166475907964099,0.10559146319762489,0.32494840082330745,0.21664594574632104,0.10559100789729316,0.3249477002492757,0.06877103654877352,0.8081538077869602,0.7393827712381867,0.19999999999999982,0.19999846808762414,340.9769230635614,85.2434146006277,-5.9818020325952403e-05,8.422662567397765e-09,0.7887854307174956,0.7887837301318431,0.7550959313167079,35.49453646130128,28.173350033469873,27.68813717277751,36.11655033922551,36.39592258277926,27.475605206203795
-142.3992027327,0.005222332953791669,0.05799238210996198,0.7903039857353119,0.73231160362535,4.43175003698e-22,0.937524217425,333.6041598260014,92.26312021140862,0.2166475907782909,0.21664926140734012,425.86728003741,426.4673147485475,-0.1406988743067661,1.5865410473624695,0.21664759079633877,0.1054097644730183,0.32466869955851657,0.2166459267343808,0.10540930533119588,0.32466799246491157,0.06893837224644873,0.8074844649959004,0.7385460927494517,0.2000000000000002,0.199998450380161,340.6944839623139,85.17279607509609,-5.981796795673233e-05,8.389844374789845e-09,0.7881064789760459,0.7881047625646672,0.7542414719659631,35.414972587777626,28.236644755871385,27.615511154169567,36.21153323642223,36.31883203170941,27.533925075754514
-142.1758657145,0.005253351984097224,0.05816635987010547,0.7896748323252551,0.7315084724551497,5.43696704727e-22,0.936974211215,333.32701917253615,92.18647290132093,0.21664759077796758,0.2166492801843197,425.51349207385704,426.113028308064,-0.14069887433094674,1.5865410473613841,0.21664759079621343,0.10522956661689364,0.32439107049500243,0.21664590806118383,0.10522910374756592,0.32439035705083147,0.06910450821760752,0.8068199211106393,0.7377154128930318,0.2,0.1999984329880128,340.4114604438284,85.1020316300286,-5.981803636867511e-05,8.331979550746382e-09,0.7874325573322131,0.7874308255053595,0.753393138728824,35.33645002566341,28.299390552071337,27.543412572363955,36.306321788294426,36.24267184616666,27.59178474049972
-141.953552805,0.005284228777083335,0.058338969016619904,0.7890506266469443,0.7307116576303243,6.81701270229e-22,0.936427857893,333.04950032140283,92.10972099536428,0.21664759077808513,0.21664929916499615,425.1592213167671,425.75825839355315,-0.14069887429696282,1.5865410473615222,0.21664759079640095,0.10505096669444242,0.3241156686962888,0.21664588919569075,0.10505050006047434,0.32411494883833164,0.06926935252914082,0.8061605438654419,0.7368911913363011,0.20000000000000018,0.199998415407757,340.12805075741784,85.03117055934929,-5.9818027664526596e-05,8.41853253774616e-09,0.7867640421899064,0.7867622947941161,0.7525514010413896,35.25895643063031,28.36158812491897,27.471862906543777,36.40088054464631,36.16742947899678,27.64918642008335
-141.7318023711,0.005315027448458333,0.05851057943296237,0.788430032788798,0.7299194533558356,8.69047116981e-22,0.935884014808,332.7710447169611,92.03271001651176,0.21664759077813286,0.21664931801506795,424.80375473347283,425.40229096817905,-0.14069887431588102,1.5865410473611334,0.2166475907964629,0.10487358081140186,0.32384190712661304,0.21664587046459588,0.10487311047085164,0.32384118093727926,0.06943325736606017,0.8055049245180748,0.7360716671520146,0.20000000000000007,0.19999839795031274,339.8436843435007,84.96007038997216,-5.981805216714875e-05,8.447131882860504e-09,0.78609950856825,0.7860977458035653,0.7517144605536715,35.1823515366146,28.423341713224904,27.400753474726788,36.49534677658973,36.09297158617578,27.706225230371917
-141.5099449823,0.005345840974680556,0.058681715480108906,0.787811152700089,0.72912943721998,1.06685437126e-21,0.935341040323,332.4908168944567,91.955208904782,0.2166475907781887,0.2166493371896967,424.44602579923867,425.0440580040485,-0.1406988742809645,1.586541047361375,0.21664759079639936,0.1046968664103512,0.3235689515549216,0.2166458514192745,0.1046963922972893,0.3235682189234433,0.06959672330260472,0.8048510607715788,0.7352543374689741,0.19999999999999984,0.19999838018754315,339.5575081623508,84.8885176368879,-5.981803694599108e-05,8.417799790549907e-09,0.7854369314401956,0.7854351530377366,0.7508797612041388,35.10646134790941,28.48478489728359,27.32992748532719,36.589925111834894,36.01913655102008,27.763019765438532
-141.2875685658,0.005376726588083333,0.058852697328833,0.7871928281298496,0.7283401308010166,1.26032372315e-21,0.93479793363,332.2082895411805,91.87707182404941,0.21664759077812928,0.21664935681190003,424.08536136522997,424.6828854044348,-0.14069887432260897,1.5865410473611152,0.21664759079638027,0.10452049394471408,0.3232962943566073,0.21664583193390088,0.10452001596409422,0.32329555512579233,0.06976005583615254,0.8041977306372952,0.7344376748011426,0.2000000000000001,0.19999836200921126,339.26898374009954,84.81637762513043,-5.9818053321780695e-05,8.408984619734383e-09,0.7847750785888946,0.7847732841670905,0.7500457430450396,35.031180418363704,28.545997824149534,27.259279520797836,36.684755341278795,35.94582393629823,27.81964329909812
-141.0646346464,0.0054076896324444425,0.05902355503667017,0.7865749475965297,0.7275513925598596,1.50149529248e-21,0.934254610602,331.92340195170465,91.79828198544695,0.21664759077815546,0.21664937748073695,423.72168393715157,424.3186955651844,-0.14069887428306282,1.586541047361533,0.21664759079638987,0.10434443359588916,0.3230238901318123,0.216645811402056,0.10434395150178187,0.3230231439104354,0.06992328379346606,0.8035448188080879,0.7336215350146219,0.19999999999999998,0.1999983428681064,338.9780493124378,84.74363462471385,-5.981802698729055e-05,8.413425511832884e-09,0.7841138398099384,0.784112028419122,0.7492122588793814,34.95651338058043,28.606972014421068,27.188807310281966,36.77984063765206,35.873040971451715,27.876086691279237
-140.8414308975,0.005438690153125,0.05919407088137209,0.7859583023090754,0.7267642314277033,1.80061090066e-21,0.933711778874,331.63651268393534,91.71893855332426,0.21664759077809193,0.21664939833692545,423.35545123725956,423.95194685392164,-0.14069887426831906,1.586541047360245,0.21664759079665724,0.10416891201500708,0.3227520906438982,0.2166457906838752,0.104168425786082,0.3227513373885258,0.07008619799612795,0.8028931619987753,0.7328069640026473,0.1999999999999998,0.19999832355133446,338.68507072348893,84.67038051377064,-5.981810816679811e-05,8.536837903250216e-09,0.7834540689798623,0.7834522405146022,0.7483803768274362,34.882535725769266,28.667640674449476,27.118578381065113,36.875089318775856,35.800868985135295,27.93228288439605
-140.6183504645,0.005469673546597223,0.05936394923596227,0.7853439615113453,0.7259800122753831,2.16898557067e-21,0.933170394527,331.3481255832101,91.63918087365292,0.21664759077823162,0.2166494193113713,422.987306456863,423.58328336817385,-0.14069887427375916,1.5865410473611237,0.21664759079660523,0.10399423420178197,0.32248137031739055,0.21664576984857475,0.1039937438367283,0.32248061001667727,0.07024851548321219,0.8022438920501803,0.7319953765669681,0.1999999999999997,0.19999830412904215,338.390562497379,84.59674395948406,-5.9818052788873644e-05,8.51283488145782e-09,0.782796917725056,0.7827950721578122,0.7475515417579324,34.80934805698053,28.72791522446982,27.04868541511468,36.97037340828418,35.729407975427875,27.98814916518427
-140.3956344947,0.005500606320180556,0.059533013949181264,0.7847325652282153,0.725199551279034,2.54198119725e-21,0.932631036922,331.05855799310126,91.55909671205409,0.2166475907778426,0.2166494397301885,422.61765470515536,423.2131107879004,-0.1406988742944315,1.5865410473608397,0.21664759079627965,0.10382058174365148,0.3222120136550645,0.21664574956695584,0.10382008741289839,0.322211246564887,0.07041006684364794,0.8015976866068059,0.7311876197631579,0.2,0.19999828521834637,338.0948484611251,84.52280624403028,-5.98180706856688e-05,8.362555092844559e-09,0.7821430766525314,0.7821412146044233,0.7467266187278365,34.736981900226944,28.787762934392028,26.97916894987039,37.06563392883175,35.658684949684705,28.043658968664296
-140.1732637319,0.005531491148347223,0.05970128681409446,0.7841240334922623,0.7244227466781679,2.85839548954e-21,0.932093651406,330.7677929497984,91.47868137758779,0.21664759077813014,0.21664945986227865,422.2464743273862,422.84140742776617,-0.14069887431297223,1.5865410473579695,0.2166475907969059,0.10364793150991353,0.3219439881561908,0.216645729586795,0.10364743331043491,0.32194321441899487,0.07057087257723745,0.8009544636755853,0.7303835910983478,0.19999999999999984,0.19999826657379227,337.79791139501367,84.44856293237252,-5.981825159651066e-05,8.651612759535965e-09,0.7814924668694497,0.781490588686253,0.7459055030661293,34.66539237977852,28.847214220005007,26.91000004996119,37.16090665713106,35.58865068731196,28.098845578220228
-139.9510095434,0.005562359785638888,0.05986894649288547,0.7835177176864325,0.7236487711935471,3.21571403673e-21,0.931557679057,330.4755368254347,91.39785366268536,0.21664759077820794,0.21664948023882222,421.8733904881201,422.4677979241694,-0.1406988743213211,1.586541047355206,0.21664759079722,0.10347609938824749,0.3216770109725709,0.21664570934157662,0.10347559728660774,0.32167623052785194,0.07073110343903066,0.8003135402299836,0.7295824367909529,0.2000000000000002,0.19999824770268396,337.4994516381059,84.37393885001414,-5.9818425779400997e-05,8.79660788655201e-09,0.7808444017851477,0.7808425073199923,0.7450873228468937,34.59450128486359,28.906327967142513,26.84111519889178,37.256276149110526,35.51923016798547,28.153763335257462
-139.7286102943,0.0055932485702361095,0.06003619436277223,0.7829128877300244,0.7228766933672522,3.62226330627e-21,0.931022485732,330.1814454773477,91.31651838969931,0.21664759077816864,0.2166495013042044,421.497963867047,422.0918423377658,-0.1406988743088533,1.586541047354686,0.21664759079728393,0.10330487896568662,0.3214107636120586,0.2166456884104755,0.10330437281067431,0.3214099762152294,0.07089095178554149,0.7996741468442605,0.728783195058719,0.20000000000000018,0.1999982281990517,337.19911790412976,84.29884596291733,-5.9818458553184684e-05,8.826095410086054e-09,0.7801981082862199,0.7801961969453904,0.7442710958483423,34.52424648236172,28.96515063727446,26.772457861387927,37.35181899164481,35.450363495624636,28.2084554682612
-139.5059227063,0.005624177401902778,0.06020314147694471,0.7823091435514657,0.722106002074521,4.08853904598e-21,0.930487725647,329.88532486001776,91.2346218925985,0.21664759077820073,0.2166495227419773,421.11994675261633,421.7132926079857,-0.1406988742754578,1.5865410473546326,0.21664759079740734,0.10313415775659587,0.3211450727577739,0.2166456671128682,0.10313364747811271,0.321144278289545,0.07105052301707335,0.7990358619187466,0.7279853389016733,0.1999999999999996,0.19999820835081758,336.89671190130133,84.22323485131497,-5.981846191716045e-05,8.883072055709818e-09,0.7795531656602408,0.7795512371541722,0.7434562838708434,34.4545359952365,29.023754670161708,26.70397324614591,37.447610914766265,35.38198463328248,28.262970841362534
-139.2829602808,0.005655144405444443,0.06036978485922563,0.781706519604837,0.7213367347456113,4.62729371531e-21,0.929953430263,329.5871869168651,91.1521674744053,0.21664759077810802,0.2166495394948255,420.73935439127035,421.33216400299534,-0.1406988742783999,1.586541047353338,0.2166475907974482,0.10296394481296306,0.3208799538970346,0.21664565058160887,0.10296343162263254,0.3208791542350991,0.07120980918343202,0.7983987172535155,0.7271889080700835,0.1999999999999999,0.19999819282268974,336.59224386363104,84.14711052763927,-5.981854352965499e-05,8.901923642667953e-09,0.7789096115013968,0.7789076703880339,0.7426429275094265,34.38543768258028,29.082078559860868,26.635686774970797,37.54361614357497,35.31413674023395,28.31727156056131
-139.0598507849,0.005686131835430557,0.0605360277888842,0.7811053429643259,0.7205693151754416,5.25363624578e-21,0.929419902752,329.2871980649066,91.06920116037266,0.2166475907782397,0.2166495563975558,420.3563992252793,420.94866926418194,-0.1406988742684412,1.5865410473528077,0.21664759079773518,0.1027943350956069,0.32061555654023854,0.21664563391037017,0.10279381897272419,0.32061475164552894,0.07136872187103156,0.7977630665045543,0.7263943446335227,0.19999999999999976,0.19999817715500517,336.28588562478177,84.07051360049748,-5.981857694736803e-05,9.034395453966226e-09,0.7782678087338419,0.7782658549183515,0.7418314782284061,34.31703607526137,29.140045713938704,26.567645173597434,37.639767975890706,35.246886889692284,28.37129994287363
-138.8367243519,0.005717121617791669,0.060701777332348446,0.78050594992546,0.7198041725931115,5.98687843925e-21,0.928887448494,328.9855317327172,90.9857709144173,0.21664759077804122,0.21664957338592822,419.9713026471345,420.56303009608496,-0.14069887427224925,1.5865410473512047,0.21664759079778975,0.10262542401069294,0.32035203138218576,0.21664561715662733,0.10262490495387513,0.3203512212461116,0.07152717180327572,0.7971292667758502,0.7256020949725744,0.20000000000000004,0.19999816140823976,335.9778142734842,83.99348837365032,-5.981867797766327e-05,9.059575312164725e-09,0.777628123156769,0.7776261566182987,0.7410223918947236,34.24928248583065,29.19769196372836,26.499842074371383,37.73607394313959,35.180217392767624,28.42506596350882
-138.6136194587,0.00574810840851389,0.06086700926537475,0.7799084278785693,0.7190414186131946,6.8510443158e-21,0.928356151609,328.6822402858435,90.90189121935511,0.2166475907781771,0.21664959049798135,419.5841315051986,420.1753134414281,-0.14069887433114658,1.586541047349791,0.2166475907979551,0.10245723649841429,0.32008941953525155,0.21664560027764668,0.10245671449387697,0.32008860412997675,0.07168513548205235,0.7964974120615707,0.7248122765795183,0.19999999999999998,0.1999981455443902,335.66808330430536,83.91604820089326,-5.981876708416323e-05,9.135892042877458e-09,0.7769906545670769,0.7769886752380569,0.7402157884975725,34.18215550216127,29.255030448175567,26.43226865124056,37.83254525725572,35.1141073075949,28.478582446654084
-138.3904847932,0.005779099334277779,0.06103176570598438,0.7793126243314341,0.7182808586254498,7.87140026066e-21,0.927825881884,328.3772541896746,90.81754284418362,0.21664759077829948,0.21664960778392806,419.1947970338582,419.78543040882096,-0.14069887427667904,1.5865410473497152,0.21664759079813747,0.10228972991804741,0.31982765658718043,0.21664558322935684,0.10228920494380103,0.31982683587185273,0.07184265282375266,0.7958673426956769,0.7240246898719243,0.20000000000000012,0.1999981295228687,335.356621721368,83.83817531249022,-5.981877185812223e-05,9.220069152604538e-09,0.7763552466093304,0.7763532543905951,0.7394114642130514,34.1157162154613,29.31200370188325,26.364949197059314,37.92914572016463,35.04859330288273,28.5318155669817
-138.1672334806,0.005810106461027777,0.061196110390045924,0.778718286019078,0.7175221756290321,9.07929611398e-21,0.927296424992,328.07045340002793,90.73269258884204,0.21664759077825396,0.2166496301144795,418.8031459888699,419.39322753881316,-0.1406988742775117,1.5865410473485444,0.21664759079829668,0.10212283522222214,0.3195666365912157,0.21664556107004632,0.10212230603949982,0.31956580862085326,0.07199978887046946,0.7952387985096071,0.7232390096391377,0.2,0.19999810884797378,335.0433088115141,83.75983717735586,-5.981884565464668e-05,9.293565916834723e-09,0.7757216421065193,0.7757196322767858,0.738609086919218,34.0498825383554,29.36867693665471,26.297840098261634,38.02593658884187,34.98361899808999,28.58480707941043
-137.9438078216,0.005841137802555557,0.061360093190691925,0.7781252549378203,0.7167651617471283,1.05224518887e-20,0.926767636934,327.7617557318764,90.64731772398689,0.2166475907782841,0.21664965270725825,418.40907345586334,418.99859976906487,-0.14069887429850603,1.5865410473497177,0.2166475907980876,0.1019565070289865,0.3193062903060109,0.21664553863701416,0.10195597360310871,0.31930545501620966,0.07215658655149845,0.7946116077844472,0.7224550212329487,0.2000000000000002,0.1999980879298208,334.7280587922027,83.68101466366059,-5.981877170269101e-05,9.197065331534304e-09,0.7750896729809883,0.775087645383921,0.7378084374062176,33.98457319439472,29.42511575119431,26.230899655120336,38.12297760076245,34.919124926165715,28.637601947770367
-137.7202220793,0.005872191377875002,0.06152370707868557,0.7775335575842557,0.7160098505055701,1.23480818679e-20,0.926239543685,327.4511775327477,90.56142277069353,0.21664759077825338,0.21664967534560148,418.01260030344116,418.60156799735927,-0.14069887428654893,1.5865410473513872,0.21664759079791276,0.10179075342274715,0.3190466320504687,0.21664551616421374,0.10179021577264623,0.3190457894607704,0.07231303853456371,0.7939857998513108,0.7216727613167471,0.19999999999999993,0.1999980669719397,334.4108882728389,83.60171203060229,-5.9818666475752735e-05,9.116352117644055e-09,0.7744593739906924,0.7744573286737274,0.7370095531166001,33.919871770067886,29.481243525290562,26.164164969939907,38.22021460072978,34.855168486512625,28.690149651319427
-137.4965197551,0.0059032611451250005,0.061686923291009985,0.7769432963844163,0.7152563730934063,1.46283187377e-20,0.925712239061,327.1387765296313,90.47502369429449,0.2166475907783256,0.216649698373341,417.61380022392575,418.2022060199542,-0.14069887426665373,1.5865410473523682,0.2166475907978761,0.10162560386137595,0.3187877097087903,0.2166454933105398,0.10162506191405446,0.31878685969477233,0.07246911726424334,0.7933614849324099,0.7208923676681666,0.19999999999999973,0.19999804565238302,334.0918563416759,83.52194388224987,-5.9818604647432494e-05,9.099432318748768e-09,0.7738308613705788,0.7738287980316904,0.736212574756012,33.85576336234139,29.537068454121016,26.09763458647324,38.31764893046336,34.79174516530591,28.74245011995527
-137.2727312882,0.00593434287663889,0.06184972497613016,0.7763545412587137,0.7145048162825836,1.74131213838e-20,0.925185784687,326.8245933721771,90.38813173686131,0.2166475907781538,0.2166497198617034,417.2127251090384,417.8005658018866,-0.14069887428705963,1.5865410473516004,0.2166475907978007,0.10146107779777423,0.31852955561105195,0.21664547202313883,0.10146053196270047,0.3185286988054616,0.0726248044715044,0.7927387361029881,0.7201139316314836,0.1999999999999999,0.1999980257546882,333.77100376749735,83.44172134154111,-5.981865304205414e-05,9.064615724696523e-09,0.7732042135992401,0.77320213377437,0.7354175956099531,33.79222228839353,29.592608366081496,26.031301713431066,38.41528983101301,34.72884062911827,28.794511474752593
-137.0488485318,0.005965437703916668,0.06201212368547614,0.7757672606528935,0.7137551369674173,2.07578309188e-20,0.924660150516,326.50861503054387,90.3007432950644,0.2166475907782333,0.21664973761274253,416.80935832560823,417.39663068626686,-0.14069887428009853,1.5865410473509507,0.21664759079795282,0.1012971661851272,0.3182721574142595,0.2166454545150557,0.10129661741015172,0.31827129529719095,0.0727801088111804,0.792117518745048,0.7193374099338676,0.19999999999999982,0.19999800930356926,333.4483164013885,83.36104192421973,-5.9818693987079286e-05,9.13484843323431e-09,0.7725794007150762,0.7725773079970311,0.7346245714859705,33.729297585574855,29.647815744247044,25.96517979530325,38.51311671567498,34.666480436892236,28.846308808891806
-136.824824064,0.0059965522133333315,0.06217415350330214,0.7751813123988606,0.7130071588955584,2.47205667701e-20,0.924135214316,326.1907723824571,90.21283925190005,0.21664759077814075,0.21664975570164255,416.40361163435716,416.99031230977823,-0.14069887431465977,1.5865410473502468,0.2166475907979442,0.10113383126402062,0.3180154575866095,0.2166454366855912,0.10113327948322011,0.3180145900477211,0.07293506628040011,0.7914976888681226,0.7185626225877224,0.2,0.1999979925395951,333.12372522124855,83.27988641310863,-5.981873835159135e-05,9.130873834806152e-09,0.7719562830643815,0.7719541771853161,0.733833318571421,33.66698914951677,29.702685783957403,25.89926175230502,38.61113917314653,34.60465767893558,28.897844020827183
-136.6006159667,0.006027692226847224,0.062335847964752354,0.7745965762189657,0.7122607282542134,2.92391370259e-20,0.923610867035,325.87100278494506,90.12440228272838,0.2166475907782373,0.2166497739073317,415.99540506767346,416.58153059171366,-0.1406988742894244,1.586541047349943,0.21664759079805224,0.10097104009705911,0.3177594059930549,0.2166454187469802,0.1009704853023925,0.31775853301271473,0.07308970841331013,0.7908791203370247,0.7177894119237146,0.1999999999999994,0.19999797566732994,332.7971661672279,83.19823890044562,-5.9818757502938524e-05,9.180745053072314e-09,0.771334738948466,0.7713326198607254,0.7330436758462257,33.6052579931259,29.757248112915967,25.833531050177516,38.70938115496714,34.54334880548865,28.949133033711785
-136.3762112322,0.006058859551083332,0.06249721937554161,0.7740130071670406,0.7115157877914989,3.45227269711e-20,0.923087067016,325.5492839213735,90.03542621536128,0.21664759077815451,0.21664979232233175,415.5847101367348,416.1702570034243,-0.14069887427937688,1.5865410473487396,0.21664759079819534,0.10080878097117969,0.3175039857563676,0.21664540060119114,0.10080822313458318,0.3175031072833511,0.07324404670734433,0.7902617671616015,0.7170177204542572,0.20000000000000012,0.19999795860412642,332.46861648230026,83.11609365443458,-5.981883335337557e-05,9.246781118577019e-09,0.7707147273992513,0.7707125949784921,0.7322555846010871,33.544122811714175,29.81148160031131,25.7679964563798,38.80782899410923,34.482571721010316,29.000157183482273
-136.1516225617,0.0060900524219861096,0.06265826158411202,0.7734306272293164,0.7107723656452044,4.07703136302e-20,0.922563831975,325.22563025052324,89.94591504890296,0.2166475907784889,0.21664981098839894,415.1715452994262,415.7565100288638,-0.14069887429950523,1.5865410473477657,0.21664759079860008,0.10064706079650193,0.3172492092921619,0.21664538219307217,0.10064649987735003,0.3172483252553905,0.07339807499121026,0.7896456540281572,0.7162475790369469,0.19999999999999998,0.19999794130719636,332.13809095021355,83.03345434921266,-5.98188947376066e-05,9.43360944916094e-09,0.7700962785546162,0.770094132628301,0.7314690763493792,33.48355308563228,29.865408770764468,25.70263989379894,38.90650937537594,34.42230311907276,29.05093237198061
-135.9268768163,0.0061212671088472234,0.06281895854289206,0.7728494962442006,0.7100305377013085,4.79691187431e-20,0.92204121203,324.9000771926096,89.85587857879698,0.2166475907782291,0.2166498295449864,414.75595577140655,415.34033494717676,-0.14069887429655203,1.586541047346977,0.21664759079854512,0.10048589673781219,0.3169951052268981,0.21664536391484981,0.10048533278201974,0.3169942156917374,0.07355177724980337,0.7890308449935118,0.7154790677437085,0.19999999999999982,0.19999792410855222,331.8056256054668,82.9503301659398,-5.981894445339364e-05,9.408229750818009e-09,0.7694794619029314,0.7694773026297299,0.7306842328646933,33.4235328195693,29.91903954014416,25.637453166822326,39.00543449043174,34.36252941358781,29.10146654118468
-135.7019972374,0.006152500383694443,0.0629792963919501,0.772269662743738,0.7092903663517879,5.59040751631e-20,0.921519247745,324.5726557024932,89.76532536652074,0.21664759077823723,0.2166498483177167,414.33798106901395,414.92177133047915,-0.14069887429459804,1.5865410473463377,0.21664759079852006,0.1003253029717803,0.31674169755777387,0.2166453454242777,0.10032473594828661,0.31674080246833786,0.0737051402394329,0.7884173930348708,0.7147122527954379,0.2000000000000003,0.19999790670923032,331.4712521850825,82.86672888393149,-5.9818984743387205e-05,9.396661226901415e-09,0.768864335695414,0.7688621629396675,0.7299011217752338,33.36406663201092,29.972365510161076,25.5724406763805,39.10459751006994,34.3032573950541,29.15175047324169
-135.4769882564,0.0061837516310555545,0.06313927503047498,0.771691127128765,0.70855185209829,6.44701904232e-20,0.920997935276,324.243369850924,89.67425653776547,0.2166475907782599,0.21664986728852717,413.9176263886895,414.5008243824904,-0.14069887428324046,1.5865410473446528,0.21664759079875825,0.1001652801595361,0.31648898900204425,0.21664532672904127,0.10016471003968247,0.3164880883061517,0.07385816358268195,0.7878052996630663,0.7139471360803844,0.19999999999999993,0.19999788912434024,331.13497483959424,82.7826515490952,-5.981909094732174e-05,9.50661771526029e-09,0.7682509065279765,0.7682487201630194,0.7291197450093784,33.30512482858185,30.025409156906033,25.507585299844187,39.20402453799139,34.2444629818509,29.201801194253985
-135.2518324298,0.006215023273638888,0.0632989096838344,0.7711138342578641,0.7078149245740296,7.42137120997e-20,0.920477219864,323.91219160430273,89.58266433936505,0.21664759077817713,0.21664988648142633,413.4948559436678,414.0774582661368,-0.1406988742899684,1.586541047344912,0.21664759079867946,0.10000581358563695,0.31623695796923695,0.21664530780963553,0.10000524034174949,0.31623605161611396,0.07401086160052305,0.7871945075913078,0.7131836459907848,0.2,0.1999978713399848,330.79676494490053,82.69809099876723,-5.981907461594105e-05,9.47024680897357e-09,0.7676391219915288,0.7676369218941116,0.7283400294375753,33.24672169417205,30.07815354544547,25.44289467811543,39.30370394765438,34.18615206183868,29.251610365247277
-135.0265003306,0.0062463193985277795,0.06345822435032453,0.7705376978411105,0.7070794734907859,8.55503245996e-20,0.919957018579,323.57907466990815,89.490535968348,0.2166475907779111,0.21664990580564,413.06961063825617,413.6516138024002,-0.14069887430007144,1.5865410473443216,0.2166475907985734,0.099846880046992,0.31598556936510885,0.21664528877061653,0.09984630367052821,0.3159846573340677,0.07416325679497354,0.7865849268129791,0.7124216700180055,0.19999999999999965,0.1999978534356704,330.45657519109676,82.61303544715938,-5.9819111830616833e-05,9.421285973587601e-09,0.7670288968976917,0.7670266830175966,0.7275618601601884,33.18887551515441,30.130577926431673,25.37837661650305,39.40362360883714,34.12833638913252,29.30116453957685
-134.800964688,0.006277643793333334,0.06361724104630116,0.7699626381751989,0.7063453971288978,9.90611856214e-20,0.91943725351,323.2439751100029,89.39785927357443,0.21664759077838272,0.21664992527794383,412.64183438357736,413.2232348231619,-0.14069887426183536,1.586541047346207,0.21664759079867574,0.0996884582915736,0.3157347910692985,0.21664526959167643,0.09968787876504073,0.3157338733253699,0.07431536992363201,0.7859764742988538,0.7116611043752218,0.19999999999999996,0.19999783538857532,330.1143607160909,82.52747366748646,-5.981899299234428e-05,9.468537065515648e-09,0.7664201532769378,0.7664179255292798,0.7267851311847437,33.13156740091998,30.18269518912747,25.314017171149395,39.50380507522562,34.07100314053729,29.350471304738644
-134.5752194804,0.006308997294388889,0.06377596662627466,0.7693886304386773,0.7056126638124027,1.15039661765e-19,0.918917895571,322.90688000390367,89.30463068085113,0.2166475907780951,0.216649944901116,412.21151068475484,412.7923048114266,-0.14069887444657647,1.5865410473407375,0.2166475907988892,0.09953054224607617,0.31548461491184665,0.2166452502637453,0.09952995955741928,0.31548369142860505,0.07446720725924667,0.7853691249574597,0.710901917698213,0.20000000000000012,0.19999781720387882,329.7701083214905,82.44140236326434,-5.9819337727695654e-05,9.567058256720884e-09,0.7658128712973652,0.7658106296179985,0.7260098104804769,33.074774939322275,30.23452168108663,25.249801538273044,39.60427168048129,34.014131726600084,29.39954510783439
-134.349277049,0.0063403781876388895,0.06393439472590233,0.7688156969142552,0.7048813021883529,1.33468048076e-19,0.918398957522,322.56780389957873,89.21085421434465,0.2166475907784017,0.21664996482183074,411.77865811392337,412.3588423634292,-0.14069887435430584,1.586541047341122,0.21664759079931692,0.09937313881341579,0.3152350532751962,0.21664523062975158,0.09937255291410238,0.3152341239683648,0.074618762567685,0.7847629037258428,0.7101441411581578,0.20000000000000026,0.19999779874522736,329.4238329208752,82.35482519304823,-5.981931350262926e-05,9.76447811495973e-09,0.7652070810163325,0.7652048252006821,0.7252359298810078,33.01859807752548,30.285961798016565,25.185802830978503,39.70490862296442,33.95780300654634,29.448312654597274
-134.1234913036,0.006371737318944445,0.06409227605555712,0.7682447143997135,0.7041524383441564,1.55033172918e-19,0.91788123352,322.2272781562748,89.11667682874774,0.2166475907783611,0.21664999032002002,411.34395498502255,411.9235267501935,-0.1406988743137383,1.5865410473443278,0.2166475907989313,0.09921649081543898,0.31498649306825677,0.2166452053635272,0.0992159004012882,0.31498555586135724,0.07476980201530418,0.7841587459334424,0.7093889439181382,0.19999999999999984,0.19999777514154085,329.07607917009585,82.26787581492664,-5.9819111430936545e-05,9.586487159651824e-09,0.7646037216232929,0.7646014466308789,0.724464683396152,32.96297448425046,30.33706804820648,25.122006415645295,39.805737784432196,33.901986113602746,29.49679693245944
-133.8979373662,0.0064030642546944435,0.06424957132373607,0.7676758674944625,0.7034262961707264,1.80151033561e-19,0.917364874127,321.8854211332462,89.02213125813918,0.21664759077814774,0.2166500122709293,410.9075523913854,411.4865092778991,-0.14069887431538142,1.5865410473469348,0.2166475907984112,0.0990606455919665,0.31473901186851067,0.21664518367911978,0.09906005153623561,0.3147380681395811,0.07492027919848378,0.7835568371981213,0.7086365579996375,0.19999999999999973,0.19999775481324833,328.7269644773011,82.18058791408428,-5.98189471179289e-05,9.346434737267373e-09,0.7640029814311835,0.7640006906070798,0.7236963079782498,32.90781538051732,30.387918141537835,25.058345997568804,39.90686376894235,33.84660398933927,29.54506160544118
-133.6719726119,0.006434448248347222,0.06440673025699716,0.7671075218995933,0.7027007916425961,2.0939873941e-19,0.916848390309,321.54125758464266,88.92694778427148,0.21664759077830917,0.21665003243693046,410.4682053689142,411.04654322802224,-0.14069887428471706,1.5865410473489614,0.216647590798221,0.09890515634242458,0.3144919018709776,0.21664516380437562,0.0989045590909749,0.31449095231973667,0.0750706256281613,0.7829554514784626,0.7078848258503012,0.19999999999999982,0.1999977361298336,328.3754935418557,82.09271182705845,-5.981881937566769e-05,9.258638300480015e-09,0.7634031423018175,0.7634008373445333,0.7229286002232351,32.85311727566468,30.438511865074396,24.99476034822434,40.00838520026223,33.79162074386408,29.593135161520216
-133.4449460201,0.006465979719430556,0.06456420283527048,0.7665380401694589,0.7019738373341884,2.4348384844e-19,0.916330283615,321.1937802288327,88.83084782837997,0.21664759077833975,0.21665005305209337,410.0246280572126,410.60234092856047,-0.14069887425418592,1.5865410473511943,0.2166475907980528,0.09874957800386028,0.31424445580449034,0.21664514348314753,0.09874897747608613,0.31424350029250586,0.07522127358991322,0.782352859630614,0.7071315860407007,0.19999999999999984,0.19999771702806518,328.02063852048855,82.00398953672409,-5.9818678632694855e-05,9.180989302137732e-09,0.7628024873927952,0.7628001679662978,0.7221593527675734,32.79879152956452,30.488928200254254,24.93115600341061,40.110454559876764,33.73695542119884,29.641086088392058
-133.2168681255,0.006497657204791665,0.06472197960545534,0.7659674569418469,0.7012454773363915,2.83146003777e-19,0.915810569921,320.8429822516409,88.7338295058205,0.2166475907780783,0.21665007402915512,409.5768117574614,410.15389366864497,-0.14069887427420324,1.5865410473518575,0.21664759079769738,0.09859392326058772,0.3139966930726942,0.21664512281440762,0.0985933193996421,0.3139957314990796,0.07537221367598987,0.7817490992845307,0.7063768856085408,0.19999999999999984,0.19999769759288144,327.6623924185361,81.91441933892528,-5.981863683279798e-05,9.016942748019119e-09,0.7622010638048642,0.76219872966426,0.7213886136486017,32.745003757276244,30.53901008570783,24.867687138050687,40.212826968933285,33.682777668555275,29.688762899550145
-132.9891661936,0.006529282473111112,0.06487907577719812,0.7653993344547756,0.7005202586775775,3.28934545362e-19,0.915292482681,320.4910521025726,88.63649806467978,0.21664759077809587,0.21665009504165983,409.1275501672524,409.70399908189506,-0.14069887429324357,1.5865410473525488,0.2166475907976063,0.09843916510669215,0.3137501635165983,0.21664510211094362,0.09843855792463552,0.3137491958948031,0.07552250330486465,0.7811479407685783,0.7056254374637136,0.19999999999999984,0.1999976781235841,327.3029900774118,81.82456008984066,-5.981859326764649e-05,8.974887499846318e-09,0.7616026336491933,0.7616002848271297,0.7206211959336822,32.69181500461488,30.588696279445998,24.804414573371375,40.31540422137371,33.62915718476277,29.736100566121113
-132.7621989485,0.006560805701597225,0.0650352508584199,0.7648345429942569,0.699799292135837,3.81622192914e-19,0.91477680994,320.1385575633607,88.53901053323621,0.21664759077823603,0.21665011593414793,408.67756809659693,409.2533829994573,-0.14069887428668215,1.5865410473533905,0.21664759079755344,0.09828553910389748,0.31350524573585287,0.21664508152796408,0.0982849286480244,0.31350427213679943,0.07567191207040418,0.780550305706154,0.7048783936357499,0.20000000000000034,0.19999765876722014,326.9430112865963,81.73455681000056,-5.9818540210088145e-05,8.95050700222555e-09,0.7610081159451942,0.7610057526138294,0.7198582761349613,32.63934901030326,30.637865960020527,24.741481251086626,40.41795193471211,33.57620280404446,29.78299856705487
-132.5356490048,0.006592270971555554,0.06519072465832051,0.7642722606694661,0.6990815360111455,4.42257006603e-19,0.914262803158,319.78501950987425,88.44123440242745,0.216647590777998,0.21665014253237674,408.22625391230173,408.8014329266403,-0.14069887432165418,1.5865410473533716,0.2166475907974198,0.09813282191802529,0.3132615870451168,0.2166450551925174,0.0981322068796705,0.31326060537461536,0.0758206554181123,0.7799553323146553,0.704134676896543,0.1999999999999999,0.1999976341484828,326.5819689325436,81.64428497975817,-5.981854139802678e-05,8.888823010977376e-09,0.7604166545783023,0.7604142716541634,0.719098754131376,32.58750214918095,30.686610941278722,24.678820126858813,40.52057573496658,33.52382034587262,29.829535825057533
-132.3089493794,0.00662375703063889,0.0653458953466244,0.7637110721147231,0.6983651767680987,5.12153452826e-19,0.913749153506,319.4295570369612,88.34292604538862,0.21664759077808526,0.21665016961025943,407.7724830823499,408.3470227465264,-0.1406988742839843,1.5865410473520782,0.21664759079766296,0.09798062719555607,0.3130185732437551,0.2166450283767447,0.09798000749458477,0.31301758336327495,0.07596910907106683,0.7793615177040496,0.7033924086329828,0.20000000000000004,0.1999976090869649,326.21896141442505,81.55352166792481,-5.981862292170348e-05,9.001044354306487e-09,0.7598267586271552,0.7598243557739705,0.7183407113860452,32.53612044100305,30.73507186615182,24.61629551420982,40.62349671674795,33.47187488564863,29.875828689499524
-132.0816625851,0.006655324640958335,0.06550106400044281,0.7631498891343904,0.6976488251339477,5.9287221487e-19,0.913234852167,319.07147683878287,88.24389371814253,0.2166475907783347,0.21665019706586897,407.31537055692536,407.8892661627276,-0.14069887428057593,1.5865410473519082,0.2166475907979392,0.0978286609856899,0.3127757359286201,0.21664500117504826,0.09782803657138983,0.31277473774489817,0.0761175606975562,0.7787677111994735,0.7026501505019174,0.20000000000000015,0.1999975836750686,325.8532806518251,81.46208990510026,-5.98186336464579e-05,9.128564570914932e-09,0.7592372910817612,0.7592348680731421,0.7175826789885419,32.485166067949606,30.783281141561297,24.55383222616786,40.726840144092286,33.42032403450102,29.921912156437006
-131.8536858809,0.006686988072097222,0.06565630384933772,0.7625884613080078,0.6969321574586701,6.86176757766e-19,0.912719650848,318.71060368206594,88.14408895706896,0.21664759077818851,0.21665022184237573,406.85469263913484,407.42793916316015,-0.14069887430957495,1.5865410473519277,0.2166475907977348,0.09767685659893574,0.31253296881918835,0.2166449766986029,0.09767622812090235,0.3125319633587937,0.07626607721791177,0.7781736451170281,0.7019075678991163,0.2,0.19999756073370473,325.4847465382467,81.36994610088814,-5.981863241411034e-05,9.034217818282286e-09,0.7586479939549189,0.7586455532827772,0.7168243152237187,32.43462058298167,30.831253211104197,24.491407140181742,40.83064702147528,33.36916160892357,29.967789173719616
-131.6252362121,0.00671871719276389,0.06581147205153057,0.7620273257922782,0.6962158537407476,7.94151353891e-19,0.912204022184,318.3472688960492,88.04360339631302,0.21664759077800708,0.21665023949282788,406.3908722923622,406.96346530692443,-0.14069887431551464,1.5865410473508887,0.21664759079773582,0.0975253598910028,0.312290505604962,0.21664495942591688,0.09752472901561858,0.3122894955255757,0.07641451758716032,0.7775798836400418,0.7011653660528815,0.2,0.19999754436690986,325.11369578076324,81.2771765115989,-5.981869789506433e-05,9.034684111952629e-09,0.7580594345086127,0.7580569826242499,0.7160663403071958,32.38464998055857,30.878826870147694,24.42911714498592,40.93475806207144,33.31851454060978,30.013342845196913
-131.3966411408,0.006750466508222222,0.0659663391449461,0.7614672660091815,0.6955009268642354,9.19184856379e-19,0.911688684777,317.9819875060998,87.94257947386878,0.2166475907781372,0.21665025993553166,405.9245669799686,406.496502983739,-0.1406988743008375,1.5865410473505792,0.21664759079789717,0.09737438655779701,0.3120486926070946,0.21664493933404366,0.09737375266335603,0.3120476769074816,0.07656267136968334,0.7769872685107541,0.7004245971410707,0.20000000000000018,0.19999752542149524,324.7406580761829,81.1839089037857,-5.9818717401682875e-05,9.109157872444484e-09,0.7574724534088668,0.7574699878818674,0.7153098287774269,32.33530287884918,30.925951234992432,24.367021339639223,41.03907433171747,33.2684330844184,30.058524171021446
-131.168144032,0.00678220221777778,0.06612074632485021,0.7609088688610436,0.6947881225361934,1.06376724485e-18,0.911174163617,317.61514890615035,87.84112488210721,0.21664759077813825,0.21665028045327067,405.4562737882575,406.02754998023204,-0.14069887425184335,1.586541047350239,0.21664759079798027,0.09722409422395087,0.3118077840977529,0.216644919173582,0.09722345731584578,0.31180676278080593,0.07671038392013832,0.7763964183093484,0.6996860343892101,0.19999999999999993,0.19999750641001532,324.36603007230957,81.09024371594796,-5.981873884008948e-05,9.147504975715037e-09,0.7568876678803854,0.7568851887177714,0.7145555702923149,32.286506541478964,30.97269129180281,24.305117627616628,41.1435984520294,33.218878800423475,30.103363993948285
-130.9397896452,0.006813918104833334,0.06627466861099413,0.7603522296139293,0.6940775610029353,1.23075568917e-18,0.910660534481,317.2468287320974,87.73926053925523,0.21664759077803125,0.21665029996836774,404.98608927135257,405.5567029870992,-0.1406988742989057,1.5865410473509869,0.21664759079780957,0.09707450799827577,0.3115678224693233,0.21664490001537157,0.09707386832793702,0.3115667959329701,0.07685763012275545,0.7758074334980278,0.6989498033752723,0.19999999999999987,0.199997488324771,323.9898886106106,80.996200660742,-5.9818691711122085e-05,9.068723549887636e-09,0.7563051808271889,0.7563026889948968,0.7138036930985813,32.23832208476848,31.01898409509552,24.243443997383363,41.248264896189326,33.16988981460315,30.147823993064538
-130.7114610526,0.006845630409361113,0.06642818599822398,0.7597970445122252,0.6933688585140012,1.42341607574e-18,0.91014750986,316.87684137799795,87.63693511354641,0.21664759077835344,0.216650321612889,404.51377649154426,405.08372473225194,-0.14069887430909755,1.5865410473519985,0.21664759079786658,0.09692554709789938,0.31132868017241744,0.21664487871601906,0.09692490419987124,0.31132764766379367,0.0770044891734166,0.7752199972956689,0.6982155081222523,0.19999999999999987,0.19999746827667078,323.61204531020036,80.90173118134393,-5.981862793991155e-05,9.095035835571252e-09,0.7557246826336611,0.755722176304175,0.7130537928040259,32.190719216429585,31.06485422946429,24.181972800112163,41.35311904723347,33.12143930092643,30.19192465986915
-130.4829741104,0.00687736470688889,0.06658142751892474,0.7592428568760777,0.692661429357153,1.64541419356e-18,0.909634652634,316.50488809210134,87.53406598035761,0.21664759077823859,0.21665034324539983,404.0389540724589,404.60823330203027,-0.14069887429759564,1.5865410473512604,0.21664759079785118,0.09677708870448218,0.31109016169670517,0.21664485741416353,0.096776442609673,0.3110891232583888,0.07715108228175878,0.7746336248622219,0.697482542580463,0.2,0.19999744824072577,323.23219426811534,80.80675980434357,-5.981867446935851e-05,9.087930408213651e-09,0.7551456987146078,0.7551431779912822,0.7123052504793602,32.143703800363554,31.110291651850332,24.12068046007233,41.458200221810884,33.07351564839453,30.235672875875302
-130.2541636199,0.006909143941680555,0.06673449954708403,0.7586892478030456,0.6919547482559616,1.90078080667e-18,0.909121569926,316.13069569422737,87.43057758791632,0.21664759077809376,0.21665037234078066,403.56127328214365,404.1298794733545,-0.1406988743202664,1.5865410473520132,0.2166475907976017,0.09662902373684962,0.31085209302311223,0.21664482868419943,0.09662837275655498,0.3108510459312546,0.07729751780145566,0.7740478827821897,0.6967503649807341,0.19999999999999993,0.199997421308427,322.8500592857695,80.71121399637411,-5.981862701842644e-05,8.97277807609953e-09,0.7545678066530849,0.754565264924002,0.7115575128418836,32.09719827310547,31.155367253281696,24.05950812671021,41.56360947752823,33.02605681226283,30.27912189712858
-130.0249500164,0.006940979164388889,0.06688746391070771,0.7581360283162146,0.6912485644055069,2.12964044449e-18,0.908608061604,315.75412709340554,87.32643202182517,0.2166475907781519,0.2166504013702839,403.0805591152307,403.6484879937961,-0.14069887425767202,1.5865410473523958,0.21664759079770327,0.09648130067854396,0.3106143922591868,0.21664480001801578,0.096480644862919,0.31061333658250895,0.07744384768694976,0.7734625632407202,0.6960187155537704,0.19999999999999993,0.19999739443448697,322.4654975449884,80.61506157024233,-5.9818602904382345e-05,9.019651692199204e-09,0.7539908076619228,0.7539882450938971,0.7108103146017551,32.051130296337305,31.200147725032856,23.99841354080078,41.669421118185795,32.979021023252024,30.3223069991964
-129.7953985085,0.006972861318263889,0.06704027852062643,0.7575833491090713,0.6905430705884449,2.32702189726e-18,0.908094251635,315.37528231200133,87.22165694459746,0.21664759077814535,0.21665043066597145,402.5969392565988,403.1641867289951,-0.1406988743217985,1.5865410473522712,0.21664759079757084,0.09633396118823696,0.310377127359986,0.21664477109215582,0.09633330051062164,0.31037606304388493,0.07759003178140617,0.7728778268622359,0.6952877950808298,0.19999999999999987,0.19999736731380377,322.07861131668363,80.51832793991512,-5.981861075365913e-05,8.958522812463343e-09,0.7534148666964154,0.7534122831569028,0.710063860807181,32.00557967654952,31.244552047051336,23.937437226485137,41.77556647098247,32.93246662802238,30.365171588729268
-129.5656510847,0.007004770682680557,0.06719285109522492,0.7570315437527781,0.6898386926575533,2.54054727461e-18,0.907580434485,314.99439093743626,87.11631585189352,0.21664759077786683,0.2166504602465199,402.1107067893298,402.6772691741122,-0.14069887429812855,1.5865410473519301,0.21664759079749196,0.09618709521381419,0.31014044433742305,0.21664474188483748,0.09618642964403912,0.3101393713220544,0.07773598162060645,0.7722940275050318,0.6945580458844254,0.20000000000000037,0.19999733993093022,321.68963507371757,80.42107171561221,-5.9818632258679116e-05,8.92212970171613e-09,0.7528403381884344,0.7528377335321674,0.709318603180791,31.960573197942107,31.28855023364814,23.876636147547792,41.88194659500657,32.8864329729189,30.407676041468935
-129.3361534736,0.0070366453508888885,0.0673448926968706,0.7564816738672503,0.6891367811703797,2.77031504338e-18,0.907067581296,314.61219382411497,87.01061363816618,0.21664759077791632,0.21665048644572288,401.6228074622812,402.1886824109324,-0.14069887428435068,1.586541047350802,0.21664759079768625,0.09604098434944541,0.30990479884868743,0.2166447160538817,0.09604031468238432,0.30990371840683734,0.07788141727737906,0.771712284878921,0.6938308676015419,0.19999999999999982,0.19999731567131235,321.29932405744864,80.32348340483254,-5.9818703368463844e-05,9.01181351764535e-09,0.7522683282082098,0.7522657055247719,0.7085759711042717,31.91619388550133,31.332056810642236,23.8161107639184,41.988383826086675,32.84100994463721,30.449733479140328
-129.1074507516,0.007068409617833333,0.0674960495732208,0.7559350241486901,0.6884389745754693,3.01635686651e-18,0.90655688083,314.2296117604383,86.90480496088333,0.2166475907781763,0.21665050804874655,401.1344167213216,401.6996035414805,-0.14069887427721195,1.5865410473493875,0.21664759079809293,0.09589596821288116,0.30967074161580255,0.2166446948127939,0.09589529551276099,0.3096696554600741,0.07802599911767191,0.7711339575197782,0.6931079584021063,0.20000000000000004,0.1999972956656523,320.90861817863845,80.22579854268314,-5.981879251937272e-05,9.19950782218848e-09,0.751700173588012,0.7516975370346058,0.7078376988365921,31.872509459681,31.375000492666214,23.755884107045425,42.09483408379754,32.796230334401514,30.491309208517567
-128.8790294866,0.007100134793527779,0.06764666110754793,0.7553903372323264,0.6877436761247785,3.28000266771e-18,0.906047158499,313.84579924211266,86.79865598321032,0.21664759077819923,0.21665053163283782,400.644455225323,401.2089517039429,-0.1406988742954307,1.5865410473486092,0.2166475907982994,0.09575171364605234,0.30943773791516177,0.21664467161292417,0.09575103747564623,0.3094366453341398,0.0781700575907983,0.7705577236283082,0.6923876660375099,0.19999999999999976,0.19999727382436416,320.51665640741084,80.12779881791214,-5.981884156902595e-05,9.294809366622303e-09,0.7511345763304073,0.7511319241801312,0.7071020990160087,31.82950232065664,31.417393521450766,23.69593812201601,42.20132559642765,32.75205781331521,30.532432670336036
-128.6502947937,0.0071319035008750005,0.06779711848290011,0.7548461775240584,0.6870490590411582,3.56282984829e-18,0.905537062699,313.45975769960006,86.69189053618938,0.2166475907781496,0.21665056181217848,400.1516482357894,400.7154503635159,-0.14069887427974326,1.5865410473498198,0.21664759079795423,0.09560784192357304,0.3092051777114559,0.2166446418705621,0.09560716082095687,0.3092040763330213,0.07831397085675021,0.7699820705627692,0.6916680997060191,0.20000000000000007,0.1999972458943063,320.1224206485643,80.02922758722514,-5.98187652744997e-05,9.135492362588593e-09,0.750570055625018,0.7505673821197488,0.7063672406579876,31.786949674773332,31.45945144883207,23.636092116654794,42.30817831748786,32.708315285688634,30.57326527721057
-128.4208747388,0.00716376739738889,0.06794767615277507,0.754301668434343,0.6863539922815679,3.86601788287e-18,0.905025741809,313.07084964785594,86.58433231404021,0.21664759077813064,0.21665058909464702,399.6551819618961,400.21828458307607,-0.14069887430719907,1.586541047351939,0.21664759079774767,0.0954641202605625,0.3089726852984945,0.216644615001528,0.09546343491685184,0.30897157622805993,0.07845797326901462,0.7694060609126794,0.6909480876436648,0.20000000000000015,0.19999722063630815,319.7252563566189,79.92992560527722,-5.9818631692465374e-05,9.040146409233785e-09,0.7500056994760673,0.7500030072991029,0.7056319270965529,31.744823399418905,31.50119902756508,23.576278190767553,42.415515795516825,32.66497293610544,30.613832191321794
-128.1907214594,0.007195733130638887,0.06809836238380183,0.7537566906427701,0.6856583282589682,4.18996925439e-18,0.904513067369,312.6789795138894,86.47595488479281,0.2166475907784201,0.21665061723946552,399.15493439868214,399.71733218580573,-0.14069887438910023,1.5865410473492163,0.2166475907981214,0.09532052070938585,0.3087402155686652,0.2166445872982656,0.09531983096097957,0.3087390985297774,0.07860209503113258,0.76882957386608,0.6902274788349474,0.20000000000000012,0.19999719457998022,319.3250673161897,79.82986708249247,-5.981880331074052e-05,9.212652862800041e-09,0.7494413983885483,0.749438686868821,0.7048960041068647,31.703142181727934,31.54261474360572,23.516493464495177,42.52334649763086,32.622049698966364,30.654113068550846
-127.9600682066,0.007227768304638889,0.06824903326934918,0.7532118046960946,0.6849627714267454,4.53447895906e-18,0.903999535612,312.28453209807884,86.3668646701999,0.21664759077816992,0.21665063743461807,398.65139676827874,399.2130850849273,-0.14069887426887417,1.5865410473500694,0.21664759079802293,0.09517719064074204,0.3085080074175418,0.21664456747169164,0.0951764983039981,0.3085068853429338,0.07874619020750209,0.7682531931601073,0.6895070029526053,0.20000000000000018,0.19999717586643115,318.92224325941487,79.72915350886387,-5.981874954263944e-05,9.167200332171888e-09,0.7488777322617542,0.7488750085182317,0.7041602168684667,31.661979718225048,31.58362202551684,23.45679953837262,42.63156183622217,32.5796128803416,30.69404181298286
-127.7292781961,0.00725982247276389,0.06839944731728513,0.7526678515066741,0.6842684041893891,4.90095519609e-18,0.903485930056,311.8881229220221,86.25723190224357,0.2166475907782875,0.21665065677502557,398.1453548242656,398.7063301424986,-0.1406988742898796,1.5865410473498638,0.21664759079803236,0.0950343545683647,0.3082764255799731,0.2166445485306185,0.09503365984490675,0.3082752987913672,0.07889003413453653,0.767677817452021,0.6887877833174845,0.19999999999999998,0.1999971579421955,318.5174154115255,79.62793941274013,-5.9818762498942135e-05,9.171552406428418e-09,0.7483155864594356,0.7483128512730722,0.703425712574712,31.621449445770264,31.624103813298213,23.3972922832538,42.7399883667621,32.5377506559983,30.733531969446418
-127.4986219793,0.0072918580584305556,0.0685494311831321,0.7521254552579802,0.6835760240748482,5.29000968503e-18,0.902972826158,311.4902182178034,86.14718552401727,0.21664759077833431,0.2166506758082058,397.6374037418207,398.19766337159245,-0.14069887427965444,1.586541047350767,0.2166475907980722,0.09489217676274692,0.30804573810190417,0.21664452991278027,0.0948914797340776,0.30804460672778805,0.07903346138910973,0.7671041084339316,0.6880706470448219,0.2,0.19999714030172602,318.11106011645376,79.52634362536699,-5.981870556670543e-05,9.18993769971621e-09,0.7477556116410069,0.7477528653236958,0.7026933359184635,31.58151150625566,31.664095614990444,23.337988536044715,42.848594190349125,32.49644467235434,30.772597128163028
-127.2681557819,0.007323867252513888,0.06869895178088523,0.7515847322589364,0.6828857804780512,5.70339659985e-18,0.902460321981,311.0909202029693,86.03675380528934,0.21664759077832518,0.21665069523003883,397.1276740082586,397.68721544353235,-0.14069887427728967,1.586541047349255,0.2166475907981923,0.09475068756827515,0.30781599628394096,0.2166445108982307,0.0947499881670057,0.3078148602114682,0.07917644082733331,0.766532190681632,0.6873557498542987,0.19999999999999976,0.1999971223030842,317.70328201968954,79.42439198856906,-5.9818800868249866e-05,9.245382237565991e-09,0.7471979323344561,0.7471951746122719,0.7019632459287146,31.54215754800591,31.703601710759315,23.27889656239448,42.957362576000875,32.455695204764936,30.811233396509913
-127.0377795215,0.007355863955347222,0.06884807872527132,0.7510454341988608,0.6821973554735895,6.14771585232e-18,0.901948168369,310.69006023508234,85.925890105495,0.21664759077820683,0.21665071431021904,396.61595034057734,397.17477077200994,-0.14069887428810324,1.5865410473464807,0.21664759079854914,0.09460982152339839,0.30758709583368155,0.2166444922238888,0.09460911984327033,0.3075859552113365,0.07931903818569215,0.7659618012499795,0.6866427630642873,0.2,0.19999710462031103,317.29390862622876,79.32204171434853,-5.9818975728376245e-05,9.41009492549938e-09,0.746642295378583,0.7466395266119593,0.7012351069387858,31.503410176582882,31.74259530618435,23.220037576328345,43.06625244308172,32.41552293677399,30.849417482805556
-126.8075515815,0.007387840058125,0.06899677673289882,0.7505076813772564,0.6815109046443576,6.63898906638e-18,0.90143646867,310.287744219132,85.8146237143475,0.21664759077824805,0.21665073460376455,396.10236793347946,396.66046474208963,-0.14069887428107553,1.5865410473424948,0.21664759079910167,0.09446961030375123,0.3073590901596229,0.21664447231320422,0.09446890610443662,0.3073579445930048,0.07946122101629745,0.7653930699303207,0.6859318489140233,0.19999999999999993,0.1999970858217442,316.8830486596912,79.21931927378819,-5.981922697184672e-05,9.66513535871627e-09,0.7460888304181071,0.7460860496496684,0.7005090846357763,31.465245876261644,31.7810960045423,23.161367018916152,43.1753444942731,32.37589364332909,30.88717831286938
-126.5772074313,0.007419832301208335,0.06914522039255107,0.7499708438169644,0.6808256234244133,7.18556399228e-18,0.900924609014,309.8835119418251,85.70282735297201,0.2166475907781662,0.2166507558761947,395.58633929479714,396.1437090338936,-0.1406988742685633,1.5865410473393011,0.21664759079949208,0.09432988972218403,0.3071317139635437,0.21664445144749273,0.09432918280193565,0.30713056311923054,0.07960315575345242,0.7648253309836563,0.6852221752302039,0.20000000000000007,0.19999706611568935,316.47023204039203,79.11610725440507,-5.981942826638331e-05,9.845346760073426e-09,0.7455368934634866,0.7455340998838786,0.6997843291612645,31.42761684233701,31.819148267484042,23.10284284315584,43.284716378367584,32.336766222034186,30.924551735745386
-126.3464995299,0.007451875065291666,0.06929357261479073,0.7494343377401504,0.6801407651253597,7.79697154777e-18,0.900412014156,309.4769253605305,85.59037987421046,0.21664759077786602,0.2166507769677579,395.06730523474096,395.6239436698838,-0.14069887428433958,1.586541047336268,0.2166475907996725,0.09419050848084755,0.3069047221546901,0.21664443076901355,0.09418979889882668,0.3069035661226938,0.07974499687615867,0.7642579664937298,0.6845129696175711,0.19999999999999984,0.19999704657750234,316.05501098846014,79.01229424628083,-5.981961944678815e-05,9.928613486920312e-09,0.7449858895771394,0.7449830834048587,0.69906005170526,31.39050175627456,31.856770170935953,23.044425804378704,43.39444204376698,32.29812123825749,30.96155323163159
-126.1153582128,0.007483978025999999,0.06944188010268541,0.7488979951292876,0.6794561150266022,8.48264528544e-18,0.899898504174,309.067854570282,85.47724535139723,0.2166475907782538,0.2166507977185584,394.54509992167925,395.1010025847506,-0.14069887432190953,1.5865410473327872,0.21664759080032428,0.09405142440355575,0.30667804682362865,0.2166444104627515,0.09405071225013892,0.306676885744816,0.0798867886356668,0.7636907994589571,0.6838040108232903,0.20000000000000032,0.19999702735259411,315.6372527808112,78.90784714086807,-5.981983883796005e-05,1.0229461722133237e-08,0.7444356539145194,0.7444328354915084,0.6983360263129235,31.353910977365704,31.893947798789664,22.986105425711617,43.50454248249588,32.259965830432655,30.99817294464222
-125.8838468646,0.007516132379916667,0.06959010334705533,0.7483619559965674,0.6787718526495121,9.25174908849e-18,0.899384194314,308.65640458560785,85.36345282725263,0.21664759077816576,0.2166508187037352,394.0198574128605,394.57502002410075,-0.1406988742486348,1.5865410473323187,0.21664759080049112,0.09391267550075688,0.30645175068965896,0.21664438991160367,0.09391196075367432,0.3064505845216718,0.08002849363497519,0.7631239794625533,0.6830954858275781,0.20000000000000023,0.19999700790935732,315.2170648734168,78.80279253944371,-5.9819868369892504e-05,1.0306466791121238e-08,0.7438863387215511,0.7438835079449888,0.6976124439381237,31.317881113108296,31.93064040279033,22.92790529529002,43.6149742909757,32.22232597775604,31.03438282792892
-125.652093629,0.007548320329305555,0.06973815865103575,0.7478265042439841,0.6780883455929484,1.0113496093e-17,0.898869343297,308.2427981634207,85.2490639088075,0.21664759077828005,0.21665084401060836,393.4918620722282,394.04628075336933,-0.14069887427465844,1.5865410473333939,0.21664759080032683,0.09377433760991417,0.30622595841945566,0.21664436505857756,0.09377361935923931,0.3062247856709827,0.08017003543125087,0.7625578122766346,0.6823877768453837,0.2,0.19999698447449554,314.7946762425284,78.69718582969978,-5.981980060187908e-05,1.023063855853934e-08,0.7433382466163007,0.7433353998661523,0.6968896949185376,31.282390701662173,31.96686626469586,22.86983047074071,43.72572858724877,32.18518896981072,31.07019197364312
-125.4202489145,0.007580520984097223,0.0698859567376188,0.7472919831218136,0.6774060263841948,1.10774623712e-17,0.898354258804,307.8273019068026,85.13415232881206,0.21664759077811918,0.21665086919307042,392.9614542356146,393.5151255875547,-0.14069887430968597,1.5865410473358315,0.21664759079987825,0.09363649895162356,0.3060008152793446,0.21664434033233376,0.09363577725201261,0.30599963603248387,0.08031132433898966,0.7619926566434395,0.6816813323044498,0.20000000000000004,0.19999696115404222,314.3703575378185,78.59109669779616,-5.98196469581147e-05,1.0023581964446748e-08,0.7427917302207879,0.7427888676963393,0.6961682372117712,31.2474312187966,32.00263064819419,22.811892687037304,43.836783458491496,32.148556112418824,31.105596049264093
-125.1883910485,0.007612723465486112,0.07003345066501179,0.7467585613564911,0.6767251106914793,1.21563163426e-17,0.897839088316,307.4100569556462,85.0187571218602,0.21664759077825674,0.21665089447101996,392.4288140775064,392.98173495446326,-0.14069887421636063,1.5865410473390116,0.2166475907997377,0.09349920349327612,0.30577639459787626,0.2166443155154692,0.09349847834822075,0.30577520885156917,0.080452315492833,0.7614286920273585,0.6809763765345256,0.19999999999999976,0.1999969377462011,313.9442529786318,78.48456109887456,-5.981944651844984e-05,9.958700530887654e-09,0.7422469675340185,0.7422440892327001,0.6954482999149681,31.21304338210171,32.03788838397679,22.754122669711514,43.94807984977249,32.112461983980594,31.140558469134294
-124.9564966138,0.007644931025861111,0.0701806586292863,0.7462261733611324,0.676045514731846,1.33685782589e-17,0.897323753424,306.99102258696746,84.90286702506923,0.21664759077800513,0.21665091979952,391.8938896120367,392.4460567961667,-0.14069887429569716,1.5865410473393688,0.21664759079933388,0.09336243463437799,0.30555267080223336,0.2166442906522166,0.09336170605678887,0.3055514785707784,0.08059302607117806,0.7608658497119589,0.6802728236407809,0.20000000000000004,0.1999969142901244,313.5163209604747,78.37756865156197,-5.981942399202467e-05,9.772316289513583e-09,0.7417038964800887,0.741701002436609,0.6947297953078847,31.179207212985215,32.072656407489724,22.69650803286328,44.05964118145644,32.076893811321106,31.175088394845247
-124.724482552,0.007677155201111112,0.07032763808444188,0.7456946197542755,0.6753669816698337,1.47348990311e-17,0.89680804332,306.5700489855608,84.78644060528502,0.21664759077823723,0.2166509433728885,391.3564895908458,391.90789959397324,-0.14069887432702766,1.586541047338981,0.2166475907995126,0.09322614113641686,0.3053295615174149,0.2166442675543803,0.09322540952141709,0.30532836344076697,0.08073350911246167,0.7603039175477166,0.679570408435255,0.2000000000000001,0.19999689245746502,313.0864078296144,78.27008176123142,-5.98194484502379e-05,9.854805860243232e-09,0.7411623171004804,0.741159408868277,0.6940124525668584,31.145918755870767,32.106935352854464,22.63903506696449,44.171493928167806,32.04184807860989,31.209186110197184
-124.492247758,0.007709410033611111,0.07047445577275382,0.7451636591013892,0.6746892033286354,1.62796470398e-17,0.896291707055,306.14695096576366,84.66942664649181,0.21664759077854137,0.2166509651950848,390.81637761225545,391.36702661314223,-0.14069887431550354,1.5865410473383523,0.21664759079997079,0.09309026189905861,0.3051069679621536,0.2166442461981962,0.09308952764179249,0.3051057646813519,0.08087382824533432,0.7597426410185196,0.6788688127731853,0.1999999999999998,0.19999687224457455,312.6543244678498,78.16205314440566,-5.981948806299542e-05,1.0066303346434324e-08,0.7406219896118179,0.7406190687469608,0.6932959467860015,31.113255663535355,32.14064162279222,22.581764539058,44.28351904344651,32.007386634984684,31.24278815400008
-124.2600890271,0.007741654301791667,0.07062092167366231,0.7446339514058683,0.674013029732206,1.80271359775e-17,0.895775378519,305.722269729301,84.55197482559687,0.21664759077819032,0.21665099115954428,390.27424455489785,390.82412970574313,-0.14069887426328975,1.5865410473405366,0.2166475907993553,0.09295496789039423,0.3048851716472847,0.21664422071825362,0.09295423013281276,0.30488396175071714,0.0810138071893608,0.7591827252393357,0.6781689180499749,0.19999999999999998,0.1999968482008455,312.22062570995234,78.05361884494556,-5.9819350395340365e-05,9.782197274432747e-09,0.7400835973584258,0.7400806604343428,0.6925811780918902,31.081169719742174,32.1738212884832,22.52468144866159,44.39574438729387,31.97347587443003,31.275923954196188
-124.0282606148,0.007773852692388889,0.07076688777716574,0.7441060726603239,0.6733391848831581,2.00053586483e-17,0.895259596924,305.2964770238285,84.43421561185006,0.21664759077822857,0.2166510124080398,389.73069263567857,390.27981193745205,-0.14069887423781013,1.5865410473395885,0.21664759079962803,0.09282040339532782,0.3046644111072506,0.216644199958678,0.09281966314849704,0.304663196248738,0.08115329606653408,0.7586247697320064,0.6774714736654723,0.2000000000000002,0.19999682851940645,311.7857901318713,77.94490250380731,-5.981941015864578e-05,9.90809656542524e-09,0.739547719362981,0.7395447703941859,0.6918689118104138,31.04964123700533,32.2064912881566,22.46777418763493,44.508191672602216,31.940102275142404,31.308603566315334
-123.7964657653,0.007806046421486111,0.07091253959103216,0.7435793261349096,0.6726667865438775,2.18830154102e-17,0.894743676686,304.86903400773775,84.31599998046892,0.2166475907781796,0.21665103455550935,389.18503398820667,389.7333844728214,-0.14069887427182737,1.5865410473391035,0.21664759079949925,0.09268639188517847,0.30444439867597906,0.21664417829226318,0.09268564898067568,0.30444317857471476,0.08129247728910408,0.75806804484108,0.676775567551976,0.19999999999999973,0.19999680800865285,311.34926946582624,77.83576452238039,-5.981944072308565e-05,9.848633020226316e-09,0.7390136573398288,0.7390106956446866,0.6911582164908575,31.018711216091848,32.23860569297996,22.411060166432677,44.620825278841636,31.907293574513456,31.340796663455297
-123.5643895227,0.007838279232958333,0.07105807791418517,0.7430529864113586,0.6719949084971735,2.37820379613e-17,0.894226891375,304.4393593432837,84.19716715407789,0.21664759077824228,0.21665105745237784,388.63652649736156,389.1841041508893,-0.14069887430845363,1.5865410473404897,0.21664759079931362,0.09255274938905697,0.30422483361661484,0.21664415585534302,0.09255200370066648,0.3042236080593787,0.08143154241950513,0.7575117843185528,0.6760802418990477,0.19999999999999962,0.19999678680545954,310.9104699626544,77.72605653470714,-5.981935334853361e-05,9.762968211646239e-09,0.738480681275068,0.7384777063360043,0.6904481139676583,30.988314602781987,32.27022872390177,22.35446020200437,44.73380215686608,31.87498733500908,31.372561484963335
-123.3318557145,0.007870575595208335,0.0712036154733067,0.7425266476184414,0.6713230321451348,2.59388950059e-17,0.893708822775,304.00712092616715,84.07762528418058,0.21664759077804427,0.21665108076950412,388.08474621034776,388.6315464214107,-0.14069887431887862,1.5865410473391135,0.2166475907994379,0.09241937425467861,0.30400554971032784,0.2166441330213614,0.09241862571242412,0.30400431857528626,0.08157059857326007,0.7569555597041523,0.6753849611308922,0.19999999999999984,0.19999676521155957,310.46905234032914,77.6156938700186,-5.9819440090258524e-05,9.820322333098375e-09,0.7379483876862036,0.7379453992074774,0.6897380572831108,30.958434983345086,32.30137442470773,22.29793930044564,44.84719356913911,31.84316522469889,31.40391330270014
-123.098875601,0.007902933944305555,0.0713491472601565,0.7420003301721975,0.670651182912041,2.84008877933e-17,0.893189469683,303.57233197670206,83.95737802732984,0.2166475907781531,0.21665110399324106,387.52971000403187,388.075728184882,-0.1406988742645665,1.5865410473427606,0.21664759079898604,0.09228627328595657,0.30378655876446636,0.21664411029056826,0.09228552193157522,0.3037853221134543,0.08170964028678351,0.7563993928477974,0.6746897525610139,0.20000000000000023,0.19999674370325426,310.025029914959,77.5046800890728,-5.9819210218581276e-05,9.611755835692293e-09,0.7374168052345992,0.7374138033663099,0.6890280743311784,30.92907678190871,32.33203522534266,22.24149903026798,44.96099829598362,31.811835120764137,31.43484166203548
-122.8656045252,0.007935332704833334,0.07149457844450743,0.7414743783295572,0.6699797998850497,3.12303194408e-17,0.89266915193,303.13527658100236,83.83650395149986,0.2166475907781558,0.21665112682246293,386.9717805325023,387.5170126070292,-0.14069887431751305,1.58654104734536,0.21664759079859808,0.09215353496497747,0.30356800714992593,0.2166440879596342,0.09215278090262127,0.30356676514832986,0.08184857649493399,0.7558436480132574,0.6739950715183234,0.19999999999999998,0.19999672255834644,309.5786927034341,77.39308782906818,-5.98190463718673e-05,9.432676861820255e-09,0.7368862892235264,0.7368832743671357,0.6883186301172971,30.90026886262565,32.36217796180781,22.185172106056267,45.07515178243818,31.781025356275237,31.465315822560385
-122.6322288099,0.007967745998625,0.07163979497006939,0.7409492021581935,0.669309407188124,3.44968340862e-17,0.892148258912,302.6963018532602,83.7150990562835,0.21664759077820442,0.21665114976297725,386.41140090954366,386.9558434256947,-0.14069887440674167,1.5865410473451378,0.21664759079845386,0.09202126382061038,0.30335006810714643,0.2166440655225647,0.09202050704824785,0.30334882074642694,0.08198729854773232,0.7552887598013396,0.6733014612536072,0.20000000000000004,0.1999967013110498,309.13039537865336,77.28100553089033,-5.981906038288187e-05,9.36610788926373e-09,0.7363572601798585,0.7363542323146379,0.6876102794372703,30.87203861790387,32.391770831099635,22.128999141349887,45.18957200063406,31.75076182208553,31.495307281238507
-122.3988973961,0.008000153139430557,0.07178470684444178,0.7404251246412606,0.6686404177968188,3.8274363053e-17,0.891627097467,302.2556897295785,83.59324131520927,0.21664759077823156,0.2166511733541896,385.8489310447878,386.39258105699264,-0.14069887437220263,1.5865410473471162,0.21664759079825557,0.09188954166957877,0.30313287790930693,0.21664404245707247,0.09188878206645759,0.3031316249856778,0.08212572080767937,0.754735070760563,0.6726093499528837,0.20000000000000018,0.19999667946108635,308.68042606222053,77.16850498256723,-5.9818935682631746e-05,9.274581103113633e-09,0.7358300488954933,0.7358270075267687,0.6869034595768082,30.844391128876854,32.42080531989458,22.073002040801395,45.304213633991644,31.721052234267116,31.524805438822607
-122.1656698208,0.008032545858222221,0.0719292806216215,0.7399022669275808,0.6679729863059592,4.26433005548e-17,0.891105775609,301.8135567640553,83.4709629629976,0.21664759077818893,0.2166511975248645,385.2845197270529,385.8273744996379,-0.1406988742799875,1.586541047349229,0.2166475907981602,0.09175839890661919,0.30291648833732904,0.21664401880971842,0.09175763637775831,0.30291522968936097,0.08226381114923728,0.7541827093938567,0.6719188982446194,0.19999999999999993,0.1999966570754464,308.22890375872345,77.05561596832946,-5.981880251137994e-05,9.230571862417492e-09,0.7353047810643457,0.7353017258002605,0.6861983345780095,30.81731229511075,32.44929312536618,22.017177059564467,45.41908334999698,31.69188716150288,31.553816751396585
-121.9324651819,0.008064935391402777,0.07207357100754794,0.7393804367226235,0.6673068657150756,4.76940590887e-17,0.890584087795,301.36975351824225,83.34822267023517,0.21664759077803528,0.21665122105384044,384.7179761884774,385.2600327177058,-0.1406988743173465,1.5865410473511712,0.2166475907977595,0.09162778698658393,0.30270082092155604,0.2166439957743603,0.09162702169714851,0.30269955681690136,0.08240162054967241,0.753631471790114,0.6712298512404417,0.1999999999999999,0.19999663528330985,307.7756754177774,76.94230077070002,-5.981868008708702e-05,9.04560870651494e-09,0.7347812662077985,0.7347781976980569,0.685494644135684,30.790794762915006,32.47723898326971,21.961507554872476,45.534214693660026,31.663256902162907,31.582348053768605
-121.6991121838,0.00809734553002778,0.07221768730552831,0.7388592403038698,0.6666415529983415,5.35300247037e-17,0.890061625937,300.92395519785026,83.22493061050467,0.21664759077818624,0.2166512436523453,384.14888580835486,384.6901405056666,-0.14069887432006656,1.5865410473556463,0.21664759079720075,0.09149760773781462,0.3024857149318206,0.21664397367524696,0.09149683990274407,0.30248444572034455,0.08253925290716434,0.753080942357351,0.6705416894501867,0.19999999999999982,0.19999661434989444,307.32040924039967,76.82847656795519,-5.981839802382538e-05,8.787703897894517e-09,0.7342591141666329,0.7342560332605038,0.6847918577196047,30.764851549515885,32.50462620924741,21.905975720433208,45.6496443145069,31.635162572567765,31.610395480222497
-121.46540352,0.008129805066666667,0.07236175607296651,0.7383382015246744,0.665976445451708,5.98508221672e-17,0.88953790051,300.4757628378087,83.10097644397676,0.21664759077825263,0.21665126938077348,383.5767392817854,384.1171878408645,-0.14069887424641436,1.586541047356768,0.2166475907971819,0.09136774437547392,0.3022709783877273,0.21664394849514304,0.09136697337210242,0.3022697030337351,0.08267683263836986,0.7525306234324307,0.6698537907940608,0.20000000000000007,0.19999659052046337,306.86269922247163,76.71404005931377,-5.981832732482317e-05,8.778999749381455e-09,0.7337378589242799,0.7337347631076996,0.6840893400297091,30.739444359388344,32.531492381858335,21.85053724458924,45.76546511448481,31.607569955803452,31.637990563598844
-121.2312591943,0.008162325111902778,0.07250583221052682,0.7378171401928725,0.6653113079823456,6.52260315e-17,0.889012706007,300.02501699256123,82.97631607353007,0.21664759077799747,0.21665129424854315,383.00133306609126,383.5409708945963,-0.14069887429399852,1.5865410473584842,0.21664759079672521,0.09123815259426632,0.30205653873781035,0.21664392420225925,0.0912373786202199,0.30205525756096335,0.08281440821107092,0.7519803211393432,0.6691659129282723,0.20000000000000004,0.19999656748400693,306.4023811110742,76.59895195501714,-5.9818219155793884e-05,8.568212805926123e-09,0.7332173243680423,0.7332142144169624,0.6833868435719814,30.714557832326527,32.557851083485815,21.7951723598715,45.88172020337699,31.58047036854472,31.665139509639346
-120.9967698123,0.008194893081625,0.0726498603954331,0.7372962492368991,0.664646388841466,7.11372311139e-17,0.888486219318,299.5718862253291,82.85099611812271,0.21664759077809237,0.2166513197773006,382.42288234345176,382.9617051515603,-0.14069887428960204,1.5865410473611352,0.21664759079644416,0.09110888238441997,0.3018424794233243,0.21664389925729519,0.09110810532930119,0.30184119223409717,0.08295192806027585,0.7514302417411199,0.6684783136808441,0.20000000000000004,0.19999654383584703,305.9396275910186,76.48325475243313,-5.981805205612645e-05,8.438472143268427e-09,0.7326977130446809,0.7326945884990443,0.682684631653735,30.690230195605935,32.583659152324465,21.73991612915538,45.998337530792085,31.55389987978838,31.69180366958516
-120.7621738603,0.008227475852736112,0.07279369741062167,0.7367760503248127,0.663982352914191,7.76396193482e-17,0.887958950099,299.1168292092929,82.72514343038883,0.21664759077821677,0.21665134513601256,381.8419726396817,382.379976962867,-0.14069887431304995,1.5865410473640253,0.21664759079615528,0.09098006405223372,0.3016290172583429,0.21664387448873218,0.09097928397347259,0.30162772414596206,0.08308925450189547,0.7508809359731972,0.6677916814713016,0.19999999999999973,0.1999965203449648,305.47490679008814,76.3670658495936,-5.981786989073257e-05,8.305134358010946e-09,0.7321795512524698,0.7321764123288663,0.6819834073245986,30.666471624175646,32.608903047446084,21.68479178898925,46.11526869756543,31.527869540230185,31.71796935799865
-120.5276021157,0.008260055261708333,0.0729372658761042,0.7362568218719371,0.6633195559958329,8.47968061879e-17,0.887431167504,298.6601015528485,82.59882870255252,0.21664759077832094,0.2166513706236167,381.258930255401,381.79611308843386,-0.1406988742466364,1.5865410473666581,0.21664759079591134,0.0908517670070792,0.30141626865031557,0.21664384959874658,0.09085098389986904,0.30141496960149317,0.08322631378432516,0.7503326988422605,0.6671063850579353,0.20000000000000032,0.19999649673457998,305.0084798555473,76.25045039985378,-5.9817703945697076e-05,8.192535538853463e-09,0.7316631215608873,0.7316599682270619,0.6812835471796127,30.643308804015593,32.63355163098304,21.629842060290205,46.232422650735856,31.502404178745675,31.743608974285493
-120.2931200707,0.008292622212402779,0.07308052739787153,0.7357386945056734,0.6626581671078019,9.2680444826e-17,0.886902995016,298.2018349068566,82.47208834446315,0.21664759077814563,0.2166513980103379,380.67392325131976,381.21028182643784,-0.1406988742665316,1.5865410473675454,0.21664759079558354,0.09072402399723296,0.301204289473495,0.216643822811238,0.0907232375032547,0.3012029838883651,0.08336307079302857,0.7497856708058042,0.6664226000127755,0.20000000000000007,0.19999647137028467,304.54048185837325,76.13344139294651,-5.9817648023763326e-05,8.041234345057546e-09,0.7311485596000716,0.731145390399899,0.6805852305220165,30.620728253979113,32.65761649120973,21.57506350110606,46.34980564246007,31.47749427010352,31.768729474435112
-120.0586559282,0.008325186676638889,0.07322353070869973,0.73522149948716,0.6619979687784603,1.01375474129e-16,0.886374247344,297.7418930589934,82.34488468482228,0.2166475907781354,0.21665142565217854,380.0867777438157,380.62230904789897,-0.1406988742785109,1.5865410473686936,0.21664759079543497,0.0905967930430969,0.3009930116183711,0.2166437957445718,0.09059600314597085,0.3009916994635747,0.08349957037491551,0.7492396724775149,0.6657401021025994,0.19999999999999984,0.19999644577360212,304.07077310951144,76.0160046343042,-5.981757564832435e-05,7.972666971056697e-09,0.7306357000398069,0.730632514892311,0.6798882283532437,30.598716359429538,32.68110950320412,21.52043331752463,46.467465837952005,31.453123986941456,31.793344292769607
-119.8240095034,0.008357776457861111,0.07336640016918733,0.7347047839372997,0.6613383837681124,1.10981670189e-16,0.885844449076,297.2798844897503,82.21710944310679,0.21664759077815818,0.21665145430068972,379.4969939328571,380.03169424880645,-0.14069887434159378,1.5865410473691681,0.21664759079534843,0.09046996345004829,0.3007822525516562,0.2166437677016687,0.09046916997158251,0.30078093352402263,0.08363593168447453,0.748694227238847,0.6650582955543725,0.1999999999999999,0.19999641924060338,303.5989540337127,75.89803989914441,-5.981754573891607e-05,7.932721146630684e-09,0.7301240997955986,0.7301208979648575,0.679191932239055,30.577283317471192,32.704017214917904,21.465941040721273,46.58542563323836,31.429300073207138,31.817444157863395
-119.58903803,0.008390411384722223,0.07350922259143948,0.7341882220521715,0.660678999460732,1.21619914484e-16,0.885313253014,296.8155255853374,82.08868418176102,0.21664759077820375,0.21665148645401242,378.9042097670984,379.43807486702906,-0.14069887428080907,1.586541047369522,0.21664759079534135,0.09034345700252981,0.3005718832534571,0.2166437361023612,0.09034265929381405,0.30057055626560303,0.08377223983530974,0.7481489946354685,0.6643767548001587,0.20000000000000012,0.19999638947325352,303.12473585746244,75.77947390963597,-5.98175234345355e-05,7.929434886477793e-09,0.7296134456823015,0.729610224528782,0.678495907567461,30.55640873564381,32.72635893345372,21.411552183518552,46.70376026123625,31.406002810988063,31.841046631064064
-119.3537375061,0.008423092013041667,0.0736520059601973,0.7336718010247761,0.6600197950645789,1.33557842948e-16,0.884780624677,296.34880438164583,81.95960559194233,0.21664759077828694,0.2166515187029885,378.30840997358814,378.84143560890936,-0.14069887430990802,1.5865410473706063,0.21664759079523727,0.09021727117679917,0.3003619003415699,0.21664370442691636,0.0902164692488023,0.3003605654023216,0.08390849891425504,0.7476039583191681,0.6636954594049131,0.19999999999999976,0.19999635961580825,302.64810516682576,75.66030480676235,-5.9817455089206106e-05,7.881406638432509e-09,0.729103729489895,0.729100489035022,0.6778001334691368,30.53607878054163,32.748147107782074,21.357245050505636,46.82251843040612,31.383219293525542,31.864162520965564
-119.1182037063,0.008455805040791667,0.07379469826472534,0.7331557267480887,0.6593610284833633,1.47120227519e-16,0.884246755645,295.8799078587747,81.8299253855816,0.2166475907780839,0.21665154723665386,377.7098332443563,378.2420155023814,-0.14069887432209827,1.5865410473709132,0.21664759079505264,0.09009145665290619,0.30015238905080566,0.21664367653860545,0.09009065125688759,0.3001510474026163,0.08404465543114899,0.7470593322506693,0.6630146768195203,0.20000000000000004,0.19999633318441762,302.1692515877872,75.5405816565691,-5.981743574912102e-05,7.796185919062282e-09,0.7285951581188498,0.7285919013785759,0.6771048830787597,30.516345124324065,32.7693239778874,21.303065478914405,46.94160100994815,31.36100160132647,31.886736677367573
-118.8825288003,0.008488537666625,0.07393724051068135,0.732640184441554,0.6587029439308727,1.59803277083e-16,0.883711830425,295.4090186275631,81.69969406668253,0.21664759077821535,0.21665157804112312,377.1087126942457,377.6400479906766,-0.14069887430054884,1.5865410473707304,0.21664759079522575,0.08996606099128371,0.29994342965179904,0.2166436463518226,0.08996525171211384,0.2999420805957608,0.08418065870995195,0.7465153191363257,0.6623346604263738,0.20000000000000007,0.19999630465553778,301.6883637019896,75.42034899225602,-5.981744727323601e-05,7.876077567914308e-09,0.7280879264195083,0.7280846516972925,0.6764104151635367,30.497229281262886,32.78986398329593,21.249040160144197,47.06094922233955,31.339370278150835,31.908745808373165
-118.6467519857,0.008521284446430554,0.07407961223359183,0.7321252498257812,0.6580456375921894,1.73338991498e-16,0.88317591423,294.9362156181729,81.56893346433851,0.21664759077826745,0.2166516107611237,376.50514908251137,377.03563397522663,-0.14069887430059325,1.5865410473712578,0.2166475907951962,0.08984110323529938,0.29973505506580206,0.21664361424008813,0.08984028972816219,0.29973369801902855,0.08431648869799208,0.7459719991840111,0.6616555104860191,0.19999999999999996,0.19999627435993908,301.2055219886757,75.29962709383571,-5.9817414033158656e-05,7.862444029171911e-09,0.7275821143054934,0.727578820186427,0.6757168321147229,30.47870165032454,32.80979654162375,21.19516875017601,47.18056325886511,31.31830131207265,31.930211988046675
-118.4110524294,0.008554020495916668,0.07422171056425683,0.7316113053810929,0.657389594816836,1.85607535902e-16,0.882639391831,294.46186115449945,81.43774378454367,0.21664759077826068,0.21665164312223154,375.89960493904306,376.42923663744835,-0.14069887427882177,1.5865410473708415,0.21664759079522078,0.08971667595595662,0.29952742104180813,0.21664358248402166,0.08971585832259338,0.2995260561663933,0.08445204497247817,0.7454297740861942,0.660977729113716,0.2,0.199996244398659,300.72109568029487,75.17850925874825,-5.981744026772873e-05,7.87379050848358e-09,0.7270780998446352,0.7270747867221881,0.6750246467183939,30.460769579867687,32.829111470017686,21.141464456040435,47.30041299075121,31.2978018915165,31.951125624290484
-118.1754816516,0.008586738659500001,0.07436350684734111,0.7310984495124024,0.6567349426650613,1.97840420367e-16,0.882102359211,293.98606451394204,81.30615524972613,0.21664759077853218,0.21665167625940357,375.29221976366813,375.82099567381687,-0.14069887426078065,1.5865410473709844,0.21664759079536508,0.08959280312754711,0.29932056916882127,0.2166435499558035,0.08959198124719539,0.29931919625576203,0.08458730113590185,0.7448887494332239,0.6603014482973221,0.19999999999999973,0.19999621371991594,300.2351967723919,75.05702299127624,-5.981743126382e-05,7.94040388996109e-09,0.7265759839908097,0.7265726513576439,0.6743339937673771,30.44343671318752,32.8478026124698,21.087927207607024,47.4204975271003,31.277873504642912,31.971482967074447
-117.9398319957,0.008619467778374999,0.07450512998164308,0.730586219333995,0.656081089352352,2.11324556602e-16,0.881564321626,293.50841022472855,81.17405295461766,0.21664759077812168,0.21665170945303874,374.6824631793462,375.2103799601425,-0.14069887428285188,1.5865410473704213,0.2166475907951526,0.08946937293048071,0.2991143141517649,0.2166435173449147,0.08946854683449568,0.2991129332451134,0.08472237931673349,0.7443484367088323,0.6596260573920989,0.19999999999999982,0.19999618298841162,299.7474007107809,74.93506246856533,-5.9817466746547865e-05,7.842326787965703e-09,0.7260753169555073,0.726071964918556,0.6736442496396795,30.426682586282208,32.86588990318805,21.034522987577667,47.54089268345038,31.258493034325934,31.991305495817365
-117.7039000821,0.008652236099708333,0.07464670834407645,0.7300741670153306,0.6554274586712541,2.26138067761e-16,0.881024791937,293.02848559861064,81.04132276476398,0.21664759077813558,0.21665173926666972,374.0698083633746,374.5968619313963,-0.14069887433232342,1.5865410473706867,0.21664759079505216,0.08934627758578229,0.298908476938648,0.21664348819503887,0.08934544793625826,0.29890708913683905,0.08485739835217658,0.743808360566554,0.6589509622143774,0.20000000000000015,0.1999961553758758,299.2572848485091,74.81252351486555,-5.9817450026589114e-05,7.795963874457357e-09,0.725575664104794,0.7255722953304168,0.6729548075242034,30.410507752599298,32.883370713023574,20.981226813438703,47.66165529269667,31.23966204985979,32.010589564123926
-117.4675881587,0.008685057200180556,0.07478830114586318,0.7295620703866091,0.6547737692407459,2.42403857722e-16,0.88048352286,292.54608816299213,80.90790868324304,0.21664759077824466,0.21665176736168776,373.4539968462352,373.9801827534698,-0.14069887429878358,1.586541047371577,0.2166475907951224,0.08922346555511781,0.29870297212300684,0.21664346075666044,0.08922263272808346,0.298701578047528,0.08499241619058479,0.7432682892132766,0.6582758730226919,0.1999999999999997,0.19999612934714545,298.7646429877671,74.6893538584681,-5.981739390481522e-05,7.828382386776411e-09,0.725076818121526,0.7250734341183329,0.6722653715219769,30.394929778551735,32.90022405992373,20.928041762783007,47.78277926501138,31.221394092916153,32.02931928740782
-117.2309200944,0.008717927764666667,0.07492989287990885,0.7290499694313106,0.6541200765514018,2.60287695635e-16,0.879940545159,292.06126228752163,80.77382298101358,0.21664759077820178,0.21665179724721065,372.83508526853524,373.36039914708294,-0.1406988742640558,1.5865410473713848,0.21664759079512844,0.08910094886678058,0.2984978205394146,0.21664343154442242,0.08910011253749903,0.29849641963933005,0.08512742110656935,0.7427282695493658,0.6576008484427964,0.19999999999999998,0.1999961016613985,298.2695216522331,74.56556361630214,-5.981740602845065e-05,7.831180148798467e-09,0.7245788295799108,0.7245754290105505,0.6715760015046526,30.379956500255407,32.916439494954275,20.874974542112135,47.90425003789345,31.203693168961784,32.04748856442086
-116.9940396518,0.00875082782613889,0.07507139931140672,0.7285381655528022,0.6534667662413954,2.7996580501e-16,0.879396165418,291.574300000349,80.6391464228479,0.21664759077823134,0.21665182961053003,372.2134464231969,372.73788443054156,-0.14069887426276795,1.5865410473718549,0.21664759079504226,0.08897880109943054,0.2982931462495083,0.21664339987124695,0.08897796080604796,0.2982917377435184,0.08526233325074056,0.7421886209722502,0.6569262877215096,0.20000000000000004,0.1999960716896813,297.77221930847986,74.44122711471704,-5.981737639659812e-05,7.791389755595901e-09,0.7240819996293357,0.7240785805972677,0.6708871052037328,30.365584535759155,32.93201877350258,20.822035409309105,48.02604454091556,31.186562936950875,32.065091687778356
-116.757100616,0.008783736025555555,0.07521273211958548,0.7280269815508832,0.6528142494312977,3.01646799644e-16,0.878850715444,291.08551823844056,80.50396666224589,0.2166475907781996,0.21665186368122463,371.58948490068644,372.113043764489,-0.14069887432754946,1.5865410473711308,0.21664759079512816,0.08885709987856172,0.2980890804416722,0.2166433664845538,0.08885625532076588,0.2980876638184913,0.0853970675559356,0.7416496837519043,0.6562526161959688,0.19999999999999962,0.19999604014350728,297.2730593615836,74.3164255391029,-5.981742203786666e-05,7.831046922035512e-09,0.7235866467187785,0.7235832079828991,0.6701991169955035,30.35179057460328,32.94698536951376,20.769218856015485,48.14817576590587,31.169980995213106,32.08214981438628
-116.5201687578,0.008816643228083334,0.07535386123984907,0.7275165552243097,0.6521626939844606,3.22743612574e-16,0.878304326424,290.5950558983077,80.36832211317035,0.21664759077831033,0.2166518932265978,370.9633780114781,371.48605470870973,-0.14069887432018868,1.5865410473728256,0.21664759079499082,0.0887358769284758,0.2978856776155507,0.21664333768707444,0.08873502898208631,0.2978842543372951,0.08553158920644123,0.7411115971491922,0.655580007942751,0.20000000000000015,0.19999601277662138,296.7721815230359,74.1911964884422,-5.9817315212207234e-05,7.767653187329415e-09,0.7230929031416293,0.7230894482511052,0.6695122146559692,30.338609810501584,32.961299355709244,20.71656143925958,48.270558940583555,31.153979008460286,32.09862854848931
-116.2831834325,0.008849557856597223,0.07549481837427494,0.7270067358324995,0.6515119174582246,3.39978225236e-16,0.877756839059,290.1027907704931,80.23217897660759,0.21664759077814774,0.21665192603450467,370.33496974710073,370.85676103506347,-0.14069887427869965,1.5865410473732409,0.21664759079486057,0.08861509858257871,0.29768288258241976,0.21664330565485038,0.08861424664368482,0.29768145162855686,0.08566593567978163,0.7405742112551819,0.6549082755754002,0.2,0.1999959823945983,296.26946365745545,74.06550608964524,-5.981728903314831e-05,7.707523508315717e-09,0.7226006349318143,0.7225971614093868,0.6688262068163886,30.32603530606844,32.97496655620834,20.664061803319726,48.39319633855082,31.138554897935045,32.11452822000789
-116.0460684014,0.008882490499805554,0.07563565678966605,0.7264973551754258,0.6508616983857598,3.58415912513e-16,0.877208057463,289.60856641288206,80.09549398639405,0.2166475907781263,0.2166519567534141,369.7040603992761,370.2249627540876,-0.1406988742564952,1.586541047374295,0.2166475907947103,0.08849472434422187,0.29748062851927326,0.21664327567470038,0.08849386886661612,0.29747919064468376,0.0858001525747552,0.7400373436745379,0.6542371910997826,0.19999999999999943,0.19999595393940484,295.76474416445154,73.93931623482456,-5.981722259740252e-05,7.638156773737137e-09,0.7221096798819997,0.7221061895600794,0.6681408606373587,30.314039266235035,32.98801559295462,20.611676086341262,48.516190328775345,31.12367516409204,32.12988166493006
-115.8087421636,0.008915452477277777,0.07577642793828734,0.7259882283607166,0.6502118004224293,3.7800549363e-16,0.876657772709,289.11221325091554,79.95822024416313,0.2166475907781687,0.2166519852567474,369.0704334950787,369.5904430880123,-0.1406988742968629,1.5865410473748198,0.2166475907946602,0.0883747114222479,0.29727884455885506,0.21664324799534163,0.08837385283248012,0.2972774004738337,0.08593428842505647,0.7395008002730793,0.6535665118480228,0.19999999999999996,0.19999592752485695,295.2578498262294,73.8125836688493,-5.9817189512756386e-05,7.615041930364441e-09,0.7216198659677687,0.7216163605705376,0.6674559282938929,30.30270169887837,33.000357853802,20.55942988559338,48.639481034478024,31.109417689594512,32.144606818998106
-115.5711574963,0.008948450347736111,0.07591715956612873,0.7254792398309493,0.6495620802648205,3.98626799123e-16,0.876105854832,288.6136315179962,79.82033015790522,0.21664759077807377,0.21665201475057294,368.43396167590146,368.95307449833143,-0.14069887427711203,1.5865410473753014,0.2166475907945181,0.08825503469635666,0.29707748938005496,0.21664321931629515,0.0882541728389323,0.29707603881655,0.08606837263005515,0.7389644634523707,0.6528960908223155,0.1999999999999999,0.19999590019621538,294.74867984767167,73.68528182822983,-5.981715915925889e-05,7.549449954069587e-09,0.7211310928855359,0.7211275717623203,0.666771259664229,30.29205700436515,33.01195425110608,20.5073216800875,48.763071823805966,31.095804777714502,32.15867886836851
-115.3333232719,0.008981482878902778,0.07605784963895033,0.7249703983829685,0.6489125487440182,4.20065189027e-16,0.8755523039,288.11283849469777,79.68182850691487,0.2166475907780509,0.21665204492873755,367.7946670016126,368.31287907640746,-0.1406988743087978,1.5865410473760173,0.21664759079444676,0.08813569764313017,0.2968765697105957,0.21664318994998585,0.08813483241821415,0.29687511249381304,0.08620240257893011,0.7384283436565167,0.6522259410775866,0.2000000000000002,0.19999587223509296,294.2372517712095,73.55741523040307,-5.981711403979517e-05,7.516520739159205e-09,0.720643376966293,0.7206398396927949,0.6660868680807325,30.282074127662597,33.02283706803632,20.455345224393433,48.88697741495356,31.082802241653862,32.172131464386005
-115.0952863751,0.009014543559013889,0.07619847347649775,0.7244617946485054,0.6482633211720076,4.42011420573e-16,0.874997208998,287.6099322335542,79.54274240907914,0.21664759077814633,0.21665207548335325,367.1526746426334,367.66998216872327,-0.14069887431072958,1.5865410473762895,0.21664759079435086,0.08801672257289564,0.2966761240357836,0.21664316019825297,0.08801585393730582,0.29667466008627336,0.0863363542818976,0.7378925368441708,0.6515561825622732,0.2,0.19999584392801942,293.72366562705037,73.42900901558299,-5.981709687574721e-05,7.472267249397646e-09,0.7201568116299457,0.7201532580133069,0.6654028760409518,30.272720158062658,33.033040796423634,20.40350768028337,49.01118061020142,31.070424553101027,32.184948045719366
-114.8570950422,0.009047625688583333,0.0763390058216482,0.7239535221685166,0.6476145163468684,4.64339686334e-16,0.874440663395,287.10501505880933,79.40310016356713,0.21664759077814635,0.2166521059440036,366.50811522237655,367.02451458281894,-0.14069887430526729,1.5865410473763693,0.2166475907942411,0.08789813215525266,0.29647619154875265,0.21664313054115167,0.08789726015153085,0.29647472093170246,0.08647020328067702,0.7373571408484992,0.6508869375678222,0.19999999999999982,0.19999581570784214,293.20802575493354,73.30008946744299,-5.981709185753914e-05,7.421596670553754e-09,0.7196714920145928,0.7196679222130508,0.6647194084352384,30.26399939766253,33.0425594733932,20.351814718702546,49.13566744891,31.05867656999174,32.1971220424176
-114.6187590223,0.009080727913569444,0.07647944271221391,0.7234455898899887,0.6469661471777748,4.88483176936e-16,0.873882671411,286.5981087379338,79.26290779059734,0.21664759077827614,0.21665213747048534,365.86101652853114,366.37650414483556,-0.14069887410155246,1.5865410473800305,0.21664759079436935,0.08777992959694979,0.2962767787001705,0.21664309981338206,0.08777905405667154,0.29627530112493605,0.08660394673374704,0.7368221670368603,0.6502182203031133,0.2000000000000003,0.19999578650462602,292.6903547765256,73.17066175200557,-5.981686108658124e-05,7.480793762226767e-09,0.7191874337786976,0.7191838470867375,0.6640364797744347,30.255917069894757,33.0513862028998,20.300260181193277,49.260452382104326,31.047533443620857,32.2086777623059
-114.3802477086,0.009113854484916667,0.07661980725227174,0.7229379245364577,0.6463181172841859,5.14662204711e-16,0.873323143037,286.0891491246519,79.12214754938684,0.21664759077812856,0.21665216783174993,365.2112966740387,365.7258688545668,-0.14069887430705474,1.5865410473778983,0.2166475907940963,0.08766209827457427,0.29607785846728607,0.21664307023814583,0.08766121943098229,0.2960763743208537,0.08673760431727752,0.7362875367013738,0.6495499323840963,0.20000000000000004,0.19999575838108777,292.1705864263739,73.04071024766482,-5.981699547907837e-05,7.3547612444713195e-09,0.7187045713267618,0.718700968683761,0.6633539895836601,30.248463381931682,33.05953057428134,20.24883498793402,49.38555727259791,31.036984723737564,32.219624712293154
-114.1415198916,0.009147011126166667,0.07676012513624399,0.7224304271162788,0.6456703019800348,5.46851694967e-16,0.872761963642,285.5780485498516,78.98079519398019,0.21664759077818013,0.2166521983978794,364.5588437438318,365.07249663726816,-0.14069887437911932,1.58654104737745,0.21664759079410548,0.08754461652511467,0.29587939523582013,0.2166430404972381,0.08754373436204875,0.29587790448434764,0.08687120156006631,0.7357531477302665,0.6488819461702001,0.2000000000000004,0.19999573006578575,291.6486316373455,72.91021210648634,-5.981702373425435e-05,7.359002296425388e-09,0.7182228182080611,0.7182191995318703,0.6626718075097608,30.241637077281055,33.066992948977855,20.197539219477893,49.51098196336861,31.027032322015135,32.2299596565171
-113.9025658373,0.009180199189263888,0.07690040475939323,0.7219230671826962,0.645022662423303,5.87442133917e-16,0.872199092295,285.0647859800389,78.83884490704709,0.21664759077798162,0.21665222914075474,363.903630887086,364.416360604033,-0.14069887424843497,1.5865410473792154,0.216647590793883,0.08742747842283816,0.2956813799055297,0.21664301057060031,0.0874265929416908,0.29567988254477306,0.08700474628585976,0.735218968825984,0.6482142225401243,0.1999999999999998,0.1999957015890215,291.1244689170309,72.77916197005509,-5.981691245660059e-05,7.256306666647561e-09,0.7177421523325064,0.7177385176128238,0.6619898936000412,30.235444886512838,33.0737650381348,20.146369141689078,49.636735680112714,31.01767974773699,32.2396777622594
-113.6633841908,0.009213418862388889,0.07704064929526282,0.7214158315429198,0.644375182247657,6.362624779e-16,0.871634508058,284.54935827238853,78.69629581972524,0.21664759077824783,0.21665226044195587,363.24565409211374,363.7574567382785,-0.14069887412178073,1.5865410473824382,0.21664759079409027,0.08731068217254517,0.29548381033915405,0.21664298008651015,0.08730979329659488,0.2954823062326996,0.08713824164896691,0.7346849873745877,0.6475467457256208,0.2000000000000003,0.19999567259840445,290.5980951835141,72.64755890859966,-5.9816709330196005e-05,7.351963482449264e-09,0.7172625685120739,0.7172589174177664,0.6613082317511509,30.229890894175426,33.07984152177922,20.09532167344097,49.76282620654201,31.00892794469166,32.248776925910704
-113.4239592402,0.00924667232775,0.0771808709493893,0.7209086774177552,0.6437278064683659,6.92926268199e-16,0.871144429672,284.031731237362,78.55313847602146,0.21664759077817078,0.21665229201956412,362.58486971338345,363.0957413339422,-0.14069887426437777,1.586541047379299,0.21664759079402746,0.08719421905515501,0.29528667266768915,0.21664294933767692,0.08719332676077315,0.2952851617687099,0.08727169877054736,0.7341511588879542,0.6468794601174068,0.19999999999999982,0.19999564335093228,290.0694754257414,72.5153942876421,-5.9816907194143454e-05,7.3229866615065475e-09,0.7167840330809006,0.7167803654982995,0.660626765172014,30.22497130353862,33.085225787556794,20.04439227520704,49.88926510068866,31.000773614997897,32.257259525814185
-113.1842710705,0.009279962351319445,0.07732108390990866,0.720401552883647,0.6430804689737384,7.39322963266e-16,0.870691093778,283.5118611987099,78.40936079679427,0.21664759077810666,0.21665232404068344,361.92122199550414,362.4311585555671,-0.14069887426214622,1.586541047379784,0.21664759079396775,0.08707807843192644,0.29508994973046176,0.21664291818952336,0.08707718267409517,0.29508843195573625,0.08740513106035777,0.7336174297284094,0.6462122986680516,0.20000000000000007,0.19999561368511126,289.53856509684783,72.38265689865624,-5.9816876618601356e-05,7.295430926035351e-09,0.7163065043828679,0.7163028201099603,0.6599454253903257,30.220685495773935,33.08991783590879,19.993577246229002,50.016062042554715,30.993215339413265,32.26512606222969
-112.9443140394,0.00931328971675,0.07746129459843602,0.7198944369982309,0.6424331423997949,7.75803370492e-16,0.870234856656,282.98973511296515,78.26495917481824,0.2166475907783517,0.21665235596202898,361.25469428778337,361.76369172959335,-0.1406988742779669,1.5865410473802901,0.21664759079394708,0.0869622567142827,0.2948936362729496,0.21664288713551688,0.08696135753418092,0.2948921116852415,0.08753854393285578,0.7330837782383177,0.645545234305462,0.20000000000000012,0.19999558411375956,289.0053506898605,72.24934359792289,-5.981684472189386e-05,7.285883008023575e-09,0.715829969663057,0.7158262688521961,0.6592641847586643,30.217042540836314,33.093907143578555,19.94287888058916,50.143211819499236,30.98626107157093,32.27236734661974
-112.7040882352,0.009346654411777778,0.07760150488555705,0.719387319370703,0.6417858144851459,8.1379473103e-16,0.869775694885,282.46535239563576,78.11993344811476,0.2166475907781934,0.2166523885868007,360.58528584375057,361.0933401084104,-0.14069887428755923,1.5865410473799402,0.21664759079388593,0.08684675303184589,0.29469773163674995,0.2166428553893843,0.08684585032943862,0.29469620005938085,0.08767193968243749,0.7325501952396842,0.6448782555572468,0.19999999999999987,0.19999555389163037,288.46983187625784,72.11545396749275,-5.981686678202536e-05,7.257661138737603e-09,0.7153544273232492,0.7153507095455631,0.6585830315608308,30.214039956139015,33.09719592122323,19.892293347927293,50.27072457204621,30.97990806038746,32.27898540082024
-112.4635932461,0.009380056493597222,0.07774171882067854,0.7188801909605431,0.6411384721398645,8.53675826233e-16,0.86931358461,281.9387114547704,77.9742831765717,0.21664759077798945,0.2166524206804383,359.91299463134203,360.42010165707353,-0.1406988742858606,1.5865410473803754,0.21664759079374837,0.08673156638692868,0.2945022349438603,0.2166428241648609,0.08673066028196381,0.29450069657296873,0.08780532077921864,0.7320166708518735,0.6442113500726548,0.2000000000000003,0.19999552416237065,287.93200661719834,71.98098801414375,-5.981683934841442e-05,7.194156381729044e-09,0.7148798752321661,0.7148761409637647,0.6579019531835988,30.2116796302015,33.09978168179491,19.841821402696986,50.39859898467162,30.974158145042573,32.28497753893112
-112.2228254609,0.009413496463763889,0.0778819400372864,0.7183730331340271,0.6404910930967407,8.9579917238e-16,0.868848496336,281.4098037360753,77.82800599448936,0.21664759077799153,0.21665245345656917,359.2378097305646,359.74396544026325,-0.1406988742894466,1.5865410473806516,0.21664759079373197,0.08661669413757705,0.29430714251879286,0.21664279227145672,0.08661578453614734,0.2943055971879355,0.08793869157851178,0.7314831876546166,0.6435444960761049,0.20000000000000012,0.1999954938030725,287.39186658076613,71.84594314979847,-5.981682194011739e-05,7.186584660701101e-09,0.7144063044678644,0.7144025533047202,0.6572209273886186,30.209966206533114,33.10165900760733,19.79146522943561,50.526830045544685,30.96901481127589,32.290339427778555
-111.9817729354,0.009446975981194445,0.07802217828150838,0.7178658114392503,0.639843633157742,9.40470041961e-16,0.868380384962,280.8786022832031,77.6810944467044,0.21664759077822204,0.21665248673431717,358.5596967299075,359.064896997824,-0.14069887425378624,1.5865410473807637,0.21664759079385532,0.08650212980057187,0.2941124441443644,0.21664275987991824,0.08650121663774071,0.29411089173599253,0.08807206094689464,0.7309497101817073,0.6428776492348126,0.19999999999999993,0.19999546297916296,286.8493841767414,71.7103125531661,-5.9816814867996726e-05,7.243516897403879e-09,0.7139336902289746,0.713929921885748,0.6565399089009576,30.20889003464074,33.1028382324969,19.741214808968614,50.6554439367982,30.964468179796565,32.295080742012274
-111.7404193907,0.009480497306847222,0.07816244594777703,0.7173584826100229,0.6391960366622459,9.87942144165e-16,0.867909196608,280.3450703038047,77.53353835755635,0.21664759077825094,0.21665252019570466,357.878608661361,358.3828492957623,-0.14069887423243665,1.5865410473811457,0.21664759079385004,0.08638786494065383,0.2939181262539856,0.2166427273256594,0.0863869482129409,0.2939165667548206,0.08820544011380978,0.7304161935140119,0.6422107534002021,0.19999999999999976,0.19999543198379888,286.3045217243712,71.5740869369898,-5.981679079836155e-05,7.241096611210196e-09,0.7134619995837207,0.7134582140281789,0.6558588403787858,30.20845922267,33.10331032208183,19.69107073991615,50.784439973235216,30.96052630456757,32.299192531894114
-111.4987465381,0.009514062980819447,0.07830275612273335,0.7168509985010172,0.6385482423782838,1.03848140928e-15,0.867434874455,279.8091661861572,77.38532621885184,0.21664759077838078,0.21665255401331618,357.19449240500904,357.69776913960146,-0.14069887430468997,1.5865410473808377,0.2166475907938903,0.08627389024421078,0.29372417374845194,0.216642694429758,0.08627296991619103,0.2937226070907567,0.08833884144507057,0.7298825881891788,0.6415437467441083,0.1999999999999997,0.19999540065778243,285.75723678371605,71.437255621293,-5.981681020506002e-05,7.259659540181929e-09,0.7129911958800297,0.7129873929477464,0.655177658679983,30.208681141018793,33.103067139271836,19.641033665157256,50.91381731980721,30.95719632982751,32.30266686122644
-111.2567390833,0.009547675127319443,0.07844312004301476,0.7163433173842456,0.6379001973412308,1.09241344109e-15,0.866957365699,279.27085458320596,77.23644825462789,0.2166475907781356,0.21665258842693522,356.5073028378339,357.00961134192937,-0.14069887424247307,1.5865410473811903,0.216647590793701,0.08616019794032562,0.29353057411507516,0.21664266095388895,0.08615927393838366,0.29352900016588424,0.08847227560302348,0.7293488515564148,0.6408765759533913,0.2000000000000001,0.19999536877919832,285.2074933343039,71.29980950352991,-5.981678797839507e-05,7.172284988143929e-09,0.712521248744383,0.7125174281125957,0.6544963093584129,30.209558633795375,33.102105599162975,19.591110617008113,51.043558456142115,30.954480406336994,32.30550107361131
-111.0145042485,0.009581318854375,0.07858347929773575,0.7158356554506214,0.6372521761528857,1.15047615425e-15,0.866476863497,278.7303736070475,77.08697031845513,0.2166475907779099,0.21665262236117802,355.81734392550266,356.31868029758306,-0.14069887429467576,1.5865410473809238,0.21664759079365525,0.08604683761059362,0.29333741256545104,0.21664262797923772,0.0860459100436878,0.29333583150322395,0.08860568579632931,0.7288152107829626,0.6402095249866333,0.1999999999999998,0.19999533734165054,284.65553419511167,71.161809730391,-5.981680477606943e-05,7.151168546215558e-09,0.7120523650208986,0.7120485271228029,0.6538150824072677,30.211108942252032,33.100406936782136,19.541409566489804,51.17338115234175,30.95240615854953,32.3076659978431
-110.7729925276,0.009614862148944445,0.07872328562555318,0.7153299899060519,0.6366067042804987,1.21481265918e-15,0.865995248106,278.189854586835,76.93748186073464,0.21664759077788864,0.2166526568969911,355.12733644756963,355.6277006194166,-0.1406988744058646,1.5865410473799542,0.2166475907934548,0.08593425025993683,0.29314544216128763,0.2166425943809744,0.08593331904679241,0.29314385384447755,0.08873855201575423,0.7282837459042616,0.6395451938885074,0.19999999999999965,0.19999530535520454,284.10353635475747,71.02380009281214,-5.981686589384694e-05,7.05866476380379e-09,0.7115863727047359,0.7115825171967385,0.6531366331266577,30.213338444249942,33.097964392290294,19.49191531227511,51.30332160689442,30.9509777864658,32.30915698040656
-110.5318991949,0.009648347334041666,0.07886271914534092,0.7148256672977972,0.6359629481524562,1.2721195092e-15,0.86551191798,277.64863271727916,76.78779901983594,0.21664759077810972,0.21665269252971953,354.43643173711513,354.93582244372635,-0.14069887428463934,1.586541047381362,0.21664759079367235,0.08582228841371202,0.2929544135419571,0.2166425596867148,0.08582135339396792,0.29295281769248765,0.0888710457937366,0.7277537707934213,0.6388827249996847,0.19999999999999993,0.1999952723548554,283.55082103936763,70.88561069774745,-5.981677716482281e-05,7.1590733341508894e-09,0.711122666493546,0.7111187927006395,0.6524600856305127,30.216217425398593,33.0948108402026,19.442633953670956,51.43336043783257,30.950161143187614,32.31000948181196
-110.2905272969,0.00968187120876389,0.07900218695079492,0.7143212192898434,0.6353190323390485,1.29995129762e-15,0.865025466212,277.1051504145334,76.63749102291656,0.21664759077813323,0.21665272848153963,353.74264143744995,354.24105461358107,-0.14069887429474237,1.5865410473815083,0.2166475907936627,0.08571062584253628,0.2927637713968999,0.21664252468254488,0.0857096869917819,0.29276216796536725,0.08900355294810565,0.7272237421758948,0.6382201892277891,0.2,0.19999523905909627,282.995797297771,70.74684413967897,-5.9816767938869475e-05,7.154610237591896e-09,0.7106598984167657,0.7106560062190262,0.6517834698299141,30.219747408864922,33.090945019171514,19.393485899972987,51.563705728705166,30.94995372366195,32.31022601612089
-110.0484072234,0.00971549899675,0.07914196189906028,0.7138156550328149,0.6346736931337545,1.33580678056e-15,0.864534925562,276.55834549707026,76.48626410821915,0.21664759077820855,0.2166527656809428,353.0446096052894,353.5420392745724,-0.1406988742565618,1.5865410473817394,0.21664759079371737,0.08559904570957134,0.29257314591324224,0.2166424884467951,0.0855981028364331,0.29257153456280244,0.08913633323299337,0.7266926210366192,0.6375562878036258,0.2,0.19999520460807033,282.43738067150326,70.60722893378616,-5.981675337274339e-05,7.179856709171872e-09,0.7101971707841579,0.7101932593639249,0.65110545935458,30.22394295852766,33.08635148538258,19.344414749732564,51.69450784308814,30.950370528799102,32.309790897963794
-109.8055828577,0.009749224603097222,0.07928201960038908,0.7133090579135083,0.6340270383131192,1.37903645277e-15,0.864040355228,276.00830807945044,76.33414319812232,0.21664759077806053,0.21665280516216812,352.34245127757276,352.8388916260247,-0.1406988742550963,1.5865410473820472,0.21664759079353388,0.0854875697861843,0.29238257435453346,0.2166424499390744,0.08548662252733527,0.29238095445383455,0.0892693641532817,0.7261604973545476,0.6368911332012659,0.19999999999999976,0.19999516804933026,281.8756635234016,70.46678775417112,-5.981673397714715e-05,7.095146692392973e-09,0.7097345740499141,0.7097306418746325,0.6504261690688495,30.228802474406017,33.08103259620276,19.295392941687098,51.82584272951141,30.9514060532295,32.30870992678728
-109.5623671011,0.009783004569291667,0.07942218565908402,0.7128020761700761,0.6333798905109921,1.42953702002e-15,0.863542372358,275.45574168435974,76.18132286231189,0.21664759077807794,0.2166528431196924,351.6370645466716,352.13251102573537,-0.14069887430177008,1.5865410473816306,0.21664759079363502,0.08537634243390965,0.29219230385810924,0.21664241298557227,0.08537539108834055,0.2921906759093119,0.08940247614835121,0.7256280493747784,0.6362255732264273,0.2,0.19999513289728205,281.3113630910499,70.32570145562174,-5.9816760233921684e-05,7.141842672808707e-09,0.7092727081195247,0.7092687564081483,0.6497464647957755,30.234342434502377,33.07497102562531,19.246451675654285,51.95762922185525,30.953076957751275,32.30696584268272
-109.3189617787,0.009816810864069445,0.07956234567957558,0.7122951193751094,0.6327327736955338,1.48779428798e-15,0.863041372524,274.9011049183552,76.0279299351619,0.21664759077828102,0.21665288040885605,350.92903485351707,351.4234837392095,-0.14069887431293893,1.5865410473819093,0.21664759079369023,0.08526545510993513,0.29200249161597086,0.2166423767071727,0.0852644998277508,0.29200085586818203,0.08953556121265177,0.7250957091178478,0.635560147905196,0.20000000000000037,0.19999509836225104,280.74494800981813,70.18408684369896,-5.9816742670193435e-05,7.167311188993608e-09,0.7088119545636025,0.7088079839208178,0.6490668980379304,30.24056987850658,33.068159893069605,19.197648022589572,52.089714262044794,30.955395655089312,32.30454590670341
-109.0754769216,0.009850628205333334,0.07970243855191711,0.7117884050436819,0.6320859664917649,1.55471233651e-15,0.862537574623,274.34465182767246,75.87403467668585,0.2166475907782312,0.21665291777854367,350.21868650435835,350.7121345296419,-0.14069887429055683,1.5865410473816013,0.2166475907936425,0.08515495630874531,0.2918132216140066,0.21664234035708732,0.08515399710667135,0.2918115780887923,0.08966856183691507,0.724563706620558,0.634895144783643,0.20000000000000004,0.1999950637513891,280.1766779699914,70.0420085343669,-5.9816762076891905e-05,7.1453065686455375e-09,0.7083525172509613,0.7083485277291182,0.6483877624522355,30.24746831785948,33.06061814798413,19.148994790958987,52.22206235452841,30.95834559847875,32.30146768725066
-108.8319255853,0.009884454779819444,0.07984245980390159,0.7112819495706852,0.6314394897667837,1.63144009781e-15,0.862030995126,273.7864168956283,75.71964662385896,0.21664759077817,0.21665295517173735,349.5060635194872,349.99850747965,-0.14069887432059947,1.586541047381905,0.21664759079371707,0.08504485008261065,0.2916245018557437,0.21664230398407183,0.08504388697964826,0.2916228505787025,0.08980147354484423,0.7240320597892126,0.6342305862443683,0.20000000000000032,0.1999950291225917,279.606588167385,69.89947535210224,-5.981674293664696e-05,7.179701277948425e-09,0.7078944156095033,0.7078904072707399,0.6477090808969597,30.25503575018749,33.05234897941917,19.100492854450543,52.35466998784763,30.961924868112412,32.2977335633902
-108.5882323282,0.009918301065527779,0.07998245572266749,0.710775585044349,0.6307931293216815,1.71923418369e-15,0.861521472035,273.2262313088618,75.56471908883968,0.21664759077802503,0.21665299270555055,348.7909503977015,349.28238678409747,-0.14069887431790162,1.5865410473815649,0.2166475907936056,0.08493510057796987,0.29143627189828286,0.21664226746954016,0.08493413357067675,0.2914346128562576,0.08993434017475295,0.7235005932690238,0.6335662530942708,0.1999999999999997,0.19999499436609833,279.03450623796715,69.7564441597344,-5.9816764375053566e-05,7.128253542987295e-09,0.7074375029190778,0.7074334757314562,0.6470306295207701,30.263280142354503,33.04334478272451,19.052134931397234,52.48755604559759,30.966139642123462,32.29333754730256
-108.3442763744,0.00995218383688889,0.0801224984649316,0.7102690500676079,0.6301465516026763,1.81939383239e-15,0.861008739922,272.66381966702437,75.40917590586591,0.21664759077833834,0.21665303051399365,348.0729955728903,348.56342038157806,-0.1406988742969295,1.5865410473819452,0.21664759079364693,0.08482565217318619,0.29124843720299376,0.2166422307069282,0.084824681255394,0.2912467703776198,0.0900672300661139,0.7229690337037832,0.6329018036376692,0.19999999999999973,0.19999495934946046,278.4601509726452,69.61284460024513,-5.9816740394236234e-05,7.147327174550355e-09,0.70698154969496,0.7069775036139017,0.6463520593663624,30.272204427806148,33.033603561472475,19.003906075118092,52.62076101866789,30.970990044419164,32.288280050646804
-108.0999877223,0.009986112816347223,0.08026263097906335,0.7097621892932309,0.6294995583141675,1.93319020379e-15,0.860492643086,272.0990210215381,75.25297256184848,0.2166475907782086,0.21665306858608616,347.35199358338656,347.8414025210592,-0.14069887429314365,1.5865410473820496,0.21664759079368523,0.08471647272797411,0.29106094332282734,0.216642193683773,0.08471549787693844,0.2910592686669477,0.09020018371156173,0.722437219122185,0.6322370354106233,0.19999999999999996,0.19999492409191363,277.8833579935023,69.46863558988426,-5.981673382171593e-05,7.16502412956288e-09,0.706526423771431,0.7065223586824663,0.6456731636670883,30.281820122473505,33.02311406499158,18.95579626331438,52.75431251259673,30.97648462660049,32.28255278332223
-107.8553628651,0.010020088490958333,0.08040285833634052,0.7092549856839907,0.6288521273476502,2.06190204597e-15,0.859973158642,271.53182707655617,75.0961067626428,0.2166475907780703,0.21665310665494247,346.627933839199,347.11632259769897,-0.14069887432691663,1.586541047381663,0.21664759079351,0.08460756010136841,0.29087378723660956,0.21664215668187312,0.0846065813439612,0.29087210478827497,0.09033320537525019,0.7219051324665571,0.6315719270913069,0.20000000000000023,0.1999948888362914,277.304118743475,69.32381509572397,-5.981675819111132e-05,7.084133279988691e-09,0.7060721178148402,0.706068033810334,0.644993920647996,30.292131210795816,33.01187338194316,18.907807952556922,52.888203778522566,30.98263045090004,32.27614910182522
-107.6104639036,0.010054102235611111,0.08054314743170252,0.7087475576152459,0.6282044101835433,2.20710437004e-15,0.859450411478,270.9623823277279,74.93861847067544,0.21664759077800666,0.21665314500945732,345.9010007984034,346.38836532924535,-0.14069887433393324,1.5865410473819184,0.21664759079347293,0.08449894120743796,0.29068701589069634,0.21664211941408626,0.0844979585320893,0.29068532562220833,0.09046626369692394,0.7213728991796698,0.630906635482746,0.2000000000000001,0.19999485331332376,276.72258088279483,69.17841991560856,-5.981674209287746e-05,7.0670136409489714e-09,0.7056187457835928,0.7056146427963095,0.6443144904444462,30.303138171541715,32.999882531609224,18.859958406195346,53.022386288588415,30.98943282691703,32.269064283468026
-107.3654040674,0.010088138323972224,0.08068343384884848,0.7082401265835958,0.6275566927347473,2.3737722687e-15,0.858924632271,270.39095240839964,74.78058115081437,0.21664759077818277,0.2166531861606969,345.17153355921397,345.65787029174794,-0.14069887433012518,1.5865410473821357,0.21664759079365517,0.08439066502195004,0.2905007143226158,0.2166420794065552,0.08438967795935882,0.29049901541891465,0.0905992997293921,0.7208407550507095,0.6302414553213175,0.19999999999999984,0.19999481520526935,276.1390164909196,69.03251706829442,-5.981672839272534e-05,7.151146341755066e-09,0.7051665140992718,0.705162390150721,0.6436351740564729,30.3148371958305,32.98714730150488,18.812246611887275,53.15686215638433,30.99688568977968,32.261305539147145
-107.1202329997,0.01012218986115278,0.08082369709721854,0.7077327896368241,0.6269090925396055,2.5714067973e-15,0.858395926669,269.81765713111577,74.62202793884161,0.21664759077829698,0.21665322503365522,344.4396850699574,344.92499064893605,-0.14069887428729277,1.5865410473828434,0.21664759079363896,0.0842827520274092,0.2903149187131264,0.21664204163293213,0.08428176101342388,0.290313211916757,0.09073228911364252,0.7203087975136243,0.6295765083999818,0.20000000000000004,0.19999477920493755,275.553546304973,68.88613876498435,-5.981668378396421e-05,7.143663438569092e-09,0.7047155105876829,0.7047113674803313,0.6429560958653469,30.32723062573687,32.97366687848382,18.764675154591234,53.29162331676846,31.00499063777664,32.25287218057066
-106.8748510376,0.010156270689222223,0.08096399463052402,0.7072253270771645,0.6262613324466404,2.80210512573e-15,0.857864071811,269.24226710887604,74.46289539435975,0.2166475907782116,0.21665326428405984,343.7051625032358,344.1894331611263,-0.14069887429223327,1.5865410473827377,0.21664759079363208,0.08417515682065488,0.2901295517879123,0.21664200350264076,0.08417416181857315,0.2901278370280473,0.09086528856110977,0.719776799723724,0.6289115111626142,0.19999999999999998,0.19999474285519622,274.9659369103977,68.73922559283808,-5.9816690445302356e-05,7.140488200718664e-09,0.7042655476718004,0.7042613852337203,0.6422769662888865,30.340315739436313,32.95944605811076,18.717245990628776,53.42666332967325,31.013747959804633,32.24376496823441
-106.6291314729,0.010190398406541666,0.08110440105896914,0.706717466295682,0.6256130652367129,2.97308737767e-15,0.857328789719,268.66448677605587,74.30310177454093,0.21664759077833168,0.21665330450273354,342.9675885505968,343.4508199880386,-0.14069887428382888,1.5865410473834904,0.21664759079349738,0.08406782298481821,0.28994451708011004,0.21664196440194994,0.0840668238578127,0.2899427941125847,0.09099836914209244,0.7192444773991262,0.6282461082570338,0.20000000000000018,0.1999947056079208,274.37588664536173,68.59170190523511,-5.9816643005472514e-05,7.0783157113396555e-09,0.7038163911862733,0.7038122088247749,0.6415974224230635,30.35408790318606,32.94449179924253,18.66992820678747,53.562069919285975,31.023149121216818,32.2339939150825
-106.3829781477,0.010224586368375,0.08124497511815616,0.7062089999610383,0.624964024842882,3.10804280825e-15,0.856789858622,268.08408952383985,74.14258440724315,0.21664759077830925,0.21665334463071445,342.226673931083,342.7088614410539,-0.14069887424076333,1.5865410473852086,0.2166475907932318,0.08396070824537186,0.2897597422786193,0.2166419254234821,0.08395970503904934,0.2897580111732018,0.0911315851944546,0.718711613188348,0.6275800279938933,0.20000000000000007,0.1999946684449545,273.7831637452165,68.4435101858665,-5.981653470321646e-05,6.955724884960546e-09,0.7033678656018717,0.7033636634863116,0.6409171868046633,30.36857768437699,32.92877297030761,18.622697888901094,53.697912405913435,31.03321974464082,32.22353362714456
-106.1361853866,0.010258863140749998,0.08138583657040088,0.7056994930797847,0.6243136565093839,3.22249245416e-15,0.85624681805,267.50058709094844,73.9812082567109,0.2166475907782766,0.2166533850777081,341.48179534765933,341.9629333454402,-0.1406988743118731,1.5865410473857238,0.21664759079316698,0.083853723454688,0.28957507395265913,0.21664188614313545,0.08385271615233614,0.2895733346707465,0.09126505026694014,0.71817775289808,0.6269127026311399,0.2000000000000002,0.19999463098495837,273.18726969902315,68.29452564863622,-5.981650224029522e-05,6.9257932722166515e-09,0.7029195984780351,0.7029153765147076,0.640235679626134,30.383813457492767,32.91226104317054,18.57554125577161,53.83423213518959,31.043986618397998,32.21235765535852
-105.888595614,0.010293250609166667,0.08152707807141156,0.705188611196073,0.6236615331246614,3.3700965372e-15,0.85569930127,266.9136002362487,73.81886843823624,0.2166475907782017,0.21665342572265925,340.732468674485,341.2125508924824,-0.1406988742769566,1.5865410473857815,0.2166475907930584,0.08374680155191783,0.28939039644037573,0.21664184668390796,0.08374579015971288,0.289388648982148,0.09139885163408223,0.7176425474289663,0.626243695794884,0.2000000000000003,0.1999945933394705,272.58781716437744,68.1446515101075,-5.98164985987637e-05,6.875677804885072e-09,0.7024713090551569,0.7024670672444991,0.6395524552398885,30.39980716098162,32.89494550753294,18.528441624704545,53.97107971922846,31.055459303436248,32.2004575823276
-105.640222865,0.010327746824305557,0.08166869359395232,0.7046763735238228,0.6230076799298705,3.56522386023e-15,0.855147322654,266.3231543280741,73.6555719678956,0.21664759077829618,0.2166534671386408,339.9787262959697,340.45774651269073,-0.14069887427371475,1.5865410473855586,0.2166475907931638,0.08363995017079512,0.2892057229219282,0.21664180648713374,0.08363893459029376,0.2892039671067701,0.09153298372133332,0.7171060190804873,0.625573035359154,0.20000000000000012,0.19999455497395852,271.984832229794,67.99389406617571,-5.981651265418719e-05,6.924349982284639e-09,0.7020230293269856,0.702018767230569,0.6388675421123255,30.416564736519593,32.876822503211606,18.481398611305146,54.10845905289311,31.067645496658194,32.1878270468731
-105.3912141942,0.010362331361916666,0.08181060237777284,0.704163074176331,0.6223524717985581,3.81366689628e-15,0.854591190558,265.72959277502133,73.49141382018048,0.2166475907781237,0.21665350886267493,339.22100659520186,339.698959206756,-0.14069887428276306,1.5865410473852477,0.21664759079313767,0.0835332337534146,0.28902116488834273,0.21664176600773974,0.0835322139690009,0.2890194006792639,0.09166736926823073,0.7165684768927738,0.6249011076245431,0.1999999999999998,0.1999945163217718,271.37866545500987,67.84234114019195,-5.981653223852135e-05,6.912270755776717e-09,0.7015750299287881,0.7015707474568215,0.6381813347535932,30.434091096032372,32.85788942553201,18.434425667658843,54.2463333563133,31.080550343497492,32.17446245153811
-105.1416705602,0.010396990199972223,0.08195274955023817,0.7036489109180936,0.6216961613678554,4.1093851051e-15,0.854031120147,265.1331526144378,73.32645955142597,0.21664759077810436,0.2166535510247001,338.45961216586375,338.93649199479506,-0.14069887433030281,1.5865410473844404,0.2166475907932477,0.08342669608430969,0.28883679835559334,0.21664172510657864,0.08342567206566862,0.28883502569056374,0.09180195611321831,0.71603012951337,0.6242281734001517,0.19999999999999976,0.19999447726758435,270.7695589545625,67.69005321130126,-5.9816583131144796e-05,6.963052356923072e-09,0.701127495383069,0.7011231923849796,0.6374940995154353,30.452395063289497,32.83813959203178,18.387545449744565,54.38463783723193,31.09418130829838,32.160357916647285
-104.8916260313,0.010431718606763887,0.08209511903894977,0.7031339435771661,0.6210388245382163,4.43839479801e-15,0.85356021443,264.533913117341,73.16073108518144,0.21664759077821039,0.21665359325509106,337.6946442025224,338.17044621359645,-0.14069887431070738,1.5865410473848929,0.21664759079320958,0.08332035186659087,0.28865264915914224,0.21664168415488597,0.08331932363835237,0.2886508680713647,0.09193672836098982,0.71549104052209,0.6235543121611002,0.19999999999999998,0.1999944381467662,270.1575935700668,67.53705063245559,-5.981655460951529e-05,6.945466424213009e-09,0.7006804884032809,0.7006761649596659,0.6368059175619558,30.471486880188944,32.81756495611478,18.340768773307317,54.52334154364207,31.108548461261076,32.14550499665011
-104.6410328215,0.01046652321923611,0.08223774040734981,0.7026180622873716,0.6203803218800218,4.62612720838e-15,0.853162749184,263.9317576325765,72.9941961598869,0.21664759077850448,0.2166536361996057,336.92595379246336,337.40067274148936,-0.14069887447726304,1.5865410473828618,0.21664759079332957,0.08321418091739054,0.2884686827324424,0.2166416425090499,0.08321314839724996,0.28846689306963796,0.09207171426429674,0.7149510969094597,0.622879382645163,0.2000000000000003,0.19999439836712352,269.54265036947044,67.38330342299295,-5.981668262933226e-05,7.000844348681312e-09,0.7002339250819835,0.7002295808231981,0.6361166446288627,30.491374259057167,32.796160366663685,18.294084116229865,54.66247961070843,31.123655067717248,32.1299024110199
-104.3897185839,0.010501427974458332,0.08238071477406375,0.7021009018158817,0.619720187041818,4.79349049401e-15,0.852758865042,263.3262679541823,72.82673911422643,0.21664759077822512,0.216653679784512,336.1530070684087,336.6266369569878,-0.1406988742366333,1.586541047385844,0.2166475907931943,0.08310811091630284,0.28828477399318686,0.21664160025330365,0.08310707403489351,0.28828297562446087,0.09220700902663129,0.714409917859447,0.6222029088328157,0.2000000000000002,0.19999435799070894,268.92430223311607,67.22870483529265,-5.9816494668574194e-05,6.938405405776393e-09,0.699787501792197,0.6997831364005054,0.6354257945803956,30.51206669464078,32.77391892223553,18.24746607202385,54.80212956982299,31.13950807342946,32.11354519929858
-104.1374696217,0.010536462552541665,0.08252416629201097,0.701582012113683,0.619057845821672,4.9826843519e-15,0.852348181922,262.7169216430959,72.65821546046884,0.2166475907784178,0.21665372425240986,335.3751371035646,335.84767099597684,-0.14069887428753702,1.5865410473861061,0.21664759079322987,0.08300205327957408,0.2881007693144433,0.21664155714175376,0.08300101193646622,0.2880989620537815,0.09234272990354134,0.7138670343519895,0.6215243044484482,0.2000000000000002,0.1999943167949559,268.30201568852254,67.07312141504208,-5.981647813735336e-05,6.954836706540846e-09,0.6993408456172194,0.6993364586410875,0.6347327686815754,30.53355635350526,32.75085248578323,18.20087709117215,54.942407170312876,31.15609991853084,32.09644347703565
-103.8841466474,0.010571646298972222,0.08266817690761982,0.7010610978159295,0.6183929209083097,5.1885751555e-15,0.851930427071,262.10337148448673,72.48852917092805,0.21664759077830037,0.2166537694040254,334.5919006554148,335.06333098958805,-0.1406988740847548,1.5865410473885022,0.2166475907932542,0.08289595201363914,0.28791657127306713,0.2166415133767612,0.08289490614329167,0.2879147549940636,0.09247895373381414,0.7133221390310199,0.6208431852972058,0.19999999999999984,0.19999427496457242,267.67543607481684,66.91646458059795,-5.981632711371532e-05,6.966072163550052e-09,0.6988937200704062,0.6988893112029938,0.6340371745727436,30.555864951317858,32.72694134475387,18.15429061309062,55.083397160058915,31.173447392009127,32.07858237252053
-103.6296481282,0.010606993315527776,0.08281280659457446,0.7005379398281771,0.6177251332336027,5.4048629445e-15,0.851505381409,261.4853587363905,72.31760868682161,0.21664759077810633,0.21665381572596343,333.80296742321207,334.273286174026,-0.14069887432436312,1.5865410473858024,0.21664759079305226,0.08278976758488582,0.2877321107990657,0.21664146847271817,0.08278871706545882,0.2877302852767828,0.09261573714997405,0.7127750053653715,0.6201592682153975,0.1999999999999999,0.19999423204688604,267.044299298435,66.75866812477702,-5.98164972775983e-05,6.872857838402524e-09,0.698445957490049,0.6984415261853386,0.633338723072492,30.57898403718675,32.70219830665111,18.10781964247496,55.22476033803266,31.191553735313743,32.05996111914883
-103.3752180021,0.010642330833041667,0.08295735236494621,0.7000150844435246,0.6170577320785784,5.62364129007e-15,0.851075112504,260.86590236315647,72.14628894713586,0.21664759077817594,0.21665386224002467,333.01219131029234,333.4813958801191,-0.1406988742470805,1.5865410473861676,0.21664759079300214,0.0826840192382646,0.28754829027185086,0.2166414233908149,0.08268296408840446,0.28754645553093583,0.09275241426451868,0.7122282969069432,0.6194758826424246,0.19999999999999984,0.19999418894366794,266.41168820083686,66.6005031094555,-5.9816474262675e-05,6.849720790569336e-09,0.6979997483277128,0.6979952946455336,0.632640814376556,30.60279953105696,32.67674903353726,18.061734199993317,55.365669150439054,31.210337911279908,32.04066559108238
-103.1239273824,0.010677232308,0.0831000747872786,0.6994988278339592,0.6163987530466806,5.81062538637e-15,0.85064494353,260.2525185511083,71.97664866318624,0.21664759077808432,0.21665390742627993,332.22916721429453,332.6972685258675,-0.14069887427904382,1.586541047386857,0.2166475907930225,0.08257997335795758,0.2873673143521329,0.21664137959345722,0.08257891378943792,0.28736547076751917,0.09288733982235219,0.7116885946757079,0.6188012548533557,0.19999999999999973,0.1999941470934796,265.7852782776947,66.44388893659985,-5.981643080854582e-05,6.859113277357665e-09,0.6975604442153598,0.6975559690658316,0.631951849582548,30.62735655236035,32.65054880888613,18.01597273447848,55.506300699835485,31.22982245625148,32.02067515436109
-102.8737517407,0.010711978924902778,0.08324212765177873,0.6989849939792672,0.6157428663274884,5.97492258195e-15,0.850211552023,259.6403139302905,71.80733450205737,0.21664759077846962,0.21665395221641504,331.4476484323479,331.91464860651206,-0.14069887428133088,1.5865410473863735,0.21664759079324028,0.08247677919022202,0.28718770724079057,0.2166413361806575,0.08247571527846242,0.2871858549414689,0.0930216054941216,0.7111515319897176,0.618129926495596,0.20000000000000004,0.19999410561864725,265.16007242471665,66.28757600763124,-5.981646128416784e-05,6.959632870007226e-09,0.6971244627723948,0.6971199664686323,0.6312662543384595,30.652604536249015,32.62365515522261,17.97059475439268,55.64646099181348,31.24995308726675,32.000048038710965
-102.6222054738,0.010746915906416668,0.08338492471137682,0.6984684651529451,0.6150835404415683,6.16109127578e-15,0.849770637501,259.02321233009076,71.6366660091431,0.21664759077800452,0.21665399794574264,330.65987833923384,331.1257685679971,-0.1406988742610138,1.586541047386781,0.21664759079294096,0.08237340965047657,0.2870076822150874,0.21664129187524728,0.08237234127823756,0.2870058209831946,0.09315654805953942,0.710611761726551,0.6174552136670116,0.20000000000000037,0.1999940632680198,264.5298657104614,66.13001262877246,-5.9816435604709284e-05,6.821476716822872e-09,0.696687466876802,0.6966829488899602,0.6305772026976997,30.6786815611738,32.59592489351224,17.925302705038813,55.78706348534351,31.270846749621935,31.97866715943949
-102.3680914585,0.010782209519652777,0.08352914783574902,0.6979467738168904,0.6144176259811414,6.37210176627e-15,0.849320001941,258.39824952612724,71.46382338532067,0.21664759077805612,0.2166540450635013,329.86207291144785,330.32683905547907,-0.14069887429072336,1.5865410473863317,0.21664759079293092,0.08226937959112474,0.2868263927729189,0.21664124623613545,0.08226830659506712,0.2868245223042603,0.09329281127838286,0.7100667088511292,0.6167738975727464,0.20000000000000012,0.19999401962203234,263.89163102903154,65.97044188241637,-5.981646391539641e-05,6.816835984579939e-09,0.6962474017145698,0.6962428613062411,0.6298814074604658,30.70569987587505,32.56724334707912,17.87990683555821,55.92870305181207,31.29260330463447,31.956433610363728
-102.1118153688,0.010817803421000001,0.0836745690452243,0.6974207434559672,0.6137461744107429,6.56655822513e-15,0.848860248799,257.7663887333678,71.28907302163832,0.21664759077822462,0.21665409372417307,329.05546175500615,329.5190914072387,-0.14069887430575578,1.5865410473862804,0.21664759079310594,0.08216486372733903,0.2866441412750992,0.2166411990806624,0.08216378593975479,0.286642261259143,0.09343017906317534,0.7095172377128296,0.6160870586496543,0.20000000000000007,0.19999397454242102,263.2463521137309,65.8091096412753,-5.981646714614541e-05,6.8976380163121576e-09,0.6958050012416258,0.69580043765802,0.6291799720247602,30.733668133388203,32.53760649916135,17.834427031953652,56.07132756260217,31.31523514870378,31.933338365539708
-101.8548261623,0.010853496366347222,0.08382037003758518,0.6968933381257362,0.613072968088151,6.67534189835e-15,0.848393922736,257.1311853141313,71.11339820562252,0.21664759077842605,0.21665414279407139,328.2445835197538,328.70707066763515,-0.14069887421102045,1.586541047386915,0.21664759079311607,0.08206045731144641,0.2864619648599905,0.21664115154526095,0.08205937469280783,0.2864600752160898,0.0935678769552462,0.7089664461445985,0.6153985691893523,0.2000000000000003,0.19999392908044275,262.5976595622647,65.64692395748911,-5.9816427155912066e-05,6.902300953015583e-09,0.6953627830257676,0.6953581960711208,0.6284768509750799,30.762500180557478,32.507110739718755,17.789029806859105,56.21442039601392,31.338678918390766,31.909449744327315
-101.5985968625,0.01088908376909722,0.0839657191982287,0.6963675689216905,0.6124018497234618,6.84416135393e-15,0.847923731573,256.4962902301431,70.93780866403016,0.21664759077812867,0.21665419135625053,327.43409889417325,327.8954440930383,-0.14069887434425832,1.5865410473856325,0.21664759079288676,0.08195675627285288,0.28628090448518023,0.2166411045288854,0.081955668932783,0.2862790053999472,0.09370511885414233,0.7084174785478685,0.6147123596937262,0.20000000000000018,0.19999388409281768,261.9492816718958,65.48481722227748,-5.981650799125049e-05,6.796452289847821e-09,0.6949232739056466,0.6949186640329447,0.6277760583432601,30.792097251375804,32.475865214257844,17.74388794874365,56.357434339569565,31.362855310081454,31.884852004484245
-101.3435600337,0.010924505550875,0.08411037508247476,0.6958443102583297,0.611733935175855,7.07936809452e-15,0.8474505578,255.86280284731984,70.7626084430019,0.2166475907782459,0.21665423907109718,326.6254112903218,327.085617071521,-0.14069887429460914,1.5865410473872688,0.21664759079287682,0.08185392873429413,0.28610125608653686,0.21664105833561897,0.08185283683007354,0.2860993478323108,0.09384167673154806,0.7078712470381966,0.6140295703066485,0.19999999999999993,0.19999383989570252,261.3023410788572,65.32307021146461,-5.98164048515315e-05,6.791878170986365e-09,0.6944871922411651,0.6944825601114891,0.6270787585031987,30.82237659324299,32.443961515259154,17.699072706614388,56.50013515263352,31.387688080154035,31.859625896826884
-101.0890882129,0.010959848859319445,0.08425469608494397,0.6953222622432802,0.6110675661583362,7.39481013687e-15,0.846973317143,255.22919021104764,70.58737358119804,0.21664759077812723,0.2166542868402299,325.8165637922457,326.27562993056733,-0.1406988742675419,1.5865410473864738,0.2166475907929252,0.08175171537026085,0.28592256883684586,0.21664101209580086,0.08175061893638924,0.28592065146888085,0.09397788979769339,0.7073263947738576,0.6133485049761642,0.19999999999999993,0.19999379564574318,260.6552725151811,65.16129127706463,-5.98164549558966e-05,6.814193653781331e-09,0.6940534436864588,0.6940487894339334,0.6263832193589091,30.853362035274618,32.411378664558534,17.65454195706233,56.64264767854659,31.41319152140389,31.83376000870952
-100.8342029351,0.010995249592347222,0.0843992404098584,0.6947994052449715,0.6104001648351132,7.80213281921e-15,0.846490206747,254.59302711745565,70.41143335316416,0.21664759077830964,0.21665433495441683,325.00446047061985,325.4623823788781,-0.14069887429420946,1.5865410473868387,0.21664759079303203,0.08164972036141256,0.285744151928631,0.2166409655320677,0.0816486193600813,0.28574222537119237,0.09411428481835837,0.7067808146917323,0.6126665298733739,0.1999999999999999,0.19999375108305462,260.00559930237625,64.99886116824361,-5.981643196317776e-05,6.86350976053518e-09,0.6936203513633793,0.693615674804165,0.6256867511080815,30.885177385033202,32.377991148744215,17.61019970907633,56.78527310991244,31.43946717098734,31.807154827446002
-100.5782354528,0.011030800631555555,0.08454439047575348,0.6942743549083203,0.6097299644325669,8.30914584913e-15,0.845999945685,253.95264093877626,70.23432516883892,0.21664759077798443,0.21665438375435664,324.18696610761515,324.6437361897982,-0.1406988742625792,1.5865410473865214,0.216647590792811,0.08154767698796817,0.28556553886624375,0.21664091829521417,0.08154657135210602,0.28556360298908195,0.094251222398723,0.7062330643691633,0.6119818419704404,0.19999999999999987,0.19999370588555135,259.3516133559596,64.8353527516556,-5.981645196939667e-05,6.761502469032621e-09,0.6931867828922315,0.6931820837101582,0.6249875124054254,30.917878515464867,32.34374569069505,17.565943747462992,56.92833897093788,31.466558961177995,31.77976979414096
-100.3210876165,0.011066515608819445,0.08469020513457508,0.6937468985267632,0.6090566933921882,8.83981581997e-15,0.845502314046,253.3077760078276,70.05597832014821,0.2166475907781954,0.2166544332379283,323.36375432797576,323.8193645284819,-0.14069887425341987,1.586541047386571,0.21664759079307896,0.08144554886648153,0.2853866655372699,0.21664087040532545,0.08144443854088892,0.285384720230234,0.09438875743787373,0.7056829242139053,0.6112941667760317,0.19999999999999976,0.19999366005041821,258.69305357227967,64.67070075569615,-5.981644882746551e-05,6.885181313975863e-09,0.6927525826454197,0.6927478605731052,0.6242852229261941,30.951478482120926,32.30863432186764,17.52175040865676,57.07192356226819,31.494479805514818,31.751596031279608
-100.0632027859,0.011102332946402779,0.08483643580927308,0.6932179325830077,0.6083814967737347,9.46897335034e-15,0.844998151249,252.6595373829188,69.87669842679685,0.21664759077805287,0.21665448389849498,322.5362358097157,322.9906800607945,-0.140698874343137,1.5865410473870443,0.21664759079287094,0.08134351394024672,0.2852078434059041,0.21664082135924725,0.08134239877368167,0.28520588839237115,0.09452665550358946,0.7051313319500023,0.6106046764464128,0.20000000000000034,0.199993613123936,258.03104864673685,64.50518716297887,-5.9816419006875066e-05,6.789147022345787e-09,0.6923185066765773,0.692313761042542,0.6235810797369965,30.985985971727175,32.27265386721724,17.477674226129235,57.215850751182536,31.523248793271026,31.722618647525337
-99.80515935248,0.011138172312155555,0.08498275812974643,0.6926886305026244,0.607705872372878,1.01573127114e-14,0.84448860055,252.00938145905695,69.69688827639852,0.2166475907781078,0.21665453560625758,321.70626973545546,322.15954458811086,-0.14069887429065675,1.5865410473883912,0.21664759079275198,0.08124180055397791,0.285029473132127,0.21664077128103792,0.08124068044454741,0.28502750822428946,0.09466461038562535,0.7045795124212659,0.6099149020356406,0.19999999999999998,0.19999356523337533,257.3670858931318,64.33918384232365,-5.981633410812037e-05,6.734235391547827e-09,0.6918855275547476,0.6918807579031043,0.6228766464294307,31.021358131983867,32.23585491471351,17.433773391632553,57.359928773650125,31.552827379306198,31.692880893959007
-99.54725412949,0.011173992482015279,0.08512900931894091,0.6921595906375383,0.6070305813185974,1.05451648449e-14,0.843974285867,251.35806645287568,69.51675756477863,0.21664759077812182,0.21665458624759418,320.8748240176543,321.32692738721676,-0.14069887427070604,1.5865410473894233,0.21664759079259788,0.08114052337087904,0.284851756833057,0.2166407222902578,0.08113939853060756,0.2848497823952259,0.09480246645197596,0.7040280881550958,0.6092256217031198,0.19999999999999984,0.199993518319766,256.7019390221278,64.17288499552643,-5.981626906015336e-05,6.6631145045903395e-09,0.6914541359025583,0.691449343117642,0.6221727177001319,31.05753598508188,32.198304478511695,17.390087472205664,57.50402357655108,31.58316579902521,31.662437083202857
-99.28940570679,0.011209804762945832,0.08527523695046098,0.6916306321856828,0.6063553952352218,1.10494832697e-14,0.843455088634,250.70539912616667,69.33625284913575,0.21664759077823542,0.2166546376906063,320.04165197530244,320.492581429533,-0.14069887428259653,1.5865410473893076,0.21664759079264195,0.08103964753739368,0.2846746345170108,0.21664067248355534,0.08103851787271367,0.2846726503770843,0.09494027024706694,0.7034768729749483,0.6085366027278813,0.1999999999999999,0.19999347066733245,256.0354112386552,64.00624073664727,-5.981627635431863e-05,6.683453790401472e-09,0.6910241860951482,0.6910193697591959,0.621469055882409,31.09449435704802,32.16003413714735,17.346614190190692,57.648137500255714,31.614246793018967,31.63130871176786
-99.03131794409,0.011245650285543054,0.08542161257677135,0.6911011364597444,0.605679523882973,1.16694081364e-14,0.842930446026,250.0506390534558,69.15516935386295,0.2166475907782302,0.2166546896134445,319.2058084073188,319.6555601822733,-0.14069887434402517,1.5865410473873076,0.21664759079278845,0.08093905527278944,0.28449790029592387,0.21664062220972116,0.08093792073204206,0.28449590635375066,0.0950781828859495,0.7029252224201462,0.6078470395341967,0.19999999999999996,0.19999342257051672,255.36674627955045,63.839062127768294,-5.981640240904085e-05,6.751088577061637e-09,0.6905951783562291,0.6905903382261317,0.6207648382806584,31.13225825359012,32.121023533032066,17.30331313685831,57.792400339208434,31.64608361161112,31.599486757125753
-98.77265070986,0.011281576290297222,0.08556833252369345,0.6905703938813835,0.6050020613576901,1.24005074173e-14,0.842399683856,249.39292715271597,68.9732694872715,0.21664759077819853,0.2166547419676983,318.3661966399875,318.81476542603184,-0.14069887429616346,1.5865410473882826,0.2166475907926987,0.08083861342230217,0.2843213207311442,0.21664057153267957,0.08083747399360747,0.2843193169547357,0.09521638890286957,0.7023723983520201,0.6071560094491506,0.19999999999999993,0.19999337408002799,254.69506678093072,63.67112985905677,-5.9816340958196434e-05,6.709655053782626e-09,0.6901665460327349,0.6901616820308428,0.6200591226135731,31.17088941039086,32.08121484228963,17.26014956482298,57.93692553151731,31.67872845744678,31.56692356965256
-98.51318246731,0.011317613546206943,0.08571552692519022,0.69003793810883,0.6043224111836397,1.32366764487e-14,0.841862351201,248.73169932950898,68.79039724073493,0.21664759077803816,0.21665479384286995,317.522096570244,317.96947604363004,-0.14069887429214445,1.5865410473892583,0.21664759079257173,0.08073823655476006,0.28414474578066734,0.21664052136130083,0.0807370923524375,0.2841427323589986,0.09535500956195353,0.7018179157150533,0.6064629061530997,0.20000000000000007,0.19999332602451764,254.01979639088282,63.502300179361185,-5.981627945184087e-05,6.65105748254291e-09,0.6897379249100799,0.6897330374951145,0.6193512896761707,31.21043434343106,32.040566593731896,17.217115319955397,58.0817390960352,31.71223192525613,31.533573617805942
-98.25298545539,0.011353752020084722,0.08586315622686094,0.6895039020859673,0.6036407458591064,1.41714333291e-14,0.841318599586,248.06713785324834,68.6066030236698,0.21664759077809106,0.2166548474267876,316.6737408769182,317.1199250415353,-0.14069887426930716,1.5865410473901136,0.2166475907924371,0.08063795340012772,0.2839682260396887,0.2166404695127255,0.08063680420099584,0.2839662025681856,0.09549400929452309,0.7012619167840953,0.6057679074895722,0.19999999999999987,0.19999327638634531,253.34112189342278,63.3326189834954,-5.9816225550513025e-05,6.588907197624394e-09,0.6893094378039264,0.6893045259938173,0.6186415210914614,31.25088638188024,31.999092370698833,17.17419183208246,58.22690288878326,31.746584044616455,31.499451991263253
-97.9921389173,0.011389980705930556,0.08601117979728523,0.688968437207827,0.6029572574105417,1.51993769541e-14,0.840768602368,247.39944483480747,68.42194273275594,0.216647590778248,0.21665490172340296,315.8213875675634,316.26637079101204,-0.14069887428614924,1.5865410473897361,0.21664759079263074,0.08053779514782516,0.28379181656246744,0.21664041695753866,0.08053664088248282,0.2837897829071421,0.09563334851361162,0.7007045599087142,0.6050712113951026,0.20000000000000048,0.19999322609074088,252.6592493994722,63.162138168091204,-5.981624934259244e-05,6.678280151106719e-09,0.6888812183539459,0.6888762818234485,0.6179300190024727,31.29222586273553,31.956819063831887,17.13138466401507,58.37239777240696,31.78176403984303,31.46458449399963
-97.73073680442,0.011426286554941666,0.08615954789138149,0.6884317236321863,0.6022721757408048,1.6316974197e-14,0.840212571514,246.7288621907831,68.23648327347966,0.21664759077827522,0.21665495669653057,314.9653454642627,315.40912254903526,-0.14069887427035077,1.5865410473893846,0.21664759079263385,0.08043779803321964,0.283615581435893,0.2166403637584166,0.08043663864137945,0.28361353747904816,0.09577297999873399,0.7001460339682354,0.6043730539695014,0.19999999999999976,0.19999317516479176,251.9744259579893,62.99091950627346,-5.9816271491541784e-05,6.679723441038732e-09,0.6884534221257743,0.6884484605891884,0.6172170245265435,31.334484855292775,31.91372076541695,17.088724549794456,58.51811801905532,31.817810444107664,31.428938259489502
-97.46883308453,0.011462662071593055,0.08630823283657355,0.6878938578934335,0.60158562505686,1.75230587874e-14,0.839650640733,246.05553127087236,68.05026373808536,0.2166475907779565,0.216655013085407,314.1057950089577,314.54836101187425,-0.14069887425031125,1.5865410473909403,0.21664759079236107,0.08033798241292503,0.2834395568951607,0.21664030915179316,0.08033681770545557,0.2834375022918731,0.09591287810194983,0.6995864415540144,0.6036735634520646,0.19999999999999998,0.19999312293903904,251.28679613186662,62.81899887709107,-5.981617343664425e-05,6.5538019455857466e-09,0.6880261370773587,0.6880211496974115,0.6165026686282763,31.37763746050364,31.86983090293979,17.04621141817691,58.66406179461488,31.854694310422087,31.392547366961363
-97.20642079512,0.011499108222900001,0.0864572425272335,0.687354814336202,0.6008975718089685,1.8819122077e-14,0.839082816858,245.37943769740355,67.86328015058203,0.21664759077820153,0.21665507029968223,313.24271784798555,313.68406780036446,-0.14069887433996175,1.5865410473869932,0.21664759079277576,0.08023834544842409,0.28326373832247587,0.21664025376411714,0.08023717534887315,0.2832616729260652,0.09605304931498318,0.6990257567039546,0.6029727073889715,0.19999999999999996,0.1999930699418193,250.59634506864785,62.64637277933776,-5.981642222652184e-05,6.745226599491616e-09,0.6875993519993834,0.6875943384200204,0.6157869181641507,31.421690085764048,31.825149992586212,17.00384660669836,58.81022236498346,31.89241853690883,31.3554144174644
-96.9434604479,0.011535630493347224,0.08660660422148889,0.6868144991179287,0.6002078948964398,2.02080906739e-14,0.83850903586,244.70048309520425,67.6755053034785,0.21664759077802376,0.2166551272481745,312.37598839868275,312.81611715413965,-0.14069887429746242,1.5865410473885748,0.21664759079258392,0.08013887184500762,0.283088099087559,0.2166401986167514,0.08013769645693859,0.283086023068852,0.09619351794396992,0.6984638821870552,0.6022703642430853,0.1999999999999997,0.19999301719555243,249.9029719793873,62.47301641929544,-5.9816322539596456e-05,6.6566752110475136e-09,0.6871730022490422,0.6871679628849313,0.6150696490141558,31.466668645507106,31.7796590184256,16.961620013054567,58.95663263475698,31.93099717314032,31.31753119320617
-96.67983727369,0.01157224482309861,0.08675638934152406,0.686272666452807,0.599516277111283,2.16900432127e-14,0.837929066432,244.01837346332994,67.48685788682681,0.2166475907782306,0.2166551813613394,311.50523135015675,311.94413323401,-0.14069887428335148,1.5865410473886083,0.21664759079276322,0.0800395184205967,0.2829125632074276,0.21664014641001675,0.08003833824484084,0.2829104774391377,0.09633434812134656,0.6979005614784429,0.6015662133570964,0.20000000000000023,0.1999929670546653,249.206375879389,62.29885547076779,-5.981632041907048e-05,6.739431235303073e-09,0.6867469033839145,0.6867418403534958,0.6143505337064609,31.51247842456565,31.733460838181706,16.919626752557313,59.10295863050615,31.970363372878055,31.27896884801586
-96.4165932279,0.011608806496125,0.08690600167438454,0.6857314374072829,0.5988254357328984,2.32388219487e-14,0.837345248425,243.33581492595002,67.2980863186205,0.21664759077804224,0.2166552399771911,310.63390124457055,311.07157544947535,-0.14069887429359884,1.5865410473885655,0.21664759079268225,0.07994067575287286,0.28273782158189037,0.21664008962252784,0.07993949011012394,0.28273572485648846,0.09647498646772383,0.6973380080925204,0.6008630216247967,0.1999999999999999,0.19999291276585296,248.50932253084855,62.12457871372198,-5.981632312801466e-05,6.70206112829419e-09,0.6863227325062785,0.6863176428783744,0.6136323979361266,31.558914474753905,31.68676795901732,16.878032780004368,59.24861108130525,32.01034105157034,31.23990457924042
-96.15629591288,0.011644958900988888,0.08705399401835365,0.6851960920673626,0.598142098049009,2.48350315225e-14,0.836763415266,242.65950423885775,67.11104268513502,0.2166475907782214,0.21665529292559382,309.7705469239928,310.2070046877422,-0.140698874349654,1.5865410473892647,0.21664759079246554,0.07984329903936455,0.28256556591234633,0.21664003850370153,0.07984210880438249,0.28256345978272296,0.09661406385755371,0.6967816985321181,0.6001676346745645,0.19999999999999984,0.1999928637292174,247.81864814569752,61.95189877829523,-5.981627905216058e-05,6.602030033775463e-09,0.6859045960816937,0.6858994836258179,0.6129222328129499,31.605995851275097,31.63956626159136,16.836811121328147,59.39366978662861,32.05093753783655,31.20033536677318
-95.89744058256,0.011680911030200001,0.08720121480351285,0.6846635197634234,0.5974623049599106,2.64533272275e-14,0.836180358652,241.98557897731712,66.92465877591535,0.2166475907780594,0.21665534948985904,308.91023775323254,309.34548336596305,-0.14069887427954342,1.5865410473900659,0.21664759079240076,0.07974681357193474,0.28239478318824296,0.21663998375378332,0.07974561818364398,0.2823926666605278,0.09675238684718367,0.6962284065732711,0.5994760197260874,0.19999999999999973,0.19999281135876887,247.1304108474578,61.77982690577468,-5.981622855921742e-05,6.572120625492062e-09,0.6854900351106298,0.6854848974142441,0.6122159198530762,31.65370114893918,31.59188226661808,16.79601519692251,59.53793136500777,32.092129219970715,31.160288341906174
-95.63768938251,0.0117169875857625,0.0873490048138068,0.6841289076298932,0.5967799028160864,2.80557113007e-14,0.835590872289,241.30796911060065,66.73725583529225,0.21664759077831644,0.21665540204682313,308.0452249458929,308.4792517805709,-0.1406988742914561,1.5865410473893056,0.21664759079265622,0.07965034453945719,0.2822239262349264,0.2166399329838287,0.07964914468056697,0.2822218005055013,0.09689120738068124,0.6956731244405604,0.5987819170598792,0.20000000000000012,0.1999927626881987,246.43840937605614,61.60681556983675,-5.9816276476443164e-05,6.690048515167746e-09,0.6850752939542757,0.6850701339214983,0.6115070663071758,31.70245325523661,31.543300196643933,16.755369567323793,59.682360092503906,32.13425891780625,31.11943557054865
-95.37492974438,0.011753481979947222,0.08749856580284938,0.6835878829010127,0.5960893170981633,2.96616075818e-14,0.835177484774,240.62114558187392,66.54730472121376,0.21664759077812368,0.21665545662953734,307.16845030308764,307.6012417874924,-0.1406988742599924,1.5865410473912847,0.21664759079241844,0.07955311243127586,0.28205161306270854,0.21663988024074315,0.07955190784881536,0.2820494776609511,0.09703165834501713,0.695111320582029,0.5980796622370118,0.2000000000000001,0.19999271214197653,245.73699884252525,61.431451460562435,-5.981615173178412e-05,6.580291866953303e-09,0.6846570179466948,0.6846518344351289,0.6107898873572163,31.75273072389393,31.493354341568487,16.7146717112765,59.82767817840856,32.177733945251006,31.07739039987887
-95.10830304423,0.011790513466079167,0.08765039378620638,0.683038651039714,0.5953882572535075,3.11743170427e-14,0.834771912648,239.9228232643815,66.35417344853013,0.21664759077785764,0.21665551350611112,306.2769967129117,306.708532165128,-0.14069887432541783,1.5865410473892863,0.2166475907922693,0.0794548106149874,0.28187729709039605,0.21663982529760487,0.0794536010676575,0.28187515156121423,0.09717420365261059,0.6945411393509046,0.597366935698294,0.2000000000000001,0.19999265945562153,245.02384561021574,61.25315110269585,-5.981627769768849e-05,6.511458039426543e-09,0.68423388030714,0.684228672212087,0.6100620141493703,31.804446469852152,31.442144448195727,16.673914109510847,59.97392054632195,32.222497663297396,31.034217472813616
-94.84011613106,0.01182776164846389,0.08780318106128346,0.6824859446967128,0.5946827636354293,3.28470566478e-14,0.834355401751,239.21901502789828,66.15952496477594,0.2166475907781963,0.21665557167865182,305.37853999267423,305.8088095450449,-0.1406988742445825,1.5865410473906039,0.21664759079260187,0.0793562980127929,0.2817024991241521,0.2166397690802189,0.07935508334036664,0.28170034316693093,0.09731761391151515,0.6939674983169526,0.5966498844054374,0.2000000000000001,0.19999260556587917,244.30509009563528,61.07344989703895,-5.981619464190402e-05,6.664957474811217e-09,0.6838095726670872,0.6838043392588291,0.6093297242788953,31.855855352060058,31.391403211382674,16.634102906865763,60.117459029741106,32.26708967065841,30.991329252397218
-94.58651828948,0.011862983570905556,0.08794773011643464,0.6819630610968311,0.5940153309803965,3.47620462271e-14,0.833953798508,238.55221453793217,65.97511151564517,0.21664759077823367,0.21665562195011895,304.5273260535773,304.9563962700156,-0.14069887422805127,1.5865410473908754,0.21664759079258672,0.07926347974780695,0.2815377057301685,0.21663972045867252,0.0792622610112694,0.2815355412932254,0.09745325375380576,0.6934249389477142,0.5959716851939084,0.19999999999999965,0.19999255903688323,243.62412681946307,60.90319923411425,-5.981617752226498e-05,6.657963069756079e-09,0.683409550300695,0.6834042963086114,0.6086371121635358,31.907224259450995,31.34086474801385,16.59502379938176,60.25902777176219,32.311732057634984,30.94851115428548
-94.34227990608,0.011896905568600001,0.0880870140240443,0.681459240335704,0.5933722263116598,3.69406134725e-14,0.833559933181,237.9088598028263,65.79718233370103,0.21664759077833137,0.216655666609813,303.7060421365273,304.13395518771273,-0.140698874257994,1.5865410473911181,0.21664759079253068,0.07917439284401837,0.2813794463780508,0.21663967728924044,0.0791731708389507,0.2813772749156383,0.09758391855687351,0.6929022797351582,0.5953183611782846,0.19999999999999984,0.19999251773262183,242.96710611903347,60.73893601749383,-5.981616223449393e-05,6.632094873282313e-09,0.6830253887817923,0.6830201177359617,0.6079699038849293,31.958003606732852,31.29106599729283,16.55737139507993,60.396060228325425,32.35590295629469,30.906261566885266
-94.09745767123,0.01193090865677361,0.08822669691334466,0.6809539675657161,0.5927272706523715,3.91389785866e-14,0.833158164828,237.26283211527016,65.61851390745758,0.21664759077811838,0.21665571327617172,302.8813460227277,303.3080971009982,-0.14069887429625227,1.5865410473896786,0.2166475907924639,0.07908539104350973,0.2812212492744987,0.2166396320886697,0.07908416550906086,0.2812190703154053,0.09771492872715025,0.6923782390537211,0.5946633103265708,0.20000000000000012,0.1999924745740005,242.30735612933827,60.57398989338942,-5.98162529619195e-05,6.601275082118718e-09,0.6826413783661466,0.6826360891227414,0.6073009320719855,32.00943333678492,31.240790471939093,16.520224685135833,60.53186436984454,32.400656221334216,30.863572427942056
-93.84489966767,0.011965986157268054,0.08837086829627937,0.680432461434605,0.5920615931383256,4.03078064224e-14,0.832736435798,236.59521223021878,65.43387384258506,0.2166475907781024,0.2166557610521779,302.02908607280386,302.454636341323,-0.14069887427313743,1.5865410473908004,0.2166475907924577,0.07899388703517002,0.2810585117643122,0.21663958604194275,0.07899265789347992,0.2810563251262635,0.09785011556407557,0.6918374917059925,0.593987376141917,0.20000000000000026,0.1999924303563391,241.62555511079984,60.40353096200396,-5.9816182262917295e-05,6.598410706715185e-09,0.6822463464880356,0.6822410386046003,0.6066106331192317,32.06304502340624,31.18855365327882,16.48244393862704,60.67061436541421,32.44734113362317,30.819166226343334
-93.57969186429,0.012002820574404167,0.08852234084975186,0.6798845256662792,0.5913621848165274,4.16507894079e-14,0.832285709612,235.89287725863036,65.23963281178938,0.2166475907783358,0.21665581563767622,301.1325100704197,301.5567970890876,-0.14069887422981653,1.5865410473927462,0.21664759079235707,0.07889813576078246,0.28088811965048016,0.21663953346766535,0.07889690220399412,0.28088592382672745,0.0979921168020343,0.6912694867536512,0.5932773699516168,0.19999999999999993,0.19999237979027587,240.9083027492173,60.22420732120246,-5.9816059616579764e-05,6.551958975364869e-09,0.6818327336911751,0.6818274035102012,0.6058855380719025,32.11995609127839,31.13329287120453,16.443291270102147,60.81507549636612,32.49695947027312,30.772109646588902
-93.29896397148,0.012041810559516666,0.0886827698852654,0.6793041654397426,0.5906213955544772,4.3197769547e-14,0.831799922465,235.14803218760073,65.03363498978156,0.21664759077826065,0.21665587914971682,300.18166717738234,300.60461448602626,-0.1406988742894355,1.586541047393333,0.2166475907920294,0.07879715283758393,0.2807083056084802,0.216639472294236,0.07879591375934633,0.2807060985432029,0.0981424796210426,0.6906680354759849,0.5925255558549423,0.2,0.1999923209098271,240.14763886399638,60.03402831338595,-5.9816022623948584e-05,6.4007021904899375e-09,0.6813962499411133,0.6813908924722659,0.6051177466280272,32.18073538625538,31.07449186593502,16.402428278061436,60.966582694192866,32.55001964916939,30.7219476601919
-93.00328290054,0.012082877374925,0.08885184971368326,0.6786924768166829,0.5898406271029997,4.49666243271e-14,0.831278750848,234.3619634113469,64.81623614785052,0.21664759077816945,0.21665595359758089,299.17819955919737,299.59973301081953,-0.14069887425665062,1.5865410473946737,0.216647590791942,0.07869120123522316,0.28051952023918614,0.21663940051863234,0.07868995520394478,0.28051729929532826,0.09830091270682918,0.6900343031323963,0.5917333904255672,0.19999999999999982,0.19999225185309635,239.34487772399842,59.83332183519892,-5.981593812487418e-05,6.360378890235552e-09,0.6809379890342908,0.6809325978763343,0.6043087463159842,32.24338647373761,31.014112019979812,16.360949194896254,61.12114817347803,32.60482123221559,30.670310776368797
-92.71356729432,0.012123115653566666,0.08901763404531066,0.6780927129132125,0.5890750788679018,4.68397259473e-14,0.83075887423,233.59023105272553,64.6028022523362,0.21664759077803578,0.21665602601776057,298.19303330506176,298.61317868590316,-0.14069887427283767,1.5865410473949055,0.2166475907918645,0.07858779501591287,0.28033514766420725,0.21663933066942162,0.07858654231475629,0.28033291336330146,0.09845621330199505,0.6894131007513485,0.5909568874493535,0.19999999999999965,0.1999921846826907,238.5567571172241,59.63627618783766,-5.9815923514339175e-05,6.324607504382129e-09,0.6804904398215581,0.68048501624047,0.6035157413112661,32.30410220805712,30.95582082917585,16.320916378666006,61.27106939333117,32.658071499277696,30.620301631163898
-92.46245125581,0.012157992881137501,0.08916143821482043,0.6775725291522688,0.5884110909374484,4.85900186769e-14,0.830301090764,232.92011370447113,64.41747147747061,0.21664759077818355,0.21665607499982112,297.33758518194173,297.7565252610462,-0.14069887426889638,1.5865410473941333,0.2166475907920344,0.07849849401252439,0.28017582695965115,0.21663928345358038,0.07849723771158378,0.28017358496400724,0.09859087640167655,0.6888744483534678,0.5902835719517913,0.19999999999999998,0.19999213937327556,237.87240540532167,59.46517977662009,-5.9815972186516575e-05,6.40303365884165e-09,0.6801037019571862,0.6800982596977561,0.6028281166972244,32.36389965533388,30.89862503127587,16.28220717845315,61.41673478540042,32.71059897455062,30.57113080619576
-92.22149705999,0.012191458741668056,0.08929951077324123,0.6770730845049927,0.5877735737317514,5.04140606244e-14,0.829855511646,232.27607382119857,64.23935280768384,0.21664759077808649,0.21665612050194843,296.5154266288824,296.933208310062,-0.14069887418700633,1.5865410473948451,0.21664759079207968,0.0784130882229869,0.2800233708514111,0.21663923944525093,0.07841182876788334,0.28002112200311485,0.09872014013004668,0.688357393440214,0.5896372533101673,0.19999999999999976,0.1999920973268173,237.2146845676162,59.3007420612662,-5.981592731130192e-05,6.423928056165096e-09,0.6797336273339569,0.6797281684402787,0.6021680626689068,32.42156745435223,30.843666069135757,16.246425892230263,61.55199959876977,32.7612397916229,30.523875358822703
-91.97089690876,0.012226264318227778,0.0894432017681882,0.6765533045501009,0.5871101027819127,5.24859465456e-14,0.829385518812,231.60518289305546,64.0538080879861,0.21664759077830106,0.21665617056715153,295.65899098104154,296.0755659692956,-0.140698874252021,1.5865410473950312,0.21664759079192963,0.07832455116189158,0.27986523750171544,0.21663919105748863,0.07832328802039631,0.27986298079666827,0.09885463369169409,0.6878194191928761,0.588964785501182,0.19999999999999993,0.19999205102402998,236.52954297104785,59.12944800999368,-5.981591558734678e-05,6.3546723438889785e-09,0.6793497716755371,0.6793442937102443,0.6014813037582875,32.48111898275876,30.787116679410218,16.210708066596368,61.68762005285818,32.81353637931996,30.475227919360403
-91.70241618252,0.012263553307983333,0.089597250894115,0.6759960383904319,0.5863987874963169,5.49116807656e-14,0.828874630587,230.88522803880605,63.85469402025383,0.21664759077821377,0.21665622826790099,294.7399220590599,295.15520210584725,-0.1406988742954418,1.586541047394618,0.21664759079188828,0.07823001888554204,0.2796962975899789,0.21663913544045707,0.07822875115410309,0.2796940313165497,0.09899878874074929,0.6872427989964452,0.588244010255696,0.20000000000000032,0.19999199759406006,235.79429627575092,58.945625783308955,-5.981594163317894e-05,6.335576507865426e-09,0.6789396839794387,0.678934182787688,0.6007452107947621,32.54470233553133,30.726967163200317,16.173456965809944,61.829700484810445,32.8694302009584,30.423405391762536
-91.41644097637,0.012303272086615278,0.0897614574060793,0.675401990126536,0.5856405327204567,5.77265648053e-14,0.828322230485,230.11701713882286,63.64223403579724,0.21664759077822615,0.2166562983137999,293.7592511746201,294.1731494844014,-0.14069887428773686,1.5865410473973078,0.21664759079151608,0.07812969034792769,0.27951688741098935,0.21663906788204262,0.07812841650697831,0.2795146087541371,0.09915241436677429,0.6866282964904833,0.587475882123709,0.20000000000000012,0.19999193267148802,235.00977079207874,58.74948038254136,-5.981577209102085e-05,6.163780597034929e-09,0.6785041805735108,0.6784986493220224,0.5999607586141656,32.61158972316047,30.663945195220233,16.134827278244103,61.977731943147674,32.92831899921411,30.368996365221882
-91.12699374837,0.012343473090504167,0.0899277931931942,0.6748002329190608,0.5848724397258666,6.03644048558e-14,0.827754700229,229.33808723765404,63.42680955440289,0.21664759077811593,0.21665637065191432,292.7648967920569,293.17739408513916,-0.14069887426669814,1.586541047397281,0.21664759079160123,0.0780285248727581,0.27933586392147736,0.21663899817232102,0.07802724467282807,0.27933357240551676,0.09930798913442562,0.686005997420301,0.5866980082858754,0.20000000000000015,0.1999918656160314,234.21429889572855,58.550597896328355,-5.9815773789662074e-05,6.20308249210666e-09,0.6780647609894078,0.678059198523495,0.5991663536146519,32.68030763577854,30.599467151441246,16.09556101841902,62.128931004992374,32.988916490457925,30.313211417211928
-90.8462077377,0.012382471147541667,0.09008928903617998,0.6742159977601709,0.584126708723991,6.26272316953e-14,0.827196225102,228.58114543983103,63.21746620534812,0.2166475907781878,0.21665643806540805,291.7986116451791,292.2097474703372,-0.14069887425635086,1.5865410473964698,0.21664759079166554,0.0779307518891757,0.2791607993418411,0.2166389331904241,0.07792946599301986,0.2791584961863419,0.09945899231009263,0.6854019847179582,0.5859429924078656,0.20000000000000015,0.19999180314828502,233.4412811460936,58.357330499085535,-5.981582491543236e-05,6.232769855785136e-09,0.6776398061673442,0.6776342154474118,0.5983952923460617,32.74802768933796,30.53619013292755,16.057343923813814,62.27680024446334,33.04873264354588,30.258346387612264
-90.58382777778,0.012418912808641666,0.09024032747365253,0.6736696220605055,0.583429294586853,6.49403905226e-14,0.826667423534,227.87266356049105,63.02152515695562,0.21664759077799975,0.21665649475739238,290.8941887174467,291.3040502368044,-0.14069887426025884,1.586541047395907,0.21664759079172446,0.077839712183724,0.2789976920759812,0.2166388785352021,0.07783842196483906,0.2789953798270485,0.09960017432531507,0.6848372566573616,0.5852370823320465,0.2,0.19999175067627628,232.71775065428943,58.176438063157256,-5.9815860387057995e-05,6.259970319888453e-09,0.6772438767378455,0.6772382639443536,0.5976743804627163,32.81481265405166,30.474042638684075,16.0204778724526,62.420110558594,33.10779088954953,30.204371029649398
-90.32813867109,0.012454425184570832,0.09038763402144283,0.6731367541434689,0.5827491201220261,6.73964558385e-14,0.826145687292,227.18118542260697,62.83028674259838,0.2166475907780884,0.21665654818907204,290.0114721652054,290.42008996268873,-0.14069887435673722,1.5865410473927388,0.21664759079191068,0.07775129135246397,0.27883918546801123,0.21663882692393047,0.07774999726355258,0.278836864965077,0.0997378313223133,0.6842866286703062,0.5845487973479929,0.19999999999999968,0.19999170125837773,232.0115844624393,57.99988770276608,-5.9816060082873435e-05,6.345923786454932e-09,0.6768591150257632,0.6768534821963638,0.5969714682347577,32.88080839829296,30.412877563311852,15.985160489554165,62.558020650056704,33.166167762946294,30.151207313050318
-90.06846766999,0.012490490601390278,0.09053735653475727,0.6725951440333466,0.5820577874985894,7.01173167965e-14,0.825609391015,226.4778790326596,62.63577705175963,0.21664759077817622,0.2166566031901589,289.11365608441923,289.52100888475394,-0.14069887429027927,1.5865410473939079,0.21664759079198212,0.0776617901629463,0.27867865035367584,0.2166387738900024,0.07766049201349623,0.2786763212285827,0.0998777107763508,0.6837271108545077,0.5838494000781569,0.1999999999999998,0.19999165037172614,231.29333885909256,57.82031722532665,-5.981598638626906e-05,6.3788974102862994e-09,0.6764694292818559,0.6764637755228772,0.5962572075657637,32.94759857166784,30.351225684166124,15.950322385671635,62.69465756368109,33.225276147484664,30.097567754172164
-89.80281993984,0.012527386119466665,0.09069065432218941,0.6720405934744011,0.5813499391522118,7.31641649972e-14,0.825054143141,225.75729481667616,62.4364889247492,0.21664759077790788,0.2166566610872654,288.19378374142536,288.5998404681694,-0.1406988742909121,1.586541047395562,0.21664759079166354,0.0775705355906815,0.2785148749899752,0.21663871803839832,0.07756923310958391,0.2785125367188772,0.10002089455719912,0.6831543757295248,0.5831334811723257,0.19999999999999993,0.19999159678417225,230.55744874770528,57.63633499372007,-5.981588213632705e-05,6.231837268444451e-09,0.6760718780999753,0.6760662021398244,0.5955260741474929,33.016900060907595,30.28751936599923,15.914985144216246,62.83386323884918,33.286660619421944,30.04206434022777
-89.52838417788,0.012565502197516667,0.09084916124535648,0.6714671787469841,0.5806180175016277,7.66244136289e-14,0.824473623867,225.01173106189214,62.230292340447726,0.21664759077846266,0.2166567254773135,287.24202340233984,287.6467391260683,-0.14069887423653338,1.5865410473968422,0.2166475907917269,0.07747658474990204,0.278346159933817,0.2166386558996512,0.07747527716702585,0.278343811080875,0.10016890810684903,0.682562321531241,0.582393413424392,0.19999999999999987,0.19999153716060256,229.79604960498412,57.44597379735572,-5.981580144531762e-05,6.26110274737357e-09,0.67566233622224,0.6756566345755359,0.5947702786825437,33.08831106884262,30.222153011056616,15.879248541448328,62.97527224854377,33.34996463220029,29.985039295498172
-89.25014865133,0.012604146020648613,0.09101001230470106,0.6708852801423119,0.5798752678376108,8.04991674493e-14,0.823878056453,224.25467760419573,62.020918109989324,0.21664759077791054,0.21665679170784072,286.27559571418504,286.6789497692719,-0.14069887426736427,1.586541047397412,0.21664759079133905,0.07738166606504057,0.2781756029292299,0.21663859203341426,0.07738035316079576,0.2781732430712842,0.10031907008185662,0.6819616736292664,0.5816426035474098,0.19999999999999998,0.19999147582101084,229.02291683576615,57.25267887841891,-5.981576552960277e-05,6.0820681824225176e-09,0.675248323166677,0.6752425948062346,0.5940035127997625,33.16240136952784,30.154631712493437,15.842847964637347,63.11996443013841,33.415706806492544,29.926046628039717
-88.96690271747,0.01264348573368472,0.09117391572141965,0.6702923245061934,0.5791184087847737,8.48654329584e-14,0.823264641675,223.4828030919465,61.80744490003449,0.21664759077839835,0.21665686248301685,285.290247991981,285.6922137199907,-0.14069887406999992,1.586541047402635,0.21664759079151885,0.07728537933348911,0.27800248080455886,0.21663852376006007,0.07728406060423232,0.27800010900039646,0.10047204185572688,0.6813497865346908,0.5808777446789639,0.19999999999999984,0.19999141026316591,228.2346489617364,57.05559903024462,-5.981543632627151e-05,6.165068455743494e-09,0.6748280834937648,0.6748223261348669,0.5932223993602002,33.23846619175836,30.085624114868295,15.80627894811178,63.2659972206463,33.483264067107335,29.865666560936077
-88.67986405029,0.012683352215237498,0.09134017918530472,0.6696908216156264,0.5783506424303217,8.97587522107e-14,0.822635828231,222.6993895480529,61.590780401520135,0.21664759077827073,0.21665693632963912,284.29016994957306,284.690726597184,-0.1406988743183346,1.586541047399659,0.21664759079112728,0.07718815167811688,0.27782755744907106,0.2166384524928972,0.07718682677693889,0.2778251730440186,0.10062717411011468,0.6807292575151785,0.5801020834050639,0.20000000000000023,0.19999134185081724,227.43459738636105,56.855572563212,-5.981562389845152e-05,5.984324147334519e-09,0.6744034714816687,0.67439768353515,0.5924302539454226,33.314619196018256,30.016852184806584,15.770169892814387,63.410857764800994,33.5509720978906,29.805395714983515
-88.40356750102,0.012721726735969444,0.09150038620654034,0.6691112484015738,0.5776108621950334,9.49193138546e-14,0.822023880557,221.9441688052834,61.38191303536617,0.21664759077806697,0.21665700328432663,283.32608184064964,283.7252801158132,-0.1406988742774784,1.5865410473996453,0.21664759079112625,0.07709489364087307,0.2776596723344481,0.21663838790833592,0.07709356346351344,0.2776572769864198,0.1007766099076698,0.6801315143249558,0.579354904417286,0.1999999999999997,0.1999912798556117,226.66333611686233,56.662745723787296,-5.981562476442548e-05,5.983835649203684e-09,0.6739959442185297,0.6739901297088399,0.5916671961145082,33.39090986429982,29.94827047432926,15.734529430695844,63.554490422137526,33.618863833790726,29.745205101038778
-88.13663739148,0.012758800362294445,0.09165532205763148,0.668550769756919,0.5768954476992875,1.00312590421e-13,0.821426548449,221.2135185300636,61.17984099225411,0.21664759077813597,0.21665706248637565,282.3933595223177,282.7912436187324,-0.14069887430853134,1.586541047399584,0.21664759079105098,0.07700510261607864,0.2774979326338822,0.2166383309325563,0.07700376816548113,0.27749552819006135,0.1009210847835268,0.6795536148211495,0.5786325300376227,0.20000000000000004,0.19999122506597328,225.91716560095355,56.47619392136415,-5.9815628628001605e-05,5.949107872993409e-09,0.6736033344409412,0.6735974978519655,0.5909294700324443,33.46655324126123,29.88057935906858,15.700121503197954,63.69377458615911,33.68622464059425,29.685724971237363
-87.8711229802,0.01279567736386111,0.09180958835975521,0.667992704717005,0.5761831163572498,1.06069032794e-13,0.820826475835,220.48575411597628,60.978567076305254,0.21664759077811477,0.21665712313874494,281.4643211922815,281.860896300364,-0.14069887426310101,1.5865410474009176,0.21664759079109144,0.07691608176655662,0.27733748712814976,0.2166382723655792,0.07691474287118616,0.2773350732799336,0.10106489890166341,0.6789783583488035,0.5779134594471401,0.20000000000000012,0.1999911689531133,225.1739425784426,56.290378613838925,-5.981554456191418e-05,5.967781824267604e-09,0.6732138662145236,0.6732080067971544,0.5901951179507835,33.54255853090386,29.812871879724593,15.666550888559124,63.83025894552668,33.75395082363422,29.626161548467056
-87.60098823632,0.012833196078288889,0.09196669867217258,0.6674243431093985,0.5754576444372259,1.12324177714e-13,0.820210007889,219.74432981489505,60.773515318371096,0.2166475907780459,0.21665718677152226,280.5178451332661,280.91308668392924,-0.14069887427773375,1.5865410473998205,0.21664759079116708,0.07682580903617896,0.2771746904682658,0.21663821093430694,0.07682446537702298,0.27717226660873373,0.10121132674974784,0.6783926469568455,0.5771813202070977,0.19999999999999982,0.1999911100714897,224.416769890202,56.10107524306412,-5.9815613717706384e-05,6.002687236161819e-09,0.6728186907554028,0.6728128070363902,0.5894474194882029,33.62030352151805,29.74393135267112,15.633096098424922,63.966855554655794,33.823264349974295,29.5654490841822
-87.32419050885,0.012871640207104167,0.09212785321087283,0.6668413364952016,0.5747134832843288,1.19143477886e-13,0.819572232364,218.98359405955085,60.56312269484958,0.21664759077838905,0.2166572553024102,279.54671675440045,279.9405900132108,-0.14069887428319605,1.5865410474004427,0.21664759079115659,0.07673361754449512,0.27700833479246634,0.21663814475227886,0.0767322685869152,0.2770058999135491,0.1013614856462987,0.6777920113705893,0.5764305257242907,0.2,0.1999910466391991,223.63987628613614,55.90684046826428,-5.9815574504629154e-05,5.997846663774453e-09,0.6724148760788101,0.6724089656111493,0.5886806693267497,33.70028136484329,29.673342758592426,15.599390216934038,64.10506988372163,33.89460698307435,29.503218624112126
-87.04301523132,0.012910692328983333,0.0922917394076083,0.6662484533065979,0.5739567138989896,1.26469672078e-13,0.818918193354,218.20978516799335,60.34911450367624,0.2166475907781379,0.21665732394092074,278.5588996716696,278.9513811247184,-0.1406988742863935,1.586541047400477,0.21664759079106136,0.07664028484733294,0.2768398180308117,0.2166380786847609,0.07663893064800939,0.2768373722025431,0.10151414587459873,0.6771813704569134,0.5756672245823147,0.1999999999999999,0.19999098308508217,222.84963147923364,55.70926819243598,-5.9815572328592026e-05,5.953881831999297e-09,0.6720058155446204,0.6719998784983127,0.5879011467180334,33.78067470171895,29.602724304056437,15.565867871096735,64.24312529703764,33.96638628305246,29.440871091398687
-86.77099373392,0.012948473092511112,0.09245046964025537,0.6656742373018277,0.5732237676615723,1.33304397482e-13,0.818441338519,217.46018676467708,60.14180207789858,0.2166475907779039,0.21665738703776272,277.6019888425757,277.9931220359488,-0.1406988743133497,1.5865410473995223,0.2166475907909491,0.07655029458836551,0.27667723901391944,0.21663801788076803,0.07654893583156622,0.2766747835122786,0.10166195963395797,0.6765901154189135,0.5749281557849555,0.19999999999999973,0.19999092469664306,222.08411039632176,55.517878446253896,-5.981563251378219e-05,5.902078825670287e-09,0.6716111683959036,0.6716052078682828,0.5871463714330826,33.861534826134175,29.532034065632626,15.532596407778083,64.38073672597591,34.03866154732319,29.378358447194596
-86.50567924389,0.0129853223272375,0.09260545670811506,0.6651135636156015,0.5725081069074864,1.38760734607e-13,0.818056991164,216.72815829696654,59.93934887555866,0.2166475907782748,0.21665744827553565,276.66750717252523,277.05732370809665,-0.14069887428137529,1.5865410474004318,0.2166475907911164,0.07646280818228246,0.27651909189472335,0.21663795877065364,0.07646144509416013,0.27651662715677716,0.10180624879706243,0.6760129587673319,0.5742067099702695,0.19999999999999982,0.19999086806358846,221.33653224810283,55.33097492442241,-5.981557519296743e-05,5.979305939263213e-09,0.6712272793131577,0.6712212963651678,0.5864095936496043,33.942686061528484,29.461427954973363,15.500188981888869,64.51534243669195,34.11122953513824,29.315859135769124
-86.23654610831,0.01302270192940139,0.09276285005237096,0.6645441833545694,0.5717813333021985,1.44648735315e-13,0.817656463565,215.984690641869,59.73373199810883,0.2166475907781714,0.21665751085061086,275.7184226399779,276.1069019427644,-0.1406988742595927,1.5865410474011898,0.21664759079111237,0.07637434553918067,0.27635908803435555,0.21663789836422268,0.07637297803169038,0.2763566138736151,0.10195273920675217,0.6754269971285533,0.5734742579218011,0.1999999999999999,0.1999908101760617,220.57727191574293,55.141150724234976,-5.981552740896845e-05,5.977440764581843e-09,0.6708388831444216,0.6708328773233762,0.5856615757308788,34.0237826846535,29.391205830004676,15.468624874383854,64.64698757133911,34.18378517774103,29.253635745732332
-85.96770448891,0.013060041043206943,0.0929202516065259,0.6639747692089358,0.57105451760241,1.51006793455e-13,0.817245839248,215.24113753531512,59.52809148789227,0.21664759077831253,0.21665757430975421,274.7692290232074,275.1563709397739,-0.14069887433254546,1.586541047399137,0.2166475907912038,0.07628626152943763,0.2761996769176923,0.21663783704815825,0.07628488948862383,0.27619719312227603,0.10209919865852032,0.6748411593219401,0.5727419606634198,0.20000000000000004,0.19999075148912424,219.81792442476888,54.95130459843853,-5.981565679435974e-05,6.019629239517599e-09,0.6704519258121198,0.6704458966036937,0.5849137158917969,34.10649661900934,29.319927261091,15.437051817648733,64.77920860877911,34.25782744788021,29.190409156021293
-85.69805345636,0.013097492575505557,0.0930783138748236,0.6634029791833085,0.5703246653084849,1.58001703858e-13,0.816823550121,214.49446915153032,59.32158940196692,0.2166475907780875,0.2166576350203017,273.8160585534972,274.20185748022425,-0.14069887427908823,1.586541047400623,0.2166475907910128,0.07619819343817896,0.2760402025759635,0.21663777857522531,0.07619681727976033,0.2760377098871825,0.10224623019993746,0.6742530331553127,0.5720068029553752,0.20000000000000007,0.19999069534073546,219.05539460792377,54.76066394557345,-5.981556313594538e-05,5.931477531362361e-09,0.670064815006188,0.6700587642098529,0.5841629348135593,34.191088284846614,29.247387262697835,15.40560883183538,64.91142355461604,34.33358806846571,29.125997492772033
-85.42248401736,0.0131357661087,0.09324003548448798,0.6628179354407467,0.5695778999562587,1.65942780404e-13,0.816381331196,213.7305240620391,59.110309189919505,0.21664759077807566,0.21665770070248452,272.8408332519586,273.2252581143312,-0.14069887426431116,1.586541047401322,0.21664759079098944,0.07610847931693417,0.27587765280452525,0.21663771527044692,0.07610709850678832,0.27587515021615905,0.10239662772321666,0.6736514430620809,0.5712548153388642,0.20000000000000012,0.19999063457739127,218.27522187127522,54.5656113806834,-5.9815519082295765e-05,5.920686163563005e-09,0.6696702388483977,0.6696641640216363,0.5833949661622515,34.27841076990332,29.17288105077517,15.374084505682012,65.04452344010573,34.41184243361497,29.059763420954088
-85.13693270751,0.013175426012845834,0.0934078205322359,0.6622109341908536,0.5688031136586178,1.75165189588e-13,0.815911882354,212.93797952332926,58.89111938104255,0.21664759077820495,0.21665777389276322,271.82909890437185,272.2120982622431,-0.14069887426615413,1.5865410474018955,0.21664759079088713,0.07601581750888423,0.2757096616168614,0.21663764473351643,0.07601443122653345,0.27570714757969816,0.10255262453001081,0.6730274558343886,0.5704748313043778,0.20000000000000012,0.19999056683672878,217.4658433317693,54.36325557260253,-5.981548293343408e-05,5.873479480555943e-09,0.6692624541017042,0.6692563514839327,0.582598406120764,34.36972453130037,29.095374305060375,15.3420181881506,65.18047285150199,34.49371487972693,28.99078871286584
-84.83894438597,0.013216813279726389,0.09358313999743871,0.6615766491847572,0.5679935091873185,1.85974490483e-13,0.815410018321,212.10993274851236,58.66211090840487,0.21664759077836312,0.2166578562908588,270.77204365691716,271.15355365441326,-0.14069887425570693,1.5865410474049864,0.21664759079056983,0.07591944376389836,0.2755348322152725,0.21663756534061943,0.07591805101283997,0.27553230484435026,0.10271558372541156,0.6723756190512032,0.5696600353257917,0.19999999999999965,0.199990490534855,216.62020982284514,54.15183383407204,-5.981528811149772e-05,5.7270188591473925e-09,0.6688380701549452,0.668831935170574,0.5817662943212784,34.46567012846956,29.014378547480305,15.30915654447035,65.32038503200224,34.57979013969686,28.91862547343864
-84.52911408721,0.013259845265665277,0.09376567629834935,0.6609162249777839,0.5671505486794346,1.98536963756e-13,0.814875499183,211.24794048006308,58.42371431184803,0.2166475907782373,0.2166579487390788,269.67165479191107,270.0516143731046,-0.1406988742043147,1.5865410474060953,0.21664759079058307,0.0758195874301145,0.2753535680359245,0.21663747627830432,0.07581818709042608,0.2753510252213092,0.10288520489001225,0.6716971343928717,0.5688119295028594,0.19999999999999984,0.1999904048907417,215.73991136252047,53.93174342939063,-5.981521822295832e-05,5.733125085782831e-09,0.6683980663161253,0.6683918938434635,0.5809001647857609,34.562859787684786,28.932791040523608,15.276079950480467,65.46182026027873,34.66705751358742,28.84582862586649
-84.22945524471,0.013301464549345835,0.09394247415227884,0.6602765823446622,0.5663341081923834,2.12030556342e-13,0.814346572089,210.41326458505048,58.19287245875725,0.2166475907781154,0.21665803377007964,268.60613704380773,268.98459534145314,-0.1406988742849613,1.5865410474062513,0.2166475907902598,0.07572334857903817,0.2751787574996264,0.21663739426763207,0.07572194155759049,0.27517620092876943,0.10304943967345966,0.6710401952574587,0.567990755583999,0.19999999999999982,0.19999032618034107,214.88750808237526,53.71862896143251,-5.981520837528009e-05,5.58391111127321e-09,0.6679737281633032,0.6679675222984999,0.5800615395037618,34.65727686815287,28.853969219922067,15.243566816922847,65.60144433452653,34.75192982907674,28.775380386596712
-83.96216574978,0.013338588090308334,0.09410039449725292,0.6597052926030639,0.5656048981058109,2.25489593969e-13,0.813865147735,209.6679568173634,57.98674667112719,0.2166475907777973,0.21665809721162782,267.6547034884906,268.0318212436801,-0.14069887427530237,1.5865410474059787,0.21664759079025525,0.07563778996966469,0.275023253507162,0.21663733300399812,0.07563637876946025,0.2750206878935842,0.10319608613843245,0.6704536093975483,0.5672575232591158,0.20000000000000012,0.19999026756052043,214.12636772399563,53.528335764495004,-5.9815225572634745e-05,5.581801687526422e-09,0.6675962550526078,0.6675900272373456,0.5793127247264009,34.749099907520765,28.777723816195007,15.212475516019209,65.73552075380296,34.83452478772215,28.707152059455165
-83.70665434211,0.013374075785818057,0.0942515485656372,0.659158497874999,0.5649069493093618,2.37347888389e-13,0.81339647315,208.95480819176163,57.78951496590506,0.216647590778331,0.21665815397900026,266.7443231576667,267.1201582132347,-0.14069887427513583,1.5865410474059756,0.21664759079040566,0.07555624571287037,0.27487496377966175,0.21663727814744546,0.07555483107865613,0.2748723905354194,0.10333640924817572,0.6698923169593226,0.5665559077111468,0.20000000000000018,0.19999021515616003,213.39806857768065,53.34625457998604,-5.981522576137266e-05,5.651235035486479e-09,0.6672362939748462,0.6672300476367754,0.5785961986370349,34.83827185233222,28.704064433467465,15.18396807503524,65.85893720654963,34.91474104073375,28.641197677317344
-83.44375600371,0.013410589443929167,0.09440726711625104,0.6585951782808255,0.5641879111645745,2.49493619232e-13,0.812905650103,208.2203624461248,57.58639322970385,0.21664759077807186,0.21665821536909105,265.80675567582864,266.1812697258411,-0.140698874266465,1.586541047406152,0.2166475907902981,0.07547258616051972,0.2747227441631284,0.21663721881616893,0.07547116762045775,0.2747201623843029,0.10348093466195481,0.6693142153036784,0.5658332806417236,0.19999999999999937,0.1999901584490322,212.6480204913965,53.15873518443216,-5.981521463693795e-05,5.601585861825242e-09,0.6668667934157214,0.6668605263606543,0.5778582144951173,34.92930444270892,28.629256034576958,15.15622084776783,65.97950835133663,34.99664690007162,28.574166058118944
-83.16569224776,0.013449209410033334,0.09457218552097771,0.6579985563112315,0.5634263707902538,2.63042277327e-13,0.812377157752,207.44281862466863,57.371352089036506,0.21664759077814458,0.2166582853197241,264.81417071370515,265.1872862402723,-0.14069887431522599,1.5865410474063526,0.2166475907901117,0.07538436340598781,0.27456213032023885,0.21663715133355926,0.07538294007128067,0.2745595382995839,0.10363396112540588,0.6687021094489362,0.5650681483235303,0.1999999999999997,0.19999009377889237,211.85395987869163,52.9602108350135,-5.981520200259993e-05,5.515543577416793e-09,0.666476916564745,0.666470624648482,0.5770768217945285,35.023521612578634,28.55224015054077,15.128050540751733,66.10237038184225,35.08147767376969,28.505070661481767
-82.8816359616,0.013488661672,0.09474089070244435,0.6573882137708158,0.5626473230683715,2.77230284142e-13,0.811827595118,206.64776281731147,57.151467751990864,0.21664759077823267,0.21665836156767534,263.7992305693023,264.17091607436583,-0.14069887426929606,1.5865410474064614,0.2166475907902911,0.07529451813948954,0.2743984659933243,0.21663707770302973,0.07529308932510395,0.2743958624416628,0.10379046151248683,0.6680761079015064,0.5642856463890196,0.19999999999999948,0.19999002326641852,211.04201631008425,52.757214259218074,-5.981519514142164e-05,5.598366215053829e-09,0.6660796349155006,0.6660733150086706,0.5762776903432952,35.12042238466947,28.473461652799294,15.099189552905928,66.22872019031936,35.168798172463376,28.434295510927765
-82.6013991984,0.013527583444666666,0.09490756577357892,0.6567852214456081,0.5618776556720292,2.91914211005e-13,0.811276068543,205.86267102791513,56.93433911007426,0.21664759077806553,0.21665843563833237,262.7970101379894,263.16728354339233,-0.140698874273959,1.586541047404999,0.21664759079043938,0.07520615701577336,0.27423740994943296,0.21663700618695134,0.07520472302359911,0.27423479542829554,0.10394503401668173,0.6674578178854669,0.5635127838687851,0.20000000000000004,0.19998995478995119,210.24024796155857,52.556762176430844,-5.9815287312137144e-05,5.666800362291724e-09,0.6656886846580794,0.6656823381237518,0.5754884031605293,35.21952888829617,28.3933383428167,15.070201364072757,66.35611401875441,35.2581441663849,28.362241508825626
-82.32025406902,0.01356663137930278,0.09507502388656747,0.6561794051678272,0.5611043812812597,3.07296949559e-13,0.810713573824,205.07433072595074,56.71631204449182,0.21664759077819631,0.21665850816179408,261.79064277044256,262.15949823320955,-0.1406988742551185,1.5865410474052095,0.21664759079038776,0.07511778088316218,0.2740762318829602,0.2166369362662433,0.07511634194681441,0.2740736068044758,0.10410028728173853,0.6668368048249802,0.5627365175432417,0.19999999999999973,0.1999898877507288,209.43516150859062,52.35548126185195,-5.9815274044972e-05,5.642974976183268e-09,0.6652974382009101,0.6652910660394938,0.5746956398357167,35.32004676852193,28.312533291751585,15.04174165702416,66.48166301493565,35.34880828783606,28.289496829914683
-82.03408803631,0.013606376661623612,0.09524571980936886,0.655561854990615,0.5603161351812462,3.23183819952e-13,0.810131761983,204.27121008523184,56.49419725946298,0.2166475907779657,0.21665858656059048,260.76540734469484,261.1328182803885,-0.14069887427904382,1.5865410474043398,0.21664759079040727,0.07502810137702236,0.2739125798079058,0.2166368605704076,0.07502665687950844,0.27390994300957466,0.1042585016532886,0.6662039473388813,0.5619454456855928,0.20000000000000007,0.1999898152634777,208.6149817027238,52.150425641971026,-5.9815328867784956e-05,5.651967782682732e-09,0.6649001862920454,0.6648937856816681,0.5738877563356866,35.42341212907675,28.229917444321117,15.013387528934574,66.60721959469497,35.44208790724539,28.215042031865483
-81.73969085598,0.013647265158891666,0.09542159464549209,0.6549255669681558,0.5595039723226638,3.4147701215e-13,0.809523649524,203.44427421745647,56.26549602457906,0.2166475907785165,0.21665866789324068,259.7097702420355,260.07569381548126,-0.1406988742690185,1.5865410474047095,0.21664759079059576,0.07493612778368014,0.2737446397350643,0.2166367822802079,0.07493467752719074,0.2737419908000794,0.10442146912649221,0.6655520774470083,0.5611306083205161,0.20000000000000032,0.1999897400348515,207.77048080681982,51.93928943521569,-5.981530556420367e-05,5.738987063352852e-09,0.6644925256223656,0.6644860955512627,0.5730556022701762,35.52775232726221,28.147009999071916,14.985151768500732,66.7327241958291,35.53631330591,28.14022916197363
-81.45028140884,0.01368746091543889,0.09559475736273676,0.6542990894280307,0.558704332065294,3.61635790046e-13,0.808916657377,202.630666039844,56.04048075741167,0.21664759077801493,0.21665874808499022,258.6711467972557,259.0356069802217,-0.14069887426474414,1.5865410474026354,0.21664759079077334,0.07484599546908954,0.27357996174626814,0.2166367048619229,0.07484453956917211,0.2735773009026372,0.10458187744206515,0.6649104441856047,0.5603285667435396,0.20000000000000018,0.19998966588808934,206.93959057438363,51.73155622287208,-5.981543629296482e-05,5.820943727030681e-09,0.6640927833925434,0.6640863244141849,0.5722365159253487,35.63183698378678,28.064789375159652,14.95699061106659,66.85836917354925,35.63037599855282,28.06594014165375
-81.17475490817,0.013725728484976388,0.09575987184873808,0.6537017718255705,0.5579418999768324,3.84400457369e-13,0.808330531886,201.8554798815525,55.82609166303587,0.21664759077804643,0.2166588151258505,257.68157154458834,258.0446374445806,-0.1406988742675197,1.5865410474041075,0.21664759079058885,0.07476044767113021,0.27342356824372366,0.21663664027284565,0.07475898765865335,0.2734208983575567,0.10473477904372391,0.6642988377780485,0.5595640587343247,0.20000000000000012,0.19998960395245072,206.147936105541,51.53363543904732,-5.981534351162665e-05,5.735789621041931e-09,0.6637131510695241,0.6637066701411555,0.5714557608013817,35.73472281531757,27.983986476351046,14.929707229769727,66.98054989357108,35.72340947733383,27.99284879665505
-80.90648176847,0.013762988643268057,0.09592087507342306,0.6531193182261418,0.5571984431527187,4.10690189548e-13,0.807752225616,201.1001523068482,55.617194751051926,0.2166475907781487,0.21665888226268704,256.71734705790016,257.07905439350174,-0.14069887430343542,1.5865410474040131,0.21664759079043855,0.07467739194254251,0.27327164496621764,0.21663657536779427,0.07467592775117182,0.273268965949615,0.10488383529300845,0.663702612780159,0.5588187774871505,0.19999999999999987,0.199989541965384,205.37656240522216,51.34078465267796,-5.981534945131983e-05,5.6664228864633515e-09,0.6633443698489365,0.6633378667571886,0.5706946410413344,35.836292393483504,27.904672420348952,14.90381171072828,67.0969292560349,35.81529709996528,27.92103042476142
-80.63832213609,0.013800233036654166,0.09608205061195076,0.6525362511224677,0.556454200510517,4.41520243968e-13,0.807166780831,200.34462281091606,55.408241994814155,0.21664759077831733,0.21665894735596886,255.7528648057302,256.1132132135759,-0.1406988742689963,1.5865410474052772,0.2166475907904586,0.0745946036200355,0.2731201267208909,0.21663651253102853,0.0745931355447601,0.27311743910772174,0.10503300941112227,0.6631059163077957,0.5580729068966734,0.19999999999999993,0.19998948186596743,204.60498188749543,51.1478829182348,-5.9815269781715585e-05,5.675659942028233e-09,0.662976571810544,0.6629700478513403,0.569932919413422,35.93889218344473,27.82500904300691,14.878670404680546,67.2103066202353,35.90812648400601,27.848849213712505
-80.36434412095,0.013838285538756944,0.09624697618739511,0.6519396301889434,0.5556926540015483,4.77639390894e-13,0.806561151385,199.57218182729676,55.194612118765164,0.2166475907784541,0.2166590114500685,254.7667939460619,255.12575300826833,-0.1406988741723736,1.5865410474070243,0.21664759079065707,0.07451025445301065,0.27296566533725564,0.21663645089011513,0.07450878268319854,0.27296296943577997,0.10518561068286297,0.662495511221832,0.557309900538969,0.19999999999999937,0.19998942266425987,203.81612991076454,50.95066403529738,-5.981515965869377e-05,5.767275546020301e-09,0.662601629546753,0.6625950854683691,0.5691536978536518,36.0445757098695,27.743425475422818,14.853725314691125,67.32317844944572,36.00379989917159,27.77484606626227
-80.08051638375,0.0138777060578125,0.09641809809497455,0.6513205777532297,0.5549024796582551,5.08119412098e-13,0.805925948459,198.7714403155047,54.97315531673549,0.21664759077828705,0.2166590815859229,253.7445956322402,254.10211444674326,-0.14069887426221284,1.586541047405778,0.21664759079040125,0.0744231196171244,0.27280601096223006,0.21663638342983277,0.07442164358182157,0.27280330566512856,0.10534390475157922,0.6618623349456821,0.556518430194103,0.20000000000000043,0.19998935786812946,202.9983768892403,50.74621874299988,-5.9815238218074995e-05,5.649192225121169e-09,0.6622140817248483,0.6622075148393579,0.5683454073978634,36.154646665331136,27.658962048684735,14.828553275123497,67.43746213446245,36.1035232226629,27.69812779303157
-79.78575813138,0.013918644703975,0.09659609976656673,0.6506766111601626,0.5540805113935959,5.36160975472e-13,0.805258093103,197.93931419628558,54.74301864150518,0.216647590778131,0.21665916041871555,252.68233283779077,253.03835495465165,-0.1406988742575055,1.5865410474052202,0.2166475907904702,0.07433289153157291,0.2726405903961714,0.21663630765710415,0.07433141041053809,0.27263787413075624,0.10550852099151639,0.6612038699862879,0.5556953489947715,0.19999999999999993,0.19998928498941848,202.1485737641027,50.53375907368803,-5.9815273378838185e-05,5.681011217006926e-09,0.6618125369499932,0.6618059434398265,0.5675048343023912,36.269357022250965,27.571484087421453,14.802925012428556,67.5542164241458,36.20751441976857,27.61857631006066
-79.48274629069,0.01396072968184861,0.09677939653709357,0.650013459618723,0.5532340630816295,5.66510124985e-13,0.804563086151,197.08333337750906,54.506284599540514,0.21664759077821988,0.21665924805652134,251.58961797704958,251.94410049016142,-0.14069887424320582,1.586541047407451,0.2166475907902072,0.07424041334492285,0.27247094036781766,0.21663622344017464,0.07423892621684289,0.272468211387756,0.10567799003681423,0.6605259938037774,0.5548480037669632,0.19999999999999976,0.19998920395677489,201.27441055403034,50.315207423019245,-5.9815132757989886e-05,5.559641635954904e-09,0.6614007255044,0.661394101130478,0.5666394815259569,36.38622646123829,27.482926845005082,14.77697968366324,67.67282769601117,36.313531495195704,27.537944089307327
-79.18451920366,0.014002150110602777,0.09696011602869357,0.6493596384471199,0.5523995224184263,5.89849774576e-13,0.803870964016,196.24034776320303,54.273144571850544,0.21664759077831225,0.21665933309563387,250.51349233505357,250.86645861826813,-0.1406988742770343,1.586541047407959,0.21664759079006835,0.0741496704243392,0.27230437092404375,0.21663614170773624,0.07414817761897202,0.27230162985001033,0.10584502600002502,0.6598578499502377,0.5540128239502127,0.19999999999999996,0.199989125347857,200.4135181151291,50.09997421992445,-5.9815100739157856e-05,5.495537358513047e-09,0.6609963919236879,0.6609897381926473,0.5657865526965631,36.503537464450005,27.394605275553857,14.751004527423984,67.79199329380405,36.42001755707755,27.457427730033277
-78.89702870367,0.0140420793467125,0.09713463525244379,0.6487282786838069,0.5515936434313631,6.14602186104e-13,0.803196371112,195.42724678247174,54.048269577434574,0.2166475907778531,0.21665940842510853,249.47551635990627,249.82702016513986,-0.14069887436565232,1.5865410474091628,0.21664759078939214,0.07406245158302041,0.27214417425883,0.21663606919022657,0.07406095421945422,0.27214142319656925,0.1060062793504052,0.659212836545338,0.5532065571949328,0.20000000000000015,0.19998905576203257,199.5831434073431,49.89237295256317,-5.981502486651635e-05,5.183409257369931e-09,0.660607527737097,0.6606008497604589,0.5649631513811008,36.61910616471533,27.308148798114548,14.72591537283196,67.90749333280249,36.5249824589736,27.378521019777143
-78.61919274963,0.0140806676736625,0.09730357911330403,0.6481170998468632,0.5508135207335592,6.40885435657e-13,0.802537700491,194.64104190226988,53.83083309404979,0.21664759077801912,0.21665947889129278,248.47187499631966,248.8219646996343,-0.1406988742883808,1.5865410474101584,0.21664759078962753,0.07397839845955749,0.2719897028557469,0.2166360013481888,0.07397689702141044,0.2719869427406589,0.10616233620766465,0.6585886091174781,0.5524262729098134,0.19999999999999993,0.19998899070838808,198.7802354963849,49.69163949993473,-5.9814962116711e-05,5.292055682559749e-09,0.6602325611519232,0.6602258612002937,0.5641662847081359,36.73237651621863,27.223939609746324,14.70207311684943,68.01761847136659,36.62791355085267,27.3015824014011
-78.34824099114,0.014118299862341666,0.09746861154537279,0.6475200846447348,0.550051473099362,6.69634181365e-13,0.801889117854,193.87395120996467,53.6186829193958,0.21664759077787407,0.21665954462728074,247.49263412936048,247.84134411046404,-0.14069887425567362,1.5865410474096204,0.21664759078974138,0.07389664874469845,0.2718393804155286,0.21663593799616915,0.07389514375366743,0.27183661223916733,0.10631473681745472,0.6579790066788935,0.5516642698614388,0.20000000000000004,0.1999889300550443,197.99684703332514,49.49578709603534,-5.981499602292217e-05,5.3446136405455036e-09,0.6598676658317625,0.6598609463120574,0.5633880877797506,36.84445331501336,27.14112736183605,14.679313287269851,68.12307772375271,36.72980359011504,27.22584664920796
-78.07983693733,0.014155578203148611,0.09763236345626065,0.6469277142802394,0.5492953508239787,7.01030137756e-13,0.801240697808,193.11373711852826,53.4084345696791,0.21664759077827783,0.21665960696456674,246.52217168820738,246.86951431573954,-0.1406988742595039,1.5865410474096042,0.21664759078986826,0.07381587874571134,0.2716907778076233,0.21663587783798544,0.07381437057052627,0.27168800225723305,0.10646591292553927,0.6573743022471836,0.5509083893216443,0.19999999999999996,0.1999888725541077,197.2204805126926,49.30169117551476,-5.9814997044327356e-05,5.403189007324727e-09,0.6595069452626342,0.6595002078430822,0.5626161434738203,36.956915431355995,27.058535278935988,14.657388821709848,68.22497596016872,36.8320796651074,27.150245359274205
-77.80908821109,0.014193182192904167,0.09779782242514998,0.6463291764740501,0.5485313540489001,7.35024928503e-13,0.800853874018,192.3465636133064,53.19626149190318,0.21664759077814544,0.216659668320993,245.54282510520952,245.88878786167558,-0.14069887426533256,1.5865410474095734,0.2166475907898874,0.07373461177426759,0.27154117878190703,0.2166358187461196,0.07373310051562433,0.27153839602462176,0.10661862350562103,0.6567634599269562,0.5501448364213352,0.20000000000000004,0.199988815947653,196.43700624797705,49.10581885723251,-5.981499899831988e-05,5.412026382600743e-09,0.6591438059714866,0.6591370510577916,0.5618363637564717,37.071566531089665,26.974851444741642,14.63597035887498,68.32481724681949,36.93639772464648,27.07356595666967
-77.53164070065,0.014231716569354166,0.09796766442887962,0.6457147775252489,0.5477471130963693,7.55094383094e-13,0.800463956919,191.56009873683527,52.978753102669124,0.2166475907780908,0.21665973274305514,244.53885183950442,244.88340002662568,-0.1406988742739701,1.5865410474096175,0.2166475907897741,0.07365154717947639,0.2713881854087911,0.21663575683686392,0.0736500325899202,0.2713853949458596,0.1067753390214334,0.6561365978631418,0.5493612588417084,0.19999999999999984,0.19998875649764664,195.63383094475967,48.90502089474473,-5.981499621166009e-05,5.359712673680406e-09,0.6587724271821022,0.6587656535635867,0.5610361338008071,37.190243616087926,26.88877250503988,14.614707875014716,68.42422089801731,37.04444458758058,26.99460097547953
-77.24374676475,0.014271701838229168,0.09814421272426145,0.6450761013430999,0.5469318886188385,7.79093194809e-13,0.80004594224,190.74371383268186,52.75296989126895,0.21664759077817392,0.21665980372663268,243.49668372395087,243.8397635261754,-0.14069887423743266,1.586541047411178,0.21664759078973275,0.07356557874054283,0.27122975268311333,0.21663568871328945,0.07356406023969386,0.27122695337981045,0.10693820158825337,0.6554851475956481,0.5485469460073947,0.1999999999999997,0.19998869095740465,194.80010069352872,48.696583030422104,-5.9814897845900106e-05,5.3406390421173455e-09,0.658387844813188,0.6583810497354006,0.5602045154132437,37.31457126484738,26.79918235968214,14.593307798380826,68.52456028584234,37.157696969136765,26.91232454020499
-76.9424644177,0.014313546608652777,0.09832931391304425,0.6444064579185868,0.5460771440055425,8.07814495839e-13,0.79959411278,189.88905418651288,52.516601238920614,0.2166475907781585,0.21665988429803168,242.40565542543348,242.74719800032824,-0.14069887426436667,1.5865410474116843,0.21664759078957282,0.07347585199685343,0.2710642949502081,0.21663561154086364,0.0734743287017136,0.2710614850946434,0.10710891093727459,0.6548023101987596,0.547693399261485,0.20000000000000007,0.1999886165092165,193.9272837628912,48.478371662542294,-5.981486593809038e-05,5.266809210979773e-09,0.6579862098188797,0.6579793891263472,0.5593328293257442,37.4443480420469,26.70630021057071,14.571556515302662,68.62684840496117,37.27598487922332,26.826923641053796
-76.63228402069,0.01435662721934861,0.09852025227563906,0.6437156732985844,0.5451954210229453,8.41602941167e-13,0.79911393045,189.00885297571799,52.273168692487836,0.21664759077810714,0.2166599727946944,241.28202166820583,241.62198107556375,-0.14069887426823025,1.5865410474133395,0.2166475907892844,0.07338372980018401,0.27089431481702236,0.21663552674351608,0.07338220099582589,0.27089149302963705,0.10728495695492297,0.6540981261267268,0.5468131691718038,0.20000000000000007,0.19998853471924896,193.02838370068326,48.25363796752256,-5.9814761621534984e-05,5.133671265866724e-09,0.6575735970710445,0.6575667474150021,0.5584338928273623,37.5791883844974,26.610473588954132,14.549329183779305,68.73169115692811,37.39897458228722,26.7387010250708
-76.31774665577,0.01440031296447639,0.09871426109216251,0.6430137605981214,0.5442994995059589,8.80118655794e-13,0.798611818879,188.11600926707146,52.026239677964995,0.21664759077805054,0.21666006712212776,240.1422489450365,240.48060244552812,-0.1406988742754245,1.5865410474123478,0.2166475907894699,0.07329057529153649,0.27072232137660257,0.2166354363218277,0.07328904053901009,0.2707194868106286,0.10746378487730762,0.653382814438115,0.5459190295608074,0.19999999999999965,0.19998844752970552,192.1165733922266,48.02567555280991,-5.981482411598904e-05,5.2193138699863084e-09,0.6571560971860216,0.6571492165110095,0.5575207512063292,37.7191309133308,26.511745519740412,14.526997422287026,68.83734958648924,37.526688760820484,26.647701489827263
-75.99560724215,0.01444505454970139,0.09891336816927904,0.642293372522621,0.5433800043533419,9.17853927001e-13,0.798082046748,187.20133007436712,51.77327174039285,0.21664759077839013,0.21666017089555029,238.97460181475998,239.31131013410604,-0.14069887426439998,1.5865410474088721,0.21664759079000093,0.07319543671034003,0.2705465518359826,0.21663533698958268,0.07319389512021646,0.27054370279164963,0.10764726280123643,0.6526489027450509,0.5450016399438145,0.2000000000000001,0.19998835158760012,191.18246512652303,47.79213668823696,-5.981504319629849e-05,5.4644289093630505e-09,0.6567294311293379,0.6567225153093041,0.5565838654765419,37.85899690691052,26.413800726386043,14.504882081183633,68.94230469458581,37.65439881932229,26.557322155063908
-75.68391359453,0.014488345334093055,0.09910642463399497,0.6415948929953801,0.5424884683613851,9.43310103283e-13,0.797554964352,186.31609700196285,51.52844755875568,0.2166475907779384,0.21666026768198093,237.8445445607185,238.17966066209692,-0.14069887430642192,1.5865410474085098,0.21664759078981122,0.07310364473938269,0.2703768568856859,0.21663524432930284,0.07310209703670875,0.27037399474932633,0.10782510881740363,0.651937518679437,0.5441124098620334,0.19999999999999996,0.19998826212799448,190.2784274373961,47.566117123322435,-5.9815066033586106e-05,5.376854517180618e-09,0.6563175106394349,0.6563105630395867,0.5556757377206938,37.99233486316552,26.32109881115846,14.482694793649387,69.04792334907842,37.776234558572966,26.47166960088295
-75.41131180505,0.014526206693743054,0.09927560426910642,0.6409828614354587,0.5417072571663523,9.70081427901e-13,0.797082739105,185.5417414824508,51.3142881898168,0.2166475907783274,0.21666033845724136,236.8560296722676,237.18975298459185,-0.14069887426627625,1.5865410474082906,0.21664759079009877,0.07302358531933198,0.27022876478889507,0.21663517644133318,0.07302203397928853,0.27022589435375827,0.10798090497973255,0.6513143340315581,0.5433334290518256,0.2000000000000001,0.199988196820323,189.4876193920899,47.36841028017771,-5.981507984476053e-05,5.509570577544309e-09,0.6559580292939133,0.6559510615494683,0.5548802022237324,38.124299881860665,26.229989877815292,14.461438733467329,69.14941303079021,37.89686151730734,26.387409404425327
-75.14088885175,0.014563765437256942,0.09944374477675182,0.6403746154721501,0.5409308706953984,1.00137091116e-12,0.796603900949,184.77346296848611,51.10180950573945,0.21664759077839932,0.2166604028244212,235.87527247422554,236.2076139279581,-0.14069887426825245,1.586541047408534,0.216647590790047,0.07294435270516852,0.27008212215022404,0.2166351146905717,0.07294279846264194,0.2700792447831598,0.10813569955124851,0.6506951557452371,0.5425594561939886,0.2000000000000001,0.19998813745620303,188.70301606013078,47.17225641409476,-5.981506450147833e-05,5.485678578054376e-09,0.6556020663883794,0.6555950818172525,0.5540897811067734,38.24951962207157,26.144119191054056,14.44341013939079,69.23572690584683,38.01135259473317,26.3079299140373
-74.87051336261,0.014601317588526388,0.09961216778519,0.6397653574821301,0.5401531896969402,1.03716068329e-12,0.796114998396,184.0052290422305,50.88934315293356,0.21664759077809487,0.21666046485845353,234.8945721951641,235.22553187053626,-0.14069887428476147,1.58654104740815,0.2166475907899527,0.07286531671781862,0.26993576405844893,0.2166350549841364,0.07286375977746826,0.269932880134059,0.1082907131442865,0.6500751013726199,0.5417843882283334,0.2,0.19998808026627563,187.91845763688514,46.97611455827895,-5.981508870434027e-05,5.44215783548907e-09,0.6552467941969566,0.6552397937084625,0.5532982416090649,38.377247372051386,26.057105928036414,14.425963172573345,69.3194615872305,38.12820840544975,26.22730104090251
-74.59336795057,0.014639810006865279,0.09978513295713193,0.639139662438122,0.53935452948099,1.07779858859e-12,0.795603499872,183.21768815462244,50.67153717703704,0.21664759077800105,0.21666053005744326,233.8892253316595,234.2187685022669,-0.14069887426814143,1.5865410474089714,0.21664759078986603,0.07278448587830083,0.26978600015252985,0.2166349923443917,0.07278292599906099,0.2697831091804322,0.10844986793924344,0.6494384821923556,0.5409886142531122,0.2,0.19998802014724,187.11418222380922,46.77504310785027,-5.981503693464063e-05,5.402145397681579e-09,0.6548832546727213,0.6548762370764983,0.5524855560633481,38.510043195792925,25.96725209877838,14.409029060434863,69.40092880691437,38.2497665479598,26.14395041460296
-74.30144952173,0.014680354233093055,0.09996767446856598,0.6384792969095222,0.5385116224409562,1.12416013142e-12,0.795053607112,182.38811545631972,50.44210668792585,0.2166475907782942,0.21666060540452425,232.8302221442456,233.1582732098852,-0.14069887425539607,1.5865410474098705,0.21664759078989068,0.07269954151587851,0.26962852504117313,0.2166349200765111,0.072697977806036,0.26962562527704226,0.10861779576258049,0.6487667708991304,0.5401489751365499,0.20000000000000012,0.199987950601089,186.26698317962163,46.56323896462396,-5.9814980268857454e-05,5.413536285914233e-09,0.6545009968335566,0.6544939578953983,0.5516280731663248,38.64925187382341,25.873722039036046,14.392147285701911,69.48233506430722,38.377263690666446,26.057094848145866
-73.99563681534,0.014722828220091666,0.10015930065463528,0.6377860349742214,0.5376267343195861,1.15581987574e-12,0.794465603985,181.51902938473424,50.201748196184184,0.2166475907783168,0.21666069191491336,231.72077758091845,232.0472654711716,-0.14069887425314231,1.5865410474109738,0.21664759078977866,0.0726107662086197,0.26946384953945063,0.21663483738298828,0.07260919767143376,0.26946093904578033,0.10879403861034515,0.6480617995075106,0.5392677608971654,0.20000000000000034,0.19998787068013096,185.37943268016633,46.34134490075211,-5.981491072448719e-05,5.3618220974271935e-09,0.6541012606409004,0.6540941956576706,0.5507281316033596,38.79417762548405,25.77706401341772,14.374727841681615,69.56653447728968,38.51006661767969,25.96723630545233
-73.68582858813,0.0147658571405375,0.10035385273400181,0.6370821832950195,0.5367283305610178,1.19335626552e-12,0.793857842154,180.63859025814918,49.958249850557664,0.21664759077794207,0.21666078091319935,230.59684010870686,230.92174440356402,-0.1406988742858828,1.5865410474104145,0.21664759078964202,0.07252105372782036,0.2692973333098944,0.2166347524523127,0.07251948020882866,0.2692944117668034,0.10897292292806407,0.6473462622359487,0.5383733393078847,0.20000000000000018,0.19998778840792958,184.48028804150962,46.11655206719723,-5.981494597406822e-05,5.298761429628485e-09,0.6536970562333109,0.653689964428524,0.5498147020115168,38.94589781456978,25.676645195374,14.356942009892704,69.65271569049636,38.64917245795275,25.87377520405957
-73.36782075702,0.014810024894858335,0.10055399855012238,0.6363580744465042,0.5358040758963818,1.23921947301e-12,0.793221660214,179.73488490723142,49.70831688977877,0.21664759077828785,0.21666087715543614,229.44320179701018,229.76648064872438,-0.14069887426636507,1.5865410474098234,0.21664759078983722,0.07242919402570382,0.2691267248448281,0.21663466072226278,0.0724276149151547,0.2691237910612042,0.1091569018538906,0.6466103465336206,0.53745344467973,0.19999999999999984,0.19998769942382807,183.55738372118896,45.8858180758212,-5.981498323315293e-05,5.388867130307062e-09,0.6532829182616808,0.6532757967440104,0.548875258034757,39.102993225206504,25.57348984106367,14.339522448755478,69.73732936878868,38.79329659343964,25.777649434647703
-73.0395099457,0.014855623618652777,0.10076110595309117,0.6356087486809708,0.5348476427278797,1.29401144521e-12,0.792552110222,178.8019766193593,49.45030742862987,0.21664759077825105,0.21666098388605087,228.25228404798915,228.57388493092347,-0.1406988742530646,1.5865410474080999,0.21664759079016255,0.07233459441965182,0.26895091451722525,0.2166345591835135,0.07233300884087207,0.2689479667907383,0.10934723036339986,0.6458490324972045,0.5365018021338046,0.20000000000000007,0.19998760069323088,182.60465740848196,45.647626639507166,-5.981509186847589e-05,5.5390136921573685e-09,0.6528561531979616,0.6528489978351415,0.5479033914421764,39.265491386741644,25.46765530451656,14.322162485080272,69.82185832912614,38.94247679543212,25.67890083758869
-72.70494253233,0.014902091314954166,0.1009726640590885,0.6348432872723129,0.5338706232132244,1.34455880231e-12,0.791856883166,177.85140938390546,49.18741412675573,0.216647590778438,0.21666110030269795,227.03882351066116,227.35871466268912,-0.14069887424484895,1.5865410474044173,0.21664759079069543,0.07223843681192396,0.2687720908351981,0.21663444836561735,0.07223684396781432,0.2687691276315312,0.10954159758705927,0.6450715636052349,0.5355299660181756,0.2,0.1999874930020074,181.63389838263885,45.404925128022356,-5.981532398280365e-05,5.784994705493318e-09,0.6524220734650167,0.6524148805326194,0.5469109021316813,39.42360220428838,25.36551568317172,14.304235365240555,69.9093642173989,39.087688957292094,25.583502802957163
-72.40175177159,0.014944201142834724,0.10116483704800279,0.6341480249725985,0.5329831879245956,1.36966713389e-12,0.791216111109,176.99012776981954,48.94921407202663,0.21664759077810483,0.216661192449016,225.93934184184616,226.25768385599252,-0.14069887427512473,1.5865410474012638,0.21664759079093768,0.07215152572641134,0.2686103604226973,0.21663436063710031,0.07214992788564735,0.26860738613382795,0.10971809301803635,0.6443655818825407,0.5346474888645043,0.19999999999999976,0.1999874078504025,180.75431853546937,45.1850233063768,-5.9815522746031746e-05,5.8967941640730714e-09,0.6520294862334398,0.6520222663926282,0.5460096708153209,39.576259411112545,25.26767347090948,14.285778467014149,69.99968551304356,39.22792881689611,25.4920417712516
-72.12933178507,0.014982037252073612,0.10133788352967442,0.6335220302138989,0.5321841466842244,1.39351783415e-12,0.790631885192,176.21639661521613,48.73522738021063,0.21664759077801285,0.21666125960640079,224.95162399542676,225.26857434362282,-0.14069887427465844,1.586541047402596,0.21664759079073256,0.0720736195347966,0.2684653041545529,0.216634296759065,0.07207201901780352,0.2684623232742418,0.1098769679868896,0.6437300820061058,0.5338531140192162,0.19999999999999962,0.19998734588373854,179.96414576034465,44.98747823508211,-5.9815438779864394e-05,5.802136548993531e-09,0.651677374111464,0.6516701382704714,0.5451984141334634,39.72070513307318,25.175786699903185,14.269629032329432,70.07890658785794,39.360683639816074,25.406062789733415
-71.86552698597,0.015018676807504166,0.10150579698527465,0.632914630027418,0.5314088330421434,1.41680049743e-12,0.790058568675,175.46728214601316,48.528048793655195,0.21664759077824663,0.21666131849987383,223.99533093966832,224.31093389844665,-0.14069887423374672,1.5865410474013737,0.21664759079116372,0.07199833194894786,0.26832504905235344,0.21663424038213494,0.07199672941380793,0.2683220628532211,0.11003108856248464,0.64311359970588,0.5330825111433953,0.20000000000000004,0.19998729161527246,179.1991113705774,44.79621956909091,-5.981551581824007e-05,6.001132923927344e-09,0.6513369164236636,0.6513296676716712,0.544411434616455,39.86100669203675,25.08717373161013,14.25615619994321,70.14513491399481,39.489696016677556,25.323061478560717
-71.59611696584,0.015056094865855556,0.10167762318750959,0.6322930729406883,0.5306154497531786,1.44001009648e-12,0.789465514865,174.70242246062048,48.31651563671305,0.21664759077825926,0.21666137948564793,223.01893809733355,223.33316534682152,-0.1406988742581161,1.5865410474009534,0.21664759079101792,0.07192159277099854,0.26818201425710586,0.21663418200625956,0.07191998806498452,0.2681790224178329,0.11018876387711012,0.642482898446647,0.5322941345695369,0.19999999999999996,0.19998723540741456,178.4179972237505,44.60094087358306,-5.981554230816144e-05,5.933831204174567e-09,0.6509897112603482,0.6509824488173799,0.5436063036796481,40.00326336459168,24.997960563515818,14.243887979993174,70.20555071793532,39.62058115592147,25.239407672104416
-71.31761626776,0.015094775518366665,0.10185561535139376,0.6316491951609339,0.5297935798095401,1.46306295475e-12,0.788844625172,173.91195980320734,48.09790160244732,0.2166475907777953,0.21666144641792498,222.00986140565468,222.32266689532253,-0.14069887431457095,1.5865410474009094,0.21664759079073131,0.07184241705091646,0.268034357967251,0.21663411802667412,0.0718408097183916,0.2680313595801648,0.11035206120698121,0.6418297091257358,0.5314776479187546,0.19999999999999998,0.19998717368404145,177.61073669315206,44.39912471250263,-5.9815545083719e-05,5.8015592330207255e-09,0.6506312878002043,0.6506240094629595,0.5427724652782641,40.148539345133116,24.907506382824906,14.231699874885896,70.26567513306401,39.75432495003417,25.154495800315193
-71.03801776202,0.015133608644163887,0.1020346911454105,0.6310013979687501,0.5289667068233396,1.48522678936e-12,0.788213543963,173.11861584185672,47.87849070158204,0.21664759077816767,0.2166615136948644,220.99710654343875,221.30848509072462,-0.1406988743148374,1.5865410474008095,0.21664759079095242,0.07176308667467428,0.2678863316309257,0.21663405378054873,0.07176147673770024,0.2678833267258346,0.11051631266521582,0.641172703293896,0.5306563906286802,0.20000000000000004,0.19998711162992688,176.80053352724522,44.196573016193526,-5.981555137868355e-05,5.90361093344427e-09,0.6502719660827868,0.650264671923623,0.5419337548532688,40.2993263919269,24.814310548881245,14.219512629397105,70.32589836677118,39.89324356440453,25.066901325924476
-70.75195831809,0.0151733391224875,0.10221830448171462,0.6303371783667051,0.5281188738849905,1.50704229398e-12,0.787560057334,172.30720839328544,47.654084078423175,0.2166475907780567,0.21666158457018583,219.96129247170862,220.27121158667816,-0.14069887423648897,1.5865410474021917,0.21664759079083695,0.07168208071117556,0.2677350942838379,0.2166339861533193,0.07168046794360144,0.2677320823950717,0.11068468656229152,0.6404992077050148,0.5298145211427232,0.19999999999999984,0.19998704624113323,175.97188330290962,43.98940916879902,-5.981546425948281e-05,5.850320228262262e-09,0.6499048499016917,0.6498975387902328,0.5410739941876513,40.455306007274224,24.718636408786306,14.20800211097652,70.38287242563406,40.03708873590965,24.97684101349483
-70.45434955734,0.015214673672591666,0.10240976326804821,0.6296445596670196,0.5272347963989714,1.5290853835e-12,0.786872024966,171.46335850426323,47.420705022926654,0.21664759077828447,0.21666166286247562,218.88406352718988,219.19246485766283,-0.1406988742396864,1.5865410474020358,0.21664759079101678,0.07159796748599276,0.2675779652475008,0.21663391168236446,0.07159635141311932,0.2675749454136529,0.1108602147750935,0.6397970948547134,0.5289368800796199,0.1999999999999997,0.19998697397415544,175.11010201122036,43.77396151596951,-5.981547408495658e-05,5.933320501583239e-09,0.6495234321310815,0.6495161017335924,0.5401777017371308,40.61923665523171,24.618877220362563,14.19697853688609,70.43752284345821,40.18837484295669,24.88281757865751
-70.14086302051,0.01525821346937361,0.10261191664356378,0.6289132191102611,0.5263013024666974,1.55193355296e-12,0.786138563226,170.57487066039207,47.1749806866563,0.21664759077823253,0.21666175332349208,217.74985134704832,218.05665460533427,-0.14069887426332306,1.5865410474020791,0.2166475907909345,0.0715095407214634,0.2674126786849558,0.2166338258464207,0.07150792031659221,0.2674096488846134,0.11104550628821146,0.6390559288018272,0.5280104225136157,0.19999999999999993,0.19998689039743353,174.20273569164874,43.5471156553996,-5.9815471353807936e-05,5.895350874141059e-09,0.6491222126386987,0.6491148580483667,0.5392315553487644,40.79237307559134,24.51438650423511,14.186135632181639,70.49136043303241,40.348231437221045,24.7842337663778
-69.81221989961,0.015303858347276388,0.10282437898758102,0.6281445513162847,0.5253201723287036,1.57590367687e-12,0.785360376969,169.64388482373803,46.917502907600095,0.21664759077830184,0.21666185591702175,216.56138773133813,216.8665164786468,-0.14069887424909,1.5865410474022075,0.21664759079098073,0.07141702702921846,0.26723964344613704,0.2166337287098388,0.07141540139926995,0.26723660190787857,0.11124020062352322,0.6382771514608099,0.5270369508372866,0.20000000000000012,0.19998679557422253,173.25196975384108,43.30941797749706,-5.981546327138432e-05,5.916667156213862e-09,0.6487021838740238,0.6486948007908689,0.5382373957190814,40.973700787039526,24.405898925203065,14.175024437397381,70.54661559254468,40.515730746483236,24.68177129168033
-69.4760432446,0.015350549549361108,0.1030422865831709,0.6273561684619,0.5243138818787291,1.6009564169e-12,0.784554939061,168.6920856922266,46.65426890672638,0.216647590778178,0.21666196483941913,215.346354598953,215.6497713996236,-0.14069887424472682,1.5865410474012518,0.21664759079104146,0.07132259267792736,0.267062900227507,0.21663362590375104,0.07132096146806763,0.2670598462293941,0.11143983235971112,0.6374786245163588,0.5260387921566477,0.1999999999999999,0.19998669488097104,172.2799488880428,43.06640571091021,-5.98155235009834e-05,5.944711389815893e-09,0.6482731542943112,0.6482657409658878,0.5372180244436368,41.16495318535346,24.29250910349149,14.163951274850499,70.60176786795357,40.69247334760376,24.574569145939776
-69.1268981851,0.015399041918736112,0.10326922082633877,0.6265350965626126,0.5232658757362738,1.62836246605e-12,0.783708721678,167.70418130895456,46.38104946929232,0.21664759077815415,0.21666208544179413,214.08523077824688,214.3868706918694,-0.1406988742589932,1.5865410474023673,0.21664759079088491,0.07122472104022301,0.26687960026990265,0.21663351214102292,0.07122308333130137,0.26687653199804096,0.11164768067212844,0.6366472312659068,0.5249995505937783,0.2000000000000001,0.19998658340311432,171.27105691783802,42.81417386040884,-5.9815453190559253e-05,5.872458075373288e-09,0.647828208771751,0.6478207607949801,0.5361566972038043,41.36733359146984,24.173663448451155,14.15380146654814,70.65239698065952,40.879606307459454,24.462075110971075
-68.75551257886,0.01545062325293611,0.10351130721405934,0.6256591303748837,0.5221478231608244,1.66135453131e-12,0.782798160037,166.65408550898192,46.090630084052776,0.2166475907783337,0.21666223090448242,212.7447155930347,213.04446675939676,-0.14069887424045247,1.5865410474038593,0.216647590790834,0.07112083262171011,0.26668489387610633,0.21663337513200426,0.07111918654711681,0.2666818076793331,0.11186935533953972,0.6357605325960117,0.523891177256472,0.19999999999999984,0.1999864488918245,170.1986554010825,42.54606019195217,-5.981535915466907e-05,5.848943551711727e-09,0.6473555750665074,0.6473480835784928,0.5350247690200053,41.565968032020905,24.05814293148752,14.142646518075928,70.70812373920857,41.06339427409237,24.352589883952138
-68.41458885615,0.015497973769979165,0.10373418420711365,0.6248527051689866,0.5211185209618729,1.70194968093e-12,0.781953405304,165.69084034115647,45.82423051406314,0.2166475907781978,0.21666235703597211,211.51507085521965,211.81308948766443,-0.14069887426014782,1.5865410474057273,0.2166475907905018,0.07102569034034886,0.2665064545941596,0.2166332562834013,0.07102403762765197,0.2665033538769296,0.11207337518338703,0.6349444532189612,0.5228710780355742,0.20000000000000007,0.19998633242701422,169.2149475818442,42.30012327337542,-5.9815241415517306e-05,5.695621752010993e-09,0.6469224284330399,0.6469149016978146,0.5339829909299514,41.74650723827979,23.954099783539306,14.127935288860533,70.78175115853418,41.23051184818477,24.253882747856945
-68.15593486747,0.015533897935073612,0.10390371178511375,0.624239477660051,0.5203357658749372,1.74368442843e-12,0.781528341085,164.9605283618662,45.62225203165105,0.21664759077829862,0.21666241397228655,210.58278039351725,210.87948545556978,-0.14069887424635885,1.5865410474068842,0.2166475907903931,0.07095368212877493,0.26637132377336514,0.21663320185769955,0.07095202830680161,0.2663682194008918,0.1122284900957622,0.6343239935689168,0.5220955034731546,0.19999999999999984,0.1999862800853937,168.46911349257837,42.113666900938895,-5.981516849606905e-05,5.645439671297936e-09,0.6465944095155333,0.6465868739075064,0.5331909340694229,41.914798135867684,23.857922368097285,14.113693847437832,70.85317357805219,41.38630704971634,24.16258108747719
-67.9136330253,0.015567550968708332,0.10406285598924465,0.6236638454628017,0.519600989473557,1.79093896298e-12,0.781204134583,164.27678887635747,45.43315385490843,0.21664759077793955,0.21666245896211483,209.7099427312659,210.0054179903117,-0.14069887428306282,1.5865410474061081,0.21664759079021903,0.07088633401446864,0.266244876034204,0.21663315852452444,0.07088467987502178,0.2662417695911402,0.11237406802927188,0.6337416818340069,0.5213676138047351,0.2000000000000003,0.1999862387979518,167.77084004590614,41.939102685359735,-5.9815217412495514e-05,5.565081728775567e-09,0.6462874680622294,0.6462799274280151,0.532447575489197,42.06409030448807,23.773246794625297,14.106134752137365,70.89114187346607,41.5245389187558,24.082145787495307
-67.66856300399,0.015601588471668055,0.10422414749891545,0.6230804473665881,0.5188562998676727,1.84409144556e-12,0.780866282594,163.58565087204624,45.24200950949267,0.21664759077812382,0.21666250450985408,208.82766038153892,209.12189253017925,-0.14069887426915173,1.5865410474062474,0.21664759079032792,0.07081831092281651,0.2661171000195525,0.21663311482529832,0.07081665646707382,0.2661139914906276,0.1125215811112505,0.633151629506636,0.5206300483953854,0.20000000000000004,0.19998619697552708,167.06501075853802,41.76264962300092,-5.981520863063139e-05,5.615352627330594e-09,0.645977302329772,0.6459697566323018,0.5316943355418458,42.214467796524595,23.688561107060252,14.100578092512114,70.91907817105981,41.66385467235977,24.001619818038833
-67.41132418426,0.015637316085519444,0.1043938052890277,0.6224667704978951,0.5180729652088674,1.90265031716e-12,0.780501026173,162.86066014838693,45.04150269828503,0.21664759077808718,0.21666255658278658,207.90216284667196,208.19509099596087,-0.14069887425663952,1.5865410474064678,0.21664759079030363,0.0707470053101231,0.2659830921508416,0.21663306504878907,0.0707453501177755,0.2659799806710563,0.1126767181099463,0.6325310815117353,0.519854363401789,0.1999999999999998,0.19998614909733142,166.32460990995975,41.577552936712216,-5.981519473063912e-05,5.60413937478188e-09,0.6456520092857906,0.6456444564253505,0.5309021659032874,42.36737183540945,23.603068981593715,14.095231955698667,70.94597684827049,41.80559046783556,23.920245804670106
-67.15281854215,0.01567321964692361,0.10456467183701497,0.6218487207823965,0.5172840489453815,1.96220869379e-12,0.780123285591,162.1325988706739,44.840146680449024,0.21664759077843593,0.21666260924436037,206.9727455511229,207.2643641781951,-0.14069887422687444,1.5865410474071944,0.2166475907904949,0.07067545065871637,0.2658485483479576,0.2166330147891454,0.07067379474767145,0.2658454339417389,0.11283292873907468,0.6319062389961742,0.5190733102570995,0.20000000000000018,0.19998610065037636,165.5810732274513,41.39167232367161,-5.9815148945041585e-05,5.692424309700073e-09,0.6453254153058254,0.6453178553417095,0.5301045140311595,42.52578405863822,23.515145508454676,14.089589323113746,70.9743894635393,41.95249337721123,23.836485498218423
-66.89204658579,0.015709437974195835,0.10473741902579656,0.6212238679959708,0.5164864489701743,2.02184630011e-12,0.779731580919,161.39868278599096,44.637171429793774,0.21664759077827556,0.2166626625827805,206.03585421578472,206.32615279002644,-0.1406988742416737,1.5865410474065624,0.21664759079043766,0.07060336966103656,0.2657129459793718,0.2166329638648122,0.07060171302658952,0.26570982862248343,0.1129908266200812,0.631274647471863,0.5182838208517818,0.19999999999999976,0.19998605157868565,164.83155724752822,41.204296968256486,-5.981518876874148e-05,5.666001001713994e-09,0.6449962517449638,0.6449886846183409,0.5292982466133042,42.68896927027414,23.4252552144972,14.084679119454913,70.9991325694256,42.10387526432368,23.750782884523232
-66.62255113257,0.015746867898254167,0.10491635162636903,0.620576629985948,0.515660278359579,2.08252826019e-12,0.77931571163,160.64079457958792,44.42756633750269,0.2166475907781055,0.2166627205655537,205.0683609170906,205.35729632122636,-0.1406988742605031,1.5865410474062098,0.2166475907903612,0.07052897766503557,0.2655729234410684,0.21663290859293927,0.07052732006450066,0.2655698026216472,0.11315434661852466,0.6306205674777026,0.5174662208591779,0.20000000000000007,0.19998599821407653,164.0575600569617,41.01080086012888,-5.981521099540643e-05,5.6307181139914064e-09,0.6446563585868318,0.644648783055196,0.5284632712096632,42.85833435680904,23.332684645994107,14.08065695821167,71.01941358047304,42.26103592492314,23.66245829317821
-66.34132128248,0.015785927599655556,0.10510351914891164,0.6198995852104979,0.5147960660615862,2.13865087821e-12,0.778869982247,159.85055867385674,44.20901501487577,0.21664759077812795,0.21666278615256337,204.0595736887325,204.34708774075023,-0.14069887425186556,1.586541047406159,0.21664759079037268,0.07045145026843691,0.26542692076810315,0.2166328466032126,0.07044979130448047,0.265423795663615,0.11332535931887457,0.6299365166763669,0.5166111573574923,0.1999999999999995,0.19998593777797433,163.2505284820177,40.80904520671483,-5.981521420395097e-05,5.636024980049115e-09,0.6443019491452434,0.6442943632119613,0.5275900361327097,43.032461410851596,23.23827099854966,14.076653555358156,71.03961151472387,42.422670849824875,23.572301789766453
-66.05804972393,0.01582527087167639,0.10529250882060658,0.6192159465142271,0.5139234376936205,2.17742763247e-12,0.778409219722,159.0552852919584,43.989070504377764,0.21664759077815018,0.21666285283336328,203.0443557963362,203.33043943565409,-0.1406988742619797,1.5865410474060577,0.21664759079040447,0.07037347053063353,0.2652799851678101,0.21663278344135362,0.0703718101255787,0.2652768556161255,0.1134979999010056,0.6292459543480016,0.515747954446996,0.20000000000000018,0.19998587635982235,162.43835236249035,40.60600343384586,-5.9815220587733364e-05,5.650679923974167e-09,0.643945275099545,0.6439376783710604,0.5267084886704595,43.21336589672973,23.140988424502183,14.072646303649343,71.05984037562845,42.59065244119856,23.479330385478796
-65.7697967995,0.015865306000069447,0.10548530371366141,0.6185185374316207,0.5130332337179593,2.22181557507e-12,0.777928458111,158.2467751669498,43.76546517852655,0.21664759077806342,0.21666292251985403,202.01224034547636,202.29686976390468,-0.14069887426361172,1.5865410474058639,0.2166475907903723,0.07029422838149842,0.2651305874121249,0.21663271778773616,0.07029256645662008,0.2651274532307435,0.11367407902774466,0.628541637840883,0.5148675588131384,0.2000000000000001,0.19998581214972966,161.61265839579988,40.399581949676474,-5.9815232800186635e-05,5.635825139904682e-09,0.6435826243747906,0.643575016408099,0.5258093831098017,43.3999186942402,23.04151782046344,14.069541137036143,71.07552337777646,42.763930699686554,23.38419279141077
-65.47223008263,0.015906634710745833,0.10568484100324231,0.6177967208307924,0.5121118798275501,2.2713300629e-12,0.777419846531,157.41296256222216,43.534862081036806,0.2166475907779738,0.21666299917425003,200.94782464325897,201.23095433071404,-0.1406988742843951,1.5865410474058623,0.21664759079029297,0.07021253450724446,0.2649764791585179,0.21663264597666024,0.07021087072419524,0.2649733396479639,0.11385627879733905,0.6278128387621105,0.5139565599647714,0.20000000000000023,0.19998574148684897,160.76112493180756,40.186699711451446,-5.981523290010671e-05,5.5992099845525445e-09,0.6432085393050055,0.6432009184021872,0.5248790239635044,43.59273201927911,22.939603775183095,14.067120629057966,71.08775323461252,42.94308730112718,23.286635005717248
-65.16638424202,0.015949113299719445,0.10589047830592017,0.6170528215980426,0.5111623432921225,2.32499462662e-12,0.776884381666,156.55685295706567,43.29809242135845,0.2166475907782706,0.21666308209732862,199.8549453784241,200.13653523044846,-0.1406988742460813,1.5865410474065953,0.21664759079046303,0.07012868004473843,0.26481820187581223,0.2166325684767341,0.07012701397702036,0.2648150561750981,0.11404400887151717,0.6270619184662429,0.5130179095947258,0.2000000000000003,0.19998566501202503,159.88682122097802,39.968124157446084,-5.981518670372665e-05,5.6777249568540356e-09,0.6428243342610802,0.6428166983321589,0.5239204256529657,43.791178209432374,22.83564957347061,14.064847213742544,71.09924372466098,43.127553451940415,23.187032881759897
-64.85800565238,0.015991943659391668,0.10609838739810228,0.6163006993113671,0.5102023119132648,2.38118781914e-12,0.77633182374,155.6946134786323,43.05962745527465,0.21664759077816886,0.216663167092664,198.75424093390694,199.03427992513656,-0.14069887425167682,1.5865410474063717,0.21664759079042142,0.07004424646146275,0.2646587358495138,0.21663248908356267,0.07004257803191463,0.26465558379130155,0.11423377026983053,0.626302872872788,0.5120691026029575,0.20000000000000007,0.19998558662109575,159.00625746730898,39.74798346659799,-5.9815200792456835e-05,5.65851809852802e-09,0.6424372436401696,0.6424295922789461,0.5229514548749621,43.99630116363874,22.729183443867814,14.063033895829713,71.10841141444894,43.318306089530424,23.08492852728813
-64.54367135507,0.016035601200684722,0.10631090491773972,0.6155318958842273,0.5092209909664875,2.44015838449e-12,0.775755840666,154.816749115955,42.81684119847061,0.21664759077822277,0.21666325647313772,197.6335903144256,197.91205034135527,-0.14069887429764005,1.5865410474055341,0.2166475907904658,0.06995829482316737,0.26449630398772567,0.2166324057843268,0.06995662383077274,0.2644931451489296,0.11442769496171305,0.6255271741054793,0.5110994791437663,0.20000000000000012,0.19998550417287472,158.1097371138998,39.52385320052577,-5.9815253583561656e-05,5.678990611102108e-09,0.642042953698326,0.6420352858777948,0.5219612252436733,44.20748945700448,22.620601447467052,14.062173124506286,71.11276409030197,43.514771364004204,22.980702153641754
-64.22061467545,0.01608047018396528,0.10652994874207776,0.6147394678216924,0.5082095190796146,2.50228655573e-12,0.775150816144,153.91564444910054,42.567627494889926,0.21664759077823303,0.21666335250874938,196.48327194399045,196.76011120541824,-0.14069887424427163,1.5865410474066919,0.21664759079046497,0.0698700706718695,0.2643294737101209,0.2166323166612413,0.06986839681578311,0.26432630746065194,0.11462753105279354,0.6247278297411523,0.5101002986883587,0.19999999999999976,0.19998541556175348,157.1894831533385,39.29378879065195,-5.981518060860225e-05,5.678613135273736e-09,0.6416379869650114,0.6416303011556833,0.5209408104789824,44.426768195073386,22.50895216165854,14.062230829061667,71.11247227810776,43.7188549327999,22.873426157594853
-63.88659982575,0.0161268611353125,0.10675709916158731,0.6139176923538415,0.5071605931922543,2.56805870782e-12,0.77451174789,152.98520919479364,42.31030198738573,0.21664759077804413,0.21666345703175235,195.29551118217935,195.570676922977,-0.14069887425199878,1.5865410474063968,0.21664759079034474,0.0697789675403552,0.26415708875658667,0.21663221981425357,0.06977729045395276,0.2641539143263881,0.11483471733677887,0.6238990846046074,0.5090643672678286,0.19999999999999976,0.19998531914093856,156.23927605161848,39.056235130560864,-5.981519921594014e-05,5.623101984042478e-09,0.641219536714208,0.6412118310468335,0.5198828637277273,44.65383866940551,22.39449126431202,14.06286356946035,71.10927266418572,43.930277387994465,22.76334363127163
-63.54533645095,0.01617425882625694,0.10698989632659131,0.6130754729655343,0.506085576638943,2.63684603542e-12,0.77384507906,152.0359247551236,42.04776346147135,0.21664759077819346,0.21666356782180202,194.08368821659494,194.35714653377462,-0.14069887424086325,1.5865410474070212,0.21664759079039836,0.06968600512328096,0.26398106963053425,0.21663211723301054,0.06968432446291914,0.2639778863142122,0.11504700538707406,0.6230499324036969,0.5080029270166229,0.19999999999999984,0.19998521692921023,155.26981972617799,38.81386849041694,-5.981515985853392e-05,5.647859957491619e-09,0.6407922648094809,0.6407845375717751,0.5187988660391161,44.888621213321436,22.2773605642232,14.063796195577673,71.10455712622226,44.14895098001763,22.650594811473834
-63.19943847573,0.016222300211704167,0.10722660272620667,0.6122191022542266,0.50499249952802,2.708287387e-12,0.773155664354,151.07518095660035,41.78205568186078,0.21664759077818432,0.21666368277884063,192.85723663846113,193.1289669207689,-0.14069887424978944,1.5865410474065298,0.2166475907905007,0.06959189909724182,0.2638027655223535,0.21663201111000582,0.06959021473279614,0.2637995730337639,0.11526280693476379,0.6221867262134476,0.5069239192786839,0.19999999999999962,0.19998511084566312,154.28866079193023,38.56857584653093,-5.9815190833756304e-05,5.6951110494196655e-09,0.6403594462991767,0.6403516967965484,0.5176969275243566,45.1310203960273,22.157708627567967,14.065440608228103,71.09624418128877,44.374810814051976,22.53530734340245
-62.84657232497,0.016271309399309722,0.10746886006624978,0.6113426336112047,0.5038737735449549,2.78359605385e-12,0.772438616375,150.09661976610468,41.51142024133789,0.21664759077816084,0.2166638040181534,191.60804000744255,191.87801020773983,-0.14069887425087746,1.586541047406348,0.21664759079050444,0.06949601356412348,0.2636209657142684,0.21663189916106515,0.06949432521256355,0.26361776346172794,0.11548361771912309,0.6213034830760322,0.5058198653569091,0.19999999999999998,0.19998499900472197,153.28930631725743,38.31873369018513,-5.981520229125792e-05,5.696820792877588e-09,0.6399181422657935,0.63991036906198,0.5165694105511246,45.380816962454745,22.035742565572093,14.068065444854874,71.0829789582569,44.60764641117396,22.417681282317233
-62.48567239658,0.01632143438936389,0.10771745817049351,0.6104432051510569,0.5027257469805634,2.87149208531e-12,0.771691377539,149.09743932717913,41.23508224544341,0.2166475907781735,0.21666393339570256,190.3325215726225,190.60069460424626,-0.1406988742515103,1.5865410474061052,0.21664759079063015,0.06939806019816125,0.26343511572712025,0.2166317800759892,0.06939636741068583,0.26343190279593287,0.1157101550331632,0.6203973338205002,0.504687178787337,0.20000000000000034,0.1999848796242519,152.26889515734126,38.06362641528124,-5.98152175901312e-05,5.7548632526049914e-09,0.6394670067569248,0.639459207631577,0.515412652436909,45.63946776002289,21.91086025056438,14.071673542290576,71.06475267455791,44.848806519988734,22.29713737319428
-62.11550663709,0.016372846300404167,0.1079733134553227,0.6095174924670453,0.5015441790117227,2.9769724141e-12,0.770910911819,148.07440768655033,40.952147850127766,0.2166475907782256,0.21666407372141794,189.02655553667807,189.29288849981194,-0.1406988742390647,1.5865410474067556,0.216647590790595,0.06929770604794205,0.2632445745840587,0.21663165150705554,0.06929600813273232,0.26324134958765943,0.1159432517761412,0.6194649468484075,0.5035216950722663,0.19999999999999982,0.1999847500530522,151.2241270742861,37.80242846239196,-5.981517660069713e-05,5.738631791984972e-09,0.639004483854155,0.6389966554415009,0.5142224001812444,45.908387011965885,21.78251219628677,14.07643605518764,71.04070917378738,45.09964417528364,22.17312394114273
-61.7339408682,0.016425841546083335,0.10823798234647296,0.6085598479967883,0.5003218656503153,3.10499849984e-12,0.770092086297,147.02184314620501,40.661045698490454,0.2166475907781705,0.21666422954521683,187.6828888446955,187.94732862022033,-0.14069887423575622,1.5865410474077057,0.21664759079043927,0.06919437372432491,0.26304823459648025,0.21663150915325255,0.069192669792803,0.2630449957570054,0.11618432447945709,0.618500656034367,0.50231633155491,0.19999999999999982,0.1999846061277783,150.14920024216545,37.53368860253002,-5.981511671526718e-05,5.666755953370739e-09,0.638527884734797,0.6385200227192193,0.5129914206086622,46.167281427830275,21.660361387386917,14.078766648084976,71.02894912574051,45.3412483228135,22.054972833574343
-61.3934206239,0.016473136024458334,0.1084749947832505,0.6077023398582577,0.4992273450750072,3.23532297145e-12,0.769349776523,146.0842494824239,40.40174042797765,0.2166475907782077,0.2166643527401956,186.48598991040154,186.74874328985885,-0.14069887423524552,1.586541047407888,0.2166475907904544,0.06910229152312539,0.2628731472081646,0.21663139634435127,0.06910058370167216,0.2628698988124585,0.11640014113286634,0.6176373894208078,0.5012372482879415,0.2000000000000001,0.19998449244007047,149.1916838709858,37.29430603941576,-5.9815105224458875e-05,5.673728153965385e-09,0.6381028745465462,0.6380949893340054,0.511889404959751,46.406409736356984,21.548747375226327,14.076039905686807,71.04270851036688,45.56449843602211,21.946911177001475
-61.11786239009,0.016511408001376387,0.10866736766879921,0.607006478451168,0.49833911078236875,3.34064866469e-12,0.768741493244,145.32676183238868,40.192246115438394,0.21664759077809176,0.21666441789296054,185.51900794782708,185.78039887755438,-0.14069887421200855,1.5865410474082364,0.21664759079038723,0.06902789381379373,0.2627316003334843,0.21663133541029783,0.06902618553403542,0.2627283493154772,0.11657524736170422,0.616936964505117,0.5003617171434128,0.19999999999999984,0.19998443248294143,148.41809442858258,37.10091351924449,-5.981508326424745e-05,5.642730727117851e-09,0.6377592811876358,0.6377513896096759,0.5109952672672166,46.63530694943597,21.442980981860877,14.075603939475087,71.0449089289516,45.77826072342411,21.844429740169524
-60.83810101674,0.016550263747675,0.10886319658808989,0.6062981087940535,0.49743491220596364,3.44664958611e-12,0.768116932979,144.55888130720058,39.97987750098999,0.21664759077817927,0.21666448566201962,184.53875880819052,184.79876859522528,-0.14069887424643657,1.586541047407992,0.21664759079044182,0.06895241672837614,0.26258792190117225,0.21663127188646708,0.06895070793425176,0.2625846681248769,0.11675346799812883,0.6162240819596858,0.499470613961557,0.20000000000000012,0.19998437013892192,147.6338913617161,36.90486744647442,-5.981509867414303e-05,5.667932789776842e-09,0.6374105136484545,0.6374026153749773,0.5100852266046841,46.84602557250092,21.346528073173616,14.080723942410321,71.01907573005236,45.97510445257161,21.75090218732641
-60.55560699356,0.01658949902867222,0.10906147747697956,0.6055808676133856,0.496519390136406,3.56167818594e-12,0.767479348308,143.78471402211358,39.765770190934795,0.21664759077823173,0.2166645548869477,183.55048421304838,183.80910154969598,-0.14069887424899008,1.5865410474068693,0.21664759079063806,0.06887625747677098,0.2624428651664415,0.21663120712470813,0.06887454812739555,0.2624396085338407,0.1169338872187503,0.6155024050781868,0.49856851785943646,0.19999999999999996,0.19998430641495488,146.84326793557275,36.70721627747561,-5.981516942865639e-05,5.758504784125762e-09,0.6370584003938787,0.6370504951869558,0.5091639594033572,47.06592537064697,21.24679355871451,14.087198217425316,70.98643637760694,46.180593794432674,21.65411740809092
-60.2598574811,0.016630575349847222,0.10926964728737061,0.6048278346219822,0.4955581873346116,3.70091724142e-12,0.766804598911,142.97555650413966,39.541985819103154,0.21664759077827916,0.2166646327628166,182.51754232324282,182.77470427463842,-0.140698874286882,1.586541047405571,0.2166475907907813,0.06879657234662309,0.2622910069877027,0.21663113466386574,0.06879486204501467,0.2622877466543465,0.11712327286782052,0.6147448624826224,0.49762158961480185,0.19999999999999998,0.19998423466485035,146.01691130881966,36.500631014423156,-5.9815251263195535e-05,5.824629667472436e-09,0.636689777195177,0.6366818630049758,0.5081969072991067,47.29316601176015,21.14470407312835,14.094833912082997,70.94798039037096,46.39301112678813,21.55497079650824
-59.95413610441,0.01667303665216528,0.10948546915037036,0.6040471008504747,0.49456163170010436,3.87215629853e-12,0.766099599073,142.14058544098785,39.31106233295422,0.21664759077817317,0.21666471882360328,181.45164777394206,181.70730791057377,-0.14069887423434624,1.586541047406607,0.216647590790688,0.06871425175396681,0.2621340339482205,0.21663105514952188,0.06871254011065722,0.2621307691032421,0.11731958596644432,0.6139596100876624,0.4966400241212181,0.2000000000000001,0.19998415530653157,145.164193264892,36.2874545090501,-5.9815185959877226e-05,5.78155301411698e-09,0.6363087380940604,0.6363008129522686,0.5071944818445823,47.52612423622482,21.041059334642554,14.101986636934786,70.91199458244277,46.61083423680506,21.45423947830514
-59.65108456313,0.016715127144009724,0.10970004868934602,0.603270871258332,0.493570822568986,4.0713876534e-12,0.765393552071,141.31441327989836,39.08257231217854,0.21664759077823004,0.21666480233363672,180.39698559207693,180.65115974011488,-0.14069887423009408,1.5865410474061468,0.21664759079078663,0.06863270885839198,0.261978451133661,0.2166309782773454,0.06863099608448128,0.26197518219190397,0.11751472927953378,0.6131790368357991,0.49566430755626534,0.19999999999999982,0.19998407827480238,144.3204607048926,36.07652488718431,-5.981521497000486e-05,5.827072158126612e-09,0.6359310736492328,0.6359231385628488,0.5061980296185177,47.767430862271084,20.934766261206775,14.109662845265031,70.87341568445652,46.83653879514265,21.350851829036277
-59.34222360411,0.016758024499429168,0.109919404146131,0.6024773580333121,0.49255795388718115,4.30250758135e-12,0.764666836744,140.4739822258359,38.850138785523654,0.21664759077816775,0.21666488964879294,179.32412101135955,179.57678352419126,-0.14069887424934535,1.5865410474060342,0.21664759079080503,0.06854965184059665,0.2618198843491393,0.216630898174412,0.06854793788577455,0.261816611172352,0.11771417885897194,0.6123812385181354,0.49466705965916347,0.1999999999999999,0.19998399775776549,143.46216639711054,35.86195461424899,-5.981522206432999e-05,5.83557646649524e-09,0.6355461658635365,0.6355382204969661,0.5051795884823322,48.01544253959788,20.826632997817516,14.119204247516382,70.82552121702635,47.06860404653375,21.245584402957082
-59.02141019075,0.01680258191795139,0.1101479611982453,0.6016505367115413,0.491502575513296,4.56795978612e-12,0.76390465298,139.60275266021608,38.60918747908357,0.21664759077817478,0.21666498610045173,178.21194013929966,178.46303562134173,-0.14069887423345806,1.5865410474062542,0.2166475907908215,0.0684634237619049,0.26165516192482213,0.21663081004446824,0.06846170824797176,0.2616518837080516,0.11792195849686088,0.6115501199666656,0.49362816146980476,0.2000000000000002,0.19998390878303604,142.57241975843408,35.639520380865584,-5.981520819764441e-05,5.843170391983676e-09,0.6351463157701537,0.6351383581694396,0.5041186119132902,48.273282802764726,20.715392489170586,14.130119884987577,70.77080790110219,47.310003467573644,21.137178750904166
-58.68820292721,0.016848860704554165,0.11038611974072272,0.6007889543177409,0.4904028345770182,4.86413320239e-12,0.763105433447,138.69976795214714,38.35945382254405,0.2166475907781672,0.21666509336138903,177.0592217746912,177.30869310982425,-0.14069887423878713,1.5865410474060657,0.21664759079088597,0.06837390692529469,0.2614840471717055,0.21663071236261855,0.06837218937932127,0.26148076292400796,0.11813842910377596,0.6106842375393319,0.4925458084355559,0.20000000000000007,0.19998380980952557,141.65024404227873,35.40897773241245,-5.981522007703077e-05,5.8729243690436306e-09,0.6347309488260565,0.6347229765857648,0.5030132570089002,48.53801734791986,20.602407239504927,14.141003265959263,70.71634036088771,47.55810982164042,21.026908002659283
-58.35427211034,0.016895239984675,0.11062558996093082,0.599922626053161,0.48929703609223024,5.17386278066e-12,0.762297099669,137.79681145060354,38.1097279669327,0.21664759077816023,0.2166652012734121,175.90653941753624,176.15438665649205,-0.14069887424325023,1.5865410474054171,0.2166475907910172,0.06828424639737957,0.26131254542669696,0.21663061400520708,0.06828252685351013,0.26130925520063414,0.11835604992014483,0.6098137542745014,0.49145770435435654,0.20000000000000012,0.19998371025982986,140.72809700585034,35.178442411685914,-5.981526096654477e-05,5.933498137267179e-09,0.6343146424910735,0.6343066557387933,0.5019020288378856,48.81210954820153,20.486719571349578,14.152317601155517,70.65980485898305,47.81522261683249,20.913841769879536
-58.01534643823,0.01694231299469028,0.11086946167967952,0.599040367464736,0.48817090578505645,5.49399557821e-12,0.761469447085,136.88243062511265,37.85684254708656,0.21664759077817622,0.21666531311136047,174.7392731721992,174.9854757666809,-0.14069887423684424,1.5865410474048964,0.21664759079114285,0.06819328783510648,0.26113844572392336,0.2166305123060113,0.06819156620525232,0.26113514931018444,0.11857762958336732,0.6089274356222468,0.4903498060388795,0.2000000000000001,0.1999836071235719,139.7942830170716,34.9449901551276,-5.981529378473738e-05,5.991496188073597e-09,0.6338920298279795,0.6338840280556262,0.5007705857709496,49.0936139840736,20.369248031412166,14.1652288219354,70.59540036878624,48.07939912430941,20.79892881802656
-57.66700385735,0.01699069390870139,0.11112097557061065,0.5981304427721144,0.48700946720150373,5.82319052802e-12,0.760611552116,135.94487845986507,37.597548753584014,0.2166475907781374,0.21666543355098736,173.5424272134491,173.7869434865034,-0.14069887423580063,1.5865410474044133,0.2166475907911944,0.06809983795116069,0.2609594565275623,0.21663040332596056,0.06809811395141699,0.26095615331204014,0.11880611236408883,0.6080135044996164,0.4892073921355276,0.19999999999999996,0.19998349602031767,138.83680591145202,34.70562130199706,-5.981532423815494e-05,6.015299369721561e-09,0.633457548322646,0.6334495300395251,0.4996038936003218,49.38366140274331,20.24961235345845,14.179344104038544,70.52512391706335,48.3516611093789,20.68181272485853
-57.31070476723,0.01704017989344028,0.11137915063843229,0.5971964060535789,0.48581725541514664,6.15636923191e-12,0.759726842848,134.98830706336267,37.332994912920825,0.21664759077817874,0.21666556122018463,172.32130197628348,172.5640977191208,-0.14069887424237315,1.5865410474040753,0.2166475907912564,0.06800428815551418,0.2607763182413506,0.21663028858259206,0.06800256151124416,0.2607730076354609,0.11904060303441248,0.6070755418186303,0.48803493878421783,0.19999999999999984,0.1999833781821029,137.85990587432804,34.46139610195546,-5.9815345532232556e-05,6.043920919296397e-09,0.6330129952440515,0.6330049590214232,0.49840652359161836,49.68121366347788,20.128332749147983,14.193805977077044,70.45326684153616,48.631075374633724,20.562983489392593
-56.95265681205,0.017089908776104164,0.11163953195795659,0.5962543800018324,0.4846148480438758,6.48579325151e-12,0.759098291545,134.02953499130538,37.067832443164306,0.2166475907781649,0.21666569136340136,171.0973674344697,171.33843868883386,-0.14069887423334704,1.5865410474034094,0.2166475907913405,0.06790830643394824,0.2605922225123924,0.21663017124198972,0.06790657707561704,0.26058890436013776,0.11927705318666948,0.6061297412100171,0.4868526880233476,0.2000000000000003,0.19998325805461087,136.88075845035755,34.21660898411213,-5.981538750976512e-05,6.082734316237293e-09,0.6325661180521908,0.6325580635113842,0.4971991479614908,49.98780066796701,20.00488092369337,14.20918540858969,70.37701115473399,48.9190887546931,20.441917980413404
-56.58884339702,0.017140438417080555,0.11190507962985882,0.5952936541995577,0.48338857456969886,6.81477406795e-12,0.758621942969,133.05794218193068,36.79912421058484,0.21664759077816226,0.2166658262698671,169.85706639251552,170.09639009848797,-0.14069887422881733,1.5865410474031352,0.21664759079137486,0.06781080719471472,0.2604050828895525,0.21663004972007324,0.06780907508549419,0.26040175707067376,0.11951814989968264,0.6051653543581429,0.48564720445846027,0.19999999999999987,0.19998313361172979,135.88851798924463,33.968548403270894,-5.981540479593761e-05,6.09858830102894e-09,0.6321118520590913,0.6321037789081874,0.4959680457901604,50.302663087778214,19.879663195067796,14.226208991426166,70.29279554396247,49.21496167520329,20.319024255257013
-56.21631435617,0.017192178561643054,0.11217801268003579,0.5943061892250658,0.48212817654503004,7.14673279222e-12,0.758113725389,132.0658677852588,36.52475149483118,0.2166475907781699,0.2166659696368822,168.59061928009,168.82815859862814,-0.14069887423393546,1.5865410474025496,0.21664759079145698,0.06771099251685384,0.26021335960487085,0.21662992057478836,0.06770925740983091,0.26021002557517053,0.1197659076408293,0.6041743233939703,0.484408415753141,0.20000000000000004,0.19998300142972503,134.87536122356155,33.71525805652847,-5.981544169975095e-05,6.136513519550135e-09,0.63164645960508,0.6316383665230842,0.4947029306866786,50.626081704474366,19.75266436453484,14.244323947615799,70.20340197804748,49.518953408063666,20.194287867101004
-55.83811860084,0.01724470574988333,0.11245616596501878,0.5932998258845239,0.4808436599195051,7.47965809049e-12,0.757577216123,131.061657601503,36.24702244927914,0.21664759077817905,0.21666611892204854,167.30868005078216,167.5444131539263,-0.14069887423079352,1.5865410474017778,0.21664759079157858,0.0676096784450469,0.260018611728174,0.21662978642754105,0.0676079402723924,0.2600152693062321,0.12001835707382776,0.6031645256625813,0.48314616858875353,0.1999999999999998,0.19998286379065316,133.84981107719264,33.45886897358954,-5.981549034972389e-05,6.192624191214691e-09,0.6311737252035183,0.6311656117500485,0.49341385859138365,50.95890502389192,19.62365556189155,14.263293661477805,70.11003375053494,49.83186074170342,20.067482632915556
-55.45536477718,0.017297866003169446,0.112738776438207,0.5922773271610937,0.4795385507228867,7.81258728221e-12,0.75701376022,130.04844170959083,35.96680274313418,0.2166475907781842,0.21666627315551198,166.01524445272497,166.24915514243887,-0.14069887423696636,1.586541047400483,0.21664759079175547,0.06750715793313425,0.25982139621889155,0.21662964813758293,0.06750541662617,0.25981804522813656,0.12027480364202245,0.6021387393906862,0.4818639357486637,0.20000000000000023,0.1999827216152048,132.81506403745553,33.20018041526947,-5.98155719511162e-05,6.274269992445625e-09,0.6306950008274654,0.6306868665739089,0.4921043760902819,51.30160443992436,19.492567745537638,14.283692685404013,70.00990724351439,50.15414504990374,19.93853148139586
-55.06507652923,0.01735207270427361,0.11302810309928266,0.5912305103024385,0.47820240720315577,8.14718026383e-12,0.756418598802,129.01855828029366,35.681973385221646,0.21664759077819465,0.21666643576950556,164.7005316655153,164.93258996283149,-0.14069887423006078,1.586541047401765,0.21664759079158205,0.06740262420162929,0.259620153689249,0.21662950252417987,0.06740087949421704,0.25961679355199085,0.12053729714867152,0.6010887653632279,0.48055146821455635,0.19999999999999998,0.19998257169548392,131.76329578343208,32.937235882083236,-5.9815491160186696e-05,6.194222912370151e-09,0.6302065011917676,0.6301983447358294,0.4907640163557291,51.656237559087124,19.358746344159258,14.30617266216506,69.89989731108575,50.487757246232164,19.806781971378392
-54.66275564551,0.017407950604790275,0.11332757611154387,0.5901469425766677,0.4768193664651238,8.48218812439e-12,0.755783936763,127.96046181566972,35.38934129885294,0.2166475907781896,0.21666661370117835,163.34980311452264,163.57995827428584,-0.14069887423326932,1.5865410473998618,0.2166475907918426,0.06729485985076936,0.2594125283226879,0.21662934309259643,0.06729311108803782,0.2594091576795966,0.1208089505815168,0.6000021516331469,0.47919320105163005,0.19999999999999976,0.19998240763534594,130.68271620092068,32.66708691360196,-5.9815611119784506e-05,6.314482270397548e-09,0.6297025077461134,0.629694325788132,0.48937688367119386,52.0158661130207,19.224903375196867,14.32861597071467,69.79041116349515,50.82614946642584,19.67491164485259
-54.26525435612,0.017463159117205553,0.11362469471202839,0.5890718938099515,0.4754471990979231,8.78659179222e-12,0.755136588133,126.9186436957081,35.101211227297085,0.2166475907781662,0.21666679069411776,162.0198549230052,162.2481362241339,-0.14069887423133753,1.5865410474049193,0.21664759079114118,0.06718839390067521,0.25920724121959865,0.21662918493881994,0.06718664121367883,0.25920386033714626,0.12107841591940914,0.5989242902780653,0.4778458743586561,0.20000000000000048,0.19998224445780696,129.61876068877436,32.40109423423085,-5.9815292341447446e-05,5.990741236416852e-09,0.6292041902421013,0.6291959834289157,0.48800092396048095,52.34476835071205,19.10410594044394,14.342205350850662,69.72428406491113,51.13570695602014,19.555806686315332
-53.94676227683,0.017507394128218057,0.1138636540560443,0.5882074583625151,0.4743438043064708,9.02327101827e-12,0.754604261076,126.08653695300801,34.871079910977315,0.21664759077816467,0.21666688814878798,160.95761686398535,161.1844015023469,-0.14069887423830973,1.5865410474066934,0.21664759079088308,0.06710317620189561,0.2590428076629336,0.2166290964595898,0.0671014232994566,0.2590394242185089,0.12129506405632688,0.5980576977291121,0.4767626336727852,0.20000000000000004,0.19998215477956807,128.7689658153414,32.18865104864393,-5.9815180519784406e-05,5.87159210141408e-09,0.6288050413511086,0.6287968283189467,0.4868946625403398,52.67550012204742,18.984157676396666,14.355365016806335,69.66036731418981,51.447040722640246,19.437463962041477
-53.62593816339,0.0175519530328625,0.11410517228714095,0.5873337718895578,0.47322859960241687,9.31063183954e-12,0.754055618126,125.25074933837685,34.63993059558286,0.2166475907782138,0.21666698533604875,159.89067993395972,160.1159612889541,-0.14069887422893945,1.5865410474072719,0.21664759079082388,0.06701732611293529,0.258877048254447,0.21662900827835233,0.06701557310703699,0.258873662443743,0.12151399784651873,0.597181962568045,0.4756679647215263,0.1999999999999998,0.19998206534289323,127.91541153168694,31.975268402272754,-5.981514406006028e-05,5.8442806150083015e-09,0.6284026740642185,0.6283944552881087,0.4857767299844457,52.99096417030942,18.87114181931219,14.378771451210712,69.54697092120472,51.74406117091701,19.32588933630232
-53.27776127579,0.017600310933918055,0.11436820320666617,0.5863821970848422,0.472013993878176,9.76929485056e-12,0.75344633027,124.34648881364951,34.38984409324604,0.2166475907782051,0.2166671079385528,158.73633290689557,158.95998782022625,-0.140698874224654,1.5865410474078159,0.2166475907907612,0.06692411189597293,0.2586969499162542,0.21662889779397096,0.06692235782555338,0.258693559690908,0.12175240847790006,0.5962283200422039,0.4744759115643039,0.2,0.19998195241947178,126.99193113226734,31.744401774628223,-5.9815109765271046e-05,5.81534820298657e-09,0.6279655002086063,0.6279572707163169,0.4845593436401244,53.315222926933814,18.756369102506735,14.40363240646508,69.426931469811,52.049469601771605,19.21249164786807
-52.92104020529,0.017649855527043058,0.1146386937618721,0.5854036206141472,0.4707649268522751,1.04435917523e-11,0.752807702293,123.42309480834554,34.13446594639704,0.21664759077815043,0.21666723849648753,157.5575607547426,157.779554812115,-0.14069887422154537,1.5865410474076411,0.21664759079076223,0.06682858322315646,0.2585122496578382,0.21662878098726948,0.06682682799370246,0.2585088547684633,0.12199754396381765,0.5952477780985377,0.47325023413472,0.20000000000000037,0.19998183208399517,126.0489110963238,31.5086496584188,-5.981512077868345e-05,5.8158144966569125e-09,0.627517155571368,0.6275089147575338,0.4833076184496176,53.66037911760892,18.635723721002282,14.428963326654241,69.30504828110045,52.374660495790515,19.09320252453708
-52.55389089874,0.01770084848628611,0.11491815885418978,0.5843925489704805,0.4694743901162908,1.136644297e-11,0.752135662208,122.47599376054671,33.87253126947423,0.21664759077816861,0.2166673799138056,156.34852503002097,156.5688155909414,-0.14069887422281102,1.586541047407625,0.21664759079079204,0.06673022601169587,0.2583219425672079,0.21662865440493406,0.06672846935754492,0.25831854241913205,0.1222507772024603,0.5942348451441167,0.4719840679416564,0.2,0.19998170179387428,125.0816809215552,31.26684410846574,-5.981512180008863e-05,5.8295812621622645e-09,0.6270552008115629,0.627046947232666,0.4820145440395228,54.01218032756148,18.514342393427086,14.454307740504563,69.18352770349226,52.7061844543804,18.973105534997426
-52.18823975358,0.017751633367558334,0.1151975683236775,0.5833816861083916,0.4681841177847141,1.17602363673e-11,0.751452056135,121.53612887979986,33.612597860604346,0.2166475907781386,0.21666751991964997,155.14872674040421,155.36732682015025,-0.14069887422281102,1.58654104740666,0.21664759079087828,0.06663224537252016,0.2581322245914294,0.21662852948232367,0.06663048760549439,0.25812881978867525,0.12250391786741098,0.5932222824847493,0.4707183646173383,0.19999999999999973,0.19998157282468124,124.12184034511151,31.02688639529272,-5.981518262920815e-05,5.8693938598253226e-09,0.6265946760794511,0.6265864112017067,0.48072194233493326,54.37280109365358,18.391548345606946,14.4798737335043,69.06137570013107,53.04604968657855,18.851545136885377
-51.82189704441,0.0178025142993875,0.11547859961137814,0.5823649630653671,0.466886363453989,1.20752765308e-11,0.750753291366,120.5979184717549,33.35312202042428,0.21664759077817758,0.21666765990320305,153.95104049217917,154.16795306657028,-0.14069887423194816,1.5865410474078752,0.2166475907907322,0.06653404673316732,0.2579419445014077,0.21662840542087033,0.06653228820461797,0.25793853571077346,0.12275848610486628,0.5922040095342003,0.469445523429334,0.19999999999999993,0.19998144391415312,123.16368912246692,30.787351369712244,-5.9815106034921683e-05,5.8019589133095906e-09,0.6261327868613954,0.626124512303401,0.47942205107473407,54.74073686138076,18.267930929250856,14.507397331917506,68.93035167651438,53.39286646360928,18.72909372044232
-51.44812403026,0.017854427218019445,0.11576646519875801,0.5813235039801303,0.46555703878137233,1.24270270049e-11,0.750026492549,119.64427941877628,33.08937916233236,0.2166475907781674,0.21666780654365717,152.73365858110864,152.94885589949348,-0.1406988742212345,1.5865410474073085,0.2166475907908267,0.06643380794236792,0.2577475663170613,0.21662827602055923,0.06643204861877325,0.257744153413367,0.12301920613073107,0.591161129431205,0.46814192330047394,0.2000000000000001,0.19998130885531526,122.18978163179767,30.543876949310956,-5.9815141750796386e-05,5.845590678177359e-09,0.6256609498575101,0.6256526653154019,0.47809074719309536,55.119620084884836,18.14236016975423,14.537484711986819,68.7876905676437,53.750088620476674,18.604620488365843
-51.06239367244,0.017908000878827775,0.11606474664737179,0.5802443320261433,0.4641795853787716,1.28241740727e-11,0.749262253666,118.66401013603054,32.81827132386803,0.21664759077817233,0.21666796630541968,151.48228145989856,151.69571562401657,-0.140698874216727,1.5865410474071506,0.21664759079082876,0.06633029815301408,0.257546691209602,0.2166281355080923,0.0663285378204918,0.25754327368520386,0.12328932283838583,0.5900806626006003,0.4667913397622145,0.20000000000000007,0.19998116170022615,121.18867883654742,30.293602623351145,-5.9815151698394686e-05,5.846523265518044e-09,0.6251733421088452,0.6251650463503597,0.4767114614235132,55.51280106563559,18.013863123528022,14.569819638549847,68.63502945184923,54.120850038086616,18.47716728943221
-50.66476677691,0.017963226836540277,0.11637352004470004,0.5791271750756151,0.46275365503091503,1.32698046013e-11,0.748459921147,117.65770086151873,32.539961744001296,0.2166475907781896,0.21666813937615828,150.19766260552007,150.40928677873129,-0.14069887421417349,1.586541047406464,0.21664759079092805,0.06622352093874517,0.2573393109082737,0.21662798453094873,0.06622175938865257,0.2573358882640596,0.12356890077526304,0.5889623508535904,0.46539345007832733,0.19999999999999993,0.19998100220511122,120.16098350880299,30.036679096717062,-5.9815194974888186e-05,5.892353271974571e-09,0.6246699435388228,0.6246616353524065,0.47528386417105745,55.918197377629276,17.883266036756428,14.602947863739981,68.47932412900423,54.503305509783445,18.34751104812346
-50.26318808541,0.018019001654804166,0.1166867021487276,0.5779940649876951,0.4613073628389675,1.37542348638e-11,0.747635269236,116.64578493524989,32.260101562400834,0.21664759077815102,0.21666831623487828,148.9058864976507,149.11569059561498,-0.14069887422727412,1.586541047407032,0.21664759079085322,0.06611561166077179,0.25712956201256165,0.21662783091601248,0.06611384922041627,0.25712613484516944,0.12385242680158891,0.5878282467479093,0.4639758199463204,0.20000000000000015,0.1999808391322351,119.12756236412116,29.77832413352955,-5.981515917019564e-05,5.8578253359087284e-09,0.624160795401372,0.6241524762353141,0.47383610695188694,56.3392870933177,17.74960336902467,14.6377979201259,68.31628674317695,54.90088599529245,18.214642293491337
-49.85150723249,0.018076179551043053,0.11700916457537663,0.5768273556269923,0.45981819105161564,1.42857939333e-11,0.746775465138,115.61307618636775,31.974490820942126,0.21664759077814771,0.21666850457320766,147.5875670073099,147.79551363113023,-0.1406988742157056,1.586541047408333,0.21664759079066065,0.06600489744655216,0.2569141830389131,0.216627667862676,0.06600313392525878,0.2569107508946614,0.12414431475558284,0.5866606949309746,0.46251638017539176,0.20000000000000026,0.19998066544787746,118.07290714535486,29.514659861955035,-5.981507716912304e-05,5.7689408805572384e-09,0.623637980714282,0.6236296494673084,0.4723456515668033,56.77448168998966,17.61354697098569,14.675668508556763,68.13999644492803,55.312086546023174,18.07923118517571
-49.4254541816,0.01813535358588889,0.11734437808251018,0.5756144701275857,0.4582700920450755,1.48725589251e-11,0.74587091163,114.54937132381329,31.68030764993266,0.21664759077820678,0.2166687099947651,146.22967897374596,146.435712372522,-0.14069887422810679,1.5865410474092374,0.21664759079055254,0.06589020635237654,0.25669087703379045,0.21662748944978263,0.06588844123809912,0.25668743880077016,0.1244477081052852,0.5854471215316143,0.46099941342632905,0.19999999999999993,0.19998047598412286,116.98659816957074,29.2430808041752,-5.981502017027296e-05,5.719025253370091e-09,0.6230959238123671,0.62308757778541,0.4707964466560075,57.22572549230027,17.474658318391267,14.71591450175372,67.95364296801455,55.73882096257978,17.94081723887467
-48.98742884885,0.018196190437659722,0.11769060120456051,0.5743617132252449,0.45667111202068433,1.54783047942e-11,0.744926027904,113.46123157477155,31.37936665289176,0.21664759077816742,0.21666893142309912,144.84059822766332,145.04467445171986,-0.14069887421097604,1.586541047409038,0.2166475907905407,0.06577217016972572,0.25646085504366106,0.2166272974018276,0.06577040282642475,0.2564574093810213,0.12476102873073817,0.5841938390297492,0.459432810299011,0.19999999999999993,0.199980271672539,115.87533604488212,28.965262182781178,-5.98150327379976e-05,5.713562956088936e-09,0.6225375644110006,0.6225292003492553,0.4691965505082451,57.69597865163774,17.332230484171088,14.758398215296104,67.7580307437135,56.18381877193589,17.798718952502124
-48.53756312047,0.01825867178882361,0.11804786695658877,0.5730689555873252,0.4550210886307364,1.60403781627e-11,0.743940598349,112.34953667682106,31.071911134164974,0.21664759077815468,0.21666917049600512,143.42144781098602,143.62352449306604,-0.1406988742222115,1.5865410474081254,0.21664759079064685,0.06565080471969298,0.2562241298544947,0.21662708956169158,0.06564903452020707,0.2562206754346867,0.1250843059692661,0.5829007300761663,0.45781642410690015,0.20000000000000026,0.19998005104332608,114.74001935703734,28.68142845394872,-5.9815090258652504e-05,5.76256820039589e-09,0.6219629335470691,0.6219545482280204,0.4675458133196364,58.16009707496229,17.193919031997222,14.796969505447432,67.5814057487822,56.623100267043846,17.660636653306437
-48.11714338253,0.018317063419093053,0.11838329988980711,0.5718552792487522,0.4534719793589451,1.65800292077e-11,0.743006736072,111.31606638981744,30.786089778172922,0.21664759077813156,0.216669375700785,142.10215616799036,142.30237400620797,-0.1406988742217785,1.5865410474104198,0.21664759079037157,0.06553731633641985,0.25600257095666024,0.2166269117033132,0.0655355446440554,0.2559991106313758,0.12538777178455746,0.5816868668136268,0.45629909502906935,0.19999999999999987,0.19997986165209847,113.68458663705076,28.417569530939602,-5.9814945641001316e-05,5.635492072997295e-09,0.6214251176039381,0.6214167179498329,0.46599623837996085,58.59210328987925,17.067146319233302,14.824399755730326,67.45635684935257,57.03207585242199,17.53399267085476
-47.76847844024,0.01836548910552222,0.11866262775533844,0.5708447912675185,0.4521821635121801,1.70934542445e-11,0.742223335868,110.46304585798039,30.550174446920835,0.21664759077811796,0.21666949839373673,141.01322030490124,141.21190386390595,-0.14069887422253347,1.5865410474090778,0.21664759079052348,0.0654432171682276,0.25581871934678196,0.21662680407308893,0.06544144667634852,0.25581525888099116,0.12564041508686677,0.5806762936051515,0.45503587851828475,0.19999999999999996,0.19997974858817244,112.81343196071852,28.19978834418272,-5.981503022889356e-05,5.7056137592326195e-09,0.6209788329910012,0.6209704329958282,0.46470617633798467,59.00333141838918,16.948195567281758,14.850358976857471,67.33843953256495,57.42146122634083,17.41509147700463
-47.43554034768,0.018411730507266667,0.11893032542384425,0.5698764192825522,0.45094609385870793,1.76038069192e-11,0.741467829159,109.65198777174098,30.325864445077386,0.21664759077817689,0.2166696051517776,139.97785221681835,140.17507697204024,-0.14069887420944394,1.5865410474101604,0.2166475907904076,0.06535330515456522,0.25564292510172315,0.2166267102291637,0.06535153653888624,0.2556394659259134,0.12588250720112776,0.5797079251475235,0.4538254179463957,0.20000000000000007,0.19997965027971498,111.98513028359339,27.99272193322496,-5.981496199458647e-05,5.6521232139061794e-09,0.6205521069663307,0.6205437101024802,0.4634699913896634,59.38550441407172,16.839126144780955,14.883847458430756,67.18692883630457,57.783397440726624,17.306009066458675
-47.09788691649,0.01845862681715417,0.11920278404627216,0.5688908183633845,0.44968803431711235,1.81216377715e-11,0.74069441368,108.83296514775843,30.09935173357188,0.2166475907781872,0.21666971575787233,138.93231688133028,139.12806850743087,-0.14069887421036542,1.5865410474104233,0.21664759079037624,0.06526202746665138,0.2554643369761255,0.21662661328285396,0.06526026083039549,0.25546087925628747,0.12612888312422815,0.5787224214549647,0.4525935383307365,0.20000000000000018,0.19997954840665325,111.14869489231181,27.78362198901848,-5.981494541895671e-05,5.637645905665067e-09,0.6201185990271819,0.6201102056975828,0.46221193220592216,59.762245913435876,16.732972208716436,14.918994303972886,67.02864681258728,58.140313747156476,17.19976958412798
-46.7617201976,0.01850531663922222,0.11947501474439906,0.5679060441638213,0.44843102941942226,1.86499269519e-11,0.739917494687,108.02111567529406,29.874822862253517,0.21664759077816442,0.21666982566432821,137.89593853754755,138.09022993647875,-0.14069887422198946,1.5865410474100596,0.2166475907904084,0.06517106571458023,0.25528624270528216,0.2166265168982899,0.06516930125218867,0.25528278683097433,0.12637503039906253,0.5777378323557948,0.4513628019567323,0.20000000000000023,0.19997944714722654,110.31958498496088,27.576353552586696,-5.981496834506217e-05,5.652500689734552e-09,0.6196862898797002,0.6196779010299732,0.46095504055969433,60.14606670249323,16.626191118139186,14.954815736320848,66.86809236781797,58.5040391050073,17.09283692712442
-46.42331955141,0.018552316728970834,0.11975003777326616,0.5669111705158865,0.4471611327426203,1.92000205555e-11,0.739128716516,107.20750952015031,29.64980815459484,0.21664759077816007,0.21666993646492794,136.85731767474516,137.05014568684402,-0.14069887422043514,1.5865410474103665,0.2166475907904065,0.06507940420321166,0.25510665260477167,0.21662641987158823,0.06507764199023412,0.25510319870639436,0.12662368043859465,0.5767432321976522,0.4501195517590576,0.1999999999999999,0.1999793450317503,109.48868092334743,27.36863675139772,-5.981494900497708e-05,5.651612511314852e-09,0.619250349729126,0.6192419656758074,0.4596853691494439,60.538219903236,16.518490328892973,14.993042467925,66.69760338098993,58.87572539924967,16.98492873283128
-46.07561779096,0.018600608640144446,0.12003364778981046,0.5658852120247186,0.4458515642349082,1.98096565517e-11,0.738311531622,106.37538915727332,29.419673071415247,0.2166475907781567,0.21667005684050325,135.79506222868858,135.9863935534908,-0.14069887420535832,1.5865410474099608,0.21664759079043322,0.0649851094987535,0.25492177133142924,0.2166263150259749,0.0649833494401465,0.2549183191536977,0.12688007620348962,0.5757176491382046,0.44883757293471493,0.1999999999999999,0.19997923400589962,108.63886970241194,27.156192526276612,-5.981497457341334e-05,5.663958191348684e-09,0.6188015656930898,0.6187931858164968,0.45837614606236243,60.94309861375514,16.40874886158636,15.034109906323561,66.51541103736282,59.25951548177118,16.87492703695173
-45.71494091663,0.018650702650468056,0.1203289462010752,0.5648169482954449,0.4444880020943697,2.05180278129e-11,0.737456955029,105.51638833416695,29.182103802961123,0.2166475907781704,0.2166701893449831,134.69849213712806,134.8882784263203,-0.14069887421384042,1.5865410474100112,0.21664759079044885,0.06488716497402283,0.2547295918695408,0.21662620098462265,0.06488540705064832,0.25472614127852744,0.12714701993052638,0.5746498742301356,0.44750285429960923,0.20000000000000004,0.19997911163184984,107.7616073413955,26.936884795732585,-5.981497139817549e-05,5.671174641008747e-09,0.6183350659065493,0.6183266898815838,0.4570130623525092,61.36024801613595,16.2971961869683,15.076384762665551,66.32889885354696,59.65502419565915,16.763047429503278
-45.34806425682,0.018701657742108333,0.12063047240536007,0.5637261321930381,0.44309565978767806,2.13184212673e-11,0.736580834175,104.6470337591332,28.94167105264858,0.21664759077816947,0.21667033036963912,133.58870481178178,133.77692744262748,-0.14069887419595473,1.586541047411153,0.21664759079029805,0.06478740704419905,0.2545337051240936,0.21662607958262345,0.06478565100743326,0.25453025558356174,0.12741957485120683,0.573559654546662,0.4461400796954552,0.20000000000000018,0.19997898130791414,106.87377170927802,26.714933102503768,-5.981489943351903e-05,5.60156365736475e-09,0.6178595669950669,0.6178511935200586,0.4556213264358402,61.79189336968698,16.183352628753827,15.11977840012474,66.13853546899536,60.06435401006878,16.648809705542938
-44.97490230169,0.01875348579143194,0.12093836159271322,0.5626122928688596,0.4416739312761464,2.22082150244e-11,0.735682947838,103.76740662266693,28.698397274898987,0.2166475907781535,0.2166704768104875,132.4658038975659,132.6524443934532,-0.1406988742202797,1.5865410474104131,0.21664759079035614,0.06468580119070595,0.25433403466839816,0.21662595471320475,0.06468404726428102,0.2543305865685074,0.12769785884018617,0.5724465185910389,0.44474865975085276,0.20000000000000004,0.1999788459312678,105.97544530877305,26.490358588792866,-5.9814946062886065e-05,5.628386645639694e-09,0.61737488343916,0.6173665134611891,0.4542003364157958,62.23703645772695,16.06760310123742,15.165396904663478,65.93958643393582,60.48653498858877,16.532605152347664
-44.59175646507,0.0188067004909625,0.12125574377894252,0.5614640920605527,0.44020834828161015,2.31885147654e-11,0.734754292881,102.86915474521264,28.449972552035703,0.21664759077813217,0.21667063318231003,131.31912729724831,131.50415215887526,-0.14069887420998795,1.5865410474097699,0.2166475907904548,0.0645813208971889,0.25412855191258793,0.21662582187457496,0.06457956907148524,0.2541251051578439,0.12798470316817367,0.5712991412795732,0.4433144381113995,0.19999999999999996,0.19997870130518788,105.05809876381396,26.261028533434366,-5.9814986608230925e-05,5.6739279941098175e-09,0.6168760910043115,0.6168677242915733,0.4527356350910084,62.6948321734835,15.950277962829377,15.212898163547193,65.73369447750447,60.92081013779644,16.414752163310133
-44.20022361869,0.01886108005295972,0.1215813851059568,0.5602859850960529,0.4387045999900961,2.42455829605e-11,0.733798623601,101.95644350350888,28.197548880057088,0.2166475907781487,0.21667080015728862,130.15399238356596,130.33737560368917,-0.14069887419001503,1.5865410474101962,0.2166475907904339,0.06447438932625549,0.25391807601322025,0.21662567975710242,0.06447263937276032,0.2539146300880678,0.1282789936079693,0.5701219795202941,0.4418429859123248,0.2000000000000002,0.1999785467835083,104.12598612862864,26.02800625493733,-5.981495974083373e-05,5.664269053795579e-09,0.6163651781254738,0.6163568134265005,0.45123291199294696,63.16660895140408,15.831149029534405,15.262020819327057,65.5221226492923,61.36841738850576,16.29502670191555
-43.80166911816,0.0189164348447,0.12191423026582816,0.559081804495633,0.4371675742298049,2.53854964506e-11,0.733129507819,101.0328338610051,27.94211109559606,0.21664759077818033,0.2166709743381831,128.97494495660118,129.1566669329469,-0.14069887421304106,1.5865410474109833,0.21664759079031543,0.0643653653164368,0.25370330174524097,0.2166255319890552,0.06436361728503683,0.2536998566910057,0.12857977296486137,0.568918862092128,0.4403390891272667,0.2,0.19997838559045725,103.18274368256198,25.792201274039183,-5.981491012496676e-05,5.6095794676025434e-09,0.6158438313115001,0.6158354687266064,0.4496970548054499,63.65405714833232,15.70991771458827,15.313979777126121,65.2998119726957,61.83091054595312,16.17314044335145
-43.3926187939,0.01897324738973611,0.12225727023673416,0.5578407162249012,0.435583445988167,2.64098001591e-11,0.732600452743,100.09071228195903,27.68155356375335,0.2166475907782632,0.216671161591988,127.7722658457124,127.95229328189704,-0.1406988742187143,1.5865410474102664,0.21664759079037665,0.06425327039615289,0.25348228813105045,0.21662537439296378,0.06425152418450118,0.25347884366254547,0.1288897455784969,0.567678971637894,0.4387892260593972,0.19999999999999962,0.19997821218189288,102.22059655545728,25.551669290255095,-5.981495531104386e-05,5.6378457458095e-09,0.6153073389994221,0.6152989778363406,0.44811425447229297,64.15868927052955,15.58635332750379,15.369640736014192,65.06332953227701,62.30995869408597,16.04879895538934
-42.96992235357,0.019031955228670835,0.12261327258553789,0.556552697413027,0.43393942482748915,2.70966280248e-11,0.732030705928,99.12342441387058,27.414035925772865,0.21664759077817694,0.21667136599924705,126.53746033964345,126.71574797049,-0.14069887421417349,1.586541047413375,0.21664759078993717,0.06413720836288841,0.2532532494616573,0.2166252035180811,0.06413546395063421,0.253249805430595,0.12921141528292057,0.5663922928179983,0.4371808775350777,0.19999999999999998,0.19997802275195875,101.23274921686715,25.304711122776297,-5.9814759378884474e-05,5.434985794749991e-09,0.6147513665280067,0.614743006426781,0.4464717257657895,64.6795082215231,15.46084729919506,15.427568897580937,64.81902668130695,62.804934337491204,15.922315826752696
-42.53788575094,0.019091960312369444,0.1229787308169431,0.555230446652212,0.4322517158352689,2.78589797221e-11,0.73142485399,98.14142611178163,27.142449901663536,0.21664759077816745,0.21667158078700485,125.28387601344517,125.46039738011628,-0.1406988741923798,1.5865410474158095,0.2166475907896428,0.06401834737446191,0.25301847239769254,0.2166250236623827,0.06401660471416681,0.2530150286330178,0.12954161366897082,0.565071499272329,0.4355298856033582,0.1999999999999998,0.19997782382054796,100.22987912847303,25.053996884972108,-5.981460593496024e-05,5.299116700996365e-09,0.6141814645772575,0.6141731051226657,0.44478564740587523,65.21905657538545,15.332941819606349,15.488110392709716,64.56565550247511,63.31805707030418,15.793283089682713
-42.09498331172,0.01915347454003889,0.12335503634740444,0.5538689208497658,0.4305138845023614,2.87060079189e-11,0.730779765426,97.141813487733,26.865992378636594,0.21664759077817486,0.21667181064948407,124.00780586636958,124.18252928704288,-0.1406988742107429,1.5865410474168076,0.21664759078950369,0.06389623632383354,0.2527770486492663,0.216624832221394,0.06389449527991238,0.25277360479273225,0.12988159965045398,0.5637115553457052,0.4338299556952512,0.19999999999999962,0.19997761092434976,99.20902111324243,24.798784753127155,-5.9814543018621436e-05,5.234901401252046e-09,0.6135954283484122,0.6135870686708395,0.4430495910531073,65.77258302660528,15.203903419689265,15.55104327675284,64.30436737931879,63.84472510813466,15.663001106297923
-41.64498331172,0.01921597454003889,0.12373908165482939,0.5524793746645804,0.42874029300975103,2.96334464585e-11,0.730100216682,96.13362198002648,26.587162239602495,0.21664759077826956,0.21667205137705647,122.72078421962897,122.89369426392966,-0.14069887420696814,1.5865410474190287,0.2166475907892212,0.06377189772340751,0.25253098368993754,0.21662463320496034,0.06377015829677346,0.2525275396798802,0.1302285655681548,0.5623236916734862,0.4320951261053314,0.1999999999999999,0.19997738782809724,98.17940235917199,24.541381860456976,-5.981440301949803e-05,5.104516809240067e-09,0.6129981259630585,0.6129897659128206,0.4412778933400506,66.33679098239747,15.074591115891495,15.614537691565275,64.04288232883027,64.38187115966348,15.532322717369542
-41.19498331172,0.01927847454003889,0.12412484398247577,0.5510836247944783,0.4269587808120025,3.06236154495e-11,0.729397140199,95.1330266739668,26.310432941447544,0.21664759077818682,0.21667229071603808,121.44345961541434,121.61456994620067,-0.140698874207279,1.5865410474208,0.21664759078899454,0.06364729498034691,0.25228415523046016,0.21662443520698754,0.06364555763572885,0.2522807119772117,0.13057706703598562,0.5609296858010315,0.43035261876504594,0.19999999999999998,0.1999771662793771,97.15754069835982,24.28591891705453,-5.9814291386572904e-05,4.9998893913993925e-09,0.6123989702440923,0.6123906120309456,0.43949835471118087,66.90970800398415,14.945514333143628,15.678823703634478,63.780294931704084,64.92740173275895,15.401817619562198
-40.74498331172,0.01934097454003889,0.12451231486687488,0.5496817007377913,0.42516938587091646,3.16702721035e-11,0.72867125133,94.14012452297645,26.035831298096593,0.21664759077814771,0.21667253071944848,120.17595582107306,120.34528027557774,-0.14069887420341542,1.586541047420805,0.21664759078897228,0.06352241989726803,0.25203654476537335,0.21662423798843478,0.0635206851774972,0.2520331033366395,0.130927097463328,0.5595295640915523,0.4286024666282243,0.19999999999999968,0.19997694406615169,96.14353542574602,24.03242039532704,-5.981429106460823e-05,4.9896087261913635e-09,0.6117979162710344,0.6117895624867463,0.4377110088206536,67.48713906559883,14.817638054385153,15.744257628783828,63.51522082386335,65.47722719619381,15.272485455189374
-40.29498331172,0.01940347454003889,0.12490148642059978,0.5482736383830698,0.42337215196246997,3.27667228924e-11,0.727923259039,93.15501186237846,25.763383952494948,0.2166475907781516,0.21667277030152932,118.9183958148734,119.08594840360549,-0.14069887419816407,1.5865410474197312,0.21664759078912643,0.0633972675128662,0.2517881401354444,0.21662404314582975,0.063395535738613,0.25178470116075957,0.13127864942013448,0.5581233562650948,0.42684470684496034,0.1999999999999999,0.1999767222884626,95.137484800013,23.780911014860415,-5.981435874380381e-05,5.060774022069836e-09,0.6111949345283507,0.6111865867010642,0.4359158936080661,68.0689208868434,14.690992408449999,15.810594087522375,63.248730216228495,66.03131407031253,15.144329839251174
-39.84498331172,0.01946597454003889,0.1252923469443095,0.5468594769906452,0.4215671300463357,3.39064512881e-11,0.727153863586,92.17778439543521,25.49311737277817,0.21664759077817028,0.21667300859363905,117.67090176821338,117.83669667382776,-0.1406988741998627,1.5865410474192208,0.21664759078919257,0.06327183366405828,0.25153893071263994,0.21662385002011422,0.06327010555447901,0.2515354956153883,0.13163171513844965,0.5567110933921641,0.42507937825371445,0.20000000000000004,0.199976501791035,94.13948647000956,23.531415298203825,-5.981439091806706e-05,5.091305155247028e-09,0.6105899992173671,0.6105816608022296,0.43411304873726314,68.6549114501372,14.56560031726618,15.877767844334016,62.981145070517584,66.58948930406618,15.017385032549523
-39.39498331172,0.019528474540038886,0.12568488437939954,0.5454392599772766,0.4197543755978771,3.50830718726e-11,0.726363758799,91.20853717955325,25.225057848451726,0.21664759077811277,0.21667324707389918,116.43359502800496,116.59764660411972,-0.14069887419920768,1.5865410474202206,0.2166475907890574,0.06314611453733604,0.251288906514665,0.21662365857125043,0.06314439047390338,0.2512854760504542,0.1319862845441127,0.5552928157688304,0.4233065312247177,0.20000000000000012,0.1999762809464302,93.14963771708176,23.2839573109232,-5.9814327890705954e-05,5.028910621263094e-09,0.6099830861068862,0.6099747589380732,0.4323025256489302,69.24491858003717,14.4414928994991,15.945813621797797,62.71238481258857,67.15156743669931,14.891685156011496
-38.94498331172,0.01959097454003889,0.12607908624660982,0.5440130399638811,0.41793395371727127,3.62911427243e-11,0.725553632189,90.24736461253828,24.95923148663913,0.2166475907781581,0.21667348249326343,115.2065960991774,115.36891886918131,-0.14069887418115545,1.5865410474206652,0.2166475907890257,0.06302010553188192,0.2510380559434803,0.21662347042384733,0.0630183862615871,0.25103463159808664,0.1323423471259219,0.5538685654414435,0.42152621831552156,0.19999999999999976,0.19997606296099976,92.16803458412585,23.03856151505157,-5.981429987977904e-05,5.0142778817985345e-09,0.6093741670436247,0.6093658547277354,0.43048437801755735,69.83870581225732,14.318707489915873,16.014762753085762,62.44238615444476,67.71742649173967,14.767247543318591
-38.49498331172,0.019653474540038886,0.12647493632799314,0.5425808724458662,0.41610593611787305,3.75263771611e-11,0.724724149491,89.29436041902198,24.695664208253444,0.21664759077825732,0.21667371501352475,113.99002462727542,114.15063328319167,-0.1406988741952886,1.5865410474206687,0.21664759078914214,0.06289380245337009,0.2507863681569835,0.21662328489646204,0.06289208860255036,0.25078295118000016,0.13269989078250172,0.5524383908157054,0.41973850003320373,0.2,0.19997584782343045,91.1947728090223,22.79525181825312,-5.981429965773444e-05,5.068012676190392e-09,0.6087632157092738,0.6087549212795924,0.4286586676361021,70.4361401243465,14.197257235200862,16.08453708740452,62.17151258789288,68.2868167409703,14.644115038972469
-38.04498331172,0.019715974540038893,0.12687241792191487,0.5411428164078361,0.4142703984859213,3.87863237222e-11,0.723875976441,88.34961763716673,24.434381744323748,0.21664759077814538,0.21667394631589368,112.78399938149046,112.94290878262892,-0.14069887419341232,1.5865410474220705,0.2166475907888029,0.06276720204592667,0.2505338341340879,0.21662310168459173,0.06276549414536467,0.2505304255881203,0.1330589016637418,0.5510023472890478,0.41794344562530605,0.19999999999999973,0.19997563374566402,90.22994762880633,22.554051752684135,-5.981421129508391e-05,4.9114490252577525e-09,0.6081502102058898,0.6081419362418035,0.42682546522373616,71.03702366075001,14.077166362933202,16.155409447589513,61.898771630898295,68.85949744115807,14.522324982904815
-37.59498331172,0.01977847454003889,0.12727151210802137,0.5396989383917706,0.4124274262837493,4.0068363397e-11,0.723009772153,87.41322860511379,24.175409632371792,0.21664759077820372,0.21667417723441296,111.58863823748558,111.7458634092564,-0.14069887419009275,1.586541047421896,0.21664759078888327,0.06264029595305304,0.25028043461895505,0.2166229203832518,0.06263859427049473,0.2502770350441581,0.1334193644821063,0.54956049601599,0.41614113153388366,0.19999999999999948,0.1999754200626879,89.27365343172109,22.314984805764496,-5.981422229739408e-05,4.948530474280233e-09,0.6075351037915137,0.6075268516042039,0.42498484884704024,71.64105175290771,13.958477374802259,16.22767956533,61.62310489150113,69.43527837595755,14.401900926867414
-37.14498331172,0.019840974540038886,0.12767219601055801,0.5382493102190916,0.4105771142085336,4.13716208347e-11,0.722126186008,86.48528494805863,23.91877321265079,0.21664759077817125,0.21667440914608127,110.40405816070943,110.55961429327718,-0.14069887414325244,1.58654104742369,0.2166475907887369,0.06251307636772863,0.2500261513676692,0.21662273863249082,0.06251138095905637,0.25002276088199726,0.13378126278215538,0.548112902815063,0.41433164003290757,0.20000000000000015,0.19997520566520627,88.32598392374817,22.07807423696126,-5.9814109210076793e-05,4.880984505462038e-09,0.6069178521805454,0.6069096220563366,0.42313690252844927,72.24801519206896,13.841210687124526,16.301427627386275,61.34432043976367,70.0139135080366,14.2828753585559
-36.69498331172,0.01990347454003889,0.12807444848227528,0.536794009963864,0.40871956148158867,4.26959926352e-11,0.721225857031,85.56587756488594,23.66449762459757,0.21664759077817342,0.21667464281910162,109.2303751894835,109.38427763665985,-0.14069887419063676,1.5865410474244488,0.21664759078849702,0.062385533866111134,0.2497709628161591,0.21662255678117262,0.062383844699849804,0.24976758136285382,0.1341445781422243,0.5466596413735854,0.41251506323136106,0.2000000000000001,0.19997498941702463,87.3870320669489,21.84334312253459,-5.981406139277112e-05,4.770250860985925e-09,0.6062984030279812,0.6062901948290973,0.42128172033442135,72.85770439930918,13.725384408481057,16.376801907339342,61.06198302074139,70.59561988291716,14.165184775748127
-36.24498331172,0.01996597454003889,0.1284782452320386,0.5353331215221735,0.4068548762901349,4.40428192328e-11,0.720309427001,84.65509661572013,23.412607803312056,0.2166475907781824,0.2166748777466001,108.06770441903217,108.21996869663745,-0.1406988741903037,1.5865410474248893,0.21664759078844512,0.06225765852337176,0.2495148462985154,0.21662237397665227,0.06225597583265311,0.24951147435068616,0.13450929578529133,0.5452007708010601,0.41069147501576875,0.20000000000000023,0.1999747719049684,86.45688987754266,21.610814541489503,-5.981403362609328e-05,4.746292248114514e-09,0.6056767013141965,0.6056685161890712,0.41941937772169735,73.46977062022025,13.611040180990866,16.453327621292132,60.777978960675846,71.18032672681356,14.04882565147458
-35.79498331172,0.02002847454003889,0.12888356424048836,0.5338667423807509,0.4049831781402626,4.54128745805e-11,0.719377516618,83.75303150872661,23.163128475930154,0.21664759077817825,0.21667511023587507,106.91615998465677,107.06680176938029,-0.14069887419259075,1.5865410474259587,0.21664759078831572,0.062129448502347244,0.24925779526896896,0.21662219409026734,0.06212777269992856,0.249254433661527,0.13487539600433357,0.5437363699242448,0.4088609739199112,0.20000000000000004,0.19997455667149186,85.53564829070673,21.380511693950037,-5.981396622445345e-05,4.686562249389681e-09,0.6050527311498768,0.6050445711251884,0.4175499753180707,74.08359658444479,13.498264745558645,16.530875661747032,60.492863201072375,71.76709456939794,13.933962437799565
-35.34498331172,0.02009097454003889,0.1292903735055378,0.5323949821132171,0.4031046086076793,4.68078322375e-11,0.718430747096,82.85977088769846,22.916084158201627,0.21664759077823084,0.21667534166509236,105.77585504590007,105.92489017384537,-0.14069887417461624,1.5865410474253654,0.21664759078841658,0.06200089604937286,0.24899979126371344,0.21662201579199306,0.06199922781648984,0.2489964413731446,0.1352428538805679,0.5422665384198134,0.40702368453924553,0.19999999999999998,0.19997434257589972,84.62339797269254,21.152457073207536,-5.981400361676492e-05,4.73312500304246e-09,0.6044264477156555,0.6044183161327099,0.415673640366867,74.69904032133569,13.387052841619681,16.610006014517346,60.204674166041116,72.3555809314213,13.820633973594948
-34.89498331172,0.020153474540038886,0.1296986437053077,0.5309179397468458,0.40121929604153805,4.8230094487e-11,0.717469737267,81.97540261947697,22.67149915096448,0.2166475907781559,0.21667557500303003,104.64690177044146,104.79434623580472,-0.14069887418496352,1.586541047424753,0.21664759078845464,0.061871990790739816,0.24874081046490906,0.21662183756641426,0.06187033059879804,0.2487374732500072,0.13561164583129293,0.5407913706170998,0.4051797247858069,0.1999999999999999,0.19997412627581235,83.72022902142668,20.92667274901479,-5.981404221921949e-05,4.75068873129203e-09,0.603797793195692,0.6037896923818822,0.41379049328595574,75.31610247937242,13.277373192191936,16.690230691768434,59.915289277169585,72.94577290549047,13.70881354969826
-34.44498331172,0.02021597454003889,0.13010834539981908,0.5294357287725784,0.3993273833727593,4.96826387581e-11,0.716495075512,81.10001378166487,22.429397536835285,0.2166475907781702,0.2166758074214608,103.52941131850015,103.67528127205273,-0.1406988741798676,1.5865410474237671,0.216647590788619,0.06174273271010083,0.24848084978545293,0.21662166093927873,0.06174108108570508,0.24847752631919265,0.13598174649952685,0.5393109679449848,0.4033292214454579,0.19999999999999993,0.19997391096239509,82.82623003750523,20.703181280994926,-5.9814104358402176e-05,4.826561372794913e-09,0.6031667600962988,0.6031586926561819,0.4119006635556179,75.93438261324697,13.169264904585491,16.770810989685344,59.627408633669305,73.53728453706047,13.598544007917937
-33.99498331172,0.020278474540038886,0.1305194464501159,0.5279484667716822,0.39742902032156624,5.10420330471e-11,0.715507349715,80.23369065036289,22.18980317671901,0.21664759077815976,0.21667603859447826,102.42349382708188,102.56780557479502,-0.14069887417830218,1.5865410474246102,0.21664759078849874,0.06161312298206379,0.2482199085127214,0.21662148620810873,0.061611480294181856,0.24821659955406258,0.13635312811597886,0.5378254414785794,0.4014723133626005,0.19999999999999998,0.19997369674235035,81.94148913321303,20.48200469386887,-5.981405122312822e-05,4.771050221563655e-09,0.6025333466876406,0.6025253144635292,0.4100042929709386,76.55358394563632,13.062745706460182,16.85207960499467,59.339857361201695,74.129763650065,13.489858199475362
-33.54498331172,0.02034097454003889,0.13093190771673796,0.5264562732293414,0.39552436551260345,5.1875190463e-11,0.714507138975,79.37651868812462,21.9527397065423,0.21664759077816065,0.21667627266291273,101.32925839466694,101.47202839622082,-0.1406988741728954,1.5865410474267823,0.21664759078818724,0.061483156532183725,0.24795797331843097,0.21662130859910392,0.06148152266460094,0.24795467865035525,0.1367257615681464,0.5363349076683531,0.3996091461002067,0.1999999999999999,0.19997347966814716,81.06609400129257,20.263164393374357,-5.981391431042482e-05,4.627254135414205e-09,0.6018975206164091,0.601889523081509,0.4081015301883544,77.17343411807936,12.957826892476342,16.934676226606257,59.05043513196249,74.72296405408578,13.382766765999575
-33.09498331172,0.020403474540038886,0.13134570094898695,0.5249592837203244,0.39361358277133746,5.26997675666e-11,0.713495012148,78.52858253201306,21.718230533926267,0.21664759077817933,0.21667650259556615,100.24681306593932,100.38805793325928,-0.14069887417670346,1.5865410474266128,0.21664759078820314,0.061352824806773655,0.24769502378282382,0.2166211353539649,0.06135120035330291,0.24769174462081475,0.13709961648061178,0.5348394880185645,0.39773987153795276,0.20000000000000015,0.19997326638715957,80.20013041224045,20.046682653698873,-5.981392499077032e-05,4.6346038118372235e-09,0.601259232315327,0.6012512724201243,0.4061925303152466,77.79359710326204,12.854528357553837,17.018412751108617,58.75988640214745,75.31653166933985,13.277297531307909
-32.64498331172,0.020465974540038886,0.13176078315633208,0.5234576307122114,0.3916968475558793,5.35189174549e-11,0.712471531044,77.68996598186614,21.486298834936907,0.21664759077815735,0.21667673388534925,99.17626481680304,99.31600131252158,-0.14069887417116345,1.586541047429922,0.21664759078778648,0.06122212578329257,0.2474310525849425,0.2166209614947126,0.06122051088093687,0.24742778922533515,0.13747466013130177,0.5333393134137268,0.395864653282425,0.1999999999999999,0.19997305174569394,79.34368448064784,19.832580336155196,-5.981371641317068e-05,4.442268775051161e-09,0.6006184640133742,0.6006105424771977,0.40427746043512397,78.41365360017646,12.752881087506802,17.10289719345277,58.4696258586419,75.91009676758146,13.173478135086041
-32.19498331172,0.02052847454003889,0.13217711480376243,0.5219514589663876,0.3897743441626252,5.43358038215e-11,0.711437245947,76.86075198859216,21.256967550872748,0.2166475907781649,0.21667696494023292,98.11771953946491,98.25596457542967,-0.14069887417228477,1.586541047427743,0.21664759078807969,0.06109105706511993,0.2471660516032085,0.2166207874137336,0.06108945185288146,0.2471628043474209,0.13785085846905734,0.5318345200641692,0.3939836615951119,0.19999999999999954,0.19997283744731856,78.4968407592979,19.62087878016701,-5.981385375886106e-05,4.577604961752968e-09,0.599975195996089,0.5999673135506062,0.40235649442782556,79.03319545667071,12.652911149824906,17.18867775814154,58.177831597683124,76.50322009328694,13.071345216327028
-31.74498331172,0.02059097454003889,0.13259465761118627,0.5204409250235326,0.3878462674123463,5.51530665298e-11,0.710392687741,76.04102264278674,21.030259385080157,0.21664759077811357,0.21667719327669796,97.0712820278669,97.20805266353486,-0.14069887413686866,1.5865410474297559,0.21664759078778756,0.060959608380197275,0.24689999671971904,0.21662061703835397,0.06095801334124851,0.24689676656701787,0.13822817451409813,0.530325255882543,0.39209708136844484,0.19999999999999973,0.19997262560728857,77.65968288968875,19.411599138178147,-5.98137268825738e-05,4.442779477642489e-09,0.5993293697192523,0.5993215287901007,0.400429821115066,79.65175646509064,12.554650950331206,17.276527640532876,57.88200156922019,77.09539846052131,12.970942753633679
-31.29498331172,0.02065347454003889,0.13301336436080233,0.5189261875887887,0.38591282322798637,5.57949124208e-11,0.709338389971,75.23085916319626,20.80619679981848,0.21664759077820178,0.2166774221843917,96.03705596301475,96.1723694040239,-0.14069887416487958,1.5865410474305486,0.21664759078769585,0.060827765735424075,0.24663285615550917,0.21662044776355868,0.060826181438902324,0.2466296442824794,0.1386065694396282,0.5288116761799684,0.39020510674034015,0.19999999999999993,0.19997241337588584,76.8322941085757,19.204761854439067,-5.9813676922537695e-05,4.4004355714832855e-09,0.5986809080420491,0.5986731114852915,0.39849763876052735,80.26897092706157,12.458114118700678,17.365804477639898,57.58443274468475,77.68638362568218,12.872268643863247
-30.84498331172,0.02071597454003889,0.13343319152738115,0.5174074141443579,0.3839742226169767,5.62425995506e-11,0.708274869395,74.43034188585897,20.58480201316561,0.2166475907781784,0.21667764788940413,95.01514389902458,95.14901749541721,-0.1406988741624038,1.5865410474298403,0.21664759078778392,0.06069552887906426,0.24636462586796884,0.21662028177827378,0.060693955804957754,0.24636143327428048,0.13898600410089476,0.5272939375353416,0.3883079334344468,0.20000000000000007,0.1999722040881016,76.01475615178849,19.000387747236083,-5.9813721564605515e-05,4.441091938645059e-09,0.5980298011513768,0.5980220513936297,0.396560147247324,80.88442547533553,12.363319565210174,17.455806856260494,57.287526622772624,78.27583416083193,12.77533495133783
-30.39498331172,0.020778474540038887,0.1338540864587891,0.5158847758933903,0.3820306894346012,5.66902480955e-11,0.707202629976,73.63955025274198,20.366096995978157,0.2166475907781746,0.21667787381357256,94.00564724872015,94.13809849345817,-0.14069887416222615,1.5865410474277457,0.2166475907880866,0.060562894665511895,0.2460952959028512,0.21662011492811956,0.06056133280416757,0.24609212259673727,0.13936643668077098,0.5257722072173514,0.38640577053658043,0.20000000000000007,0.1999719945343867,75.2071504708976,18.798496777822546,-5.9813853592327604e-05,4.580802404063888e-09,0.5973760248841228,0.597368321945371,0.3946175601047061,81.49774337748542,12.270278397380267,17.547075324486613,56.98955418539287,78.86347354288496,12.680141453016429
-29.94498331172,0.02084097454003889,0.13427599834441997,0.5143584487022433,0.3800824503578234,5.71387172363e-11,0.706122188915,72.85856280102405,20.150103468861698,0.21664759077817114,0.21667810137298832,93.00866626988577,93.13971279719516,-0.1406988741684545,1.5865410474281116,0.21664759078802084,0.060429854776272655,0.24582484572612398,0.21661994551150623,0.06042830379890333,0.24582169106672286,0.1397478257487666,0.5242466509450421,0.3844988251962755,0.2000000000000003,0.19997178344400063,74.40955740014884,18.599108869736924,-5.981383052189315e-05,4.550448906570637e-09,0.5967195293956178,0.5967118717202229,0.39267008888449323,82.10859359687365,12.178993162514427,17.640082747393024,56.689076481105914,79.44950968057711,12.586610087594641
-29.49498331172,0.020903474540038887,0.13469888132676244,0.5128286235086779,0.3781297421819154,5.75895913542e-11,0.705034041105,72.0874571523361,19.93684289921696,0.2166475907781761,0.2166783249306607,92.02430005155307,92.15395963525714,-0.14069887416369165,1.5865410474287813,0.2166475907879505,0.060296399104556565,0.24555325105678516,0.21661977897204754,0.06029485939615691,0.24555011585449701,0.14013013192816293,0.5227174262271008,0.3825872942989379,0.20000000000000023,0.1999715761807427,73.6220557233144,18.402244328238666,-5.9813788311213756e-05,4.517985985330597e-09,0.5960602557457331,0.5960526453008744,0.390717934656246,82.71655832642104,12.089477853439455,17.734897227537502,56.38600478875458,80.03337600104025,12.494787174628273
-29.04498331172,0.02096597454003889,0.13512268259577528,0.511295490771482,0.37617280817570664,5.80449528961e-11,0.704204698776,71.32631000215264,19.726336498294405,0.21664759077812804,0.2166785463761466,91.05264650044705,91.18093705232475,-0.14069887415620874,1.5865410474292174,0.21664759078787568,0.06016251854580034,0.24528048953351414,0.2166196152032857,0.06016099030397178,0.2452773742194167,0.14051330882830826,0.5211847186261471,0.38067140979783887,0.20000000000000018,0.19997137097853798,72.84472394852847,18.207922551918575,-5.9813760822091666e-05,4.483458049264755e-09,0.5953981496542079,0.5953905874862911,0.388761334302643,83.32119690676969,12.001747899984283,17.831536557084235,56.08041667069421,80.6141106240749,12.404776189410148
-28.59498331172,0.021028474540038887,0.13554734725159442,0.5097592494558817,0.37421190220428724,5.85066577648e-11,0.703618771922,70.57519710934595,19.51860521833682,0.21664759077816625,0.21667876383103293,90.09380232768275,90.22074189579524,-0.140698874166989,1.5865410474302304,0.21664759078775017,0.06002820298110465,0.24500653660893346,0.21661945430466886,0.06002668629536824,0.24500344139494906,0.1408973084695439,0.5196487200605737,0.3787514115910298,0.19999999999999982,0.19997116923710387,72.07763933519954,18.01616299248323,-5.981369697316552e-05,4.425526611839814e-09,0.5947331515343088,0.594725638157758,0.3868005328199833,83.9218455045612,11.915848537263749,17.929301796494585,55.77462030314606,81.1911666721676,12.316610796317093
-28.14498331172,0.021090974540038887,0.13597281180372578,0.5082201062140852,0.3722472944103594,5.8976017717e-11,0.703008549383,69.83419328600118,19.313669749707728,0.21664759077816007,0.21667898105323707,89.14786303570891,89.27346980264475,-0.1406988741599502,1.5865410474305002,0.2166475907877304,0.05989345402569864,0.2447313915820744,0.21661929131141858,0.05989194886640885,0.2447283164376547,0.14128208003709353,0.5181096337902723,0.3768275537531788,0.2000000000000002,0.19997096759667526,71.32087860528232,17.826984430426595,-5.981367997565101e-05,4.416400578577395e-09,0.5940652596844923,0.5940577950251538,0.38483578968246007,84.51799047179868,11.83180047724481,18.027632743471838,55.470400036972116,81.76401544437788,12.230319102665357
-27.69498331172,0.021153474540038887,0.13639901909458088,0.5066782768293255,0.3702792577347447,5.94542107814e-11,0.70237467307,69.10337238717057,19.111550518119117,0.21664759077823917,0.21667919698964777,88.21492290528968,88.33921518648748,-0.14069887414712712,1.586541047429293,0.21664759078793286,0.059758270119928174,0.24445504723758144,0.21661912819796716,0.059756776608444674,0.24445199244114307,0.1416675714342999,0.5165676682024642,0.3749000967681644,0.1999999999999999,0.19997076730506866,70.57451708416143,17.640405821128255,-5.981375607033712e-05,4.509836948329848e-09,0.5933944565900781,0.5933870413237853,0.38286737090968415,85.10931575161777,11.749595107994883,18.12610143454661,55.16906123531319,82.33226894453686,12.145906007687582
-27.24498331172,0.021215974540038887,0.13682591283464945,0.5051339843692784,0.3683080715346289,5.99420102695e-11,0.701717788213,68.38280730098818,18.912267681823074,0.21664759077813925,0.216679407802382,87.29507498281126,87.41807122483183,-0.14069887415411042,1.5865410474306325,0.216647590787703,0.05962265933984876,0.24417751604078694,0.21661896919676946,0.05962117779434514,0.24417448227516556,0.14205372918721557,0.5150230371896498,0.3729693080024342,0.1999999999999999,0.19997057157919704,69.83862894244962,17.45644604036163,-5.981367162677387e-05,4.4037440360966684e-09,0.592720772509632,0.5927134082939121,0.3808955495501015,85.69527959055921,11.66925418503643,18.224785709395707,54.87032966782454,82.89541086592173,12.063393975058993
-26.79498331172,0.02127847454003889,0.13725342545669952,0.5035874533247527,0.36633402786805325,6.04413552609e-11,0.70103854356,67.67256993881567,18.715841128998747,0.2166475907781996,0.21667961826323728,86.38841106781443,86.51012984653593,-0.1406988741519899,1.5865410474301151,0.21664759078777637,0.059486619020918535,0.2438987884777588,0.21661881001438626,0.05948514925969767,0.24389577540354745,0.14244049745605436,0.513475964114669,0.37103546665861464,0.1999999999999999,0.19997037603710963,69.11328802133517,17.275123046479255,-5.981370424512633e-05,4.437605838347736e-09,0.5920441843488687,0.5920368703598394,0.37892061073987626,86.27526797473826,11.59080723218158,18.32485038657464,54.570704748161624,83.45291504566649,11.9828049080465
-26.34498331172,0.02134097454003889,0.13768148960247875,0.5020389174082817,0.36435742780580294,6.09534337703e-11,0.7003375888,66.97273122563026,18.522290474960545,0.21664759077817214,0.216679829612908,85.49502170059081,85.61548171946056,-0.1406988741410986,1.5865410474311645,0.21664759078765145,0.05935013997303873,0.24361884158052868,0.21661864851873847,0.05934868175073669,0.2436158487265077,0.14282781906340603,0.5119266776846345,0.3690988586212285,0.1999999999999999,0.19997017964694408,68.39856685220428,17.096454848386525,-5.9813638098038524e-05,4.379940854448705e-09,0.5913646363549405,0.5913573714487549,0.3769428464390708,86.84875935228986,11.51426925908797,18.427133367245712,54.267800643235326,84.00427389838464,11.904156224356456
-25.89498331172,0.021403474540038887,0.13811004342566047,0.5004886235206395,0.36237858009497903,6.14778729154e-11,0.699615573342,66.28336109044109,18.33163505961184,0.21664759077815512,0.21668003717896578,84.61499615005295,84.73421623832351,-0.1406988741540216,1.5865410474318176,0.21664759078749016,0.05921320731314147,0.2433376405596583,0.21661848975284667,0.05921176091030994,0.24333466853350333,0.14321563477965737,0.5103754148188206,0.3671597800391633,0.20000000000000012,0.19996998675690178,67.69453649049156,16.92045965956138,-5.9813596942071e-05,4.305489298417342e-09,0.5906820440793562,0.5906748297310968,0.3749625590902476,87.4152672173895,11.439649295049804,18.531683711984197,53.96163756849104,84.54895886347373,11.827466753490837
-25.44498331172,0.02146597454003889,0.13853901640833846,0.49893681661622463,0.36039780020788614,6.20189543635e-11,0.698873155203,65.60452845709,18.143893944840183,0.21664759077804446,0.2166802437633754,83.74842240193018,83.8664215127518,-0.1406988741062265,1.5865410474355424,0.21664759078700846,0.059075811429384825,0.24305516128933535,0.21661833154508475,0.05907437699562017,0.243052210431463,0.1436038839770034,0.5088224180270311,0.3652185340500277,0.19999999999999965,0.1999697945067066,67.00126758395534,16.74715481797484,-5.9813362163207984e-05,4.083156035505908e-09,0.5899963489586973,0.5899891859946973,0.3729800582732128,87.97424605764618,11.366963001248546,18.637393753323277,53.655570796838894,85.086530327147,11.75274154622507
-24.99498331172,0.021528474540038887,0.13896833913582504,0.4973837524111666,0.35841541327534154,6.2577652249e-11,0.698110988176,64.93630123478263,17.95908591196408,0.21664759077814255,0.21668044689480595,82.89538714674671,83.01218435553636,-0.14069887414287496,1.586541047437954,0.2166475907866963,0.058937954096409124,0.24277140296255884,0.21661817491968033,0.058936531995810136,0.24276847405668253,0.14399250492544236,0.5072679342317075,0.3632754293062651,0.19999999999999998,0.1999696056303751,66.31882927043452,16.576557876312208,-5.981321016257368e-05,3.939071291370055e-09,0.5893075490340355,0.5893004393566945,0.3709956591998069,88.5251577205394,11.296223872956539,18.743406113125953,53.352095876517495,85.61637418091188,11.68000875494853
-24.54498331172,0.02159097454003889,0.13939794070838107,0.49582969082335554,0.35643175011497447,6.31566366237e-11,0.697329722963,64.2787463094696,17.77722945924433,0.21664759077817683,0.21668064844580012,82.05597576871395,82.17159027108613,-0.14069887413736826,1.586541047437331,0.21664759078676343,0.058799638506103195,0.24248636767064494,0.21661802064763988,0.05879822906734821,0.24248346143056482,0.14438143303897785,0.5057122217779075,0.36133078873892965,0.19999999999999976,0.19996941820094333,65.64729003433351,16.408685734380427,-5.981324943116206e-05,3.97006871821759e-09,0.5886156493818681,0.5886085947238772,0.3690096916639264,89.06747011859642,11.227443629738953,18.85032691601472,53.04947783958205,86.13797811780081,11.609281084267119
-24.09498331172,0.021653474540038888,0.13982774578576074,0.4942748959840469,0.35444715019828615,6.37596143349e-11,0.69653001774,63.63192953460881,17.59834279941743,0.2166475907781209,0.2166808478671861,81.23027233402622,81.3447234440841,-0.14069887413968862,1.5865410474389325,0.21664759078653062,0.05866085760354713,0.2422000363409286,0.2166178669343894,0.058659461064562296,0.24219715329574437,0.14477060369157677,0.5041555391663464,0.3593849354747696,0.2000000000000001,0.19996923298286026,64.98671708040214,16.243555253624077,-5.9813148478582434e-05,3.862599129433875e-09,0.5879206037048745,0.5879136053505795,0.3670224856593206,89.600850159633,11.160608389523075,18.958550525735316,52.746648465690896,86.65107612936984,11.54053757517105
-23.64498331172,0.021715974540038888,0.14025768486568507,0.4927196340956303,0.3524619492299452,6.43879275392e-11,0.695712533943,62.99591572260862,17.42244385732974,0.21664759077821383,0.21668104380227746,80.41835957993837,80.5316667283459,-0.14069887413326043,1.5865410474385842,0.2166475907866001,0.058521608926928044,0.24191239928314556,0.2166177170073462,0.05852022583510886,0.2419095406037324,0.14515995175188787,0.5025981469254461,0.35743819517355824,0.19999999999999937,0.1999690512406398,64.33717651240947,16.08118306752889,-5.981317043879386e-05,3.894662370385049e-09,0.5872223884807378,0.5872154492723416,0.36503437376659514,90.1248009581738,11.095724921091277,19.067250925901984,52.445945348185774,87.15509181989837,11.473798938407981
-23.19498331172,0.021778474540038888,0.14068767736299595,0.49116417558634196,0.35047649822334603,6.50419638752e-11,0.694877927999,62.37076863627367,17.249550267489724,0.21664759077816745,0.21668123974860815,79.6203189037634,79.73250163587794,-0.14069887412645476,1.5865410474394577,0.21664759078648463,0.05838189768375402,0.24162346261022338,0.21661756632745294,0.058380527934852815,0.2416206281236203,0.14554940935993993,0.5010403164926656,0.35549090713272563,0.20000000000000018,0.19996886951625295,63.69873374205428,15.92158516170911,-5.981311538283407e-05,3.841371665203042e-09,0.5865210185480852,0.5865141380657393,0.36304570249383605,90.63863455003754,11.032822868132957,19.176277016672554,52.147765654958135,87.6495778359007,11.409068071864763
-22.74498331172,0.021840974540038888,0.14111764743781616,0.4896087996437677,0.3484911522059515,6.5722845953e-11,0.694026843276,61.756550980340364,17.079679371830267,0.21664759077816567,0.21668143478374918,78.83623035217063,78.94730832614104,-0.14069887412948567,1.5865410474415647,0.21664759078620877,0.05824172371147234,0.24133322131748117,0.21661741597074247,0.05824036719085444,0.2413304108289182,0.14593890942523405,0.4994823162301088,0.3535434068048747,0.20000000000000007,0.19996868854184058,63.07145275906463,15.764777593106007,-5.9812982577955864e-05,3.714029084278536e-09,0.5858164817584669,0.5858096595293831,0.36105681442259313,91.14220604033454,10.97186521420663,19.285505412023323,51.85241343877676,88.13485298514037,11.34624914128581
-22.29498331172,0.021903474540038888,0.1415475207057993,0.4880537777543141,0.3465062570485148,6.6430272682e-11,0.693159926957,61.15332439331387,16.912848217370062,0.21664759077807552,0.21668162854106449,78.06617261068394,78.17616559551428,-0.14069887412928583,1.5865410474443022,0.21664759078579915,0.05810109405675697,0.2410416853093194,0.21661726648488808,0.05809975065381327,0.24103889863217778,0.14632838899791312,0.4979243979373418,0.35159600893942866,0.20000000000000012,0.19996850849713185,62.45539650964582,15.61077610103811,-5.981281002709338e-05,3.524958103184872e-09,0.5851088021539977,0.5851020377251746,0.359068030991258,91.63518014668695,10.912839352737986,19.394725128098127,51.560411059976765,88.61033768684648,11.285364959718942
-21.84498331172,0.021965974540038888,0.14197721915551134,0.4864993897144075,0.3445221705588961,6.71634297627e-11,0.692277821175,60.561149439306725,16.749073554027735,0.2166475907781537,0.2166818217324264,77.31022299333446,77.41915086696316,-0.14069887412725413,1.586541047446864,0.21664759078545753,0.05796001167373565,0.24074885601750146,0.2166171173767573,0.05795868137385048,0.24074609316425155,0.14671777799027333,0.4963668419661897,0.34964906397591633,0.2000000000000001,0.19996832883399682,61.85062689957373,15.459596093760728,-5.9812648556256676e-05,3.3672842292276073e-09,0.5843979832101651,0.5843912766118733,0.3570797100868044,92.11679879771486,10.855783234456112,19.505524667307466,51.26752635759988,89.0747990241926,11.226519856962026
-21.39498331172,0.022028474540038888,0.14240666577420422,0.4849459249545162,0.34253925918031203,6.79242461635e-11,0.691381165897,59.98008560019307,16.588371832364828,0.2166475907781738,0.21668201142369414,76.5684574325579,76.67634017990927,-0.14069887412236914,1.5865410474473847,0.2166475907853991,0.05781846065010086,0.24045469562913688,0.21661697102255886,0.05781714371916106,0.24045195719553014,0.14710700485867625,0.4948099344922894,0.34770292963361316,0.20000000000000007,0.19996815245787214,61.25720446322008,15.311252969337833,-5.981261573806407e-05,3.340305809729216e-09,0.5836839331392976,0.5836772858176746,0.3550922170306598,92.58634570700598,10.800728685896612,19.61943342822125,50.96987146232095,89.52760266858306,11.169739501479125
-20.94498331172,0.02209097454003889,0.14283577537610107,0.48339367392593213,0.3405578985498311,6.87141349794e-11,0.690470589536,59.41019126778164,16.4307592014983,0.21664759077820006,0.21668220151099266,75.84095046927995,75.94780818030519,-0.1406988741157078,1.5865410474475818,0.21664759078537632,0.05767642207804291,0.24015915988786044,0.2166168236174088,0.057675118511616594,0.2401564459089462,0.14749599642825717,0.49325396821385564,0.3457579717855985,0.2000000000000001,0.19996797569866628,60.67518912887522,15.165761340404725,-5.981260331466842e-05,3.329803099916262e-09,0.5829665445127201,0.5829599565528454,0.35310592547133796,93.04319805085362,10.747695919194875,19.73633984991528,50.667956044762406,89.96818095293149,11.115040777840873
-20.49498331172,0.022153474540038888,0.1432644696920805,0.4818429377943358,0.3385784681022553,6.95325932136e-11,0.689546705983,58.851523736237,16.276251506960946,0.21664759077814688,0.2166823868433082,75.12777524319796,75.23362811091107,-0.14069887412191395,1.5865410474468957,0.21664759078544998,0.05753388209757495,0.23986221481837225,0.2166166790957903,0.05753259195247853,0.2398595254570444,0.14788467879545067,0.4916992387454478,0.3438145599499971,0.19999999999999998,0.19996780332265054,60.104639059297845,15.023136183900103,-5.981264655785523e-05,3.3637981289302843e-09,0.5822457348581959,0.5822392066554808,0.3511212127798617,93.4870181467459,10.696672327598547,19.856780772615306,50.36063052975387,90.39617784759271,11.06241462648999
-20.04498331172,0.02221597454003889,0.14369266452590623,0.4802940082032439,0.3366013436773377,7.03807545158e-11,0.688610157998,58.30413919463503,16.124864288678893,0.21664759077815532,0.2166825707427107,74.42900348331392,74.53387180177594,-0.14069887411849447,1.58654104744894,0.21664759078516665,0.057390814553080254,0.239563800589906,0.2166165346862907,0.057389538058648965,0.23956113636950582,0.14827297837637282,0.490146040420341,0.34187306204396817,0.20000000000000032,0.19996763225168393,59.545611885903305,14.883391597410622,-5.981251770537099e-05,3.233013856629441e-09,0.5815213589414762,0.5815148917662886,0.34913845469226473,93.91747877456949,10.647645284434265,19.980086893726305,50.04983238155973,90.81124707047641,11.011851860419053
-19.59498331172,0.022278474540038888,0.14412027995457782,0.4787471839874813,0.33462690403290346,7.12595828157e-11,0.687661560606,57.76809271966403,15.976612778912523,0.2166475907781733,0.216682751473107,73.74470549857655,73.84860966092131,-0.14069887411807258,1.5865410474539714,0.21664759078448095,0.05724721565525046,0.23926390378669837,0.21661639252286494,0.057245953106083304,0.23926126536922626,0.1486608210313594,0.4885946697969615,0.33993384876560206,0.19999999999999982,0.1999674640302047,58.99816375437191,14.746541744204647,-5.981220058126624e-05,2.9165114767693012e-09,0.5807933841969026,0.5807869796561939,0.3471580297846118,94.33406079674253,10.60062496572321,20.104259875145843,49.74070203082996,91.21284040765754,10.96336870478652
-19.14498331172,0.022340974540038888,0.14454723537355418,0.4772027673466496,0.33265553197309544,7.21692654223e-11,0.68670151613,57.24343826851664,15.831511900307582,0.21664759077812876,0.2166829263251663,73.07495016882423,73.17791066523067,-0.14069887411441995,1.586541047456254,0.21664759078416582,0.0571030882617371,0.23896252480616517,0.21661625493454312,0.05710183988914594,0.23895991272417627,0.1490481313105073,0.48704542867880096,0.33799729736829365,0.19999999999999996,0.19996730124405257,58.462349595020825,14.612600573803405,-5.981205670746448e-05,2.7710500560829132e-09,0.5800618115891693,0.580055470975673,0.3451803233275834,94.73621717786243,10.555625185271552,20.228746692080062,49.43459993947717,91.60045414847487,10.916976441831864
-18.69498331172,0.022403474540038888,0.14497344063962456,0.4756610544168163,0.3306876137771917,7.31084525353e-11,0.68573062758,56.73022867188967,15.689576263978918,0.21664759077814189,0.21668310184255135,72.41980493586858,72.52184235154013,-0.1406988741087578,1.5865410474601975,0.21664759078362883,0.056958436619380416,0.23865966693050675,0.2166161154646252,0.05695720225216061,0.23865708087580517,0.14943483370285798,0.4854986191067094,0.3360637854038514,0.20000000000000023,0.19996713781958148,57.93822382139055,14.48158111447804,-5.9811808139631495e-05,2.5231816636051008e-09,0.5793266490855467,0.5793203716511428,0.3432057208966158,95.12354270814241,10.512644625402515,20.353312228264624,49.13205225689512,91.97372068347134,10.87267093870772
-18.24498331172,0.02246597454003889,0.14539881638205512,0.47412234969620587,0.3287235333141507,7.40811620358e-11,0.684749483525,56.22851562713576,15.550820167587014,0.2166475907782127,0.21668327397058393,71.77933579472278,71.8804708079357,-0.14069887422294425,1.5865410474603379,0.21664759078339563,0.056813266993749764,0.23835533766574174,0.216615977906668,0.05681204667645346,0.23835277778212163,0.1498208526455665,0.4839545433347157,0.3341336906891492,0.20000000000000012,0.1999669774315416,57.4258389738084,14.353496820914375,-5.981179930225622e-05,2.415556643597938e-09,0.5785879149062758,0.5785817010000127,0.3412346083378434,95.49580015483264,10.471664705449292,20.478284468389045,48.83221548873554,92.33231998017813,10.830443773260324
-17.79498331172,0.02252847454003889,0.14582327866416028,0.47258694925626626,0.326763670592106,7.50895241217e-11,0.683758680817,55.738349691957524,15.415257593587269,0.21664759077814114,0.21668344489387742,71.1536072855448,71.2538606652514,-0.14069887409693393,1.5865410474644042,0.21664759078305576,0.05666757902075077,0.23804953060392867,0.21661584065176107,0.05666637272387622,0.23804699688060807,0.15020611298946576,0.48241350195741717,0.33220738896795143,0.19999999999999982,0.199966818033995,56.925246845013916,14.228360440530876,-5.9811542996168754e-05,2.2586821302184035e-09,0.5778455934966072,0.5778394430923128,0.3392673693802342,95.85271934928655,10.432672195308387,20.604179813480155,48.533841630801355,92.67598123972745,10.790282299933498
-17.34498331172,0.02259097454003889,0.14624674863498782,0.4710551529488262,0.3248084043138384,7.61364996478e-11,0.682758796452,55.25978027718712,15.282902207291439,0.21664759077816645,0.2166836111583078,70.54268248447856,70.64207508877463,-0.14069887410750326,1.5865410474665476,0.21664759078274967,0.05652137172974134,0.2377422380010362,0.2166157068940815,0.056520179637637696,0.2377397308773561,0.15059054000775232,0.4808757938827358,0.33028525387498353,0.20000000000000012,0.1999666629727534,56.436497670910875,14.106184813567678,-5.981140790423112e-05,2.117395148104606e-09,0.5770996660585441,0.5770935802226821,0.3373043855988965,96.19387489605727,10.39567229286225,20.72990972422593,48.23947683821092,93.00430406905305,10.752190557305052
-16.89498331172,0.02265347454003889,0.14666914122952085,0.46952725657726163,0.3228581153477408,7.72213672365e-11,0.681750396694,54.79285564123468,15.153767355263426,0.21664759077821533,0.21668377539388073,69.94662299649809,70.04517577015241,-0.14069887407766046,1.5865410474639077,0.21664759078322332,0.05637466024946628,0.23743348594809932,0.2166155740828034,0.05637348233005662,0.23743100541011197,0.15097405837676292,0.47934172040906575,0.32836766203230283,0.20000000000000037,0.19996650967080795,55.95964093262851,13.986982063869595,-5.981157429335582e-05,2.336020266113792e-09,0.5763501959259211,0.5763441746246345,0.3353460416197563,96.51888948727807,10.360666241728856,20.854624867773435,47.95099438807436,93.31692123153515,10.716170087939679
-16.44498331172,0.02271597454003889,0.14709037673493708,0.4680035576527222,0.32091318091778515,7.83420447933e-11,0.680734038203,54.33762288343041,15.02786606351187,0.21664759077827156,0.216683935308305,69.36548894694229,69.46322291950364,-0.14069887410003146,1.5865410474631865,0.21664759078337156,0.05622745558327848,0.23712329194593784,0.21661544422976747,0.05622629194505268,0.23712083827671637,0.15135659353810538,0.47781157976443345,0.32645498622632807,0.20000000000000018,0.19996636054558187,55.49472457475745,13.870764372184835,-5.9811619745886446e-05,2.404432208891194e-09,0.5755972255805338,0.5755912695009595,0.33339271815158716,96.82748878126182,10.327645719068997,20.978653934115226,47.667500648066486,93.61354836248906,10.68221446032378
-15.99498331172,0.02277847454003889,0.1475103736186478,0.46648434953192763,0.3189739759132798,7.95004510002e-11,0.679710264109,53.89412793826506,14.905211035875006,0.21664759077812504,0.21668409135572142,68.79933897414006,68.89627525773399,-0.1406988741137427,1.5865410474634476,0.21664759078316576,0.05607976810843518,0.23681167223858535,0.21661531702117917,0.056078618905390606,0.23680924581905707,0.15173807108768103,0.47628566956510476,0.32454759847742376,0.2000000000000004,0.19996621509349571,55.041795558546845,13.757543415593215,-5.981160329238122e-05,2.3094415269042656e-09,0.574840794453434,0.5748349045202413,0.3314447951208286,97.11937014799942,10.296607138988938,21.10292588946134,47.386793908961856,93.89386254362984,10.650323385464391
-15.54498331172,0.022840974540038892,0.14792905096930914,0.46496992345401944,0.3170408724847103,8.06976028994e-11,0.678679602739,53.46241556939781,14.785814652427353,0.21664759077809737,0.21668424318721075,68.24823022182517,68.34439000905513,-0.1406988740659365,1.5865410474679564,0.216647590782582,0.05593159575099138,0.23649861680566206,0.21661519217130792,0.055930461071486345,0.2364962178798772,0.15211841712232824,0.4747642854235922,0.32264586830126396,0.20000000000000043,0.19996607351221024,54.600899600209424,13.647330621615739,-5.981131909749138e-05,2.03999039882774e-09,0.5740808782209761,0.5740750550265771,0.3295026498960004,97.39421238491977,10.267550560887713,21.22869554554006,47.106050291916794,94.15751907570238,10.620500729166439
-15.09498331172,0.02290347454003889,0.14834632667391331,0.463460567605104,0.31511424093119067,8.19339563047e-11,0.677642577022,53.042529363930726,14.669688967817956,0.21664759077815768,0.2166843937819892,67.71221833174869,67.80762289370749,-0.1406988740902504,1.5865410474676804,0.21664759078262286,0.05578293140629983,0.23618410489764088,0.2166150677915444,0.05578181141251846,0.23618173386720331,0.15249755777576254,0.47324772281006205,0.32075016503429954,0.20000000000000007,0.19996593295067353,54.172081420880865,13.540136910867824,-5.9811336494686174e-05,2.058864190246368e-09,0.5733174265153954,0.5733116710346503,0.3275666596625906,97.65179611916963,10.240467044555405,21.355444452086758,46.826466302005926,94.40433306249201,10.59273412098615
-14.64498331172,0.022965974540038885,0.14876212551551826,0.4619565700912459,0.31319444457572765,8.32096654543e-11,0.67659969768,52.63451172707775,14.556845709818562,0.21664759077817153,0.21668453901255735,67.19135743689631,67.28602812088735,-0.14069887409755566,1.5865410474703001,0.21664759078226417,0.05563378043415051,0.23586814205006684,0.21661494737795803,0.055632675426521346,0.235865799611816,0.15287542100981796,0.47173626987204637,0.31886084886222843,0.19999999999999996,0.199965797429695,53.755384066643664,13.435973370252638,-5.981117137121572e-05,1.893285528353772e-09,0.5725504527737707,0.5725447666981996,0.3256371922608648,97.8920553670867,10.215333575846241,21.482206218880844,46.55015363929864,94.63420612688536,10.567003633540308
-14.19498331172,0.02302847454003889,0.14917636921648028,0.4604582079847914,0.31128183876831117,8.4527208287e-11,0.675551491537,52.238403876601296,14.447296277813734,0.21664759077823417,0.21668468084137968,66.68570015441502,66.77965838187582,-0.14069887408452164,1.5865410474719426,0.21664759078205198,0.05548414932773008,0.2355507362071494,0.21661482963865325,0.05548305952607969,0.23554842289024075,0.15325193553796176,0.4702302117584129,0.31697827622045116,0.19999999999999976,0.19996566495849744,53.35084977981445,13.334850374600576,-5.9811067854020905e-05,1.7953416531213406e-09,0.571779976280015,0.5717743608940992,0.32371461170109106,98.11512418550346,10.192108589796295,21.608042159083233,46.27906557372374,94.84723920064026,10.543269455472453
-13.74498331172,0.02309097454003889,0.14958898271362378,0.4589657469258173,0.3093767642121935,8.5886113001e-11,0.674498455069,51.85424583765784,14.341051741332523,0.2166475907781735,0.21668482055664767,66.19529757899036,66.28856484337402,-0.14069887408789672,1.58654104747431,0.21664759078174217,0.055334056450807835,0.23523192056098133,0.21661471332294294,0.0553329820728438,0.23522963689306628,0.1536270334624837,0.46872982005876934,0.31510278659628566,0.20000000000000012,0.1999655345840406,52.95851951165791,13.236778067332455,-5.9810918628944165e-05,1.6523449275496205e-09,0.5710060776051946,0.5710005341897644,0.32179926468527875,98.32106390032705,10.170760570835052,21.731832089272967,46.01544848552411,95.0435163492517,10.521496240999223
-13.29498331172,0.02315347454003889,0.14999989565088653,0.45747945236047904,0.3074795567095925,8.72893427059e-11,0.67344106648,51.48207643775819,14.238122838703104,0.21664759077811724,0.21668495586988779,65.7201992764613,65.81279714103904,-0.14069887407961446,1.5865410474748873,0.21664759078163387,0.05518352365631954,0.2349117358846074,0.21661460082554168,0.055182464854876684,0.23490948225833005,0.15400064746721132,0.46723536403932125,0.31323471657210994,0.19999999999999993,0.19996540846093613,52.57843278400959,13.141766492451701,-5.981088224693565e-05,1.602362686980996e-09,0.5702288557225115,0.570223385230678,0.31989149494876246,98.50959934347783,10.151294966831154,21.853499184372165,45.75926223820111,95.22265338436489,10.501702740455196
-12.84498331172,0.02321597454003889,0.15040903227498842,0.4559995828413832,0.3055905505663948,8.87362670281e-11,0.672379793683,51.12193330182442,14.138519975662394,0.21664759077822435,0.21668508877292234,65.26045327748682,65.352403373225,-0.14069887409198234,1.586541047473836,0.21664759078173934,0.05503257007786295,0.23459021735328808,0.21661448881978868,0.055031526938397635,0.23458799402014938,0.15437270991378266,0.46574711425356635,0.3113744043397837,0.20000000000000015,0.19996528437627548,52.210628179329525,13.04982509815729,-5.981094851614799e-05,1.6510348643805628e-09,0.569448396017008,0.569442999059269,0.3179916478705625,98.68045890677016,10.133718580947875,21.975366850275773,45.50549744235332,95.38457738636721,10.483875144189971
-12.39498331172,0.02327847454003889,0.1508163239939377,0.4545263989154144,0.3037100749214767,9.02260437934e-11,0.671315096441,50.773852847563376,14.042253224034093,0.21664759077817286,0.2166852170568715,64.81610607159746,64.90743009492624,-0.14069887406605863,1.5865410474770736,0.2166475907813985,0.05488118537198706,0.2342673373989363,0.2166143800207329,0.054880158220489805,0.23426514512511204,0.1547431562047046,0.46426532908817153,0.30952217288346695,0.2000000000000002,0.19996516455553365,51.85514275514156,12.96096331645591,-5.981074444605383e-05,1.4937162617911781e-09,0.5686646315694277,0.5686593100056117,0.31610005329880986,98.8335526509835,10.118021392303445,22.101266660158082,45.246275490748154,95.52923998688803,10.467999118775111
-11.94498331172,0.02334097454003889,0.15122169966410606,0.4530601500684275,0.30183845040432145,9.17581262451e-11,0.670247430723,50.43787028070371,13.949332320499483,0.21664759077821488,0.21668534231271208,64.38720260120319,64.47792231192511,-0.14069887407823778,1.5865410474753179,0.21664759078157741,0.05472933620433417,0.23394301913999094,0.21661427274843284,0.05472832521777838,0.23394085837616818,0.15511192161408846,0.4627902674515333,0.3076783458374448,0.20000000000000018,0.1999650477010348,51.512012561717405,12.875190039485789,-5.9810855101982696e-05,1.5762946503627973e-09,0.5678773757561244,0.567872130680237,0.3142170417455767,98.96893130181708,10.104181047993594,22.231963998626348,44.98028154695587,95.65640082809415,10.454083483625086
-11.49498331172,0.02340347454003889,0.15162509469612379,0.45160108196490223,0.29997598726877844,9.33341359106e-11,0.669319052881,50.11401959077652,13.859766665345132,0.21664759077815082,0.21668546222059304,63.97378625612165,64.0639234751405,-0.14069887407665016,1.586541047478761,0.21664759078110515,0.05457700234395455,0.2336172132869377,0.21661416962920196,0.05457600775991644,0.23361508461551972,0.15547894294448775,0.4613221821275766,0.30584323918308887,0.20000000000000012,0.199964936032568,51.1812721796551,12.792514076466544,-5.981063808668807e-05,1.358313461707894e-09,0.5670865089308692,0.5670813417566464,0.31234293590738427,99.08654750499926,10.092187337030252,22.36554106901776,44.71163907522303,95.76599758390883,10.44211959598514
-11.04498331172,0.02346597454003889,0.15202643925373846,0.45014943041397654,0.2981229911602381,9.49505113985e-11,0.668695450134,49.802333546701725,13.773565321310018,0.21664759077814938,0.21668558000766722,63.57589886801174,63.66547547518138,-0.14069887407744952,1.5865410474814317,0.21664759078073872,0.05442417732565359,0.23328989975061842,0.21661406704418018,0.054423199269028714,0.23328780351537606,0.15584415825155862,0.45986132089745785,0.30401716264589923,0.20000000000000046,0.1999648264217637,50.86295528626218,12.712943581749572,-5.981046975467308e-05,1.1891820861364977e-09,0.5662919823288883,0.5662868938908054,0.31047805209193413,99.18641563287159,10.082025785682166,22.500546630622487,44.44336470648378,95.85806100196406,10.432090838761184
-10.59498331172,0.02352847454003889,0.15242567324616435,0.4487054284941073,0.2962797552479429,9.66066027099e-11,0.668054502351,49.50284369277254,13.690737012423845,0.2166475907781257,0.21668569267997373,63.19358070519638,63.282618637102345,-0.14069887407244241,1.5865410474842916,0.21664759078033377,0.05427086109782479,0.23296107206532338,0.21661396841696326,0.05426989987491403,0.23295900900139926,0.15620750779786838,0.4584079227101916,0.3022004149123232,0.2,0.19996472153050374,50.557093936966375,12.636486768230007,-5.981028948776057e-05,1.0022649377106063e-09,0.5654937802552048,0.56548877233776,0.308622695333276,99.26868584616867,10.073670175805955,22.635302455349557,44.178777905557126,95.93265116952922,10.42397961287269
-10.14498331172,0.023590974540038886,0.15282273538833796,0.44726929866218756,0.2944465632738496,9.83083887832e-11,0.667396869722,49.21558034466226,13.611290122939202,0.21664759077818888,0.21668580059578005,62.82687046760146,62.915391715361245,-0.14069887406927828,1.586541047487407,0.21664759077987183,0.054117070149491416,0.23263075925055873,0.2166138739345348,0.05411612596040105,0.23262872986886432,0.1565689332765939,0.4569622207929814,0.3003932875163875,0.2,0.19996462108866375,50.26371912036098,12.563151347240487,-5.9810093122614205e-05,7.890355036010988e-10,0.5646919731522755,0.5646870469956641,0.30677716336103805,99.33332085678902,10.06711535841756,22.769007315476603,43.91934993671321,95.98972143680835,10.417782081577524
-9.694983311716,0.023653474540039444,0.1532175621554788,0.4458412559222078,0.29262369376672903,1.0005405435e-10,0.666723213859,48.94057258565985,13.535232696257044,0.2166475907782289,0.21668590623168443,62.47580528191689,62.56383188897688,-0.14069887409741133,1.5865410474910677,0.2166475907793839,0.05396281525849893,0.2322989781692957,0.21661378041466742,0.053961888223374714,0.23229698281160416,0.15692837773297197,0.45552444296503053,0.29859606523205856,0.19999999999999996,0.19996452280185556,49.98286069205673,12.49294458986016,-5.980986239606523e-05,5.638156608256395e-10,0.5638866019535717,0.5638817583874197,0.30494174700112486,99.3804843714531,10.062337754989334,22.901146535109223,43.66593604677927,96.02944589474194,10.413472562323248
-9.244983311716,0.023715974540039444,0.15361010230689448,0.4444215110324759,0.2908114087255814,1.01847334212e-10,0.666034195696,48.677848263108515,13.4625724339498,0.21664759077801207,0.2166860037307968,62.14042069705831,62.227974756904835,-0.14069887408123538,1.5865410474858936,0.21664759078008222,0.053808119670050315,0.23196577262615775,0.2166136933780507,0.053807210139194706,0.23196381213282968,0.157285787249957,0.4540948049005874,0.2968090176506304,0.19999999999999973,0.1999644321068477,49.71454676149044,12.425873935567871,-5.981018851297648e-05,8.861578137953074e-10,0.5630777729912022,0.5630730140554159,0.30311672157411085,99.41035939068135,10.059313799178753,23.030908389870298,43.41991132402883,96.05197802323487,10.411029742230827
-8.794983311716,0.023778474540039445,0.15400029413451674,0.44301025871351474,0.28900996457899797,1.03688555216e-10,0.665330474836,48.42743398474949,13.393316694831617,0.21664759077820972,0.21668609970278196,61.8207506795811,61.90785433358388,-0.14069887406116255,1.586541047487312,0.2166475907799624,0.053653004852601445,0.2316311828157026,0.21661360667145252,0.053652112973509414,0.23162925759391756,0.15764110903570858,0.4526735177569797,0.2950324087212711,0.20000000000000015,0.19996434290923767,49.45880489178286,12.361945787798243,-5.981009910671631e-05,8.308465027084821e-10,0.5622655838341395,0.5622609105171136,0.30130235663853955,99.42317843764306,10.058016809703858,23.159084158001143,43.179600418461014,96.05751638965457,10.410429475852037
-8.344983311716,0.023840974540039445,0.1543880897947113,0.4416076897431654,0.2872195999484541,1.05570338331e-10,0.664612714293,48.189355115625574,13.32747249392605,0.21664759077818102,0.21668619011539977,61.51682760955163,61.60350304471561,-0.14069887405763204,1.5865410474871577,0.21664759077994977,0.05349748310214551,0.23129522931125387,0.21661352414781648,0.05349660906779619,0.2312933398690853,0.1579942935796172,0.45126077958127786,0.29326648600166066,0.20000000000000004,0.19996425896622702,49.2156607626545,12.301166846897127,-5.9810108832270004e-05,8.250067295989538e-10,0.5614500844224292,0.5614454979574699,0.2994989050131188,99.41926346822241,10.05841287810015,23.286507987135586,42.94332153848231,96.04632459104137,10.411642551216104
-7.894983311716,0.023903474540039445,0.1547734376568328,0.44021398276353674,0.2854405451067039,1.07501889005e-10,0.663881573336,47.96363577478932,13.265046501731756,0.21664759077819334,0.2166862769227954,61.22868227652108,61.31495172323154,-0.1406988740688786,1.5865410474845725,0.21664759078029125,0.053341564495482184,0.23095792797711487,0.2166134440646133,0.05334070849294818,0.2309560748128271,0.15834529289803048,0.44985678230933435,0.2915114894113039,0.20000000000000007,0.19996417846814468,48.985139126409486,12.243543150111588,-5.981027179080556e-05,9.826361946352336e-10,0.5606313132653583,0.5606268148619613,0.2977066117160571,99.3989114118861,10.060472351213498,23.413220400887663,42.71091216320191,96.01868354376188,10.414639766897405
-7.444983311716,0.023965974540039448,0.1551562931177869,0.4388293071693435,0.2836730140515566,1.09478072107e-10,0.663137704903,47.75029883238507,13.206045043323051,0.2166475907782558,0.21668635860778318,60.95634387570813,61.04222960546391,-0.14069887405963044,1.5865410474848773,0.2166475907802783,0.053185260669458764,0.23061929812888332,0.21661336818086296,0.05318442296452031,0.23061748191436032,0.1586940622978647,0.4484617047099312,0.2897676424120665,0.19999999999999973,0.19996410285038008,48.76726325956289,12.189080616145235,-5.9810252572845e-05,9.766409903022577e-10,0.5598093172499468,0.5598049085390548,0.2959257049581705,99.36239284750839,10.064169866910326,23.538139396141112,42.48424156090867,95.97485298274569,10.41939600761649
-6.994983311716,0.024028474540039445,0.1555366099392578,0.43745382380612946,0.28191721386687163,1.11500625937e-10,0.662381761479,47.54936590676688,13.150474097556149,0.2166475907781565,0.21668643646498761,60.69984000432303,60.78536432751925,-0.14069887405034898,1.586541047485597,0.21664759078018309,0.053028595940606264,0.23027938670364367,0.21661329512240576,0.05302777673508649,0.23027760797586572,0.15904055836752515,0.4470757204308104,0.2880351620632853,0.20000000000000007,0.19996403084280465,48.56205532554527,12.137784678777757,-5.9810207209132216e-05,9.32698362987594e-10,0.558984210312094,0.5589798925971826,0.2941564064116814,99.30961757335953,10.069518183989631,23.66055869136781,42.26442887694087,95.91475150370945,10.42592494191392
-6.544983311716,0.02409097454003944,0.15591434402010168,0.4360876925979029,0.28017334857780124,1.13569240252e-10,0.661614397089,47.36085736181107,13.098339296379221,0.21664759077814863,0.21668650992924735,60.459196658190294,60.544381921853216,-0.14069887404726256,1.586541047489058,0.21664759077971893,0.05287159103848008,0.22993823309419442,0.21661322498973118,0.052870790564179274,0.22993649245863362,0.1593847384324519,0.4456990001687853,0.28631426173633334,0.20000000000000007,0.19996396308966413,48.36953608920118,12.089660568989109,-5.980998906141011e-05,7.184697281559238e-10,0.5581560880745681,0.5581518628253708,0.29239893398247274,99.2408102279291,10.076499755526708,23.780943570718783,42.05047613128728,95.83855625209017,10.434213943808139
-6.094983311716,0.024153474540039445,0.15628945534076122,0.4347310598313,0.2784416044905388,1.15683391337e-10,0.660836246291,47.18479230444963,13.049645924080814,0.21664759077805698,0.21668657871962643,60.234438228530436,60.319306814047195,-0.14069887404108972,1.5865410474928099,0.2166475907792043,0.052714263744070775,0.22959587048566613,0.2166131581260128,0.05271348214267226,0.22959416835510493,0.15972656290891826,0.4443317022603462,0.28460513935142795,0.2,0.19996389972934767,48.18972506234699,12.044713166183445,-5.980975258390586e-05,4.809264098071253e-10,0.5573250310915353,0.5573208993100474,0.2906534897969081,99.15650028081373,10.085067516178713,23.898866445544822,41.84298875758678,95.74678871887424,10.444214509753824
-5.644983311716,0.024215974540039445,0.1566619060571558,0.43338406074698366,0.27672215468982786,1.17842781854e-10,0.660047938603,47.02118858222828,13.004398916673663,0.21664759077804205,0.21668664293609513,60.025587498901935,60.1101618197859,-0.14069887407310855,1.5865410474978927,0.21664759077839416,0.052556640073519206,0.22925235020282608,0.21661309418561556,0.05255587746388,0.22925068694309292,0.1600659953173277,0.4429739726226586,0.2829079773053309,0.1999999999999999,0.1999638405888825,48.02264048901749,12.002947009884444,-5.9809432206847646e-05,1.0698109065288008e-10,0.5564911639496333,0.556487126523873,0.2889202601279952,99.057029583859,10.095194699467815,24.013592551668218,41.64308184410043,95.63980432585053,10.455897594613852
-5.194983311716,0.024278474540039445,0.15703166210269845,0.43204682391624327,0.2750151618135448,1.20045487094e-10,0.659250102993,46.87006278121044,12.962602861281876,0.21664759077817217,0.21668670150635275,59.83266564249231,59.916968142037085,-0.14069887405673276,1.5865410475022137,0.2166475907778778,0.05239874706501166,0.22890772609287713,0.21661303433707116,0.05239800365192968,0.22890610226014002,0.1604030009469877,0.44162595010143757,0.2812229491544499,0.19999999999999968,0.19996378674123305,47.868299249797474,11.964366392694835,-5.9809159858037475e-05,-1.3137269050389477e-10,0.5556546173585037,0.5556506756385232,0.28719942222051514,98.94266308146618,10.106863600150245,24.12502524946978,41.45073381931395,95.51779733939539,10.46925314291727
-4.744983311716,0.024340974540039445,0.1573986903489721,0.4307194688570963,0.2733207785081242,1.22295526063e-10,0.658443362081,46.73143022380568,12.924261995527571,0.21664759077825385,0.2166867544446317,59.65569221933325,59.739745368431954,-0.14069887405834258,1.586541047504327,0.21664759077764872,0.05224061148900537,0.2285620517255771,0.2166129785223954,0.05223988746141953,0.22856046784476866,0.1607375469390477,0.44028776613205467,0.27955021919300693,0.1999999999999999,0.19996373816217103,47.726717000503434,11.928975218829818,-5.980902666458121e-05,-2.3709922913894843e-10,0.5548155213543138,0.5548116766143436,0.28549114386022556,98.81396089304131,10.120027483590349,24.232927091016855,41.26616632997258,95.3812804025346,10.484237533609653
-4.294983311716,0.024403474540039445,0.15776296182031327,0.42940209927150214,0.27163913745118884,1.24591811837e-10,0.657628331552,46.60530496697328,12.889380207061723,0.21664759077819237,0.21668680188559486,59.494685174035006,59.57851146884702,-0.14069887404932757,1.5865410475044484,0.2166475907775959,0.05208226294573402,0.22821538718003662,0.21661292651018083,0.052081558448479524,0.2282138436828045,0.16106960433171122,0.4389595365611348,0.2778899322294236,0.2000000000000001,0.1999636947103713,47.597908111004614,11.896777063030388,-5.980901900404234e-05,-2.6147972675971687e-10,0.5539740217741471,0.5539702750619764,0.28379557293297697,98.67106947604567,10.134682894490867,24.337568909642094,41.088738308772434,95.2304100719327,10.50084735794633
-3.844983311716,0.024465974540039445,0.15812444616812227,0.42809482219594913,0.26997037602782686,1.26932233475e-10,0.656805617938,46.49169980041183,12.85796103307121,0.21664759077809573,0.21668684441396224,59.349660833483036,59.433282793186564,-0.14069887405431247,1.5865410475095512,0.21664759077686255,0.05192372412959216,0.22786777773435227,0.21661287771600862,0.05192303925604643,0.22786627494222667,0.1613991434196235,0.43764138020581905,0.2762422367861955,0.19999999999999965,0.19996365582128192,47.48188568146662,11.867775152016419,-5.980869737243211e-05,-5.999867269679271e-10,0.5531302285268472,0.5531265806229638,0.28211286111762446,98.51397413246224,10.150844170141756,24.44019038898835,40.91621153862022,95.06522117912466,10.519094024046616
-3.394983311716,0.024528474540039445,0.15848311690374384,0.42679773447492514,0.2683146175711813,1.29315521316e-10,0.65597581801,46.390626245059956,12.83000765985084,0.2166475907781009,0.21668688135983774,59.22063390491079,59.30407406936751,-0.14069887400841585,1.5865410475157706,0.21664759077616386,0.05176500804842215,0.22751924764384693,0.21661283237108656,0.05176434288615191,0.22751778586772486,0.16172613745965558,0.43633340404220017,0.2746072665825446,0.2000000000000005,0.19996362217216693,47.378661441953,11.8419724629578,-5.980830536378434e-05,-9.224843111610426e-10,0.5522842004902091,0.5522806521492899,0.2804431449751541,98.34331777624419,10.16845905357039,24.540982715821592,40.74816447164111,94.8863308531144,10.538925796888662
-2.944983311716,0.024590974540039445,0.158838951271685,0.4255109195488024,0.26667196827711737,1.31743643397e-10,0.655139518736,46.30209455155476,12.805522922353683,0.2166475907780644,0.2166869125821581,59.10761747390845,59.19089840150277,-0.14069887405563364,1.5865410475188737,0.21664759077554363,0.05160613456669232,0.22716983639271374,0.21661279072696724,0.05160548920795507,0.22716841595599302,0.16205056291312867,0.43503570222520405,0.27298513931207535,0.19999999999999998,0.19996359388779658,47.28824585768059,11.819371616227857,-5.9808109775794094e-05,-1.2087664202908854e-09,0.5514360335088535,0.5514325855159201,0.2787865447003627,98.15972751623461,10.187477342320559,24.638554960695537,40.58679584071559,94.69431120558616,10.560296466267642
-2.494983311716,0.024653474540039445,0.1591919295208883,0.4242344511777331,0.26504252165684483,1.3421487761e-10,0.654297295718,46.2261136991676,12.784509303940563,0.21664759077814155,0.2166869378749955,59.01062300310816,59.093767268288374,-0.1406988740500159,1.5865410475217392,0.21664759077521156,0.05144713429823539,0.22681960739370702,0.21661275329160715,0.05144650884517453,0.22681822864393975,0.16237239873299122,0.43374835894408775,0.27137596021109656,0.19999999999999998,0.1999635711357561,47.21064809246085,11.799974910647306,-5.980792916471245e-05,-1.3620438110706345e-09,0.5505858815120093,0.5505825347107156,0.2771431677660122,97.96352547108974,10.207880894355037,24.732756823108158,40.432209282294245,94.48945695456678,10.583191312876615
-2.044983311716,0.024715974540039442,0.15954203254134594,0.42296839752680404,0.26342636498545813,1.36727788738e-10,0.653449725652,46.16269139449908,12.76696893597095,0.21664759077814832,0.21668695756683626,58.929660330470035,59.0126905215888,-0.14069887406403803,1.586541047526078,0.2166475907746107,0.05128802854084096,0.2264686038744465,0.2166127198628903,0.051287423072672984,0.2264672671108851,0.1626916250480888,0.43247145368069784,0.2697798286326091,0.19999999999999984,0.19996355361388754,47.1458760375299,11.783784292940124,-5.980765569457702e-05,-1.639388624852245e-09,0.5497338494311564,0.5497306045479132,0.2755131156365263,97.75492794083887,10.229663312781515,24.82382625302113,40.28387847253391,94.27195356326115,10.607608755333054
-1.594983311716,0.024778474540039445,0.1598892437459768,0.42171282061174997,0.2618235768657732,1.39283912687e-10,0.652597363501,46.11183407068885,12.752903597613736,0.21664759077794893,0.21668697116798555,58.864737668302595,58.947676385225236,-0.14069887399908998,1.5865410475275612,0.21664759077453374,0.05112884428602015,0.22611688191291723,0.2166126908828115,0.05112825888831742,0.2261155874510146,0.1630082236440879,0.4312050592963098,0.2681968356522219,0.19999999999999982,0.1999635417798363,47.09393623820787,11.77080143009473,-5.980756220269612e-05,-1.67491576164025e-09,0.5488800733909768,0.5488769311915197,0.2738964813230278,97.53459431838421,10.252772434113778,24.91226666947808,40.14086768046588,94.04252328965859,10.633487543926474
-1.144983311716,0.024840974540039442,0.16023355016990048,0.4204677658023115,0.260234215632411,1.41882841659e-10,0.65174076392,46.07354688636834,12.742314715614707,0.2166475907782176,0.21668697893351418,58.81586160198305,58.89873145396247,-0.14069887403974635,1.5865410475293193,0.21664759077422624,0.05096959591895108,0.22576447001012157,0.216612666024722,0.05096903065208917,0.22576321811156302,0.16332218098991863,0.42994922991146234,0.2666270489215437,0.19999999999999998,0.19996353541557177,47.05483397753755,11.761027624445505,-5.98074513802338e-05,-1.81684667310833e-09,0.5480246225753015,0.5480215836948503,0.27229333391483884,97.30253653535561,10.277224372631256,24.99885784564524,40.00182753046049,93.80110944143452,10.660854716482412
-0.694983311716,0.024903474540039446,0.16057493648616616,0.4192332891246326,0.2586583526384664,1.4452382507e-10,0.650880456527,46.047833725445244,12.735203364062569,0.21664759077811713,0.21668698076480036,58.78303708950781,58.86586069269866,-0.14069887404385417,1.5865410475363784,0.21664759077322832,0.05081030005058041,0.22541140177590932,0.21661264541992695,0.05080975497023955,0.2254101926937634,0.163633479889726,0.42870403430724285,0.2650705544175168,0.1999999999999999,0.19996353461684702,47.028573217576614,11.754463871931197,-5.980700645835668e-05,-2.277467103795061e-09,0.5471675785692681,0.5471646436221256,0.2707037612160602,97.05857657686755,10.30305651771051,25.08260302424609,39.8682704117013,93.54745527655781,10.68976165138499
-0.244983311716,0.024965974540039446,0.16091339004837202,0.4180094355012406,0.25709604545286857,1.47206261594e-10,0.650016961855,46.0346971962395,12.731570264366114,0.2166475907781758,0.21668697686385582,58.76626746060562,58.84906743585373,-0.14069887401081393,1.5865410475389927,0.21664759077302023,0.05065098338175394,0.22505773344134153,0.216612628894333,0.05065045851515518,0.22505656736730698,0.16394210644517093,0.4274695280844158,0.26352742163924486,0.2000000000000003,0.19996353920406953,47.01515663336997,11.751110827235648,-5.980684166795314e-05,-2.3735124976553834e-09,0.5463090778691373,0.5463062473206364,0.26912783420277137,96.80377466819306,10.330175692297372,25.162014654670948,39.74244565565282,93.28241140359845,10.720134535045094
0.205016688284,0.025028474540039442,0.16124890427583685,0.41679622921521703,0.25554732493938015,1.4992995776e-10,0.6491507906,46.0341386313006,12.731415785046185,0.2166475907781905,0.2166869671079424,58.76555441634679,58.84835338695948,-0.1406988740504711,1.5865410475417592,0.21664759077248946,0.050491680860210046,0.22470353993698017,0.21661261655376463,0.050491176215319074,0.22470241702153335,0.1642480503997854,0.4262457522633046,0.2619977018635192,0.19999999999999965,0.19996354929815413,47.01458557878026,11.750968837566521,-5.980666729632489e-05,-2.6185054124994167e-09,0.5454493023626656,0.5454465765780754,0.26756560524148404,96.53779975672796,10.358636746641903,25.236275003834386,39.625499399101514,93.00627990583257,10.751962136454491
0.655016688284,0.025090974540039446,0.16158146551479505,0.41559371897544656,0.2540122534606515,1.52694640904e-10,0.648282348795,46.04615808734271,12.734739941787478,0.2166475907781554,0.21668695154278872,58.780898029130185,58.86371861845051,-0.14069887405034898,1.5865410475437336,0.21664759077221893,0.05033242879334851,0.224348899692752,0.21661260825517623,0.050331944347380406,0.2243478200192291,0.1645513010287501,0.42503274974609556,0.26048144871734547,0.19999999999999998,0.1999635648750485,47.02686011266861,11.754037916461584,-5.980654285142606e-05,-2.7433832983092543e-09,0.5445884424320289,0.5445858216136409,0.2660171290988704,96.26106188398155,10.388416462777524,25.30529041702961,39.51742831321286,92.71962334362006,10.78520343308544
1.105016688284,0.025153474540039446,0.16191107116917594,0.41440191463796344,0.2524908434687875,1.55499858774e-10,0.647412075099,46.07075434506105,12.741542397397465,0.21664759077839124,0.21668693004275433,58.812296742458514,58.89516157165469,-0.14069887404137837,1.5865410475407244,0.2166475907726258,0.050173262468977346,0.22399388935633344,0.2166126041002927,0.05017279817048443,0.2239928529450983,0.16485185282601986,0.4238305425590513,0.2589786897330314,0.19999999999999998,0.19996358606139467,47.05197898132963,11.760317761128887,-5.9806732521927586e-05,-2.555577971463663e-09,0.5437266841331372,0.5437241683303831,0.26448243389234705,95.97495966367201,10.41938442594121,25.370377111754987,39.416047920575245,92.42326355893395,10.819786723527104
1.555016688284,0.02521597454003945,0.16223771798171233,0.41322082593294696,0.25098310795123463,1.58345218684e-10,0.646540654612,46.107924909434914,12.75182246178594,0.21664759077815668,0.21668690297403242,58.85974737122086,58.94267905698528,-0.14069887404377646,1.5865410475376869,0.21664759077306342,0.050014200880576995,0.22363854962992627,0.21661260364536084,0.0500137566463074,0.2236375564307288,0.16514970138150234,0.42263914833930644,0.25748944695780407,0.20000000000000015,0.19996361252160968,47.089939654762226,11.769807716458642,-5.980692397988818e-05,-2.353583994363362e-09,0.5428641262672268,0.5428617153581287,0.2629615421376828,95.67955741890258,10.451553361830651,25.43181074550558,39.32083366013269,92.11742918759028,10.855708944759787
2.005016688284,0.025278474540039446,0.1625614044506872,0.4120504578032311,0.24948905335254387,1.61231840985e-10,0.645668880733,46.15766600989426,12.765579092199717,0.21664759077816068,0.21668687039669138,58.92324510209398,59.006266254333006,-0.1406988740504045,1.586541047537848,0.21664759077303775,0.0498552751853115,0.22328294871152052,0.21661260678503944,0.049854850896799585,0.22328199859549713,0.16544484350376973,0.4214585798501108,0.25601373634634106,0.19999999999999982,0.1999636442044746,47.14073828312581,11.78250681896817,-5.980691382134751e-05,-2.3654300740361123e-09,0.5420009343792915,0.5419986280510436,0.26145447012861966,95.37511543592356,10.484915225836199,25.488452887769565,39.233452277515134,91.80239848198514,10.89296158418165
2.455016688284,0.02534097454003944,0.1628821305372243,0.41089081125299065,0.24800868071576634,1.64159293845e-10,0.644796761146,46.219972600911646,12.782810893208216,0.21664759077818987,0.21668683151795373,59.00278349411986,59.08591671365937,-0.14069887405215864,1.5865410475363126,0.21664759077324633,0.049696517960556345,0.22292715841852098,0.21661261370637303,0.0496961134597973,0.22292625116795306,0.16573727734907945,0.42028884446991327,0.2545515671208338,0.19999999999999998,0.19996368189786987,47.20436966441279,11.798413829707071,-5.9807010599488564e-05,-2.2691515333406187e-09,0.5411372828001556,0.5411350805242638,0.25996122728333654,95.06172343997568,10.519481067807746,25.539977195052167,39.15430277650087,91.4782870229284,10.931555810061866
2.905016688284,0.025403474540039446,0.16319989586812078,0.4097418860301653,0.24654199016204453,1.67126812765e-10,0.643924726803,46.29483836255475,12.80351611693452,0.21664759077815138,0.2166867869164674,59.09835447948927,59.18162235578914,-0.14069887405127046,1.5865410475337691,0.21664759077357237,0.04953796363173669,0.22257125517850837,0.21661262406237883,0.0495375787654687,0.22257039058569472,0.1660270011881664,0.41912994911519613,0.2531029479270297,0.19999999999999976,0.1999637249602478,47.28082737874944,11.81752710073982,-5.980717091569332e-05,-2.1186608023526787e-09,0.5402733570514651,0.5402712583237519,0.2584818224313179,94.73943079377185,10.555267132402276,25.58656012936671,39.08301838715163,91.14518932737519,10.971506092419219
3.355016688284,0.025465974540039443,0.16351470155095943,0.40860367942024367,0.24508897786928424,1.70136010516e-10,0.643053179783,46.38225570125968,12.827692663280237,0.2166475907782176,0.21668673599488134,59.20994836453991,59.293373473406035,-0.14069887405468995,1.5865410475296766,0.21664759077412282,0.04937964177621283,0.22221530499993206,0.21661263813263407,0.04937927640484771,0.22221448288724951,0.16631401445509156,0.4179818960502438,0.2516678815951522,0.20000000000000023,0.19996377391810272,47.37010363607052,11.839844728469394,-5.980742886491086e-05,-1.8645862631672117e-09,0.539409317363284,0.5394073217525841,0.2570162584629343,94.40836379038045,10.592281868377142,25.629362666814238,39.01774745631243,90.8032942789613,11.012816307389139
3.805016688284,0.025528474540039446,0.1638265489110308,0.40747618579903755,0.24364963688800675,1.73185796224e-10,0.642182556444,46.48221575081462,12.855338080154063,0.2166475907782497,0.21668667881013912,59.33755383096867,59.42115873224658,-0.14069887404019044,1.5865410475265642,0.2166475907746272,0.04922157172062181,0.22185935121292907,0.21661265573681288,0.04922122568960095,0.2218585713683403,0.16659831725587235,0.41684468484964965,0.2502463675937773,0.19999999999999987,0.19996382859577433,47.47218938742032,11.865364443548351,-5.980762504131931e-05,-1.6317724949033163e-09,0.538545268915945,0.5385433759075551,0.25556453483546804,94.06892774219862,10.630502802589163,25.67039973202083,38.95537313167027,90.45296932872756,11.055469018001638
4.255016688284,0.025590974540039446,0.16413544095329805,0.40635938905730334,0.2422239481040053,1.76266979291e-10,0.641313295889,46.594708373385636,12.88644956378128,0.21664759077814044,0.2166866165511531,59.48115793716692,59.564965172496045,-0.14069887405527837,1.5865410475264359,0.21664759077460038,0.04906375768347942,0.22150340332256618,0.2166126757388,0.04906343079771102,0.22150266544154953,0.16687991191219667,0.41571830622421413,0.24883839431201746,0.19999999999999987,0.19996388786397595,47.587074341399834,11.89408359576709,-5.980763313484516e-05,-1.6441514816278868e-09,0.5376812347822133,0.5376794436369321,0.2541266396912803,93.72151182474467,10.669908973192392,25.710644655266158,38.894396208582656,90.09462056507891,11.099441828246121
4.705016688284,0.025653474540039446,0.16444138368760994,0.4052532738601774,0.24081189017256746,1.7938677922e-10,0.640445773169,46.71972216082355,12.92102395909176,0.2166475907781636,0.21668654732351908,59.64074611991532,59.724778210384976,-0.140698874047962,1.5865410475281574,0.21664759077434326,0.04890620675100503,0.22114747737879586,0.2166126995242318,0.04890589877366117,0.22114678106104366,0.16715880158129404,0.4146027475465419,0.24744394596524788,0.2000000000000002,0.1999639535682452,47.71474673201707,11.925999387898246,-5.9807524621646735e-05,-1.762834322960316e-09,0.5368172539220242,0.5368155636681379,0.25270255691029564,93.36620252949575,10.710513793083587,25.748896340522602,38.83661601550818,89.72841938711326,11.144741062312965
5.155016688284,0.025715974540039443,0.16474438156323568,0.404157820702886,0.2394134391396503,1.82547117509e-10,0.639580339585,46.85724443600326,12.959057760023152,0.21664759077808754,0.21668647112731254,59.81630219602642,59.90058163998667,-0.14069887412242466,1.5865410475240518,0.21664759077470358,0.048748937651480036,0.22079161589942684,0.21661272635273882,0.048748648278529115,0.22079096059062092,0.16743499009536225,0.41349799349207317,0.24606300339671092,0.1999999999999997,0.19996402563779944,47.85519361014184,11.961108585884586,-5.9807783403531545e-05,-1.5965229138714676e-09,0.5359534295438501,0.5359518388357972,0.2512922669286423,93.00311644043974,10.752327860329405,25.78339972013202,38.78464480458668,89.3544871771332,11.191379768288918
5.605016688284,0.025778474540039443,0.16504443943643887,0.4030730075250236,0.23802856808858475,1.85751568188e-10,0.638717339733,47.00726125455474,13.000547110076063,0.21664759077818135,0.21668638929625783,60.007808364630804,60.09235763521533,-0.14069887405279147,1.5865410475170907,0.21664759077583504,0.04859197850369175,0.22043588297664188,0.2166127552492108,0.04859170743446582,0.22043526812755218,0.16770848176624142,0.412404026814207,0.2446955450479656,0.19999999999999993,0.1999641029469852,48.008400795182816,11.999407569447992,-5.980822216367088e-05,-1.0742629008575477e-09,0.5350899172261763,0.535088424730746,0.2498957477297252,92.63238304234723,10.795360835560567,25.813703815521876,38.739113423882095,88.97296730071348,11.239368881788222
6.055016688284,0.025840974540039446,0.1653415649353733,0.40199881223317546,0.23665724729780216,1.88995476231e-10,0.637857123462,47.169757406284305,13.045487802627544,0.21664759077817078,0.2166863007249207,60.21524520891185,60.30008675202527,-0.14069887405355752,1.586541047515446,0.2166475907760743,0.04843535292822525,0.2200803328973883,0.21661278740263656,0.048435099854297614,0.22007975793856557,0.16797928167302692,0.4113208271882618,0.24334154551523487,0.20000000000000034,0.19996418658101514,48.17435268093542,12.040892527976428,-5.9808325825194686e-05,-9.638290165980834e-10,0.534226848746088,0.5342254530809895,0.2485129733698932,92.25435336646817,10.83959687005374,25.83978421292447,38.700013582149914,88.58429997048768,11.288682083994063
6.505016688284,0.025903474540039446,0.16563576554015455,0.4009352033031229,0.23529943776296833,1.92276702385e-10,0.636999980979,47.344716417324015,13.093875281600694,0.21664759077822215,0.21668620652469162,60.43859169892471,60.523747930811254,-0.1406988740748405,1.586541047516235,0.2166475907759687,0.04827908865779789,0.21972502965706453,0.21661282184297218,0.04827885331826982,0.21972449412450543,0.16824739713398362,0.4102483653439024,0.2420009682099188,0.1999999999999999,0.1999642754693798,48.35303249945955,12.085559199465152,-5.980827609830541e-05,-1.0125567051488815e-09,0.5333643794471347,0.5333630794860379,0.24714390648297543,91.86919973913702,10.885040936891844,25.86113279563199,38.66806639533217,88.18869410122569,11.339322009374232
6.955016688284,0.025965974540039443,0.16592705067597843,0.3998821539170164,0.233955103241038,1.95595656661e-10,0.63614622877,47.53212055208372,13.145704641946438,0.21664759077818416,0.21668610558016968,60.67782519403015,60.763318499010644,-0.14069887407792692,1.5865410475151591,0.21664759077607706,0.04812321477276885,0.2193700407365802,0.21661286014341086,0.04812299705110813,0.21936954449309534,0.16851283476354667,0.4091866148261986,0.24067378006265194,0.20000000000000004,0.19996437058878208,48.544422070409766,12.133403123620383,-5.980834391072776e-05,-9.625411578895182e-10,0.5325026731336562,0.5325014685435453,0.24578851329682544,91.47688379491106,10.931723496856053,25.877708161512892,38.64329846208208,87.78609743740866,11.3913253828489
7.405016688284,0.026028474540039447,0.16621542812029966,0.3988396327409683,0.23262420462066863,1.98949328998e-10,0.635296143953,47.731950815375605,13.200970630272463,0.21664759077812604,0.21668599878672012,60.93292144564808,61.01877417390502,-0.14069887410760318,1.5865410475118156,0.21664759077644094,0.04796775876501643,0.21901543042675425,0.21661290160804508,0.04796755847345564,0.21901497317182594,0.16877560178459047,0.40813554674384317,0.2393599449592527,0.19999999999999998,0.19996447125382152,48.748502026818414,12.184419418829657,-5.980855465326229e-05,-7.945866187242245e-10,0.5316418858663109,0.531640775917704,0.24444675692977283,91.07754984455335,10.9796541706134,25.889304810909376,38.625988890154154,87.37654244159037,11.44471928113294
7.855016688284,0.026090974540039447,0.16650090531487294,0.39780760559228934,0.2313067002774164,2.0234073027e-10,0.634450005108,47.94418695488202,13.25966764551572,0.21664759077820483,0.2166858890996053,61.20385460039774,61.29008906562537,-0.14069887406312764,1.586541047512446,0.21664759077647988,0.04781275142267458,0.21866127097104915,0.21661294466083145,0.04781256839445837,0.21866085245068073,0.1690357052217817,0.40709513299527,0.2380594277734883,0.2,0.1999645747916927,48.96525183961663,12.23860276078112,-5.980851491838024e-05,-7.766121079555433e-10,0.5307821930101428,0.530781177086484,0.2431186015090918,90.67140479841731,11.028835410934928,25.895633369293215,38.616549197278566,86.96020165928246,11.499513351154427
8.305016688284,0.026153474540039447,0.16678349566035292,0.3967860397700775,0.23000254410972457,2.05775373356e-10,0.633608069703,48.16880746351631,13.321789739555289,0.2166475907781529,0.21668577408176845,61.490597203071594,61.57723568035739,-0.14069887407016646,1.5865410475098978,0.21664759077681228,0.04765822292580247,0.2183076336865078,0.21661299271457,0.04765805713284459,0.21830725396295148,0.16929315351581226,0.4060653398208111,0.23677218630499886,0.19999999999999998,0.1999646833897707,49.19464940191147,12.29594780116013,-5.980867553434521e-05,-6.231792859523466e-10,0.5299237676813892,0.5299228459337905,0.241804003937592,90.25839486781238,11.079301836295079,25.89703992507245,38.614451801954445,86.53726520478833,11.555715305233235
8.755016688284,0.026215974540039443,0.16706320773285174,0.3957749029128086,0.22871169517995685,2.09244974872e-10,0.632770586235,48.40578958230134,13.387330618063354,0.21664759077798348,0.21668565321016628,61.793120200364676,61.880184923748565,-0.14069887394675407,1.5865410475065997,0.2166475907774286,0.04750419914116206,0.217954580454649,0.2166130454763382,0.04750405048691271,0.21795423943321843,0.16954795498041267,0.4050461339654935,0.23549817898508082,0.19999999999999982,0.1999647974907701,49.436671433175945,12.356448767188738,-5.980888340140211e-05,-3.3870684035264276e-10,0.5290667600923308,0.529065932290949,0.24050292176316315,89.83829330816626,11.131110834549887,25.894010081016802,38.61897005798694,86.10802819554718,11.613319001209135
9.205016688284,0.026278474540039443,0.16734004887496673,0.39477416194022513,0.2274341130652584,2.12751409087e-10,0.631937791766,48.65510930275772,13.456283641180539,0.2166475907781714,0.21668552751253242,62.11139294393826,62.1989061045172,-0.14069887407968107,1.5865410475019504,0.21664759077792334,0.04735070373661811,0.21760216850164454,0.2166131015313247,0.04735057209527319,0.21760186601974071,0.16980011990755747,0.40403747425938163,0.23423735435182416,0.19999999999999998,0.19996491610593675,49.69129346468077,12.420099479257487,-5.980917645587169e-05,-1.1034506641749431e-10,0.528211309154778,0.5282105749049173,0.2392153024302408,89.41112188235422,11.184290935480986,25.886473066248396,38.63021422195331,85.67322731291436,11.672257849556464
9.655016688284,0.026340974540039447,0.1676140287657898,0.3937837841046294,0.2261697553388396,2.16297602187e-10,0.631109906794,48.91674137064505,13.528641824422483,0.21664759077803353,0.21668539735711728,62.445383195067535,62.53336693826257,-0.14069887406173986,1.5865410475014372,0.216647590777943,0.04719776273748487,0.21725046084527616,0.2166131613668082,0.04719764805994425,0.21725019691577785,0.17004966098824803,0.4030393099367229,0.23298964894847485,0.19999999999999993,0.19996503890590572,49.95848971497166,12.486893480095869,-5.98092087966684e-05,-1.0127454430630678e-10,0.5273575678391959,0.5273569271721186,0.2379410811335054,88.97695128291757,11.23886563409357,25.875033431560862,38.64729306128193,85.23257557658214,11.732603329597756
10.10501668828,0.026403474540038885,0.16788515865017617,0.392803737432602,0.22491857878242583,2.19881212854e-10,0.630287141645,49.19065928828232,13.604397839512346,0.21664759077813944,0.21668526213213657,62.795057127794664,62.88353355147506,-0.1406988740668913,1.5865410475004293,0.2166475907781363,0.04704539203452598,0.2168994975432769,0.21661322686463147,0.047045294379763125,0.21689927242792476,0.17029658683963184,0.4020516065321567,0.23175501969252488,0.1999999999999997,0.19996516649018956,50.238233074474245,12.556824053320424,-5.980927232362987e-05,-1.2045919817182948e-11,0.5265056333824264,0.5265050869334862,0.23668021387487126,88.53563264459062,11.294887381833131,25.861082243599476,38.66814198185756,84.78532596733368,11.794493782866185
10.55501668828,0.02646597454003889,0.16815344370821914,0.3918339881476504,0.22368054443943128,2.23503295988e-10,0.629469694173,49.476835318368,13.683544015268483,0.21664759077818296,0.21668512305492418,63.160379333636484,63.24937048576279,-0.1406988740644155,1.5865410474968407,0.2166475907786179,0.04689360073582664,0.21654930324484226,0.21661329476497349,0.04689351998414724,0.21654911679373628,0.17054090582705247,0.40107433058488423,0.23053342475783176,0.1999999999999999,0.19996529763778634,50.53049528127038,12.62988405236611,-5.980949852046891e-05,2.1025403640351215e-10,0.5256555656183577,0.5256551130236847,0.2354326579393182,88.08711284056439,11.352398412807291,25.845245466496507,38.69183603987479,84.33144964319375,11.857972372477867
11.00501668828,0.02652847454003889,0.1684188945954676,0.3908745044720753,0.22245560987660767,2.27162879793e-10,0.628657752587,49.77524048722219,13.766072338595308,0.21664759077816864,0.21668497914082607,63.54131282581749,63.63084070224972,-0.14069887407454074,1.586541047493121,0.2166475907791092,0.04674239703487625,0.21619990063567618,0.21661336653032323,0.04674233311689387,0.21619975281413684,0.17078262648240877,0.4001074479659094,0.22932482148350064,0.2000000000000002,0.19996543313944934,50.83524668435365,12.706066141463843,-5.980973297736725e-05,4.370281914134466e-10,0.5248074196146642,0.5248070607900769,0.2341983697593337,87.63138228772964,11.411437020548089,25.826559463472492,38.71983031322228,83.8708800425814,11.923089390409379
11.45501668828,0.026590974540038892,0.1686815186455826,0.3899252543455774,0.2212437356999948,2.30864669881e-10,0.627851487734,50.08584458847275,13.851974455484248,0.21664759077817572,0.21668483202073144,63.937819043957006,64.02790558620683,-0.14069887406911175,1.5865410474910315,0.21664759077939577,0.04659180099842615,0.21585134004315598,0.21661344095975033,0.04659175389013281,0.21585123092105082,0.17102175686644563,0.39915092643119754,0.2281291695647519,0.20000000000000032,0.19996557161767853,51.152456510844445,12.785362533112554,-5.980986467202243e-05,5.693001625672878e-10,0.5239613175369017,0.5239610526519977,0.23297730817359202,87.16829894634975,11.472060509239476,25.803632146876126,38.75423406704638,83.40353519415028,11.989899440978823
11.90501668828,0.026653474540038892,0.16894132647292578,0.3889862092486283,0.22004488277570253,2.34608704817e-10,0.627051044182,50.40861618681823,13.941241672038178,0.21664759077815834,0.216684679401856,64.34985785885641,64.44052495187094,-0.14069887401173542,1.5865410474867998,0.2166475907801031,0.0464418366162964,0.21550368121286562,0.216613520189344,0.04644180623991484,0.21550361073521446,0.17125830511547452,0.39820473343861723,0.2269464283231427,0.19999999999999982,0.1999657152454006,51.48209250617032,12.867765352686082,-5.9810131403104094e-05,8.957945496490538e-10,0.5231174044125455,0.523117233333865,0.23176943163916316,86.69761130299014,11.534343160911408,25.77615730647656,38.79554225674819,82.92926596814577,12.05846920656591
12.35501668828,0.02671597454003889,0.16919832390547615,0.38805734185302426,0.2188590179475481,2.38393391744e-10,0.62625656089,50.74352262183158,14.033864955544606,0.21664759077820547,0.21668452247065675,64.77738757737619,64.86865704746805,-0.14069887407270887,1.5865410474845565,0.21664759078029738,0.046292526903142395,0.21515698199952143,0.21661360286389597,0.04629251317566777,0.215156950098452,0.17149227851744786,0.39726883983169414,0.22577656131424628,0.2,0.19996586287176923,51.82412137588713,12.953266201489054,-5.981027279000628e-05,9.854561611177814e-10,0.5222758206791459,0.5222757432419345,0.23057470293711343,86.21927216829715,11.59833497606003,25.744494587514293,38.843256238752716,82.44807088868144,12.1288465481523
12.80501668828,0.02677847454003889,0.1694525208812794,0.3871386235527907,0.2176861026715113,2.42220294218e-10,0.625468161361,51.09053001235149,14.12983493566474,0.21664759077823156,0.21668436016291215,65.22036494801624,65.31225856044017,-0.14069887406955583,1.586541047486153,0.21664759078010237,0.04614389104920035,0.2148112917171729,0.21661369057096613,0.046143893914401206,0.21481129838628416,0.171723685270587,0.39634321281816076,0.22461952754757375,0.19999999999999976,0.19996601550606172,52.178508439510225,13.04185650850602,-5.981017217049356e-05,8.954614827416663e-10,0.5214366860424889,0.5214367022312085,0.22939308020583526,85.73339120849307,11.664066776130701,25.7089962335886,38.8968900580221,81.96008746642967,12.20106067370406
13.25501668828,0.026840974540038885,0.1697039213668499,0.386230021475965,0.21652610010911513,2.46090267733e-10,0.624685960774,51.449603260410726,14.229141905536018,0.2166475907781742,0.2166841965843991,65.67874516594674,65.77128462287432,-0.14069887407276438,1.5865410474869555,0.21664759077994636,0.045995947419260184,0.21446665805961584,0.21661377929608297,0.04599596679793878,0.21446670323837866,0.1719525335005577,0.3954278198974972,0.2234752863969395,0.1999999999999999,0.19996616928491034,52.54521809167255,13.133527074274193,-5.9810121588732557e-05,8.234302129039861e-10,0.5206001162753285,0.5206002259430498,0.22822452195576653,85.24052712144514,11.731508869897828,25.669700469524035,38.956434306167104,81.46540415706072,12.275149314573536
13.70501668828,0.026903474540038892,0.1699525432142425,0.3853314993451863,0.2153789561309438,2.50003066606e-10,0.623910057183,51.82070605580109,14.331775823054253,0.21664759077822582,0.21668402724760213,66.15248187885534,66.24568881713489,-0.14069887406082948,1.586541047486111,0.2166475907800819,0.045848714234350385,0.21412312867682087,0.2166138751643411,0.04584875015193719,0.21412321254814293,0.17217883193311528,0.39452262616795264,0.22234379423483736,0.19999999999999998,0.19996632833393344,52.92421296736358,13.228268911491769,-5.981017481282436e-05,8.860023825718599e-10,0.5197662270440367,0.5197664306347529,0.22706898363224123,84.74077130656644,11.800695044210807,25.626629925008235,39.02190818403832,80.96393467453157,12.351178386029762
14.15501668828,0.02696597454003889,0.17019839045436544,0.38444302164410427,0.21424463118973883,2.53957367059e-10,0.623140544338,52.20380088060008,14.437726312071383,0.21664759077818813,0.2166838560346544,66.64152719267146,66.73542318169895,-0.14069887407747173,1.5865410474852435,0.21664759078020426,0.04570220908378471,0.2137807500309247,0.21661397363878324,0.04570226152037942,0.21378087267194748,0.1724025882340457,0.3936276009648346,0.22122501273078893,0.20000000000000015,0.19996648916745963,53.315454967195166,13.326072225476306,-5.981022949130832e-05,9.424905300647879e-10,0.5189351311316167,0.5189354288325825,0.22592642609019212,84.23335164423355,11.871782144245925,25.57994592515624,39.09312407953779,80.4555780251061,12.429219011862058
14.60501668828,0.02702847454003889,0.17044147287664596,0.3835645646186949,0.21312309174204896,2.57955782172e-10,0.622377498894,52.59884901392483,14.546982663770137,0.21664759077818482,0.2166836795007872,67.14583167769496,67.24043821719394,-0.1406988740813797,1.5865410474842812,0.21664759078032678,0.04555644784248926,0.21343956484796642,0.2166140772417592,0.04555651674495344,0.21343972625768015,0.1726238105815957,0.39274271157525187,0.22011890099365616,0.20000000000000004,0.19996665493915203,53.71890432399894,13.426927353696012,-5.9810290153894385e-05,9.990230864787009e-10,0.5181069322520029,0.518107324060767,0.22479680756947393,83.7179075129602,11.944875710673873,25.530115333468096,39.169427436509615,79.9402988923527,12.50933526464038
15.05501668828,0.027090974540038892,0.17068179512136972,0.3826961025149683,0.21201430739359856,2.6199941224e-10,0.621620987918,53.005810536778256,14.65953383796258,0.21664759077816675,0.21668350053491311,67.66534437474084,67.76068289264008,-0.14069887408054704,1.586541047482539,0.21664759078055365,0.04541144231726634,0.21309960656290838,0.21661418402869406,0.045411527665472615,0.21309980681707014,0.17284250646521243,0.39186792804192255,0.21902542157671012,0.20000000000000032,0.19996682300881044,54.13452043232684,13.53082394241401,-5.981039995495152e-05,1.1037615266218381e-09,0.5172817115658076,0.517282197666264,0.22368008982755005,83.19407385065648,12.020086933056339,25.477728431104982,39.24996699388359,79.41771556814317,12.591649014909843
15.50501668828,0.027153474540038885,0.17091936440172678,0.3818376180759562,0.2109182536742294,2.66093589035e-10,0.620871066947,53.42464433710227,14.775368464510997,0.21664759077818654,0.21668331788348583,68.20001280161327,68.2961046518939,-0.14069887407254233,1.586541047481971,0.21664759078067047,0.045267201286919814,0.21276090168759818,0.21661429591139106,0.04526730305906577,0.2127611408576899,0.17305868198649185,0.3910032259573887,0.21794454397089683,0.19999999999999987,0.1999669943516119,54.5622612269332,13.637751574680061,-5.9810435759644065e-05,1.1576739566976357e-09,0.5164595334283532,0.5164601139940187,0.22257624170699647,82.66132506376111,12.097555891206031,25.42279860108711,39.334772528042556,78.88740551194252,12.67629469508429
15.95501668828,0.02721597454003889,0.17115418207846883,0.380989095389563,0.20983491331109416,2.70256831853e-10,0.620127779853,53.85530811497028,14.89447484474692,0.2166475907782006,0.21668313284840945,68.7497829597172,68.84664942029781,-0.14069887408645343,1.5865410474787152,0.21664759078110649,0.045123736084900876,0.2124234828941962,0.21661441050846975,0.04512385414888362,0.21242376079168643,0.17327234237400146,0.39014858440952327,0.2168762420355218,0.2000000000000001,0.1999671677913033,55.00208357499575,13.747699384721454,-5.981064097326794e-05,1.3589351866016841e-09,0.5156404771486134,0.5156411517218432,0.22148523651158386,82.11963269634856,12.177355976465112,25.365763995947415,39.423216275282144,78.34949848577597,12.7633235607953
16.40501668828,0.02727847454003889,0.171386256111839,0.3801505178239628,0.2087642617121238,2.74459849126e-10,0.619391160776,54.29775838799256,15.016840952974444,0.21664759077816734,0.21668294195451482,69.31459934096699,69.41226161153091,-0.140698874084344,1.5865410474750024,0.21664759078161588,0.04498105026461801,0.21208736469817813,0.21661453045235332,0.04498118440414582,0.21208768093443292,0.17348349449442113,0.38930397593039656,0.21582048143597543,0.2,0.1999673465416283,55.45394283415773,13.860656506809267,-5.98108749971793e-05,1.5940582187567998e-09,0.5148245779617074,0.5148253455991249,0.22040703917703283,81.56918278825073,12.259531919008518,25.307083484339866,39.514628409030394,77.80418909644946,12.852778386525646
16.85501668828,0.027340974540038886,0.17161558846254202,0.3793218643659124,0.2077062759033704,2.78713421442e-10,0.618661238414,54.751950496750915,15.142454437985679,0.21664759077818657,0.21668274928570108,69.89440493473658,69.99288413466488,-0.14069887410098625,1.586541047471778,0.21664759078201215,0.04483914975139219,0.21175256728406433,0.21661465272651603,0.04483929976419234,0.21175292150096145,0.1736921446710374,0.38846937522591063,0.21477723055487322,0.20000000000000007,0.19996752687981523,55.917793637200965,13.97661129753563,-5.9811078223503955e-05,1.776956359833548e-09,0.5140118848638933,0.5140127446961861,0.21934161741403496,81.00992886887094,12.344165881427681,25.24609760939994,39.610082139097315,77.25145955067303,12.944739242681244
17.30501668828,0.027403474540038893,0.17184218511734675,0.37850311696623185,0.2066609318488851,2.8300189416e-10,0.617938021692,55.21783861058286,15.271302624630287,0.21664759077815868,0.2166825538287122,70.48914123521315,70.58845840142287,-0.14069887409202675,1.5865410474717485,0.21664759078203416,0.0446980453040528,0.2114191223708319,0.2166147781103775,0.044698211064225356,0.2114195143883964,0.1738982996822388,0.3876447551812179,0.21374645549897908,0.19999999999999987,0.19996770967911429,56.39358910515996,14.095552130053186,-5.9811080088678636e-05,1.7871260027391145e-09,0.5132024748503705,0.5132034264406643,0.21828893660906434,80.44174787176797,12.431355937144701,25.18282805219413,39.70959885551345,76.6912653242531,13.03929457640278
17.75501668828,0.02746597454003889,0.1720660504865923,0.3776942596219185,0.2056282091353262,2.87338700562e-10,0.617221513618,55.69537573330605,15.403372515436782,0.21664759077821244,0.216682355255648,71.09874824874282,71.19892433364204,-0.14069887408661996,1.5865410474728328,0.21664759078191018,0.04455774236057146,0.21108704924881455,0.216614906591799,0.04455792367350952,0.21108747872270756,0.17410196561634503,0.38683009144417047,0.21272812582782544,0.19999999999999984,0.19996789534470255,56.88128119979886,14.21746704894396,-5.981101174334924e-05,1.729905108049934e-09,0.5123963947468325,0.5123974372592731,0.21724896567474095,79.86427902788799,12.521242439950003,25.117706367503665,39.812552363211076,76.12332065369314,13.136578796257291
18.20501668828,0.02752847454003889,0.17228718350003833,0.3768952758911809,0.20460809239114255,2.91717189248e-10,0.6165117128,56.184513709305314,15.538650792247324,0.21664759077816412,0.21668215776385272,71.72316450155265,71.82422037094064,-0.14069887409301485,1.586541047474579,0.21664759078167695,0.04441824661682332,0.21075636791523839,0.2166150337702954,0.04441844337990009,0.21075683471693177,0.1743031477278646,0.38602536299692924,0.21172221526906465,0.20000000000000046,0.19996807997184177,57.3808210066726,14.34234349488004,-5.981090168694081e-05,1.6222356791217862e-09,0.5115936930948957,0.5115948262174916,0.2162216777803844,79.27751669763907,12.613916803347355,25.050511419300708,39.91934468968679,75.54754073501994,13.236698246835871
18.65501668828,0.027590974540038886,0.1725055972350419,0.37610615792403684,0.20360056068899493,2.96150425216e-10,0.615808597685,56.68520322964648,15.677123817965471,0.21664759077814702,0.21668195355239903,72.36232704761196,72.46428347858794,-0.14069887409584592,1.586541047473133,0.21664759078186124,0.044279565769534825,0.2104271032199389,0.21661516818939242,0.04427977784671107,0.21042760714010667,0.17450185166285195,0.3852305472578995,0.21072869559504756,0.19999999999999982,0.19996827079385376,57.89215763728168,14.470169410330275,-5.98109928251489e-05,1.7073009672685657e-09,0.5107944302154852,0.510795653440115,0.21520704409845928,78.68106875536041,12.7095375777019,24.981220291101952,40.030070122562805,74.96351098561529,13.33982342678546
19.10501668828,0.027653474540038886,0.17272128666767142,0.3753268946282381,0.20260560796056667,3.00640408008e-10,0.61511214725,57.19739383839333,15.818777638272092,0.21664759077826304,0.2166817498085074,73.01617147666543,73.11904915557905,-0.1406988740987658,1.5865410474747996,0.21664759078165846,0.04414170555639352,0.2100992754780309,0.2166153035104932,0.0441419328826371,0.21009981647454407,0.17469808050661356,0.3844456318818364,0.20974755137522283,0.20000000000000012,0.19996846112631783,58.4152400291413,14.600931447524125,-5.981088777584631e-05,1.613709166292665e-09,0.509998655421866,0.5099999686462651,0.21420504887048838,78.07476651331368,12.808235549823582,24.910318308381814,40.14400729931742,74.37129420168596,13.446048112167054
19.55501668828,0.02771597454003889,0.1729342587825255,0.3745574756770304,0.2016232168945049,3.05188949323e-10,0.614422323895,57.72103393912603,15.96359798338693,0.21664759077814638,0.21668154235119158,73.68463192251295,73.78845144291274,-0.14069887410512738,1.5865410474739938,0.21664759078175017,0.044004668112024616,0.20977289651436054,0.2166154429676598,0.04400491047744254,0.2097734741988189,0.1748918402522341,0.3836705928998165,0.2087787526475824,0.20000000000000004,0.19996865483913653,58.95001519465114,14.734616727861813,-5.981093855744746e-05,1.656030867991376e-09,0.5092063974178764,0.5092077996992352,0.21321566149771926,77.45884958218019,12.910080712456839,24.838073900942348,40.26077078231337,73.77256243446838,13.555175081362973
20.00501668828,0.02777847454003889,0.1731445126387856,0.37379788729600083,0.20065337465721522,3.09792739751e-10,0.613739086536,58.25607080152461,16.111570269998005,0.21664759077812892,0.21668133367636844,74.36764107152261,74.47242293207381,-0.14069887406076287,1.5865410474739676,0.21664759078178372,0.0438684560720716,0.20944797939362317,0.21661558283977234,0.04386871325408612,0.2094485933447301,0.17508314269722314,0.38290538312002925,0.20782224042280611,0.20000000000000004,0.19996884961432213,59.49642943791943,14.871211633603192,-5.9810940211679764e-05,1.6715295814151432e-09,0.5084176879169866,0.5084191782326424,0.21223882173720693,76.8333386583744,13.015183479743342,24.76442436599342,40.38050653715993,73.16800799981995,13.667175413637894
20.45501668828,0.027840974540038893,0.17335205731210993,0.37304812026133877,0.19969606294922884,3.1445689137e-10,0.613062382184,58.802450568101065,16.262679603022857,0.21664759077815854,0.21668112001358375,75.06513017112393,75.17089477371883,-0.14069887409652315,1.5865410474730264,0.2166475907818628,0.043733072150445515,0.2091245374183659,0.21661572823794398,0.04373334395113086,0.2091251872710001,0.17527199728017923,0.382149964788597,0.20687796750841775,0.19999999999999943,0.19996904884656688,60.05442748926054,15.01070268186338,-5.98109995419982e-05,1.7080337144648183e-09,0.5076325592100318,0.5076341366736827,0.21127448139355354,76.1982413084577,13.123662473414646,24.689302947412227,40.503371121087625,72.55630360882942,13.782400015734943
20.90501668828,0.027903474540038886,0.1735568948624781,0.37230816318945903,0.19875126832698092,3.19175903342e-10,0.612392153436,59.36011826137091,16.416910777626452,0.21664759077817322,0.216680902335913,75.77702903899736,75.88379668656653,-0.14069887410901316,1.5865410474742592,0.21664759078171897,0.04359851959654344,0.20880258522476067,0.21661587830962517,0.043598805863222435,0.20880327071964758,0.17545840871942578,0.38140431903089167,0.2059459103114659,0.19999999999999996,0.19996925181258654,60.623953237488415,15.153075801508948,-5.9810921837488706e-05,1.641642377592234e-09,0.5068510468251118,0.5068527108073902,0.21032261637241675,75.5531417001022,13.235716973482882,24.61319937276364,40.62860682413256,71.93632985845827,13.901181808518691
21.35501668828,0.027965974540038886,0.1737590221796637,0.37157800467080404,0.19781898249114033,3.23958461533e-10,0.61172833917,59.92901779076378,16.57424828113959,0.2166475907781754,0.21668068616756125,76.50326607190337,76.61105696649116,-0.140698874099765,1.5865410474738806,0.21664759078175377,0.043464795683691354,0.2084821231753249,0.21661602814655923,0.043465096312046966,0.20848284416720472,0.17564238057624787,0.38066843160377234,0.20502605102752447,0.2000000000000003,0.19996945337438962,61.20494977414938,15.298316297754004,-5.9810945696181506e-05,1.6576962025283137e-09,0.5060731516422079,0.5060749017905076,0.20938320849099576,74.89801500712153,13.351488686381302,24.53664877729907,40.75536187016642,71.30792895700262,14.023685929835121
21.80501668828,0.02802847454003889,0.17395844578266553,0.37085763800453575,0.19689919222187022,3.28796635566e-10,0.611070869144,60.5090919599378,16.734676295075474,0.21664759077816434,0.21668046722134018,77.24376825501326,77.35260249581978,-0.1406988741101456,1.5865410474700266,0.21664759078227477,0.04333189779263603,0.20816315186083253,0.2166161814036999,0.043332212555409956,0.20816390790771092,0.17582391673233327,0.3799422869820418,0.20411837024970853,0.20000000000000037,0.19996965742526307,61.79735837882185,15.446409876191414,-5.9811188624081524e-05,1.898192714122615e-09,0.5052988750953749,0.5053007103367911,0.20845623792997572,74.23339958039136,13.471025248103395,24.459441794988358,40.88400742673105,70.6714445912126,14.149986685348463
22.25501668828,0.028090974540038886,0.17415516908851855,0.37014704476501065,0.1959918756764921,3.33695915167e-10,0.610419664288,61.10028247428354,16.8981786972006,0.21664759077809206,0.2166802462001422,77.99846117148414,78.1083587528336,-0.14069887410798065,1.586541047468117,0.2166475907825662,0.04319982547720615,0.20784567707124954,0.21661633676591,0.04320015416599373,0.207846467773676,0.1760030224691448,0.3792258640362486,0.2032228415671038,0.19999999999999996,0.19996986342789436,62.40111954343652,15.597341628047603,-5.9811308983359623e-05,2.032707335786199e-09,0.5045282312392775,0.5045301506041772,0.20754167771716492,73.55929768146441,13.59447454664839,24.38146503817259,41.01476258437958,70.02694981855284,14.280216439400899
22.70501668828,0.028153474540038893,0.17434919598969084,0.369446215531865,0.19509701954217418,3.38656341397e-10,0.609774641631,61.7025299484204,17.064739063636267,0.21664759077814694,0.21668002279189175,78.76726901205667,78.87824982147268,-0.14069887410939064,1.586541047465396,0.2166475907829513,0.04306857733745012,0.2075297023017431,0.21661649524149967,0.04306891977810977,0.20753052734021993,0.1761797019733456,0.3785191460213762,0.20233944404803061,0.1999999999999998,0.19997007156738994,63.016172590547825,15.751096421508828,-5.981148047951024e-05,2.2104540420286867e-09,0.5037612285581455,0.5037632312709743,0.20663950647604934,72.87506067678397,13.72211550444133,24.303377437179222,41.14654444983451,69.37400211254442,14.414621753805047
23.15501668828,0.02821597454003889,0.1745405252630834,0.36875514311116747,0.19421461784808408,3.43683629642e-10,0.609135717318,62.3157739139771,17.234340670958346,0.21664759077822934,0.21667979960586253,79.55011458493543,79.66219840124393,-0.14069887419370097,1.586541047463813,0.2166475907830273,0.04293814582867699,0.20721521620932423,0.21661665431378516,0.042938501923837975,0.20721607544743717,0.1763539582029202,0.3778221211034581,0.20146816290053787,0.19999999999999982,0.19997027942841433,63.64245594282351,15.907658642111917,-5.981158025525346e-05,2.2455370896068416e-09,0.5029978395178094,0.502999925247433,0.20574970910032336,72.1805065308258,13.85415603273627,24.2253002384991,41.27915815923675,68.7124104676063,14.553411722783888
23.60501668828,0.02827847454003889,0.1747291628799799,0.3680738244785355,0.1933446615985556,3.48773104899e-10,0.608502797181,62.93995282772984,17.406966498469814,0.21664759077817836,0.21667957367945426,80.34691932619967,80.46012581733251,-0.14069887411046755,1.586541047463332,0.21664759078324386,0.04280852829885618,0.2069022191733481,0.2166168180051299,0.04280889789064344,0.20690311232710695,0.17652579431686968,0.37713477664874234,0.20060898233187266,0.20000000000000004,0.19997048979786924,64.27990651478963,16.06701281141003,-5.981161058654649e-05,2.3455015707440907e-09,0.5022380650391223,0.5022402330961778,0.20487226946161088,71.47604972069225,13.990700436128062,24.146797611826127,41.413359074589685,68.04274660232507,14.696643653209456
24.05501668828,0.028340974540038887,0.17491510789057377,0.36740224262414917,0.1924871347335754,3.53927743985e-10,0.60787577974,63.575004079116276,17.58259923031787,0.21664759077815185,0.21667934773218656,81.15760330943414,81.27195203091613,-0.14069887411893856,1.5865410474617831,0.21664759078345266,0.04267972194781677,0.2065907111847403,0.21661698188639245,0.042680104797143376,0.20659163777157916,0.17669521606737532,0.37645708964776003,0.19976187358038472,0.19999999999999996,0.1999707000750878,64.92846055923033,16.22914275020381,-5.981170819735482e-05,2.4418689292815543e-09,0.5014819051000569,0.5014841543131555,0.2040071581870269,70.76236315944597,14.13180616575425,24.06803174618475,41.54888985296936,67.36578490487769,14.844330863390475
24.50501668828,0.028403474540038887,0.1750983690254408,0.36674038129839653,0.19164201227295574,3.59151191701e-10,0.607254555066,64.22086399903857,17.761221257883772,0.2166475907781824,0.21667911941457899,81.98208525692233,82.09759564968252,-0.14069887412181403,1.5865410474607882,0.2166475907836041,0.04255172242062494,0.2062806884335636,0.21661714927625988,0.04255211830970737,0.20628164801966115,0.1768622303507172,0.3757890325151505,0.19892680216443331,0.20000000000000032,0.1999709125753258,65.58805285326741,16.394032403654922,-5.981177091385348e-05,2.511768570911954e-09,0.5007293504523049,0.5007316797683812,0.20315434006213626,70.03926581302244,14.277705347020778,23.988982686627505,41.685802731328124,66.68127918044307,14.996712904891147
24.95501668828,0.02846597454003889,0.17527894548117837,0.3660882284515006,0.1908092829703222,3.64447483856e-10,0.606638898174,64.87746786796858,17.9428146820216,0.2166475907781569,0.2166788913612705,82.82028254999018,82.93697393854875,-0.14069887411738424,1.5865410474602148,0.21664759078370072,0.042424527167873594,0.205972151437697,0.21661731693480607,0.04242493588795398,0.20597314360846652,0.17702684150368383,0.3751305879037692,0.19810374640008535,0.20000000000000004,0.1999711248280391,66.25861748989261,16.561665060097557,-5.981180705161293e-05,2.556377332041393e-09,0.4999804023529751,0.4999828107656539,0.20231379294218488,69.3070995189975,14.428536281855134,23.909567992008032,41.82426049413599,65.98879205234975,15.154088579264904
25.40501668828,0.02852847454003889,0.17545684623716568,0.3654457605613736,0.18998891432420795,3.69819769585e-10,0.606027947695,65.54474992454116,18.127361315452752,0.2166475907779911,0.21667866156138127,83.67211123999391,83.79000283058488,-0.14069887409997595,1.586541047457889,0.21664759078394333,0.04229813275299791,0.2056650985291328,0.21661748680003104,0.04229855411193307,0.20566612290781647,0.17718905406364963,0.37448173766511006,0.19729268360146043,0.2000000000000001,0.19997133868945782,66.9400871443591,16.732024095634817,-5.981195365656333e-05,2.6683544263050862e-09,0.4992350567531161,0.49923754334784887,0.2014854936591783,68.56675694673172,14.584326932319142,23.830226614459633,41.963511979077154,65.2882862569619,15.316683241832939
25.85501668828,0.028590974540038887,0.17563207892165153,0.364812953561761,0.1891808746401095,3.75259998528e-10,0.605421547838,66.2226433741652,18.314842685205406,0.21664759077816564,0.2166784296199477,84.53748605937061,84.65659693813681,-0.14069887412702098,1.5865410474558754,0.21664759078428586,0.04217253202676026,0.20535951895824128,0.21661765963373725,0.042172965813462304,0.20536057511962297,0.17734887201824884,0.37384246584843284,0.196493593830184,0.20000000000000018,0.19997155447714396,67.63239356048837,16.905092498882222,-5.981208056615728e-05,2.826472389472201e-09,0.4984932875588888,0.4984958513034986,0.20066942185101702,67.817323984176,14.745494827152612,23.751186129739242,42.10316042902312,64.57965310804951,15.484753352993085
26.30501668828,0.028653474540038894,0.17580464455415226,0.3641897986832919,0.18838515412913961,3.80771039883e-10,0.604819670833,66.911080398141,18.505240034973536,0.21664759077820633,0.21667819641467048,85.41632043311452,85.53666956415282,-0.1406988741220916,1.586541047454573,0.21664759078449397,0.042047719235012354,0.20505540528113944,0.21661783433461262,0.04204816518615197,0.20505649267007364,0.17750629919435756,0.37321275714504126,0.1957064579506837,0.19999999999999984,0.19997177138755529,68.33546753069757,17.080852902416943,-5.981216266714995e-05,2.9225288855627696e-09,0.49775507670088154,0.4977577162477984,0.1998655579754648,67.05815247403096,14.912429929936728,23.672321190025137,42.24342817811092,63.863154934418574,15.658481029114604
26.75501668828,0.028715974540038887,0.1759745465647656,0.3635762838360889,0.18760173727132332,3.86355699879e-10,0.604222264313,67.60999216238119,18.69853432768801,0.21664759077817755,0.21667796264964262,86.30852649006918,86.43013271371193,-0.14069887413633575,1.5865410474537598,0.2166475907845598,0.04192368865967435,0.20475275006620633,0.21661801097039793,0.041924146575551546,0.20475386827982406,0.17766134067765468,0.37259259121217964,0.19493125053452495,0.19999999999999996,0.19997198876673172,69.0492388003239,17.259287689745282,-5.9812213915044765e-05,2.952904587516514e-09,0.49702040613944765,0.4970231205107404,0.1990738760636889,66.28955742285392,15.085332273695963,23.5937736922753,42.38406339920961,63.139185173588,15.838025106765457
27.20501668828,0.02877847454003889,0.17614178817052736,0.36297239577044266,0.1868306075999153,3.92038161158e-10,0.603629259719,68.31930882677085,18.89470624804248,0.2166475907780917,0.21667772760021706,87.21401507481332,87.33689710575091,-0.1406988741411319,1.586541047452372,0.2166475907847558,0.041800433160452406,0.20445154232837767,0.21661818919065692,0.04180090277236478,0.20445269079267403,0.17781400199807632,0.37198194593147743,0.19416794393340112,0.19999999999999996,0.19997220727474396,69.7736359750101,17.440379099803213,-5.9812301389516875e-05,3.0433655595629716e-09,0.49628924920924994,0.496292037011569,0.19829434787980846,65.51204159838159,15.264369352590961,23.51580187307787,42.52459709421403,62.40809707530376,16.023561795088312
27.65501668828,0.028840974540038887,0.1763063749322504,0.3623781137343849,0.18607173880213448,3.97797456738e-10,0.60304057484,69.03895955440078,19.09373620506868,0.21664759077810403,0.21667749142723566,88.13269575946944,88.25687218499385,-0.14069887415014692,1.586541047449821,0.21664759078515175,0.0416779444374373,0.2041517681467327,0.21661836885562555,0.04167842553537337,0.20415294642834173,0.1779642896975689,0.37138079513548033,0.19341650543791145,0.19999999999999976,0.19997242688342112,70.50858670067015,17.624109058799302,-5.981246218311753e-05,3.226130473876765e-09,0.4955615721184019,0.4955644322997872,0.1975269400192915,64.72644537878654,15.449635680561261,23.438694315399207,42.66449259261855,61.670522790592365,16.215202251415757
28.10501668828,0.028903474540038887,0.17646831514483174,0.3617934112183074,0.18532509607347564,4.03634884218e-10,0.60245611698,69.7688725211392,19.29560433475024,0.2166475907782117,0.21667725279430294,89.06447685588945,89.18996613408156,-0.1406988741350812,1.5865410474480175,0.2166475907853958,0.04155621249216808,0.20385340932191465,0.21661855071988978,0.041556704733597724,0.20385461666000534,0.17811221206405975,0.3707891056707415,0.19267689360668178,0.19999999999999993,0.19997264880591167,71.2540175045044,17.810459351385028,-5.981257585885302e-05,3.3387959064157258e-09,0.4948373306894668,0.49484026140306375,0.19677161016006314,63.9325618081798,15.641481769498807,23.362713200877792,42.80324769652301,60.92649672206643,16.413220089804028
28.55501668828,0.02896597454003889,0.17662761228694107,0.36121827167886233,0.18459065939192126,4.09550201831e-10,0.60187578515,70.50897492520235,19.50029050266208,0.2166475907781969,0.21667701396115058,90.00926542786443,90.13608588589915,-0.14069887413932225,1.586541047447728,0.21664759078543322,0.04143522648051249,0.20355644544084692,0.2166187339243592,0.04143572963891532,0.20355768135571628,0.17825777546520857,0.3702068520663273,0.19194907660111873,0.19999999999999973,0.19997287088084514,72.00985421437838,17.999411213486052,-5.981259409981732e-05,3.3560487722184007e-09,0.4941164753713853,0.49411947545275453,0.1960283257869049,63.13034806783155,15.840242143533438,23.287767437609517,42.940999075120004,60.176446043021464,16.617797589526607
29.00501668828,0.02902847454003889,0.17678427172791028,0.36065266825497416,0.18386839652706388,4.15548677978e-10,0.601299471425,71.25919299704863,19.70777430675014,0.21664759077801138,0.2166767761555667,90.96696730379877,91.09513713610438,-0.1406988740948023,1.586541047446989,0.21664759078559723,0.04131497754843806,0.20326086083758985,0.21661891685571505,0.041315491397951376,0.20326212484855946,0.1784009898685668,0.36963399445371786,0.19123300458515105,0.2000000000000001,0.19997309196293478,72.77602158556694,18.19094571823183,-5.981264068477543e-05,3.4317659824978364e-09,0.4933989681363817,0.493402036418716,0.19529703600464304,62.32064176372977,16.04604785347371,23.213468814667863,43.07843898659951,59.421408223117744,16.828951549669814
29.45501668828,0.029090974540038887,0.1769383043829789,0.36009657418892715,0.18315826980594827,4.21637617822e-10,0.600727061948,72.019452009066,19.91803508006079,0.2166475907781957,0.2166765370941286,91.93748708912679,92.0670243558525,-0.1406988741430637,1.5865410474449702,0.2166475907858244,0.041195459048233796,0.2029666451617945,0.21661910226753958,0.041195983363646084,0.20296793678718342,0.17854186620347193,0.3690704891152274,0.19052862291175546,0.1999999999999999,0.19997331417886155,73.55244309863782,18.385043990488978,-5.981276792743628e-05,3.536615444943436e-09,0.4926847838598378,0.4926879191738964,0.19457768500491068,61.50329122012709,16.259292472997736,23.139739423442673,43.21569840094692,58.66275591087147,17.046590881603613
29.90501668828,0.029153474540038887,0.17708971353725972,0.3595499659014544,0.18246025236419466,4.27825081252e-10,0.60015843635,72.78967628619635,20.13105189348005,0.2166475907781694,0.2166762987284283,92.9207281796764,93.0516508047211,-0.14069887413330484,1.586541047444358,0.2166475907859202,0.04107666307620602,0.20267378487659923,0.21661928762473892,0.04107719766614958,0.20267510371565023,0.1786804204829278,0.3685162719978894,0.1898358515149616,0.19999999999999996,0.19997353574125956,74.33904162193402,18.581686557742383,-5.981280651878862e-05,3.5808467302445024e-09,0.4919738896821391,0.49197709105511694,0.19387019102019742,60.678237189764005,16.480373298792752,23.066732305128546,43.35247779234273,57.90030692824994,17.271065613507023
30.35501668828,0.029215974540038887,0.1772385102820813,0.3590128201212055,0.1817743098391242,4.34101587142e-10,0.599593471121,73.56978921564061,20.34680355864568,0.21664759077819198,0.21667605765523418,93.91659277428629,94.04891854382905,-0.14069887415143478,1.586541047443903,0.21664759078595675,0.04095858154689891,0.20238226589031685,0.21661947657409486,0.040959126162589544,0.20238361139822944,0.1788166622243355,0.36797130503243974,0.18915464280810423,0.1999999999999998,0.19997375977717866,75.13573861175004,18.780854162536237,-5.9812835195849345e-05,3.5976999157583123e-09,0.4912662513968776,0.4912695175063165,0.19317450545253925,59.845682041782375,16.709643300611585,22.994937686849024,43.48783256637862,57.13227741366481,17.50324064205467
30.80501668828,0.02927847454003889,0.17738469806836615,0.35848511077625655,0.1811004127078904,4.40486357217e-10,0.59903203743,74.35971325765497,20.565268630792342,0.21664759077815746,0.21667581688202012,94.92498188844732,95.05872844915503,-0.14069887414834836,1.586541047444945,0.21664759078583343,0.0408412017001687,0.20209206243731767,0.21661966617046052,0.040841756135599365,0.20209343417241285,0.17895059845516698,0.36743556010849554,0.18848496165332856,0.20000000000000004,0.19997398345802433,75.9424551305337,18.982526757913625,-5.981276951505521e-05,3.5407898835160267e-09,0.4905618064601132,0.4905651362338737,0.19249059241734132,59.005829400192006,16.947478074034937,22.92472245665065,43.621029737260436,56.35847469770989,17.743560402649344
31.25501668828,0.029340974540038887,0.17752828610074015,0.35796681020269333,0.18043852410195318,4.46973607792e-10,0.598474003894,75.15936995590653,20.7864254116838,0.21664759077817056,0.21667557523387676,95.94579536759034,96.08098022504853,-0.14069887415965043,1.5865410474432002,0.21664759078605894,0.040724511906741416,0.20180315137960908,0.21661985763099842,0.040725075951241106,0.2018045488863943,0.17908223734181233,0.3669090045630456,0.18782676722123326,0.19999999999999998,0.19997420799680213,76.75911092833321,19.18668443925712,-5.98128794826458e-05,3.6448843943048814e-09,0.48986049870627807,0.48986389103868966,0.19181841021750698,58.160057033699644,17.19393086943795,22.855760530212223,43.75264602016351,55.57997076316053,17.99209294767782
31.70501668828,0.029403474540038894,0.1776692858114905,0.357457871501605,0.17978858569011452,4.53532553604e-10,0.597919235702,75.96867994834373,21.010251952576006,0.2166475907781858,0.2166753334214392,96.97893190091973,97.11557241793724,-0.14069887415119053,1.5865410474408883,0.21664759078640178,0.04060850296514973,0.20151551544521262,0.21662004975067065,0.040609076386685435,0.20151693821285951,0.17921159050175262,0.3663915919249962,0.1871800014232436,0.19999999999999984,0.1999744326910376,77.58562501105054,19.39330688986919,-5.981302521052001e-05,3.803135584234951e-09,0.4891622862090696,0.48916573986013856,0.1911578995299791,57.30909960365688,17.449235931394572,22.787784212853857,43.883160848781955,54.79757635892563,18.24898228071206
32.15501668828,0.029465974540038888,0.177807709498012,0.356958256240625,0.179150546742613,4.60133528234e-10,0.597367595755,76.7875629779526,21.23672605721464,0.2166475907781972,0.21667509082435582,98.02428903516727,98.16240243022843,-0.14069887415328886,1.5865410474399972,0.21664759078652537,0.040493166167161504,0.20122913846449153,0.21662024383639594,0.04049374874479237,0.20123058600717827,0.17933866938922496,0.36588327637572793,0.18654460698650296,0.20000000000000012,0.1999746580837952,78.42191535145257,19.60237368371469,-5.9813081376702826e-05,3.860178843240192e-09,0.48846712971802875,0.4884706435084627,0.19050900186475403,56.45241740836336,17.714033267454923,22.720615223542946,44.01289270388272,54.01141834423041,18.51460359042435
32.60501668828,0.029528474540038884,0.17794356385553944,0.3564679277794836,0.17852436392394416,4.6682972754e-10,0.596818937029,77.61593790387377,21.465825284895402,0.21664759077812346,0.21667484947463106,99.08176318876917,99.22136653440117,-0.14069887415187887,1.586541047439754,0.2166475907865589,0.040378494283245046,0.20094400783114943,0.2166204371948589,0.0403790858081943,0.20094547969087112,0.17946348565325562,0.3653840113197716,0.18592052566651598,0.2000000000000002,0.1999748822817435,79.26789925882747,19.813863929941704,-5.9813096697780566e-05,3.8756553522034665e-09,0.48777499863241125,0.4877785714504411,0.18987165773954026,55.590016311063145,17.988841636676888,22.654387013034217,44.14156072396262,53.22144811080593,18.789417340129887
33.05501668828,0.029590974540038888,0.17807686079942722,0.3559868499702791,0.17790998917085185,4.73620847768e-10,0.59627311079,78.45372271249052,21.69752695357657,0.21664759077817133,0.21667460777378478,100.1512496660671,100.29235988729293,-0.1406988741559312,1.5865410474394765,0.21664759078663115,0.040264477414457635,0.20066010419228242,0.21662063132866238,0.040265077671900774,0.20066159989370355,0.17958604995796923,0.3648937541012847,0.1853077041433155,0.2,0.19997510676817587,80.12349282112909,20.027756844938004,-5.9813114194895434e-05,3.909006451863206e-09,0.4870858459746398,0.48708947666642777,0.18924581270122934,54.72259833294245,18.273986076388667,22.589337397824558,44.26867341829619,52.42791277183861,19.073809105312026
33.50501668828,0.029653474540038888,0.17820761028172838,0.35551497664777604,0.17730736636604766,4.8049414522e-10,0.595729959664,79.3008345288457,21.931808142952946,0.216647590778174,0.2166743684775119,101.23264267179864,101.37527654457483,-0.14069887416137128,1.5865410474383592,0.2166475907867497,0.040151106098382454,0.2003774091517865,0.21662082403215507,0.040151714884411674,0.200378928244493,0.17970637452690466,0.36441245582612847,0.1847060812992238,0.19999999999999987,0.19997532900243423,80.98861164771984,20.244031024078797,-5.9813184616341886e-05,3.963718242516734e-09,0.4863996270896897,0.48640331456189284,0.18863140433328743,53.85083447265183,18.56981437321738,22.525291437472525,44.39454214281216,51.63138854571899,19.36806326861637
33.95501668828,0.02971597454003889,0.17833582920573718,0.35505226482703794,0.17671643562130077,4.87475397549e-10,0.595189322583,80.1571896280483,22.16864569768594,0.2166475907781881,0.21667412776719708,102.32583532573425,102.47000947541748,-0.14069887415969484,1.5865410474379922,0.21664759078680942,0.04003837237512751,0.20009590794198542,0.21662101923399996,0.04003898937763887,0.20009744970298565,0.17982447210323751,0.3639400655210898,0.1841155934178523,0.20000000000000004,0.19997555249204693,81.86316987226031,20.46266545347392,-5.981320775338972e-05,3.991296182448423e-09,0.4857163061302455,0.4857200486278613,0.1880283675652427,52.97492376759142,18.87685585706821,22.462127688141177,44.519380082054624,50.832046845370336,19.67262902164794
34.40501668828,0.02977847454003889,0.1784615270801338,0.3545986667371289,0.17613713965699512,4.94566582482e-10,0.594650874908,81.02270344691172,22.40801623058049,0.2166475907781656,0.21667388781114552,103.43071967749222,103.57645057734517,-0.14069887415588678,1.5865410474369521,0.21664759078696808,0.03992626816352224,0.1998155853869318,0.2166212140333789,0.039926893165576245,0.19981714932802,0.17994035508741255,0.36347653358518434,0.1835361784977718,0.19999999999999993,0.1999757752625198,82.74708132402536,20.68363835346687,-5.981327330095709e-05,4.064526493152698e-09,0.4850358462579471,0.48503964259589627,0.18743663907802852,52.095789938805105,19.19540909495107,22.400349603775172,44.642160398758605,50.03069066443323,19.987731264939324
34.85501668828,0.029840974540038888,0.1785847244617443,0.35415412607551194,0.17556940161376763,5.01758756161e-10,0.594113849265,81.89729059570071,22.64989612585999,0.2166475907781545,0.216673645620673,104.54718672156069,104.69449069127738,-0.14069887416622295,1.5865410474366615,0.21664759078697476,0.03981478064139843,0.19953641432429928,0.21662141233572904,0.039815413417213195,0.19953799993287794,0.18005403927495797,0.36302179683503855,0.18296775756008057,0.20000000000000043,0.19997600013115766,83.64025849601771,20.906928225542984,-5.981329163073923e-05,4.067612913161156e-09,0.4843581815384885,0.48436203047248294,0.18685613821430525,51.21408255308562,19.52587940950532,22.340226575434375,44.762303400253515,49.228309808517324,20.31351480255337
35.30501668828,0.029903474540038888,0.1787054333014509,0.35371858679073526,0.17501315348928437,5.09060084336e-10,0.593578112573,82.78086487010157,22.89426154246012,0.21664759077817072,0.2166734038128412,105.67512641256167,105.82401961675578,-0.14069887416233717,1.5865410474358341,0.2166475907871366,0.03970389924378391,0.19925837308325065,0.21662161135939445,0.03970453949706822,0.19925997966743902,0.18016554092851517,0.3625757902216199,0.18241024929310473,0.19999999999999984,0.19997622455879896,84.54261360280377,21.132512809757902,-5.9813343777914696e-05,4.1423087182579366e-09,0.4836832593677004,0.4836871592182567,0.18628678193438555,50.33095828720664,19.868487190202867,22.281410959863003,44.880461197065436,48.424821276496345,20.65056666477288
35.75501668828,0.029965974540038888,0.17882367353569567,0.3532919704810729,0.17446829694537724,5.16549748304e-10,0.593043611844,83.67333926320026,23.14108841734142,0.216647590778198,0.21667316301889844,106.8144276805417,106.96492612735511,-0.14069887416575666,1.5865410474345123,0.21664759078730653,0.03959361482663866,0.1989814434228445,0.21662180973608613,0.03959426236048468,0.19898307053738185,0.18027487475507203,0.3621384549162509,0.18186358016117887,0.19999999999999973,0.19997644811601958,85.45405782544152,21.36036985510017,-5.9813427089050464e-05,4.220734872717458e-09,0.48301103546720275,0.4830149851534872,0.18572849513984424,49.447451244884284,20.22348927647626,22.223763301350704,44.99687953116484,47.619945672414644,20.999603965933996
36.20501668828,0.03002847454003889,0.1789394640027124,0.35287420941166764,0.17393474540895523,5.24194362805e-10,0.592510280479,84.5746259777505,23.390352468878046,0.21664759077816,0.2166729227014735,107.96497844662854,108.11709798627939,-0.1406988741689652,1.5865410474351835,0.21664759078722973,0.03948391839521149,0.19870560735724468,0.21662200754817376,0.03948457303660969,0.1987072546149478,0.18038205504394658,0.36170973376035964,0.18132767871641306,0.19999999999999993,0.19997667130176824,86.37450143970462,21.59047700692393,-5.9813384778450995e-05,4.185296553771423e-09,0.4823414661778624,0.48234546476001955,0.18518120486440035,48.562446155763396,20.5920434236882,22.167628496390513,45.11082455946187,46.81378572713331,21.36122905822588
36.65501668828,0.030090974540038888,0.1790528220234791,0.3524652510222336,0.17341242899875448,5.31967042002e-10,0.591978046618,85.48463643845636,23.642029200284913,0.21664759077813983,0.2166726819531028,109.12666563874129,109.28042196213731,-0.14069887417648141,1.586541047433616,0.21664759078744203,0.03937479758302215,0.1984308382863464,0.2166222069770453,0.039375459064256976,0.19843250505967255,0.1804870962856233,0.3612895687947167,0.1808024725090934,0.1999999999999997,0.19997689482799205,87.30385390137326,21.822811737368017,-5.981348358830019e-05,4.283284837924839e-09,0.48167448693011955,0.48167853288484147,0.18464483711865853,47.67553915537398,20.975116752031113,22.113123911362703,45.22201404054701,46.007015752917894,21.735815367172066
37.10501668828,0.030153474540038888,0.17916376054534677,0.35206503437446157,0.1729012738291148,5.39829708765e-10,0.591446828797,86.40328130449984,23.89609390305585,0.21664759077818355,0.21667244405171265,110.2993752075557,110.45478384489861,-0.14069887417564875,1.5865410474338495,0.21664759078741722,0.03926624244151582,0.19815711554601267,0.21662240496290316,0.03926691062510367,0.1981588015332745,0.18059001512883494,0.3608778934217479,0.18028787829291298,0.20000000000000004,0.19997711572474783,88.24202428730695,22.057350920248744,-5.981346886674288e-05,4.271827336310707e-09,0.481010047563487,0.48101414015845234,0.1841193068871842,46.787165106739515,21.373383014735246,22.05999602764245,45.33092384726372,45.20064079236134,22.12358016324836
37.55501668828,0.03021597454003889,0.17927229635657554,0.351673500764984,0.17240120440840845,5.47781890814e-10,0.590916541466,87.33047048214637,24.152521660431518,0.21664759077817325,0.21667220667398424,111.4829921425779,111.64006846202875,-0.1406988741719406,1.5865410474335402,0.216647590787467,0.039158243310631495,0.19788441906989923,0.21662260193891242,0.03915891798940764,0.19788612379196183,0.18069082987845733,0.36047463442350886,0.17978380454505152,0.19999999999999973,0.19997733604347004,89.18892035975007,22.29407178282783,-5.981348836225919e-05,4.294808952920448e-09,0.4803480993685696,0.4803522374407179,0.18360452070213915,45.898616430462795,21.78714910753394,22.008089990559178,45.43783674226026,44.3954011742059,22.524855583037468
38.00501668828,0.030278474540038885,0.17937845321680804,0.35129057614437453,0.1719121229275665,5.55853710255e-10,0.590387098349,88.2661131374766,24.41128735096932,0.2166475907781746,0.21667196836983785,112.67740048844593,112.83615969480039,-0.1406988741763926,1.5865410474346069,0.21664759078729587,0.03905079194246532,0.1976127322377415,0.21662280047462673,0.03905147280326217,0.19761445494513344,0.18078955975472324,0.36007971491759116,0.17929015516286792,0.19999999999999993,0.19997755719666183,90.14444918749656,22.532951300949364,-5.981342112715282e-05,4.2158276869486144e-09,0.4796886020010465,0.4796927837310978,0.18310038041853524,45.010696071762766,22.216941466660522,21.957429547566555,45.54267146041352,43.59151500019227,22.940244219444754
38.45501668828,0.03034097454003889,0.17948224869048668,0.3509161894493888,0.17143394075890211,5.6404376066e-10,0.589858408626,89.21011770933683,24.672365652080636,0.2166475907781218,0.2166717306543547,113.88248336141746,114.04294049477903,-0.14069887418319826,1.5865410474348822,0.21664759078726742,0.038943878618946604,0.19734203459715977,0.21662299893350206,0.03894456542263121,0.19734377472479644,0.18088622326177128,0.3596930608892527,0.1788068376274814,0.20000000000000004,0.19997777778454873,91.10851741021536,22.773965951202108,-5.981340377436695e-05,4.2026826463370526e-09,0.4790315058144536,0.4790357298307116,0.18260679155130585,44.12291563571331,22.663960112159835,21.908106722784463,45.645203971915954,42.78880811185692,23.37059722219504
38.90501668828,0.03040347454003889,0.1795836980652637,0.35055027289882157,0.17096657483355787,5.72348881223e-10,0.589330373367,90.1623919223452,24.935731043665864,0.21664759077808324,0.2166714965710128,115.09812296601105,115.26029290048234,-0.140698874165901,1.5865410474351698,0.21664759078718712,0.03883749436456163,0.19707230745226897,0.2166231946065347,0.0388381870670482,0.19707406492749927,0.18098083806407428,0.35931460167964,0.17833376361556574,0.19999999999999993,0.19997799503469368,92.08103110301154,23.01709186299952,-5.9813385644424955e-05,4.165623401775065e-09,0.47837676542607244,0.47838103155218253,0.18212366390010162,43.23571030553449,23.129029058000526,21.8601053562608,45.74543368857081,41.987962853580605,23.816349544920183
39.35501668828,0.03046597454003889,0.17968282878633188,0.3501927601570301,0.17050993137069823,5.80779662034e-10,0.588802904118,91.12284279997604,25.201357811720975,0.21664759077817247,0.2166712582113728,116.32420061169701,116.4880980542101,-0.14069887417752502,1.5865410474351012,0.21664759078723514,0.03873162979750924,0.19680353095793085,0.21662339462154462,0.038732327936253606,0.19680530464459947,0.1810734249398441,0.35894425417679876,0.17787082923695466,0.20000000000000023,0.1999782161258343,93.06189448110617,23.262306130590854,-5.981338997429475e-05,4.187783453346583e-09,0.47772433266346737,0.4777286381415064,0.1816508913669109,42.34956067098373,23.612995841186166,21.813589925210138,45.84298152796446,41.192047540553986,24.2765305370045
39.80501668828,0.030528474540038892,0.179779656137646,0.3498435773489586,0.1700639212113126,5.89393148931e-10,0.588275900597,92.09137667804778,25.469220052012894,0.21664759077818055,0.21667101924187826,117.56059673006067,117.72623621904295,-0.14069887418645122,1.5865410474358432,0.21664759078714302,0.03862627452694392,0.19653568257938284,0.21662359494636702,0.0386269778392327,0.1965374718450217,0.18116401439304927,0.3585818963635213,0.177417881970472,0.2000000000000001,0.19997843786081412,94.05101224199801,23.509584488062664,-5.981334320059872e-05,4.1452619115034395e-09,0.47707415282536175,0.4770784961200656,0.1811883181892193,41.46480624311085,24.116837641467203,21.768523611996198,45.93788801776709,40.40123328391761,24.75171965599542
40.25501668828,0.03059097454003889,0.17987420183684338,0.3495026494321987,0.16962844759535534,5.98229034404e-10,0.587749268326,93.06789921798457,25.739291673838228,0.2166475907781925,0.2166707800439603,118.80719089182281,118.97458679600874,-0.14069887418306504,1.586541047434675,0.21664759078731846,0.038521419712277245,0.19626874359478955,0.21662379633582196,0.03852212806163549,0.19627054812588537,0.18125262708150136,0.35822744561058223,0.17697481852908087,0.2000000000000003,0.19997865978266546,95.04828808473277,23.758902807090024,-5.9813416830589716e-05,4.226241578919598e-09,0.47642618046604496,0.47643056081638596,0.18073583888496209,40.58194011072944,24.6415030250269,21.724740085588806,46.03047014879382,39.61312531080203,25.24415814591917
40.70501668828,0.03065347454003889,0.17996648276749772,0.3491698979037488,0.1692034151362511,6.07266382499e-10,0.58722287504,94.05231542041125,26.01154640372623,0.21664759077820123,0.216670543499713,120.06386182413748,120.23302834141245,-0.14069887418506344,1.58654104743502,0.21664759078730225,0.03841705674782283,0.19600269576672366,0.2166239950082103,0.038417769947892054,0.1960045151211881,0.18133928202370508,0.3578808258416921,0.17654154381798703,0.20000000000000015,0.19997887922540628,96.0536253010724,24.010236523065053,-5.9813395092422894e-05,4.218758675733625e-09,0.4757803713156669,0.4757847876485121,0.18029335633841653,39.701656486965184,25.18786591003625,21.682131156033773,46.12092754183515,38.82780943040306,25.754736480626107
41.15501668828,0.03071597454003889,0.18005652645321235,0.3488452431466391,0.16878871669342677,6.16514070473e-10,0.586696607696,95.04452963887634,26.285957789237443,0.21664759077813334,0.21667030666519732,121.33048742811378,121.50143858432912,-0.14069887419208005,1.586541047436903,0.21664759078702414,0.03831317799406115,0.1957375232142809,0.21662419527537669,0.03831389583120428,0.19573935687848848,0.18142399948206459,0.35754195600686617,0.17611795652480158,0.1999999999999999,0.1999790989089118,97.06692588206053,24.263561546053243,-5.981327639847933e-05,4.090394689626464e-09,0.4751366868246429,0.47514113789320883,0.1798607670841306,38.824500621280556,25.75693142211025,21.640624934827684,46.20938642075137,38.04569883312783,26.284180095786862
41.60501668828,0.030778474540038885,0.18014435279157587,0.34852860250411116,0.1683842497125353,6.25996828428e-10,0.586170342348,96.04444559362324,26.56249920281932,0.21664759077815332,0.21667007109123712,122.60694479644255,122.77969444425787,-0.14069887418863836,1.5865410474375876,0.21664759078694493,0.03820977568583195,0.1954732096371059,0.21662439481678405,0.0382104980469964,0.19547505735258502,0.1815067995352619,0.35721075579367556,0.17570395625841367,0.19999999999999982,0.19997931744368144,98.08809166219484,24.518853134247713,-5.9813233255212594e-05,4.0538239431953116e-09,0.47449508742520524,0.4744995726020734,0.17943796859750907,37.95051108419397,26.350106268173306,21.600473837581884,46.29528072019124,37.267128558257276,26.833298906750088
42.05501668828,0.03084097454003889,0.1802299854528423,0.34821989607996534,0.16798991062712304,6.35773471607e-10,0.585643970631,97.05196638553615,26.84114384558775,0.21664759077817414,0.21666983580882027,123.89311023112391,124.06767204893066,-0.14069887419012606,1.5865410474377148,0.21664759078691148,0.038106839920779775,0.19520973316097684,0.21662459486524915,0.03810756653312352,0.19521159425895665,0.18158770315123746,0.35688714132960825,0.1752994381783708,0.1999999999999998,0.19997953566467822,99.11702357505094,24.776086656072952,-5.9813225228300126e-05,4.038391843153022e-09,0.47385552001948533,0.4738600376812697,0.17902485381005884,37.079941375026955,26.968758927798415,21.56170504775306,46.37852144741261,36.49279345228147,27.402670648044943
42.50501668828,0.03090347454003889,0.1803134472057832,0.3479190430762618,0.1676055958704786,6.45946657444e-10,0.585117355747,98.06699451019804,27.12186475127218,0.216647590778228,0.21666960039507202,125.18885926147021,125.36524675227982,-0.1406988741928905,1.5865410474382577,0.21664759078686804,0.03800436283630621,0.19494707701400965,0.2166247957520713,0.0380050935206119,0.19494895106312293,0.18166673268700337,0.35657102318632466,0.1749042904993213,0.2,0.1999797539715104,100.15362198638736,25.03523727508286,-5.981319101122651e-05,4.0183412153282916e-09,0.4732179438951185,0.4732224929947108,0.1786213085607966,36.21338042807206,27.614102527275122,21.524106901982968,46.45953509494381,35.72302877932185,27.993147114637896
42.95501668828,0.030965974540038892,0.18039476100279783,0.34762595483901204,0.1672311938362142,6.56674045306e-10,0.584590361564,99.08943187207699,27.404634790092395,0.2166475907781713,0.21666936597464737,126.49406666216937,126.67229315255504,-0.14069887419738691,1.586541047438963,0.21664759078672163,0.03790233670882299,0.19468522468031052,0.2166249962503702,0.037903071334125814,0.1946871113713638,0.18174390980244617,0.356262314723822,0.17451840492137585,0.19999999999999993,0.19997997137279377,101.19778683224048,25.2962798299289,-5.98131465578966e-05,3.9507730420496046e-09,0.47258231896113534,0.4725868987479938,0.17822722224827345,35.35182982078406,28.287078916975315,21.487630028789308,46.53840366109206,34.95837564142961,28.60544809796275
43.40501668828,0.031028474540038885,0.18047395336279065,0.34734053771116813,0.16686658434837748,6.68268066164e-10,0.584062844901,100.11917979877235,27.68942667277588,0.2166475907781679,0.21666913182148112,127.80860647154825,127.98868511059152,-0.14069887419163596,1.5865410474391535,0.21664759078671034,0.03780075428706077,0.19442416075956395,0.2166251968432485,0.03780149266211762,0.19442605962709222,0.18181925843807015,0.3559609201812687,0.17414166174319853,0.20000000000000043,0.19998018852791102,102.24941725387843,25.559189217669807,-5.9813134556385705e-05,3.945554993833866e-09,0.4719486078345407,0.47195321717878747,0.17784247262729347,34.495543212584074,28.989252143018785,21.45232336317033,46.614997502639504,34.19906370235824,29.240566604489928
43.85501668828,0.031090974540038886,0.18055104916392767,0.3470627040612247,0.16651165489729702,6.81221404582e-10,0.583534638648,101.1561390554411,27.976212954465623,0.21664759077817586,0.21666889774583253,129.13235200990673,129.31429576822507,-0.14069887419442262,1.5865410474393629,0.21664759078667772,0.03769960752541691,0.1941638677133748,0.21662539803391415,0.0377003494559697,0.19416577828229592,0.18189280048172274,0.3556667520064938,0.17377395152477104,0.20000000000000023,0.19998040563159492,103.30841187480367,25.823940135103047,-5.981312135583394e-05,3.930500369619949e-09,0.47131676794232735,0.4713214056907398,0.1774669479320491,33.64447434076904,29.72256275641197,21.418124474730956,46.6894289077364,33.444939593061314,29.89988955481522
44.30501668828,0.03115347454003889,0.18062607293766628,0.3467923635671506,0.16616629062948432,6.96510121541e-10,0.58300558205,102.20020985934632,28.264966038778866,0.21664759077816903,0.2166686639535381,130.46517589812518,130.6489975668512,-0.1406988741968318,1.5865410474395854,0.21664759078665155,0.03759888989879969,0.19390433182061634,0.21662559947108917,0.03759963523664057,0.1939062537326751,0.18196455843847092,0.35537972017937847,0.17341516174090754,0.19999999999999993,0.1999806224703665,104.37466881131225,26.09050708681293,-5.981310733371714e-05,3.9184211431120275e-09,0.4706867659775925,0.4706914312605356,0.177100533246,32.79889552721555,30.488831526971076,21.384788090441475,46.76221226840109,32.696239592293125,30.58455689307193
44.75501668828,0.03121597454003889,0.18069904946360027,0.34652942708993584,0.16583037762633557,7.16129505473e-10,0.582475526301,103.25129189445344,28.555658181843267,0.21664759077813248,0.21666842988506488,131.80695007629672,131.99266226612497,-0.1406988741948556,1.5865410474400532,0.21664759078662396,0.03749859579883126,0.19364554164460193,0.21662580125417438,0.03749934429986504,0.19364747429250154,0.18203455447678724,0.3550997360259692,0.173065181549182,0.2000000000000001,0.19998083954520038,105.44808554214659,26.35886453415013,-5.981307784619361e-05,3.905675782789331e-09,0.470058574178723,0.47006326552203387,0.17674311537112736,31.959420152869427,31.289679074800627,21.352194108509064,46.8335944736232,31.953864863261543,31.295118893418568
45.20501668828,0.03127847454003889,0.18077000631493712,0.346273798854255,0.1655037925393179,7.43867848733e-10,0.581944336657,104.30928432614371,28.848261496384517,0.21664759077817,0.2166681952341247,133.15754582252822,133.3451609627996,-0.14069887419742022,1.58654104743874,0.21664759078677315,0.03739871993376337,0.19338748649735166,0.21662600423323072,0.037399471405797975,0.19338942940553389,0.18210281425788435,0.3548266969023296,0.17272388264444524,0.2000000000000002,0.19998105715111605,106.52855904129085,26.628986781237373,-5.981316061332009e-05,3.974531814776583e-09,0.4694321666015293,0.46943688285082974,0.1763945632755761,31.12637391366843,32.127095908234686,21.32035046787271,46.90354417517122,31.21827198198443,32.03252251044145
45.65501668828,0.03134097454003889,0.18083896852745288,0.34602538742987954,0.16518641890242666,7.86798632905e-10,0.581411884338,105.37408581612692,29.142747955795617,0.21664759077817763,0.21666796006446074,134.51683377192253,134.7063641096995,-0.14069887419917437,1.5865410474399,0.21664759078664855,0.037299256717028266,0.19313015486202115,0.2166262082119384,0.03730001094182878,0.19313210748559853,0.18216936117643603,0.3545605092274963,0.1723911480510603,0.20000000000000018,0.1999812752204388,107.61598581559768,26.900847956324856,-5.981308750513392e-05,3.917022262101e-09,0.46880751528982223,0.4688122551224427,0.17605475749777505,30.30126382505746,33.001923806658375,21.289217360605388,46.972135380159585,30.48914952602108,32.79855343772532
46.10501668828,0.03140347454003889,0.18090596974043083,0.345784076209969,0.16487810646953815,8.24829109745e-10,0.580878045629,106.44559453732107,29.439089398308397,0.21664759077817866,0.21666772312017304,135.88468393562945,136.07614153482498,-0.14069887420089522,1.5865410474431916,0.21664759078617474,0.03720020132119865,0.19287353712004832,0.21662641427912388,0.03720095806022967,0.19287549885931513,0.18223421880454455,0.35430107871269617,0.17206685990815163,0.20000000000000018,0.19998149495664042,108.7102617004717,27.17442223515776,-5.981288002665508e-05,3.6983305307103365e-09,0.46818459689533576,0.46818935885554014,0.17572357767210164,29.48522094543191,33.91529613600973,21.258819370631326,47.0393008457225,29.76640938665118,33.59491522845387
46.55501668828,0.03146597454003889,0.1809710416012637,0.3455497613183389,0.16457871971707522,8.80232319571e-10,0.580342704702,107.5237081889245,29.73725753113734,0.21664759077817702,0.21666748222828253,137.26096572006185,137.4543624605856,-0.14069887420212757,1.5865410474418078,0.2166475907863734,0.03710154802377601,0.19261762127016316,0.2166266247213257,0.03710230691007895,0.1926195911896787,0.1822974094445468,0.3540483161536791,0.1717509067091323,0.20000000000000018,0.19998171832341358,109.81128193663272,27.449683783429137,-5.9812967256878125e-05,3.790034952544374e-09,0.4675633822859773,0.46756816410306057,0.17540090992226148,28.770765558160868,34.757504035771085,21.23159078347534,47.09962669298927,29.133265076762108,34.32502321195852
46.9126745995,0.031515649249930555,0.18102139916466525,0.34536824364731084,0.16434684448264558,9.54232154888e-10,0.579916044292,108.38523060076746,29.97552418192138,0.21664759077818938,0.21666734663959963,138.36075478268884,138.5557010942869,-0.14069887421331861,1.5865410474481378,0.21664759078551515,0.03702342713356168,0.19241472691444822,0.21662674707382779,0.03702418941070023,0.1924167077223291,0.1823464986728225,0.3538519592362849,0.1715054605634624,0.20000000000000023,0.19998184354668347,110.69111596673613,27.66963881595272,-5.9812568264927535e-05,3.393885172897626e-09,0.46707087297878497,0.46707568122647664,0.17515024762235104,28.0711521126419,35.62376050641854,21.204957601376307,47.158783280712385,28.513832335446907,35.070697906743746
47.26403802734,0.03156444972601945,0.18106970601234776,0.345194107040499,0.16412440102815126,1.03287500533e-09,0.579495837507,109.23554042656501,30.210689827681197,0.2166475907781757,0.2166672205661056,139.44623025424622,139.64270596945673,-0.14069887420650184,1.5865410474492476,0.21664759078535645,0.03694692303447101,0.1922158241000751,0.21662686208300796,0.036947688696825604,0.19221781576333033,0.182393726200056,0.353663049126559,0.171269322926503,0.20000000000000018,0.19998195986059294,111.55949983283054,27.886730421415667,-5.981249832087698e-05,3.320632657732858e-09,0.4665880528088481,0.4665928874070653,0.1749090916530279,27.407583540573572,36.48625200830356,21.18168271590492,47.210602359231785,27.926966823992007,35.807683888566864
47.65128114946,0.031618233492980555,0.18112163175240462,0.3450070498871695,0.1638854181347649,1.11332745075e-09,0.579031483505,110.17715523796517,30.471107205521466,0.21664759077820067,0.21666705400457484,140.64826244348666,140.84643178738605,-0.14069887421680471,1.5865410474483777,0.216647590785455,0.036862879322016893,0.19199708154557166,0.21662701275497917,0.03686364768194107,0.19199908250286268,0.18244462610300333,0.35345944951526054,0.1710148234122572,0.19999999999999984,0.19998211383992612,112.52112561212549,28.127136831361153,-5.981255315479217e-05,3.3661073928215046e-09,0.46605707330677,0.46606193046549216,0.17464918358483306,26.72675867956076,37.41568560518145,21.158396596311462,47.26256053704607,27.325422489521625,36.59595749648395
48.0663274747,0.03167587881593056,0.1811757758947203,0.34481211885542257,0.16363634296070226,1.19149490208e-09,0.578532304873,111.19151286345704,30.75164267481742,0.21664759077816434,0.21666685070988503,141.94315553827448,142.1431493491897,-0.14069887422005767,1.586541047447273,0.21664759078561255,0.03677311650346144,0.19176317817417773,0.21662719536090536,0.03677388675108627,0.19176518649402,0.18249786535139773,0.3532464925224706,0.17074862717107286,0.19999999999999984,0.1999823020621108,113.5570365317701,28.386119006504376,-5.9812622776878044e-05,3.4388270009344524e-09,0.465489292172646,0.4654941672033538,0.17437733021406343,26.017653980466694,38.43544082609336,21.13408161213715,47.316936612268364,26.699552704114602,37.45381097136854
48.48940399959,0.031734639444387494,0.1812293778147067,0.3446192018311838,0.1633898240164771,1.26701702804e-09,0.578021793169,112.23088338672551,31.03909582763296,0.21664759077819584,0.2166666344853663,143.26997921435847,143.47184248154718,-0.14069887421614968,1.5865410474497053,0.21664759078526538,0.03668194963536345,0.1915253237443118,0.21662738954554978,0.03668272130445375,0.19152733826911955,0.18255076344458673,0.35303490014798306,0.17048413670339632,0.19999999999999998,0.19998250232671005,114.61849026277534,28.651488951583147,-5.9812469477282804e-05,3.2785996140205498e-09,0.46491192017009264,0.4649168102628422,0.17410721886743283,25.31710861128918,39.49898131550808,21.10991367052549,47.37110798308191,26.082076804947228,38.340505147593184
48.8895355272,0.031790213267666664,0.18127861032729858,0.34444197350604916,0.16316336317875058,1.33779190196e-09,0.577537341304,113.2188115580846,31.312321844000902,0.21664759077817547,0.21666644604434288,144.5311334020855,144.7347735991358,-0.14069887421408467,1.58654104745019,0.21664759078523818,0.036596033770145725,0.1913008985084642,0.2166275598632389,0.03659680715753264,0.19130291988762912,0.18259955087006532,0.3528397504459305,0.1702401995758652,0.19999999999999976,0.1999826767231359,115.6274104745078,28.903722927577693,-5.9812438923945166e-05,3.266031889381793e-09,0.4643671464279434,0.4643720531590794,0.1738580976549012,24.64197712776413,40.581159328863244,21.086574710660756,47.423539086906764,25.48768023273125,39.23464163348225
49.26507103441,0.03184237097700139,0.18132354021131136,0.3442801855650558,0.16295664535374443,1.40235207574e-09,0.577081162657,114.1503016286845,31.569939076363315,0.21664759077816784,0.21666628736758026,145.72024070504784,145.92555631997897,-0.14069887421289673,1.5865410474518349,0.21664759078499862,0.03651566769845981,0.1910907315870129,0.21662770482849208,0.03651644321435912,0.1910927607586408,0.18264425900841752,0.3526609178913224,0.1700166588829049,0.20000000000000007,0.19998282340026793,116.57869554228571,29.141545162762114,-5.9812335240216896e-05,3.1554536761291274e-09,0.46385698356750305,0.46386190921419995,0.17362980633637973,23.99594894163236,41.673700941454555,21.06471653371539,47.472748963862756,24.920213294342496,40.12806745225671
49.63500644513,0.03189375089515694,0.18136660940977925,0.3441250990439797,0.16275848963420045,1.46184690631e-09,0.576630312119,115.07190145612813,31.82482101701862,0.21664759077818307,0.21666613568915682,146.89672247314675,147.10369571696722,-0.14069887422726302,1.5865410474507848,0.21664759078513454,0.03643675019469973,0.19088412766571172,0.2166278440677247,0.036437527856434504,0.19088616465431565,0.18268728769638778,0.35248880314012215,0.16980151544373437,0.20000000000000012,0.1999829635534192,117.51988057668271,29.376841896464043,-5.9812401431713624e-05,3.2182034814809413e-09,0.4633554695959353,0.4633604142176966,0.17341009072778488,23.36632149727619,42.79663789255703,21.044138619999462,47.51916997209105,24.368855954008698,41.03598469650353
50.01270876776,0.03194620955107778,0.1814093822570908,0.34397112102558863,0.16256173876849783,1.51790980422e-09,0.576168432126,116.01688563051306,32.08617024157415,0.2166475907781818,0.2166659748986493,148.1030558720872,148.3117288048671,-0.14069887423026062,1.5865410474525894,0.21664759078486767,0.03635642833249308,0.19067361729534865,0.2166279913139978,0.03635720784406398,0.19067566138357558,0.18273019319478848,0.3523171811451852,0.1695869879503967,0.20000000000000037,0.19998311212972825,118.48494584286418,29.618110029223022,-5.981228768936475e-05,3.095013134668534e-09,0.4628444730416005,0.4628494348971107,0.17319100415493496,22.737996742648757,43.979248098155445,21.023899284990755,47.56491583432924,23.819343862006725,41.98268456903465
50.40002125553,0.03200000295215694,0.18145200105451872,0.34381774747967364,0.16236574642515492,1.57153150693e-09,0.575693107935,116.99008258118418,32.35532212293819,0.21664759077816528,0.21666580244497796,149.3454047041224,149.55582807056996,-0.1406988742346127,1.5865410474520614,0.21664759078497417,0.03627432609625088,0.1904582003911905,0.2166281488424275,0.03627510710685106,0.19046025072663078,0.18277312760474018,0.35214544350591304,0.16937231590117285,0.19999999999999998,0.19998327159584187,119.47882207358697,29.866582630535426,-5.98123209627488e-05,3.144173810198936e-09,0.46232156628132803,0.46232654330143325,0.17297176995413677,22.108487854178563,45.23149690723861,21.00352623299581,47.611052968288476,23.26909868597453,42.97545055334485
50.78999016042,0.03205416530005833,0.18149365768210737,0.34366786676193695,0.16217420907982957,1.62306158875e-09,0.575212741462,117.9741510964307,32.62748069483976,0.21664759077816975,0.2166656267749589,150.60163179127048,150.8138251454079,-0.14069887421317429,1.586541047454169,0.21664759078466675,0.036191928740182074,0.19024176392207384,0.21662830936560712,0.03619271106204497,0.1902438200364074,0.1828152878907303,0.3519768023604147,0.1691615144696844,0.20000000000000012,0.19998343403075355,120.48380029501708,30.11783149625337,-5.98121881245639e-05,3.0022651031913483e-09,0.46179618461124566,0.4618011756591375,0.1727564886283816,21.483203535938948,46.547992636531795,20.983187232061454,47.65720235637229,22.722860421314042,44.00854388305796
51.17578834345,0.03210774838103472,0.18153364683274764,0.343523997143393,0.16199035031064535,1.67281800155e-09,0.574735719291,118.95177111942303,32.8978558416877,0.2166475907781648,0.21666545590469916,151.84962696111072,152.06357870443915,-0.14069887421516158,1.5865410474575241,0.21664759078422172,0.03611067528704374,0.19002809078408311,0.2166284659568597,0.03611145887547075,0.19003015254288133,0.1828559604811716,0.3518141119964216,0.16895815151525,0.1999999999999999,0.19998359203608382,121.48219311208844,30.367433849022277,-5.981197664928217e-05,2.796851639175202e-09,0.46127751069946227,0.46128251544882626,0.17254880386015692,20.868120622943213,47.9199836951566,20.963149268350865,47.702756260470416,22.18586981040391,45.07373425273851
51.55625426478,0.03216059087010833,0.18157191045510096,0.34338634622756914,0.16181443577246818,1.72142108717e-09,0.574263497902,119.91978392487434,33.16557397171005,0.21664759077817744,0.21666529001711252,153.08535789658438,153.3010507491779,-0.14069887423433514,1.5865410474589983,0.21664759078402848,0.03603079901055491,0.1898178047775153,0.21662861811833653,0.036031583815865686,0.18981987202573308,0.18289507659034993,0.35165764755874196,0.16876257096839203,0.19999999999999998,0.19998374536314248,122.47077466416832,30.61458323241607,-5.981188373471724e-05,2.7076563213768168e-09,0.4607670587697276,0.4607720768442046,0.1723490668891022,20.2774666216726,49.31582522893653,20.943852441333696,47.74670767000116,21.67049145452873,46.145700114752984
51.92053273187,0.03221118510164861,0.18160746765417313,0.3432584098587483,0.16165094220457515,1.76762058807e-09,0.573809668526,120.85018504707598,33.42289003943274,0.21664759077817586,0.21666514221268154,154.2730750865087,154.49044139833373,-0.14069887422003546,1.5865410474590602,0.21664759078401558,0.03595455605071365,0.18961686647214074,0.21662875482981658,0.0359553423474448,0.1896189398436897,0.1829316204220675,0.35151147223180684,0.16857985180973933,0.1999999999999998,0.19998388188395985,123.42094666053309,30.85212842597563,-5.9811879826732195e-05,2.701705525964826e-09,0.460279297613338,0.46028433055169626,0.17216246463295115,19.70392863503131,50.75130033825414,20.925192725890554,47.78928505459876,21.170318864071874,47.235944173571184
52.2771846433,0.032260720089347224,0.18164127266953747,0.34313677315588365,0.16149550048634617,1.81197739381e-09,0.573478394821,121.76443885847208,33.67574033167707,0.21664759077819717,0.21666500337309705,155.44017919014914,155.65918991798554,-0.1406988742211679,1.5865410474612422,0.21664759078369078,0.035880129783964425,0.1894205104627385,0.21662888377142436,0.035880917674343434,0.1894225901901445,0.18296654829414605,0.35137176074187093,0.16840521244772488,0.1999999999999997,0.19998401007281227,124.35462882926662,31.08555036088253,-5.9811742292303904e-05,2.551781008719445e-09,0.4598026596023249,0.4598077079690017,0.17198411388306278,19.143753194953646,52.23636085444328,20.90722765002568,47.830349233260094,20.68219095987348,48.35077685628899
52.63821253258,0.03231086285174722,0.18167449304859115,0.3430172660341562,0.16134277298556507,1.85554734996e-09,0.573204672453,122.69321250073075,33.93260629596309,0.21664759077817738,0.21666486073970984,156.62581879669384,156.84650005653913,-0.14069887422782923,1.586541047462721,0.21664759078351417,0.03580501037752926,0.1892221191550535,0.21662901610538363,0.03580579970262061,0.189224204853979,0.18300105612663378,0.35123372941103265,0.16823267328439886,0.2,0.19998414180948398,125.30313883942925,31.32267995726456,-5.981164908908099e-05,2.470268434251466e-09,0.4593210810726678,0.45932614393471544,0.17180790796471,18.5862159854016,53.803313207241445,20.889587514351593,47.87073939650453,20.19680401754895,49.51278425691029
53.00956119345,0.03236243905464583,0.1817076306813493,0.3428981009443893,0.16119047026303998,1.89895611441e-09,0.572922573606,123.65194521859961,34.19775788173548,0.21664759077816018,0.2166647074532118,157.8497031003351,158.07210877785545,-0.14069887422892835,1.586541047462371,0.21664759078353202,0.035727972303616885,0.1890184443476797,0.21662915772023592,0.035728762721659084,0.18902053518509326,0.18303567153291755,0.3510952677859891,0.16805959625307154,0.20000000000000012,0.1999842834849274,126.28224332750605,31.56745977282903,-5.981167116031472e-05,2.4785062890941845e-09,0.4588266772834705,0.4588317526187739,0.17163115274773247,18.02303928288083,55.484537557982755,20.871806484441645,47.911521254541356,19.706679001995138,50.74421722192554
53.39247167229,0.03241562106559583,0.18174072140253855,0.34277915672022247,0.16103843531768391,1.94143718174e-09,0.572630993527,124.6440835048854,34.47214826710362,0.21664759077817813,0.21666454137330887,159.11623177198902,159.34042195186785,-0.14069887422950567,1.5865410474616315,0.2166475907836548,0.035648777407743366,0.18880883826702438,0.21662931043680236,0.03564956850227091,0.18881093321699066,0.1830704456110538,0.3509561714740665,0.1678857258630127,0.19999999999999998,0.19998443709971608,127.29546172763985,31.820770044349185,-5.981171775637506e-05,2.5351720722710525e-09,0.45831787581778605,0.4583229611359719,0.17145358731178106,17.465026141906826,57.25728618295789,20.853884033920135,47.95269784628312,19.22126558490609,52.02571056430704
53.76943542294,0.032467977142075,0.1817722398266134,0.342665873364159,0.1608936335375456,1.98207613496e-09,0.572343147241,125.62427622940517,34.74323493227494,0.21664759077820528,0.21666438143132652,160.3675111616801,160.59346435811912,-0.1406988742301163,1.5865410474631763,0.21664759078344997,0.035571052029013714,0.1886028950706052,0.21662945790407412,0.03557184384663584,0.18860499422506244,0.1831037867405757,0.3508228069549466,0.1677190202143709,0.19999999999999993,0.19998458502655067,128.29648099027077,32.07103017140933,-5.98116203898158e-05,2.440625479493974e-09,0.4578179657013514,0.457823061225592,0.17128333888036829,16.92092057595547,59.098439444305065,20.83599238042743,47.993874337339626,18.7483397651339,53.33805619736474
54.12875092478,0.03251788207288611,0.18180131593543913,0.3425613392795927,0.16076002334415357,2.02297897214e-09,0.572067957107,126.56171903483984,35.00249848070366,0.21664759077817583,0.2166642416251144,161.5642175155435,161.79185683671759,-0.14069887423555638,1.5865410474664812,0.2166475907830002,0.03549718625160295,0.18840696975325236,0.21662958768639368,0.03549797914334859,0.18840907394111514,0.18313475885149927,0.3506989185090035,0.1675641596575042,0.19999999999999993,0.19998471421119637,129.25384364894197,32.31037386660154,-5.981141208977192e-05,2.2330359783495624e-09,0.45734237315975074,0.45734748090216804,0.1711251872693757,16.39589199472341,60.99088724918558,20.818573490560095,48.034030787625134,18.29223265968317,54.66801229814013
54.47811381215,0.032566404696131944,0.1818286973473443,0.3424628889260468,0.1606341915787025,2.06317237403e-09,0.571799544127,127.47608082069657,35.25537863486334,0.2166475907781751,0.21666411269600375,162.73145945555993,162.9607433869301,-0.14069887422258898,1.5865410474686337,0.21664759078269674,0.03542557154134492,0.18821682055901626,0.21662970794947087,0.0354263657024159,0.18821893024458486,0.1831641266717134,0.3505814472266319,0.16741732055491854,0.20000000000000004,0.19998483328198566,130.18763566660556,32.54382378895436,-5.981127640941608e-05,2.09294803710236e-09,0.45688080168041406,0.45688592276805856,0.1709752275824128,15.889632253739702,62.93411855171445,20.801854410438132,48.072637192298174,17.85256564038534,56.0143578320105
54.82613660085,0.032614741194562494,0.18185511533463436,0.3423679103265349,0.16051279499190055,2.10231171399e-09,0.571531260538,128.38971264597347,35.508056907718114,0.21664759077814028,0.21666398638341777,163.89776955369157,164.12869678232775,-0.1406988742148063,1.5865410474677621,0.21664759078283416,0.03535443110977472,0.18802774026662852,0.21662982565869618,0.03535522653170314,0.18802985542648046,0.1831926586242239,0.35046731941727594,0.16727466079305203,0.1999999999999999,0.19998494994156218,131.12068231396287,32.77708723972871,-5.981133134325134e-05,2.1563861807294415e-09,0.4564218248721166,0.4564269592481322,0.17082953605437298,15.391778074702293,64.9697517172227,20.78547986872108,48.11050821611508,17.420309002272262,57.40426302825986
55.17935669621,0.03266379954114028,0.18188106713546018,0.3422746356376173,0.1603935685021571,2.14077574065e-09,0.571257983968,129.31977132659114,35.76527826821037,0.2166475907781816,0.21666385527326593,165.08504959480152,165.31764966680248,-0.14069887423985294,1.5865410474685442,0.21664759078271495,0.03528243055711784,0.18783618010680966,0.21662994732776747,0.035283227031194006,0.18783830022440579,0.183220888168271,0.35035440124049266,0.16713351307222166,0.2000000000000001,0.19998507104998944,132.0705042222941,33.01454537250741,-5.9811282049349046e-05,2.1013635276290188e-09,0.4559568283902499,0.4559619748007805,0.17068538870085112,14.894419847890841,67.13923806448946,20.76918711497125,48.14824934959349,16.988586238414936,58.86304993047507
55.54130333865,0.032714069908145835,0.18190677496494345,0.3421822759103606,0.16027550094541715,2.17946532828e-09,0.570976858052,130.27566134611848,36.02964366409056,0.21664759077817028,0.2166637159240005,166.305305010209,166.53962438687802,-0.14069887423590055,1.5865410474698922,0.2166475907825336,0.03520886089335996,0.18764024326716258,0.21663007610553264,0.03520965813705249,0.18764236764934644,0.18324906469223504,0.35024169514373255,0.1669926304514975,0.20000000000000032,0.1999851998514822,133.04670535138067,33.25859965882835,-5.981119708398097e-05,2.017652711572282e-09,0.45548120787923074,0.4554863646416962,0.1705415120812703,14.39389413493957,69.47390265797577,20.75301018872008,48.18578080511577,16.554095507094367,60.40801199748083
55.91196661846,0.03276555091923055,0.18193218835463057,0.3420910166087099,0.16015882825407932,2.21973429041e-09,0.570687742355,131.25750674414402,36.30118740034114,0.21664759077818296,0.2166635679450373,167.55869414448517,167.79477951029634,-0.14069887424399408,1.5865410474714874,0.21664759078230192,0.03513373666267161,0.1874399548193277,0.21663021263773422,0.035134534427786156,0.18744208286237687,0.18327714478094925,0.35012937478771144,0.1668522300067622,0.20000000000000007,0.1999853367446316,134.04941227150954,33.50928187297559,-5.981109654218386e-05,1.910716029840387e-09,0.45499502419839744,0.45500018984731133,0.17039812788475034,13.891954732431152,71.98411017460865,20.73696929263855,48.22305448245958,16.118289453739827,62.0413228630769
56.28723554806,0.032817671603897224,0.1819569905123779,0.3420019840541199,0.160044993541742,2.26330274029e-09,0.570393711556,132.25451582299766,36.57692487478066,0.21664759077816712,0.2166634154471235,168.8314406977783,169.06931932674192,-0.14069887423151517,1.5865410474717923,0.2166475907822685,0.0350579010553541,0.18723755247106308,0.2166303527793026,0.035058699107457306,0.18723968358085127,0.1833047897534317,0.3500187948976184,0.1667140051441867,0.1999999999999999,0.19998547783437276,135.06760435636753,33.76383634141076,-5.9811077324223305e-05,1.8952839297980972e-09,0.454503709198694,0.4545088822918638,0.1702569655052662,13.394965139639446,74.65491619987277,20.720900773509268,48.26045020583539,15.686796785767354,63.74787750851091
56.65942852654,0.032869365073130555,0.18198068303561263,0.3419169512899747,0.15993626825436205,2.3107994092e-09,0.570100713923,133.2462364093274,36.851199739101105,0.21664759077817278,0.2166632663179178,170.0974361484285,170.33709852845752,-0.14069887423200367,1.5865410474727037,0.2166475907821504,0.034982907384919625,0.18703718182468326,0.216630490230971,0.03498370571002524,0.1870393159472768,0.18333144471103105,0.3499121750666268,0.16658073035559576,0.20000000000000015,0.19998561581925628,136.08039563100837,34.0170405174201,-5.981101987018178e-05,1.840771979289002e-09,0.45401732598767525,0.4540225063941814,0.1701208583973827,12.919514511966604,77.40228931000135,20.705070922691235,48.29734724086714,15.273635465826523,65.47229716444497
57.01075676753,0.03291816066215694,0.1820022332421404,0.34183958001462245,0.15983734677248204,2.35263101634e-09,0.569822835275,134.18494138427914,37.11081235901609,0.21664759077817283,0.21666313806810086,171.29575374329522,171.53710451824114,-0.1406988742311821,1.586541047474039,0.21664759078196372,0.034912318911277676,0.18684838482383967,0.2166306093367739,0.03491311794835946,0.18685052300799015,0.1833559261396462,0.34981424935122785,0.16645832321158163,0.2000000000000001,0.19998573434208716,137.039046641261,34.25670710203422,-5.9810935715276514e-05,1.75461867257809e-09,0.45355903684622606,0.45356422711182665,0.16999584989028105,12.467282618212806,80.20994074034641,20.689626507776122,48.33340029720467,14.88012045310796,67.20375706307763
57.34447679228,0.03296451066559444,0.18202198324112315,0.3417686464535932,0.15974666321247002,2.39451715387e-09,0.569557659283,135.07887087824312,37.358041663364844,0.21664759077816692,0.21666302764755468,172.43691254160797,172.6798711763912,-0.14069887423940886,1.5865410474744437,0.21664759078190188,0.03484544857432875,0.1866693562809085,0.2166307129609563,0.03484624872016897,0.18667149948551057,0.18337857959917955,0.34972363551279234,0.1663450559136128,0.2,0.1999858362991674,137.95197237812812,34.48494016347986,-5.981091020235141e-05,1.7260637363847309e-09,0.45312445983034016,0.4531296622826727,0.1698801754667287,12.02987031499743,83.12641564833142,20.674621299388164,48.368479669786915,14.49950858891625,68.96785459090817
57.68304788196,0.03301153442805,0.18204131932254053,0.34169922571134187,0.15965790638880134,2.43789171992e-09,0.569287352614,135.98800993252172,37.60947739455486,0.21664759077816897,0.2166629132099837,173.5974873270766,173.8420811782538,-0.14069887424230654,1.586541047473736,0.2166475907820156,0.03477778461595254,0.18648802807674422,0.2166308200903619,0.0347785857160328,0.186490175923647,0.18340096835195854,0.3496340805022471,0.16623311215028855,0.20000000000000018,0.1999859419788178,138.8804302988153,34.717057028261294,-5.981095481111254e-05,1.7785550809890083e-09,0.45268430057656156,0.452689514297696,0.16976585270521663,11.598649628700521,86.21693317862875,20.659796932603463,48.40318630731014,14.124558738332881,70.79867191079626
58.0351911958,0.03306044322163889,0.18206069591479782,0.34162970976770407,0.15956901385290626,2.48307005301e-09,0.569004794941,136.93591076995196,37.87163326503052,0.21664759077818543,0.21666278622785448,174.80754403498253,175.0538428211405,-0.14069887423702188,1.5865410474729535,0.21664759078210807,0.0347075982934051,0.18629975387371048,0.21663093832888164,0.03470839996357321,0.18630190542120928,0.18342362874883625,0.3495434389151962,0.16611981016635993,0.19999999999999982,0.19998605939915245,139.84847215018252,34.95907188479997,-5.981100412721929e-05,1.8212320540555993e-09,0.4522272804836585,0.45223250318768443,0.169650142858568,11.163197169056689,89.58007144869786,20.644702609405865,48.43857617713482,13.746182552505214,72.747469792459
58.39850674129,0.03311090371406805,0.18207991392854336,0.34156081335859734,0.15948089943005397,2.53174395607e-09,0.568711712207,137.91630689008915,38.142776182231934,0.2166475907781693,0.2166626477715212,176.05908307232107,176.30714524086338,-0.14069887423078242,1.5865410474749984,0.21664759078182697,0.03463538720890841,0.18610584947526074,0.21663106656519973,0.03463618905212242,0.1861080037293464,0.1834463505187749,0.3494525518340395,0.1660062013152646,0.20000000000000023,0.19998618753195,140.8496982683167,35.20938480400436,-5.981087524142836e-05,1.6914913913979035e-09,0.4517565935559442,0.45176182282998645,0.1695341196232957,10.725839339683052,93.23279683112892,20.629426842097246,48.474444183750144,13.366517900854989,74.81380022960468
58.76239939361,0.03316144436022361,0.18209838337659298,0.34149462620879373,0.15939624283220075,2.58322917855e-09,0.56841653099,138.90066880792745,38.41501589891948,0.21664759077816714,0.2166625086559044,177.3156847068469,177.56551739084463,-0.14069887423457939,1.5865410474756803,0.21664759078171245,0.0345632660341919,0.18591198464378755,0.21663119536528108,0.034564067941447,0.1859141413164878,0.18346845194786288,0.34936414611711036,0.1658956941692475,0.2,0.19998631627231284,141.8549741050217,35.46071060182519,-5.981083226469508e-05,1.6386225709652535e-09,0.45128600267380076,0.4512912378188303,0.16942126400968813,10.297494239711892,97.11100358216646,20.61414914217182,48.510369897064024,12.995037492964089,76.95245208345344
59.1136079882,0.03321022333169445,0.18211547924930524,0.3414333540558407,0.15931787480653545,2.6360397295e-09,0.568130051418,139.85295099436559,38.67838349568197,0.21664759077817872,0.21666238197982315,178.53133449004756,178.7828799895288,-0.1406988742411852,1.5865410474735053,0.21664759078203466,0.034493852932448735,0.18572520812331517,0.2166313129940414,0.03449465511690227,0.18572736771112186,0.18348917446171722,0.34928125606330424,0.165792081601587,0.2000000000000003,0.1999864334196708,142.82748965172868,35.70384483831887,-5.981096935503416e-05,1.7873480473440395e-09,0.45083261808173797,0.45083786030294787,0.16931544949612748,9.886657032523956,101.14642357981248,20.599064675563884,48.54589350293526,12.638956445693989,79.12045620987115
59.4482055963,0.033256695221708335,0.1821311085135638,0.3413773165514841,0.15924620803792033,2.68929315624e-09,0.567855631639,140.76218445614228,38.92984533664677,0.2166475907781693,0.2166622722135616,179.69202979278904,179.94521067847563,-0.14069887424731364,1.5865410474739494,0.21664759078197415,0.03442790011334091,0.18554756833044433,0.21663141582553883,0.0344287030054653,0.18554973189273355,0.18350837133369308,0.34920446857509474,0.16569609724140166,0.20000000000000023,0.19998653483334028,143.75604341735982,35.93598637542922,-5.981094135520948e-05,1.759437040504963e-09,0.4504014121420344,0.4504066640109727,0.1692174253026172,9.491450846372818,105.35797068181127,20.5843266286774,48.5806515821039,12.296730737431517,81.3224279975472
59.77839190005,0.0333025544305625,0.18214591585510853,0.3413242326325652,0.1591783167774567,2.74426887953e-09,0.567583360202,141.66129069246762,39.17850634497686,0.216647590778177,0.21666216696688195,180.83979703744453,181.0945950940423,-0.14069887423501237,1.5865410474745298,0.21664759078189214,0.03436298560759854,0.18537255893901486,0.21663151468907105,0.034363789283538344,0.18537472665802732,0.18352680019102943,0.34913075314534425,0.16560395295431482,0.20000000000000004,0.19998663205015918,144.67425508729164,36.16554195015288,-5.981090477336082e-05,1.7215784353652452e-09,0.4499765912847889,0.4499818532438299,0.16912332279038686,9.110179337596835,109.76732322634925,20.570022876816246,48.6144330508774,11.96719096338779,83.56179850888836
60.10943153103,0.0333485321570875,0.18216015907316516,0.34127318933909173,0.15911303026592657,2.80116813937e-09,0.567308882756,142.56453190343044,39.4283109411487,0.21664759077817286,0.21666206153876744,181.99284284457914,182.24926550945497,-0.14069887423635574,1.5865410474740318,0.2166475907819611,0.03429807087021174,0.18519738354040466,0.21663161374169207,0.0342988752605795,0.18519955523861148,0.18354477232821587,0.3490588645969382,0.16551409226872232,0.2000000000000001,0.19998672943951562,145.59668942269204,36.396153421887135,-5.9810936170467954e-05,1.7533974272510022e-09,0.44955136745880986,0.4495566390770168,0.16903155241012416,8.733288870717221,114.50439975173694,20.55575834959427,48.64816870255424,11.642023488117466,85.89572087881963
60.44675532173,0.03339538268357361,0.18217406475361397,0.34122338860858953,0.15904932385497556,2.8602434265e-09,0.567027613435,143.4867401579211,39.68336115121969,0.21664759077817553,0.21666195060071816,183.17010130914082,183.42818269722233,-0.14069887423325822,1.586541047473869,0.2166475907819888,0.034232095709675225,0.1850191765998196,0.2166317175816925,0.03423290059079766,0.18502135171595105,0.18356257478329352,0.3489876547767708,0.16542507999347728,0.19999999999999993,0.19998683196817665,146.53849303703578,36.63160827210504,-5.98109464289287e-05,1.766187196494684e-09,0.44911878481482675,0.44912406472976374,0.16894064847039317,8.355623115905395,119.67988337057044,20.5413825669976,48.682214877134406,11.31638135406676,88.36747090010631
60.79470351783,0.03344370882192083,0.18218777820691087,0.3411743224914748,0.1589865442845639,2.9216597801e-09,0.566735773295,144.43987166815518,39.94696364092321,0.2166475907781709,0.21666182988750857,184.38683530907838,184.64663104026658,-0.14069887423591165,1.5865410474733614,0.21664759078204684,0.03416422312881055,0.18483566519698127,0.2166318299923096,0.034165028149822856,0.18483784285103214,0.1835804067052954,0.3489163270890498,0.1653359203837544,0.2,0.19998694360918637,147.5118756738454,36.874959635233,-5.981097842555627e-05,1.7929879803091353e-09,0.44867332602640786,0.4486786121019348,0.16884959406507236,7.976663593831104,125.36569810633208,20.526764976104104,48.716882624423945,10.989637463859664,90.99481245751583
61.15068696661,0.03349315096758472,0.18220115729093353,0.34112649254426597,0.15892533525333244,2.98479627424e-09,0.566435352538,145.4169349223311,40.217184805195096,0.21664759077817097,0.21666170133690416,185.63411972752618,185.89567284649866,-0.14069887424890126,1.586541047473357,0.2166475907820542,0.03409497258334944,0.1846482401306588,0.21663194828718016,0.03409577725575422,0.18465041905111998,0.18359810349155556,0.3488455399440479,0.16524743645249232,0.1999999999999999,0.19998706250049061,148.50969742335386,37.12442230417234,-5.981097870311203e-05,1.7963852627644883e-09,0.4482183671428071,0.4482236562924406,0.1687592296975459,7.607378317677662,131.45133030603301,20.512037698331973,48.75186047855789,10.671328743310374,93.70904261822862
61.49326645018,0.03354073145141388,0.18221341858133439,0.34108266012476673,0.15886924154343235,3.04583572513e-09,0.566144413677,146.35899298226695,40.4777247699143,0.21664759077818757,0.21666158475342734,186.8367177521813,187.0999652970597,-0.1406988742410742,1.5865410474718111,0.2166475907822624,0.034028510777401696,0.1844681836453151,0.216632057010478,0.034029315539612706,0.18447036493597746,0.18361462544019447,0.34877945215053124,0.16516482671033678,0.2,0.19998717031474134,149.47177125802858,37.36494649415273,-5.981107613628467e-05,1.8924639633155493e-09,0.4477812948815328,0.4477865897846341,0.16867486435578347,7.249649962133002,137.93769426431433,20.4972872436214,48.78694376062825,10.36317324444745,96.49554016051948
61.81960025637,0.0335860555911625,0.18222454402388244,0.3410428749708718,0.15881833094698938,3.10421476158e-09,0.565865572967,147.2579602694676,40.7263473498215,0.2166475907781707,0.2166614828018382,187.9843076192891,188.24917208517172,-0.1406988742361004,1.5865410474700625,0.216647590782497,0.033965365930430334,0.18429695041001176,0.2166321527949572,0.03396617110477851,0.18429913484544225,0.18362990778627986,0.34871832276736553,0.16508841498108567,0.1999999999999997,0.19998726445053067,150.38984017888043,37.59446744040868,-5.981118634812432e-05,2.0007773215979796e-09,0.44736564033170373,0.4473709428684701,0.16859682874539758,6.905681928593529,144.80829125063232,20.482873957191295,48.82127391351309,10.067144663060933,99.33303170553111
62.14109571028,0.03363070773753889,0.1822349867959847,0.34100554597658994,0.15877055918060523,3.16050809786e-09,0.565589213958,148.14506857104857,40.971690153438075,0.2166475907781784,0.21666138412624106,189.11675872448663,189.38321878130688,-0.1406988742376103,1.5865410474696153,0.21664759078256343,0.03390331440439842,0.18412852686207648,0.21663224592896763,0.03390411996839691,0.1841307143536811,0.18364453329479452,0.34865982073364166,0.16501528743884714,0.19999999999999993,0.19998735555105351,151.2957982567899,37.820960467696715,-5.981121453668692e-05,2.031419477077634e-09,0.4469568060661265,0.4469621160215035,0.16852214711666685,6.573221451457575,152.13240682439744,20.468724445159413,48.85502282661717,9.781291591312995,102.23598700279261
62.46389215282,0.03367554057678056,0.18224496236168436,0.3409699031005196,0.15872494073883525,3.2073410107e-09,0.565310059419,149.03719389684017,41.21842048863439,0.21664759077817414,0.21666128572540086,190.25561438547456,190.52367905708118,-0.1406988742466475,1.5865410474684187,0.21664759078271908,0.03384116867010821,0.18395969305831159,0.21663233836916085,0.03384197463935432,0.18396188365896432,0.18365879481843916,0.34860277463983824,0.16494397982139908,0.20000000000000004,0.1999874464055616,152.20687990020227,38.048734485272284,-5.981128996523921e-05,2.103273111231374e-09,0.44654697593837406,0.44655229344070874,0.1684493240892696,6.243977983899253,160.15431229555966,20.45438348833753,48.88927601118702,9.498171907056122,105.283417670837
62.79480897087,0.03372150124595417,0.18225467183622182,0.3409352474843937,0.15868057564817187,3.25393308129e-09,0.565022110118,149.95320436719297,41.47175661065607,0.21664759077816934,0.2166611808337332,191.42496097784903,191.6946732250697,-0.14069887424779104,1.586541047468023,0.21664759078277604,0.03377762257261375,0.18378689445282476,0.21663243625369172,0.03377842866905344,0.18378908745911285,0.18367298195085222,0.34854602611047514,0.16487304415962292,0.20000000000000004,0.19998754331175594,153.14235330334026,38.282607674508775,-5.9811314900848345e-05,2.1295631924544978e-09,0.446127521581587,0.44613284492340305,0.16837688092224432,5.9135355430509415,169.10357479378146,20.43961321430585,48.92460485994382,9.213841050594498,108.53236934616729
63.13795161425,0.03376915994642361,0.1822641999368313,0.3409012914605142,0.15863709152368288,3.30122574655e-09,0.564721604485,150.9045537260369,41.734866220259455,0.2166475907781191,0.21666106480257105,192.63941994629639,192.91084333113196,-0.14069887423054928,1.586541047468442,0.21664759078272036,0.03371190307270511,0.1836080147289467,0.2166325436234854,0.03371270883041875,0.1836102089493358,0.1836872384861828,0.34848899996887245,0.16480176148268966,0.19999999999999998,0.19998765059827847,154.1139149386214,38.52550500767495,-5.981128848864259e-05,2.103850427204179e-09,0.4456933058116731,0.4456986321006192,0.16830408336539088,5.578512499295759,179.2592559622734,20.424188222105663,48.96155426719346,8.925573824482543,112.0376145740943
63.49455854281,0.03381868868650139,0.18227353081091888,0.34086809930066764,0.15859456848974876,3.3502423363e-09,0.564407206577,151.89479584292064,42.008732192194906,0.21664759077816886,0.21666093636363853,193.90352803511556,194.17673251180616,-0.14069887424540406,1.5865410474678936,0.21664759078279985,0.03364379295251416,0.1834224439715984,0.21663266198472597,0.03364459795115218,0.18342463834270517,0.1837015734937892,0.3484316599388405,0.1647300864450513,0.1999999999999998,0.19998776950417868,155.12519396438182,38.77833407073374,-5.9811323060987576e-05,2.140554400398287e-09,0.4452428481101036,0.4452481747649044,0.16823088510949014,5.240684188592776,190.8147799053923,20.408189528527465,48.999936942086705,8.63514196713838,115.805855167821
63.85822143086,0.033869197420952776,0.18228245669264606,0.34083640216869654,0.15855394547605048,3.40172389206e-09,0.564084360921,152.90621731114072,42.28845562417992,0.2166475907782204,0.21666080028226511,195.19467293532063,195.46969659791378,-0.14069887423977523,1.5865410474669217,0.21664759078294513,0.033574532371027345,0.18323354597624134,0.21663278698841323,0.03357533623368069,0.18323573950973834,0.1837156985902179,0.34837515955385545,0.16465946096363754,0.20000000000000026,0.19998789553315793,156.15810107570277,39.03657185961783,-5.9811384323094074e-05,2.2076118710856463e-09,0.44478431381280636,0.4447896384343785,0.1681587587146953,4.912802500924742,203.54980681836264,20.39212297893171,49.038543021398915,8.353469430112042,119.71073915650726
64.20380619821,0.033917195305306944,0.18229039254190926,0.3408082287796122,0.15851783623770294,3.45331416171e-09,0.563775473366,153.86879221560795,42.55466982296812,0.21664759077818674,0.21666067871449118,196.42346203857608,196.7002170295965,-0.14069887425633976,1.58654104746771,0.21664759078281925,0.033508899552803804,0.18305436228837543,0.21663289985818035,0.033509702619199666,0.18305655579410332,0.18372867269878018,0.3483232631189749,0.1645945904201947,0.20000000000000004,0.19998800800466332,157.14112514010162,39.28233689847443,-5.981133462951149e-05,2.1495027979767656e-09,0.4443493601953928,0.4443546847495577,0.16809250956023641,4.604214893204952,217.1922951458743,20.37641305901683,49.076351029186014,8.088468600528447,123.63279742900487
64.51757816513,0.03396077474515695,0.18229713698128427,0.3407842435974115,0.15848710661612722,3.50143667967e-09,0.563493244162,154.74392452365478,42.79670049003008,0.2166475907781768,0.21666058603651256,197.54062501368486,197.8189540550717,-0.14069887423900918,1.586541047467741,0.21664759078281828,0.03344946457269285,0.18289194780714882,0.21663298679907217,0.03345026766584006,0.182894143333897,0.18374008287944477,0.3482776223963118,0.16453753951686706,0.2000000000000001,0.19998809353454464,158.0348520215756,39.505772992109215,-5.981133267551897e-05,2.1490587087669155e-09,0.4439551124434281,0.4439604419034531,0.16803424622674204,4.311227797160129,231.95248477909593,20.361172647746734,49.113084855192014,7.8368856913638005,127.6017080486441
64.82501275287,0.03400347399345417,0.18230333171003255,0.34076221549614266,0.15845888378611012,3.5480191391e-09,0.563215038894,155.6024224460806,43.03413067389797,0.21664759077804227,0.21666050073249202,198.63655311997857,198.91642629251123,-0.1406988742704951,1.5865410474672277,0.21664759078280188,0.033391373604597235,0.18273306653311883,0.21663306711967156,0.03339217703680852,0.18273526489653966,0.18375092350651115,0.34823425988796636,0.1644833363814552,0.20000000000000018,0.19998817220379464,158.9115919286521,39.72496119132647,-5.9811365027417907e-05,2.141486987738972e-09,0.44356944126039977,0.4435747776062135,0.16797889118114698,4.033759317330822,247.90770131067458,20.346568406270663,49.1483369594554,7.5984218912009,131.60627487110406
65.13576328105,0.034046633789034726,0.18230918935695561,0.3407414158896592,0.1584322265327036,3.59380782765e-09,0.562932123235,156.47119180961485,43.27440157541904,0.21664759077814735,0.21666041288258914,199.74559338503389,200.0270291632676,-0.1406988742526427,1.586541047467358,0.216647590782868,0.03333280028798221,0.18257272602440433,0.21663314953688367,0.03333360393363285,0.18257492690299193,0.18376154451367502,0.3481917758596408,0.16443023134596577,0.20000000000000007,0.1999882532514845,159.79882106927968,39.94677231575421,-5.9811356811767524e-05,2.1719959164556712e-09,0.4431802279055798,0.4431855703567533,0.167924657571993,3.760524470171439,265.92035444311597,20.33187769277068,49.183848885514685,7.363308973965173,135.80850722626892
65.45337526144,0.034090746564088885,0.18231476575254765,0.3407216533493769,0.15840688759682922,3.6390423704e-09,0.56264116326,157.36015823183493,43.520258269485055,0.21664759077796458,0.2166603196997204,200.88041650131996,201.16345121263626,-0.14069887427866634,1.5865410474670716,0.21664759078280318,0.033273083300973325,0.1824091096984285,0.2166332363130359,0.03327388688420878,0.18241131238004066,0.18377205660419907,0.3481497274972218,0.16437767089302271,0.20000000000000018,0.19998833926665116,160.70667561402777,40.17374088729216,-5.9811374875096135e-05,2.1420865081722695e-09,0.44278306277465357,0.44278840960252047,0.16787098011870452,3.4847598222662692,286.9638227605777,20.31665721896455,49.22069557124543,7.125772676307925,140.33565838057717
65.78494326771,0.034136797676070835,0.18232015633023566,0.3407026113575109,0.15838245502727524,3.68454400706e-09,0.562335457923,158.2892397049579,43.7772093689591,0.21664759077814627,0.21666021465163382,202.066449073917,202.35115487086148,-0.1406988742545967,1.5865410474680977,0.21664759078274165,0.03321090375171099,0.18223859018251592,0.21663333363342283,0.033211706832933556,0.18224079354780465,0.18378266659662196,0.34810728752722486,0.1643246209306029,0.19999999999999996,0.19998843635044028,161.65549588473849,40.410953189178535,-5.981131019350272e-05,2.113687003202358e-09,0.44236914071975486,0.4423744892071902,0.16781680275301797,3.204649731678134,312.0465834736778,20.300679035601238,49.25943601424874,6.884302923122168,145.25798924990943
66.13265524643,0.034185091006448606,0.18232534798918473,0.34068434994559427,0.15835900195640953,3.73009648833e-09,0.562012694257,159.26466766349913,44.046978268225416,0.21664759077803702,0.21666009432580094,203.31164593172454,203.59810617512068,-0.1406988742565951,1.5865410474679764,0.21664759078270832,0.03314587413362716,0.18206008385592695,0.21663344424105654,0.0331466760683428,0.1820622862328791,0.18379340219017204,0.3480643451528529,0.16427094296268085,0.19999999999999982,0.19998854767976434,162.65164513545648,40.66000079626806,-5.981131784293936e-05,2.0982993120810534e-09,0.44193583134095027,0.44194117742928013,0.1677619840356283,2.920550854629052,342.4011598411331,20.283831059990938,49.30035144950802,6.639280213733717,150.61873694251446
66.49143988436,0.03423492220616111,0.18233022095729504,0.34066729361112,0.158337072653825,3.77317055818e-09,0.561677304016,160.2722968437957,44.325652887429555,0.21664759077820164,0.21665996137818827,204.5979497312252,204.88622233954192,-0.14069887424591476,1.5865410474686905,0.21664759078271068,0.03307896445742165,0.1818762338993791,0.21663356627861885,0.03307976466229547,0.1818784337470924,0.18380407034141807,0.3480216725478757,0.16421760220645762,0.20000000000000012,0.1999886707709487,163.6806777220161,40.917272009209114,-5.981127283449794e-05,2.099387330645186e-09,0.44148955074133645,0.44149489069014763,0.1677075096962681,2.6386348693688153,378.983849417259,20.26638381196791,49.34279392308113,6.396095928110838,156.34537243336214
66.84622817824,0.03428419835808889,0.1823345583436767,0.3406521535505101,0.1583175952068334,3.8064455956e-09,0.56134329195,161.26978787869382,44.601523653845526,0.21664759077806697,0.21665983297347696,205.87131153253935,206.16137827094394,-0.1406988742689519,1.586541047469594,0.21664759078250437,0.03301299108059581,0.18169477449997237,0.2166336839230148,0.03301378966382697,0.1816969720821648,0.183814221864837,0.34798106645317467,0.16416684458833766,0.20000000000000004,0.1999887896310779,164.69935711938425,41.17195441315511,-5.981121588005678e-05,2.00415239959284e-09,0.44104907302193197,0.4410544074713782,0.16765567339115442,2.3672648311956443,422.42844434727897,20.24883067545946,49.385567790437825,6.161856181235491,162.28876017023393
67.18232390003,0.03433087831944861,0.18233823397875018,0.3406393438919105,0.1583011099131603,3.83084215352e-09,0.561024710122,162.21567247542495,44.86312190339375,0.21664759077804743,0.21665972014944698,207.0787943788187,207.3705624257193,-0.14069887427010652,1.5865410474694455,0.21664759078250495,0.03295066910093807,0.18152319163384625,0.21663378805892622,0.03295146645867055,0.18152538791769748,0.183823483916421,0.3479440182468433,0.16412053433042229,0.19999999999999968,0.1999888939370446,165.66533533318207,41.41345904563664,-5.9811225250339106e-05,2.0044410575792426e-09,0.4406325697721295,0.4406379010699596,0.16760837896032588,2.114491734578755,472.9268900165354,20.23182426591104,49.42708017115974,5.943456364672589,168.25226579333818
67.49201180159,0.034373890527998614,0.18234125168576962,0.3406288242770373,0.15828757259126766,3.88436346817e-09,0.560729282528,163.08801416196283,45.104380783245915,0.2166475907783102,0.21665962929642432,208.19239494520872,208.48573202308896,-0.14069887422692995,1.5865410474701005,0.21664759078256393,0.032893395096406,0.1813653635521568,0.21663387293781444,0.0328941918859516,0.1813675601808427,0.18383172006199,0.347911073664859,0.16407935360286902,0.19999999999999982,0.1999889777598439,166.55621070274276,41.63618424246598,-5.981118396114482e-05,2.0316637261430515e-09,0.44024945512660635,0.4402547872614942,0.16756632307123334,1.8762893344683846,532.9668413231872,20.215393617286693,49.46725346692605,5.737547429899575,174.29049819942023
67.79380013235,0.034415805573937495,0.18234386042475412,0.3406197473662061,0.15827588694145198,3.97597685531e-09,0.560439633741,163.93878736372994,45.3396745823655,0.2166475907780887,0.2166595467753932,209.27846194609543,209.5733292611135,-0.14069887425928185,1.5865410474695902,0.21664759078250895,0.03283772121146798,0.1812118131123575,0.21663395000888433,0.0328385178261811,0.18121401111994928,0.18383947435904013,0.347880056476386,0.16404058211734585,0.19999999999999993,0.1999890538255731,167.4250603554246,41.85340159067084,-5.9811216124305844e-05,2.0062840278001204e-09,0.43987672410381295,0.439882059585881,0.16752672762472243,1.6515137414319288,605.5051041434023,20.199574218378775,49.50599399714775,5.542940887255198,180.4096454103065
68.09547863897,0.03445770536652361,0.18234615249722175,0.3406118162241688,0.15826566372694706,4.10399046193e-09,0.560148336991,164.78989285259135,45.575060280386566,0.21664759077800008,0.21665946412020265,210.36495313297792,210.6613512827798,-0.1406988742818971,1.5865410474695907,0.2166475907824489,0.03278220483237331,0.18105856740948026,0.21663402724654707,0.032783001205245174,0.18106076660957,0.1838469621410523,0.34785010534803074,0.16400314320697842,0.2,0.19998913001502433,168.2942491702623,42.07070396271562,-5.981121609099915e-05,1.9785728611054765e-09,0.4395047328047533,0.4395100711815117,0.16748849307288938,1.4345935429625973,697.0615509218641,20.183897281333874,49.54444555783599,5.354730869368123,186.75074889767586
68.39573003651,0.034499406949515275,0.18234812651536744,0.34060503193589764,0.1582569054205302,4.25843968217e-09,0.559856665943,165.6375777283158,45.809499957792085,0.216647590778228,0.216659382223094,211.4470776861079,211.74500051812302,-0.1406988742525761,1.5865410474700015,0.21664759078252915,0.0327270871554219,0.1809062938524304,0.21663410379874268,0.032727883231696876,0.180908494083879,0.18385415804758762,0.34782132172229724,0.16396716367470962,0.19999999999999998,0.1999892055004087,169.15994461428,42.28713307182791,-5.981119020059822e-05,2.0156099012069717e-09,0.4391351013094754,0.4391404421897724,0.16745174891345846,1.2230867084440218,817.6035215624028,20.168120592963202,49.583202132820794,5.170828838373732,193.39259357780406
68.69522851677,0.034541003960662495,0.18234979751718033,0.3405993377375657,0.15824954022038534,4.34541923289e-09,0.559563968426,166.4837075214522,46.04350955421024,0.21664759077807036,0.21665930147727894,212.5272170756624,212.82666179293727,-0.14069887426332306,1.586541047469711,0.216647590782478,0.032672243028313355,0.18075464870457233,0.21663417914766503,0.03267303882738832,0.18075685001511926,0.18386108707661428,0.34779360560592804,0.16393251852931376,0.19999999999999993,0.19998927991851695,170.02405196961436,42.503165106048066,-5.9811208508175895e-05,1.9919843552429484e-09,0.4387669952256591,0.43877233872537824,0.16741636749892472,1.0148758243941594,985.3422221353636,20.152041227126084,49.62276469809563,4.989377286223334,200.42581320943586
69.00130693605,0.03458351485222917,0.18235120732991447,0.3405946046635796,0.15824339733366513,4.42780431102e-09,0.559263008502,167.34898307489274,46.282814191295216,0.21664759077800688,0.21665921617168782,213.63179726618793,213.93279830512293,-0.14069887428185268,1.586541047469791,0.21664759078243584,0.032616333696711595,0.18059992717803514,0.2166342581187794,0.03261712898716364,0.18060212896630992,0.1838679167952102,0.34776628673133414,0.16389836993612394,0.2,0.1999893585965852,170.90771115508727,42.724086111100654,-5.981120346776336e-05,1.9725332478515156e-09,0.43839142148643867,0.43839676614580275,0.16738149318918844,0.8077032842264468,1238.0784126162364,20.135519605664438,49.663481230386736,4.808537305791642,207.9634484265205
69.31801471654,0.034627502043963886,0.18235235725304053,0.3405908417893758,0.1582384845363353,4.53329908567e-09,0.558949629499,168.24486463463728,46.53058336803909,0.2166475907779704,0.2166591231813485,214.77544800267637,215.0780604125071,-0.14069887428329597,1.5865410474696384,0.21664759078245352,0.03255863158222009,0.18044010524886114,0.21663434369619453,0.03255942605278235,0.18044230671542177,0.18387472110723724,0.34773906948332145,0.1638643483760842,0.19999999999999998,0.19998944444291394,171.82262547664314,42.9528225260332,-5.9811213082294756e-05,1.9806822848522643e-09,0.438003466940664,0.43800881081909354,0.16734674861227597,0.5988768797194937,1669.792295986426,20.118294848492674,49.70600180238054,4.625984955950223,216.17017986920587
69.64616638517,0.03467307866460694,0.1823532253680906,0.34058813511806685,0.15823490974997625,4.65746371753e-09,0.558622803731,169.1736769294254,46.78746002241418,0.2166475907785576,0.21665902099394463,215.9611369518396,216.26541996303112,-0.14069887420907756,1.5865410474705404,0.2166475907826115,0.03249900437231157,0.18027480237767998,0.21663443734248541,0.03249979764968443,0.18027700255352713,0.1838814952846116,0.34771197277460925,0.16383047748999766,0.19999999999999996,0.19998953887540993,172.7711687578319,43.18996819400765,-5.9811156238875895e-05,2.053623937570137e-09,0.43760220786041276,0.4376075486057418,0.16731215791139822,0.3889007068553543,2571.3504305147353,20.10034441121592,49.75039131379279,4.442179643146128,225.114714021732
69.98189402305,0.03471970750320139,0.18235378016334058,0.3405865905642613,0.15823281040092074,4.70865459484e-09,0.558286184694,170.12447947765946,47.05041840358318,0.2166475907787081,0.21665891167202628,217.17489788124263,217.48089104651197,-0.14069887418471927,1.5865410474702597,0.21664759078269238,0.03243816915286942,0.18010599421693166,0.2166345373188439,0.03243896088266767,0.1801081921586791,0.18388814190377717,0.347685386298354,0.16379724439457682,0.2000000000000001,0.19998963996640123,173.74216824423297,43.432729637009665,-5.981117392472868e-05,2.090949635658035e-09,0.4371924399789672,0.4371977753012035,0.1672782185553387,0.18116163721544654,5519.932450217094,20.081878888070747,49.79613738204699,4.260322260073379,234.72402765671913
70.31529735447,0.03476601352145417,0.18235400205611074,0.34058624774904894,0.1582322456929382,4.75658956071e-09,0.557949644071,171.06920440966758,47.311695930650906,0.21664759077795598,0.21665880271065732,218.38090034031848,218.68859272849693,-0.14069887429403183,1.5865410474690276,0.21664759078254192,0.03237792427667722,0.1799386680974304,0.21663463686887172,0.03237871428236534,0.17994086329226427,0.18389446587675215,0.34766009040569795,0.1637656245289458,0.20000000000000007,0.19998974070750675,174.70696070578632,43.67393963453216,-5.981125158482925e-05,2.021494083237485e-09,0.43678626963036205,0.4367915982846924,0.1672459267129865,-0.01940973243944076,nan,20.063332634098785,49.842168209903605,4.085039050565001,244.79570149070915
70.63463567632,0.03481036606615555,0.1823539107479665,0.3405869995848341,0.15823308883686762,4.80155615908e-09,0.557625194175,171.9745075883259,47.56207079430831,0.2166475907782963,0.21665870384107228,219.53657838263425,219.84589908770417,-0.14069887423577843,1.5865410474693014,0.2166475907826389,0.0323203791236216,0.17977869485459505,0.2166347282258819,0.03232116765316813,0.17978088789737393,0.18390027191524633,0.34763686625220763,0.1637365943369613,0.19999999999999982,0.19998983202444853,175.63149494866903,43.905083433965196,-5.981123433196345e-05,2.0662582755903713e-09,0.4363979477831597,0.43640327121355404,0.16721627957931562,-0.20946806668402188,nan,20.04514938049084,49.88738078316647,3.919238451063771,255.1516098053634
70.93649113235,0.03485229043504861,0.1823535508371954,0.34058865616998757,0.15823510533279217,4.84393995888e-09,0.557316605777,172.83060311545321,47.798836560587375,0.2166475907783313,0.2166586204075663,220.62943967604056,220.94030019111742,-0.14069887422437644,1.5865410474699866,0.21664759078260334,0.03226612679281415,0.17962774505296822,0.21663480518409942,0.03226691442681622,0.1796299374458952,0.18390553913956692,0.347615797354751,0.1637102582151841,0.19999999999999998,0.19998990897362082,176.50577811832824,44.12366155771232,-5.981119113318556e-05,2.0498491792864115e-09,0.436031529594945,0.4360368514478775,0.16718938376949397,-0.388219504036884,nan,20.027576933612767,49.93115259598258,3.7632089031116114,265.7306638420071
71.22719310955,0.03489266570965972,0.18235296055569983,0.3405911050722287,0.15823814451652884,4.88458892279e-09,0.557017661873,173.65536261939704,48.0269358902661,0.21664759077808193,0.21665854696370435,221.68229850966316,221.99464247258825,-0.1406988742819304,1.5865410474674444,0.21664759078276613,0.03221400961078755,0.17948261645849592,0.2166348733343998,0.03221479677659702,0.1794848093198893,0.18391041254168666,0.3475963037470816,0.16368589120539495,0.2000000000000001,0.19998997660576018,177.34806081680446,44.33423769285868,-5.9811351371674704e-05,2.124989073593042e-09,0.435679241906776,0.4356845648968721,0.16716449891868884,-0.5575740034906034,nan,20.0105078787356,49.973744097852794,3.6148836213338296,276.6340786459447
71.51577631746,0.034932746710758335,0.18235214874326816,0.3405943527139701,0.15824220397070193,4.92469890336e-09,0.556719179741,174.47437079310873,48.253444605377645,0.21664759077821746,0.21665847443559907,222.72781539848637,223.04163246445407,-0.1406988742416515,1.586541047467749,0.21664759078282209,0.032162398828543395,0.17933878227684996,0.21663494099295527,0.032163185466087825,0.17934097542415628,0.18391506045582734,0.34757771209079896,0.16366265163497162,0.2000000000000002,0.19999004337588874,178.18446993592613,44.54334546256023,-5.981133217591861e-05,2.1508128611458233e-09,0.43533009629893776,0.4353354199830639,0.16714076546728204,-0.7220114832991456,nan,19.993461552619394,50.0163514641109,3.4704832395018173,288.14431045733807
71.80970939313,0.034973570749045835,0.1823510950938011,0.3405984832614336,0.1582473881676325,4.96533143342e-09,0.556413393325,175.30880007638726,48.48421825433971,0.21664759077822754,0.21665839917794438,223.79301833072697,224.1083362369489,-0.14069887426613192,1.5865410474672532,0.21664759078284357,0.03210996106087557,0.1791925251255631,0.21663501048726475,0.03211074709171989,0.1791947183700454,0.183919603182693,0.34755954118344545,0.16363993800075247,0.19999999999999987,0.1999901126964511,179.03662737408592,44.75639095664103,-5.981136341759452e-05,2.160738254985972e-09,0.4349750691322214,0.43498039305223424,0.16711756912913153,-0.8855996293890088,nan,19.975960867025226,50.06017015435402,3.3265177887495057,300.6146557766994
72.11438871578,0.03501588732163611,0.18234976980079778,0.34060362546223527,0.1582538556614375,5.0073711451e-09,0.556094533006,176.1739593792449,48.723490740574775,0.21664759077800183,0.2166583163600973,224.8974501198197,225.21432413859387,-0.14069887427727856,1.5865410474672486,0.21664759078282023,0.0320557445613798,0.1790411811885182,0.2166350863611782,0.03205652965316807,0.1790433736645064,0.1839241119981312,0.34754150592157823,0.16361739392344704,0.2000000000000003,0.19999018906699098,179.92016654967279,44.977283570146916,-5.981136371735474e-05,2.1499468871866156e-09,0.4346076942128004,0.43461301626735716,0.16709454595127185,-1.0506575596142267,nan,19.957712780468,50.105942048563264,3.180822226116221,314.3841211210972
72.43274559116,0.03506010355432777,0.18234813901943497,0.34060991511540656,0.15826177609597158,5.05146072502e-09,0.555759290808,177.07816568318003,48.973562247502976,0.21664759077851564,0.21665822286246691,226.05172793068303,226.37022829346586,-0.14069887422206717,1.5865410474683157,0.21664759078287574,0.031999244772883226,0.17888332726356368,0.21663517152295628,0.032000028443836044,0.17888551770290417,0.18392861017344153,0.3475235132206122,0.16359490304717067,0.20000000000000007,0.19999027540117292,180.8435806069147,45.20814732376831,-5.9811296448941675e-05,2.1755708345949643e-09,0.4342245168348837,0.43422983394564624,0.16707157710505488,-1.2179023347016456,nan,19.938542554212376,50.15411719693283,3.0327877160685985,329.7296394013029
72.76384559654,0.035106089666186106,0.1823461834334701,0.3406174254459589,0.15827124201248882,5.09782989512e-09,0.555408385479,178.018753203131,49.233695512784315,0.21664759077835316,0.21665811798101303,227.25244871591536,227.57264085973375,-0.14069887426219063,1.5865410474665778,0.21664759078298418,0.03194064696507089,0.17871946442699208,0.21663526670497335,0.03194142862652968,0.1787216512528062,0.18393306275809151,0.3475057028825564,0.16357264012446487,0.19999999999999982,0.1999903723336866,181.80414688347742,45.448301832437934,-5.9811405994647515e-05,2.225641893005559e-09,0.4338267533198264,0.43383206165905186,0.16704884105681533,-1.3853899733097306,nan,19.918502572736834,50.20457719390692,2.8841753842442945,346.71955300042123
73.09969648854,0.035152735623408336,0.18234393403495655,0.34062602141159304,0.1582820873766365,5.14586359343e-09,0.555050111588,178.97299157515266,49.497604121317885,0.21664759077827594,0.21665800746934147,228.47059569647055,228.7925041742274,-0.14069887425668393,1.5865410474671697,0.21664759078287593,0.03188137927146589,0.1785535753533541,0.2166353669284613,0.03188215856172923,0.17855575757093142,0.1839373504420923,0.3474885521460127,0.1635512017039204,0.19999999999999984,0.19999047450261756,182.77865285323773,45.69194284323284,-5.981136868005166e-05,2.1756596524369343e-09,0.43342407128148025,0.43342936843459107,0.16702694703283114,-1.5486616548021757,nan,19.898029341512885,50.256233058904925,2.739063689697602,365.0882612774886
73.42506001418,0.03519792500196945,0.1823415004271828,0.3406352536713399,0.1582937532441571,5.19400245972e-09,0.554700865939,179.89754148635802,49.75330195083206,0.21664759077812695,0.21665790428632267,229.65084343719008,229.97441484997302,-0.14069887426130245,1.5865410474678832,0.21664759078277457,0.03182412703198335,0.17839318101312995,0.2166354607027572,0.03182490413602519,0.17839535906526602,0.18394129082806424,0.3474727906016176,0.16353149977355338,0.19999999999999984,0.19999056983777036,183.72284039446185,45.92800304272823,-5.981132371601916e-05,2.12887485417923e-09,0.4330347272551124,0.4330400142969582,0.16700682640243789,-1.7027318952089492,nan,19.877802669115045,50.30737132498759,2.60189931201315,384.3346263950071
73.72726400906,0.035239897779036106,0.18233901894124765,0.340644599304463,0.15830558036321535,5.24074974152e-09,0.554374642042,180.75634365364976,49.990816278129806,0.21664759077819026,0.21665781599940995,230.74715993177958,231.0722760228925,-0.14069887426941818,1.5865410474676465,0.21664759078279372,0.031771095604806614,0.17824448267704282,0.21663554153368175,0.03177187098344665,0.17824665770624326,0.18394476786316305,0.34745888246131684,0.1635141145981538,0.20000000000000034,0.19999065124301937,184.59988514454582,46.14727478723375,-5.981133863741661e-05,2.1377122294552464e-09,0.4326737743137214,0.43267905401764045,0.16698907176205388,-1.8449176754948557,nan,19.858349805591516,50.35665147354943,2.4750668625562007,404.0294891133646
74.00732644639,0.03527879533977639,0.18233653284619822,0.34065390514027805,0.15831737229407983,5.28605826519e-09,0.554070631508,181.55225020096609,50.210935899828144,0.2166475907782495,0.21665774159366988,231.76318610079423,232.0897337434697,-0.1406988742709503,1.5865410474678225,0.2166475907827978,0.0317220750039661,0.17810692014620347,0.21663561013205376,0.03172284914081937,0.17810909336925884,0.18394783664938627,0.3474466073164413,0.163498770667055,0.19999999999999973,0.1999907197219161,185.412699707452,46.350486393342216,-5.9811327535186365e-05,2.139599608597109e-09,0.4323398526207271,0.43234512794037805,0.16697340174593533,-1.9788354490034894,nan,19.839529481964696,50.40442117889232,2.355366857714832,424.5623125436163
74.28605850817,0.035317508126134725,0.1823338830346274,0.34066377753606364,0.15832989450143625,5.33294704576e-09,0.553814145882,182.3443763388057,50.43000999386783,0.21664759077828655,0.21665767370970873,232.77438633267352,233.10235872726008,-0.1406988742530535,1.5865410474692299,0.21664759078263465,0.03167340683367717,0.1779702414272599,0.2166356732265434,0.031674180038329385,0.1779724137003524,0.183950745420116,0.34743497223271147,0.16348422681259547,0.19999999999999987,0.19999078215745716,186.22165474378002,46.55273158889349,-5.981123883946893e-05,2.064304283067031e-09,0.43200807630818433,0.43201334932187885,0.16695854880946553,-2.1062618823711112,nan,19.82123223380382,50.450950183337504,2.241173716469668,446.19477403796066
74.56782968771,0.03535664301218194,0.1823310340496689,0.3406743673892772,0.1583433333396083,5.38195937332e-09,0.553620578677,183.1451153924345,50.651466115847896,0.21664759077776993,0.21665760615504642,233.79658150828237,234.12599414657197,-0.14069887433489914,1.5865410474686072,0.21664759078247378,0.031624329249037034,0.17783230653915794,0.21663573573341677,0.031625101620999525,0.17783447815595133,0.18395354128265137,0.34742378878176555,0.16347024749911418,0.20000000000000012,0.19999084429576514,187.0394057789773,46.75717572930506,-5.981127807475062e-05,1.9900525671801006e-09,0.4316732507486592,0.4316785221692417,0.1669442724114442,-2.2327883663523767,nan,19.80251649904445,50.498632335352625,2.1273040270153154,470.07855355919025
74.86008612129,0.035397234183512497,0.18232790741704477,0.3406859889555187,0.15835808153847394,5.43434454837e-09,0.553418325037,183.9755999873803,50.881148803493474,0.21664759077798598,0.2166575317617462,234.85674879087378,235.18765517414553,-0.14069887427838879,1.5865410474705235,0.21664759078235812,0.03157355409681188,0.1776894878624278,0.2166358042625794,0.031574325317493754,0.1776916579851,0.18395629038568387,0.34741279236905315,0.16345650198336928,0.20000000000000004,0.1999909127972772,187.88753322358613,46.96921556728768,-5.981115729358777e-05,1.9366508396956306e-09,0.43132657019521237,0.431331837988939,0.16693023477976465,-2.360324682662035,nan,19.783067415561813,50.548278433979206,2.011975549016737,497.02393276533866
75.16814581769,0.03544002025245695,0.18232443012388758,0.3406989280796411,0.1583744979557535,5.49118573103e-09,0.55320347876,184.85090515285324,51.12322727688805,0.2166475907782368,0.21665744467218692,235.9741324297413,236.30661317427098,-0.14069887425640637,1.5865410474723316,0.21664759078220042,0.031520175162986205,0.17753922147792078,0.21663588354671487,0.03152094462962133,0.17754138849750312,0.18395902534624659,0.34740185252602024,0.16344282717977365,0.2000000000000001,0.19999099312472432,188.78143133337213,47.19270109636918,-5.981104332919429e-05,1.8638646182012053e-09,0.4309618109456656,0.4309670712068976,0.16691626936298964,-2.4906564981728136,nan,19.762499667827935,50.60088636600637,1.8936827279070447,528.0715640815029
75.49448613855,0.03548534529702083,0.1823205485874828,0.3407133863358846,0.1583928377484018,5.53756117581e-09,0.552974008939,185.77802041638813,51.37963459223633,0.21664759077824353,0.2166573433322599,237.15765500862446,237.49180330229782,-0.14069887424620342,1.5865410474718578,0.21664759078229454,0.031463787546264395,0.1773803471252224,0.21663597528220377,0.031464554555293095,0.17738250915829637,0.18396174462095613,0.3473909754276532,0.16342923080669705,0.2000000000000001,0.19999108673834837,189.72823785513134,47.429417153493105,-5.9811073194193654e-05,1.907318747385034e-09,0.43057615656359866,0.43058140472049306,0.16690238404351754,-2.6227502180668014,nan,19.74077804765729,50.65656467976315,1.7733388338346796,563.9080253138051
75.83275496337,0.035532327078245836,0.182316317656778,0.3407291623633865,0.15841284470660852,5.58129874485e-09,0.552734102934,186.73884161322948,51.645363777507534,0.21664759077832063,0.21665722831320078,238.38420539073704,238.72008185855222,-0.14069887426320093,1.5865410474733317,0.216647590782036,0.031405511564886655,0.17721600256434702,0.21663607881080446,0.031406275379981176,0.17721815759109216,0.18396437574124122,0.3473804509452155,0.1634160752039743,0.19999999999999973,0.19999119308003405,190.70946374320764,47.67474164752938,-5.981098029073095e-05,1.7879697722378296e-09,0.4301772237025422,0.43018245485215145,0.1668889488615301,-2.750126138794889,nan,19.718808413704647,50.713003494927015,1.6571823407029729,603.4338982732596
76.14980744575,0.035576362145243054,0.18231214901419832,0.34074463868985644,0.15843248967565812,5.62369880055e-09,0.552507362647,187.63919461747,51.89436959771436,0.21664759077811405,0.2166571314251257,239.53356421518436,239.87106009642446,-0.14069887426371164,1.5865410474713448,0.21664759078226803,0.03135105112552575,0.17706228035786095,0.2166361662034086,0.03135181247945147,0.17706443030561353,0.18396667430479205,0.3473712566921692,0.16340458238737712,0.20000000000000012,0.1999912825454704,191.62893949510186,47.90462472008251,-5.981110552388813e-05,1.8950840896536647e-09,0.42980407573028956,0.4298092945510634,0.1668772118027434,-2.8638882358729307,nan,19.698101692589912,50.76631320144838,1.5534965643478713,643.7091802773193
76.40542296644,0.03561186430089445,0.1823086419676536,0.3407575749676008,0.1584489329999472,5.65895829827e-09,0.552323255368,188.36491298338382,52.09507764908912,0.2166475907782637,0.21665707264556527,240.45999063247294,240.79879182181165,-0.14069887426571004,1.5865410474709365,0.21664759078238746,0.031307257524320314,0.17693856991713341,0.2166362215634789,0.03130801787891944,0.1769407185441481,0.1839684138563769,0.3473642984864268,0.1633958846300499,0.20000000000000007,0.19999133651685427,192.37007572705443,48.08991490541852,-5.981113126996007e-05,1.9501955605960575e-09,0.4295037788430721,0.4295089944578638,0.16686832920306044,-2.970388474415844,nan,19.678046598609203,50.81805223851221,1.4561814431516715,686.7276085016302
76.65706336715,0.03564681435654861,0.182305069722218,0.3407707181035872,0.15846564838136923,5.69468834391e-09,0.552140826752,189.0791799670906,52.29261865281606,0.2166475907782515,0.21665702123043967,241.37179861990663,241.71188452039223,-0.14069887426528815,1.5865410474722388,0.21664759078217272,0.03126424372219118,0.17681697803715338,0.2166362706651552,0.031265003459118985,0.17681912639507918,0.18397002690724867,0.3473578462818703,0.1633878193746216,0.2,0.19999138365593683,193.09951863838936,48.27227998151727,-5.981104918006963e-05,1.8510748489575235e-09,0.42920862458726167,0.4292138395488622,0.16686009254703352,-3.069132916540214,nan,19.659327640349904,50.866439498548466,1.3653901892811267,732.3913763628964
76.93317775229,0.035685163576706945,0.18230102761128572,0.340785610120128,0.15848458250884226,5.73507209957e-09,0.551939270058,189.86270561551703,52.509314155481896,0.216647590778401,0.21665695666298945,242.37201977099892,242.7135149540146,-0.14069887417699212,1.5865410474732264,0.2166475907822986,0.031217158997185773,0.17668378249626018,0.21663633058734683,0.031217917640918774,0.17668592938012573,0.18397168429367883,0.34735121673678476,0.16337953244310593,0.2000000000000001,0.1999914430294459,193.89968978703544,48.47232998396347,-5.981098692986464e-05,1.909183922066404e-09,0.42888530340203074,0.42889051478547163,0.16685162950391974,-3.168206545969073,nan,19.64003787514992,50.91639875426496,1.2738433650277732,785.0258732385024
77.22708911021,0.03572598459864028,0.182296586654518,0.3408019875920224,0.1585054009375044,5.77940220617e-09,0.551723126441,190.69646839990168,52.73990347433336,0.21664759077817689,0.21665688084588022,243.43637187423502,243.77936669887112,-0.14069887426517713,1.5865410474713766,0.21664759078227058,0.0311671687879833,0.17654225779677596,0.21663639989295777,0.03116792585511617,0.17654440193649917,0.18397332228942398,0.34734466475366055,0.16337134246423657,0.19999999999999976,0.19999151289957517,194.75116356832316,48.68520830591186,-5.9811103525486686e-05,1.8962609260597674e-09,0.42854176387157916,0.428546968593841,0.16684326547386333,-3.271850108265275,nan,19.61919660884106,50.97048670939802,1.177765346405795,849.0655656083919
77.5376719039,0.03576912109776389,0.1822917433915977,0.3408198670285936,0.15852812363699592,5.82774410337e-09,0.551492924041,191.5771982334252,52.98348221914529,0.2166475907782763,0.21665679312905733,244.5606804525705,244.90525939549016,-0.14069887423823202,1.5865410474707418,0.2166475907824841,0.031114487703554246,0.1763929922178153,0.2166364794481538,0.031115242605374918,0.1763951320342342,0.1839749152015655,0.347338293106162,0.16336337790459649,0.1999999999999999,0.19999159385824736,195.6506001738034,48.9100802787671,-5.9811143537924494e-05,1.9948043217254963e-09,0.42817943399491726,0.42818462822271464,0.16683513165358388,-3.3782930136378395,nan,19.596967622119838,51.02830291311306,1.078569593515084,927.1538953188696
77.86576235247,0.03581468921562084,0.18228646824206807,0.3408393756406219,0.15855290739855382,5.88048826294e-09,0.55124772417,192.5071767072555,53.24068139730628,0.21664759077840356,0.2166566886417004,245.74785810456177,246.09410974662939,-0.14069887427379246,1.5865410474712813,0.21664759078227844,0.031058998567411428,0.1762356336482819,0.21663657364087585,0.03105975038943088,0.17623776663766164,0.1839764482212123,0.3473321610265438,0.16335571280533148,0.2000000000000004,0.19999169044259965,196.60032853958236,49.14752956497942,-5.981110953179325e-05,1.8998802531200454e-09,0.42779745905141237,0.4278026367071355,0.16682730365772938,-3.4825710111428863,nan,19.57414132647548,51.08780933585197,0.9811551920051623,1019.206755616637
78.18519848014,0.03585905534446389,0.18228116772386763,0.340858950526007,0.15857778280213938,5.93355402228e-09,0.55100700923,193.41219643545065,53.490977868408706,0.21664759077814977,0.21665658982407723,246.90317430385934,247.25105375309647,-0.14069887426425565,1.5865410474715373,0.21664759078228465,0.031005133326760193,0.17608274568156926,0.21663666231889253,0.031005882282778792,0.17608487238482126,0.18397779809319562,0.3473267615386424,0.16334896344544678,0.2000000000000002,0.1999917817554711,197.52456855374885,49.37860575011048,-5.981109338915047e-05,1.9027446285235783e-09,0.4274263361273746,0.4274314985240413,0.1668204108622976,-3.5788526829493907,nan,19.551977194793608,51.14572250351666,0.891308454803099,1121.9460497779216
78.45829607417,0.035896985565856944,0.1822764982161863,0.34087611052739525,0.15859961231120895,5.98033815535e-09,0.55079968542,194.18557010154584,53.704865691532724,0.21664759077821685,0.21665652528929974,247.89043579307855,248.23970626523433,-0.140698874249634,1.5865410474729515,0.21664759078213047,0.03095920786385086,0.17595228860077627,0.21663672212176888,0.030959955433812726,0.17595441294213887,0.18397884460829125,0.34732257547748957,0.16334373086919832,0.20000000000000007,0.19999184113237078,198.31437113971504,49.57606465336353,-5.9811004260446055e-05,1.8315793326451058e-09,0.4271096623280799,0.4271148189914549,0.16681506708477234,-3.6699594553963943,nan,19.530183464846555,51.202796010593275,0.8059727021817131,1240.7368106799004
78.72372365856,0.03593385050813334,0.1822718500039446,0.3408931676239406,0.158621317619996,6.02710378871e-09,0.550596797881,194.9368835146048,53.9126524282398,0.21664759077799678,0.21665646731140745,248.84953594284462,249.20015775952817,-0.14069887428478367,1.586541047473286,0.21664759078196277,0.030914683197509,0.17582571824823864,0.21663677631234807,0.03091542965968993,0.17582784096863024,0.18397976746205733,0.34731888406158234,0.16333911659952502,0.19999999999999993,0.19999189441574913,199.08164582515505,49.76789011768955,-5.981098317731082e-05,1.7541745833682398e-09,0.4268024232409217,0.42680757596952346,0.16681035475390416,-3.7543886430933133,nan,19.50948287305258,51.25712488162602,0.726097934907139,1377.22468543846
79.00420743813,0.03597280658862916,0.18226683193860588,0.34091159789357084,0.15864476595496496,6.07787773014e-09,0.550380888841,195.7304289364939,54.1321190460696,0.21664759077797918,0.21665640023658184,249.86254798256348,250.21459710404932,-0.14069887431046313,1.586541047472254,0.2166475907820217,0.030867751702372923,0.17569220728983093,0.21663683827228483,0.03086849662682807,0.1756943272471484,0.18398064308710332,0.3473153815616986,0.1633347384745953,0.1999999999999998,0.19999195616952575,199.89204823802862,49.97049974453486,-5.98110482141756e-05,1.7813750474715562e-09,0.42647833640570015,0.4264834824271674,0.16680588358626292,-3.8380411624371757,nan,19.488274330264613,51.31290657413595,0.64633812092071,1547.1778124049035
79.3021243367,0.036014183935652776,0.1822613870991061,0.3409316188601487,0.1586702317610426,6.13328204542e-09,0.55014984855,196.57283711458055,54.36509937545008,0.21664759077832746,0.21665632110132932,250.93793649003067,251.29150080279263,-0.1406988742685078,1.5865410474741966,0.21664759078187756,0.030818037006841104,0.1755506679190971,0.2166369105383747,0.030818779805792104,0.1755527835318828,0.18398146361484255,0.34731209945001595,0.1633306358351734,0.20000000000000004,0.19999202916318928,200.75234937736587,50.18558711266475,-5.9810925778780444e-05,1.7148504838360168e-09,0.4261347612620007,0.4261398967374756,0.1668016937586721,-3.9217876925860433,nan,19.46619982699493,51.37109496909822,0.5662549472926777,1765.9889856699733
79.60232113006,0.03605587793473055,0.1822557777216687,0.34095223668666513,0.15869645896499643,6.19061261405e-09,0.549915263125,197.42118672333893,54.599722894453755,0.21664759077831297,0.21665624086755403,252.0209096177927,252.37599980845062,-0.14069887426990668,1.5865410474750328,0.21664759078179494,0.030768081505101533,0.17540832792402283,0.2166369832214837,0.030768822137424427,0.17541043907767984,0.1839821796896045,0.3473092351505578,0.16332705546095327,0.19999999999999973,0.1999921031910664,201.61871785520466,50.40219176258801,-5.9810873076493465e-05,1.6767032207098964e-09,0.4257892426687764,0.42579436732008424,0.16679803729531997,-4.003358795709628,nan,19.44375657787678,51.430390829815565,0.48805004995144274,2048.970182667725
79.88861500709,0.036095640973206944,0.18225031543752407,0.340972298276062,0.15872198283853794,6.24669214733e-09,0.549689888077,198.22974912713485,54.823342678586044,0.21664759077781254,0.21665616653411426,253.05309180572087,253.4096363115772,-0.14069887437822004,1.5865410474738793,0.21664759078157977,0.030720570346025038,0.17527284543255706,0.2166370506229702,0.030721309001121487,0.17527495257771855,0.18398276223425092,0.3473069049708944,0.16332414273664347,0.19999999999999996,0.19999217170500225,202.44445441882948,50.60863738689143,-5.981094578499935e-05,1.57738266892693e-09,0.4254603700997323,0.4254654850207481,0.1667950626705912,-4.081350549553415,nan,19.421427771095782,51.48952032704126,0.41290220420051904,2421.880992222475
80.164317905,0.036133933042361115,0.18224495141823754,0.3409919744085296,0.15874702299029203,6.30199191273e-09,0.549471315151,199.00791799692982,55.0385566855366,0.21664759077774837,0.2166561004231548,254.0464746824664,254.40441883586814,-0.14069887427257122,1.5865410474760258,0.21664759078162144,0.03067493754569231,0.17514262058588798,0.21663711149222414,0.030675674542271963,0.17514472456306518,0.18398323245011428,0.3473050241076439,0.16332179165752964,0.19999999999999973,0.19999223256494422,203.2391530354664,50.80732164700004,-5.981081049322157e-05,1.5966117317134376e-09,0.42514426002961125,0.42514936726060654,0.16679266162698816,-4.155401825182287,nan,19.399512978792455,51.54768581526763,0.34120868136837174,2930.7577872568595
80.43875677574,0.03617204955218611,0.18223951555023019,0.3410119019447692,0.15877238639453903,6.35828272291e-09,0.549252234429,199.78202810416047,55.25264818248408,0.21664759077853096,0.2166560363022968,255.03467628664453,255.3940127875957,-0.14069887427237138,1.5865410474759154,0.21664759078164156,0.030629631669560127,0.17501323284129153,0.21663717054476564,0.03063036709322762,0.17501533388028495,0.183983613836791,0.34730349856103965,0.16331988472424866,0.19999999999999993,0.1999922915791943,204.0297069439205,51.00496934272404,-5.98108174432177e-05,1.6059154006597964e-09,0.42483018195570016,0.4248352820544967,0.16679071416808355,-4.2268378452303805,nan,19.377658848205435,51.605821313786315,0.2717876453689503,3679.3431086336
80.71836808312,0.03621088445598889,0.1822338822367118,0.34103254786405895,0.15879866562734715,6.41688450481e-09,0.549027463921,200.57020264680506,55.47062940476394,0.21664759077798829,0.21665597123508215,256.040832051569,256.4015861972752,-0.14069887439333018,1.5865410474743695,0.21664759078149645,0.030583592676382096,0.17488165334414613,0.21663723056363532,0.030584326465566573,0.17488375129086914,0.18398391559972388,0.34730229150858605,0.16331837590886217,0.20000000000000023,0.1999923514937394,204.8346239711621,51.20620808040688,-5.981091487639034e-05,1.5389245433539145e-09,0.4245107835833233,0.4245158761758886,0.16678917328776585,-4.296357604460908,nan,19.355494185392008,51.66491696991755,0.20378266818573512,4907.188667725965
81.00297122018,0.03625041266946945,0.18222805528574906,0.3410539055277481,0.15882585024199905,6.47781330109e-09,0.548797058394,201.37188109062487,55.69234532909447,0.2166475907782022,0.21665590277971813,257.0642264197194,257.42642249822813,-0.14069887426232386,1.5865410474770558,0.21664759078155296,0.03053685704928126,0.17474798153135063,0.21663729309397817,0.03053758902797655,0.17475007590263458,0.18398413544505987,0.3473014121275232,0.16331727668246332,0.1999999999999999,0.19999241457938158,205.6533310760588,51.41089534366052,-5.981074556737909e-05,1.5650147844326057e-09,0.4241863062873479,0.4241913902008299,0.16678805070090874,-4.362688199627088,nan,19.333107262150275,51.724742765885715,0.13818813922259324,7236.511075593844
81.28267593258,0.036289260546191665,0.18222224307316542,0.34107521608287955,0.15885297300971413,6.53892135381e-09,0.54856902906,202.15918182567108,55.91008488729297,0.21664759077832627,0.21665583260707857,258.06926671296407,258.43287886429954,-0.14069887428155292,1.5865410474777724,0.2166475907813767,0.030491049190988877,0.1746168639936844,0.21663735696369493,0.030491779190602676,0.17461895427072824,0.1839842693663931,0.34730087644130875,0.16331660707491566,0.19999999999999976,0.1999924792309493,206.45735424972528,51.611912463238774,-5.9810700403506445e-05,1.4836576411880742e-09,0.42386802928348927,0.4238731032585413,0.16678736686304493,-4.42602878365385,nan,19.310607174659765,51.785010743330965,0.07511876640193807,13312.252688619763
81.55395284834,0.03632693789560278,0.1822165208097438,0.3410961749316855,0.1588796541219417,6.59932296991e-09,0.548346363819,202.92219073245266,56.12110618433972,0.21664759077848847,0.21665576943341042,259.04329691679237,259.4082814481929,-0.1406988741311288,1.5865410474815878,0.2166475907813369,0.03044673869281888,0.17448993865784607,0.21663741509898177,0.030447467001498085,0.17449202561004926,0.18398432320954464,0.34730066106851204,0.1633163378589674,0.2,0.1999925373744079,207.23657067657095,51.806726240221444,-5.981045991809708e-05,1.4652945523607741e-09,0.4235599285036592,0.4235649944079348,0.1667870919257931,-4.486860495939664,nan,19.288171962488082,51.84524494829342,0.014261584668782587,70118.43516863284
81.82277834429,0.03636427477004028,0.18221077163284058,0.34111722011415174,0.15890644848131116,6.66027884885e-09,0.548124238355,203.67773167151168,56.33006210525582,0.21664759077806184,0.2166557089240999,260.00779377676747,260.3741372569048,-0.14069887431863437,1.5865410474788835,0.21664759078114637,0.03040294251232222,0.17436439577024382,0.2166374708554151,0.030403669242475465,0.17436647969858043,0.1839843043100748,0.34730073666543293,0.16331643235535814,0.20000000000000015,0.1999925930533468,208.00816088527193,51.99963289149559,-5.981063037063805e-05,1.3773426843499692e-09,0.42325518350285307,0.42326024206694207,0.16678718843039525,-4.545184842104603,nan,19.26581723718136,51.905402594087036,-0.04458762281989975,nan
82.0939881445,0.036401942797847225,0.18220489521345193,0.3411387224137386,0.15893382720028668,6.72288758622e-09,0.547898650113,204.43937628488683,56.54070608689722,0.2166475907780238,0.21665564937798665,260.9800823717841,261.3477957783754,-0.14069887427065053,1.5865410474802109,0.21664759078108461,0.030358872776328615,0.17423797742262911,0.21663752596952457,0.030359597955274327,0.1742400584115901,0.18398421397365966,0.3473010980107834,0.16331688403712374,0.20000000000000004,0.19999264785145662,208.7859846617597,52.19409771002435,-5.9810546704230916e-05,1.3488321570775952e-09,0.42294831339510297,0.42295336482410023,0.166787649711178,-4.601763349735299,nan,19.243245519679732,51.966285987325655,-0.10218860107060075,nan
82.36918485956,0.03644016456382777,0.1821988580850053,0.3411608106594041,0.15896195257439882,6.78755865176e-09,0.547668209139,205.21158401081024,56.75427145220462,0.21664759077817058,0.21665558838045068,261.96585546301486,262.3349577954585,-0.14069887427332617,1.5865410474788244,0.21664759078124712,0.030314273221873092,0.17410994578677316,0.21663758213564255,0.030314996776892457,0.17411202364251716,0.18398405100305962,0.34730174989399804,0.16331769889093842,0.20000000000000015,0.19999270401221514,209.57459567009334,52.39125979292146,-5.9810634089885184e-05,1.4238388246212708e-09,0.42263752716326364,0.42264257098663516,0.16678848188204268,-4.656812824184721,nan,19.220210401109433,52.02856676024097,-0.1588799707173812,nan
82.64874324855,0.036478992117854166,0.18219265478573599,0.34118351835235283,0.15899086356661685,6.85442501309e-09,0.547432529076,205.9953565652474,56.97103524029424,0.2166475907781523,0.21665552269026003,262.96639180554166,263.33690386483687,-0.14069887427756722,1.586541047479404,0.2166475907811486,0.03026908864278889,0.17398013864458464,0.21663764233318086,0.030269810286934637,0.17398221255902754,0.183983814119488,0.34730269742778863,0.16331888330830063,0.20000000000000004,0.19999276453270526,210.3750161291608,52.59137567638081,-5.9810597563547674e-05,1.3783640895326243e-09,0.4223224310363033,0.4223274652924916,0.16678969147031816,-4.7104479649529996,nan,19.196635821602626,52.09246085059686,-0.21470419905229485,nan
82.93224907904,0.03651836792764444,0.18218629177642678,0.34120681240924067,0.15902052063281388,6.92344100589e-09,0.54719188633,206.7894806880976,57.19066190635051,0.21664759077811527,0.21665545478620002,263.98014259444807,264.35208299936426,-0.14069887428012073,1.5865410474791592,0.2166475907811618,0.030223391635639744,0.17384876081134357,0.21663770445580793,0.030224111224634823,0.1738508303823563,0.18398350255824586,0.3473039436728244,0.16332044111457855,0.20000000000000004,0.1999928271183233,211.18600757388631,52.7941350205618,-5.9810612984545486e-05,1.3844703161680627e-09,0.4220035221864144,0.4220085458992844,0.1667912823826683,-4.762517902622079,nan,19.172747511978308,52.15736551974322,-0.2691709269988492,nan
83.21342942253,0.03655742075312916,0.182179906945977,0.34123016751915447,0.15905026057317748,6.9931031095e-09,0.546951595013,207.57635766646422,57.408284268446636,0.2166475907782914,0.21665539075489745,264.9846419349108,265.35799765032107,-0.14069887424391636,1.586541047480229,0.2166475907811409,0.030178194589578343,0.17371872262245755,0.216637762711815,0.030178912350327748,0.17372078848061837,0.1839831245567354,0.34730545567876037,0.16332233112202496,0.2000000000000004,0.19999288612082383,211.98959861665494,52.995043318255895,-5.981054554959897e-05,1.3748113758538238e-09,0.4216878652126601,0.4216928799128884,0.16679321255603513,-4.811700278684967,nan,19.148966045372664,52.222140747993514,-0.321210749495948,nan
83.48329378233,0.0365949019142125,0.18217371759018164,0.34125280968207033,0.1590790920918887,7.06111715932e-09,0.546719462386,208.33086050674316,57.61695308800105,0.21664759077808676,0.21665532911564653,265.9478135947442,266.3225263912846,-0.14069887426265693,1.5865410474800024,0.21664759078115056,0.030134933753768363,0.17359416393925334,0.2166378196350548,0.030135649649072886,0.17359622590676585,0.1839826995494713,0.3473071557078659,0.1633244561583946,0.2,0.19999294286721234,212.7601277048305,53.187685889913716,-5.98105598381693e-05,1.379274472412817e-09,0.4213855092868211,0.42139051454282167,0.1667953827530955,-4.858655833400636,nan,19.12522380450561,52.28696982695781,-0.371372574068466,nan
83.74993674258,0.03663193565869167,0.18216753839055794,0.3412753923077849,0.15910785391722698,7.12947257992e-09,0.546488637102,209.07565838811522,57.82293785900827,0.21664759077814544,0.21665527273807902,266.89859624712346,267.27464866893234,-0.14069887424104088,1.5865410474805783,0.2166475907811027,0.03009230230401027,0.17347132991941427,0.2166378716156064,0.0300930166416278,0.1734733888572763,0.1839822206272017,0.3473090713967067,0.16332685076950498,0.20000000000000026,0.19999299473788903,213.52074669232258,53.37784955480094,-5.981052353387639e-05,1.3571810342227764e-09,0.4210873398389948,0.4210923377407688,0.1667978282538251,-4.903586065382436,nan,19.101629827326377,52.35155371765302,-0.4197846498304726,nan
84.02010274306,0.03666945871431389,0.18216122060702314,0.3412984819612902,0.15913726135426706,7.19995272188e-09,0.546253271901,209.8295704337881,58.03144328575487,0.21664759077823548,0.2166552153468139,267.861013719543,268.23842215990084,-0.14069887427717864,1.5865410474806385,0.2166475907809789,0.0300492221610928,0.17334711466042,0.21663792488247202,0.03004993483146131,0.17334917026470392,0.18398167719406147,0.3473112451286497,0.16332956793458822,0.1999999999999998,0.1999930475665658,214.29067326150187,53.570340458041095,-5.981051974801588e-05,1.3000267529150733e-09,0.42078581754708866,0.42079080735687685,0.16680060316335626,-4.947038891060105,nan,19.077731596524455,52.41713329178916,-0.46722936671969034,nan
84.29736861057,0.03670796786257917,0.18215467891682735,0.34132239000693715,0.1591677110901098,7.27362402413e-09,0.546010158103,210.6025151703521,58.24521248209264,0.21664759077818818,0.21665515537028882,268.84772765244475,269.2265263442599,-0.14069887427465844,1.5865410474812016,0.21664759078092058,0.030005129719149225,0.1732198883475833,0.2166379800541784,0.030005840607274188,0.17322194031725366,0.18398106018616853,0.3473137131599272,0.16333265297375868,0.20000000000000018,0.1999931028162532,215.0800364141333,53.76769123831142,-5.981048425418578e-05,1.2731149467981595e-09,0.42047698617042945,0.4204819671574931,0.16680375376493392,-4.98959502129109,nan,19.053217834366645,52.48457287861798,-0.5142748430636488,nan
84.58248367746,0.036747567177425,0.18214789753512808,0.34134719147757725,0.15919929394244917,7.35087834041e-09,0.545758510684,211.39649667377378,58.46479970467792,0.21664759077821696,0.21665508850632748,269.8612963784517,270.24152315934776,-0.14069887427028416,1.5865410474821213,0.2166475907807957,0.029959915574344437,0.1730893283086639,0.21663804102135373,0.02996062428690288,0.17309137554165685,0.18398036500333229,0.34731649389065006,0.16333612888731777,0.19999999999999984,0.19999316446384505,215.89088174940957,53.970414629042125,-5.9810426278339435e-05,1.2154721673596214e-09,0.4201600624487781,0.4201650319379483,0.16680730354765563,-5.031280266946663,nan,19.02797359300904,52.55420368921493,-0.5609938822240135,nan
84.87315139322,0.036787937693502776,0.18214092611391158,0.34137269131845915,0.15923176520454757,7.43129179622e-09,0.54550024119,212.20503708509995,58.688413406676,0.21664759077834453,0.21665501862664183,270.8934504917759,271.2751315476955,-0.14069887414372984,1.5865410474852704,0.21664759078078538,0.029913953088423116,0.17295650634891743,0.21663810442086,0.029914659454905283,0.17295854837187227,0.18397959464812413,0.3473195753114272,0.16333998066330307,0.20000000000000018,0.19999322892453658,216.71659463341658,54.17685585835936,-5.981022780376932e-05,1.2107204128142257e-09,0.41983764810095586,0.4198426049431883,0.16681123718052887,-5.072115498940935,nan,19.002167756325974,52.62557476723107,-0.6071124744464916,nan
85.16416629071,0.03682835642926528,0.1821338857296308,0.3413984285191249,0.1592645427894941,7.51359802945e-09,0.545239927105,213.01360617429918,58.912035039833064,0.21664759077810478,0.21665495143187316,271.92564121413227,272.30877659730464,-0.14069887425589567,1.5865410474839106,0.21664759078063897,0.029868069463881063,0.17282381046569092,0.21663816522135063,0.029868773631131315,0.17282584769394685,0.18397876269647861,0.3473229031172773,0.1633441404207987,0.1999999999999999,0.19999329090775425,217.5423373455167,54.38330386861556,-5.9810313512986824e-05,1.1431300350750462e-09,0.41951553979348283,0.4195204849969793,0.1668154853400511,-5.111143069145137,nan,18.976163732653298,52.69769032816926,-0.6518297665747232,nan
85.45003016264,0.03686805974481112,0.18212691730105116,0.3414239036981036,0.15929698639705245,7.5963370848e-09,0.544982536202,213.80692850064707,59.131439957388366,0.21664759077828186,0.21665488466254285,272.9383684580354,273.32293074465736,-0.14069887424894567,1.586541047485133,0.21664759078049048,0.029823128352341438,0.17269374149731495,0.21663822562221377,0.02982383029644902,0.17269577382335974,0.18397788848653485,0.347326399956304,0.16334851146976914,0.20000000000000032,0.19999335246626943,218.35250913343904,54.585859324596385,-5.9810236463508915e-05,1.074584865534689e-09,0.41919980810505636,0.4192047414088398,0.1668199492813567,-5.147725373273914,nan,18.95025093442248,52.76974977590056,-0.6945927673959745,nan
85.72892665574,0.03690679536885278,0.18212007014911055,0.3414489340982573,0.15932886394914672,7.67905534285e-09,0.544729812701,214.58000151490842,59.34524463070199,0.21664759077794474,0.21665482018720253,273.9252461456104,274.31119891471184,-0.14069887435455009,1.5865410474835822,0.216647590780352,0.029779407277709884,0.17256710948993115,0.21663828466507978,0.02978010698662016,0.17256913683106884,0.18397698274801885,0.34733002290968157,0.16335304016166272,0.19999999999999965,0.1999934118778476,219.14200156947058,54.78324457613984,-5.9810334207544e-05,1.010680428237265e-09,0.41889241935584637,0.41889734055917915,0.16682457421576963,-5.182288233844216,nan,18.92456568083275,52.84137120318823,-0.73556888008388,nan
86.00344032902,0.03694492226791944,0.1821132841030039,0.34147373491175487,0.15936045080875097,7.76262267981e-09,0.544479518298,215.340025195086,59.55544031964056,0.21664759077828472,0.21665475809274087,274.8954655147266,275.2827852947176,-0.14069887427807792,1.5865410474850508,0.2166475907803836,0.029736493590884483,0.17244272553774045,0.21663834183606162,0.029737191123719163,0.17244474803170773,0.18397604136503848,0.34733378844176205,0.16335774707672357,0.19999999999999993,0.19999346907809284,219.91816773259916,54.97729778212741,-5.981024163714821e-05,1.025246554320347e-09,0.41859048757512524,0.41859539701235177,0.16682938116089976,-5.215225450597494,nan,18.89901712844915,52.912804576206014,-0.7751424854673102,nan
86.27804674395,0.03698306204777083,0.1821064525836141,0.3414987018626335,0.15939224927901938,7.84864106886e-09,0.544227601891,216.0993928219289,59.765454567201715,0.21664759077802148,0.21665469553346717,275.86484738913066,276.2535330002415,-0.14069887428751482,1.5865410474850858,0.2166475907803444,0.029693684887455718,0.17231855642227195,0.2166383993786032,0.029694380185395233,0.1723205738888866,0.18397505128484365,0.34733774876234685,0.1633626974775032,0.19999999999999982,0.19999352671463008,220.6936636631852,55.17118372594544,-5.981023942780439e-05,1.0071721234794495e-09,0.41828907729282044,0.4182939745265633,0.16683443676624043,-5.2464649211857735,nan,18.873578809540014,52.98412188230728,-0.8131954756649665,nan
86.55015152685,0.037020854378729165,0.18209964094971007,0.34152358965002455,0.15942394870031448,7.93662707624e-09,0.543976460113,216.85092377790517,59.97330146869681,0.21664759077812315,0.2166546338505793,276.824225246602,277.2142625933499,-0.14069887425671723,1.5865410474857984,0.21664759078035464,0.02965138424730404,0.17219577302391612,0.21663845534796833,0.029652077389702408,0.1721977856701485,0.18397402391135942,0.34734185825633507,0.16336783434497565,0.2000000000000001,0.1999935835255675,221.46115643284514,55.363068813756804,-5.9810194519283044e-05,1.0119016735643527e-09,0.4179910307244678,0.4179959162571305,0.16683968280101302,-5.275845013874387,nan,18.84863403503939,53.05424245284893,-0.8493403214729398,nan
86.80823614156,0.03705669946410555,0.18209313782678146,0.3415473229604683,0.15945418513368684,8.02301425949e-09,0.543736869738,217.56287047440725,60.170200763042814,0.21664759077826867,0.21665458250898323,277.73307123745,278.12438912199957,-0.1406988742644555,1.5865410474849369,0.21664759078044352,0.029611371614658086,0.1720795502512082,0.21663850287550668,0.029612063103291446,0.17208155945159098,0.18397300777499048,0.3473459228022588,0.1633729150272683,0.20000000000000015,0.19999363074131254,222.18822594373682,55.54484529371323,-5.981024882029118e-05,1.052913312094006e-09,0.41770890953354234,0.4177137867016894,0.16684487145657376,-5.303537280510418,nan,18.823584311561717,53.12484505864197,-0.8843711824469315,nan
87.06832780209,0.03709282330584583,0.1820865547728406,0.341571365596769,0.15948481082392837,8.11327466294e-09,0.543494039716,218.27948918404337,60.368392171137614,0.21664759077851561,0.21665452617683092,278.6478813551809,279.0404881805116,-0.14069887416363613,1.586541047486631,0.2166475907805277,0.02957115474300774,0.17196265508245603,0.21663855480361233,0.029571844234128605,0.17196465984070275,0.18397194426282967,0.34735017685131764,0.16337823258848796,0.20000000000000004,0.1999936825739141,222.92006542153922,55.727815933641736,-5.981014203904067e-05,1.0917711179558864e-09,0.4174251561567005,0.4174300225419288,0.16685030202514756,-5.329505368906086,nan,18.798483672383547,53.19577990585904,-0.9182316524862312,nan
87.33959892914,0.03713049985126944,0.18207965449301936,0.34159656841200253,0.15951691391898318,8.21111353619e-09,0.54323929317,219.02596864844375,60.57484200844951,0.21664759077820686,0.2166544670513444,279.6008106568932,279.99476013244146,-0.14069887427959893,1.5865410474869233,0.2166475907800963,0.029529323688712243,0.17184098372830692,0.21663860958194148,0.02953001098590137,0.17184298352246266,0.18397079347867812,0.3473547799857686,0.16338398650709046,0.2000000000000001,0.19999373703942766,223.68239965436774,55.91841100252552,-5.981012362044069e-05,8.926415162591184e-10,0.41712980898390223,0.4171346633192093,0.16685617822445173,-5.355012764440614,nan,18.772537403573516,53.26930390399123,-0.9521099106591004,nan
87.62293000513,0.03716985138960139,0.1820724150313825,0.3416230247359117,0.15955060970452922,8.31778098853e-09,0.542971612889,219.8045892770064,60.7901809558821,0.21664759077807247,0.21665440083331297,280.59477023288855,280.9901201689132,-0.1406988743188009,1.5865410474888544,0.21664759077972714,0.029485757763904746,0.17171417461556499,0.21663867023104144,0.029486442470504942,0.17171616834330117,0.18396954776831329,0.34735976282538106,0.16339021505706777,0.19999999999999998,0.19999379811424212,224.47755640302006,56.117213829868454,-5.981000189558827e-05,7.222444864396493e-10,0.4168219903260488,0.4168268299356229,0.16686253914186666,-5.379705713785125,nan,18.745616955367403,53.345803575361735,-0.9858199039752814,nan
87.91116149358,0.03720988354077499,0.1820650193857303,0.3416500712881233,0.159585051902393,8.43186299287e-09,0.542697627755,220.59556061461615,61.00893567299358,0.216647590778109,0.21665432808846163,281.6044962876098,282.0012688983924,-0.1406988742755022,1.586541047489492,0.21664759077977477,0.02944156938946578,0.171585457977842,0.21663873640458342,0.02944225106439534,0.1715874443669913,0.18396823615679794,0.34736500927168334,0.1633967731148854,0.19999999999999968,0.19999386522268908,225.28532461096228,56.319171676647464,-5.980996170551478e-05,7.442491067877199e-10,0.4165095413086984,0.4165143631044584,0.16686923656973227,-5.403933989300845,nan,18.718163330523154,53.42404499534042,-1.0190528120949756,nan
88.19331766411,0.03724907189779306,0.1820577397370712,0.34167666806267577,0.15961892832560456,8.55019488994e-09,0.542427791924,221.3687496624205,61.22277243723622,0.21664759077820397,0.2166542620819009,282.59152209965674,282.98968540133393,-0.14069887427612393,1.586541047489947,0.2166475907797581,0.029398440663427942,0.17145973481674331,0.21663879600141195,0.029399119759834794,0.17146171514316189,0.18396690956731065,0.34737031562954945,0.1634034060622388,0.2,0.19999392607992378,226.07493411804484,56.5165879816119,-5.9809933028454054e-05,7.365441589968214e-10,0.4162043587088544,0.4162091657878358,0.16687601047866552,-5.426996072319017,nan,18.69075719807734,53.50238031570315,-1.0511112527194693,nan
88.46496442615,0.03728680061474306,0.18205070003212592,0.3417023812141402,0.15965168118201428,8.67174210324e-09,0.542166495173,222.11208380421942,61.428352389595666,0.21664759077822004,0.21665420072211067,283.54043619381514,283.93993648805866,-0.14069887427066163,1.586541047490626,0.21664759077966741,0.029357038314110184,0.17133895737429414,0.2166388521239023,0.02935771497929148,0.17134093200193432,0.18396559397628548,0.3473755779931979,0.16340998401691242,0.19999999999999993,0.19999398259697945,226.83405513212927,56.70638106168582,-5.9809890229356455e-05,6.94688750968453e-10,0.4159111814329489,0.41591597467861596,0.16688272822622965,-5.448144206075333,nan,18.66378093530319,53.57971160647654,-1.0814738333175158,nan
88.73070743897,0.037323709366523614,0.1820437845152853,0.3417276327928871,0.1596838482776018,8.79890407471e-09,0.54190944099,222.83824362105472,61.62918253058245,0.21664759077804088,0.21665414285819135,284.46742615163714,284.86823254799475,-0.1406988742734261,1.5865410474908153,0.21664759077961038,0.02931664957598607,0.17122105470994528,0.21663890553079343,0.029317323934573036,0.1712230239616537,0.18396427152612874,0.3473808677935419,0.16341659626741314,0.1999999999999996,0.1999940358632363,227.57563752394412,56.891788627693046,-5.980987830556117e-05,6.683542608243442e-10,0.41562498244367696,0.4156297626397133,0.16688948099846637,-5.467731059442095,nan,18.63740212047934,53.65554670847445,-1.1101202654760067,nan
88.99259567858,0.03736008273313611,0.18203694295173942,0.34175260729108636,0.15971566433934695,8.93269096901e-09,0.54165472779,223.55286801323695,61.82682238091038,0.216647590778164,0.2166540872664905,285.37969039414736,285.78178214451054,-0.1406988742759907,1.586541047491269,0.21664759077952178,0.029276956738966575,0.17110510436268866,0.21663895684039297,0.029277628903288527,0.17110706853689162,0.18396293512333795,0.3473862134042558,0.16342327828091785,0.2000000000000003,0.19999408701558713,228.3054397609789,57.074250633168425,-5.9809849706216056e-05,6.274536445971535e-10,0.41534352254305607,0.4153482904138668,0.16689630501629135,-5.485916649430298,nan,18.611263846813536,53.73090233048367,-1.1374880334968533,nan
89.25325268248,0.03739628509478889,0.18203010960873528,0.34177754777380476,0.15974743816506948,9.07429923465e-09,0.54139984553,224.2631298040925,62.02325568990075,0.2166475907782981,0.2166540327981297,286.2863854939933,286.6897547516498,-0.14069887429563055,1.5865410474913775,0.21664759077947426,0.029237558930628772,0.1709899380976225,0.21663900722020227,0.02923822894105941,0.17099189729650763,0.18396157327514637,0.34739166079678324,0.16343008752163687,0.20000000000000007,0.1999941371266116,229.03078685602557,57.25559863796768,-5.9809842867242224e-05,6.055378420910529e-10,0.415063965937256,0.4150687217308932,0.16690325896512853,-5.503054813139763,nan,18.584886955044855,53.80716075480624,-1.1642141488977236,nan
89.52024349167,0.037433367151620836,0.1820230875778726,0.34180317634544183,0.15978008876756922,9.22787166922e-09,0.541137353507,224.9895975957636,62.22417100585624,0.21664759077815782,0.21665397687711896,287.2137686016198,287.6184445152621,-0.14069887427571315,1.5865410474906716,0.21664759077961315,0.029197315844469024,0.17087222080978823,0.2166390588636864,0.02919798361660257,0.17087417480884165,0.1839601463902757,0.3473973683369636,0.16343722194668792,0.20000000000000012,0.19999418861670337,229.7726839905933,57.44108461102656,-5.980988735387882e-05,6.696421195329094e-10,0.4147782169341773,0.41478296010565213,0.16691054500902608,-5.519077738421245,nan,18.557955285364063,53.88524676469401,-1.1905399731485211,nan
89.79774719695,0.037471909332909725,0.18201577293085291,0.34182989976667605,0.15981412683582313,9.39635977251e-09,0.5408630098,225.74352409217613,62.43268042914059,0.2166475907781705,0.21665391191849387,288.1762045213167,288.5822364794327,-0.14069887428602712,1.5865410474915276,0.21664759077946663,0.029155608190103925,0.1707501337923456,0.21663911848215123,0.02915627313957577,0.17075208092312014,0.18395863030026904,0.34740343269625745,0.1634448023959884,0.19999999999999993,0.19999424849447647,230.54262106408544,57.63358345723129,-5.9809833408142055e-05,6.020073328727449e-10,0.41448186077303145,0.41448658727232596,0.16691828655595822,-5.534544531459179,nan,18.530135742275636,53.966145413524785,-1.2168940096188139,nan
90.08512709342,0.03751182320741944,0.1820081760827357,0.34185765939141227,0.15984948330867657,9.58029480347e-09,0.540577278648,226.5230320609351,62.648264783555156,0.21664759077816073,0.21665384259805037,289.17129684449026,289.5787308589307,-0.14069887426882977,1.586541047491064,0.21664759077958523,0.0291125449490494,0.17062398702717446,0.21663918152869374,0.029113206818854105,0.17062592657288078,0.1839570254825555,0.347409851967701,0.16345282648514553,0.20000000000000007,0.19999431244563087,231.33868215306498,57.832614691425256,-5.980986262921206e-05,6.567413279867651e-10,0.4141756499092542,0.4141803579964215,0.16692648117085968,-5.549465212637265,nan,18.502136237035266,54.047813030277275,-1.242625463528014,nan
90.36381609595,0.037550530013326394,0.18200078568087916,0.34188465507001464,0.15988386938913549,9.7679039376e-09,0.540298631147,227.2777328818614,62.85698835744833,0.21664759077767343,0.21665377779290915,290.1347212393097,290.5435126908611,-0.14069887424620342,1.5865410474911732,0.21664759077960877,0.029070909015143517,0.17050193258477606,0.21663924078824712,0.02907156797440983,0.17050386498378806,0.18395543656178004,0.3474162076509259,0.16346077108914586,0.2,0.1999943721813432,232.10940981704496,58.02531142226477,-5.980985574582931e-05,6.676215136280916e-10,0.4138793728213403,0.41388406356049684,0.16693459461140756,-5.563511819562198,nan,18.474279473163268,54.129309965926076,-1.2672882660243932,nan
90.62729484417,0.037587124283912504,0.18199377586892995,0.3419102402985386,0.15991646442960866,9.87620371702e-09,0.540033791502,227.99011066000142,63.05400687379683,0.21664759077796691,0.21665372145908796,291.04411753379827,291.45419029863007,-0.14069887429364325,1.5865410474902595,0.2166475907796347,0.029031658673149018,0.1703867913693694,0.21663929261333514,0.02903231524539071,0.17038871806956796,0.18395390573290848,0.3474223309665427,0.1634684252336342,0.20000000000000026,0.19999442402966724,232.8369168804035,58.20720065339476,-5.98099133330976e-05,6.795897178335508e-10,0.41359987702152173,0.41360455392727885,0.16694241141967747,-5.576165467093827,nan,18.447052494010933,54.209202273624065,-1.2905071844321765,nan
90.88463710615,0.03762286626474305,0.18198691226793992,0.34193528524808053,0.1599483729801406,9.96348681571e-09,0.53977380423,228.68481929866383,63.246138730665,0.2166475907783339,0.2166536681206194,291.9309580293288,292.34228032699707,-0.1406988743496762,1.5865410474900117,0.21664759077949028,0.02899342855331042,0.1702745681342649,0.21663934192300163,0.028994082883833996,0.17027648952170113,0.1839523845918336,0.34742841553011494,0.16347603093828134,0.20000000000000004,0.1999944730869011,233.54637990049895,58.38457812882985,-5.9809928953935554e-05,6.129319274350564e-10,0.41332746437811696,0.41333212838758193,0.16695017875867596,-5.587215140785448,nan,18.42036847643239,54.287730523926925,-1.3124230051697767,nan
91.14453847385,0.03765896367692361,0.18197996668440697,0.34196063161102774,0.15998066492662077,1.00564052883e-08,0.539509909658,229.38534127571518,63.43987835127154,0.21664759077815762,0.21665361367597177,292.82521962698667,293.23780191316297,-0.1406988742530646,1.5865410474923753,0.21664759077943094,0.028954924603156337,0.17016146626999998,0.21663939231184734,0.02895557657697622,0.17016338200969156,0.1839508231067057,0.3474346614703295,0.16348383836362376,0.20000000000000018,0.1999945231765506,234.2617794536188,58.56344017336791,-5.980977997310788e-05,5.855316231873076e-10,0.4130529189349232,0.413057569234954,0.1669581521052827,-5.59706283904979,nan,18.393500421488714,54.36703058607172,-1.3335929288080244,nan
91.41121731411,0.0376960024047375,0.18197282899589673,0.34198668985679687,0.16001386086090014,1.0156777431e-08,0.539237755538,230.10297212154336,63.638349680367675,0.2166475907781309,0.21665355500965172,293.741321801911,294.15519484969707,-0.14069887427877736,1.5865410474921595,0.21664759077941936,0.028915527756904445,0.1700456637403743,0.2166394464425179,0.028916177089814088,0.1700475730194762,0.183949195547265,0.34744117170803734,0.16349197616077235,0.2000000000000001,0.19999457719881814,234.99465034231582,58.74667145959517,-5.980979357333993e-05,5.801803482086143e-10,0.4127718178494046,0.41277645246688704,0.1669664628446667,-5.6060994498739465,nan,18.36598464699985,54.448482845887256,-1.3543973316948066,nan
91.68481654556,0.037734002297994444,0.18196549393620798,0.342013472722237,0.160047978786029,1.02650339351e-08,0.538957106023,230.83799022800903,63.84162971127645,0.21664759077818177,0.21665349349070492,294.6796199392855,295.09481502206444,-0.14069887427468064,1.5865410474928106,0.21664759077935097,0.028875225560127102,0.16992711837763594,0.2166395029491186,0.0288758720746818,0.16992902069594176,0.1839474998963291,0.3474479543114425,0.16350045441511338,0.1999999999999999,0.1999946338818056,235.74527723709843,58.93434270218702,-5.980975253949694e-05,5.486278098487674e-10,0.41248405876282274,0.4124886764835471,0.16697512127654612,-5.614466266256194,nan,18.337835222429977,54.53206378345286,-1.3748782275797884,nan
91.96167740396,0.03777245519499444,0.1819580591437655,0.3420406193554765,0.16008256021171102,1.037994552e-08,0.538671632045,231.58048039166616,64.04697624908965,0.2166475907781429,0.21665343103924836,295.6274566407558,296.04398719811536,-0.140698874279388,1.5865410474917812,0.21664759077946286,0.02883456341393715,0.16980743038494267,0.21663956013922941,0.028835207037091394,0.169809325530406,0.1839457583311953,0.347454920572533,0.1635091622413377,0.20000000000000004,0.19999469143660661,236.50353466969904,59.12392197105675,-5.98098174209305e-05,6.002753849543296e-10,0.41219352603630655,0.4121981263455476,0.1669840141591076,-5.621961256484718,nan,18.309298207941982,54.61705788189262,-1.3947876722712724,nan
92.23646510293,0.03781062015318472,0.18195066908887772,0.3420676022092829,0.16011693312040517,1.04992130706e-08,0.538386835505,232.31611095476805,64.25042566382785,0.21664759077811305,0.2166533692599855,296.5665366185959,296.98439031258624,-0.14069887429117856,1.5865410474921802,0.21664759077937018,0.028794325661865114,0.16968890848215482,0.21663961689219455,0.028794966371817228,0.16969079636744366,0.1839440051934817,0.34746193312292184,0.16351792792944014,0.19999999999999993,0.1999947483794888,237.2547867497834,59.31174986881254,-5.980979227437899e-05,5.574873895852761e-10,0.41190582389681885,0.4119104065825854,0.16699296613321196,-5.62861886970591,nan,18.28069535298412,54.70251435686012,-1.4139396833753992,nan
92.50614547579,0.03784807576052639,0.18194340474054121,0.34209411689090524,0.16015071215036403,1.062116067e-08,0.538105926196,233.0367940301017,64.44974113179354,0.21664759077824927,0.21665331085444373,297.4865351618953,297.90568510722744,-0.1406988742699844,1.5865410474932338,0.21664759077927082,0.02875495191901304,0.16957285136192363,0.2166396706893384,0.028755589906280916,0.1695747325113058,0.1839422615687003,0.3474689076215573,0.163526646052857,0.2000000000000001,0.1999948021834104,237.99077440996388,59.49576075193141,-5.980972586083766e-05,5.116129742077646e-10,0.4116241048136123,0.41162867114852114,0.16700186953179907,-5.634504785236628,nan,18.25227298079811,54.78769691051779,-1.4322817924067393,nan
92.77173495086,0.03788496318761944,0.18193624044802925,0.34212025838889765,0.1601840179408684,1.07457922428e-08,0.537827921358,233.74529565847405,64.64568764201849,0.21664759077829607,0.2166532549648506,298.39098330049256,298.8114075871553,-0.14069887426910732,1.586541047492652,0.21664759077935694,0.028716287869821645,0.169458808770219,0.21663972201610604,0.028716923304666603,0.16946068365454744,0.1839405227245612,0.34747586299853794,0.16353534027397673,0.20000000000000012,0.19999485364425107,238.71432226654633,59.67666103394617,-5.980976253150416e-05,5.513811629498377e-10,0.4113472758321802,0.41135182695918815,0.167010748520124,-5.639355799540379,nan,18.224042078094104,54.87256864941246,-1.449774644049201,nan
93.03624506071,0.03792170070287639,0.1819290984628865,0.3421463185538228,0.16021722009093634,1.08741166992e-08,0.537549712612,234.44967149584664,64.84049310415621,0.21664759077804854,0.2166531995108529,299.2901646000028,299.7118558074,-0.1406988743442139,1.5865410474916564,0.21664759077924528,0.02867789178908657,0.16934548056882584,0.21663977319674424,0.028678524639689437,0.16934734907783303,0.18393877042942908,0.34748287217850987,0.1635441017490808,0.2,0.19999490469948014,239.43365665333354,59.85650794666929,-5.9809825292411745e-05,4.99844610146738e-10,0.4110721809742833,0.4110767166257248,0.16701969619169652,-5.642998547982344,nan,18.19582436183322,54.95766391862723,-1.4663954950471443,nan
93.30210992018,0.03795862637780277,0.18192191375530678,0.3421725310341165,0.1602506172788097,1.10069592381e-08,0.537268742556,235.15638718812684,65.03594568752918,0.2166475907779697,0.21665314500784771,300.192332875656,300.61529521191613,-0.1406988742744919,1.5865410474944983,0.2166475907790832,0.0286394104903085,0.1692318246970956,0.21663982390944356,0.028640040741626856,0.1692336867814055,0.18393698953657134,0.3474899957491303,0.16355300621255897,0.20000000000000046,0.199994954887656,240.15538080456898,60.03695207108705,-5.980964615792672e-05,4.2501557828700243e-10,0.4107962907236799,0.4108008107796989,0.1670287898903929,-5.64553385685105,nan,18.16741661826869,55.04359926410371,-1.4821229234000086,nan
93.5698813078,0.03799581684830556,0.18191467253304777,0.34219894557502767,0.1602842730419799,1.11442952871e-08,0.536984411007,235.86687161276552,65.23244056912169,0.2166475907780097,0.21665309053504106,301.0993121818872,301.52355242584014,-0.14069887428023176,1.5865410474942563,0.21664759077905144,0.028600766186190008,0.16911761051466523,0.2166398741271979,0.028601393899867454,0.1691194663540169,0.18393517719288574,0.3474972451237127,0.16356206793082698,0.19999999999999993,0.19999500505057963,240.88095372134464,60.21835846054258,-5.980966141239108e-05,4.1036063436195036e-10,0.4105190452199195,0.4105235501168177,0.1670380441858148,-5.646964567190899,nan,18.138774848431694,55.13051506267864,-1.4970252741089891,nan
93.83840026049,0.03803311114729028,0.18190741002545024,0.342225444951134,0.16031803492568375,1.12852071312e-08,0.536697937384,236.57801578742414,65.4291179143812,0.21664759077838325,0.21665303378514925,302.00713370180534,302.43265303989944,-0.1406988742177595,1.5865410474952149,0.21664759077917348,0.028562127686254275,0.16900333631693273,0.21663992605042395,0.02856275272110024,0.1690051854858313,0.18393334191865687,0.34750458622124203,0.16357124430258516,0.2000000000000005,0.19999505732092956,241.60719968578314,60.39993401602219,-5.980960099405408e-05,4.666933506314308e-10,0.41024165403396523,0.4102461427388889,0.16704741557131145,-5.647578763407236,nan,18.109984553216478,55.21815863848388,-1.5112981439743043,nan
94.10602821505,0.03807028169653472,0.18190016895382516,0.34225186309684635,0.1603516941430212,1.14284450936e-08,0.536411077788,237.28546681822604,65.62477386634215,0.216647590778153,0.2166529783397083,302.9102406845682,303.3370324745258,-0.14069887427722305,1.5865410474937058,0.21664759077917767,0.028523730578556603,0.1688896994448051,0.21663997716710612,0.028524352961506946,0.16889154200701392,0.18393149557705427,0.3475119715876701,0.16358047601061584,0.19999999999999996,0.19999510837843784,242.32967426991928,60.58056641464891,-5.98096961068606e-05,4.686251386942786e-10,0.4099658099033295,0.40997028257105894,0.1670568434690719,-5.647635418803733,nan,18.081130192274276,55.306277282781856,-1.5249194612344765,nan
94.37163224456,0.038107171145077785,0.18189297935459098,0.34227808354679945,0.16038510419220847,1.15729739522e-08,0.536125077005,237.98623757108044,65.8185822896049,0.216647590778142,0.2166529259024782,303.80481986068526,304.23287208689055,-0.1406988742764792,1.5865410474929889,0.21664759077930232,0.028485735596409698,0.1687771773564474,0.21664002577453406,0.028486355478342024,0.1687790137379112,0.18392964710905405,0.34751936546029083,0.16358971835123678,0.19999999999999993,0.19999515664920864,243.0453273218629,60.75949253882237,-5.980974130403993e-05,5.261568958303542e-10,0.4096926718183117,0.40969712948279263,0.1670662822253835,-5.646875528417249,nan,18.05239580530791,55.394309474755254,-1.5377047355618552,nan
94.63329171625,0.03814351273836806,0.18188589625766816,0.3423039138003518,0.16041801754268364,1.17173211442e-08,0.535843663553,238.67529172507733,66.00915031575106,0.21664759077821794,0.21665287515097198,304.68444204082846,305.1137336293179,-0.14069887427977656,1.5865410474937383,0.21664759077918463,0.028448413689704667,0.16866657549646483,0.2166400732757083,0.02844903110561419,0.16866840577184036,0.18392781128474314,0.3475267087569491,0.16359889747220593,0.20000000000000004,0.19999520333684181,243.74901510130076,60.93542693952768,-5.9809694064050234e-05,4.718447854656915e-10,0.4094241949292319,0.40942863777168736,0.1670756564185166,-5.64506640263785,nan,18.023747844665504,55.48235631225669,-1.5497242243036022,nan
94.89354594553,0.03817965915910139,0.1818788560179678,0.34232960316870925,0.16045074715074145,1.18626269135e-08,0.535648789484,239.35934325271603,66.19833479203133,0.21664759077772844,0.2166528211372812,305.5576780447474,305.9881999975735,-0.1406988742799764,1.5865410474941257,0.21664759077912643,0.028411399208536574,0.16855681299946487,0.21664012382666287,0.028412013894301605,0.16855863636818377,0.18392597148539752,0.34753406795403863,0.1636080964686411,0.19999999999999973,0.19999525303473462,244.44759290748215,61.11008513726522,-5.980966963914369e-05,4.4497738826976274e-10,0.4091577555245345,0.40916218160165085,0.16708505090950368,-5.6426796045989995,nan,17.995101871475015,55.57067735110479,-1.561237919084444,nan
95.15562125253,0.038216058507295834,0.18187176719015877,0.3423554656967152,0.16048369850655644,1.20113358239e-08,0.535451375866,240.04685609346083,66.3884765455091,0.21664759077806933,0.21665276763799812,306.4353326389699,306.86709118181034,-0.1406988742838733,1.5865410474949249,0.21664759077900342,0.02837423355565468,0.16844653025709577,0.21664017383075793,0.028374845538277023,0.16844834679591553,0.1839241051930246,0.3475415331229183,0.1636174279298937,0.20000000000000004,0.19999530226723883,245.1497056624772,61.28562697649266,-5.9809619279427295e-05,3.8820058279043224e-10,0.4088900532671302,0.4088944627652299,0.1670945806804142,-5.639876071452171,nan,17.966248780262404,55.6599216804007,-1.5723742144169834,nan
95.42063478501,0.038252865942362504,0.18186460136786117,0.34238160864915346,0.16051700728129228,1.21639493703e-08,0.53525054735,240.7407114254005,66.58037240777476,0.21664759077810922,0.21665271343933862,307.3210838331753,307.75409037387186,-0.14069887427671235,1.5865410474943258,0.2166475907791057,0.02833676116098456,0.16833526416346803,0.21664022427426563,0.02833737039823512,0.16833707374858076,0.18392220473343987,0.3475491349617759,0.16362693022833605,0.20000000000000012,0.1999953521553585,245.85829544719292,61.462788385982336,-5.980965703811236e-05,4.354072657974939e-10,0.40861996400568423,0.4086243566242339,0.1671042849190996,-5.6362325326225395,nan,17.937109818456225,55.750341616967695,-1.5830712528746866,nan
95.68753773401,0.03828993579639028,0.1818573895769962,0.342407925737691,0.1605505361606948,1.23194786982e-08,0.535047065953,241.43811236996837,66.77324886122247,0.21664759077825013,0.21665265774947554,308.21136123119084,308.6456221470262,-0.1406988742670201,1.5865410474940407,0.2166475907791556,0.02829913316836983,0.1682234620032825,0.21664027643436676,0.028299739476814544,0.16822526408603003,0.1839202778591499,0.3475568424591786,0.1636365646000287,0.20000000000000018,0.1999954034347651,246.5705056985807,61.640855532610125,-5.98096750015209e-05,4.5843329132821964e-10,0.4083485734869014,0.4083529478940786,0.16711412403781983,-5.6322522858578825,nan,17.907755649259265,55.84172688001603,-1.593407941832318,nan
95.95413722914,0.03832696350404722,0.18185018616702597,0.3424341969804663,0.16058401081344031,1.24762315101e-08,0.534842593674,242.13330316952468,66.96551406658037,0.21664759077815812,0.21665260525047522,309.098817236105,309.5343285518668,-0.14069887427327066,1.5865410474937747,0.21664759077916348,0.028261659570393678,0.1681120446916094,0.21664032522725143,0.028262263218421,0.16811384005613875,0.18391834069618723,0.347564591111071,0.1636462504148838,0.19999999999999987,0.19999545176847094,247.28045964187018,61.818357594234854,-5.98096917769908e-05,4.6207482284899015e-10,0.4080781171561277,0.4080824752553846,0.1671240156929585,-5.627502151073398,nan,17.87835640175059,55.933553260079506,-1.6031524743235774,nan
96.21871730313,0.038363710736545834,0.18184304705785548,0.34246025260396484,0.16061720554610937,1.26328373421e-08,0.534638463454,242.8218145517289,67.15593198126871,0.21664759077832654,0.2166525491388015,309.9777465329976,310.41449623479286,-0.14069887427708982,1.5865410474943256,0.21664759077909523,0.028224579865652362,0.16800172578176797,0.21664037767696712,0.02822518051616596,0.168003513404232,0.18391640688978766,0.3475723263363293,0.16365591944654162,0.2000000000000004,0.19999550343089664,247.98359106275592,61.994155470241736,-5.980965704921459e-05,4.305888978706207e-10,0.40781032710516857,0.40781466641120073,0.16713389020822803,-5.6220109493924735,nan,17.849015443329137,56.0254991752914,-1.612374460804487,nan
96.48137549224,0.03840019104058889,0.18183596400867405,0.34248609862334284,0.1606501346146688,1.27890758265e-08,0.534434626396,243.5039190174653,67.34457796920604,0.21664759077826157,0.21665249474816783,310.84849698667136,311.2864735507491,-0.1406988742819082,1.586541047493542,0.21664759077919515,0.02818787784117216,0.16789245915517517,0.21664042863114522,0.028188475585385224,0.16789423928588265,0.18391447611865488,0.3475800494213558,0.1636655733027009,0.19999999999999973,0.19999555349566964,248.68017977852503,62.168317208146334,-5.980970644303696e-05,4.767075623135497e-10,0.4075450913849691,0.40754941250538035,0.16714374922549344,-5.616344594540976,nan,17.81976484834439,56.11746330608333,-1.6212560498132036,nan
96.74270249843,0.038436486458115274,0.1818289226478491,0.3425117912498646,0.16068286860201547,1.2945069527e-08,0.534230645525,244.1811641596775,67.5318800399895,0.21664759077817775,0.21665244101720765,311.713044199667,312.15223888567243,-0.14069887423305838,1.5865410474947577,0.21664759077915374,0.02815146883956532,0.16778399458698473,0.2166404790098016,0.02815206369204267,0.16778576725110705,0.18391254477250193,0.34758777480576253,0.1636752300332606,0.19999999999999954,0.19999560294784613,249.37180597824596,62.34123822142101,-5.98096298154438e-05,4.575895218295045e-10,0.4072818025953615,0.40728610559125344,0.16715361117824523,-5.6104633993092605,nan,17.790598936924933,56.209462286537715,-1.6297357142025473,nan
97.00246195257,0.038472564160079166,0.18182192359304325,0.3425373029161347,0.16071537932309146,1.31004124852e-08,0.53402672477,244.85294854158553,67.71767185750247,0.21664759077817683,0.21665239380351115,312.57062039908794,313.01102338530933,-0.14069887426272354,1.586541047494047,0.21664759077914983,0.028115383989094606,0.16767642645611996,0.21664052332439204,0.02811597642262908,0.1676781930443821,0.18391061505088363,0.347595493692215,0.16368487864133136,0.1999999999999999,0.19999564638533018,250.0578571313087,62.51276326777928,-5.980967461294284e-05,4.5576875606911926e-10,0.4070206898333948,0.4070249780806375,0.1671634648358912,-5.603544543676093,nan,17.7613837783822,56.30191951694235,-1.6375647223223844,nan
97.26287089193,0.03850873206832361,0.1818149206672696,0.3425628519240013,0.16074793125673173,1.32562203631e-08,0.533821128822,245.52500121714993,67.90353787554368,0.2166475907781385,0.21665234118324214,313.42853909269365,313.87015086168833,-0.14069887428999062,1.5865410474936301,0.2166475907791137,0.028079314549558428,0.1675688352575097,0.2166405726966105,0.02807990413008247,0.16757059446717515,0.18390867176277262,0.3476032668444735,0.1636945950817009,0.2,0.19999569481380203,250.74418064237545,62.684358450318165,-5.9809700880819605e-05,4.390932062392494e-10,0.40675952107637925,0.40676379141268726,0.16717338776738935,-5.59568736552499,nan,17.73211114075458,56.394864213412866,-1.6448234079599782,nan
97.52455828557,0.0385450775396625,0.1818078901695382,0.3425884949509515,0.16078060478141332,1.34127291034e-08,0.533613347942,246.19891767519496,68.089919349998,0.21664759077822418,0.21665229005525577,314.288837025193,314.7316609290867,-0.1406988742684634,1.5865410474940833,0.21664759077913817,0.028043174494830292,0.16746096409262157,0.21664062083929767,0.028043761293084377,0.16746271612835012,0.18390671022312546,0.34761111300318803,0.16370440278006257,0.19999999999999998,0.19999574187140648,251.43240790243797,62.856429122755046,-5.980967231478118e-05,4.503952766299335e-10,0.40649767272432485,0.406501925646493,0.1671834038962695,-5.587670992534023,nan,17.702702869409613,56.48854908636616,-1.6517858398001222,nan
97.78634816935,0.038581437245743054,0.18180086531190826,0.34261411410221654,0.16081324879030828,1.35691531484e-08,0.533404308121,246.87164612228432,68.27597226251996,0.21664759077808748,0.21665223969789363,315.1476183848043,315.591652287051,-0.14069887432980321,1.5865410474941908,0.21664759077891746,0.028007126955882783,0.1673532998057785,0.216640668227526,0.02800771101587011,0.16735504478763139,0.18390473979895572,0.34761899469876717,0.16371425489981145,0.20000000000000015,0.199995788220821,252.11942204002085,63.02819634478343,-5.980966554242073e-05,3.4852121189032914e-10,0.4062363265516549,0.4062405623511219,0.167193465390568,-5.579131735585221,nan,17.67313848046976,56.583045569697795,-1.658246119028133,nan
98.04753271195,0.03861771287665972,0.18179386332935824,0.3426396363864788,0.16084577305712058,1.37250513956e-08,0.533194579217,247.5413599435359,68.4611914361782,0.21664759077819615,0.2166521923184354,316.0025513797141,316.44778985776077,-0.1406988742903903,1.5865410474941843,0.21664759077906895,0.027971269108472654,0.1672461333139653,0.21664071254904033,0.027971850683233795,0.16724787198417143,0.18390276643601372,0.347626888151293,0.16372412171527928,0.2000000000000001,0.19999583181461209,252.80335826098846,63.19919311872561,-5.980966595320325e-05,4.184430579812215e-10,0.40597618873534563,0.40598040921381096,0.16720354189289485,-5.57007152699829,nan,17.643517567921485,56.67804031425952,-1.6641912036777018,nan
98.3076660035,0.03865384250048611,0.18178689763721667,0.3426650158845348,0.16087811824731812,1.38802123677e-08,0.532984531768,248.20691796604055,68.64526126258852,0.21664759077783266,0.21665214759193627,316.8521792286291,317.298614807678,-0.14069887425115502,1.586541047496731,0.21664759077882273,0.027935661012671073,0.16713964524513947,0.21664075436436936,0.02793624029948963,0.16714137817874314,0.18390079417242,0.34763477720443375,0.16373398303201375,0.20000000000000004,0.19999587294623802,253.48305104888155,63.36912817974754,-5.980950543715835e-05,3.048006291805905e-10,0.4057176977348599,0.40572190428819604,0.16721361277963076,-5.56028575098943,nan,17.613910637374378,56.773309493130554,-1.6696044503834382,nan
98.56689917134,0.038689847107130554,0.1817799661236048,0.3426902652580811,0.1609102991344763,1.40348500009e-08,0.53277405789,248.8687118182874,68.82829005282893,0.21664759077818202,0.21665210450202707,317.6970018711163,318.1446277809421,-0.1406988742660764,1.5865410474953898,0.2166475907789549,0.027900280661346477,0.16703377102055283,0.21664079476248524,0.027900857752305976,0.16703549847953272,0.18389882255479012,0.34764266367561336,0.16374384112082324,0.2,0.19999591256469262,254.15890006283558,63.53810180828076,-5.9809589969539445e-05,3.657962821534966e-10,0.405460696790615,0.40546489005475367,0.16722368036984273,-5.549803245006927,nan,17.584316972555435,56.86885658173366,-1.6745020957634407,nan
98.82561650597,0.038725780070273615,0.18177306026887727,0.34271542021593426,0.160942359947057,1.41893767286e-08,0.532562856166,249.52772326051164,69.01054932663553,0.21664759077813892,0.21665206163492387,318.53827258714716,318.9870838232034,-0.14069887428576067,1.5865410474959698,0.2166475907788415,0.02786507462472003,0.16692835177021317,0.21664083480555565,0.027865649525922305,0.1669300737612079,0.18389684926844888,0.3476505568204074,0.16375370755195853,0.19999999999999954,0.19999595197867,254.83190751943957,63.70636506770758,-5.9809553409895244e-05,3.134603687726667e-10,0.40520480025881367,0.4052089802498695,0.1672337564796693,-5.538696432088115,nan,17.554688420028373,56.9648390260853,-1.6788964444021728,nan
99.08413619617,0.03876168558280139,0.1817661723025608,0.3427405090179148,0.160974336715354,1.43441813031e-08,0.532350673012,250.18475774529892,69.19226184375299,0.21664759077777077,0.21665201921591637,319.37701958905194,319.82701259538544,-0.14069887427012873,1.5865410474951547,0.21664759077896598,0.027829999128126455,0.16682325715596868,0.21664087452899233,0.027830571852417066,0.16682497370722726,0.18389487250857894,0.3476584638605163,0.16376359135193735,0.20000000000000007,0.19999599097930212,255.5028960603235,63.874123528728425,-5.9809604791016824e-05,3.709255125272648e-10,0.4049496917543468,0.404953858540892,0.1672438503274573,-5.5270764577132825,nan,17.524968494934416,57.061443522083906,-1.6828390045825907,nan
99.34281971028,0.03879761384865,0.18175929276168767,0.34276556446693596,0.16100627170524828,1.44996867311e-08,0.532137213548,250.84072323502957,69.3736787149418,0.21664759077819487,0.216651977532419,320.2144019499714,320.66557480398075,-0.14069887429767336,1.5865410474938122,0.2166475907790564,0.02779500503888352,0.1667183404394475,0.21664091362680857,0.02779557561804058,0.1667200516375897,0.18389288996631775,0.34766639403000704,0.1637735040636893,0.20000000000000007,0.19999602929568353,256.1727930366851,64.04160891328625,-5.980968940111353e-05,4.126476937926782e-10,0.4046950150819245,0.4046991688742214,0.16725397370144351,-5.514907426684715,nan,17.49516143302872,57.15866091478999,-1.6863606594526668,nan
99.60157806954,0.03883355250965833,0.18175242587921794,0.34279057571942756,0.16103814984020962,1.46560365778e-08,0.531922551774,251.49538112310344,69.55473394960727,0.21664759077832654,0.2166519356542738,321.0501150727107,321.50246542232094,-0.14069887427333727,1.5865410474942219,0.2166475907790708,0.027760104422116058,0.1666136381636151,0.2166409530654981,0.02776067279261616,0.16661534380907467,0.1838909028496723,0.34767434249666235,0.16378343964699005,0.19999999999999993,0.1999960678006653,256.8413544912175,64.20876058149325,-5.980966358842821e-05,4.193090319404291e-10,0.4044408589465802,0.40444499926019817,0.16726412043303843,-5.50165002165852,nan,17.465289430648156,57.25642303099748,-1.6892982627840416,nan
99.86000146617,0.03886944464807916,0.181745590931567,0.3428155029444264,0.16106991201285942,1.4813165163e-08,0.531707032322,252.14768605050108,69.73513843847302,0.21664759077836956,0.216651886861292,321.8828244889741,322.33634810190813,-0.1406988742053472,1.586541047495869,0.21664759077909151,0.027725352249811687,0.1665093158048873,0.21664099931603603,0.027725917804685703,0.16651101406419247,0.18388891515042213,0.34768229329377043,0.1637933781433483,0.20000000000000015,0.1999961126967447,257.50751084733076,64.37531364164337,-5.9809559771473175e-05,4.2885694995220547e-10,0.40418762502865946,0.40419174741299707,0.16727427013959834,-5.488054471899598,nan,17.43536352598343,57.354697452090875,-1.6918913930067694,nan
100.1178069242,0.03890525096169445,0.18173878662997225,0.34284031503667467,0.16110152840670242,1.49710886774e-08,0.531490899509,252.7969214050424,69.91469399184838,0.21664759077810986,0.21665183907748026,322.7116153968908,323.16630675261104,-0.14069887430074868,1.586541047494359,0.21664759077901427,0.027690785933689448,0.1664054864891463,0.21664104462995526,0.02769134873665667,0.16640717753948198,0.18388692902601098,0.3476902377910276,0.16380330876501661,0.19999999999999973,0.19999615666005632,258.17053260795444,64.54108278893642,-5.9809654939790846e-05,3.9319658640124544e-10,0.403935587931907,0.403939692817066,0.16728441180411757,-5.474590921007261,nan,17.405409450457373,57.4534027967795,-1.6942736604444857,nan
100.3749525896,0.038940965637444445,0.18173201461875832,0.3428650056075658,0.16113299098880746,1.51299553829e-08,0.531274199265,253.44298251499708,70.09337166153861,0.2166475907782919,0.2166517927105765,323.53635417653567,323.99220756541047,-0.14069887430325778,1.5865410474943118,0.21664759077904372,0.027656410181926147,0.16630216529536274,0.21664108891138564,0.027656970274215695,0.16630384924653938,0.18388494534036917,0.3476981725337379,0.16381322719336874,0.19999999999999976,0.19999619931810458,258.8303129999923,64.7060411765433,-5.980965791518855e-05,4.0680792068314986e-10,0.4036847842592798,0.403688871911816,0.1672945410161916,-5.460553216797019,nan,17.37543624303464,57.552511834105694,-1.6961866637353387,nan
100.6316484014,0.03897661783352778,0.18172527092800062,0.34288959325412094,0.16116432232612032,1.52900759502e-08,0.531056764548,254.08639629652313,70.2713171736025,0.21664759077812004,0.21665174656228658,324.35771347012565,324.81472413044406,-0.14069887427112793,1.5865410474942456,0.21664759077902465,0.027622196182238913,0.16619926649127822,0.21664113307934313,0.027622753551540702,0.1662009432931736,0.18388296305754878,0.3477061016649242,0.16382313860737543,0.2000000000000003,0.19999624177304637,259.4873897860019,64.87032368412375,-5.9809662089627125e-05,3.979927498676261e-10,0.4034350059027947,0.40343907620104047,0.16730466306485323,-5.446047103813974,nan,17.345424313660654,57.65209209742045,-1.6976688352192204,nan
100.8881074555,0.039012237146597226,0.18171854990835812,0.34291409648433585,0.16119554657597773,1.54517696129e-08,0.530838421957,254.72769277305395,70.44867711398165,0.21664759077806026,0.21665170087960528,325.17636988703555,325.63453401078107,-0.14069887431850114,1.5865410474940502,0.21664759077907428,0.027588115024978835,0.1660967038353827,0.21664117671819633,0.027588669708867294,0.1660983735888684,0.18388098097052763,0.3477140300132627,0.16383304904273505,0.19999999999999993,0.1999962837982986,260.1423043306075,65.03406555642809,-5.980967440200047e-05,4.2090775309588935e-10,0.4031860435183019,0.4031900967071148,0.16731478411406983,-5.431081798193299,nan,17.315384407039794,57.75211086815012,-1.698748551158621,nan
101.1444424516,0.03904783922938889,0.1817118499725942,0.34293852420397436,0.16122667423138015,1.56152884176e-08,0.530619080824,255.3671469005168,70.62552752580949,0.21664759077821155,0.21665165493380048,325.9926744263263,326.45198869963224,-0.14069887432316408,1.5865410474938146,0.2166475907791239,0.027554151318833965,0.16599443158983967,0.2166412205140057,0.027554703298680733,0.16599609422718575,0.1838789987158595,0.34772195903218245,0.16384296031632295,0.2,0.1999963260656826,260.7953372167348,65.19733720959147,-5.980968925678454e-05,4.438227563241526e-10,0.40293778608097736,0.4029418219959485,0.16732490601932853,-5.415548501437562,nan,17.28531502112539,57.852575945410415,-1.6994148744480142,nan
101.4005625749,0.03908341146873611,0.18170517434379385,0.34296286539573895,0.1612576910519451,1.57807235807e-08,0.530398824186,256.00452521046026,70.80180383976229,0.21664759077808948,0.21665160913111978,326.8063290502226,327.26678973924106,-0.14069887426871874,1.5865410474955102,0.2166475907790263,0.027520316776851628,0.16589248559489253,0.21664126460463462,0.027520865976139904,0.16589414087344947,0.18387701745526575,0.34772988407407024,0.1638528666188045,0.20000000000000018,0.1999963682036586,261.44625013420824,65.36007891601432,-5.980958238671619e-05,3.987477015243712e-10,0.4026903205900546,0.40269433864217236,0.1673350228478363,-5.399688389306153,nan,17.255210309621017,57.95350981276817,-1.6997329507997885,nan
101.6563730754,0.039118940704916665,0.18169852476904386,0.3429871099660718,0.16128858519702793,1.59481784024e-08,0.530177740236,256.63958679826493,70.97743943033501,0.21664759077817092,0.21665156331208327,327.61702622859997,328.078629166755,-0.14069887433002526,1.586541047494775,0.21664759077894336,0.02748662342711982,0.1657909027272601,0.21664130817200006,0.027487169918461667,0.16579255085335307,0.18387503827664436,0.34773780078813904,0.16386276251149468,0.20000000000000012,0.19999641034617785,262.09479701459037,65.52222921400958,-5.9809628716323004e-05,3.604672116352958e-10,0.4024437365607258,0.4024477372508274,0.16734512904532667,-5.383594649505609,nan,17.225107055642887,58.054791576601744,-1.6997611321155859,nan
101.911815086,0.03915441876194444,0.18169190321456968,0.3430112507512188,0.16131934753664912,1.61177775013e-08,0.529955887384,257.2721819602434,71.15239289461307,0.21664759077805937,0.21665151784144163,328.4245748548565,328.88731560567214,-0.14069887431308326,1.5865410474946129,0.2166475907789859,0.02745307839846252,0.16568970516740777,0.2166413512042731,0.027453622226844915,0.1656913462642057,0.18387306195785283,0.3477457060635149,0.16387264410566207,0.19999999999999968,0.1999964521641794,262.7408250803562,65.68374977450026,-5.980963894147706e-05,3.801181591711611e-10,0.4021980878342405,0.4022020714613084,0.16735522064042596,-5.367124747742068,nan,17.195016944463084,58.15638351679595,-1.6995054323838887,nan
102.1669183023,0.039189849764208334,0.1816853094626985,0.34303528919127324,0.16134997972857473,1.62896748534e-08,0.529733247661,257.9023810984237,71.32668370344757,0.21664759077808543,0.2166514727228757,329.22906480187123,329.6929390551587,-0.14069887411506388,1.5865410474968138,0.21664759077905607,0.027419677170152805,0.1655888799713097,0.2166413938429865,0.027420218352989682,0.16559051407912737,0.18387108860760842,0.34775359946484513,0.1638825108572367,0.20000000000000007,0.19999649365520386,263.3844062321151,65.84465856975615,-5.9809500219110134e-05,4.1249226256923066e-10,0.40195334299004404,0.401957309651939,0.16736529707750175,-5.350262197973437,nan,17.164919617842,58.25835612772427,-1.698931677998057,nan
102.421797727,0.03922524968430556,0.18167874126413391,0.34305923461232735,0.16138049334819343,1.64641027097e-08,0.529509727752,258.5304640000336,71.500389236152,0.2166475907783778,0.2166514277509442,330.0308532361856,330.4958571870827,-0.1406988743686055,1.5865410474946127,0.21664759077882062,0.0273864041996267,0.16548838085988604,0.2166414363466461,0.027386942728424207,0.16549000794133828,0.18386911773524997,0.34776148295309983,0.16389236521784986,0.1999999999999999,0.19999653501208348,264.025826141867,66.00502709431858,-5.980963895257929e-05,3.0382363291892034e-10,0.40170938968948866,0.4017133392954613,0.16737536086028676,-5.332996187074972,nan,17.134789817276857,58.36079757405071,-1.698032821174953,nan
102.6765566632,0.03926063286988889,0.18167219651083813,0.3430830951004236,0.1614108985895855,1.66412595915e-08,0.52928524282,259.1566790477608,71.67357818634959,0.21664759077834328,0.21665138302305528,330.83025723411043,331.29638752169666,-0.14069887422353267,1.586541047497337,0.21664759077881682,0.027353245663978752,0.165388166638302,0.21664147881563856,0.027353781511711354,0.16538978660035616,0.1838671488960632,0.347769358309829,0.16390220941376582,0.2000000000000002,0.19999657614533398,264.6653385020082,66.1649187321022,-5.98094672454863e-05,3.020694805400126e-10,0.401466127935512,0.40147006025973325,0.16738541426235723,-5.315362951780984,nan,17.104621585052826,58.46373128031477,-1.6968302290483455,nan
102.9311068849,0.03929598706734723,0.18166567792933597,0.34310686092314235,0.1614411829938064,1.68211980842e-08,0.529059876528,259.78080317811884,71.84618886266082,0.21664759077821388,0.21665133855872715,331.62699204077967,332.09424490491966,-0.14069887428304062,1.586541047496725,0.21664759077874857,0.02732021271744383,0.1652882715665084,0.21664152127732964,0.027320745847997062,0.16528988428817132,0.18386518312089578,0.34777722141016254,0.16391203828926676,0.1999999999999999,0.1999966170372732,265.30271551437704,66.32427652640266,-5.980950581463418e-05,2.7056135110115065e-10,0.40122364089131785,0.4012275556400868,0.1673954520184274,-5.297425074035895,nan,17.074412757957226,58.56716797091413,-1.695331658299066,nan
103.1853395258,0.03933129715636112,0.18165918830899955,0.34313052056532356,0.161471332256324,1.70039285654e-08,0.528833732541,260.40256523365036,72.01814627250008,0.21664759077795184,0.2166512945265851,332.42071150615044,332.88908269816244,-0.1406988742964077,1.5865410474959325,0.21664759077870507,0.027287319057338777,0.16518873768310835,0.21664156342203805,0.027287849470478347,0.1651903431514032,0.1838632215833784,0.34778506756001387,0.16392184597663548,0.2,0.19999665753237128,265.9376803103877,66.48303119576276,-5.9809555763568056e-05,2.504885188159278e-10,0.40098203060214643,0.4009859277439629,0.16740546813608098,-5.279269292456623,nan,17.04419030509002,58.671018223808694,-1.6935556081458922,nan
103.4392059171,0.039366556377375,0.18165272864419127,0.34315406846482716,0.1615013398206359,1.71895063921e-08,0.528606862405,261.02184357271085,72.18941677432858,0.21664759077812473,0.2166512510083169,333.2112603470394,333.68074539953983,-0.14069887429023487,1.5865410474970363,0.21664759077862192,0.02725457037737105,0.1650895828856898,0.21664160482377218,0.027255098142899503,0.16509118129960637,0.18386126496108676,0.34779289404876057,0.1639316290876738,0.19999999999999976,0.1999966975517406,266.57010869057837,66.64115165646115,-5.980948619699333e-05,2.120970066243899e-10,0.4007413405129159,0.40074522053081113,0.16741545915511472,-5.2607431908351705,nan,17.013973468724203,58.77521801936754,-1.691447800088624,nan
103.692753156,0.039401771271666663,0.1816462988343945,0.3431775070758618,0.1615312082414673,1.73780309156e-08,0.528379232385,261.6387506339805,72.36003146433318,0.21664759077784226,0.2166512077714979,333.9987820983137,334.46937674629135,-0.14069887430520067,1.58654104749714,0.21664759077864218,0.027221960024948283,0.16499078769721745,0.21664164593534235,0.027222485157215204,0.16499237908829367,0.18385931334580177,0.34780070051000117,0.1639413871641994,0.19999999999999998,0.19999673730040596,267.20011541634176,66.79866668197198,-5.980947965777972e-05,2.2146728895222623e-10,0.40050152334473,0.4005053863152598,0.16742542460760912,-5.241679312012338,nan,16.983741089186047,58.87984247691599,-1.688926323813358,nan
103.9460536362,0.039436951893916675,0.18163989778771486,0.3432008411003421,0.16156094331262724,1.75695853938e-08,0.528150785234,262.2534591276717,72.53003810851389,0.21664759077818235,0.21665116481449617,334.7834972361856,335.2551975251241,-0.14069887429654093,1.5865410474977317,0.21664759077854398,0.027189478234842746,0.1648923231531497,0.21664168692024566,0.027190000719966613,0.1648939074677006,0.18385736666985344,0.3478084872133079,0.16395112054345448,0.2000000000000003,0.19999677678830569,267.8278768670318,66.95562036915378,-5.980944235428609e-05,1.7612578062653483e-10,0.40026250878855396,0.4002663545814025,0.1674353648379734,-5.222238121364664,nan,16.95347710656864,58.984950032023164,-1.6860528744463845,nan
104.1991501269,0.039472104184291666,0.18163352454498627,0.34322407332379784,0.16159054877881157,1.77642276975e-08,0.527921489513,262.8660684595536,72.69946419853177,0.21664759077806348,0.21665112215412247,335.5655326580853,336.0383348122629,-0.14069887426436667,1.5865410474976238,0.21664759077850687,0.02715711912556907,0.1647941720012242,0.21664172763042025,0.027157638974014714,0.16479574925954465,0.1838554249169268,0.3478162542248311,0.1639608293079043,0.19999999999999962,0.1999968160009002,268.4534945668222,67.11203809126316,-5.980944915995323e-05,1.5900614158681492e-10,0.40002425496594457,0.40002808363037584,0.16744527993042527,-5.202521763956426,nan,16.923180773700206,59.09054647422246,-1.6829156457258778,nan
104.4520450635,0.03950722848104167,0.18162717943488169,0.3432472027279998,0.16162002329311811,1.79619472256e-08,0.527691350014,263.47657983406583,72.86831006779235,0.21664759077818765,0.21665107980710954,336.34488990185815,336.8187901478888,-0.14069887425893768,1.5865410474982038,0.21664759077849954,0.02712488201263518,0.16469633272369844,0.21664176810285093,0.027125399227400288,0.16469790292350503,0.18385348835483004,0.34782400047317846,0.16397051211834843,0.19999999999999993,0.19999685492469396,269.0769697514941,67.26792015036409,-5.980941260030903e-05,1.5563106359195444e-10,0.399786758192707,0.3997905697231783,0.16745516851730408,-5.182510449350605,nan,16.892848697398744,59.19664693107597,-1.679507077911496,nan
104.7047243685,0.03954232282895834,0.1816208630974683,0.3432702268096168,0.16164936371214847,1.81627224422e-08,0.527460386779,264.0849548119218,73.03656508521809,0.21664759077825246,0.21665103773420763,337.12151989714,337.59651439255526,-0.14069887429671857,1.5865410474980435,0.21664759077848506,0.027092768322259438,0.16459881020912465,0.21664180829654325,0.027093282914261232,0.1646003733721805,0.18385155741984663,0.34783172421304154,0.1639801667931949,0.19999999999999984,0.19999689359352357,269.69826315418476,67.42325674295525,-5.9809422703338555e-05,1.489253165232185e-10,0.39955003033539843,0.39955382478473794,0.16746502837065522,-5.1621954979021485,nan,16.862482484586476,59.30324914579286,-1.6758039466978398,nan
104.9571680199,0.03957738444720833,0.18161457648360377,0.3432931424927061,0.16167856600910233,1.83664964896e-08,0.527228625667,264.6911411832509,73.20421481133745,0.21664759077810428,0.21665099589509806,337.8953559945884,338.3714408027151,-0.14069887428953542,1.5865410474982282,0.21664759077845475,0.027060780200907214,0.1645016115450156,0.2166418482899344,0.027061292169685322,0.16450316765851447,0.18384963260274173,0.34783942348130414,0.1639897908785624,0.20000000000000023,0.19999693204588948,270.31732144311707,67.57803455147132,-5.980941106820126e-05,1.3493650641294153e-10,0.39931408859837136,0.39931786593549295,0.16747485698444814,-5.141588726644534,nan,16.832092958103942,59.410318282406,-1.6718153498982762,nan
105.2091987613,0.039612388716847226,0.18160832429478013,0.34331593267754923,0.1617076083827691,1.85730646025e-08,0.526996238293,265.2947113378219,73.3711409842855,0.21664759077777257,0.2166509543353518,338.66585232210747,339.14302273723536,-0.1406988742615578,1.586541047498934,0.21664759077840176,0.0270289396158618,0.16440480411430136,0.2166418880613422,0.027029448962408976,0.16440635316924032,0.18384771555835425,0.3478470916585906,0.16399937610023638,0.20000000000000004,0.1999969702403039,270.93370793383576,67.73214438827169,-5.980936657046243e-05,1.1048939541069558e-10,0.39907909654812856,0.3990828567511784,0.16748464590862697,-5.120709741638009,nan,16.801676339210857,59.51787070592791,-1.6675503020140214,nan
105.4609558797,0.039647354983291666,0.18160210331813714,0.34333860894358365,0.1617365056254465,1.8782461312e-08,0.526763105219,265.8959973788849,73.53743545253674,0.21664759077830392,0.2166509130768909,339.4334328314216,339.9116847454823,-0.1406988743028359,1.586541047498969,0.21664759077837548,0.026997228429715595,0.1643083334153067,0.21664192760279155,0.026997735159607954,0.16430987541717618,0.18384580553369062,0.34785473175711423,0.1640089262234236,0.20000000000000026,0.19999700815598692,271.5477617970211,67.88567103440047,-5.980936437222084e-05,9.834355552129637e-11,0.3988449218863505,0.3988486649686561,0.16749439898841562,-5.09939311226662,nan,16.77124900844502,59.62585133024132,-1.6629369319856766,nan
105.7126440567,0.03968231167454167,0.18159591094029348,0.34336118882050404,0.16176527788021056,1.89947735973e-08,0.52652904425,266.4954834837707,73.70323212164325,0.21664759077788337,0.2166508701236832,340.19871560541395,340.6780457808028,-0.14069887429647432,1.5865410474990271,0.2166475907782974,0.026965620476157685,0.16421212036922758,0.21664196866455632,0.02696612444099441,0.1642136548554791,0.18384390145004154,0.34786234809132205,0.1640184466412805,0.20000000000000004,0.19999704764121443,272.159976872998,68.03873873241594,-5.980936070848486e-05,6.230571614196379e-11,0.39861137265576535,0.3986150974945285,0.16750412173158444,-5.077704839179138,nan,16.74080613124156,59.73427994807299,-1.6580067864789632,nan
105.9642817046,0.03971726134786111,0.18158974593116864,0.3433836723656595,0.16179392643449084,1.92099404383e-08,0.526294044075,267.0932067612462,73.8685412552665,0.21664759077809828,0.2166508266947016,340.96174801651273,341.44215328318387,-0.14069887448041607,1.5865410474970667,0.21664759077803625,0.026934113208231823,0.1641161576695964,0.21664201029573021,0.026934614332801345,0.16411768439994925,0.18384200341465207,0.34786994023157125,0.16402793681691918,0.2,0.19999708756552176,272.7703914419609,68.19135657455186,-5.98094842763075e-05,-5.823119764158946e-11,0.39837843112052584,0.398382137132485,0.16751381358983566,-5.056118045638163,nan,16.7103345706973,59.84320635647641,-1.6529337665335795,nan
106.2155899313,0.039752165268236106,0.1815836113154238,0.3434060328437587,0.1618224215283349,1.94276190102e-08,0.526058372394,267.6885006628839,74.03317850931545,0.21664759077813403,0.21665078627678713,341.7216791721993,342.2031551593917,-0.1406988743187343,1.5865410474998165,0.21664759077822676,0.026902741209316253,0.16402055117977216,0.21664204907342155,0.026903239727709118,0.1640220708554465,0.18384011360698407,0.34787749946319946,0.16403738585621538,0.20000000000000007,0.19999712470597006,273.3783258880635,68.34335328413583,-5.9809310948288896e-05,2.970956813896919e-11,0.398146354255201,0.3981500431425101,0.16752346343752614,-5.03435648071707,nan,16.679835330912393,59.95263023650604,-1.6476235270456427,nan
106.4665101363,0.03978701529670834,0.18157751178393922,0.3434282647611462,0.16185075297720697,1.96476636031e-08,0.525822094122,268.2812257287097,74.19710531418214,0.21664759077820234,0.21665074632226158,342.4783310428918,342.9608731307057,-0.14069887430860906,1.586541047500316,0.21664759077811505,0.02687151123286212,0.16392532212218502,0.2166420874820899,0.026872007161649607,0.16392683478201367,0.18383823290941215,0.34788502225292883,0.16404678934351669,0.20000000000000023,0.1999971614171737,273.98363698742236,68.49469405546948,-5.980927946236392e-05,-2.1860291354869332e-11,0.3979151935754889,0.39791886543241145,0.1675330667651632,-5.01213396413306,nan,16.649331733516686,60.06247073490073,-1.641977434564883,nan
106.7171081007,0.039821820569541665,0.18157144603874817,0.34345037314930926,0.1618789271105611,1.98700315436e-08,0.52558515688,268.87153676540413,74.36036448386058,0.21664759077816015,0.21665070666298342,343.23190124926475,343.71550509574,-0.14069887430320227,1.5865410475006376,0.21664759077809875,0.0268404145353974,0.16383044447048722,0.2166421255950048,0.026840907890649336,0.16383195015212795,0.18383636112128587,0.34789250940534683,0.16405614828406095,0.19999999999999982,0.19999719785393158,274.58648278533445,68.64541846393031,-5.980925920079372e-05,-2.937650123158164e-11,0.39768488590457773,0.3976885408225249,0.16754262459934774,-4.989648607672973,nan,16.618824970606326,60.17272591586333,-1.6360699073576077,nan
106.9674684395,0.03985659283881944,0.1815654124591345,0.3434723645100603,0.1619069520509258,2.00946708846e-08,0.525347489386,269.4596311523061,74.52301060656623,0.21664759077815898,0.21665066730218382,343.9826417588723,344.46730337702786,-0.14069887429202232,1.5865410475007322,0.21664759077811518,0.026809440137808324,0.16373588530865285,0.2166421635512027,0.026809930909280237,0.1637373839698199,0.18383449788547837,0.3478999623486609,0.16406546446318251,0.20000000000000018,0.1999972340108069,275.1870648593676,68.79557689950475,-5.9809253238896076e-05,-2.1793677973391823e-11,0.3974553513415307,0.39745898921785733,0.16755213876335556,-4.966942112909699,nan,16.588316321275865,60.28339348203884,-1.629919235984962,nan
107.2176664358,0.03989134256052777,0.18155940911947843,0.3434942445706783,0.16193483545119985,2.03215408696e-08,0.52510902805,270.04568231879074,74.68509164677464,0.21664759077828896,0.21665062839349641,344.73077396556533,345.2164896805065,-0.14069887431816808,1.586541047500191,0.2166475907781796,0.02677857831037108,0.16364161546003841,0.21664220108305937,0.026779066526180964,0.1636431071758935,0.18383264289865622,0.34790738229627205,0.16407473939761583,0.1999999999999997,0.19999726974717313,275.7855603746224,68.94521359094293,-5.980928734494739e-05,7.949196856316121e-12,0.3972265190624531,0.397230140079608,0.1675616108061543,-4.944071842043656,nan,16.557807319048276,60.39447015726469,-1.6235586186894497,nan
107.4676900439,0.03992606806165278,0.18155343653402845,0.3435160116361708,0.16196257510214235,2.05505326138e-08,0.524869791952,270.62965811986436,74.8465987141589,0.2166475907781916,0.21665058993516093,345.4762568340233,345.96302291273696,-0.14069887429457584,1.5865410475004187,0.21664759077813214,0.026747830165278617,0.16354763882514053,0.21664223822613915,0.026748315841126878,0.16354912363301394,0.18383079645512881,0.3479147680701475,0.16408397161501867,0.20000000000000012,0.19999730506897376,276.3819365019019,69.09432033212128,-5.9809273000865915e-05,-1.396660564978447e-11,0.3969983985354787,0.39700200278407805,0.16757103922411196,-4.9210212142165695,nan,16.52728943772335,60.505989428460744,-1.6169903773013234,nan
107.7174904301,0.03996076255973611,0.18154749606712567,0.3435376607079396,0.16199016464081395,2.07815381103e-08,0.524629835885,271.21144128233726,75.00749937517747,0.21664759077804494,0.21665055181957193,346.2189406575147,346.70675315627557,-0.1406988742849724,1.5865410475012898,0.21664759077799373,0.026717201322979042,0.16345397310245793,0.21664227496629668,0.026717684482666912,0.16345545106440137,0.18382895916556147,0.34792211722772315,0.16409315806216168,0.2000000000000001,0.1999973400750162,276.97607344242186,69.24286721509282,-5.980921808923512e-05,-7.785994071696223e-11,0.3967710327222528,0.396774620352922,0.16758042089911276,-4.897741472280231,nan,16.496763982444143,60.61794913621847,-1.6101888434385125,nan
107.9670133851,0.039995418525708336,0.1815415894900502,0.3435591862485604,0.1620175967585102,2.10144279173e-08,0.52438922064,271.79090348711634,75.16775814148247,0.2166475907782514,0.2166505140407751,346.9586616285988,347.4475163727333,-0.14069887424668082,1.5865410475023036,0.21664759077796455,0.026686697979853388,0.1633606377921358,0.21664231149146337,0.026687178628609698,0.16336210891332695,0.1838271316861033,0.3479294271454132,0.1641022954593099,0.19999999999999996,0.19999737476564977,277.56784015067564,69.39082147792315,-5.980915418479782e-05,-9.131584377541913e-11,0.39654446895776874,0.3965480399830762,0.1675897524817217,-4.87426667296466,nan,16.466237163706072,60.73032897911504,-1.6031644171312522,nan
108.216260066,0.04003003612027778,0.18153571650156972,0.3435805876217225,0.16204487112015278,2.12491037436e-08,0.524147954006,272.36804600561464,75.32737536445781,0.21664759077825907,0.21665047684458624,347.69542137007244,348.1853141876951,-0.1406988743237303,1.5865410475016932,0.21664759077790144,0.026656319515064426,0.16326763155954835,0.216642347427723,0.02665679769658464,0.1632690959630286,0.1838253142273468,0.34793669698012347,0.16411138275277667,0.19999999999999976,0.19999740891875287,278.15723800314396,69.53818336692845,-5.980919266512785e-05,-1.2044809594158323e-10,0.39631870400233266,0.3963222587209512,0.1675990328958595,-4.850595291670677,nan,16.43571565087943,60.843106636886404,-1.5959164858539143,nan
108.4652707044,0.04006462093116667,0.18152987677347407,0.34360186757118755,0.16207199079771348,2.14855234733e-08,0.523906005857,272.9429602789262,75.4863763335231,0.21664759077816984,0.21665043992906208,348.4293366124493,348.92026349522996,-0.14069887425366412,1.5865410475015962,0.21664759077793766,0.026626060551145893,0.16317493848978737,0.21664238311242046,0.026626536266661727,0.16317639616887525,0.18382350675306192,0.3479439268774442,0.16412042012438227,0.2000000000000001,0.19999744281216383,278.74436028922077,69.68497632322851,-5.980919878245672e-05,-1.0373923942097463e-10,0.396093699223818,0.3960972376195289,0.1676082623272104,-4.826686961138904,nan,16.40519390895752,60.9563047867409,-1.588438431550416,nan
108.7140739055,0.040099176931319445,0.1815240697059712,0.34362302763529706,0.16209895792932585,2.17236706426e-08,0.523663356905,273.5157100462644,75.64477867689762,0.21664759077844545,0.21665040354077608,349.160488723162,349.6524457780894,-0.14069887422998306,1.5865410475020367,0.21664759077797752,0.026595917210972986,0.16308254722983997,0.21664241840905604,0.02659639046816898,0.16308399819776612,0.1838217092927027,0.34795111671908024,0.16412940742637755,0.19999999999999993,0.19999747622863195,279.3292721797739,69.83121654338811,-5.980917101577887e-05,-8.533174167268953e-11,0.39586942706372275,0.3958729491686423,0.16761744062488534,-4.802643815067002,nan,16.374659202751268,61.069973281152635,-1.5807564169589607,nan
108.9627033166,0.040133708793972225,0.1815182940181621,0.3436440699376292,0.16212577591946709,2.19635402206e-08,0.523419982485,274.08636993448664,75.80260303331058,0.2166475907781387,0.2166503681221246,349.88897296779726,350.3819564362308,-0.14069887429356553,1.586541047502188,0.21664759077791337,0.02656588504958861,0.162990444657313,0.21664245277415112,0.026566355921308855,0.16299188912736995,0.1838199218035349,0.3479582666754261,0.16413834487189122,0.20000000000000018,0.19999750874734312,279.9120500360713,69.97692293172594,-5.980916147896309e-05,-1.1494138973944246e-10,0.39564585566852023,0.3956493620003985,0.16762656800654238,-4.778462638390887,nan,16.344122630023485,61.18407348235634,-1.572865013156159,nan
109.2111536235,0.04016821578104166,0.18151255011596812,0.3436649932427255,0.16215244312675736,2.22051180213e-08,0.5231758959,274.65492473015337,75.95984519568856,0.21664759077820575,0.216650333504382,350.6147699258419,351.10877602113885,-0.1406988742620241,1.5865410475020207,0.21664759077789159,0.026535964314434765,0.16289863202137322,0.2166424862581794,0.02653643286973026,0.16290007019559646,0.1838181445762825,0.34796537558432855,0.16414723100804604,0.20000000000000023,0.19999754053154356,280.49267826664055,70.12209165920139,-5.9809172014979595e-05,-1.2500001034254637e-10,0.39542298807045984,0.3954264791197213,0.16763564298842815,-4.753753553480887,nan,16.31359957503968,61.29855004716625,-1.5646354278918553,nan
109.4594071381,0.04020269543584722,0.18150684298127065,0.34368579603752925,0.1621789530562586,2.24483919559e-08,0.522931123563,275.22133127576404,76.11649322799002,0.21664759077819334,0.21665029605266195,351.337824503754,351.832849362138,-0.1406988742755022,1.5865410475013755,0.21664759077795032,0.026506156713598177,0.16280711505827433,0.21664252243583748,0.026506622700935192,0.16280854615447923,0.18381637822840985,0.34797244097611196,0.16415606274770211,0.19999999999999984,0.19999757493384115,281.0711116204717,70.26671288328228,-5.980921269355122e-05,-9.788836408120005e-11,0.39520083819382396,0.3952043120617799,0.1676446624177957,-4.72854607268886,nan,16.28308869148185,61.41340988476766,-1.5560816364363632,nan
109.7074459718,0.04023714527386111,0.18150117280033073,0.34370647590563397,0.16220530310530323,2.26933623416e-08,0.522685691799,275.78554654478774,76.27253523060328,0.21664759077811566,0.2166502561581712,352.058081775391,352.5541214556066,-0.1406988743083315,1.5865410475018267,0.21664759077791423,0.026476463982698067,0.1627158996001868,0.2166425609295286,0.026476927187172677,0.16271732294741295,0.18381462310374494,0.34797946147459163,0.1641648383708467,0.20000000000000004,0.19999761159280782,281.64730627836735,70.41077549702362,-5.9809184249637326e-05,-1.145417094505774e-10,0.39497942019572524,0.3949828752536747,0.167653624538079,-4.70352854999968,nan,16.25258964665573,61.52865615516039,-1.547450179210016,nan
109.9552614422,0.04027156408919445,0.18149553498321994,0.34372703047614067,0.16223149549292074,2.29400636917e-08,0.522439617103,276.3475489511665,76.42796523369572,0.216647590778213,0.2166502182394477,352.77551418486223,353.27256470672205,-0.140698874330214,1.586541047501867,0.2166475907778644,0.026446886716549205,0.16262498798324077,0.21664259763010824,0.026447347285734023,0.162626404023867,0.18381287919296566,0.34798643711745636,0.1641735579244907,0.20000000000000018,0.19999764642600973,282.2212416311644,70.55427255369786,-5.98091817072266e-05,-1.3754553052081064e-10,0.39475873974692693,0.39476217706870786,0.16766252939728807,-4.6785965266211385,nan,16.222107198838255,61.64427270407971,-1.5387090469858835,nan
110.2028177854,0.04030594691463889,0.18148993160076135,0.3437474562056499,0.16225752460488854,2.31885040944e-08,0.522192944206,276.90725611569223,76.58276045397191,0.21664759077822315,0.2166501814932023,353.4900165696641,353.9880738045428,-0.1406988742659543,1.5865410475021766,0.21664759077786613,0.026417428731974016,0.1625343924588701,0.21664263339204912,0.026417886727807115,0.16253580137251952,0.18381114703436263,0.34799336575188156,0.16418221871751892,0.1999999999999999,0.19999768017383465,282.79283329112087,70.69718327854319,-5.980916220060806e-05,-1.3674616994308053e-10,0.3945388265867737,0.39454224660840653,0.16767137424711684,-4.653339180406234,nan,16.191634772253725,61.760286349443724,-1.5296994019564898,nan
110.4501051441,0.040340292381125006,0.18148436381332564,0.34376775184050196,0.16228338802717632,2.34387322635e-08,0.521945692459,277.46464505529343,76.73691453515289,0.2166475907782047,0.21665014509305366,354.2015595904463,354.7006193691424,-0.14069887433061368,1.586541047501717,0.21664759077789902,0.026388090741488776,0.1624441157490439,0.21664266885273797,0.02638854617425527,0.16244551755667272,0.18380942697921004,0.3480002459726568,0.16419081899344673,0.20000000000000012,0.19999771360284227,283.36205751779613,70.83950207265015,-5.980919116632677e-05,-1.2156942119645464e-10,0.394319687322621,0.3943230900949751,0.16768015729375235,-4.627850958357996,nan,16.161173214639913,61.87669587589907,-1.520446253342328,nan
110.6971481512,0.04037460390988889,0.18147883123597025,0.3437879188197853,0.16230908758381507,2.36570023848e-08,0.521697846523,278.0197705493893,76.89044262736783,0.21664759077832968,0.21665010900301485,354.9102131767571,355.41027142775914,-0.14069887428779237,1.5865410475019075,0.2166475907778685,0.026358869358223097,0.1623541479550895,0.21664270402243144,0.026359322242974784,0.16235554269249566,0.18380771908301627,0.34800707755727783,0.16419935847426156,0.20000000000000023,0.19999774674233742,283.92897024556305,70.98124293119406,-5.980917915371364e-05,-1.3565815137894788e-10,0.3941012979262577,0.39410468353622974,0.16768887825327383,-4.602164096313746,nan,16.130721585200465,61.99350690656487,-1.5109643208203043,nan
110.9440030312,0.04040888930988889,0.18147333279573402,0.34380796085484294,0.16233462805910892,2.38170989221e-08,0.521449358879,278.5727574551598,77.04337926149273,0.21664759077814089,0.21665007327678912,355.61613671665253,356.11718959356017,-0.1406988742889581,1.5865410475023651,0.21664759077778817,0.026329757519409802,0.1622644678277096,0.2166427388646057,0.026330207872004317,0.1622658555334557,0.18380602320873252,0.34801386105400706,0.16420783784527454,0.19999999999999982,0.19999777954539005,284.49369900281215,71.12243771384037,-5.980915031011946e-05,-1.727396004014281e-10,0.3938836068167679,0.39388697535796535,0.1676975378255564,-4.5762377932777305,nan,16.100275629813112,62.11073791483952,-1.501224896597582,nan
111.1907080709,0.04044315389873611,0.1814678678493619,0.34382787995144626,0.16236001210208437,2.39760836647e-08,0.521200199453,279.1236891669894,77.19574750170261,0.21664759077815812,0.21665003802183747,356.319436668692,356.82148047481786,-0.14069887425438576,1.586541047502529,0.2166475907777942,0.02630075034372166,0.16217506079456748,0.21664277330999054,0.026301198185801122,0.16217644152527555,0.18380433939233376,0.3480205963196394,0.16421625692730563,0.20000000000000007,0.19999781191249513,285.0563289930607,71.26310767563129,-5.9809139985045334e-05,-1.6995294060961896e-10,0.3936665786210067,0.3936699302308748,0.16770613582761215,-4.550056974022853,nan,16.0698346299472,62.22839394603563,-1.4912270272562174,nan
111.4372605748,0.04047739730205556,0.18146243703090545,0.34384767515958575,0.1623852381286803,2.41369318936e-08,0.520950379469,279.6725570115773,77.34754494921887,0.21664759077827023,0.2166500030006641,357.0201019607961,357.5231329841608,-0.14069887427030636,1.5865410475022133,0.21664759077780418,0.02627184779877098,0.16208592720767273,0.21664280764944036,0.02627229311526709,0.162087300906848,0.18380266791097977,0.348027282245105,0.16422461433412522,0.20000000000000015,0.19999784406822127,285.6168512796204,71.40325068117576,-5.9809159891344166e-05,-1.6534551505742456e-10,0.3934502141934482,0.39345354873485067,0.16771467084375172,-4.523665038519684,nan,16.039394237120735,62.34649421395556,-1.4810006818506547,nan
111.683618757,0.04051161371624999,0.18145704144377825,0.34386734248817474,0.1624103010443965,2.42993134825e-08,0.520699950037,280.21926587019107,77.49874529745766,0.21664759077824838,0.2166499681893115,357.7180111676488,358.22202552512306,-0.14069887431836792,1.5865410475026611,0.21664759077775797,0.02624305443176944,0.16199708155324724,0.2166428418826164,0.026243497213168994,0.16199844818136067,0.18380100927787027,0.3480339167773083,0.16423290749943806,0.19999999999999996,0.1999978760286205,286.17516871693664,71.54284245071212,-5.980913165837265e-05,-1.8667289936047382e-10,0.39323454869820085,0.3932378660751842,0.1677231402531416,-4.49712391366686,nan,16.00895642277687,62.465033546923905,-1.4705657278043494,nan
111.9297352738,0.04054579656580556,0.18145168211909585,0.34388687762434,0.16243519550524416,2.4462874914e-08,0.520448968434,280.7637096138257,77.64931919492463,0.21664759077817564,0.2166499336385423,358.41302880875037,358.91802242579837,-0.1406988742540638,1.586541047503361,0.2166475907776195,0.026214375363671917,0.16190854011963643,0.2166428758828889,0.026214815617672388,0.1619098996901437,0.18379936401793226,0.34804049781636903,0.16424113379843677,0.19999999999999984,0.19999790774881432,286.73117293708475,71.68185587166558,-5.980908753810965e-05,-2.505884388881441e-10,0.39301962167387916,0.3930229219191058,0.16773154137519283,-4.4704454077439335,nan,15.97852965815385,62.583981216926276,-1.4599374713266966,nan
112.1755959382,0.04057994388030555,0.18144635945955098,0.3439062789505056,0.1624599194909546,2.46276121293e-08,0.520197458534,281.30585653655584,77.79925787294015,0.21664759077818044,0.21664989942322088,359.105114409496,359.6110831553836,-0.1406988743083093,1.5865410475034782,0.21664759077759685,0.0261858118029386,0.1618203071401689,0.21664290961528335,0.026186249536740494,0.16182165966501671,0.1837977324126449,0.34804702423740924,0.16424929182476433,0.20000000000000018,0.19999793915844943,287.2848315863376,71.82028282315841,-5.980908015512654e-05,-2.6104673978011306e-10,0.392805443396539,0.3928087265390087,0.16773987277366076,-4.4436350301471865,nan,15.948118684214062,62.703320673794,-1.4491216516991734,nan
112.4212197551,0.04061405829931944,0.18144107312459326,0.34392554760861666,0.1624844744840234,2.47935075127e-08,0.519945410262,281.8457482704747,77.94857284539387,0.21664759077809687,0.21664986547539672,359.79432111586857,360.3012609341281,-0.14069887431013006,1.5865410475038333,0.2166475907775518,0.026157361092865497,0.16173237490640363,0.21664294306040205,0.02615779632408944,0.16173372042987647,0.18379611452514122,0.34805349578719585,0.16425738126205464,0.19999999999999965,0.19999797032234026,287.8361871591905,71.95813395667805,-5.980905777303036e-05,-2.8184121703134224e-10,0.39259199515457577,0.3925952613017854,0.16774813412545603,-4.416698384243038,nan,15.917729463764273,62.82303027428869,-1.438119875214805,nan
112.6666386412,0.040648144255722225,0.18143582263211436,0.343944685750325,0.16250886311821064,2.49611198224e-08,0.519692799985,282.383454248832,78.09728331516327,0.21664759077813098,0.21664983166452645,360.48073756399515,360.98864452315206,-0.1406988742894688,1.5865410475044097,0.2166475907774365,0.026129019099844747,0.161644731123055,0.2166429763067679,0.026129451842248685,0.1616460696777026,0.1837945103300062,0.3480599125671585,0.1642654022371523,0.20000000000000012,0.19999800135663992,288.38531052362873,72.09542704036646,-5.9809021446532995e-05,-3.35054206601626e-10,0.39237924710219824,0.39238249633315964,0.16775632556011888,-4.389639910580511,nan,15.887360718694218,62.94311671436576,-1.426954229251647,nan
112.9118790334,0.04068220542130556,0.18143060746110173,0.3439636950370816,0.16253308757597984,2.51307736808e-08,0.51943960921,282.9190311449548,78.24540495603527,0.21664759077816848,0.2166497981129107,361.1644361009901,361.67330637165554,-0.14069887428810324,1.5865410475058734,0.21664759077726484,0.02610078237747527,0.16155736559338688,0.21664300930617622,0.02610121264133044,0.16155869720114246,0.18379291979920365,0.34806627468951123,0.1642733548903076,0.2000000000000003,0.1999980321510251,288.93225959785735,72.23217650313266,-5.980892918699965e-05,-4.142908238691234e-10,0.3921671744876707,0.392170406855625,0.16776444722088016,-4.362452282062728,nan,15.857008659630347,63.06359676436676,-1.4156273102758379,nan
113.1569506584,0.040716243146999995,0.1814254276259621,0.3439825757506619,0.1625571481246998,2.53025673313e-08,0.519185836605,283.4524986548354,78.39294321524919,0.2166475907782612,0.21664976480489287,361.8454418700845,362.3552716583034,-0.14069887430799843,1.586541047506726,0.21664759077716728,0.02607264942621166,0.1614702741256472,0.21664304213096253,0.0260730772135873,0.16147159878315226,0.18379134305304762,0.34807258167364935,0.16428123862060173,0.19999999999999984,0.1999980627248753,289.47705449024113,72.3683873798434,-5.9808875441103027e-05,-4.5932146974791976e-10,0.391955767135861,0.39195898263265555,0.16777249849405051,-4.335144444300002,nan,15.826677161539667,63.184456837856985,-1.4041280148911335,nan
113.4018155072,0.040750252153777776,0.18142028386051556,0.3440013245369443,0.16258104067642876,2.54765188753e-08,0.518960954941,283.98377288360314,78.53987489033818,0.21664759077816975,0.2166497318106384,362.5236477739414,363.0344331344677,-0.14069887424070782,1.5865410475065778,0.21664759077718293,0.026044624212356232,0.16138346945197402,0.21664307462927138,0.02604504954077052,0.16138478720365967,0.1837897805061321,0.34807883186138755,0.16428905135525546,0.19999999999999996,0.19999809300778382,290.0196095489275,72.50403822501377,-5.9808884789180894e-05,-4.5210502008785625e-10,0.3917450559529836,0.3917482546864714,0.16778047726280057,-4.307691096912063,nan,15.79636173309224,63.30571665151679,-1.3924549104959183,nan
113.6464520748,0.04078422945483333,0.18141517722461603,0.3440199394599413,0.16260476223532527,2.56526121867e-08,0.518776702844,284.5128067369438,78.68618695679845,0.21664759077815196,0.2166496988540031,363.19899369374224,363.7107305973993,-0.14069887429950523,1.586541047506516,0.21664759077714082,0.0260167087944854,0.16129695841672093,0.21664310721195343,0.026017131637143538,0.16129826916970788,0.18378823247485895,0.3480850239862722,0.16429679151141327,0.20000000000000032,0.199998123257067,290.55987658613844,72.63911710760377,-5.980888868606371e-05,-4.715339230187965e-10,0.39153505755314216,0.39153823929786635,0.1677883819106364,-4.2799551620481,nan,15.766059179772927,63.42739099209715,-1.3805525524743136,nan
113.8908549021,0.04081817429195833,0.1814101096988093,0.344038420156693,0.1626283104578837,2.58308254541e-08,0.518591824334,285.03958835194254,78.8318761335856,0.21664759077781678,0.2166496641844422,363.8714644855281,364.3841488811531,-0.14069887430592232,1.5865410475067563,0.21664759077713905,0.025988903378741213,0.16121074213197212,0.2166431413517757,0.025989323589377535,0.16121204542272125,0.18378669928208824,0.34809115675734054,0.1643044574752523,0.20000000000000034,0.19999815508667065,291.09784289973754,72.77362158579062,-5.9808873542621654e-05,-4.723554880570191e-10,0.3913257746358293,0.3913289382665869,0.16779621078943863,-4.252455993411099,nan,15.735773347367674,63.549466424367566,-1.3686194558869431,nan
114.135039884,0.040852088872777775,0.18140507449174162,0.3440567662222366,0.16265169173049496,2.60115765035e-08,0.518406312835,285.56415190541964,78.97695187329064,0.21664759077822,0.21664963385713515,364.54110377871024,365.05473167678934,-0.14069887430848693,1.5865410475070545,0.2166475907771059,0.02596120573704181,0.1611248141567332,0.21664317164115493,0.025961623635902972,0.16112611096871596,0.1837851805622736,0.3480972316364386,0.16431205107416497,0.19999999999999993,0.1999981829090723,291.63354542730065,72.90755835140959,-5.980885474654585e-05,-4.876543613363538e-10,0.39111719156606256,0.3911203394701494,0.1678039657654349,-4.224371035422145,nan,15.705508073783843,63.67192931944897,-1.356352467795339,nan
114.3790214533,0.04088597520184722,0.18140008391905685,0.3440749804308014,0.16267489651174458,2.61962624239e-08,0.518220162889,286.08652808075044,79.12142266130088,0.21664759077817788,0.21664959693298672,365.2079507420513,365.72251820818093,-0.14069887428608263,1.5865410475095991,0.2166475907767465,0.025933613824660667,0.16103916860397866,0.21664320832841497,0.02593402881828448,0.1610404570854308,0.1837836771916881,0.3481032451169775,0.1643195679252894,0.20000000000000007,0.19999821682652197,292.1670118227728,73.04093891927853,-5.980869435262548e-05,-6.535438856758446e-10,0.39090929405357333,0.3909124217359844,0.16781164236261997,-4.196257193375208,nan,15.675249279176615,63.79483874163485,-1.3439198870939235,nan
114.6228186365,0.04091983592173611,0.18139512399982674,0.34409306158377473,0.162697937583948,2.63852269393e-08,0.518033365223,286.6067570158788,79.26529959869978,0.2166475907784354,0.21664956489942433,365.87205661457864,366.3875597867063,-0.14069887428157513,1.5865410475098711,0.21664759077683393,0.025906125148185043,0.1609537981788098,0.21664324020200995,0.025906537665349588,0.16095507965065778,0.18378218841486296,0.34810920022471853,0.16432701180985557,0.20000000000000015,0.19999824622778206,292.69828694791113,73.17376966666751,-5.980867721078198e-05,-6.131872787307202e-10,0.3907020643905969,0.39070517505777225,0.16781924444258145,-4.168407687171946,nan,15.645006439255368,63.91815841576576,-1.3314702502735039,nan
114.8664332913,0.040953671290458335,0.18139020347895596,0.3441110108668535,0.16272080738789751,2.65786666389e-08,0.517845923831,287.1248419336199,79.40858357643394,0.21664759077819984,0.2166495307824512,366.53342551005386,367.0498605317906,-0.14069887425879335,1.5865410475111636,0.21664759077652157,0.0258787390846935,0.16086870138312642,0.21664327436902836,0.02587914889285344,0.1608699751129882,0.18378071485832792,0.3481150944492937,0.1643343795909658,0.2,0.19999827755136326,293.2273717430422,73.30605376701168,-5.980859574261643e-05,-7.573719429387893e-10,0.3904954989406186,0.39049859081476124,0.16782676880175723,-4.139955183989891,nan,15.61478797762898,64.04185579930267,-1.3186933041761568,nan
115.1098440263,0.04098747833698611,0.18138532070685925,0.3441288260428362,0.16274350533597692,2.67766196401e-08,0.51765786068,287.64073689167657,79.5512618888315,0.2166475907782073,0.2166494962410309,367.1919987805081,367.70936171306727,-0.14069887428183048,1.5865410475122927,0.21664759077633142,0.025851457672299613,0.16078388498944668,0.2166433090526989,0.025851864707385278,0.16078515076767902,0.18377925670286197,0.3481209270702104,0.16434167036734845,0.20000000000000012,0.19999830926833645,293.7542198475454,73.43777893296267,-5.9808524577320554e-05,-8.451461752656542e-10,0.3902896141433675,0.39029268671558576,0.16783421451972202,-4.111706702020946,nan,15.584582295361564,64.16598026484353,-1.305845569687464,nan
115.3530278225,0.041021253864236114,0.18138047435165314,0.3441465048351963,0.16276603048354318,2.69790761151e-08,0.517469199347,288.1543932151521,79.69332107403787,0.21664759077824677,0.2166494627283091,367.8477142891899,368.36600110590507,-0.14069887426069183,1.5865410475116095,0.21664759077639817,0.02582428309408244,0.16069935623418793,0.21664334271645067,0.025824687442317598,0.16070061431842006,0.18377781414938033,0.34812669728447315,0.16434888313509283,0.20000000000000018,0.1999983400326471,294.27878204654854,73.56893224264144,-5.980856764287168e-05,-8.143263841020598e-10,0.39008442756464956,0.39008748146031724,0.16784158057123036,-4.083472095687973,nan,15.554408986231842,64.29045300822173,-1.2928679357372244,nan
115.5959750233,0.041054996531013896,0.181375664949433,0.3441640462654594,0.16278838131602638,2.71859933562e-08,0.517279953348,288.6657910551576,79.83475564249544,0.21664759077819815,0.21664943003345008,368.500546697653,369.0197533364457,-0.14069887427389238,1.5865410475104618,0.21664759077655438,0.02579721596575154,0.1606151174882101,0.21664337556823293,0.025797617690096482,0.16061636806408144,0.183776387431682,0.3481324041560444,0.1643560167243624,0.20000000000000004,0.19999837004557675,294.80103799721854,73.69950870043454,-5.9808639985003964e-05,-7.422285008829022e-10,0.38987994495953177,0.3898829806292731,0.16784886576158464,-4.055069791996796,nan,15.524279587851641,64.4152274082038,-1.279691941895416,nan
115.8387209959,0.04108871124943056,0.18137089259898934,0.3441814529096519,0.16281056031066257,2.73972980373e-08,0.517090101167,289.1750052084581,79.97558628034795,0.21664759077806622,0.21664939715203155,369.1505914888061,369.67071402201657,-0.1406988742904458,1.5865410475108093,0.21664759077648263,0.025770251907835356,0.16053115556749523,0.21664340824352135,0.025770651035458433,0.1605323987096014,0.18377497655429462,0.34813804766523687,0.16436307111094225,0.19999999999999996,0.1999984002297619,295.3210637471745,73.82952774163158,-5.980861808030369e-05,-7.753464537074706e-10,0.3896761343248982,0.389679151949788,0.16785607006605532,-4.02663559774163,nan,15.49418904414463,64.54032522456589,-1.2663936691822486,nan
116.0813116903,0.04112240440143056,0.18136615472101444,0.3441987271847793,0.16283257246376484,2.7612763484e-08,0.516899612403,289.6821316083935,80.11583951955626,0.21664759077825296,0.21664936621479772,369.7979711279497,370.31900580059147,-0.14069887434358108,1.5865410475097874,0.21664759077654228,0.025743385420211838,0.16044745376668287,0.21664343924551382,0.02574378207772194,0.16044868985978644,0.1837735812648992,0.34814362882311284,0.16437004755821363,0.2000000000000003,0.19999842862539263,295.8389579935015,73.95901313444826,-5.980868248434135e-05,-7.478129226967667e-10,0.3894729551098649,0.38947595562388254,0.16786319477487271,-3.9980136397600936,nan,15.464140962135609,64.66573231895187,-1.2529180816471435,nan
116.3237715611,0.04115607938348611,0.18136145350603386,0.3442158709103656,0.16285441740433174,2.78321768096e-08,0.516708473339,290.18722022742907,80.25552918045102,0.21664759077814957,0.21664933489188604,370.44274940788006,370.9646925544647,-0.14069887432965889,1.5865410475094535,0.2166475907766093,0.02571661340927433,0.16036400284750418,0.21664347068426254,0.025717007545307535,0.16036523172217704,0.18377220176667883,0.3481491468163323,0.16437694504965347,0.19999999999999982,0.19999845737717137,296.354770979746,74.08797842813408,-5.9808703534169894e-05,-7.168710070004636e-10,0.3892703848892965,0.3892733678811692,0.16787023884991087,-3.9691658663566214,nan,15.434147978528909,64.79139641469953,-1.2392185465285428,nan
116.5660294262,0.041189726309194444,0.18135678961904195,0.34423287868439834,0.1628760890653564,2.80552082057e-08,0.516516745847,290.6901222141885,80.39461409602157,0.2166475907777983,0.21664930363726378,371.08473631020996,371.60758399763387,-0.14069887428003192,1.5865410475092057,0.21664759077665965,0.025689943315879274,0.1602808264137644,0.2166435019103614,0.025690334950023444,0.16028204812150187,0.18377083858519447,0.34815459954252154,0.16438376095732707,0.2000000000000001,0.1999984860652231,296.8683508462554,74.21638546395452,-5.980871915500785e-05,-6.936340390950591e-10,0.38906848095948254,0.38907144655421094,0.16787719960738692,-3.940760409685334,nan,15.40420766405323,64.9173279021399,-1.2255430584076181,nan
116.808069291,0.04122334295708333,0.18135215745022307,0.3442497483361058,0.1628975908858827,2.82815198475e-08,0.516324448615,291.1908048267391,80.53308521143325,0.21664759077809953,0.21664927724139102,371.7238900381724,372.2476382748259,-0.14069887429799532,1.586541047509233,0.21664759077665066,0.025663376459989708,0.16019792901279875,0.2166435280592062,0.025663766071659752,0.16019914504035204,0.18376949159186026,0.3481599875158121,0.16439049592395186,0.20000000000000004,0.19999851026841878,297.37966579935636,74.34422423881598,-5.980871743416216e-05,-6.977862732071571e-10,0.3888672543587042,0.38887020616525414,0.16788407770367716,-3.912321068690324,nan,15.374333973945152,65.04346800939135,-1.2117684322234559,nan
117.0498659763,0.04125692583004167,0.18134756302424662,0.3442664788366204,0.1629189158123738,2.85107588895e-08,0.516131608207,291.68921696878544,80.67092839479871,0.21664759077808685,0.21664925162456844,372.36014536358414,372.8847900656618,-0.14069887430517847,1.5865410475097017,0.2166475907765765,0.02563691509997229,0.16011531813031596,0.21664355362717486,0.02563730272980614,0.16011652859653852,0.18376816131369245,0.34816530862810896,0.16439714731441651,0.2000000000000002,0.19999853374955398,297.8886622640965,74.47148309948761,-5.980868789112748e-05,-7.320144490563507e-10,0.3886667232579016,0.38866966156478006,0.16789087044766962,-3.883014105131529,nan,15.344519959250547,65.16984582480492,-1.1975931519188059,nan
117.2914356008,0.04129047716677778,0.18134301054520305,0.344283071612709,0.16294006106750594,2.87425686928e-08,0.515938218373,292.185393029145,80.80815315704415,0.2166475907781705,0.2166492229619391,372.9935461861892,373.5190833317393,-0.1406988743017923,1.5865410475099428,0.21664759077657297,0.025610557034963927,0.16003298733374918,0.2166435822167253,0.025610942386617035,0.16003419130491156,0.1837668481037757,0.34817056146776876,0.16440371336399306,0.2,0.19999856004329694,298.3953740435084,74.5981721426808,-5.980867269217427e-05,-7.336464769025497e-10,0.38846687204254954,0.38846979458320535,0.16789757603713282,-3.8535923752725503,nan,15.314725758796495,65.29663121297608,-1.1832516502753416,nan
117.5328501549,0.04132400696595834,0.18133849453880396,0.3442995308812425,0.16296103634243853,2.89766758586e-08,0.515744227507,292.67948114375736,80.94480046723879,0.21664759077814846,0.21664919473078764,373.62428161099615,374.1507074444459,-0.14069887427059502,1.5865410475097363,0.21664759077655132,0.025584294074632266,0.1599509114529588,0.21664361045310324,0.025584677171671774,0.15995210899413542,0.1837655514427036,0.3481757481119426,0.16441019666923898,0.20000000000000015,0.19999858594261322,298.89995361497216,74.72432799602393,-5.980868570398812e-05,-7.436384841241761e-10,0.388267639614211,0.3882705465466069,0.16790419712380553,-3.8244146567318515,nan,15.284969564281923,65.4237481988064,-1.1688825796402984,nan
117.7738991855,0.04135748599798611,0.18133401921279146,0.3443158422083618,0.16298182299557035,2.92125669067e-08,0.515549811677,293.1710524577401,81.08075171936368,0.21664759077819856,0.216649166721968,374.2518041771038,374.77911417175284,-0.14069887427275996,1.5865410475098733,0.21664759077653614,0.025558148635004954,0.15986916098799342,0.21664363850542198,0.02555852948429098,0.15987035211161255,0.18376427260372954,0.3481808634677661,0.16441659086403657,0.2000000000000003,0.19999861163448007,299.4019629399837,74.84984123712006,-5.9808677066452987e-05,-7.506439914095608e-10,0.38806919710593674,0.3880720884602414,0.1679107272062791,-3.795155361552452,nan,15.255269414625698,65.55112026020787,-1.1543736012279984,nan
118.0145795265,0.041390913823125,0.1813295845066412,0.3443320054819486,0.1630024209753074,2.94499694094e-08,0.515354981257,293.66010480804823,81.21600631513611,0.21664759077819312,0.2166491390031219,374.8761111231844,375.40430074825485,-0.14069887425841587,1.5865410475104984,0.21664759077646292,0.025532120481772752,0.15978773570513086,0.21664366630195608,0.02553249909897884,0.1597889204512592,0.18376301168347015,0.3481859071484339,0.16442289546496375,0.19999999999999998,0.1999986370572417,299.9013998332284,74.97471128995595,-5.980863767574007e-05,-7.844391802791506e-10,0.38787154395038553,0.38787441982385756,0.16791716579085783,-3.7658279234915932,nan,15.22562069674438,65.6787673827856,-1.139734548344425,nan
118.2551436261,0.041424325503625,0.1813251859061272,0.34434803758030885,0.16302285167418165,2.96891245885e-08,0.515159538553,294.1471527809002,81.35070657097076,0.21664759077824397,0.21664911144052204,375.497859351871,376.0269250019667,-0.14069887418113325,1.5865410475128654,0.2166475907765162,0.02550618186455377,0.1597065492224842,0.21664369396313723,0.025506558254731845,0.15970772759867272,0.1837617674803353,0.3481908839612384,0.16442911648090308,0.19999999999999982,0.19999866233457742,300.39878977199953,75.0990695798715,-5.9808488483970024e-05,-7.598477402837034e-10,0.38767447046265446,0.38767733087362316,0.16792351901412347,-3.736417470979627,nan,15.196004639178874,65.80677117074345,-1.124953263018721,nan
118.4957791293,0.041457747101291666,0.18132081995654464,0.3443639504947289,0.16304313053818426,2.99304690531e-08,0.514963335938,294.63257311706343,81.4849566799972,0.21664759077824294,0.21664908412826883,376.1175297970606,376.64746854526555,-0.14069887426874095,1.5865410475114432,0.21664759077632373,0.025480312333773805,0.15962553784959913,0.21664372138058496,0.025480686512314214,0.15962670989628963,0.18376053918585392,0.3481957971382037,0.16443525795234978,0.19999999999999965,0.19999868738236448,300.89451753615117,75.22301226090948,-5.980857812337703e-05,-8.486877867142084e-10,0.38747782203942094,0.38748066708605544,0.1679297910024387,-3.7069251490561768,nan,15.166403188761823,65.93521137173721,-1.1100325694735453,nan
118.7365143087,0.041491182542874996,0.1813164862883115,0.34437974558145135,0.16306325929313983,3.01742629681e-08,0.514766354433,295.1164173502438,81.61877089463181,0.21664759077822082,0.21664905707048046,376.73518824487564,377.2659972561035,-0.14069887429254413,1.586541047511664,0.21664759077624485,0.025454508719779514,0.15954469191978626,0.21664374855861435,0.025454880699634412,0.15954585766993268,0.1837593268177474,0.34820064661023703,0.16444131979248963,0.20000000000000018,0.19999871219694026,301.3886357566286,75.34655248824699,-5.9808564212282533e-05,-8.851031019219135e-10,0.3872815752155941,0.38728440497788735,0.1679359816671444,-3.6773496913518944,nan,15.136819462468111,66.0640765703462,-1.0949821358256666,nan
118.9772352969,0.04152461601345833,0.18131218710860744,0.3443954149432585,0.16308322783465104,3.0420729433e-08,0.514568691775,295.59845211931224,81.7520846754268,0.2166475907781631,0.2166490302917112,377.35053679473907,377.8822128142992,-0.1406988742868931,1.5865410475125667,0.21664759077611306,0.025428783048241484,0.15946404939120756,0.2166437755153109,0.025429152840529823,0.15946520887180948,0.18375813109887504,0.348205429485063,0.16444729838618796,0.2,0.19999873675172436,301.88090612320616,75.46963067153288,-5.980850730225029e-05,-9.459322214411259e-10,0.38708582213147996,0.3870886366749713,0.167942087316278,-3.647694791282647,nan,15.10726183978053,66.19333209455561,-1.07980349242215,nan
119.2178239216,0.04155803110022223,0.18130792460072756,0.34441095059834737,0.1631030259976198,3.06702374678e-08,0.51437045061,296.07843891449045,81.88483205907745,0.21664759077821588,0.21664900383112715,377.9632709735679,378.49581031802546,-0.1406988743178128,1.586541047513841,0.21664759077591894,0.025403147658241233,0.15938364928135268,0.21664380223174917,0.02540351527579463,0.15938480252456516,0.18375695274812728,0.3482101428870863,0.164453190138959,0.19999999999999973,0.1999987610100303,302.3710850715559,75.59218590201192,-5.980842698871669e-05,-1.035527219528376e-09,0.3868906574988154,0.3868934569015586,0.16794810427896473,-3.617977574563381,nan,15.077738261179137,66.3229446404912,-1.0644959752441243,nan
119.4582252473,0.04159142017323611,0.18130369967084176,0.3444263488252884,0.16312264915444663,3.09232540107e-08,0.514171682547,296.556268248667,82.01698276522552,0.21664759077818666,0.2166489777070707,378.5732510138925,379.10664980260054,-0.1406988743103743,1.586541047514748,0.21664759077577414,0.025377608041783732,0.15930350919481884,0.21664382861150785,0.025377973508324242,0.1593046562669285,0.18375579215514715,0.3482147852582853,0.16445899310313816,0.19999999999999998,0.19999878496077073,302.85906079246513,75.71419022142737,-5.980836982333315e-05,-1.1023737478410567e-09,0.38669612405130754,0.38669890847420774,0.16795403056614872,-3.5882058147857014,nan,15.048255326737065,66.45288628398302,-1.0490536094886633,nan
119.6984655476,0.04162478688161111,0.18129951174337072,0.34444161105638427,0.16314209931301354,3.1180317768e-08,0.513972372343,297.03199283869503,82.14855137354157,0.21664759077818355,0.21664895198921383,379.18054421223667,379.71479865947674,-0.14069887429360994,1.586541047515704,0.21664759077566506,0.025352161021838848,0.15922361954759995,0.2166438545140303,0.02535252437491553,0.15922476055851217,0.18375464932289812,0.3482193565867315,0.16446470726383336,0.19999999999999987,0.19999880854053162,303.34488714803894,75.8356570641977,-5.9808309560427375e-05,-1.1527223620078075e-09,0.38650219852457235,0.3865049682344159,0.16795986616262143,-3.558359203623834,nan,15.018819433154377,66.58312954961545,-1.0334667937723798,nan
119.9384740199,0.04165812139165278,0.1812953622289816,0.34445673263262117,0.16316137040363957,3.14417892082e-08,0.513772585522,297.5054735366381,82.27949940057154,0.21664759077809778,0.21664892657858778,379.78497293720966,380.32007900710397,-0.14069887429853933,1.5865410475158057,0.2166475907756228,0.025326813709924026,0.15914400305988294,0.2166438800349835,0.02532717497866893,0.15914513809309078,0.18375352473023185,0.3482238549571892,0.16447033022695737,0.19999999999999973,0.1999988318407342,303.82842199910294,75.95655093810679,-5.980830315444052e-05,-1.1722289805504715e-09,0.3863089360699889,0.3863116912694483,0.16796560862341717,-3.5284074095364897,nan,14.989458241291912,66.71355187776366,-1.0177477369113097,nan
120.1778037096,0.04169136162633333,0.18129125949995828,0.3444716858539686,0.1631804263540103,3.17074386036e-08,0.513572703263,297.9758355034964,82.40958489698063,0.2166475907783696,0.21664890122472127,380.38542040047713,380.9213724834815,-0.1406988742874038,1.5865410475164292,0.21664759077550974,0.02530161265741241,0.15906480647023216,0.2166439057317422,0.025301971812704355,0.15906593542523287,0.1837524205433668,0.34822827170408066,0.16447585116071387,0.1999999999999998,0.19999885508183865,304.30877183055776,76.07664856991929,-5.980826385254545e-05,-1.2244094627078539e-09,0.3861166928833144,0.3861194333284275,0.16797124688654524,-3.4983681831368205,nan,14.96017336057265,66.8441451778552,-1.001910946083611,nan
120.4167222779,0.04172454476081945,0.18128719877791608,0.3444864879496446,0.16319928917172852,3.19787285606e-08,0.513372511479,298.44361374740174,82.53895582672142,0.21664759077819912,0.2166488758237609,380.9825695741232,381.51936302309656,-0.1406988742904014,1.5865410475173274,0.21664759077538853,0.025276528925913824,0.15898593939689706,0.2166439315936852,0.025276885942072322,0.1589870621845448,0.18375133554716674,0.3482326116882706,0.16448127614110383,0.19999999999999993,0.1999988783615909,304.7864829839818,76.1960865901414,-5.9808207242273426e-05,-1.2803536009187155e-09,0.3859252495703071,0.38592797504467974,0.16797678715713213,-3.468326412780067,nan,14.930963671290321,66.97491347613605,-0.9859741457168558,nan
120.6556161282,0.04175772446225,0.18128317317783024,0.34450116276316184,0.1632179895853316,3.22568657975e-08,0.513171693196,298.9095665427441,82.66782190200348,0.2166475907782303,0.21664885048994806,381.5773884447475,382.11501997705443,-0.14069887447480944,1.5865410475159818,0.21664759077510629,0.025251521540040865,0.15890727340194616,0.2166439573931569,0.025251876414292766,0.1589083900059804,0.18375026807443462,0.34823688157779187,0.16448661350335725,0.19999999999999982,0.19999890158074043,305.2623298877505,76.31505855699703,-5.980829205221028e-05,-1.4106382728584776e-09,0.3857342943584859,0.385737004822647,0.16798223794754583,-3.4382596134866716,nan,14.901789595223656,67.10603405113984,-0.9699183703963887,nan
120.8946811831,0.041790927942097225,0.181279179282202,0.34451572173706896,0.16323654245486696,3.25421840162e-08,0.51297008834,299.374071322165,82.79628750719195,0.21664759077812562,0.21664882539421765,382.1703588293569,382.7088258392064,-0.1406988743122728,1.586541047519174,0.21664759077508292,0.025226569852707645,0.15882874378621661,0.21664398293200002,0.025226922603213388,0.15882985425672777,0.18374921741160022,0.3482410842290107,0.16449186681741046,0.2000000000000003,0.1999989245830701,305.7366980559595,76.43366077339739,-5.9808090857593754e-05,-1.4214296406578342e-09,0.3855436701959716,0.3855463657715115,0.16798760290359,-3.4081091757435815,nan,14.872626236221636,67.23762058677595,-0.953707459446723,nan
121.133865649,0.04182414800680555,0.18127521808345895,0.3445301609262896,0.16325494284283062,3.28347459122e-08,0.512767744854,299.8370211699312,82.9243230732836,0.21664759077811083,0.21664880050685545,382.76134424321475,383.30064393450874,-0.14069887432439643,1.5865410475197643,0.21664759077496323,0.025201679215031858,0.15875036760597394,0.2166440081329758,0.025202029866504785,0.15875147201366288,0.18374818400795978,0.34824521784297696,0.16449703383501718,0.20000000000000012,0.19999894739998042,306.20947828917025,76.5518659540445,-5.980805364291797e-05,-1.4766632361329357e-09,0.3853534184854413,0.3853560993439806,0.16799287972923924,-3.377846484870932,nan,14.843474194573243,67.36967281996547,-0.9373421601134789,nan
121.3729767432,0.041857357881,0.18127129312230247,0.34454446835693137,0.1632731752346289,3.31343731142e-08,0.512564831183,300.2980394532152,83.05182443698403,0.21664759077825602,0.21664877587152884,383.3498638901993,383.889992788494,-0.14069887427160532,1.586541047521046,0.21664759077486062,0.025176869502809167,0.15867220772022164,0.21664403317559958,0.02517721805963527,0.15867330607142233,0.18374716884542439,0.34824927849260534,0.16450210964718096,0.19999999999999973,0.19999896998246566,306.68028596924097,76.66957792095826,-5.980797285198847e-05,-1.5240253503634449e-09,0.38516369181193943,0.3851663579688532,0.16799806341117243,-3.347512886811554,nan,14.814360773012147,67.50206879136735,-0.9208592709938189,nan
121.6118236017,0.04189053105579167,0.18126740751829154,0.3445586325974224,0.16329122507913088,3.34409158459e-08,0.512361516139,300.7567590396623,83.17869006216078,0.21664759077795145,0.21664875151780216,383.9354491018231,384.4764030728479,-0.14069887428755923,1.5865410475202348,0.2166475907749436,0.02515216013559437,0.15859432567275025,0.21664405802686465,0.02515250660873402,0.1585954179941338,0.18374617282395747,0.34825326257889067,0.1645070897549332,0.19999999999999976,0.19999899230321327,307.1487461719768,76.78670292984624,-5.980802397775875e-05,-1.485722656013877e-09,0.38497463956793937,0.3849772910879695,0.16800314935481017,-3.3171288837392314,nan,14.785305698472776,67.63471925394775,-0.9042581243661512,nan
121.8503260289,0.041923656392902776,0.18126356264227142,0.3445726489779756,0.1633090863357042,3.3754341475e-08,0.512157875861,301.21302987706594,83.3048784501469,0.216647590778157,0.21664872727406131,384.5179083272128,385.0596829663813,-0.140698874261469,1.5865410475204107,0.21664759077489307,0.025127558916251243,0.15851674648519393,0.21664408274908323,0.025127903309556707,0.1585178327809105,0.18374519637418832,0.34825716837771015,0.16451197200352183,0.20000000000000023,0.19999901452460767,307.61470559470683,76.90320273250599,-5.9808012897732965e-05,-1.5090595439914978e-09,0.38478632249139344,0.3847889593846142,0.16800813535960818,-3.2866812550092313,nan,14.756308403713806,67.76762674249369,-0.8875309220497994,nan
122.0885356676,0.041956741064944444,0.18125975774923286,0.34458652069372414,0.16332676294449128,3.40748418136e-08,0.511953874217,301.6669551111898,83.43041812703282,0.21664759077809254,0.21664870309721065,385.0973732382226,385.63996432671337,-0.14069887425647298,1.5865410475220394,0.21664759077474605,0.025103060031482008,0.15843945225694897,0.2166441074507416,0.025103402338574388,0.15844053249902434,0.18374423936676457,0.3482609964066674,0.16451675703990284,0.20000000000000026,0.19999903668519736,308.0782695605782,77.01910367764442,-5.980791024651211e-05,-1.5769163752565873e-09,0.3845986971300631,0.3846013193285694,0.16801302208627136,-3.256183284182846,nan,14.727369454606372,67.90078860194708,-0.8706847698858504,nan
122.3265800593,0.04198980278601389,0.18125599070062198,0.3446002551161618,0.16334426441553984,3.44026591881e-08,0.511749409231,302.11878017471395,83.55537697106755,0.21664759077825466,0.21664867910049201,385.6741571457815,386.2175609063191,-0.1406988742983062,1.5865410475213113,0.21664759077469142,0.025078649932350254,0.158362400627012,0.2166441320536949,0.025078990154165273,0.15836347481084542,0.18374330138310183,0.3482647483410516,0.16452144695794976,0.1999999999999996,0.1999990586792713,308.53968875970384,77.13446838607766,-5.9807956132029716e-05,-1.6021295401458246e-09,0.3844116606561081,0.3844142681487319,0.16801781167317167,-3.2256216494322354,nan,14.698489970098686,68.03419956977295,-0.8537095040833851,nan
122.5645524416,0.04202285450577777,0.18125226015596985,0.3446138573813324,0.16336159722536253,3.47380593926e-08,0.511544407305,302.5686820048259,83.67980391658111,0.2166475907781502,0.21664865517553522,386.24848592140705,386.7926988945688,-0.14069887428512784,1.586541047521457,0.2166475907746678,0.02505431872387729,0.1582855606929365,0.21664415662051484,0.025054656854286386,0.158286628791842,0.1837423821940823,0.3482684250970063,0.164526042902924,0.2000000000000004,0.1999990806062839,308.9991438515565,77.2493420698506,-5.98079469504853e-05,-1.6130319302476437e-09,0.38422513805638925,0.3842277307783526,0.1680225052899093,-3.195001383939811,nan,14.669661469216107,68.16789890472069,-0.8366017862581495,nan
122.8024698829,0.04205589859484722,0.18124856562618813,0.34462732810534935,0.16337876247916122,3.50818276098e-08,0.511338859853,303.01669164457576,83.80370754908485,0.21664759077798465,0.21664863157638403,386.82039919366065,387.36541797604184,-0.14069887426423344,1.5865410475213166,0.21664759077459628,0.02503006438083044,0.1582089263626754,0.21664418090158707,0.02503040043916329,0.15820998843045053,0.183741481861336,0.348272026427642,0.164530544566306,0.19999999999999998,0.19999910223329248,309.45666662940465,77.36373256425593,-5.980795579896281e-05,-1.6460499629999958e-09,0.38403911454296497,0.38404169262485705,0.16802710262140816,-3.1643306494305192,nan,14.640882041980325,68.3018958238079,-0.8193662023700777,nan
123.0402801581,0.042088927799736116,0.18124490802324833,0.34464066409446426,0.16339575607121593,3.54355662278e-08,0.51113281833,303.4627099721262,83.9270604551951,0.21664759077818954,0.21664860824599944,387.3897704273213,387.93559143737707,-0.14069887427274885,1.5865410475214263,0.21664759077462395,0.02500589192777833,0.15813251382235827,0.21664420491945857,0.02500622593165476,0.15813356990738797,0.1837406007162644,0.34827555100805746,0.16453495029179305,0.20000000000000015,0.1999991236138029,309.91215584490476,77.47761458241658,-5.9807948882273365e-05,-1.6332712959865603e-09,0.3838536294063293,0.3838561929656004,0.16803160197616615,-3.133593401758519,nan,14.612155692830413,68.4361719804737,-0.8020014987475134,nan
123.2779134666,0.04212193242591667,0.18124128845665183,0.3446538612864058,0.16341257282975397,3.5799621834e-08,0.510926350023,303.9066067242852,84.0498266084299,0.21664759077818402,0.216648585196433,387.95643333271516,388.50305275463256,-0.14069887431815697,1.5865410475213253,0.2166475907746043,0.024981808109051977,0.15805634472887184,0.21664422866308214,0.02498214007703594,0.15805739488247914,0.18373973913295746,0.3482789973411915,0.16453925820823403,0.20000000000000023,0.1999991447363686,310.36547847120016,77.59095486151503,-5.9807955254953526e-05,-1.6423418180977478e-09,0.3836687352167877,0.3836712843780204,0.16803600144326708,-3.102780108566114,nan,14.58348982127293,68.57069276664495,-0.7845078702516594,nan
123.5153302863,0.04215490698420833,0.18123770774073583,0.34466691743576655,0.16342920969503072,3.61743987471e-08,0.510719496499,304.34831001093454,84.17198612660388,0.2166475907781315,0.21664856232498167,388.5202961375384,389.0677100259524,-0.1406988743366866,1.5865410475210084,0.21664759077455953,0.02495781652432965,0.1579804308271428,0.21664425228393822,0.024958146459150884,0.15798147505056054,0.1837388973671695,0.348282364404119,0.16454346703694953,0.20000000000000012,0.19999916569431936,310.8165610547208,77.70373508281757,-5.980797522786574e-05,-1.663003068586022e-09,0.3834844604841807,0.38348699525036756,0.1680402997168573,-3.0718872909187214,nan,14.554889684146906,68.70543313627404,-0.7668867050313015,nan
123.752538893,0.04218785262402778,0.18123416585959098,0.34467983299104166,0.16344566713145067,3.65604115143e-08,0.510512257873,304.7878375716692,84.29354391592422,0.2166475907781573,0.21664853956013286,389.0813814875934,389.62958592877055,-0.14069887425782746,1.586541047521684,0.2166475907745487,0.02493391592269733,0.15790476852425112,0.21664427586674978,0.024934243818346642,0.15790580679109506,0.18373807548958002,0.34828565191442173,0.16454757642484172,0.20000000000000023,0.19999918655287413,311.2654216872062,77.81595980038718,-5.9807932650812745e-05,-1.6680101744270814e-09,0.38330079648699134,0.3833033167940868,0.16804449643633507,-3.040948787835499,nan,14.526353079429159,68.84040299255186,-0.7491534670053586,nan
123.9895725243,0.042220773961708334,0.18123066223310985,0.34469260976776156,0.1634619475346517,3.69585445771e-08,0.510304612269,305.2252529176888,84.41451754132521,0.21664759077822296,0.21664851695443885,389.639770459014,390.1887616541695,-0.14069887426487737,1.5865410475217407,0.216647590774504,0.024910102566252958,0.1578293463404476,0.2166442993504095,0.024910428422772322,0.15783037864356889,0.18373727346486485,0.3482888600130617,0.16455158654819685,0.20000000000000018,0.19999920726369963,311.7121252488014,77.9276452102127,-5.9807929064792376e-05,-1.688649220454863e-09,0.38311771535907574,0.3831202211897265,0.16804859178173306,-3.0099910991078787,nan,14.497875324454535,68.9756241946179,-0.7313205787699483,nan
124.2264562739,0.04225367448248611,0.18122719634819967,0.3447052490676326,0.16347805271943294,3.73698532501e-08,0.510096544681,305.66060367253004,84.53492017362716,0.2166475907779937,0.21664849460233093,390.1955238461572,390.7452980819665,-0.14069887430712136,1.5865410475213713,0.21664759077444415,0.024886373575866795,0.15775415549476596,0.21664432261494315,0.024886697405341267,0.15775518186526002,0.18373649128997088,0.3482919887123358,0.16455549742236492,0.20000000000000034,0.19999922774036413,312.1567204091789,78.03880343697827,-5.980795235727143e-05,-1.7162604670772907e-09,0.38293519578536267,0.3829376872150504,0.16805258576872745,-2.979003364172553,nan,14.469451044302549,69.11112224908887,-0.7133850343488817,nan
124.4631996487,0.042286555506763884,0.18122376811047858,0.3447177513501466,0.16349398323966802,3.77952075206e-08,0.509888053651,306.09390828205176,84.65475691462743,0.21664759077812165,0.21664847250289113,390.7486651966792,391.29921879254795,-0.14069887427008432,1.5865410475216155,0.21664759077445545,0.024862727663646722,0.15767919223425367,0.21664434568607088,0.024863049475553095,0.15768021269504012,0.18373572902736596,0.3482950377628131,0.16455930873544716,0.19999999999999984,0.1999992479852616,312.5992260060986,78.14943919058061,-5.980793695847808e-05,-1.7110535210917988e-09,0.38275322865586964,0.38275570574022977,0.1680564780787911,-2.947973730001474,nan,14.441078810798512,69.24690413379896,-0.6953416978725109,nan
124.6997946674,0.042319415926027774,0.181220377612634,0.3447301161108472,0.1635097384982132,3.82352985731e-08,0.509679153131,306.525153143066,84.77402400194752,0.21664759077816995,0.21664845068396504,391.2991771450136,391.85050639645516,-0.14069887430073758,1.5865410475225692,0.21664759077428378,0.02483916528887399,0.15760445834072712,0.21664436852704105,0.024839485097189154,0.15760547292904886,0.183734986798002,0.3482980066794096,0.1645630198814076,0.2000000000000002,0.19999926797294482,313.03962815759525,78.25954898741837,-5.980787685100353e-05,-1.7902901383592962e-09,0.38257181829580883,0.38257428112524544,0.1680602680930087,-2.916915443341053,nan,14.412757162170424,69.38297709092946,-0.6771939990804947,nan
124.9362488082,0.042352256778916665,0.1812170246340044,0.34474234368972745,0.16352531905572304,3.86907194573e-08,0.509469843443,306.9543529451679,84.89272549820394,0.21664759077812623,0.21664842920099048,391.8470784433718,392.3991796718589,-0.14069887428123096,1.5865410475219182,0.2166475907743348,0.024815685376092717,0.15752995072713225,0.21664439103865088,0.02481600320452112,0.15753095951120566,0.18373426466342194,0.34830089521798524,0.1645666305545633,0.20000000000000018,0.1999992876515906,313.4779418863405,78.36913655703131,-5.980791788484652e-05,-1.7667423080069966e-09,0.38239095721161126,0.38239340595171395,0.16806395549920106,-2.8858263734784875,nan,14.384485069166937,69.51934637851545,-0.658942107145153,nan
125.1725794401,0.042385080477791666,0.18121370897611352,0.3447544349326314,0.1635407259565179,3.91619939355e-08,0.509260116084,307.38154003923904,85.0108703505846,0.21664759077814538,0.21664840800215973,392.39241038982357,392.94527997531617,-0.1406988742878701,1.5865410475220039,0.21664759077428658,0.024792285877676852,0.15745566321246388,0.21664441324870204,0.024792601747458343,0.15745666625284033,0.18373356266718785,0.34830370320268067,0.16457014053549282,0.19999999999999987,0.19999930706945515,313.91420021254555,78.47821017727799,-5.980791247806039e-05,-1.7889911774204847e-09,0.3822106303993969,0.38221306519714915,0.16806754007328364,-2.85471643837311,nan,14.356263650816908,69.65600690560579,-0.640594238382307,nan
125.4087767754,0.04241788566325,0.1812104306059328,0.3447663893036176,0.16355595869768477,3.96494431048e-08,0.509049986588,307.8066975174161,85.12845388292726,0.21664759077813792,0.21664838721936577,392.93515140034344,393.4887856922973,-0.14069887429697392,1.5865410475220194,0.2166475907742543,0.02476896744570327,0.15738159818003905,0.2166444350151952,0.02476928139027526,0.15738259557611592,0.1837328809091427,0.3483064302347015,0.1645735493255588,0.20000000000000015,0.19999932610291074,314.34838591812957,78.58676548221389,-5.9807911501064126e-05,-1.8038903704109543e-09,0.3820308436444712,0.38203326474115196,0.16807102130602214,-2.8236216782011896,nan,14.328089347842887,69.79297628057793,-0.6221667703884814,nan
125.6448044075,0.04245066727881945,0.18120718976494732,0.34477820501139045,0.16357101524644313,4.01533492988e-08,0.508839494347,308.229761202282,85.24545834611475,0.2166475907782795,0.2166483669891283,393.4752195483968,394.0296147807498,-0.14069887428675987,1.5865410475219517,0.21664759077420773,0.024745733352948295,0.15730776634657392,0.21664445613924718,0.024746045430892274,0.15730875827776492,0.18373221955223892,0.34830907566208297,0.16457685610984404,0.20000000000000015,0.1999993446274553,314.7804335115734,78.69478603682346,-5.980791576432054e-05,-1.8253953903979436e-09,0.38185162296077835,0.38185403079189956,0.16807439836518104,-2.792537187839828,nan,14.299966652485013,69.93023300695756,-0.6036583209259394,nan
125.8806107752,0.04248341816322222,0.18120398707765084,0.3447898795724847,0.16358589249483385,4.06737461273e-08,0.508628692651,308.6506410744321,85.36185884371157,0.21664759077807316,0.21664834732436172,394.0124999181436,394.56765216321975,-0.14069887433307837,1.586541047522507,0.21664759077408852,0.02472258830056525,0.15723418299010317,0.21664447657193694,0.024722898576376606,0.15723516965480913,0.18373157880235128,0.34831163866103937,0.1645800598586881,0.20000000000000023,0.19999936263088108,315.2102510659148,78.80224885222881,-5.9807880770090804e-05,-1.8804180434983664e-09,0.3816730054344869,0.3816754004816502,0.16807767019921777,-2.761348954244546,nan,14.27190531940831,70.06772940401333,-0.5850423276983089,nan
126.1161987546,0.04251613871591667,0.18120082356366995,0.3448014134029231,0.16360058983925313,4.12105279212e-08,0.508417586461,309.0693452673904,85.4776576254842,0.21664759077815793,0.2166483275834341,394.5470028928746,395.1029082370968,-0.14069887430152583,1.5865410475237944,0.21664759077394044,0.024699531604443055,0.15716084628317276,0.21664449720222984,0.024699840048531714,0.15716182758078284,0.18373095875186451,0.34831411886224534,0.16458316011038082,0.20000000000000012,0.19999938070565146,315.63784665502885,78.9091562378458,-5.9807799623889935e-05,-1.948763372894291e-09,0.38149498662960296,0.3814973686485839,0.16808083633661006,-2.7300803147784145,nan,14.243903264648916,70.20547538270915,-0.5663300521793541,nan
126.3516408596,0.042548839008277786,0.1811976978871194,0.3448128101123817,0.1636151122252623,4.17635260591e-08,0.508206117964,309.48600484528055,85.59289093898916,0.21664759077823945,0.21664830799812543,395.07889578426966,395.6355505507073,-0.140698874421874,1.5865410475229087,0.21664759077368004,0.02467655581093728,0.15708773284676714,0.21664451776563382,0.024676862420045263,0.15708870876051298,0.1837303592480007,0.34831651687640236,0.16458615762840165,0.2000000000000001,0.19999939863586563,316.0633542136939,79.01554157057576,-5.980785544590361e-05,-2.0689672197704567e-09,0.3813175097954954,0.3813198787455901,0.1680838975570626,-2.698860847871854,nan,14.215954272940126,70.34350144917717,-0.5475497886687835,nan
126.5869706987,0.042581523708152776,0.18119460913345686,0.344824071297476,0.16362946216401913,4.23323519498e-08,0.507994263838,309.9006803104397,85.70757551696501,0.21664759077817972,0.21664828878569609,395.6082558274047,396.16565644632624,-0.1406988742844284,1.5865410475236885,0.21664759077384557,0.024653657332056718,0.157014831567138,0.21664453789161978,0.024653962143887494,0.15701580221075678,0.18372978026459932,0.3483188328108316,0.16458905254623227,0.1999999999999999,0.199999416222009,316.4868356093166,79.12142021808813,-5.980780629633031e-05,-1.992550568985507e-09,0.3811405479544571,0.3811429041117533,0.1680868539968938,-2.667731387786839,nan,14.18805729020684,70.48181294631786,-0.5287059940463172,nan
126.822168848,0.04261419011777778,0.18119155668534231,0.34483519592598244,0.16364363924064013,4.29162806598e-08,0.507782048373,310.3133383401187,85.82170214361157,0.21664759077816637,0.2166482705154358,396.13504048373034,396.6931833271876,-0.14069887432296424,1.5865410475250405,0.21664759077366177,0.024630837748113338,0.15694214777462853,0.2166445568729988,0.024631140879551545,0.15694311351426524,0.18372922188784013,0.34832106631694687,0.16459184442910674,0.19999999999999993,0.19999943294200626,316.90825701852566,79.22678346520476,-5.980772107561094e-05,-2.0773938125273617e-09,0.3809641140454565,0.38096645829874076,0.1680897052120982,-2.6363972829463735,nan,14.16021772415631,70.62038306756203,-0.509710661072805,nan
127.0572381094,0.04264683862630556,0.18118854342490645,0.3448461843657648,0.16365764094085836,4.35144322359e-08,0.507569476276,310.7239849878567,85.93527249310628,0.21664759077816456,0.2166482512127895,396.65925748096294,397.21813893094696,-0.14069887429817296,1.5865410475254953,0.21664759077358148,0.02460809645629289,0.1568696798501638,0.21664457704718248,0.024608397779372328,0.15687064027208,0.18372868435588727,0.34832321644435527,0.164594532088468,0.20000000000000007,0.19999945061657645,317.32762390279123,79.33163357817173,-5.980769242075468e-05,-2.1144530570893494e-09,0.3807882041383227,0.38079053548327924,0.16809244998885986,-2.6049112695847803,nan,14.132440997089967,70.75918450364743,-0.4905768194452641,nan
127.2921688606,0.042679467897305555,0.18118556790422694,0.3448570359373149,0.163671468033088,4.41258965107e-08,0.507356563109,311.13260470015837,86.04828226386005,0.21664759077809143,0.21664823197973282,397.18088696401844,397.74050337487853,-0.14069887429408734,1.5865410475248904,0.21664759077356227,0.024585434058807004,0.1567974300133998,0.21664459713270787,0.024585733573905533,0.15679838511255634,0.18372816770073702,0.3483252830648637,0.1645971153641267,0.20000000000000023,0.19999946822573986,317.7449207817871,79.43596618223138,-5.980773053471111e-05,-2.1233237390561044e-09,0.3806128236210874,0.3806151420454841,0.16809508816358507,-2.573495236836988,nan,14.10472645475133,70.89822005467813,-0.47137195675397625,nan
127.526947481,0.042712076039027776,0.18118263055735154,0.344867749986794,0.16368511942944244,4.47495433806e-08,0.507143328321,311.53917534862563,86.16072533595569,0.21664759077797807,0.21664821279530821,397.69990068458134,398.26024837079956,-0.14069887429400962,1.5865410475244046,0.21664759077358287,0.0245628515330759,0.15672540168420657,0.2166446173279457,0.024563149219744382,0.15672635138911511,0.18372767204817264,0.34832726567522176,0.16459959362704912,0.2000000000000002,0.1999994857910605,318.16012504850914,79.5397756360721,-5.980776116576436e-05,-2.113820229965313e-09,0.3804379807952031,0.3804402861255078,0.16809761909387214,-2.541968941875116,nan,14.077089673096387,71.03741065961688,-0.45203944616603525,nan
127.7614486925,0.04274464565173611,0.18117973357668776,0.3448783209168592,0.16369858734017145,4.53838558057e-08,0.506929893298,311.9434831734405,86.2725425911904,0.2166475907782339,0.21664819307489094,398.2160257646309,398.77710065610444,-0.1406988742709725,1.5865410475246189,0.21664759077357718,0.02454036051169286,0.1566536322965186,0.21664463813773552,0.02454065629856631,0.1566545763728794,0.18372719778426558,0.34832916273081965,0.16460196494655407,0.19999999999999993,0.19999950385012683,318.57301818653536,79.64300757809549,-5.980774765435015e-05,-2.1164403563034284e-09,0.3802637665284569,0.3802660581959264,0.16810004080800953,-2.5107250784227673,nan,14.04953763143394,71.1767195642535,-0.43270444250135237,nan
127.995608235,0.04277716781041667,0.18117687331117505,0.344888745583499,0.16371187227232398,4.5922288e-08,0.506716324068,312.3454227706389,86.38370487819422,0.2166475907781528,0.21664817619695992,398.72912764883307,399.29092548602455,-0.1406988742625681,1.5865410475243626,0.21664759077355902,0.024517966681291116,0.15658214036502094,0.216644656020755,0.02451826085397235,0.1565830797179962,0.18372674482916562,0.34833097455113554,0.16460422972196992,0.20000000000000026,0.19999951928551393,318.9834937939342,79.74563385489894,-5.980776380809516e-05,-2.1248225401393483e-09,0.38009022576371904,0.3800925059655599,0.168102353713812,-2.479238536004489,nan,14.022059935770383,71.3161978040753,-0.41320172836064245,nan
128.2297281547,0.04280968446593056,0.1811740529811699,0.3448990383122278,0.1637249853310579,4.64709234907e-08,0.506502353092,312.7455153254871,86.49435633856422,0.21664759077807413,0.21664815679018767,399.2398716640513,399.8023891249596,-0.14069887429624117,1.586541047524698,0.21664759077345552,0.024495640762326895,0.15651083273156174,0.2166446766033188,0.024495933044061224,0.1565117664716018,0.18372631306466314,0.3483327016086251,0.16460638854396198,0.20000000000000043,0.1999995370549448,319.3920821573654,79.84778950668583,-5.980774266944877e-05,-2.172595436888969e-09,0.3799171323672627,0.37991939894416654,0.16810455841449756,-2.447419808313789,nan,13.994654610018104,71.45585424338717,-0.3934994169512523,nan
128.4638594383,0.04284220269976389,0.181171268687511,0.3449092006720238,0.1637379319845128,4.70366796692e-08,0.506287939838,313.14384670107387,86.60452071912756,0.2166475907782556,0.21664813740659886,399.7483674202014,400.3116013368406,-0.1406988742665205,1.5865410475248152,0.21664759077342285,0.024473377671573968,0.15643969340155958,0.2166446971709693,0.024473668057759447,0.15644062150784063,0.18372590233459193,0.34833434452875145,0.16460844219415952,0.19999999999999996,0.19999955480415338,319.79887190247405,79.94949551772741,-5.980773528646566e-05,-2.1876722655633785e-09,0.37974444751356123,0.3797467004149799,0.16810665570830644,-2.4156712645955163,nan,13.967305055247873,71.59577284554793,-0.3737163184137326,nan
128.6978728667,0.04287470456481944,0.18116852384851684,0.3449192270217158,0.16375070317319895,4.76183322501e-08,0.506125433113,313.54019671388863,86.7141371246772,0.2166475907782463,0.2166481166362687,400.2543338385658,400.81828064718854,-0.14069887424100758,1.58654104752481,0.2166475907735072,0.02445118943875628,0.15636876107060604,0.21664471917923334,0.024451477781685285,0.15636968306447796,0.18372551309849872,0.34833590147354015,0.16461038837504144,0.1999999999999999,0.1999995738334398,320.2036376458653,80.05069619270051,-5.9807735608430335e-05,-2.1487367440897742e-09,0.37957226513297027,0.3795745031970201,0.16810864324889124,-2.3839251731712943,nan,13.94000483612525,71.73598659080228,-0.35385290846874107,nan
128.9316549357,0.042907174296625,0.18116581760484068,0.3449291125002095,0.16376329489536884,4.82146705999e-08,0.505967731165,313.93437558745677,86.82315306979913,0.21664759077814805,0.21664809617328382,400.757528657256,401.322184453109,-0.1406988743028137,1.586541047522709,0.21664759077360857,0.024429086507955645,0.15629806943131333,0.21664474090181515,0.024429372827807237,0.15629898537037032,0.1837251454436681,0.34833737209336973,0.16461222664970163,0.20000000000000004,0.19999959257842387,320.6061862030687,80.15134245418723,-5.980786803583271e-05,-2.10195194583207e-09,0.3794006670115259,0.37940289037801206,0.16811052059006087,-2.3527143206390644,nan,13.912764246008976,71.87644254712795,-0.33411493380053436,nan
129.1651685744,0.042939606746444446,0.18116314608053913,0.34493885528806534,0.1637757092075262,4.88247681305e-08,0.505809704546,314.326325040024,86.93155243591006,0.21664759077813717,0.2166480796096445,401.25787747593404,401.82323824873225,-0.14069887427671235,1.586541047521928,0.21664759077367593,0.02440707196741987,0.15622762869422255,0.21664475890833162,0.024407356618731064,0.15622853970619793,0.18372479918264845,0.34833875713778634,0.1646139579551379,0.20000000000000023,0.199999607725252,321.00645938408,80.25141809185403,-5.9807917263121624e-05,-2.0708545989123195e-09,0.3792296779344742,0.3792318893408763,0.1681122886887259,-2.321696661412384,nan,13.885617163412732,72.01696462112638,-0.3143796215751745,nan
129.3984271431,0.04297200376987499,0.1811605110249939,0.34494845650487305,0.16378794547987915,4.944848567e-08,0.505651350259,314.71607202610716,87.03934267765938,0.21664759077817944,0.21664806517128404,401.75541470376646,402.3214764923019,-0.1406988743108295,1.586541047521521,0.21664759077366127,0.024385144083858723,0.15615743364905407,0.2166447748117181,0.024385427263605763,0.156158340358771,0.1837244744423771,0.3483400560988031,0.16461558165642598,0.20000000000000004,0.19999962091012172,321.4044840644244,80.35093063934204,-5.980794292037572e-05,-2.077626959362533e-09,0.3790592852542912,0.3790614862173159,0.1681139468964689,-2.289753712749723,nan,13.858564465070732,72.15754579201982,-0.29423899238746304,nan
129.6315093249,0.043004376295125,0.1811579207172418,0.34495792069780873,0.16379999998056693,5.00868200431e-08,0.50549262062,315.10375153166376,87.14656112732379,0.21664759077814147,0.2166480452068336,402.2503126589876,402.81707174433274,-0.14069887427832217,1.5865410475214712,0.21664759077359866,0.02436329506538336,0.1560874596672755,0.21664479608249215,0.024363576248907205,0.1560883603889387,0.1837241717430265,0.3483412668958867,0.1646170951528602,0.20000000000000018,0.1999996391984154,321.80039525974024,80.44991739924731,-5.980794605120465e-05,-2.1065260646935258e-09,0.3788894291872468,0.37889161561476514,0.16811549255731467,-2.2569015779338413,nan,13.831555262659018,72.29844952430585,-0.27367563828548913,nan
129.8645446849,0.04303674231734723,0.18115537497162768,0.34496725301577663,0.16381187804414896,5.07569773778e-08,0.505333432418,315.4895802333652,87.2532677101332,0.216647590778258,0.2166480187239852,402.7428479434983,403.31030099688866,-0.14069887428803662,1.5865410475206745,0.21664759077369825,0.0243415125516278,0.15601766743426143,0.21664482369075444,0.024341791115773025,0.15601856016440166,0.18372389112643323,0.3483423893627614,0.16461849823632818,0.19999999999999996,0.19999966350698914,322.19441387495215,80.54843406854617,-5.9807996266592056e-05,-2.0605628314740443e-09,0.37872001430033164,0.3787221813290874,0.1681169254587281,-2.2249702464719743,nan,13.804564130082422,72.43980980325449,-0.2533467700401334,nan
130.0976129046,0.04306911290341667,0.18115285978177947,0.3449764547266499,0.16382359494487042,5.14736480795e-08,0.505173735649,315.8736888776724,87.35949858579826,0.21664759077825718,0.21664799682936445,403.23318746347064,403.80133139119073,-0.14069887431096273,1.5865410475214734,0.2166475907735341,0.024319788919964565,0.15594803275439087,0.21664484693921765,0.024320065279078658,0.1559489188134328,0.18372363176777337,0.34834342679657504,0.16461979502880167,0.2000000000000001,0.19999968357833092,322.58667756249474,80.64650990097593,-5.980794591797789e-05,-2.136324450674465e-09,0.37855098186067226,0.37855313269588736,0.16811824981027995,-2.1937135098595966,nan,13.777623028826373,72.58146038019329,-0.233189333787681,nan
130.3307112488,0.04310148767344444,0.18115037993648508,0.34498552628657364,0.16383514635008856,5.22344608747e-08,0.505013536613,316.25607092977174,87.4652519470162,0.21664759077813137,0.21664797549979467,403.72132287678795,404.2901545732347,-0.14069887431397143,1.586541047521986,0.21664759077335233,0.0242981242021751,0.15587855594075506,0.21664486967801416,0.02429839839656993,0.1558794354511522,0.18372339404273838,0.3483443776958082,0.16462098365306985,0.20000000000000004,0.19999970312751986,322.9771781551808,80.74414472160719,-5.980791359938564e-05,-2.220224004645388e-09,0.3783823326282718,0.3783844675671921,0.1681194636948654,-2.161499306276288,nan,13.750732803099405,72.72339695049567,-0.21260178039877595,nan
130.5637941063,0.04313386029254167,0.18114794265924364,0.3449944665560206,0.16384652389677698,5.3035893823e-08,0.504852872308,316.63665012348457,87.57050670134589,0.21664759077805235,0.21664794899832515,404.20715682483046,404.77667304734354,-0.140698874326306,1.586541047519503,0.21664759077350873,0.02427652246674656,0.1558092502605239,0.21664489731883937,0.024276794019127163,0.1558101216838212,0.1837231785528282,0.3483452396562328,0.16462206110340463,0.19999999999999982,0.1999997274545846,323.3658356246719,80.84132120015865,-5.9808070107525424e-05,-2.1480373035842604e-09,0.37821409880809054,0.3782162141162431,0.16812056404287953,-2.12922001011108,nan,13.723872921386137,72.86572862691577,-0.19190873958594876,nan
130.7968147427,0.04316622426981945,0.18114554204264618,0.3450032727328693,0.1638577306902231,5.38737214864e-08,0.504691782441,317.01534979437935,87.67524164626407,0.21664759077830834,0.2166479229679332,404.69059144064335,405.2607888084254,-0.1406988742874815,1.5865410475189734,0.2166475907737243,0.02425498784096209,0.1557401291927103,0.21664492462708435,0.024255256771847658,0.15574099258656232,0.1837229850061978,0.3483460138438267,0.1646230288376289,0.19999999999999984,0.19999975134298598,323.7525737816688,80.9380176589746,-5.9808103491931774e-05,-2.0485280138871076e-09,0.3780463131193201,0.3780484089366568,0.16812155234312637,-2.0974370948976295,nan,13.697052780817122,73.00840669903174,-0.17132705341731833,nan
131.0297590259,0.043198577642486115,0.18114317826520152,0.3450119442921452,0.1638687660269437,5.47433258566e-08,0.504530277947,317.39214734760475,87.77945053246744,0.21664759077819046,0.21664789736993806,405.1715978800722,405.74247297198866,-0.14069887427236027,1.5865410475180455,0.21664759077372622,0.024233521382306403,0.15567119637976193,0.21664495162873304,0.024233787711712258,0.15567205180029028,0.18372281349064162,0.348346699906066,0.16462388641542436,0.20000000000000007,0.19999977483228235,324.1373695356218,81.0342283444505,-5.980816197848071e-05,-2.0476398354674075e-09,0.37787898440370155,0.377881060866453,0.1681224281459302,-2.065666098143192,nan,13.670284481450373,73.15136721235982,-0.1506733172138679,nan
131.2626432918,0.043230922679416674,0.18114085079894118,0.34502048176999506,0.16387963097105387,5.56399357281e-08,0.504368352574,317.7670695857539,87.88314077283802,0.21664759077814832,0.2166478724994402,405.650210358592,406.2217598018746,-0.14069887431963357,1.5865410475177864,0.21664759077370513,0.02421212132755523,0.15560244640607432,0.2166449780264322,0.02421238510298533,0.15560329399786282,0.18372266404489024,0.34834729768896294,0.1646246336440727,0.20000000000000012,0.19999979765166848,324.5202503695169,81.12995998907516,-5.9808178309861404e-05,-2.05737649139337e-09,0.37771209951530205,0.37771415697443345,0.16812319125447706,-2.0338706839154197,nan,13.643570431457384,73.29459726277689,-0.12993308225140324,nan
131.495498283,0.04326326365041666,0.18113855977675283,0.345028886284345,0.1638903265075922,5.6437369589e-08,0.504205989921,318.1401658729433,87.98632601969649,0.21664759077808649,0.21664784793376088,406.1264918926398,406.69871240272755,-0.14069887428634908,1.5865410475179744,0.21664759077364884,0.024190784613902963,0.15553386966800178,0.21664500416645716,0.024191045850681235,0.15553470947245582,0.18372253676150804,0.3483478068222121,0.16462527006070407,0.20000000000000012,0.19999982019026943,324.901266539607,81.22522535303287,-5.98081664526795e-05,-2.083366812399845e-09,0.377545635142064,0.37754767369808356,0.1681238411960603,-2.00201641843999,nan,13.616907343359818,73.43811445464836,-0.10909236625406908,nan
131.7283488156,0.043295604002166664,0.18113630501538824,0.3450371586370488,0.16390085362166057,5.72104276251e-08,0.504043177535,318.51147523517625,88.08901706635439,0.21664759077819437,0.21664782360971338,406.60049230153066,407.1733806647285,-0.1406988743376525,1.5865410475176704,0.2166475907735838,0.024169508754444534,0.15546545839653428,0.21664503007901015,0.024169767468008814,0.155466290455548,0.18372243171781213,0.3483482269966696,0.16462579527885748,0.19999999999999987,0.19999984250828898,325.2804578774318,81.32003442409889,-5.9808185615128906e-05,-2.113376140755463e-09,0.3773795724253567,0.3773815921799589,0.168124377576006,-1.9701357529034242,nan,13.590296952449886,73.58190946811744,-0.08816430649052254,nan
131.9611945885,0.04332794369284722,0.18113408652429308,0.3450452986551548,0.16391121213086174,5.80017373102e-08,0.503879920443,318.8809962059561,88.19121350706278,0.21664759077814855,0.2166477995167876,407.0722097130189,407.6457627123218,-0.14069887430860906,1.5865410475174357,0.2166475907735602,0.024148293560806944,0.15539721220410277,0.2166450557339698,0.024148549770379307,0.15539803657182838,0.1837223490067151,0.34834855784093816,0.16462620883422305,0.19999999999999973,0.19999986461296482,325.65782288271464,81.4143868303042,-5.9808200414401824e-05,-2.124278530857282e-09,0.3772139104243881,0.37721591150902317,0.1681247999201369,-1.938396255724906,nan,13.563747509893865,73.72593741298749,-0.06720982045605418,nan
132.1939487105,0.0433602706542361,0.18113190326104844,0.3450533030762358,0.16392139981518733,5.88122238943e-08,0.503716284678,319.2485909332337,88.29287721696672,0.21664759077823748,0.2166477771202881,407.5414681502004,408.1156823211458,-0.14069887431906736,1.5865410475159423,0.21664759077367604,0.024127146699474272,0.15532915598648656,0.2166450796080052,0.024127400581735736,0.15532997322389436,0.18372228861714587,0.3483487993997993,0.16462651078265342,0.20000000000000018,0.19999988515264253,326.033221325221,81.5082468249794,-5.980829453910985e-05,-2.0708101899913345e-09,0.37704870957160846,0.3770506933479853,0.1681251082854926,-1.9067924558071467,nan,13.537310774563464,73.86991527733815,-0.0462678572550964,nan
132.4259025675,0.04339248646770833,0.181129762536409,0.3450611484084327,0.16393138587202372,5.96407342806e-08,0.503552775984,319.613149480284,88.3937012266863,0.21664759077825013,0.216647756033,408.00685070697034,408.58172058843604,-0.14069887430052663,1.586541047515203,0.21664759077376905,0.024106131962024338,0.15526149542634304,0.21664510233852252,0.024106383617677925,0.15526230584941705,0.18372225068358014,0.3483489511345237,0.16462670045094355,0.19999999999999946,0.19999990448135746,326.4055195378368,81.60133116913354,-5.9808341135170195e-05,-2.0278778656290797e-09,0.3768844691446971,0.37688643637984093,0.16812530198456124,-1.8748284836315294,nan,13.510971045203158,74.01392517638716,-0.025153181737960963,nan
132.6572209994,0.043424614027694444,0.18112766649789228,0.34506884180152625,0.16394117530363397,6.04887769718e-08,0.503389286921,319.97494636189333,88.49376145726441,0.21664759077810058,0.21664773285235114,408.4687078191577,409.0442284439482,-0.14069887429529748,1.5865410475154647,0.21664759077364074,0.024085233689080943,0.15519418059025583,0.21664512715675432,0.024085482910528457,0.15519498352243366,0.18372223532942242,0.34834901255051476,0.16462677722109234,0.20000000000000004,0.1999999257458142,326.77499658583747,81.69371123332022,-5.980832464835828e-05,-2.0871082639928318e-09,0.37672106793440585,0.3767230169860173,0.16812538038620822,-1.8427868770454037,nan,13.48471874917924,74.15801683374863,-0.003944072979290812,nan
132.8885044561,0.04345673673001389,0.1811256068139443,0.3450764032357609,0.1639507964218166,6.13593491802e-08,0.503225399539,320.3349274196415,88.59331949514777,0.2166475907779696,0.216647709829416,408.9282469147892,409.50441501681746,-0.14069887427332617,1.5865410475152737,0.21664759077354973,0.024064397184170534,0.15512703563264055,0.21664515186486027,0.024064643974277135,0.1551278310757845,0.18372224233982423,0.3483489845084505,0.16462674216862624,0.20000000000000007,0.19999994686494602,327.14261926025586,81.78562765453337,-5.980833668317587e-05,-2.1291080010144015e-09,0.37655807909008815,0.37656000996268785,0.1681253445888167,-1.810943252496651,nan,13.458528135250539,74.30233008770125,0.01726562735663571,57918.54413072742
133.1201601923,0.04348891113781944,0.18112358015850455,0.3450838456245852,0.16396026546608067,6.22549447821e-08,0.503060829134,320.6937217343499,88.69254932212556,0.2166475907783686,0.21664768674539775,409.3862710564754,409.9630845012235,-0.14069887425347538,1.5865410475159036,0.2166475907734983,0.02404358569198773,0.1550599422545608,0.21664517665511268,0.0240438300353727,0.15506073015232677,0.18372227188068269,0.3483488663447616,0.1646265944640789,0.20000000000000004,0.19999996804089792,327.50902992879793,81.87724112767746,-5.9808296981600506e-05,-2.1528556715111336e-09,0.376395215450837,0.3763971280076542,0.1681251937452928,-1.7790181730167995,nan,13.432366162350757,74.4470473715104,0.03859107542968613,25912.72694180353
133.3522129059,0.043521140681375,0.18112158674194254,0.3450911690335835,0.16396958229164096,6.31768674964e-08,0.502895561092,321.0513578411706,88.79145882941123,0.21664759077814674,0.21664766334401497,409.8428166705819,410.4202733750404,-0.14069887428072025,1.586541047515744,0.21664759077337514,0.02402279708507244,0.15499289365991087,0.21664520170632576,0.024023038951115815,0.15499367390676244,0.18372232417279233,0.34834865717570074,0.1646263330029084,0.2,0.1999999895119103,327.8742576349337,81.96855903564816,-5.980830704022111e-05,-2.2096990903719416e-09,0.3762324605196665,0.3762343545045203,0.16812492672762114,-1.7471339203998528,nan,13.406231305120246,74.59217861011169,0.059982766323785144,16671.45517434175
133.5843915984,0.043553387722,0.1811196276279923,0.3450983641316391,0.16397873650364678,6.41254272774e-08,0.502729792087,321.4074111955096,88.8899306033831,0.2166475907780863,0.21664764098044093,410.2973417988927,410.8754389161567,-0.1406988742838844,1.5865410475155104,0.2166475907732851,0.024002055626461134,0.15492596821211457,0.21664522583034054,0.024002295096884688,0.15492674106455828,0.18372239921836453,0.34834835699297395,0.16462595777460942,0.19999999999999993,0.2000000100236801,328.23786932642486,82.05947247246785,-5.9808321761778416e-05,-2.251254738183661e-09,0.3760700045173221,0.37607188055286095,0.16812454352507314,-1.7152400732645978,nan,13.380152337237018,74.73756462525438,0.08144970983640855,12277.51457934591
133.8163586983,0.04358560537476389,0.1811177067518308,0.34510542056028387,0.16398771380845306,6.51007269141e-08,0.502563768497,321.761364241008,88.98782150616864,0.21664759077804288,0.21664761883094105,410.7491857471766,411.3279194994797,-0.14069887427221595,1.5865410475159858,0.21664759077318202,0.02398139120668069,0.15485926257954571,0.21664524986563252,0.02398162828279237,0.15486002803432644,0.18372249705055924,0.34834796566368004,0.1646254686131208,0.20000000000000062,0.20000003033760985,328.5993361365928,82.14984961058386,-5.980829179685898e-05,-2.2988388970190954e-09,0.37590808209830484,0.37590994017662716,0.1681240439680586,-1.683404546604263,nan,13.35415261927856,74.88307409010454,0.10297643885050264,9710.95923652752
134.0479276405,0.04361776772784722,0.18111582381075644,0.345112332898481,0.16399650908772453,6.61035936357e-08,0.502397630448,322.11293846561637,89.08505451126727,0.216647590778186,0.21664759806375808,411.1979929768836,411.77735908577375,-0.1406988743082982,1.5865410475136763,0.2166475907733708,0.02396082001359564,0.1547928293351977,0.21664527240064402,0.023961054845131412,0.15479358786826866,0.18372261749935664,0.34834748386942677,0.16462486637007012,0.19999999999999987,0.20000004937707533,328.95837407775264,82.239618899131,-5.980843736930197e-05,-2.211697491816267e-09,0.3757468208792182,0.3757486621556612,0.1681234289263036,-1.6516578427686643,nan,13.32825261841345,75.0285899157152,0.12452657889360666,8030.414140377073
134.279107261,0.04364987600847223,0.18111397961610917,0.3451191021521045,0.16400512253599533,6.71357398581e-08,0.502231378629,322.46215550841964,89.1816356029915,0.21664759077795623,0.21664757806666057,411.6437911114112,412.22378533701806,-0.14069887430990802,1.5865410475130366,0.21664759077336518,0.0239403407307204,0.15472666457569748,0.21664529428877552,0.02394057337296649,0.1547274163584673,0.18372276056245193,0.3483469116170176,0.16462415105456565,0.2,0.2000000677052419,329.31500501868646,82.32878609272468,-5.9808477692602224e-05,-2.2142954136938897e-09,0.3755862113849463,0.3755880362755903,0.16812269840911,-1.6195584612593414,nan,13.302449721894895,75.1741236318353,0.14625900031769254,6837.18607284254
134.5100741191,0.04368195473876389,0.18111217593624865,0.3451257341043545,0.16401355816810584,6.81997197901e-08,0.502064892621,322.8092881965989,89.27764023610843,0.21664759077813653,0.2166475561189359,412.0869284327074,412.66754702594545,-0.14069887429301042,1.5865410475127861,0.21664759077341716,0.0239199373029337,0.15466071674130344,0.2166453181683189,0.023920167550170533,0.15466146110188708,0.1837229265952324,0.3483462474861562,0.16462332089092382,0.20000000000000023,0.20000008783637202,329.66950654994514,82.41742188276223,-5.9808493479973635e-05,-2.19030349413174e-09,0.3754261284584706,0.37542793533237007,0.16812185060305793,-1.5873778942530858,nan,13.276723648243584,75.31978720761374,0.16810668240367851,5948.603504045584
134.7410177832,0.043714030247666666,0.1811104086722964,0.3451322338518785,0.1640218251795821,6.92983457762e-08,0.501898041292,323.1546233937147,89.37314774664031,0.21664759077815574,0.21664753432982833,412.527771140355,413.10901086817546,-0.14069887427508032,1.5865410475106276,0.21664759077382542,0.023899592689557977,0.1545949309956765,0.21664534193248774,0.023899820546045697,0.15459566794074694,0.1837231156472687,0.34834549128005576,0.16462237563278706,0.19999999999999984,0.2000001078217276,330.02217243282706,82.50559870752797,-5.980862952670307e-05,-2.001854237931866e-09,0.3752664389891027,0.3752682278624558,0.16812088525655422,-1.5554064756911279,nan,13.251066806060768,75.46562209939357,0.18996192033065326,5264.212944675284
134.9720239303,0.04374611443476389,0.18110867687820836,0.3451386034987584,0.16402992662055005,7.0434054078e-08,0.501730767691,323.49828803813716,89.4681932413256,0.21664759077815,0.21664751302463978,412.96648127946276,413.5483391375075,-0.14069887434642325,1.586541047509062,0.2166475907738104,0.023879299146705453,0.15452928248945394,0.21664536529606684,0.023879524643387974,0.15453001211217182,0.1837233278756633,0.3483446423663961,0.1646213144907328,0.20000000000000012,0.2000001273600612,330.37313242813383,82.59334885132888,-5.980872821442773e-05,-2.0087931318357732e-09,0.375107082657065,0.3751088537560114,0.16811980156339976,-1.523974573033545,nan,13.225477795823103,75.61163501524474,0.2117257286514193,4723.091550419829
135.2030517439,0.043778201631097226,0.1811069744237284,0.3451448409933846,0.16403786656965622,7.16087595945e-08,0.501563106105,323.8402197419016,89.562759465916,0.21664759077822907,0.2166474969659317,413.40297920781757,413.98545207872513,-0.14069887431619188,1.5865410475094583,0.21664759077388748,0.02385906006410246,0.15446378237018044,0.21664538301244524,0.023859283786571622,0.15446450655918215,0.18372356298034007,0.348343701948072,0.16462013896773195,0.1999999999999998,0.20000014205691025,330.72232463950417,82.68065456831343,-5.980870322330745e-05,-1.973210483896537e-09,0.3749480865221024,0.3749498444311511,0.16811860105850615,-1.4925320367058734,nan,13.19996608134988,75.75777042434159,0.23357138137407205,4281.346430873173
135.4339969493,0.043810277354069435,0.18110530852596884,0.345150944259501,0.16404563573353215,7.27666575101e-08,0.50139513773,324.1802641935515,89.65680374316138,0.21664759077809917,0.21664748120782604,413.83706793671286,414.42015242579635,-0.14069887423922012,1.5865410475105035,0.2166475907738767,0.02383888431921121,0.15439845957525358,0.21664540028529936,0.023839106316500894,0.1543991784838925,0.1837238212955049,0.34834266868736125,0.16461884739185634,0.19999999999999987,0.20000015647886116,331.0695895926172,82.76747834409568,-5.9808637353775396e-05,-1.9781842830468577e-09,0.3747895208273598,0.3747912659187635,0.1681172820344139,-1.460279104423761,nan,13.174529610733623,75.90403828803684,0.25574115790789154,3910.20361439109
135.6647519265,0.04384232665645833,0.18110368296584664,0.3451569108318282,0.16405322786598156,7.37694992748e-08,0.501226946743,324.51826540493585,89.75028293250354,0.2166475907782362,0.21664746373239321,414.26854833743937,414.85224077028823,-0.14069887431849004,1.5865410475105397,0.2166475907737586,0.023818781020848202,0.1543333438400406,0.21664541954240363,0.023819001074142546,0.15433405675398593,0.18372410291035818,0.34834154222736363,0.16461743931700545,0.20000000000000004,0.20000017248363197,331.4147672154077,82.8537811220317,-5.9808635066715965e-05,-2.032696233555953e-09,0.37463145775298756,0.37463318829276726,0.16811584403554206,-1.4279089487758658,nan,13.149166932435488,76.05044525925568,0.2779915680256325,3597.2314092195556
135.8952896566,0.04387434578563888,0.1811020960320331,0.34516273998442476,0.16406064395239167,7.48083266938e-08,0.501058558848,324.8541878394814,89.8431872055189,0.216647590778142,0.21664744621789994,414.69737504500034,415.2816716822912,-0.1406988743143489,1.5865410475099713,0.2166475907737953,0.02379875216849199,0.1542684419072546,0.21664543928582905,0.023798970201261836,0.1542691485724279,0.1837244076784636,0.34834032315512253,0.16461591547665894,0.2,0.20000018852207693,331.75782185638985,82.93955318861052,-5.980867089361297e-05,-2.015754230200173e-09,0.37447391366636557,0.3744756290377667,0.168114287810958,-1.395629349543516,nan,13.123871921205577,76.19702523797098,0.3002753880428137,3330.276272451003
136.1256500827,0.043906340289263886,0.1811005480025071,0.3451684329245182,0.1640678849220111,7.58849732616e-08,0.500889950931,325.1880936114721,89.9355337410038,0.2166475907781581,0.21664742805613676,415.12362735247586,415.7085245669593,-0.14069887431168437,1.5865410475099855,0.21664759077381068,0.023778793987723132,0.1542037418084371,0.21664545999492918,0.02377900988021571,0.15420444183036916,0.18372473575034098,0.34833901086768987,0.16461427511734888,0.19999999999999982,0.20000020515974082,332.0988167153249,83.02481063715098,-5.980867000543455e-05,-2.0086599050728182e-09,0.3743168595150482,0.37431855876052944,0.16811261259118132,-1.3634319215478006,nan,13.098632186281808,76.34384917283955,0.32261354569233497,3099.6838581404895
136.355917049,0.04393832181236111,0.18109903669380795,0.34517399178109204,0.1640749550872841,7.70016566571e-08,0.500721067369,325.52010676979125,90.02735684645022,0.21664759077819948,0.21664741027976456,415.54746361624143,416.1329580038274,-0.14069887432001105,1.5865410475098,0.21664759077383858,0.023758898940249726,0.15413921934488226,0.21664548042050996,0.023759112709828285,0.15413991277351977,0.18372508719061242,0.34833760510674333,0.1646125179161309,0.20000000000000026,0.20000022144122018,332.4378788736558,83.10958474258567,-5.980868168498077e-05,-1.9957813179871664e-09,0.37416023655867386,0.3741619197994766,0.1681108180464045,-1.3313849631863268,nan,13.073451515917817,76.49089444990345,0.3449655679929093,2898.8400373354216
136.5861475722,0.043970298273916665,0.1810975616445174,0.34517941798459933,0.16408185634008193,7.81608089338e-08,0.500551871832,325.8503104520297,90.11867951471692,0.216647590778152,0.2166473929312878,415.9689899667466,416.5550782727657,-0.14069887431195083,1.5865410475089845,0.21664759077391788,0.023739061865240302,0.15407485799195242,0.21664550051100379,0.023739273536990485,0.15407554490246167,0.18372546212934426,0.34833610535221077,0.1646106432228665,0.2000000000000004,0.2000002373266772,332.7750932528591,83.19389671388754,-5.980873308830681e-05,-1.959177264865275e-09,0.3740040046850481,0.3740056721036323,0.16810890351267246,-1.2993734479040802,nan,13.048327415165824,76.63817500760435,0.3673662156384694,2722.0793786441022
136.8163464457,0.04400227033968056,0.18109612254743823,0.3451847116844289,0.16408858913699065,7.93648895215e-08,0.500382366179,326.17871177470147,90.20950371406312,0.2166475907781719,0.21664737612382234,416.3882154887646,416.97489447142596,-0.1406988743063442,1.5865410475089206,0.21664759077399023,0.023719282142810133,0.15401065593915939,0.21664552005815613,0.02371949177028057,0.15401133649923493,0.18372586061453172,0.3483345114118222,0.16460865079729048,0.19999999999999965,0.20000025271291563,333.1104671643317,83.27774832443289,-5.980873712951862e-05,-1.9257817562845503e-09,0.3738481594993602,0.37384981150279056,0.16810686874461397,-1.2674191580724277,nan,13.023264681275192,76.78566200361395,0.38980099538384777,2565.411612187579
137.0464748415,0.044034232616874995,0.18109471940930116,0.34518987210526386,0.1640951526959627,8.06158645257e-08,0.500212584479,326.5052559990232,90.29981430563032,0.21664759077817328,0.21664735999006585,416.80507030465344,417.3923366237512,-0.1406988743128612,1.5865410475082835,0.2166475907740252,0.02369956286864157,0.1539466234402092,0.21664553889925817,0.023699770524752563,0.15394729788064668,0.1837262825936711,0.348332823495441,0.16460654090176988,0.2,0.20000026747418384,333.4439447591268,83.36112554552669,-5.980877727518319e-05,-1.9096391135065005e-09,0.3736927258916355,0.37369436304014936,0.16810471401017185,-1.2355248487366985,nan,12.998277291704783,76.93327181427175,0.41226139497843906,2425.645505935134
137.2764819777,0.04406617805245833,0.18109335225876366,0.3451948982712568,0.16410154601249316,8.1915245044e-08,0.50004256985,326.8298727678339,90.38959183115391,0.21664759077823043,0.21664734469515817,417.2194645989878,417.80731478762874,-0.14069887429800643,1.5865410475083532,0.21664759077402448,0.02367990811037387,0.1538827739234443,0.21664555684535414,0.023680113888576153,0.1538834425419972,0.1837267279815222,0.3483310419440316,0.16460431396250938,0.2000000000000002,0.20000028145983784,333.77545424866736,83.44401035032041,-5.980877287870001e-05,-1.909972180413888e-09,0.3735377364580672,0.3735393594744367,0.1681024397446083,-1.203323688011025,nan,12.97336958480785,77.0809768012025,0.4349029558112042,2299.3635399298373
137.5063229208,0.04409810040566667,0.18109202550210993,0.34519978998972406,0.16410776448761413,8.32646340046e-08,0.499872361619,327.15250148181354,90.47881953087453,0.2166475907781009,0.2166473263231202,417.6313210126881,418.2197514952558,-0.1406988743271831,1.5865410475075843,0.21664759077407383,0.02366032140441446,0.15381911911207416,0.21664557730633108,0.02366052506900336,0.1538197811368985,0.18372719701282839,0.34832916581905965,0.16460196880623126,0.19999999999999984,0.2000002982883379,334.10493223559786,83.52638877709023,-5.980882135103727e-05,-1.88719040394858e-09,0.3733832196557792,0.37338482666641665,0.16810004474971152,-1.1709391578512434,nan,12.94853352035264,77.22882274106095,0.45765949450597593,2185.030600270749
137.7359889069,0.044129998459291664,0.18109073742190512,0.3452045471705432,0.1641138097486381,8.4665883418e-08,0.499701972125,327.473133290451,90.56749495730692,0.21664759077825985,0.21664730660678652,418.0406282477579,418.6296354322368,-0.14069887428556083,1.5865410475083543,0.21664759077409215,0.02364080319782076,0.15375566070171454,0.21664559891739013,0.023641004639721637,0.15375631577181353,0.18372768952060586,0.34832719578803445,0.16459950626742859,0.1999999999999998,0.20000031635829654,334.43237034758533,83.60825790017265,-5.980877281208663e-05,-1.8787416067311824e-09,0.3732291796007386,0.37323076972935415,0.16809752987770887,-1.138849523052635,nan,12.923764299345727,77.37683672013623,0.4803276767652213,2081.912095373152
137.9654990703,0.044161874870874994,0.18108948633884062,0.34520917032734905,0.16411968398850843,8.61197385766e-08,0.499531392995,327.7917982584194,90.65562642497144,0.2166475907781343,0.21664728683803197,418.44742468339086,419.03700503226924,-0.14069887427554661,1.5865410475084452,0.21664759077406734,0.02362135156727784,0.1536923926786158,0.21664562047421995,0.023621550791481344,0.15369304080367902,0.18372820543597063,0.34832513212645827,0.16459692669048764,0.20000000000000015,0.20000033447772644,334.75779978536946,83.68962489802142,-5.980876708333582e-05,-1.8901880061150678e-09,0.3730756016950646,0.3730771749651788,0.16809489548030554,-1.1069326069030896,nan,12.899058726410887,77.52503661003536,0.5029619913957736,1988.2218082223123
138.1948843381,0.044193733935847225,0.1810882718329986,0.3452136603633195,0.1641253885303209,8.76265486444e-08,0.499360607043,328.1085421249489,90.7432265839626,0.2166475907781739,0.2166472672647846,418.85176870891155,419.4419187669309,-0.14069887429331018,1.5865410475086226,0.21664759077393914,0.02360196362146822,0.15362930586795026,0.2166456418436249,0.023602160642574296,0.15362994708901742,0.18372874480108445,0.3483229746653565,0.16459422986427205,0.19999999999999996,0.20000035241802191,335.08126735621744,83.77050135269411,-5.9808755903389965e-05,-1.949373995557835e-09,0.3729224636676198,0.3729240201788533,0.16809214134187808,-1.0750421801755747,nan,12.874419606336078,77.6734043613007,0.5256275722846578,1902.4877170226564
138.4241804027,0.04422558061148611,0.18108709373870271,0.3452180180715897,0.16413092433288698,8.91861508611e-08,0.499189593372,328.4234162318837,90.8303096335437,0.21664759077823564,0.21664724785636064,419.2537258654274,419.84444226945647,-0.1406988742868598,1.5865410475079496,0.2166475907741152,0.023582636072021844,0.1535663897863782,0.21664566306762612,0.023582830904461102,0.15356702414405607,0.18372930773943455,0.34832072291283606,0.1645914151734015,0.19999999999999984,0.20000037020586128,335.4028254821552,83.85090038327216,-5.9808798325011736e-05,-1.8681056701552734e-09,0.3727697400709622,0.37277127992188447,0.16808926683396833,-1.0431495714865824,nan,12.849854099670353,77.82189527160887,0.5483532395161682,1823.6420028854684
138.6534137452,0.04425741857572223,0.1810859518171311,0.34522224398669976,0.16413629216956865,9.07977849638e-08,0.499018337791,328.73645830875,90.91688600824467,0.21664759077808882,0.2166472286353222,419.6533443169947,420.24462377160535,-0.14069887421855887,1.5865410475096355,0.21664759077405307,0.023563366432616778,0.15350363654525184,0.21664568407491666,0.023563559092421832,0.15350426408547038,0.18372989436248524,0.3483183764203274,0.16458848205784218,0.20000000000000012,0.20000038782096566,335.72251270323045,83.93083161376417,-5.980869205446382e-05,-1.896782730881341e-09,0.3726174117560501,0.37261893505815247,0.16808627138464077,-1.0113583082719546,nan,12.825418332913173,77.97016627783239,0.5710802163535105,1751.0674881809937
138.8816820229,0.04428912250318055,0.18108485001598562,0.345226322335161,0.16414147231917536,9.24530933686e-08,0.498847521714,329.04644748712,91.00261805928976,0.21664759077826157,0.2166472098970361,420.0490655464098,420.6409025611456,-0.1406988742968851,1.5865410475092037,0.21664759077397575,0.023544229977762295,0.15344129163221448,0.21664570454073265,0.023544420513931213,0.15344191250740852,0.1837305022403856,0.3483159449083331,0.16458544266794753,0.19999999999999987,0.20000040499086683,336.0390823210927,84.00998322531711,-5.980871927713238e-05,-1.9324652988927937e-09,0.37246607462388204,0.37246758174718725,0.1680831674024648,-0.9797480477750716,nan,12.80111546971941,78.11819230640212,0.5937656476817794,1684.1661418175145
139.1090208444,0.0443206973395,0.181083786812625,0.3452302552956066,0.1641464684829816,9.41486236165e-08,0.498713495154,329.3534533525342,91.08752503121204,0.21664759077806714,0.21664719268056465,420.4409783837463,421.03336759238476,-0.14069887430204764,1.5865410475079265,0.2166475907740571,0.023525222858390656,0.15337934299764963,0.21664572374419108,0.02352541139624658,0.15337995760935189,0.183731131147834,0.3483134292789476,0.1645822981311136,0.20000000000000012,0.20000042075509047,336.3526058043151,84.08837257943115,-5.98087997794039e-05,-1.894917556199971e-09,0.37231569942500803,0.37231719134420377,0.1680799560387956,-0.9482976134806511,nan,12.776900986476887,78.26624007326997,0.6164259145639039,1622.2549642603183
139.3370089019,0.04435236234748611,0.18108275362054202,0.34523406983072963,0.1641513162101876,9.58925874302e-08,0.49859009144,329.65961069624177,91.17219733216687,0.21664759077814813,0.21664717826402302,420.83180802840866,421.42474790464,-0.14069887427814454,1.5865410475059512,0.21664759077437712,0.023506212794043337,0.1533173597282556,0.2166457408005409,0.023506399513155384,0.1533179686571518,0.18373178541206828,0.3483108122236132,0.16457902681154493,0.20000000000000026,0.20000043393183467,336.6652638104083,84.16654421800028,-5.980892429091611e-05,-1.7472023827735939e-09,0.372165240152944,0.37216671827759695,0.16807661519803974,-0.9165002167314427,nan,12.752733721533213,78.41455971996676,0.6393248540933337,1564.1500460953644
139.5662310961,0.04438419876334722,0.18108175258479903,0.345237774517378,0.164156021932579,9.76873499358e-08,0.498465672018,329.9656832388939,91.25684618010357,0.21664759077814844,0.21664716224630784,421.2225294189975,421.81601981052506,-0.1406988743087867,1.5865410475063952,0.21664759077433976,0.023487151458568667,0.15325518411645547,0.2166457592482188,0.02348733622159785,0.15325578691063463,0.1837324674646871,0.3483080840129493,0.16457561654826222,0.19999999999999987,0.20000044858933308,336.9778345792644,84.24469483973304,-5.980889629109143e-05,-1.7644441463460225e-09,0.3720143139855598,0.37201577721869333,0.1680731324607761,-0.8845254627104582,nan,12.72856727172666,78.56343755367116,0.6624267436313138,1509.6008873647907
139.7961924002,0.04441613783336111,0.18108078261861174,0.34524135903663994,0.1641605764180282,9.95278031887e-08,0.498340505279,330.2709871681519,91.34128245685636,0.21664759077836476,0.21664714806936955,421.61226962500825,422.20630914904973,-0.14069887426333416,1.5865410475066923,0.21664759077434348,0.023468080453978274,0.15319295171116154,0.21664577600036572,0.023468263422541713,0.15319354889335815,0.18373317596310992,0.34830525001927537,0.16457207405616545,0.20000000000000023,0.20000046155276002,337.2896211036999,84.32264852130837,-5.9808877572731234e-05,-1.7627344028880998e-09,0.37186324995665554,0.3718646995671645,0.16806951468460785,-0.852288223331708,nan,12.70443739909835,78.71265516023333,0.6857425041833188,1458.2733225657994
140.0258205296,0.04444803062911111,0.18107985439957303,0.3452448071793512,0.16416495277977816,1.01404135041e-07,0.498215178272,330.57409397221824,91.42511108616938,0.21664759077809126,0.21664712989435528,421.9992050583876,422.59378976336905,-0.14069887428169725,1.5865410475077397,0.2166475907741538,0.023449088619584696,0.15313095251968067,0.21664579590951125,0.023449269509194362,0.15313154315553135,0.1837339082011022,0.34830232106636,0.1645684128652578,0.2000000000000001,0.2000004782147774,337.5991622404542,84.40004281793342,-5.980881154776796e-05,-1.8502865906100396e-09,0.37171275203503945,0.37171418575483384,0.16806577568707412,-0.8199362841868021,nan,12.680406351747358,78.86182605356335,0.7091481301824257,1410.1426168080761
140.2543354953,0.04447976881879166,0.18107896643126625,0.3452481078805515,0.16416914144928524,1.03308115308e-07,0.498090123965,330.8739903772488,91.50805183275716,0.21664759077816068,0.21664711225679523,422.382042210006,422.9771663215438,-0.14069887429465355,1.586541047507954,0.21664759077412143,0.023430239766887635,0.15306939526530977,0.21664581540637176,0.02343041861457599,0.15306997946879064,0.18373466115266382,0.34829930925995023,0.1645646481072864,0.19999999999999987,0.20000049437883263,337.9054249512638,84.47661725874214,-5.980879804745598e-05,-1.865219090291248e-09,0.3715633268792925,0.37156474498503994,0.1680619309214978,-0.7879766650926711,nan,12.656522162222496,79.01064662019279,0.7323887423402651,1365.3950998818107
140.4817686442,0.04451135675613889,0.1810781187387904,0.3452512634737208,0.16417314473493042,1.05238423061e-07,0.497965333795,331.17074232271756,91.5901229329108,0.21664759077813303,0.2166470945997154,422.76086525562835,423.3565231179011,-0.14069887429297712,1.5865410475079822,0.21664759077413231,0.02341153037898272,0.15300826898891026,0.21664583501608306,0.023411707162890767,0.15300884668178755,0.1837354346806401,0.348296215148102,0.1645607804674619,0.20000000000000012,0.200000510553738,338.20847636236266,84.5523888932657,-5.980879627109914e-05,-1.8602008822199423e-09,0.3714149478870101,0.37141635018880453,0.16805798108765138,-0.7560989906310809,nan,12.632771472134863,79.15919338886022,0.755612948020027,1323.428883293164
140.7087956625,0.04454288828645833,0.18107730809126957,0.3452542846285085,0.16417697653723892,1.07201976372e-07,0.497840443886,331.4652481309759,91.67157283096884,0.21664759077824006,0.2166470771475301,423.1368209619448,423.73300853484614,-0.14069887426585437,1.5865410475081922,0.2166475907741139,0.02339290422605623,0.15294739038655164,0.21664585451931787,0.023393078953565703,0.15294796158682764,0.1837362308607708,0.3482930304274846,0.16455679956671382,0.19999999999999987,0.2000005265420856,338.5092339702116,84.62758699173317,-5.980878302613846e-05,-1.8686940883583247e-09,0.3712671701030258,0.37126855664456626,0.1680539155858913,-0.7242860506846232,nan,12.609113122918261,79.307718968942,0.7788526005929363,1283.9399897216822
140.9360727817,0.044574454553013884,0.18107653223058226,0.34525717998989425,0.164180647759312,1.09206971829e-07,0.497715097358,331.758360662615,91.75263739784275,0.21664759077813778,0.21664705972505383,423.5109980604577,424.10771283814387,-0.14069887427723415,1.5865410475079218,0.21664759077413345,0.023374307234831283,0.15288658291305776,0.21664587402003152,0.023374479899126006,0.15288714759300734,0.1837370520720534,0.34828974558245657,0.16455269351040316,0.1999999999999998,0.2000005425041387,338.80856869189694,84.70242936856077,-5.9808800079164115e-05,-1.8596790773983685e-09,0.3711195649784916,0.3711209356924777,0.16804972226879691,-0.6924090224241949,nan,12.585510354260151,79.4564520509495,0.802186513176768,1246.5928852878162
141.1638514485,0.04460609047895833,0.18107579065838947,0.3452599520276491,0.16418416136925962,1.11296617999e-07,0.497589157963,332.05039549593704,91.83340391153214,0.21664759077818618,0.21664704222597458,423.8837994074692,424.4810394516612,-0.14069887431569228,1.5865410475077328,0.2166475907741406,0.023355718890216287,0.1528257795341358,0.2166458936629765,0.02335588946677144,0.1528263376083175,0.1837378994226837,0.3482863561799671,0.1645484567572834,0.19999999999999996,0.20000055853590817,339.1068027716525,84.7769966358167,-5.980881198075494e-05,-1.8563706127849855e-09,0.3709719697931929,0.3709733244722225,0.16804539547736064,-0.6605057951078472,nan,12.561940674840212,79.60553435846568,0.825607046143737,1211.2299727465036
141.3919428774,0.04463776984408333,0.18107508375717776,0.34526259771390566,0.1641875139567279,1.13506134708e-07,0.497462732562,332.3411011729198,91.91380282750657,0.21664759077814735,0.21664702488629445,424.2549040004264,424.8526669201872,-0.14069887429307704,1.5865410475079191,0.21664759077415932,0.023337154677443926,0.15276503093785543,0.21664591309175488,0.023337323187309994,0.15276558246971075,0.18373877237782074,0.34828286435951855,0.1645440919816978,0.1999999999999999,0.20000057442098448,339.40367949942146,84.8512245010049,-5.980880024569757e-05,-1.8477330776534018e-09,0.3708245075882363,0.37082584638630856,0.16804093794276015,-0.6286227316501086,nan,12.538410689678884,79.75492466706007,0.8490869744764672,1177.735650245469
141.6199677853,0.04466943997018055,0.18107441264220392,0.34526511243605384,0.16419069979384993,1.15826182238e-07,0.497336035076,332.62999134300503,91.99369963868821,0.21664759077857088,0.21664700787948538,424.6236909816933,425.221973511859,-0.1406988743372195,1.5865410475070936,0.21664759077412932,0.02331864536003759,0.15270443791860663,0.21664593218078948,0.023318811835495133,0.15270498300807062,0.18373966956195054,0.3482792756228415,0.16453960606089096,0.20000000000000012,0.20000059000026488,339.6987022572645,84.9249887244288,-5.980885228185073e-05,-1.8615886610007237e-09,0.37067742303368695,0.37067874619338576,0.16803635668839337,-0.5967427374568623,nan,12.514946833787873,79.90445451195993,0.8726067999453918,1145.9915279855493
141.8476738066,0.04470106580647223,0.1810737781701117,0.3452674938371903,0.1641937156670786,1.18246729503e-07,0.497209210663,332.91675053393567,92.07300709591739,0.2166475907781967,0.2166469910999002,424.98975762985305,425.5885559371983,-0.14069887429812855,1.586541047507712,0.21664759077415982,0.023300211100883567,0.15264406670710645,0.21664595109030502,0.02330037555514647,0.15264460539156458,0.18374058996351517,0.34827559401673724,0.16453500405322208,0.20000000000000004,0.2000006053694063,339.9915488280852,84.99820880176787,-5.980881330192034e-05,-1.8474999308182305e-09,0.37053087689914543,0.370532184511221,0.16803165688011834,-0.5648894418799552,nan,12.491567852797713,80.05400217043466,0.8961488645177087,1115.8860314331616
142.0750612517,0.04473264739606944,0.18107318013155316,0.3452697424930757,0.16419656236152252,1.20465869809e-07,0.497082264497,333.2013862668361,92.15172727989022,0.21664759077816664,0.2166469745552963,425.3531135467263,425.9524238120409,-0.14069887429001282,1.5865410475072521,0.216647590774211,0.0232818514864164,0.15258391621142905,0.21664596978123427,0.023282013939581812,0.15258444855089856,0.18374153352127567,0.3482718197859509,0.16453028626467522,0.2000000000000001,0.2000006205205718,340.2822268970238,85.0708866497025,-5.980884228984351e-05,-1.8238854870844534e-09,0.3703848665340519,0.3703861587441912,0.16802683883042188,-0.5330758603887688,nan,12.468274434910752,80.20356026171781,0.9197125855127666,1087.2962007391372
142.3023152111,0.04476421044598611,0.18107261796844273,0.3452718606340012,0.1641992426655585,1.22358808686e-07,0.497013524413,333.4841352643763,92.22992565958471,0.21664759077821105,0.2166469581925229,425.714060923961,426.3138797536835,-0.14069887428227457,1.5865410475067094,0.21664759077430737,0.02326355123977126,0.15252393661249128,0.21664598829954182,0.023263711706558457,0.15252446264963027,0.1837425009796001,0.34826794995313703,0.16452544897353694,0.19999999999999976,0.20000063550407138,340.5709781961498,85.14308272781116,-5.98088764958149e-05,-1.7793988504877234e-09,0.3702392710066927,0.37024054791844463,0.16802189873849763,-0.5012859069207376,nan,12.445061299656542,80.35315985366805,0.9433090055987943,1060.098010370652
142.5296530688,0.04479578514844445,0.181072091069321,0.34527385034503155,0.16420175927571054,1.24288550059e-07,0.496976559785,333.76526847118294,92.30767716861477,0.2166475907781569,0.2166469420199932,426.07294563979764,426.6732701277405,-0.14069887428456163,1.5865410475071304,0.2166475907742496,0.023245292641618613,0.15246407000214382,0.2166460066179392,0.02324545113961944,0.15246458978929975,0.1837434932954163,0.34826398068958303,0.16452048739416672,0.19999999999999984,0.20000065031242434,340.8580794313079,85.21486620848975,-5.980884995038238e-05,-1.8060553053089734e-09,0.3700939497498135,0.3700952114902473,0.16801683171700202,-0.46949566428940437,nan,12.421911425582925,80.5029085894543,0.9669488980425666,1034.1808155780932
142.7571862787,0.044827386983152785,0.1810715993209444,0.3452757123905787,0.16420411306963428,1.2625892029e-07,0.4969393555,334.0449204706426,92.38501902809564,0.21664759077820098,0.21664692605346084,426.42993949873824,427.0307669807901,-0.1406988742988835,1.5865410475062458,0.21664759077433954,0.023227066649369757,0.1524042868470889,0.21664602481335185,0.023227223184530597,0.15240480039857865,0.18374451104025438,0.3482599097106814,0.164515398670427,0.2000000000000002,0.20000066493181368,341.14366805215747,85.28627144658073,-5.980890571688491e-05,-1.764555168648485e-09,0.3699488310737709,0.36995007767763954,0.1680116348490996,-0.43764319570421684,nan,12.39881156170651,80.65289120841877,0.9906545707877283,1009.4335901613421
142.9848753973,0.044859010471847226,0.18107114327653046,0.3452774460995506,0.16420630282302012,1.28272764638e-07,0.496901916319,334.3230387337775,92.46193671027498,0.21664759077817133,0.2166469102105555,426.78497544405246,427.3863031614262,-0.14069887427969885,1.5865410475063253,0.21664759077438525,0.023208876349378897,0.15234459737509204,0.21664604317372835,0.023209030881801478,0.15234510455476236,0.1837455541612438,0.34825573722695086,0.16451018306570706,0.20000000000000004,0.20000067943798622,341.4276903813177,85.35728506273476,-5.980890069867684e-05,-1.7434498289503608e-09,0.3698039398056217,0.36980517094242443,0.16800630840377712,-0.4057908732063011,nan,12.375760012652858,80.80311827133119,1.0144219936141545,985.7830432453734
143.2125979019,0.04489063859748611,0.18107072256213577,0.3452790503009752,0.16420832773883945,1.30332400581e-07,0.496864260984,334.59947140232174,92.53838821665735,0.21664759077831364,0.21664689482793856,427.13785961897906,427.73968454017125,-0.14069887432566208,1.5865410475057722,0.21664759077439405,0.023190731417207455,0.15228503346424907,0.2166460611524917,0.023190883978704918,0.15228553437114412,0.1837466221601514,0.3482514652313652,0.1645048430712138,0.19999999999999987,0.20000069352079078,341.70999146619704,85.427868152782,-5.980893557078204e-05,-1.7393864126802328e-09,0.3696593533268132,0.36966056923697155,0.16800085492518393,-0.3740434524268418,nan,12.35276458496592,80.95353822390997,1.038214050802529,963.1925123985849
143.4402369583,0.04492225513309723,0.18107033694667,0.34528052432122475,0.16421018737455476,1.32440305436e-07,0.496826407789,334.87407718767037,92.61433447152929,0.21664759077811646,0.216646880062943,427.48841165919964,428.09073049797684,-0.14069887429623007,1.5865410475055182,0.21664759077444037,0.023172640962782674,0.15222562518440408,0.21664607842259057,0.023172791627980964,0.15222612005822445,0.18374771448731758,0.34824709592293535,0.16449938143561776,0.19999999999999984,0.2000007070338501,341.9904270785822,85.4979845806175,-5.9808951580198055e-05,-1.7180035172259522e-09,0.3695151446294109,0.3695163458947782,0.16799527722040458,-0.34237609677404784,nan,12.329841457226035,81.10404367072695,1.0620172482807377,941.604292791727
143.6677513708,0.04495385435705556,0.1810699863608555,0.34528186819177403,0.16421188183091853,1.34599766129e-07,0.496788362816,335.14680873917393,92.6897623797042,0.21664759077818418,0.2166468659522681,427.83657111887817,428.4393805042812,-0.14069887429430938,1.5865410475050683,0.2166475907745288,0.02315460799958443,0.15216638261976403,0.2166460949366755,0.02315475685445114,0.15216687173774435,0.18374883093303893,0.34824263014048723,0.1644937992074483,0.20000000000000026,0.2000007199451257,342.26894887624854,85.5676222426296,-5.9808979935294104e-05,-1.6771917188407315e-09,0.3693713381919949,0.36937252548553545,0.1679895763602515,-0.3107715461003477,nan,12.307000952071387,81.25456428372912,1.085828200979577,920.9560030747523
143.8951825236,0.044985442017166664,0.18106967038587204,0.3452830823359176,0.16421341195004555,1.36814951376e-07,0.496750118413,335.417718020935,92.76468631244639,0.21664759077820517,0.21664685277387236,428.1824043333814,428.7857009877458,-0.14069887428026506,1.586541047504859,0.2166475907745746,0.023136628981089813,0.15210729430599249,0.21664611045831886,0.023136776129981204,0.1521077780061927,0.18374997167384072,0.34823806717750944,0.16448809550366872,0.19999999999999996,0.2000007319959813,342.54561003890586,85.63679429447551,-5.980899312474364e-05,-1.6560530724518685e-09,0.3692279061858346,0.36922908032816104,0.16798375144292188,-0.27925835343388794,nan,12.284238926434927,81.40512456559775,1.1096289411933193,901.2021612599416
144.1225864666,0.04501702589813889,0.18106938850332316,0.34528416725124944,0.16421477874792628,1.39090221934e-07,0.496711664333,335.68687305742816,92.83912508293803,0.21664759077821,0.21664684082887622,428.5259981403662,429.1297789085473,-0.14069887429316585,1.5865410475045163,0.21664759077461526,0.02311869925846599,0.1520483451355719,0.21664612468923802,0.023118844833676128,0.15204882384838145,0.18375113695569165,0.348233406050309,0.16448226909461736,0.2000000000000001,0.20000074290762443,342.82048015706164,85.70551798330452,-5.9809014729683696e-05,-1.6372792011054571e-09,0.36908481193867776,0.3690859739745248,0.16797780121262168,-0.24788284539828362,nan,12.26158497756718,81.55552498551536,1.1333829981009922,882.3142765292242
144.3494078116,0.045048528862722224,0.1810691410029525,0.34528512096651737,0.16421597996356488,1.41423533157e-07,0.496673094526,335.9536234287403,92.91289880796643,0.21664759077810344,0.21664683036934101,428.86652223670666,429.47078279355435,-0.14069887430225858,1.5865410475041188,0.21664759077465923,0.02310086222114243,0.1519896780085491,0.2166461374293246,0.023101006375022853,0.15199015223040885,0.18375232382085818,0.34822865858986063,0.16447633476900245,0.1999999999999999,0.20000075244782384,343.092895089684,85.77362714702272,-5.980903977631513e-05,-1.6169954264455555e-09,0.36894240232859693,0.3689435534630339,0.16797174077234467,-0.21628872506837962,nan,12.239036079630566,81.70578087144465,1.1572261136688802,864.1353562525399
144.575639257,0.04507994989680556,0.18106893126501464,0.34528594495047216,0.16421701368545752,1.43817964358e-07,0.496634411037,336.2179738578947,92.98600879387725,0.21664759077811263,0.21664681851111114,429.2039826517719,429.8087186806344,-0.140698874308276,1.5865410475041033,0.2166475907746873,0.023083117902096224,0.1519312933601772,0.21664615164474652,0.023083260482292332,0.15193176258535387,0.183753532299315,0.34822382467617596,0.16447029237686098,0.2,0.20000076327955607,343.3628585187922,85.84112413297973,-5.980904075331139e-05,-1.60403912374818e-09,0.36880067841213315,0.36880181741753426,0.1679655699689409,-0.18470952666896737,nan,12.21658123422156,81.85596124051149,1.181086405271279,846.6781054602977
144.8018493283,0.04511136796226389,0.1810687553791457,0.34528664140542215,0.16421788602627643,1.46282776588e-07,0.49659551661,336.48059561638934,93.05864069060068,0.21664759077816126,0.21664680778717935,429.53923630699006,430.1444446985735,-0.14069887430664396,1.586541047504015,0.216647590774676,0.02306542134335514,0.1518730435046165,0.2166461647494209,0.023065562463175107,0.15187350810189085,0.18375476516456235,0.3482188932151298,0.16446412805056743,0.1999999999999998,0.2000007730657705,343.63105698351137,85.90817932347868,-5.980904632663098e-05,-1.6092571719639182e-09,0.3686592816940965,0.36866040946564654,0.16795927464007387,-0.15335675213312688,nan,12.194201233349217,82.00619137440161,1.2048962720149885,829.9469615983345
145.0284495085,0.04514284020951388,0.18106861389925039,0.34528721140863955,0.16421859750938916,1.48825958577e-07,0.496556339137,336.7419623044211,93.13092547935025,0.21664759077849932,0.21664679760286248,429.87288778377143,430.47856628068155,-0.14069887431171768,1.5865410475033588,0.21664759077475107,0.023047740286338297,0.15181482235387392,0.2166461774106825,0.023047879981552027,0.1518152824374148,0.18375602479509417,0.3482138546933778,0.16445782989828361,0.1999999999999999,0.20000078235233,343.89797391496177,85.97491386880964,-5.9809087682438644e-05,-1.5745960091351208e-09,0.3685179546546373,0.3685190714694718,0.1679528426411833,-0.12172630488380544,nan,12.171876247905303,82.15660261679815,1.228870255562317,813.7555575730096
145.2554399197,0.04517436665551389,0.1810685092311695,0.34528765458325017,0.16421914535208068,1.51450925032e-07,0.496516876756,337.0020652958511,93.20286077388222,0.21664759077810902,0.2166467859220466,430.2049260697333,430.8110723990415,-0.1406988743192672,1.5865410475030097,0.21664759077481147,0.023030074756990072,0.15175663002646728,0.2166461914313381,0.02303021289363511,0.15175708515135336,0.1837573115372558,0.3482087077250338,0.16445139618777802,0.20000000000000012,0.20000079302156457,344.16359969400304,86.04132637573021,-5.980910968705899e-05,-1.546718308986783e-09,0.3683766975814478,0.36837780235955697,0.16794627220322472,-0.09010566510682766,nan,12.14965549911404,82.30686047624319,1.2528861764698835,798.1571022018836
145.4817264037,0.04520579533384722,0.1810684397655772,0.3452879688262171,0.16421952906063988,1.54147590293e-07,0.496477319644,337.25965444343507,93.27410082828074,0.21664759077813578,0.21664677463011014,430.5337552717158,431.14036491182736,-0.14069887430643302,1.586541047502796,0.21664759077485624,0.023012509587762513,0.15169874616410814,0.21664620509528487,0.02301264619620732,0.15169919642571386,0.18375861903505378,0.348203477734067,0.16444485869901324,0.20000000000000018,0.2000008033306442,344.42665835641367,86.10709691530212,-5.980912316516651e-05,-1.526057058498509e-09,0.368236189281709,0.36823728225460634,0.16793959578153986,-0.058601696279282744,nan,12.12750613264792,82.45718361732628,1.2769137898348233,783.1382259011833
145.7078479306,0.045237201101472224,0.1810684056293068,0.34528815567107823,0.16421975004177145,1.56924506174e-07,0.496437574116,337.51535318360317,93.34481806280739,0.21664759077817647,0.21664676330830165,430.8601712464106,431.4672407970385,-0.1406988742659876,1.5865410475029194,0.2166475907749171,0.022995002498359687,0.15164103171094453,0.21664621883405136,0.022995137576651663,0.15164147709862122,0.18375995035577053,0.3481981524515,0.16443820209572946,0.2000000000000001,0.20000081366959443,344.6877864193077,86.17238482710292,-5.980911538250311e-05,-1.4979573137452462e-09,0.3680960922088139,0.3680971733506507,0.16793279771394687,-0.02707109733473949,nan,12.105419984406108,82.60762545109334,1.301016598030831,768.6297019681084
145.9347426229,0.045268714253180554,0.18106840638029664,0.34528821515370217,0.16421980877340553,1.59795914194e-07,0.496397473669,337.770215565295,93.41530399003709,0.21664759077803292,0.21664675224397445,431.1855195553321,431.793047512539,-0.1406988743118287,1.5865410475021462,0.21664759077490034,0.022977480861009668,0.15158324729669062,0.21664623230908284,0.022977614433032506,0.15158368788571053,0.18376131116872127,0.3481927091996109,0.1644313980308896,0.19999999999999976,0.20000082377143025,344.94806044595356,86.23745910937856,-5.980916411019166e-05,-1.5056955682268836e-09,0.3679558253111448,0.36795689480463817,0.1679258490509852,0.004358143631028433,229455.4940503465,12.08337831053971,82.75831264239666,1.3251643115287859,754.6234012643628
146.1624236796,0.04530033662216667,0.18106844088734272,0.3452881457434539,0.16421970485611118,1.62765017095e-07,0.496357013161,338.0242388532043,93.4855578537428,0.2166475907781811,0.2166467425468859,431.5097967069471,432.1177815611962,-0.14069887428665995,1.5865410475016144,0.2166475907750263,0.022959943918562584,0.15152539034288143,0.21664624430272333,0.02296007613564323,0.15152582662913683,0.18376270178320286,0.3481871467423183,0.16442444495911546,0.20000000000000012,0.20000083261344812,345.207478084698,86.30231862224916,-5.980919762782477e-05,-1.4475642906575104e-09,0.3678153823296906,0.36781644137857816,0.16791874821443473,0.03600566728076094,27773.405564249442,12.061405060060292,82.90908024566428,1.3494446030214287,741.0456107356935
146.3895951781,0.04533188821918055,0.18106851289182327,0.34528794812786073,0.16421943523603746,1.65817013835e-07,0.496316422208,338.27597416436646,93.55517894394546,0.21664759077833354,0.2166467313033618,431.8311531083119,432.43959074446366,-0.14069887428768135,1.5865410475015462,0.21664759077507936,0.022942491373794713,0.15146778988879026,0.21664625789469,0.022942622064928836,0.15146822130377327,0.18376411459709413,0.3481814954870243,0.1644173808899302,0.20000000000000026,0.2000008428818776,345.4645585039964,86.36659460431551,-5.980920192438788e-05,-1.4230616685040332e-09,0.3676755619801375,0.3676766092044133,0.16791153402158654,0.06775134067873406,14759.855524362814,12.039518315567463,83.05980137984172,1.3737919060431252,727.9122810384418
146.6157538483,0.04536329914559722,0.18106861951448489,0.3452876238444328,0.1642190043299479,1.68946094896e-07,0.496275792592,338.5248811879203,93.6240178295485,0.21664759077811263,0.21664672039512078,432.1488990174688,432.75778434842374,-0.14069887428407313,1.5865410475017976,0.2166475907749983,0.02292516125103882,0.15141057179417433,0.2166462711625487,0.022925290455773573,0.15141099846369674,0.18376554611772353,0.3481757694040972,0.1644102232863737,0.19999999999999996,0.2000008528420637,345.71875065921614,86.43014835825264,-5.980918608150532e-05,-1.4604872866641472e-09,0.3675366697766612,0.36753770548172293,0.1679042243066003,0.09899444309428485,10101.577106177307,12.017760923086785,83.21017587219134,1.3979665056431,715.3247205590055
146.8412321351,0.04539461557431944,0.18106875807776932,0.34528717357018224,0.16421841549241292,1.72157718829e-07,0.496235066605,338.7713450654696,93.69218102749107,0.2166475907782137,0.21664671183014542,432.46352609296065,433.07285472425036,-0.14069887425239846,1.5865410475023045,0.21664759077503484,0.022907927392571567,0.15135365008010732,0.21664628215561613,0.02290805534650131,0.15135407277804358,0.1837669980470297,0.3481699616870577,0.16440296364002802,0.19999999999999993,0.20000086063867709,345.9704486795315,86.4930774134291,-5.980915412928667e-05,-1.4436118966898448e-09,0.36739849701251226,0.36739952307687634,0.1678968103802395,0.13028808252814866,7675.299080281963,11.99612398797206,83.36025878047377,1.4221749612375276,703.1483658872987
147.0666081375,0.045425917796875,0.18106893252535455,0.34528659708593185,0.1642176645605773,1.7546143772e-07,0.496194140518,339.0160066579777,93.75984577700126,0.21664759077815673,0.21664670262709157,432.7758524349789,433.3856211253222,-0.14069887430965267,1.5865410475009931,0.21664759077510984,0.02289074521428127,0.15129687774135087,0.21664629391561946,0.022890871830961765,0.1512972961786223,0.18376847428734713,0.3481640567261614,0.16439558243881428,0.2,0.20000086902267883,346.2203058559526,86.55554657902641,-5.980923679649308e-05,-1.4089951427820324e-09,0.36726068684460444,0.3672617025665562,0.16788927231575984,0.1618084767766632,6180.145935001007,11.974566158163288,83.5103323821282,1.4465164822219334,691.3160080028551
147.2923299038,0.045457268042194444,0.18106914214313563,0.3452858928468918,0.1642167507037562,1.78865721965e-07,0.496152932226,339.2593497641427,93.827145879896,0.21664759077829604,0.2166466935494047,433.08649564403873,433.6967020215815,-0.14069887428204142,1.586541047500458,0.2166475907753483,0.02287358045812745,0.15124014168906166,0.2166463055485447,0.022873705744263922,0.15124055588453753,0.18376997780900012,0.3481580426407434,0.16438806483174329,0.19999999999999968,0.20000087729058194,346.4688165725272,86.61767907151155,-5.980927052506857e-05,-1.2989387343509406e-09,0.3671229647591017,0.36712397018444476,0.16788159494656305,0.19324813344398772,5174.694224355064,11.95305496232827,83.66062091671462,1.4708976857016005,679.8569402351136
147.5184884811,0.045488678955708337,0.18106938708792683,0.34528505995044795,0.16421567286252112,1.82374176827e-07,0.496111423684,339.5014638820808,93.89410608793004,0.21664759077815934,0.21664668453747057,433.39556997001085,434.0062118245145,-0.14069887431715777,1.5865410475006467,0.216647590775154,0.02285642626081124,0.15118341926551085,0.21664631698160572,0.022856550243163666,0.1511838293044718,0.18377150939093329,0.3481519163120372,0.1643804069211039,0.19999999999999998,0.20000088550073292,346.7160722039139,86.67949776609703,-5.9809258623477746e-05,-1.3886114480499145e-09,0.36698527575623696,0.366986271091983,0.16787377429210487,0.22488780475223374,4446.661752520252,11.931573545418392,83.81124217970314,1.4954144314377469,668.7109465959633
147.7448596355,0.04552011939381945,0.18106966930440477,0.3452840989024927,0.1642144295980879,1.85985408489e-07,0.496069654916,339.7421018017357,93.96065803172083,0.21664759077807588,0.216646674013951,433.7027598334565,434.313834509513,-0.14069887429366545,1.5865410475010884,0.21664759077509366,0.022839299666086076,0.15112676687498505,0.2166463298478268,0.022839422194460814,0.15112717225721128,0.18377306779151978,0.3481456827093852,0.1643726149178654,0.2000000000000003,0.20000089510618232,346.96181965674356,86.74094017671293,-5.980923079018652e-05,-1.4164669437377597e-09,0.3668477567527618,0.36684874078466856,0.1678658166953484,0.25651786418110073,3898.363972397663,11.910133914218347,83.96211219810027,1.5199670597236916,657.9089945421487
147.9711084314,0.04555154283769445,0.18106998614080966,0.3452830109305705,0.16421302478976085,1.89695776278e-07,0.496027687471,339.9809066378693,94.02670300943474,0.2166475907780637,0.21664666387444806,434.00760964730404,434.61911384803926,-0.14069887431343853,1.586541047501424,0.21664759077504708,0.022822225872264193,0.1510702679956059,0.21664634233589086,0.022822346985498974,0.15107066884573914,0.183774650584186,0.3481393515384915,0.16436470095430553,0.1999999999999998,0.20000090435760456,347.205695219761,86.80191442754304,-5.980920962933567e-05,-1.4379608614945028e-09,0.3667106103849286,0.3667115834155535,0.1678577345464032,0.28791945937320884,3473.193517996203,11.88876830153749,84.11300267923272,1.5444583360747073,647.4761906116119
148.1970132193,0.04558291850268056,0.181070337201587,0.34528179765138034,0.16421146044979334,1.9350298617e-07,0.495985563057,340.2176498888421,94.09217782560779,0.21664759077814727,0.2166466540230875,434.3098277144499,434.9217577316117,-0.1406988742879478,1.5865410475008053,0.21664759077515294,0.02280522128799465,0.15101397712792897,0.21664635448619515,0.022805341023912316,0.1510143735672612,0.183776256156902,0.3481329292481592,0.1643566730912572,0.20000000000000012,0.20000091334352063,347.4474654974929,86.86236221695708,-5.9809248631470524e-05,-1.3890999461807496e-09,0.3665739689483389,0.36657493127210833,0.16784953607740885,0.3192623700914786,3132.220059988494,11.867491464139697,84.26380613137373,1.5689444191736037,637.3712081698351
148.4225652171,0.04561424516904167,0.18107072226728763,0.3452804597923497,0.1642097375250621,1.97408105011e-07,0.495943284233,340.4523303963404,94.15708215983615,0.21664759077822698,0.21664664449041254,434.60941255617655,435.2217646798558,-0.14069887431519268,1.5865410474994006,0.21664759077535353,0.022788286212461248,0.1509578954956025,0.2166463662844164,0.022788404613483693,0.15095828766080943,0.18377788434933423,0.34812641647943005,0.16434853213009581,0.19999999999999998,0.20000092203699057,347.68712931898636,86.92228323719014,-5.980933717175674e-05,-1.2965184481572578e-09,0.366437835413298,0.36643878736198093,0.16784122210677133,0.3505542587240401,2852.6254498799576,11.846297982653187,84.41455731270001,1.5934284140836363,627.5776126253462
148.647921663,0.04564554467541667,0.18107114151008188,0.3452789969221362,0.16420785541205432,2.01415064939e-07,0.495900822253,340.685118133478,94.22146302058407,0.21664759077813747,0.2166466352206034,434.90658115406205,435.51935197958005,-0.14069887428256322,1.5865410474989399,0.21664759077539872,0.022771408525615308,0.15090198317323503,0.21664637777194903,0.022771525624246912,0.1509023711684045,0.18377953623458734,0.3481198089386462,0.16434027270405885,0.19999999999999973,0.20000093048713583,347.9248602482706,86.98172090579146,-5.980936620408883e-05,-1.2756573575245511e-09,0.3663021128642123,0.3663030546904734,0.16783278715367514,0.381816074451958,2619.0620744172597,11.825176973015667,84.56533058929595,1.6179170687341988,618.0786514492765
148.8732691006,0.04567684293063889,0.1810715953548081,0.34527740817748814,0.16420581282268004,2.05528423656e-07,0.495858142227,340.91620830209655,94.28537439393627,0.2166475907781568,0.21664662611002472,435.2015826960328,435.8147691702297,-0.14069887428650452,1.5865410474982087,0.21664759077552295,0.02275457404497748,0.1508461933393663,0.21664638909461112,0.022754689858755638,0.1508465772192251,0.18378121315863216,0.34811310124308714,0.16433188808445498,0.20000000000000015,0.20000093879103328,348.1608575934827,87.04072510255007,-5.9809412300548814e-05,-1.2183143383026618e-09,0.3661666876458506,0.36616761948253457,0.16782422434643265,0.41303990534813967,2421.0735743732275,11.80411969405563,84.71618603660757,1.6424073230217042,608.8623607450787
149.0987052121,0.045708153501680546,0.18107208388053847,0.3452756929416064,0.16420360906106796,2.09751193945e-07,0.495815225552,341.1457003934506,94.34884379562222,0.21664759077822118,0.2166466172542528,435.4945441890728,436.10814343761587,-0.14069887429900563,1.5865410474972017,0.21664759077564047,0.022737775329882845,0.1507905014577604,0.2166464001807084,0.022737889881932233,0.1507908812956945,0.18378291585664502,0.34810629045162245,0.16432337459497742,0.2,0.2000009468598804,348.3952229989462,87.09932119012659,-5.98094757608969e-05,-1.1640688413194766e-09,0.36603150019852454,0.36603242222376986,0.16781552993060925,0.4442176339214949,2251.148814539692,11.783124102359812,84.86713636494157,1.6669056847777097,599.9139658182611
149.3242022217,0.04573947253079167,0.18107260693386568,0.345273851421802,0.16420124448793633,2.14083881394e-07,0.495772077377,341.37356467331944,94.4118630021314,0.21664759077819415,0.21664660869696792,435.7854276754509,436.3994367703862,-0.14069887428806993,1.586541047494522,0.21664759077600626,0.022721014324204106,0.15073491408497272,0.21664641095495812,0.022721127648440885,0.15073528999023714,0.18378464415216314,0.3480993772713801,0.16431473311921693,0.19999999999999993,0.20000095465352213,348.62792611626725,87.15750155918359,-5.980964465912564e-05,-9.952261237344828e-10,0.36589656643773144,0.3658974789167456,0.1678067048085735,0.47536304891748093,2103.6553057231667,11.762189365243685,85.0181857261131,1.6914184281255575,591.2197616932715
149.5496592109,0.045770786001513894,0.18107316432922177,0.3452718846001016,0.16419872027087984,2.18525139354e-07,0.495728717112,341.5996991582066,94.47440380847038,0.2166475907781429,0.2166466003397519,436.074102966677,436.6885187968625,-0.14069887430939731,1.5865410474938733,0.2166475907760962,0.022704298372754055,0.15067945570897864,0.2166464214847617,0.02270441049615432,0.15067982776786784,0.1837863972828794,0.3480923647489631,0.1643059674660837,0.2000000000000001,0.20000096226296343,348.858862755383,87.215240211294,-5.9809685559741865e-05,-9.537148848437482e-10,0.365761945806011,0.36576284894826666,0.16779775287018148,0.5064382340656283,1974.5744549579408,11.741316331380476,85.16932614508869,1.7159240513388572,582.7763759239493
149.7749819749,0.04580208082984723,0.18107375541351498,0.34526979361631216,0.16419603820279718,2.23073241158e-07,0.4956851633,341.82401155430915,94.53644068947087,0.21664759077813153,0.21664659238246523,436.36045224378006,436.97527153175605,-0.14069887429116745,1.586541047493939,0.21664759077610024,0.022687634258084816,0.1506241489870891,0.21664643150546473,0.02268774524019502,0.1506245173940651,0.18378817446467124,0.34808525602181684,0.1642970815571456,0.20000000000000004,0.2000009695039406,349.0879387418461,87.27251350193399,-5.9809681418609983e-05,-9.51849710162378e-10,0.365627693302116,0.36562858757965366,0.16778867812034118,0.5374477561381691,1860.6459671271123,11.720525482969427,85.32040661940077,1.7404146851471287,574.5757080390662
149.999871303,0.045833315458749996,0.18107437957718725,0.3452675818266281,0.16419320224944084,2.27721578424e-07,0.495641474854,342.04621060602557,94.59789309409372,0.21664759077810003,0.21664658465197417,436.6441037001193,437.25932264490694,-0.14069887431245043,1.5865410474918966,0.21664759077636753,0.022671043784298343,0.15056906649208643,0.21664644126666877,0.022671153653853512,0.15056943133934428,0.183789973279769,0.34807806076276326,0.16428808748299426,0.19999999999999996,0.20000097653636992,349.31485656124744,87.32924713887184,-5.980981014896969e-05,-8.284706254357843e-10,0.3654939850904873,0.36549487072710296,0.16777949290659017,0.5687546245113553,1758.2274620784817,11.699898114825572,85.47082976157255,1.7649638138101755,566.5838541138223
150.2227661534,0.04586427307686111,0.18107503691895147,0.34526526726117096,0.1641902303422195,2.32435439043e-07,0.495597959046,342.26478133619554,94.65834203327786,0.216647590778189,0.21664657351103025,436.9231233694734,437.53873544487794,-0.14069887430163686,1.5865410474918813,0.21664759077641838,0.022654641276614915,0.15051458825182001,0.2166464547519088,0.022654749621662675,0.15051494816682717,0.18379178114874012,0.3480708292871323,0.16427904813839217,0.19999999999999998,0.2000009867128931,349.5380675778996,87.3850557915738,-5.980981111486372e-05,-8.050005106952085e-10,0.3653617436573724,0.36536261732135644,0.16777026146031318,0.6002765722222743,1665.8987644610484,11.679354272150126,85.62117191568876,1.7896235883803042,558.7767206985958
150.4454930523,0.045895207368375,0.18107573019044187,0.34526283240410693,0.16418710221366506,2.37251031192e-07,0.495554262364,342.4815391654978,94.71828958801237,0.2166475907780234,0.21664656030854232,437.1998287535102,437.81583069881697,-0.14069887430144812,1.586541047490941,0.21664759077648804,0.022638291595332594,0.15046026583564379,0.2166464703218573,0.022638398203710067,0.15046062010941622,0.18379361249390186,0.348063503906836,0.16426989141293413,0.1999999999999999,0.2000009987948526,349.7594263298696,87.44040242364056,-5.9809870378568775e-05,-7.72848451902064e-10,0.365229880474379,0.3652307404447312,0.16776091013863448,0.6310755920494197,1584.5962236512703,11.658894842320242,85.77142289422945,1.8140786468327397,551.2440167607581
150.6697490009,0.04592635402790277,0.18107645882027676,0.34526025668093996,0.1641837978606632,2.42204702077e-07,0.49551004992,342.69812072949645,94.77818839412281,0.21664759077808943,0.21664655001178684,437.4763091236193,438.09270062179286,-0.14069887430187,1.5865410474900177,0.21664759077664417,0.022621870356926622,0.1504056859195377,0.2166464830715865,0.022621975515587027,0.1504060355025257,0.18379548115294772,0.3480560292714315,0.16426054811848376,0.2,0.20000100819421993,349.9806062378092,87.49570288581008,-5.9809928576459725e-05,-7.007838753736451e-10,0.3650973922315528,0.36509824081541287,0.16775136828305032,0.6615728886242103,1511.549244527801,11.638444238476977,85.92213697205129,1.838527056023905,543.9136708505407
150.8956965015,0.04595773562520833,0.18107722523225117,0.34525753565862094,0.16418031042636977,2.47300585959e-07,0.495465285343,342.914647251169,94.83807197748709,0.21664759077818382,0.2166465414952453,437.7527192286561,438.36950018066295,-0.14069887429500882,1.5865410474885757,0.21664759077686743,0.022605366360171915,0.15035081097277764,0.21664649393933957,0.022605470270677892,0.15035115653255846,0.18379738916698798,0.34804839721638947,0.1642510080494015,0.19999999999999965,0.20000101595260825,350.20173064690795,87.55098858174809,-5.981001945931652e-05,-5.97732974227938e-10,0.36496418782615775,0.3649650266440143,0.1677416254710337,0.6924681508689297,1444.1097381087784,11.617974421511608,86.07352398266777,1.8632507914305512,536.6964042624817
151.1222464429,0.04598920089484722,0.18107802780495252,0.34525468063189485,0.16417665282694233,2.52513841222e-07,0.495420181656,343.13004953281865,94.89764463570619,0.21664759077812024,0.21664653353929275,438.0276941685248,438.64486255236034,-0.1406988743112958,1.5865410474890418,0.21664759077679513,0.02258885959945292,0.15029590679540453,0.21664650410192507,0.022588962341273243,0.15029624859348034,0.18379932789264386,0.34804064231339976,0.1642413144207559,0.20000000000000023,0.20000102319374252,350.4217071476241,87.6059870209007,-5.980999008281529e-05,-6.311062783481702e-10,0.3648309124658614,0.36483174215248954,0.16773172583604798,0.7237202761782515,1381.749320719185,11.597541888599313,86.22516819560067,1.888164448880465,529.6148863479144
151.3480171545,0.046020557938125,0.18107886348903993,0.345251709498953,0.16417284600991308,2.57810860769e-07,0.495375014873,343.3430161613555,94.95654367848614,0.21664759077828888,0.2166465249143165,438.2995598398416,438.9171112744842,-0.14069887429301042,1.5865410474879909,0.2166475907769642,0.022572450513143723,0.1502413076125994,0.21664651504830174,0.02257255199475263,0.15024164534093945,0.183801285589379,0.3480328115273014,0.16423152593792242,0.20000000000000037,0.20000103105107417,350.63919596264134,87.6603638772003,-5.981005632982317e-05,-5.53068701947268e-10,0.36469837745471306,0.36469919726239336,0.16772172933105917,0.754970720677929,1324.5546782291715,11.577221950947699,86.37650761443172,1.9130771495027479,522.7180724310688
151.5723589131,0.04605171651570834,0.1810797283592364,0.34524863264748357,0.16416890428824715,2.63173730834e-07,0.495329918744,343.55295934033813,95.0146065418198,0.216647590778179,0.2166465163869212,438.5675658821579,439.1854949296095,-0.14069887429926098,1.586541047488221,0.21664759077693438,0.02255618555286716,0.1501871684028538,0.21664652595397774,0.022556285784482585,0.15018750209149423,0.18380325621832544,0.34802492901137216,0.16422167279304672,0.20000000000000026,0.2000010388195324,350.8535971131726,87.7139687689853,-5.981004183031047e-05,-5.668243652223737e-10,0.36456695899021313,0.364567768991856,0.16771166678984814,0.7857683110036694,1272.6397667051378,11.55705886377264,86.52720486997363,1.9378014186197166,516.0487500893119
151.7955707519,0.04608271815998611,0.18108062047818174,0.3452454479021776,0.16416482742399585,2.68607396513e-07,0.495284837262,343.76018778128076,95.07191860462828,0.21664759077819618,0.21664650985122633,438.83210638590907,439.4504081640383,-0.14069887446741536,1.5865410474848356,0.21664759077694135,0.022540042184727,0.15013341461755608,0.21664653483010882,0.022540141376430373,0.15013374496238469,0.18380524182538124,0.3480169865831855,0.16421174475780423,0.20000000000000004,0.20000104474527908,351.0652266409558,87.76687974495327,-5.981025520407357e-05,-5.63615820681207e-10,0.3644364761117582,0.3644372779965737,0.16770152776672076,0.8164669795835606,1224.7892750176504,11.537028391763771,86.67743252793719,1.9624654615571562,509.56310803377437
152.0185436427,0.04611368661704167,0.18108154605972257,0.3452421441793309,0.16416059811960834,2.74132755373e-07,0.495239592809,343.96554417096434,95.12871292419433,0.21664759077816503,0.21664650287008197,439.09425709515875,439.712928235292,-0.14069887428967975,1.5865410474860548,0.2166475907772528,0.022523955474631936,0.15007983033916295,0.216646544143038,0.022524053591088382,0.15008015721969503,0.1838072503126992,0.34800895263546444,0.16420170232276524,0.20000000000000023,0.20000105108639843,351.2749441501257,87.819312945033,-5.9810178354435806e-05,-4.1985304122249545e-10,0.3643064046973277,0.3643071981728493,0.16769127191260375,0.8473528235852198,1180.145946488875,11.517076729940666,86.82758858420421,1.987213242193831,503.2172586048321
152.2419945624,0.046144721467,0.18108250782165156,0.34523871046932947,0.1641562026476779,2.79768543469e-07,0.495194039992,344.16968647244755,95.1851714698945,0.2166475907781722,0.21664649572863653,439.35485794234205,439.9738962615733,-0.1406988742948534,1.586541047485054,0.21664759077736262,0.02250787361567557,0.15002624308991935,0.2166465536365647,0.022507970631093686,0.15002656641773046,0.1838092882068883,0.34800080105925607,0.16419151285236777,0.19999999999999998,0.20000105757407363,351.4834217035667,87.87143623877529,-5.9810241426205835e-05,-3.691602579181108e-10,0.3641763260714029,0.36417711092298743,0.16768086589837308,0.8782040270954982,1138.6875590941208,11.497161610806868,86.97798933782407,2.01200462062087,497.0167512296355
152.4661116663,0.04617584884254166,0.18108350629969416,0.3452351429535324,0.16415163665383825,2.85521925188e-07,0.495148139394,344.3727741553196,95.24133834536025,0.2166475907781804,0.21664648872222472,439.6141125006798,440.2335161021655,-0.1406988743087645,1.5865410474837542,0.21664759077752227,0.022491783219965547,0.14997260823218866,0.21664656290304352,0.0224918791617975,0.14997292809636512,0.1838113574199994,0.3479925242076113,0.16418116678761188,0.1999999999999997,0.20000106393825554,351.69082227827187,87.92329022240793,-5.981032336066505e-05,-2.954636535434929e-10,0.3640461318798039,0.36404690832370107,0.16767029996188362,0.9090036027910686,1100.1056507691824,11.47726857372608,87.12874440258491,2.0368405485718495,490.9564475732574
152.6905854341,0.046207025754736106,0.1810845398434209,0.34523144579703896,0.16414690595361806,2.91388311113e-07,0.495101953638,344.57451564717184,95.29713291200721,0.21664759077825904,0.21664648217622284,439.87164855917905,440.4914150214122,-0.14069887427954342,1.5865410474831365,0.2166475907776638,0.022475706625685474,0.14991900021573473,0.2166465715519783,0.022475801568761035,0.14991931686330828,0.18381345525143072,0.3479841328825979,0.16417067763116716,0.19999999999999993,0.20000106987902608,351.8968482378923,87.97480032128678,-5.9810362296186526e-05,-2.3014923300479495e-10,0.36391600284318953,0.36391677147904855,0.16765958789275995,0.9398449676565465,1064.0052715220118,11.4574208546162,87.27967774676789,2.0617077988907195,485.034785500661
152.9149343005,0.04623818531951389,0.18108560707444227,0.3452276269197456,0.16414201984530336,2.97358963288e-07,0.495055582241,344.7744758719877,95.35243484305232,0.21664759077817036,0.21664647600445697,440.12691071504,440.747036834306,-0.14069887428400651,1.5865410474806398,0.21664759077803986,0.02245967820610735,0.149865533749783,0.21664658021938984,0.022459772124527495,0.14986584709174902,0.18381557724894712,0.34797564489441196,0.16416006764546484,0.19999999999999976,0.20000107547054158,352.101055228505,88.02585548653504,-5.9810519659198036e-05,-5.6565863104651726e-11,0.36378621740873957,0.3637869780205091,0.1676487524265484,0.9706656892557318,1030.220817598653,11.437649731019667,87.43054941505451,2.0865638289034,479.256846183111
153.138871471,0.04626928770430556,0.18108670585267508,0.34522369179945256,0.16413698594677747,3.03430772059e-07,0.495009085985,344.9724055062895,95.40717518460137,0.2166475907782135,0.21664647053186692,440.3795806908908,441.00006281489647,-0.14069887429156713,1.586541047477483,0.21664759077843873,0.02244371814447764,0.14981227634769334,0.21664658841564155,0.022443811077262614,0.1498125865114898,0.18381772057365084,0.3479670715975918,0.164149351023941,0.20000000000000007,0.20000108041458034,352.30318876019277,88.07639193069804,-5.981071863336851e-05,1.2754242106893798e-10,0.36365693945956434,0.3636576923565895,0.16763780805832007,1.0014517272572043,998.5503771997274,11.417963167699082,87.5812949571388,2.1114276583526053,473.61319533922745
153.3624503998,0.04630034033330555,0.1810878373013661,0.3452196404042536,0.16413180310288752,3.09610659657e-07,0.49496245558,345.168360681783,95.461369460586,0.21664759077818488,0.21664646467633164,440.629730142369,441.25056471975785,-0.14069887429676298,1.5865410474760147,0.2166475907786204,0.022427822285900567,0.14975921436058806,0.21664659701368622,0.022427914193779125,0.14975952121243952,0.18381988570287083,0.3479584110816202,0.16413852537874934,0.20000000000000034,0.2000010857138859,352.50330571607867,88.12642442629036,-5.981081119266207e-05,2.114086683491223e-10,0.3635281358641396,0.36352888072169154,0.16762675234948282,1.0324666505841724,968.5542864112824,11.398348037939366,87.73201139950308,2.1364213657498645,468.0724580045609
153.5859373201,0.046331380183347225,0.18108900466280728,0.3452154683850447,0.1641264637222374,3.15912699755e-07,0.494915636859,345.3625800594235,95.51508367632535,0.21664759077832235,0.21664645657411943,440.87766373574885,441.4988476441039,-0.14069887422577532,1.5865410474765305,0.21664759077879714,0.02241197145980489,0.1497062839689934,0.21664660761119595,0.022412062145117526,0.14970658684612886,0.1838220753545349,0.34794965247584364,0.16412757712130874,0.2,0.20000109309001737,352.701649069626,88.1760146661229,-5.981077867422968e-05,2.929878561985788e-10,0.36339965170595867,0.3634003869152155,0.1676155714226747,1.0634204348439422,940.361843005914,11.378789424574231,87.88281096408618,2.161426575156453,462.6574002069054
153.8096028433,0.04636244483934722,0.1810902066868226,0.3452111703580161,0.16412096367119347,3.22352690118e-07,0.49486857376,345.555298168286,95.56838269401258,0.21664759077816378,0.21664644864047752,441.1236808622986,441.74521140194986,-0.14069887428517225,1.5865410474757742,0.21664759077867402,0.022396146353630617,0.1496534207882687,0.21664661806237678,0.022396235826227337,0.14965371972065158,0.1838242920121672,0.34794078584469673,0.16411649383252952,0.1999999999999999,0.20000110030846338,352.8984593177194,88.22522154457917,-5.981082634720636e-05,2.361444373377708e-10,0.36327133069661877,0.3632720563303142,0.16760425259487893,1.0943128874770034,913.8154283328904,11.359277011757845,88.03377177657632,2.186421074070813,457.3684419068183
154.0335577125,0.04639354968229167,0.18109144607414152,0.345206744179546,0.16411529810540448,3.28943142774e-07,0.494821243152,345.7466055510807,95.6212915548478,0.21664759077821796,0.216646439344252,441.3678971059285,441.98977173923845,-0.14069887428906913,1.5865410474749084,0.2166475907787813,0.022380339110246568,0.14960059862930553,0.2166466300185262,0.022380427205816483,0.1496008930649028,0.1838265369810073,0.3479318059698799,0.1641052689888726,0.19999999999999984,0.2000011087856007,353.0938283023738,88.27406880355463,-5.981088091466802e-05,2.856603842360528e-10,0.36314310926422017,0.3631438239823395,0.16759278920391998,1.125217306762145,888.7172228780746,11.339804232789408,88.18494389069504,2.211445908014314,452.19283744449035
154.2577141852,0.046424682525722225,0.1810927206019037,0.34520219113316,0.16410947053125627,3.3569586173e-07,0.494773663781,345.9364221223709,95.67378810978698,0.2166475907780541,0.21664643011248544,441.61021023215795,442.23242627776267,-0.14069887430957495,1.5865410474744066,0.21664759077881782,0.022364555903338898,0.1495478381767483,0.21664664201636175,0.02236464261766824,0.14954812809817528,0.18382880934524554,0.34792271651310597,0.16409390716786043,0.20000000000000004,0.20000111720361555,353.2876748172028,88.32253541495513,-5.981091254492199e-05,3.0253577421035516e-10,0.3630150376190305,0.3630157413793739,0.16758118592460058,1.155916248071748,865.1145804621735,11.320379317980455,88.33626258544834,2.236423671414817,447.14246803128106
154.481887795,0.04645581774930556,0.1810940289093956,0.3451975149671822,0.1641034860577866,3.42655505733e-07,0.494725875422,346.12458957179155,95.72582857609996,0.21664759077824303,0.21664642115463487,441.85041814789145,442.47297263943153,-0.14069887428974637,1.586541047473938,0.21664759077894014,0.02234880962181339,0.14949518260403374,0.216646653802127,0.022348894972970518,0.14949546806833483,0.18383110724999316,0.34791352489472777,0.1640824176447346,0.19999999999999996,0.20000112536841178,353.47983727380984,88.3705808740816,-5.9810942076854445e-05,3.589795127822981e-10,0.362887220561005,0.3628879135020431,0.16756945222927716,1.1865502515458919,842.7793080800028,11.301013484310252,88.48763886427963,2.2613983392829713,442.20426920321927
154.7059427249,0.04648693648956945,0.18109537002905793,0.34519271865885715,0.16409734862979922,3.49821962054e-07,0.494677908115,346.31099536103574,95.77738182943858,0.21664759077837684,0.21664641269466114,442.0883771904743,442.7112669593988,-0.1406988742804316,1.5865410474735981,0.21664759077902113,0.022333109630945945,0.14944266335603748,0.2166466652628229,0.02233319364511948,0.14944294444743614,0.18383342928145394,0.3479042367692896,0.16407080748783567,0.2000000000000003,0.20000113307240872,353.67020083423705,88.41817635623728,-5.981096350415882e-05,3.963718242516734e-10,0.3627597344199846,0.36276041674616294,0.16755759533650477,1.2170792115494236,821.6392084512994,11.28171819946625,88.63898054529594,2.286350612750404,437.37823692623994
154.9298480204,0.04651803444727777,0.18109674325029815,0.3451878034277595,0.16409106017746136,3.57195167768e-07,0.494629769792,346.4956170574848,95.82844166556822,0.21664759077816323,0.21664640472191574,442.32405872305293,442.94728056107937,-0.14069887442066387,1.586541047470745,0.2166475907790303,0.02231745787114258,0.14939028707095578,0.21664667610597965,0.022317540625345418,0.1493905640438693,0.18383577503613516,0.3478948537506109,0.16405907871447575,0.2,0.20000114032765007,353.85874258408796,88.46531613896505,-5.981114332698212e-05,4.006128762057415e-10,0.3626325953096432,0.36263326763853865,0.16754561730646686,1.2475307070933306,801.5834755121484,11.262504534245112,88.79019732772313,2.3112823889520993,432.6602429802552
155.1536789254,0.04654912207297222,0.18109814928520626,0.3451827679949694,0.16408461870976312,3.647834676e-07,0.494581445523,346.67851953340664,95.87902602620714,0.21664759077820755,0.21664639706447186,442.55754555961374,443.18109637325466,-0.1406988742849613,1.5865410474719597,0.2166475907792212,0.022301848854832093,0.14933803552622518,0.21664668661243727,0.022301930388074334,0.14933830850814647,0.1838381452711005,0.3478853728117038,0.16404722754060327,0.2,0.20000114729262722,354.0455287046819,88.51201685493189,-5.981106677710457e-05,4.887201754399939e-10,0.3625057589962114,0.36250642163730257,0.1675335142746942,1.2779691021708364,782.491531525558,11.243370250877447,88.94130298003472,2.3362170803582094,428.0424145545033
155.3775308086,0.046580212612305556,0.18109958862332334,0.3451776103521249,0.16407802172880157,3.7258960477e-07,0.49453291575,346.8597816517163,95.92915672181374,0.21664759077809068,0.21664638977888118,442.7889383735301,443.4128152130314,-0.14069887429879468,1.5865410474720325,0.2166475907791688,0.022286275757033007,0.14928588599406512,0.21664669673050363,0.022286356112871844,0.14928615512790142,0.1838405409899562,0.34787578993602536,0.16403524894606916,0.20000000000000023,0.20000115391383796,354.23063975854075,88.5582986149893,-5.981106218078125e-05,4.64539517963658e-10,0.36237917030987726,0.3623798236100596,0.16752128111435094,1.3083945681810232,764.2954383326703,11.224303760062822,89.0923857173305,2.3611679625876008,423.5192141537027
155.6014622858,0.04661131420636112,0.18110106174857707,0.3451723291326581,0.16407126738408104,3.806235118e-07,0.494484168618,347.03945010247963,95.97884666531615,0.21664759077800036,0.21664638285720933,443.0182967677958,443.6424967667367,-0.14069887431662487,1.5865410474706683,0.21664759077931522,0.022270734371042225,0.14923382448708544,0.21664670654323184,0.022270813577628945,0.14923408986430997,0.18384296285569,0.3478661024738133,0.1640231396181233,0.20000000000000007,0.20000116019809114,354.4141234252544,88.6041733425414,-5.9811148167554506e-05,5.321298957028375e-10,0.3622527952974054,0.3622534394787226,0.16750891444228527,1.338791323900292,746.9423965840372,11.205304124765238,89.24345014338921,2.386112014123464,419.0918088006648
155.8252949982,0.04664240208308333,0.1811025674057843,0.345166928776554,0.16406436137076974,3.8888576051e-07,0.494435244012,347.2173823400419,96.02805643373235,0.21664759077812779,0.21664637640465126,443.2454387737743,443.86995880913076,-0.14069887429012384,1.5865410474709658,0.2166475907793458,0.02225523692282863,0.14918189207416774,0.21664671602931307,0.022255315001794986,0.1491821537644332,0.18384540890129475,0.3478563182915532,0.16401090939025847,0.20000000000000004,0.20000116604757323,354.5958341737512,88.64960460002308,-5.981112941588762e-05,5.46229728115577e-10,0.3621267336501171,0.3621273688816454,0.16749642430096873,1.3690748995867497,730.4202277770532,11.186391387345962,89.3943332906445,2.4110022970753335,414.7652622368092
156.0485154284,0.04667340492061112,0.18110410181596953,0.34516142261312777,0.16405732079715823,3.97362686445e-07,0.494386256222,347.3931783849716,96.07667540666618,0.21664759077808107,0.21664637031829562,443.4698537916377,444.094690021291,-0.14069887429262184,1.5865410474704875,0.21664759077939774,0.022239818635316412,0.14913020698475682,0.21664672511618005,0.022239895638127956,0.14913046515761946,0.1838478733690481,0.3478464604207986,0.1639985870517505,0.19999999999999998,0.2000011715607287,354.77536348144514,88.69449031019262,-5.981115956954497e-05,5.702105454474804e-10,0.3620012723602342,0.36200189905355745,0.16748384009149883,1.3993114710190926,714.6371774339265,11.167558817889748,89.545084678494,2.435872315491394,410.53054942178596
156.2714652183,0.04670437016920834,0.18110566758110364,0.3451558031125019,0.16405013553139824,4.06071262788e-07,0.494337132415,347.5671174190683,96.1247807961539,0.21664759077824433,0.2166463643195137,443.6918982152222,444.3170472990311,-0.14069887428563854,1.5865410474701236,0.21664759077949097,0.02222445554623354,0.1490786891082476,0.2166467342108256,0.022224531466298894,0.14907894373887579,0.18385035989723894,0.34783651430849716,0.16398615441125822,0.20000000000000026,0.20000117699368475,354.9529963496156,88.73890186560664,-5.981118250675266e-05,6.132427898819515e-10,0.3618762169658731,0.36187683506071444,0.16747114323593712,1.4294988352378302,699.5458655505843,11.14883811324478,89.69544537668042,2.4607086635848443,406.3869952581733
156.4939156743,0.046735266065875004,0.18110726286422854,0.3451500766425676,0.16404281377833904,4.15005674911e-07,0.494287925066,347.7390298751828,96.1723257056272,0.21664759077810955,0.21664635841120264,443.91135558081,444.5368138738507,-0.14069887431600314,1.5865410474697483,0.21664759077949322,0.022209163071183098,0.14902739033876658,0.21664674325376845,0.022209237905255134,0.14902764141344765,0.18385286583613417,0.3478264905529277,0.16397362471679353,0.19999999999999987,0.20000118234081332,355.1285596101348,88.7827959706752,-5.981120615450308e-05,6.142863995250991e-10,0.36175169343574387,0.36175230289881705,0.16745834726383854,1.4596411082279892,685.0999155634938,11.130235232716384,89.84536077553732,2.485536983919122,402.32754791812806
156.7154517093,0.046766034959625,0.18110888495378338,0.3451442552491319,0.1640353702953485,4.24150351854e-07,0.494238728938,347.90861089088895,96.21922582115707,0.21664759077810652,0.21664635204486582,444.1278367120461,444.75360002068396,-0.14069887430001593,1.5865410474697097,0.2166475907795215,0.022193969248422894,0.1489764050057018,0.21664675273066455,0.022194042960525025,0.14897665240072025,0.1838553863474779,0.3478164085076933,0.1639610221602154,0.20000000000000012,0.20000118811503867,355.30174169467494,88.82609501737109,-5.9811208585891507e-05,6.27342622294691e-10,0.3616279307466527,0.36162853127764844,0.16744547688118086,1.4898500363927272,671.208494528236,11.11167664940255,89.99541937298613,2.510464955531885,398.3325868765744
156.9379976233,0.046796944114347226,0.18111054760321788,0.34513828800890595,0.16402774040568807,4.3358786447e-07,0.494189117374,348.07733277129574,96.26588833004683,0.21664759077778573,0.21664634536416638,444.34322110134264,444.9692878801814,-0.14069887425744998,1.5865410474698196,0.2166475907795929,0.022178741979201853,0.1489252899248541,0.2166467623828344,0.02217881455474314,0.1489255335889153,0.18385794339732345,0.34780618030867183,0.16394823691134838,0.1999999999999997,0.20000119417999276,355.4740462552895,88.86917484605308,-5.981120165809983e-05,6.602940416655656e-10,0.36150385310552424,0.36150444457992914,0.1674324199237078,1.520093123278583,657.854433183126,11.093145221472348,90.14575938881237,2.535477505856107,394.4030257378871
157.1623559028,0.046828104986499995,0.1811122571232495,0.34513215104721223,0.16401989392396274,4.43359641705e-07,0.494138908838,348.24577311345536,96.3124729758358,0.21664759077821966,0.21664633874134973,444.5582460892911,445.1846158324247,-0.14069887432258676,1.5865410474686494,0.21664759077964002,0.022163426887320092,0.14887386233761818,0.21664677198157545,0.022163498329242817,0.14887410227854547,0.18386054668542917,0.34779576715648125,0.16393522047105208,0.2000000000000003,0.20000120019105871,355.6460633166009,88.91218277269026,-5.981127542131759e-05,6.820322084877262e-10,0.36137901688092405,0.36137959931772856,0.16741912686158858,1.5503806839968965,645.0028759530145,11.074592421394014,90.29677679768959,2.560590550449376,390.5349099349379
157.3878837725,0.04685942830173611,0.18111400852463455,0.3451258596311775,0.16401185110654293,4.53444881177e-07,0.494088244588,348.413416597916,96.35883723865408,0.21664759077813514,0.2166463328923051,444.7722538365701,445.39892511029467,-0.14069887428880268,1.5865410474688517,0.2166475907796997,0.02214806841162892,0.14882227122184677,0.21664678092592943,0.022148138775996584,0.14882250762568336,0.18386318920395034,0.3477851970826952,0.16392200787874484,0.2000000000000001,0.20000120548808878,355.81726690160184,88.95498693496822,-5.9811262664855036e-05,7.095879439589226e-10,0.3612537837042971,0.3612543575551058,0.1674056334788896,1.5805679520750846,632.6839657144302,11.056049851142774,90.44821735284037,2.585737389947042,386.73687586676414
157.6131930815,0.04689072126131944,0.18111579004379325,0.34511945184065257,0.16400366179685932,4.63731147209e-07,0.494037436629,348.5792211218795,96.40469291016767,0.2166475907783595,0.21664632856395247,444.9839140320472,445.61088352889107,-0.14069887429112304,1.586541047468648,0.21664759077974957,0.022132761143745704,0.14877083431824165,0.21664678825091174,0.022132830612685526,0.14877106779439855,0.1838658547813028,0.34777453477353654,0.16390867999223374,0.2,0.2000012093828516,355.9865930697229,88.99732096232431,-5.98112754990332e-05,7.326139694896483e-10,0.36112892486497944,0.36112949160908725,0.16739202235178594,1.6107804236993637,620.8170805201195,11.037588628104732,90.59949901138056,2.610914004407445,383.00763575970524
157.8372274993,0.04692183715268056,0.18111759502511443,0.3451129593483185,0.16399536432320405,4.72715561564e-07,0.493986726415,348.7424263312697,96.44982970286118,0.21664759077809928,0.21664632413030607,445.1922560341309,445.8195190788403,-0.14069887429009054,1.5865410474680184,0.21664759077978038,0.022117576327040714,0.14871979130916205,0.21664679560451325,0.02211764490973135,0.14872002188586228,0.1838685307950453,0.3477638307187205,0.16389529992367521,0.20000000000000012,0.20000121337571677,356.153264641832,89.03899139229894,-5.981131518950633e-05,7.468248242048503e-10,0.36100502217212127,0.3610055818780372,0.16737835793367628,1.6413082541637547,609.2700731036653,11.019282706313408,90.75000856698759,2.6361826494545286,379.3363863489949
158.0595105461,0.04695270979806944,0.1811194223396166,0.3451063988760159,0.16398697653639932,4.81856417254e-07,0.493936226867,348.902719012211,96.49416099338308,0.21664759077829898,0.21664631649956803,445.396880005594,446.02443135950193,-0.14069887427355932,1.5865410474679853,0.2166475907798414,0.022102545372524735,0.14866924824093494,0.21664680572524464,0.022102612801960922,0.14866947501743902,0.18387121130898784,0.34775310866325676,0.16388189735426892,0.19999999999999996,0.20000122032031412,356.31696047761466,89.07991952797931,-5.981131727672562e-05,7.749800801093443e-10,0.3608823330444312,0.36088288352568454,0.16736467053653697,1.671335310363458,598.3239831045838,11.001148600110609,90.89959933728608,2.6611882932295132,375.7719822171769
158.2808478828,0.04698345109483333,0.18112127069668987,0.3450997480473997,0.1639784773507098,4.91187273432e-07,0.493885759319,349.06071020018396,96.53785577209896,0.21664759077816198,0.2166463125109461,445.5985659722829,446.2264014959505,-0.14069887428506123,1.586541047467718,0.21664759077987852,0.022087612987487938,0.14861901960209514,0.21664681275419362,0.022087679574813772,0.14861924362212914,0.18387390501577128,0.34774233383631337,0.1638684288205421,0.2,0.20000122390312744,356.47830740834786,89.12025856393505,-5.981133412991113e-05,7.921219236095567e-10,0.3607604071681344,0.3607609509582841,0.1673509157732215,1.7009127159520536,587.919644918563,10.983138624419094,91.04865505172394,2.6859837784786587,372.3030675063868
158.5025180716,0.047014238621055554,0.18112315405695892,0.3450929694085338,0.16396981535157487,5.0076580538e-07,0.493835033985,349.2173196108676,96.58116840019882,0.21664759077828302,0.21664630869503468,445.79848801106635,446.4266052189069,-0.1406988742376991,1.586541047469074,0.21664759077995213,0.022072692652728675,0.14856881453632412,0.216646819513238,0.0220727584224853,0.1485690358805808,0.18387662766365218,0.3477314432451527,0.16385481558150053,0.19999999999999993,0.2000012273257198,356.6382432689029,89.16024474216346,-5.9811248664942696e-05,8.260947481630865e-10,0.36063853851351707,0.36063907580843807,0.16733701322935357,1.7308593665096628,577.7476895864361,10.965171362677678,91.19784515212551,2.710985013091588,368.8696157193459
158.7252351333,0.04704517154629166,0.1811250792703544,0.3450860398308594,0.163960960560505,5.10629887242e-07,0.493783886958,349.3730369040313,96.62423430005555,0.21664759077828666,0.21664630492167475,445.9972712040869,446.62566849187124,-0.1406988742734372,1.5865410474677784,0.21664759077989662,0.022057736508716348,0.1485184719444566,0.2166468263574816,0.022057801446993805,0.14851869056450034,0.18387938835562825,0.3477204004769724,0.16384101212134414,0.2000000000000001,0.20000123070758385,356.7972680710455,89.20000313304143,-5.981133032184616e-05,8.004708007547379e-10,0.3605163360256481,0.360516866707767,0.1673229164218438,1.7610196269119476,567.8528420228679,10.947209518620136,91.34747976633658,2.7361462728398713,365.47753675540554
158.9489121558,0.04707623779941667,0.1811270469004865,0.3450789607146821,0.16395191381419558,5.20783900988e-07,0.493732337037,349.5277795673938,96.66703065182203,0.2166475907784079,0.21664630031488466,446.1948102192158,446.8234858338239,-0.14069887428476147,1.5865410474675259,0.21664759078002735,0.022042750712035153,0.1484680124203027,0.21664683403184143,0.022042814730450486,0.14846822801680662,0.1838821864197631,0.347709208221086,0.1638270218013229,0.2000000000000001,0.20000123485785298,356.9552971882073,89.23951303100851,-5.98113462313421e-05,8.608225243733614e-10,0.36039384969430227,0.36039437303702776,0.16730862878337452,1.7914949768882964,558.1930247646752,10.929256529949987,91.49753208369208,2.7615070102672394,362.12111585522536
159.1728966504,0.047107346757,0.18112905358018938,0.34507175210751745,0.16394269852732807,5.3120546686e-07,0.493680534445,349.6810825563118,96.7094288403039,0.2166475907781518,0.21664629283922546,446.39051139661575,447.019462748508,-0.14069887427834438,1.5865410474670205,0.21664759077998813,0.022027779134566612,0.14841758364347066,0.21664684424180417,0.02202784197581128,0.14841779534749625,0.1838850140839787,0.3476978975640252,0.1638128834800465,0.2000000000000001,0.20000124165755273,357.11185485314263,89.27865654347309,-5.9811378094742906e-05,8.427258890719713e-10,0.36027143799954325,0.36027195189359873,0.16729418999836798,1.8218653010179149,548.887999261679,10.91134429040611,91.64773591456172,2.786851094572741,358.82792659695815
159.396483908,0.04713840054277778,0.18113108961561344,0.3450644365752567,0.16393334695964326,5.4186707364e-07,0.493628643664,349.8324648953151,96.7512958450937,0.21664759077823584,0.21664628565989533,446.58376074040893,447.2129843751027,-0.14069887428983519,1.5865410474664519,0.2166475907800708,0.022012868710952434,0.14836734381578864,0.21664685428263253,0.02201293038650011,0.14836755166309146,0.18388786215142297,0.347686505294665,0.16379864314324202,0.1999999999999999,0.2000012481834725,357.2664511738579,89.31730956655102,-5.981141393274214e-05,8.808731521980917e-10,0.3601494849632553,0.3601499894954344,0.1672796470298273,1.8518467612107545,540.0014844350246,10.89351054736484,91.79777222888923,2.812035886896464,355.6142383032179
159.6193543724,0.04716935477394445,0.1811331514472233,0.34505702562261964,0.16392387417539633,5.52757303646e-07,0.493576741555,349.98172288858075,96.7925753309837,0.2166475907784104,0.21664627878774084,446.7742982195645,447.4037903161289,-0.14069887430314676,1.586541047465766,0.2166475907801697,0.02199804035899877,0.14831736364633363,0.21664686385838602,0.0219981009360675,0.14831756786054542,0.18389072635628956,0.3476750484756869,0.16378432211939736,0.2000000000000002,0.20000125442678643,357.41887813000443,89.35542008956006,-5.981145716482672e-05,9.265255229706781e-10,0.3600281622258883,0.36002865793903877,0.16726502165950757,1.8816833904424122,531.439032240639,10.875773154794304,91.9474860101487,2.8371652851120204,352.46448462043577
159.8416754244,0.04720023269783334,0.18113524016526594,0.3450495148290087,0.16391427466374275,5.63888138535e-07,0.493524791934,350.1289829360195,96.83330225539179,0.21664759077809662,0.21664627227239258,446.9622851914113,447.59204215617063,-0.14069887429759564,1.58654104746546,0.21664759078018722,0.021983282513957154,0.14826760439811912,0.2166468728653051,0.02198334207037478,0.14826780523894856,0.18389360862258747,0.34766351941058543,0.16376991078799796,0.20000000000000034,0.2000012603409946,357.5692648282379,89.39302036317332,-5.981147644940066e-05,9.346079465899493e-10,0.35990737575660386,0.35990786328114704,0.16725030406244168,1.911459055419703,523.160565309848,10.858126426425326,92.09691992223529,2.8622351102183923,349.37730881363507
160.0638649364,0.04723109235227778,0.18113736015092047,0.3450418909992834,0.16390453084836293,5.75285451475e-07,0.493472699233,350.2745296625698,96.87355533601077,0.21664759077816084,0.21664626578630056,447.1480849985806,447.77810374992276,-0.1406988743009152,1.586541047465267,0.21664759078023882,0.021968567153260322,0.14821797176206508,0.21664688187684367,0.021968625689173946,0.1482181692275746,0.18389651422741476,0.3476518969915295,0.16375538276411472,0.20000000000000023,0.20000126622871653,357.7179018071187,89.4301831914619,-5.981148861744501e-05,9.584333326984051e-10,0.35978689662789193,0.3597873759591245,0.16723546729297525,1.941207478418643,515.1432863913266,10.840550479546788,92.24623803807121,2.8872723975973926,346.34764659965487
160.2862820698,0.04726198362080555,0.1811395146835317,0.3450341418989236,0.1638946272153919,5.86974069629e-07,0.49342038044,350.4185976368351,96.91339944598393,0.21664759077817852,0.2166462593729773,447.331997082819,447.96227496097043,-0.1406988742983617,1.586541047464825,0.2166475907802879,0.021953870373191436,0.14816838520140332,0.21664689081123384,0.021953927899490626,0.14816857932601846,0.18389944786645043,0.3476401624356434,0.16374071456919295,0.20000000000000032,0.2000012720499198,357.8650286376242,89.46696844519481,-5.9811516472940696e-05,9.810818824007583e-10,0.35966652934339294,0.3596670005648801,0.1672204873735938,1.9709210924509657,507.3769842081483,10.823031948173409,92.39555096839283,2.9123191807579945,343.3689571552141
160.509033393,0.04729292130458333,0.18114170478988068,0.34502626345130244,0.16388455866142176,5.98966768232e-07,0.493367811201,350.5612500681618,96.95285206678128,0.21664759077814752,0.21664625310760202,447.51410213494313,448.1446365939168,-0.14069887431120698,1.5865410474646613,0.21664759078031193,0.02193918511173385,0.14811882092338519,0.21664689958961794,0.021939241646572884,0.148119011766123,0.18390241104024818,0.3476283097405651,0.1637258987003169,0.19999999999999998,0.2000012777344314,358.01070990377764,89.50339223116545,-5.9811526798014825e-05,9.9218411264701e-10,0.3595462161481728,0.35954667940317353,0.16720535664193162,2.000684680629858,499.8288884209274,10.805563332141952,92.5449205434228,2.9374028196841566,340.43679446985914
160.7319760511,0.04732388556265278,0.18114392975041488,0.3450182604849326,0.16387433073451774,6.11262713179e-07,0.493315026047,350.7023900455869,96.99188639631909,0.21664759077817922,0.2166462467106834,447.69427644190597,448.3250647612469,-0.1406988743038129,1.586541047464486,0.21664759078034657,0.021924520764422792,0.14806931067720547,0.21664690869443465,0.021924576255255408,0.14806949805836248,0.18390540195073407,0.3476163460987958,0.16371094414806175,0.20000000000000007,0.20000128353860294,358.15484652063867,89.53942992126734,-5.981153783363169e-05,1.0081713242016122e-09,0.35942603411078206,0.35942648896308105,0.1671900842796292,2.030450580767449,492.5015213234248,10.788143940116274,92.69435090511242,2.9624947057339037,337.5533458556066
160.9548553418,0.04735484101969444,0.18114618663148968,0.3450101422148246,0.16386395558333494,6.23853577533e-07,0.493262086582,350.84185526786314,97.03045754777116,0.2166475907782081,0.21664624045351302,447.87231281563436,448.50335198301707,-0.14069887428769245,1.5865410474642365,0.21664759078044185,0.021909893983902168,0.14801991076845766,0.21664691782400675,0.021909948414261464,0.14802009462995713,0.18390841716139905,0.3476042852566083,0.16369586809520925,0.2000000000000002,0.20000128921221638,358.29727285005043,89.57503996558393,-5.981155356549195e-05,1.0521583604372609e-09,0.3593061199084031,0.35930656621702384,0.16717468783463202,2.059946273751695,485.4495540695541,10.770861218885175,92.84308651629844,2.9874368241716525,334.7351120227545
161.1757453346,0.047385520185361116,0.1811484547892948,0.3450019807021797,0.16385352591288488,6.36631060107e-07,0.493209454209,350.9784634567549,97.06823854468875,0.21664759077810594,0.21664623458438362,448.0467020014437,448.6779868781631,-0.1406988742888471,1.5865410474639141,0.21664759078046972,0.021895430544885394,0.14797104630597635,0.21664692641881925,0.021895483980574316,0.14797122686716602,0.18391143020006895,0.34759223310207454,0.1636808029020056,0.2000000000000001,0.20000129452722223,358.43678159250237,89.60992040894132,-5.98115738825733e-05,1.0650147430624202e-09,0.3591875054576551,0.3591879437550461,0.16715930248006994,2.0892681169437775,478.6365100247735,10.75370719630788,92.99118729430671,3.012297650948178,331.97250599894437
161.395154114,0.047415993626944444,0.18115073904601434,0.34499376002074383,0.1638430209747295,6.49622025185e-07,0.493157013014,351.1125670273838,97.10532685279567,0.2166475907781462,0.21664622882664758,448.2178938801794,448.8494199613703,-0.14069887430070427,1.5865410474635702,0.21664759078052442,0.021881096278221948,0.1479226023237218,0.21664693480600367,0.021881148771913127,0.1479227797599583,0.18391444748447394,0.34758016396472724,0.1636657164802533,0.20000000000000007,0.20000129974481393,358.5737325352605,89.64416134491897,-5.981159556522897e-05,1.0902612146423962e-09,0.35906991168796276,0.3590703423997877,0.16714389544581595,2.118643415691518,472.00014527862555,10.736640323239119,93.13900530276045,3.0372009848391,329.2505188137809
161.6156513621,0.047446618244736116,0.18115306656199986,0.3449853838277316,0.16383231726573172,6.62981922371e-07,0.493104150361,351.245741185498,97.14215811822432,0.21664759077814366,0.21664622295288216,448.38789930372235,449.0196649176216,-0.1406988742943205,1.5865410474630233,0.21664759078062645,0.021866723106257112,0.14787401092232913,0.21664694338922127,0.02186677462453903,0.14787418511876585,0.1839175043905519,0.3475679363409232,0.1636504319503713,0.20000000000000007,0.20000130506734629,358.70973426657207,89.67816503715032,-5.9811630037653885e-05,1.1373568753469954e-09,0.3589519600704765,0.35895238291795484,0.16712828609329253,2.1481226866361403,465.5227591148219,10.719594758301433,93.28710856588896,3.062225868056629,326.5598434235117
161.8383306054,0.047477545917416666,0.18115544913338014,0.3449768079093712,0.16382135877599105,6.76786872083e-07,0.493050601915,351.37861110758655,97.17890524270516,0.21664759077811396,0.2166462170580234,448.55751635029173,449.18952094977544,-0.14069887430753214,1.5865410474631094,0.216647590780569,0.021852240344215172,0.1478250328740541,0.21664695183019514,0.021852290915131703,0.14782520392386309,0.183920616675601,0.34755548720043583,0.16363487052483483,0.2,0.20000131041090935,358.84542528557046,89.71209106472125,-5.9811624608663294e-05,1.1108447495189466e-09,0.35883306989958647,0.35883348510888563,0.1671123939606041,2.1778070894855017,459.1774931893743,10.702507267054647,93.4360496141202,3.087448802330117,323.8920105315734
162.0625425917,0.04750868647106944,0.18115788126963453,0.34496805438792844,0.1638101731182939,6.91006430236e-07,0.49299652148,351.5107489924802,97.21544991166151,0.2166475907782442,0.2166462109805792,448.72619890414177,449.3584411723962,-0.14069887428952432,1.586541047462797,0.21664759078066687,0.021837690895753395,0.14777581295920317,0.21664696062068098,0.021837740459336064,0.14777598065767003,0.1839237759369902,0.34754285015537334,0.16361907421838315,0.2000000000000003,0.20000131592000034,358.9803686355336,89.74583026860816,-5.981164430401975e-05,1.156008622160698e-09,0.35871359261754043,0.3587139996917331,0.16709626195537555,2.2076122096658546,452.9781071247837,10.685407416500048,93.5855752636847,3.1127997705004185,321.2541999896249
162.2866502288,0.047539812531777775,0.18116034479369075,0.3449591861452133,0.16379884135152256,7.05541015712e-07,0.492942304243,351.641174630541,97.25152103358835,0.2166475907782512,0.21664620525853365,448.89269566412935,449.52517252157855,-0.14069887430361305,1.5865410474627208,0.21664759078068252,0.021823181162615155,0.14772671106680454,0.21664696914476764,0.021823229744794247,0.14772687549932897,0.18392695931777905,0.3475301166322953,0.16360315731451627,0.19999999999999982,0.20000132110200367,359.11356349826383,89.77913216586555,-5.981164910018322e-05,1.1632250718207615e-09,0.35859440182525903,0.358594800971646,0.16708000678982862,2.237326328395895,446.9620668688837,10.6683733696255,93.73500208074398,3.1381509091070194,318.6589902665185
162.5093272903,0.047570739901430556,0.18116282469294515,0.3449502570053975,0.16378743231245235,7.20302410617e-07,0.492888274534,351.7691334553362,97.2869099220847,0.21664759077814563,0.21664619986705955,449.05604337742085,449.6887503870573,-0.1406988742973625,1.5865410474627288,0.21664759078067167,0.021808796525327093,0.14767801639149644,0.2166469773031755,0.02180884416950335,0.14767817770240582,0.1839301477241575,0.3475173630067263,0.1635872152825688,0.2000000000000001,0.2000013259783209,359.24423926335834,89.81180411406257,-5.9811648600582856e-05,1.1582290682099483e-09,0.35847619951886445,0.3584765910877884,0.167063725962186,2.2668994785465517,441.13116151103503,10.651471215978793,93.88374429438922,3.163400934232307,316.11547849614567
162.7304867925,0.047601456498958326,0.18116531959011473,0.34494127317985857,0.16377595358974384,7.35279738516e-07,0.49283445827,351.894608167299,97.32161179283045,0.21664759077815204,0.21664619460838355,449.2162199601295,449.84915265402526,-0.14069887431411576,1.586541047462516,0.21664759078069334,0.021794541815967933,0.14762974570176546,0.21664698536272683,0.02179458853275757,0.1476299039245016,0.1839333393688054,0.34750459642824083,0.16357125705943543,0.19999999999999965,0.20000133073128387,359.37237818202647,89.84384177810301,-5.9811662012076994e-05,1.1682432798920672e-09,0.35835902640247425,0.35835941047511244,0.1670474285992668,2.2962636212885705,435.49006774702997,10.634714314617243,94.03167498590123,3.1885159263431033,313.62553084277556
162.9509547226,0.04763207704480556,0.18116783779489856,0.34493220288605836,0.1637643650911598,7.50525850558e-07,0.492780658391,352.0180918231972,97.35576300786092,0.2166475907781991,0.21664618967225602,449.3738548310581,450.00700962779825,-0.14069887428282968,1.5865410474628197,0.21664759078072165,0.021780363189855434,0.14758171699047085,0.21664699294722137,0.021780409055703137,0.14758187238174997,0.18393654579474936,0.3474917707246172,0.16355522492986782,0.19999999999999968,0.20000133519027705,359.49848386524474,89.87537096581335,-5.981164287183205e-05,1.181299502661659e-09,0.3582424406687721,0.35824281786828205,0.1670310557592741,2.3256202287241643,429.99281982879904,10.618055942622547,94.17919865969463,3.2136189289659933,311.175662735394
163.171638616,0.04766272758555555,0.18117039077595076,0.3449230090557421,0.16375261827979132,7.66104378624e-07,0.492726655634,352.14009823275944,97.38950566863818,0.21664759077802617,0.21664618440410122,449.5296039013976,450.1629781441055,-0.14069887428751482,1.5865410474618282,0.21664759078080228,0.021766202078819567,0.14753373200329328,0.21664700100986084,0.021766247025610724,0.14753388433038264,0.18393978023382157,0.34747883296873283,0.16353905273491126,0.19999999999999987,0.20000133995355804,359.62308077232586,89.9065231290717,-5.9811705366286105e-05,1.2185141784470943e-09,0.35812596107175626,0.3581263308331984,0.1670145398772612,2.3550292324198874,424.6231792938127,10.601441183240746,94.32679790563256,3.238791617623325,308.7571286027396
163.3930308103,0.047693476501430555,0.18117298339216878,0.3449136702750033,0.16374068688283452,7.82054412611e-07,0.492672330521,352.26088986374555,97.42291236478864,0.2166475907781914,0.2166461793765084,449.6838022285342,450.3173937322751,-0.14069887429610795,1.5865410474614707,0.21664759078087553,0.0217520269716931,0.14748568395506426,0.2166470087177023,0.021752071046306505,0.14748583337496013,0.18394305006805295,0.347465753632166,0.16352270356411303,0.1999999999999999,0.2000013444949843,359.74643718521077,89.93736504332347,-5.9811727892711275e-05,1.2523315717771766e-09,0.3580093283992414,0.3580096911037112,0.16699784325836448,2.384371655508761,419.39770492139445,10.584848871503748,94.47466016186341,3.263992618220667,306.3732419055347
163.6150408704,0.047724311232,0.18117561482466266,0.3449041897134859,0.16372857488882325,7.98375409632e-07,0.492617705718,352.3804032499237,97.45596554349538,0.2166475907781717,0.21664617456151214,449.8363687934191,450.4701752590208,-0.14069887429000172,1.586541047461145,0.2166475907809269,0.021737843814316378,0.14743759294805506,0.2166470161158706,0.02173788706036258,0.14743773960680007,0.18394635412335972,0.347452537411198,0.1635061832878383,0.19999999999999943,0.200001348840322,359.8684882773028,89.96788051611635,-5.9811748420735e-05,1.27604593558317e-09,0.35789259144783225,0.3578929474498362,0.1669809718977046,2.413711927988674,414.2996471137679,10.568280175390385,94.62277526750569,3.289141908383494,304.0306644876467
163.8372030414,0.04775516708908333,0.18117828031881172,0.34489458748699114,0.16371630716817942,8.15038777671e-07,0.492562896502,352.49837958389355,97.48859362785689,0.21664759077810386,0.21664616963356792,449.9869732117504,450.6209918742552,-0.14069887420640192,1.5865410474631902,0.21664759078094825,0.021723682403776916,0.1473895600230115,0.21664702383788526,0.02172372476976741,0.14738970374407911,0.18394968544374415,0.34743921212976403,0.16348952668601988,0.19999999999999996,0.20000135328991608,359.98896960656714,89.9980036051833,-5.981161951273961e-05,1.2858825115813488e-09,0.35777599548560224,0.35777634435663663,0.1669639613143479,2.4429791594325936,409.3362794925602,10.551753278130784,94.77098010551167,3.314238910475513,301.72839889099134
164.0590632599,0.04778598100831944,0.18118097353390628,0.3448848832646924,0.16370390973078613,8.32015496407e-07,0.492508017034,352.6145797039985,97.5207304743165,0.2166475907781706,0.21664616504604584,450.1353101783151,450.76953784370335,-0.14069887428999062,1.5865410474623174,0.21664759078082063,0.021709571530914573,0.14734168293770292,0.2166470311780487,0.021709613067203544,0.1473418238899042,0.1839530371927907,0.34742580513294,0.1634727679401493,0.19999999999999982,0.20000135742697772,360.1076371168384,90.02767306147666,-5.981167452429048e-05,1.2269962823552305e-09,0.3576597778114701,0.35766011996131,0.16694684641620164,2.472181422753296,404.50105756651504,10.53528991774013,94.91907748225545,3.3393432594033796,299.4600801172695
164.2804893977,0.04781673463856944,0.18118369300562645,0.34487508344094653,0.16369139043532008,8.49300724242e-07,0.492453102688,352.72894276523755,97.55235925514005,0.21664759077809828,0.21664616057397135,450.2813020203776,450.91573538413974,-0.1406988743077764,1.586541047462332,0.2166475907807825,0.021695519324793376,0.1472939894387866,0.21664703837455582,0.021695560044027812,0.14729412766308034,0.18395640728434415,0.3474123247665358,0.16345591748219163,0.19999999999999998,0.2000013614544485,360.2244285788204,90.05687344155723,-5.981167360280537e-05,1.2093881451846755e-09,0.3575440057781571,0.3575443413062265,0.16692963785692813,2.5012755840985608,399.7960106264707,10.51889908384996,95.06698296358178,3.3644078361454723,297.2291258082664
164.5016938012,0.04784745747238888,0.1811864404163778,0.3448651794012509,0.1636787389848731,8.6691815132e-07,0.492398103383,352.8415859065895,97.583512367021,0.21664759077822068,0.21664615658704547,450.42509827361056,451.0597342420773,-0.14069887429282169,1.5865410474627544,0.21664759078077442,0.0216815120518418,0.14724643307001295,0.21664704487906766,0.021681552054001782,0.14724656890400462,0.18395979877002064,0.34739875882379,0.16343896005376937,0.20000000000000015,0.20000136503819185,360.3394637714268,90.08563450218382,-5.981164699075947e-05,1.205657795821935e-09,0.35742856661695044,0.3574288963427588,0.16691232005388304,2.5303043015232998,395.2093822857502,10.502574111097054,95.21475301406316,3.3894410187624255,295.03389923720414
164.72299228,0.04787819337222222,0.1811892203837879,0.3448551572650553,0.16366593688126738,8.84902846889e-07,0.49234294269,352.9526716527378,97.61423475832655,0.2166475907781617,0.21664615267982212,450.5669064110644,451.2017421831123,-0.14069887429429828,1.5865410474622148,0.21664759078084878,0.021667529568817095,0.14719894554247695,0.21664705130156525,0.021667568865961467,0.14719907902552062,0.18396321650021297,0.3473850879033889,0.16342187140317593,0.20000000000000023,0.20000136854863973,360.45290850612463,90.11399790493974,-5.9811680996890715e-05,1.2399858917433448e-09,0.3573132945621679,0.357313618581244,0.16689486823996913,2.559398014813275,390.71687725480894,10.486300765993207,95.36251365619545,3.414512174874748,292.8676041510036
164.9445859405,0.04790897026951389,0.18119203550132715,0.3448450076326689,0.16365297213134175,9.0328386358e-07,0.492287572138,353.0622970304236,97.64455326342885,0.21664759077827733,0.21664614888070788,450.7068502938525,451.3418832427475,-0.14069887428406203,1.5865410474620085,0.21664759078089516,0.021653559128098715,0.1471514836082148,0.21664705763728698,0.02165359772981716,0.14715161477135466,0.1839666636686246,0.3473712992299786,0.163404635561354,0.20000000000000004,0.20000137195963907,360.5648618834743,90.14198841037815,-5.981169399760233e-05,1.2613909916581179e-09,0.35719808463294594,0.3571984030206469,0.16687726610675907,2.588521456282308,386.3209236968127,10.470071990555727,95.51032704474483,3.4396191095807804,290.7298651802989
165.1664701609,0.04793978752234722,0.18119488604076978,0.34483473046865004,0.16363984442788027,9.2207551042e-07,0.492231994408,353.1704536843678,97.67446557120167,0.21664759077795695,0.21664614504020374,450.8449192555695,451.48014673980026,-0.14069887431769068,1.5865410474617878,0.21664759078088355,0.021639601012657113,0.1471040482538027,0.21664706409134973,0.021639638895220338,0.14710417701486364,0.1839701402919098,0.34735739273678107,0.16338725244487126,0.20000000000000032,0.200001375405899,360.6753153096941,90.16960394587537,-5.981170790869683e-05,1.2560397166794246e-09,0.3570829392241167,0.3570832517809694,0.16685951356904744,2.617592991234108,382.0303627603057,10.453893210434819,95.6581418874477,3.464718923346544,288.6237014095527
165.3884922079,0.04797062391776388,0.18119776953477454,0.34482433280012303,0.1636265632653485,9.41280627199e-07,0.492176249467,353.2770628047164,97.70394988616117,0.2166475907781328,0.21664614146913275,450.9810126908776,451.6164319267667,-0.14069887430318007,1.5865410474614627,0.21664759078096907,0.021625664778228186,0.14705667199494277,0.21664707025351848,0.02162570197729391,0.1470567984735623,0.18397364397969262,0.34734337798607484,0.16336973400638222,0.1999999999999998,0.20000137860401127,360.784188428469,90.19682426240863,-5.9811728392311636e-05,1.2954970429746027e-09,0.35696793726486437,0.35696824428127877,0.16684162283350332,2.6465786306940537,377.8463214364254,10.437772577000699,95.80588124744817,3.4898152900545116,286.54811698769873
165.6104772058,0.04800145516747222,0.1812006835263996,0.3448138227573881,0.1636131392309885,9.60900474035e-07,0.49212038327,353.3820396301277,97.73298276594566,0.21664759077816156,0.21664613829745175,451.1150223960733,451.75063044764653,-0.14069887427570205,1.586541047460865,0.21664759078113502,0.021611761288639272,0.14700939183820627,0.2166470759604455,0.021611797863950108,0.14700951623602504,0.18397717200682975,0.3473292658783503,0.16335209387152053,0.20000000000000007,0.20000138143490567,360.89139473082025,90.22362766525308,-5.981176607328109e-05,1.3721024316737385e-09,0.35685316858558697,0.35685347055102923,0.1668236078153286,2.675506765779469,373.7609684977436,10.421718237391975,95.95346729026988,3.514884250663595,284.50439009796816
165.8323370536,0.048032269035222216,0.18120362688482125,0.34480320513088825,0.163599578246067,9.80944106787e-07,0.492064420217,353.4853445718694,97.76155326180158,0.21664759077820048,0.2166461353997359,451.24689783367097,451.88269169404407,-0.14069887430067096,1.5865410474598607,0.2166475907812193,0.021597895890005353,0.1469622260650857,0.21664708136416108,0.02159793187944206,0.14696234850954873,0.18398072285521394,0.34731506248524274,0.1633343396300288,0.19999999999999973,0.20000138401298215,360.996893735372,90.25000409829894,-5.9811829378197956e-05,1.411004646456604e-09,0.3567386775630991,0.35673897478693156,0.166805476265561,2.7043719222532414,369.77162489056434,10.405732806242238,96.10087233838212,3.539897366889686,282.49406588831283
166.0540950558,0.048063068757749995,0.18120659993368243,0.344792479222503,0.16358587928882057,1.00143117594e-06,0.492008356746,353.5869912580755,97.78966514276227,0.21664759077820306,0.21664613269557778,451.3766564008378,452.01263308724054,-0.14069887429009054,1.5865410474595958,0.2166475907812988,0.021584066954200495,0.14691516924470563,0.21664708656693854,0.021584102382080507,0.1469152898172294,0.18398429683734838,0.3473007665571001,0.16331646971975175,0.2000000000000001,0.20000138641197082,361.10069932667045,90.27595707416735,-5.9811846075952246e-05,1.4477086196507116e-09,0.356624451014399,0.3566247436942533,0.16678722658884673,2.733195933680345,365.8720502534426,10.38980942437124,96.24815616485833,3.5648896952310296,280.51358821501856
166.2758358297,0.04809386608745833,0.18120960378039006,0.34478164124130917,0.1635720374609191,1.02238801597e-06,0.491952173681,353.6870200704974,97.81732957695478,0.21664759077810303,0.2166461301540155,451.5043496474522,452.14050624998043,-0.14069887429561945,1.58654104745941,0.21664759078133003,0.02157026906104203,0.14686820302925352,0.21664709161496448,0.021570303946899377,0.1468683217950671,0.18398789527743323,0.3472863727969184,0.16329847751948515,0.20000000000000004,0.20000138866123116,361.2028527313758,90.30149691607649,-5.9811857788805156e-05,1.4621193145103462e-09,0.3565104444016854,0.3565107326958998,0.16676885202326955,2.7619834575750066,362.05864928604234,10.373942348815394,96.39536893264021,3.5898709109611473,278.56154853553255
166.4976428247,0.04812467261454166,0.18121263952147298,0.3447706872315974,0.1635580477101244,1.04384203543e-06,0.49189585197,353.7854684157995,97.84455690990742,0.21664759077819018,0.21664612777250675,451.630025325707,452.26635900168003,-0.14069887430443462,1.58654104745701,0.21664759078166468,0.021556496908194014,0.1468213094485743,0.21664709651025504,0.02155653126979662,0.14682142646697252,0.1839915195230138,0.3472718758162677,0.16328035629325394,0.19999999999999982,0.200001390762219,361.3033921505894,90.32663317511759,-5.981200904559003e-05,1.616573541696198e-09,0.35639661410388973,0.3563968981563975,0.16675034568970332,2.7907299098450404,358.32919426284667,10.358130206384685,96.5425207132081,3.614843959996757,276.6371138191252
166.7195876864,0.04815549828977778,0.18121570799181125,0.34475961367298325,0.163543905681172,1.06582014222e-06,0.491839375377,353.8823661636882,97.87135540240632,0.216647590778258,0.216646125652358,451.75372156609444,452.3902295264427,-0.1406988742914561,1.5865410474556725,0.21664759078186369,0.021542745958437283,0.1467744731158565,0.21664710114410374,0.021542779824041382,0.14677458848193506,0.18399517074698582,0.34725727092137637,0.16326210017439055,0.20000000000000004,0.200001392620999,361.4023481311566,90.35137343493794,-5.981209335592652e-05,1.7084333947536834e-09,0.35628292277079676,0.35628320281243486,0.16673170159680364,2.819390999232632,354.68652637118265,10.342382936080055,96.68951596362159,3.6397742534986732,274.74231376815925
166.9414205681,0.04818630841223611,0.18121880553420003,0.3447484333464044,0.1635296278122044,1.08831655441e-06,0.4917828096,353.97760424244547,97.8976948890656,0.21664759077830018,0.21664612388456195,451.8752991315111,452.51197839108397,-0.14069887427876626,1.586541047455439,0.21664759078195123,0.021529031566885043,0.14672774641111694,0.21664710542058643,0.021529064974823382,0.14672786025436133,0.18399884477734127,0.3472425748003893,0.163243730023048,0.20000000000000018,0.20000139415449167,361.4996093212309,90.37568981028018,-5.981210807748383e-05,1.748845512850039e-09,0.35616949755057525,0.3561697738956591,0.16671294104803783,2.847958701260578,351.1286872093247,10.32671326167476,96.83623188331102,3.664641812613826,272.8779649236018
167.1626570435,0.048217035700486105,0.18122192541331894,0.3447371715545085,0.16351524614118956,1.11129791282e-06,0.491726280867,354.0709826692553,97.92352006162874,0.2166475907781827,0.21664612227191712,451.99450273088394,452.63134994497227,-0.14069887429710715,1.5865410474553445,0.21664759078195187,0.02151538341671627,0.14668123062176794,0.216647109545309,0.021515416391770792,0.1466813430255218,0.18400253344795559,0.3472278201179362,0.1632252866699806,0.19999999999999965,0.20000139554627042,361.5949714054646,90.39953132541932,-5.981211402827924e-05,1.7491341708364416e-09,0.3560565843100612,0.3560568571609006,0.16669410574188415,2.87639236029084,347.6577165915179,10.311172078304384,96.98218518766535,3.6893976333435474,271.04695654443236
167.3821038653,0.04824751442573611,0.1812250504300868,0.3447258909750248,0.16350084054493802,1.13464839834e-06,0.491670098063,354.16202394169136,97.94869885991834,0.21664759077810927,0.21664612066211578,452.11072280160965,452.7477337664248,-0.14069887429712935,1.5865410474547608,0.21664759078202225,0.021501874518773258,0.14663517490279493,0.21664711362434386,0.021501907061202162,0.14663528586667726,0.18400621646684154,0.34721308804274376,0.16320687157590222,0.20000000000000007,0.20000139693264266,361.687946673061,90.42277612854872,-5.9812150821070276e-05,1.7816192965369737e-09,0.35594478785242334,0.3559450572080934,0.16667529929527175,2.9047832603745523,344.2597641075144,10.295726919169777,97.12767324258418,3.7141248771966415,269.24242804533355
167.6009104497,0.048277904229125,0.18122819689335692,0.34471453447872996,0.16348633758537304,1.15849786607e-06,0.491613970674,354.25123139548316,97.97337048880654,0.21664759077807733,0.21664611876493384,452.2246018842897,452.86177330146586,-0.1406988743013149,1.5865410474548896,0.21664759078202103,0.021488433541011286,0.1465893363823279,0.2166471180563601,0.02148846563640565,0.14658944585612446,0.1840099127902345,0.3471983027491662,0.1631883899589317,0.20000000000000026,0.20000139859208566,361.7790490296826,90.44555285460707,-5.9812142705339966e-05,1.7810641850246611e-09,0.35583351862623724,0.355833784364847,0.16665642491204097,2.933236087062206,340.92039314897215,10.280319933894786,97.27323725625935,3.7389289831978725,267.456270096018
167.8214734751,0.04830853798265278,0.18123139930951834,0.34470297639547126,0.16347157708595292,1.18312798818e-06,0.491557285,354.3395703992118,97.99780193515329,0.21664759077813692,0.2166461166253252,452.3373723343651,452.9747026417941,-0.14069887428856953,1.5865410474541957,0.216647590782135,0.021474913391611554,0.14654321339322252,0.21664712264589278,0.02147494501538421,0.14654332129232028,0.18401366316297763,0.3471833012587661,0.1631696380957885,0.1999999999999998,0.2000014004710839,361.86926438208195,90.46810795228313,-5.9812186448127136e-05,1.833666551931401e-09,0.3557215588759036,0.35572182079206205,0.16663727453943988,2.961754517780303,337.63770562235976,10.264896315154424,97.41939609498688,3.7638484589103354,265.68551069920284
168.0444552553,0.04833950767434723,0.18123466739385316,0.344691178917882,0.16345651152402882,1.2086432935e-06,0.491499869892,354.4272612744401,98.02205413202026,0.21664759077812193,0.21664611498951772,452.4493154064604,453.08680343848556,-0.14069887429676298,1.5865410474526749,0.21664759078236254,0.021461274169062572,0.14649666948112702,0.21664712681253026,0.02146130536653794,0.14649677595953414,0.18401747948221348,0.3471680359829541,0.16315055650074062,0.19999999999999996,0.20000140188518617,361.95881804317554,90.49049736328485,-5.981228229368085e-05,1.938693650060941e-09,0.35560857736974294,0.355608835837292,0.166617787427562,2.9902765956391604,334.4172246334469,10.249437272072466,97.56633202925072,3.788845881886514,263.9326146203887
168.2687496503,0.04837065967365278,0.18123798477355932,0.34467919802985386,0.16344121325629454,1.23494459285e-06,0.491442009666,354.5138285508489,98.04599558118497,0.2166475907781424,0.2166461146318971,452.5598241320339,453.19746786768616,-0.1406988743013926,1.5865410474517234,0.21664759078251408,0.021447584109973515,0.14644993721396235,0.21664712985939216,0.021447614991035382,0.14645004264606884,0.18402134329114242,0.34715258074800326,0.16313123745686084,0.19999999999999996,0.20000140211724768,362.0472247636921,90.5125993683418,-5.981234226792864e-05,2.0086377006123257e-09,0.3554951386471935,0.3554953945749341,0.16659805782065473,3.0189543786612245,331.24051395684114,10.233996458324581,97.71353782193033,3.8139953323391804,262.192245365619
168.4924953655,0.048401735467430554,0.18124132543683497,0.34466713243596003,0.16342580699912507,1.2618278378e-06,0.49138418987,354.59854574745015,98.06942536370913,0.21664759077824558,0.21664611433554173,452.66797111115926,453.3057672228012,-0.14069887430495642,1.586541047451474,0.21664759078259194,0.021433956816148597,0.14640340438715418,0.2166471327941863,0.02143398739310729,0.14640350881419234,0.18402522288032633,0.34713706239165654,0.1631118395113302,0.1999999999999998,0.2000014022909106,362.13374211674596,90.53422899441325,-5.981235798868667e-05,2.0445867221496883e-09,0.3553821840496531,0.3553824375376733,0.16657824763530032,3.047613447933084,328.1256028969842,10.218651994553722,97.8602657701793,3.8391833655108023,260.4720600176257
168.7144989888,0.048432569303999994,0.18124466993319766,0.3446550485624571,0.16341037862925945,1.28915094632e-06,0.491326720873,354.6809863496364,98.09222552062135,0.21664759077824972,0.21664611487889499,452.77321187025774,453.41115626301905,-0.14069887428868055,1.5865410474518744,0.216647590782589,0.021420464372863317,0.1463573174558188,0.21664713477138806,0.02142049476636137,0.14635742128898477,0.1840290970552707,0.3471215656918629,0.1630924686365922,0.19999999999999993,0.20000140169237612,362.217934847447,90.55527702281073,-5.981233275331732e-05,2.0432322500596456e-09,0.355270311826581,0.35527056387302547,0.1665584650960396,3.0762748115906233,325.06848745510433,10.203442988282742,98.00613392443739,3.8643094047733824,258.77845049486757
168.9349634081,0.048463189362236106,0.18124802390154746,0.344642938324262,0.16339491442271456,1.31693623931e-06,0.491269552743,354.76126167421563,98.11442683821485,0.21664759077815196,0.2166461136214216,452.87568851243054,453.5137772919696,-0.14069887432069939,1.5865410474506652,0.2166475907826927,0.021407093711136777,0.14631163217986728,0.21664713845663072,0.021407123746853836,0.146311734822788,0.18403296901824098,0.347106077840502,0.16307310882226103,0.19999999999999998,0.2000014027587538,362.2999155346079,90.57577297782257,-5.981240897012796e-05,2.09108286242099e-09,0.3551594145888117,0.355159663746034,0.16653869385223846,3.1048279100329657,322.07904237416574,10.188361468205569,98.15120940895766,3.889324684190921,257.11404451902314
169.1549535148,0.048493743543722226,0.18125140033880588,0.3446307444856097,0.16337934414680383,1.34532130806e-06,0.491212412578,354.8397815087917,98.13614264936476,0.2166475907781371,0.2166461129417436,452.9759241581565,453.61415416671645,-0.14069887429601913,1.5865410474501136,0.2166475907828322,0.021393779745034237,0.14626612644434883,0.21664714163112328,0.02139380947742167,0.1462662280822941,0.18403685693575145,0.347090526171156,0.16305366923540454,0.20000000000000012,0.20000140329186336,362.3801036690965,90.59582048905997,-5.981244373121086e-05,2.155475797849249e-09,0.3550489531706293,0.3550491998883566,0.16651884114060816,3.13311683145996,319.1709897182555,10.17337654804133,98.29578166872521,3.9142068427221086,255.479600384265
169.3751576136,0.04852432744633333,0.1812548106097848,0.3446184292831074,0.16336361867332258,1.37440596596e-06,0.491155123625,354.91679457849153,98.1574417426504,0.21664759077820478,0.21664611200190176,453.07423632114194,453.712604848686,-0.14069887429223327,1.5865410474497608,0.21664759078294168,0.021380480666925758,0.14622065745620813,0.21664714501616866,0.02138051007604628,0.1462207580203518,0.18404077299546293,0.347074861932856,0.1630340889373931,0.19999999999999993,0.20000140406479874,362.45875291132717,90.61548340981483,-5.9812465980080276e-05,2.206013149930186e-09,0.3549385809536743,0.35493882506483687,0.16649884472746798,3.1614074943705774,316.314806547612,10.15843074328814,98.44040140360441,3.9390976992475735,253.8652443657376
169.5961007147,0.048555013988152776,0.1812582623481947,0.34460596284323813,0.16334770049504344,1.40427674822e-06,0.491097549816,354.99247444833975,98.17837211987741,0.21664759077810256,0.21664611137497908,453.17084656821714,453.80935121684576,-0.14069887429963845,1.5865410474486954,0.21664759078308013,0.021367164841971716,0.1461751170410741,0.21664714811958818,0.021367193959804805,0.14617521664018426,0.1840447265955981,0.34705904753300026,0.16301432093740217,0.20000000000000018,0.20000140454852233,362.5360407541308,90.63480581408633,-5.9812533126368805e-05,2.26991758722761e-09,0.35482803535358665,0.35482827712220993,0.16647865662335729,3.1897449569574645,313.5046887741925,10.143501671214555,98.58528468899664,3.9640520939994204,252.26711866722158
169.8178405283,0.04858581118448611,0.18126175740249872,0.34459334076197684,0.16333158335947812,1.4349624368e-06,0.491039678775,355.06682450091307,98.19893471670284,0.21664759077809995,0.2166461104692923,453.26575921761594,453.9043975954927,-0.14069887431359396,1.586541047447882,0.2166475907831782,0.021353828973706822,0.14612949385290713,0.21664715143530242,0.021353857774553182,0.1461295923985049,0.18404871911554596,0.347043077453705,0.16299435833815903,0.2000000000000001,0.20000140528733437,362.6119704054622,90.65378881215372,-5.981258439646808e-05,2.315192482171824e-09,0.3547172888287913,0.3547175280401002,0.16645826978442435,3.2182777602390202,310.72519978068345,10.128586899097469,98.7304556856897,3.9891921224147273,250.67732245362066
170.0399491988,0.04861665961094445,0.18126528959512148,0.34458058630724997,0.1633152967121285,1.46642388717e-06,0.490981626417,355.13968886048394,98.21908642337223,0.21664759077813256,0.2166461090951551,453.3587752838562,453.9975447181939,-0.14069887420520288,1.5865410474491681,0.21664759078327359,0.02134049890420006,0.14608387626360433,0.2166471551650198,0.021340527353425363,0.1460839736364854,0.1840527431835892,0.34702698118201514,0.16297423799842595,0.19999999999999962,0.20000140646005676,362.6863825960761,90.67239268778006,-5.9812503327982824e-05,2.3592239273284576e-09,0.3546065558947767,0.3546067922594126,0.16643772185274383,3.246859137108485,307.9899551449459,10.113701351420833,98.87576914257153,4.014420593817075,249.10195048824198
170.2618735751,0.048647482440986115,0.18126884972517598,0.34456773118841855,0.16329888146324256,1.49859926105e-06,0.490923538789,355.21088428737204,98.23877656230661,0.21664759077827025,0.216646107589244,453.44966084967865,454.08855833950037,-0.14069887428082017,1.5865410474474007,0.21664759078339021,0.021327207761597147,0.14603837770119588,0.2166471589709738,0.021327235853745824,0.1460384738818707,0.18405678876165898,0.34701079887031966,0.16295401010866067,0.20000000000000012,0.20000140775369782,362.7590903343061,90.69057051537256,-5.9812614738863346e-05,2.4130475395622852e-09,0.354496111888727,0.35449634535938057,0.1664170640854073,3.275283986074023,305.3170364010688,10.09887562055729,99.0209244645412,4.0395648848649515,247.55141419975766
170.4832939263,0.04867823526754167,0.18127243184066885,0.34455479481037193,0.16328236296970308,1.53145453573e-06,0.490865501898,355.28031591380693,98.25797889623011,0.21664759077816154,0.21664610647888224,453.53829481003714,454.1773171826409,-0.1406988743004045,1.5865410474473296,0.21664759078335108,0.02131397444102525,0.1459930629893943,0.21664716239461945,0.02131400222015476,0.14599315812788885,0.18406084978065018,0.34699455479415536,0.16293370501350518,0.2000000000000003,0.20000140868193514,362.8299969568269,90.70829785321021,-5.9812619213062135e-05,2.39499531318188e-09,0.3543861141648555,0.3543863451057025,0.16639632747193275,3.3035801224220918,302.70190609659807,10.084126298744296,99.16575520524002,4.064625916765623,246.02510058188528
170.7042621466,0.04870892529813889,0.18127603684258017,0.3445417750338387,0.16326573819125853,1.5650087033e-06,0.490807504763,355.3480106002992,98.27670085404706,0.21664759077821502,0.21664610553905633,453.62471145434625,454.26385558557394,-0.1406988743147486,1.5865410474473234,0.21664759078334944,0.021300795559338753,0.1459479207091994,0.2166471656783438,0.02130082304740749,0.14594801487998216,0.1840649270448998,0.3469782457371504,0.16291331869225062,0.1999999999999999,0.2000014094548491,362.8991297999278,90.72558165441848,-5.9812619601640193e-05,2.394240361525135e-09,0.3542765350044815,0.3542767635962879,0.16637550790616432,3.3318413246164975,300.1343409158605,10.069445546113878,99.31033396232348,4.089664597078316,244.51882942048763
170.9250702312,0.04873959308766667,0.18127966934674106,0.3445286551766708,0.16324898582992975,1.59931884516e-06,0.490749473265,355.41406464372324,98.2949690679563,0.21664759077823484,0.2166461047104833,453.7090337116795,454.3482966504483,-0.14069887429567496,1.5865410474474242,0.21664759078341828,0.021287653487438933,0.1459028906068654,0.21664716882378587,0.02128768069818946,0.14590298385636075,0.1840690258404281,0.34696185055537815,0.16289282471495004,0.19999999999999984,0.20000141012320946,362.96658718370486,90.74244652797468,-5.981261325116449e-05,2.426014944489907e-09,0.35416722814660867,0.35416745450206594,0.16635457839647308,3.3600704516420024,297.612807347929,10.054821594268663,99.45477307822237,4.114696450845097,243.03129330345013
171.1460122494,0.04877027947908333,0.18128333420519135,0.34451541792010065,0.1632320837149093,1.63444612401e-06,0.490691332409,355.4785665091999,98.31280800421156,0.21664759077809664,0.2166461039870144,453.7913745134115,454.43075346803903,-0.14069887430550043,1.5865410474466295,0.2166475907835167,0.021274530616453312,0.14585791242319804,0.2166471718797161,0.02127455756504936,0.14585800480278538,0.18407315162513088,0.34694534741706096,0.16287219579193007,0.1999999999999999,0.20000141069576402,363.03245944915943,90.75891506425208,-5.9812663344427364e-05,2.471423066197076e-09,0.35405804731701523,0.35405827156084263,0.166333511073233,3.3882942671897944,295.13375201304063,10.040239402539624,99.59921869463146,4.139752508317661,241.56033434143296
171.3672129884,0.04880100180394444,0.18128703349739816,0.3445020555135932,0.16321502201619503,1.67042696441e-06,0.490633051556,355.5415485885997,98.33022662148,0.2166475907781812,0.21664610337690837,453.87177521007976,454.51126744692556,-0.1406988742958859,1.5865410474460508,0.21664759078365453,0.021261419510357996,0.14581296070774366,0.21664717479601459,0.02126144621117406,0.14581305226616054,0.18407730680940876,0.3469287266806337,0.16285141987122492,0.19999999999999996,0.2000014111618168,363.0967796815449,90.77499552853484,-5.981269981525372e-05,2.53506104996859e-09,0.3539489307368249,0.3539491529873287,0.1663122936283532,3.416554999259016,292.69249294007574,10.025691683408727,99.74374153704284,4.164877762468409,240.1030851400852
171.5886003896,0.04883175005411111,0.18129076616309148,0.3444885718670864,0.16319780570399495,1.7072653142e-06,0.490574652038,355.6029857485878,98.34721796847192,0.216647590777975,0.21664610289481723,453.95020371705965,454.5898064574293,-0.1406988743003157,1.5865410474453236,0.21664759078373994,0.02124832442065848,0.14576805006810814,0.2166471775891147,0.021248350889776925,0.1457681408599867,0.18408149018212888,0.3469119931901818,0.1628305030080529,0.20000000000000015,0.2000014115097609,363.1595222185042,90.79068149855544,-5.981274564526018e-05,2.574473967342783e-09,0.35383991386479546,0.3538401342545908,0.16629093224573585,3.444642137134372,290.3059186380124,10.011214958572554,99.88797604867179,4.189853975004251,238.6718023983128
171.8093050573,0.048862403480180554,0.18129451700447874,0.3444750215839156,0.16318050457943684,1.74482471686e-06,0.490516365196,355.6626422883413,98.36371685911531,0.21664759077824639,0.2166461025847219,454.0263591474567,454.6660691885851,-0.14069887429032368,1.5865410474449513,0.2166475907838779,0.02123529655366771,0.1457233562393747,0.21664718018359203,0.021235322809079943,0.1457234463258399,0.1840856848952967,0.3468952143381985,0.16280952944290178,0.20000000000000015,0.20000141169760693,363.22044637004063,90.80591277741603,-5.981276911537492e-05,2.638156360035282e-09,0.35373142328334134,0.35373164196080387,0.16626951295612447,3.4723064372749723,287.99301503607757,9.99687674092292,100.03124234856568,4.214436486453026,237.27964657064382
172.027518878,0.04889271095527778,0.18129825457887097,0.34446151905472694,0.16316326447585597,1.78278764527e-06,0.490458672328,355.72006383722373,98.37959762994801,0.21664759077795562,0.21664610237348922,454.09966146717176,454.7394747892254,-0.14069887430604444,1.5865410474433357,0.21664759078405268,0.021222441948245033,0.1456792433679041,0.21664718273103134,0.021222468012041758,0.14567933282398626,0.1840898558550497,0.34687853050006223,0.16278867464501254,0.20000000000000018,0.20000141179916311,363.2790880762153,90.82057339095637,-5.981287094503074e-05,2.718825165004546e-09,0.35362434292770656,0.3536245600749663,0.16624821495778427,3.499785785906762,285.73177364937186,9.982611967573535,100.17418319456819,4.238900289004665,235.9102436530324
172.2457782808,0.04892302476122222,0.18130202092780437,0.3444479085593137,0.1631458876315093,1.821589836e-06,0.49040090615,355.77594422565016,98.39505217058877,0.2166475907782199,0.21664610319691613,454.17099639623893,454.81091022712104,-0.14069887429977168,1.5865410474427177,0.21664759078423548,0.021209610650850468,0.14563519715662993,0.21664718442854547,0.021209636613492296,0.1456352862924789,0.18409405117436983,0.34686174922369933,0.1627676980493295,0.2000000000000002,0.2000014109474834,363.33615630556676,90.83484009067219,-5.981290990275667e-05,2.8032021148760577e-09,0.35351742438419825,0.3535176407541184,0.16622679257323694,3.527364290741296,283.4977954006118,9.968399460899443,100.31700715069164,4.263472150819831,234.5506114793568
172.4660520069,0.04895361833429167,0.1813058516465972,0.34443406548187594,0.16312821383527873,1.86159728754e-06,0.490342547042,355.83076563074053,98.41021383363861,0.21664759077809223,0.2166461039418056,454.24097946437917,454.88099189936395,-0.14069887429509764,1.58654104744146,0.2166475907844313,0.021196687215988164,0.14559082119415415,0.21664718616194317,0.021196713068963265,0.14559090998054536,0.18409830924994644,0.3468447169223756,0.16274640767242918,0.20000000000000004,0.2000014101645868,363.39214301696023,90.84883644741896,-5.981298917268063e-05,2.893596473541038e-09,0.3534097053968566,0.3534099209184969,0.16620504973907985,3.555380025652395,281.2638853750957,9.954158414589354,100.46052698280809,4.288378787714712,233.18835613700594
172.6884802234,0.04898451114213889,0.1813097512814109,0.3444199779043787,0.1631102266229678,1.90285964774e-06,0.490283558637,355.88451819975285,98.42507989451488,0.2166475907781548,0.21664610347882035,454.3095980942677,454.94970721092244,-0.14069887429513095,1.5865410474413473,0.21664759078448648,0.021183664054812548,0.1455460891086138,0.21664718891055526,0.021183689699590433,0.14554617720706522,0.184102633659206,0.34682741928560756,0.16272478562640155,0.19999999999999996,0.20000141049710807,363.44703767303986,90.86256042122781,-5.981299627810799e-05,2.919064989725939e-09,0.3533011219501604,0.35330133580188355,0.16618296818725406,3.583728377154533,279.03900484611955,9.939888066510951,100.60475463191155,4.313550740080829,231.82757321205446
172.9116906999,0.04901551259720833,0.18131369670329217,0.34440573071898334,0.16309203401569117,1.94513671578e-06,0.49022430629,355.93683861920204,98.4395498734754,0.21664759077828233,0.2166461014686015,454.3763884926774,455.01659171507305,-0.1406988742943538,1.586541047441238,0.21664759078454648,0.0211706219166961,0.1455012780586346,0.21664719294792137,0.02117064721586552,0.1455013649965715,0.18410699822889964,0.34680996100713013,0.1627029627782305,0.19999999999999984,0.20000141225330767,363.50046909958434,90.87591939309306,-5.981300316149074e-05,2.9467539519600905e-09,0.35319234682380435,0.35319255785847425,0.16616068156589267,3.611909335966551,276.8618774680287,9.925651131187424,100.74905784849686,4.338658392421032,230.48599579696017
173.1339851269,0.04904638682318056,0.1813176555587429,0.34439143285635027,0.16307377729760736,1.98810219975e-06,0.490165243478,355.98733043720114,98.45351412570062,0.21664759077806242,0.21664610010684923,454.44084456290176,455.08113860204645,-0.14069887429559724,1.5865410474409445,0.2166475907845716,0.021157659862017994,0.14545672848657773,0.21664719652934727,0.021157684858764944,0.1454568144115804,0.18411136942261652,0.34679247623239645,0.16268110680977993,0.19999999999999962,0.20000141341114808,363.5520333385656,90.88881122433621,-5.981302166890856e-05,2.958344680337177e-09,0.35308420641352956,0.35308441498938525,0.16613836112038868,3.639736487720931,274.7451644847408,9.911512557229237,100.89277435971387,4.363567655137475,229.17027511253173
173.3545906386,0.04907702647758334,0.1813216134350017,0.34437713615895876,0.16305552272395707,2.03158935928e-06,0.490106579012,356.0358465491726,98.46693196765655,0.2166475907781729,0.2166460993297042,454.5027785168292,455.1431598191424,-0.14069887429872807,1.5865410474405865,0.21664759078465237,0.021144822379787202,0.14541259360793757,0.21664719959622292,0.021144847142791738,0.14541267875529884,0.1841157316020114,0.34677502751522266,0.16265929591321127,0.1999999999999997,0.20000141403540747,363.60158013044173,90.90119838638745,-5.981304422864042e-05,2.99562596950409e-09,0.3529770726373065,0.3529772793255019,0.16611608670462188,3.667414169383894,272.67168468403304,9.897493738675655,101.03567897117014,4.38834718665394,227.8762270773037
173.573961422,0.04910749464194445,0.18132557829354914,0.34436281360001647,0.16303723530646733,2.07567055247e-06,0.490048195533,356.082518550513,98.4798397936881,0.21664759077811227,0.21664609867177806,454.5623583442011,455.2028235928198,-0.14069887430918637,1.586541047439328,0.2166475907848606,0.021132082426219757,0.1453687807826005,0.21664720252981906,0.02113210696962963,0.14536886520032283,0.18412009324190493,0.3467575809566819,0.16263748771477698,0.19999999999999998,0.20000141454789436,363.649243675134,90.91311466906707,-5.981312355407553e-05,3.091749078976136e-09,0.3528707206189033,0.35287092553596033,0.1660938150443295,3.6949794045792066,270.6375030834258,9.883582377555332,101.17788892728856,4.413010470258354,226.60268012948004
173.7931711185,0.049137940433125006,0.18132956923676688,0.34434839623649466,0.16301882699972778,2.12055447333e-06,0.489989810211,356.127590006569,98.49230496556572,0.21664759077823173,0.21664609810231591,454.6198949721347,455.2604412881185,-0.14069887429082328,1.5865410474388157,0.2166475907849694,0.021119377301849172,0.14532507458057323,0.21664720535775148,0.021119401634442536,0.14532515829835704,0.1841244754437488,0.34674005214984627,0.16261557670609747,0.2,0.20000141497796975,363.6952727005718,90.92462227156294,-5.981315583936109e-05,3.141975568610178e-09,0.3527646274197869,0.35276483063780095,0.16607143838889668,3.722585963591848,268.63046542923087,9.86973781425759,101.31981404363383,4.437753939912711,225.33921743747462
174.0130213766,0.04916847519119445,0.1813336011239733,0.34433383030839937,0.16300022918442608,2.16641040041e-06,0.489931212084,356.17122074844747,98.50437168671549,0.21664759077817064,0.21664609771741164,454.675592435163,455.31621722730944,-0.14069887430049333,1.5865410474376622,0.21664759078517623,0.021106660533585807,0.14528131515644332,0.21664720807307003,0.02110668467113702,0.1452813982281869,0.18412889453443446,0.34672237578814064,0.16259348125370618,0.2,0.20000141523810977,363.7398304739044,90.93576196125859,-5.981322854786697e-05,3.237432544267449e-09,0.35265840502840784,0.35265860667821247,0.16604887337000487,3.750260208356718,266.64816424516266,9.855921393421715,101.4618481705267,4.462630282373726,224.08309376417535
174.2336530313,0.04919911847656945,0.18133767623226799,0.3443191055288997,0.16298142929663173,2.21327989418e-06,0.489872365912,356.2134235897461,98.51604350106722,0.216647590778173,0.21664609786671524,454.72946709081333,455.3701677907984,-0.14069887430118166,1.5865410474371828,0.2166475907852254,0.021093924119969396,0.1452374749159782,0.21664721023096659,0.02109394813079589,0.1452375575765301,0.18413335353001162,0.3467045398060781,0.1625711862760665,0.19999999999999965,0.200001415007301,363.7829302271347,90.94653686367857,-5.98132587681377e-05,3.2601477073512797e-09,0.35255198646204333,0.3525521871137141,0.1660261045856088,3.777967271196967,264.69260536584045,9.84211975612973,101.6041284579162,4.487561272636957,222.83818297869954
174.4546856931,0.049229817457375,0.1813417879936267,0.34430424640272234,0.16296245840909562,2.26109627388e-06,0.48981337576,356.2541131692379,98.52729680073716,0.2166475907782642,0.21664609854303296,454.7814099699751,455.4221838559061,-0.14069887428534988,1.5865410474358645,0.21664759078552412,0.021081190131054896,0.14519362978813807,0.21664721199526077,0.021081214048117275,0.14519371215075835,0.18413784495774113,0.3466865740966529,0.16254872913891175,0.20000000000000034,0.2000014142872102,363.82448478444854,90.95692518552657,-5.981334185722886e-05,3.3980152025492316e-09,0.35244555603197936,0.3524457559604457,0.16600317019552802,3.8056614826784063,262.7664085603864,9.82834178897026,101.74656330351048,4.512517733147673,221.6057773367369
174.6756015422,0.049260500214194446,0.18134592606483305,0.34428928765330863,0.16294336158847558,2.30765382359e-06,0.489754382879,356.29319123135815,98.53810441155778,0.21664759077818424,0.2166461002048958,454.83129564291596,455.47213981633934,-0.1406988742893911,1.586541047434437,0.21664759078571016,0.021068488353471845,0.14514988237498452,0.21664721278627513,0.02106851228411208,0.14514996480920028,0.18414235827770073,0.3466685208177441,0.16252616254004335,0.19999999999999998,0.2000014126570873,363.86439399367947,90.96690164923649,-5.981343182970278e-05,3.4839020557342337e-09,0.35233936279625433,0.3523395628985128,0.16598012401748324,3.8334374146590164,260.86248237052536,9.814608669321139,101.88893247734231,4.53747059701871,220.38710303864843
174.896102704,0.04929112537555556,0.1813500873912107,0.3442742508525694,0.1629241634613587,2.35078431033e-06,0.489695470356,356.3306109492092,98.54845338301901,0.21664759077819984,0.2166461003722857,454.8790643322282,455.51997581033635,-0.1406988742849391,1.586541047433851,0.21664759078585044,0.02105583572838153,0.14510629113991416,0.21664721488466807,0.021055859538408682,0.1451063731832916,0.18414688735488605,0.3466504045097096,0.16250351715482353,0.2000000000000004,0.20000141240595995,363.90260899188104,90.97645534034716,-5.981346876682281e-05,3.548650262530373e-09,0.3522335486699396,0.3522337478234703,0.16595699737874112,3.8613643939799513,258.9758173455598,9.800925271469637,102.03118300585217,4.562572557074757,219.1745966755954
175.1162619117,0.04932170304329167,0.18135427161793197,0.3442591299341213,0.1629048583161893,2.39467107334e-06,0.489636623212,356.3663929421603,98.5583494175918,0.21664759077810802,0.21664610079746152,454.92474235975214,455.5657181969479,-0.14069887429910555,1.586541047432861,0.21664759078598356,0.021043227881264684,0.1450628411457072,0.21664721669818413,0.021043251608687148,0.1450629229289385,0.1841514338482368,0.34663221853697096,0.16248078468873417,0.20000000000000018,0.20000141191818174,363.93915157128663,90.98559078846549,-5.981353117245902e-05,3.610090004713129e-09,0.3521280773941667,0.3521282759162141,0.16593378180851065,3.889272639087863,257.1174851435785,9.787302712637006,102.17319616658395,4.587816166042866,217.96862904001907
175.3363866339,0.049352275921375005,0.18135848446383043,0.34424390409231814,0.1628854196284877,2.43938411438e-06,0.489577762242,356.400591352298,98.5678074892176,0.21664759077817372,0.21664610147637314,454.9683988415156,455.60943618933425,-0.14069887427710093,1.586541047430749,0.21664759078634319,0.021030647017635386,0.1450194711672725,0.2166472181992345,0.02103067070423588,0.1450195528342157,0.18415600406636667,0.3466139376662513,0.16245793359988464,0.20000000000000012,0.20000141119647719,363.9740770234108,90.9943218181048,-5.9813664288199675e-05,3.7760905513550824e-09,0.35202280035007866,0.35202299858984626,0.16591044509458164,3.917164793841692,255.28668121702054,9.773743852971931,102.31493837399137,4.61306223972935,216.77574418737308
175.5567686289,0.04938288453179167,0.18136273169044365,0.3442285532364552,0.16286582154601154,2.48499680833e-06,0.48951881571,356.4332492249135,98.57683950248811,0.21664759077802756,0.21664610231920528,455.01008872740164,455.6511848152503,-0.1406988743173465,1.5865410474279087,0.21664759078665022,0.021018076393730496,0.1449761235298092,0.21664721954847138,0.02101810005935173,0.1449762051488165,0.1841606040755921,0.3465955376308847,0.1624349335552926,0.2000000000000001,0.2000014103234646,364.0074292705165,91.00265945688508,-5.9813843311662396e-05,3.917799418218237e-09,0.3519175775368552,0.35191777566026244,0.16588695625934344,3.9450629348481034,253.48138078271316,9.760225587079143,102.45664826885023,4.638333120836021,215.5946918749463
175.7775105164,0.04941354312727778,0.1813670152261801,0.34421306972036225,0.16284605449418216,2.53154903099e-06,0.489459763681,356.4643752330268,98.58544785634803,0.21664759077817553,0.216646103490656,455.0498230893748,455.69097516168216,-0.14069887429302153,1.5865410474264783,0.2166475907868925,0.021005510165766267,0.14493277809303962,0.2166472206000759,0.02100553384449705,0.14493285978168322,0.18416523613979835,0.34657700937526675,0.1624117732354684,0.20000000000000023,0.2000014091473725,364.03921723923725,91.01060585013751,-5.9813933472874226e-05,4.029621081258483e-09,0.3518123600656342,0.3518125583580778,0.16586330374274783,3.972977011125943,251.7004244423251,9.746736695952345,102.59844204217428,4.663656838894447,214.42400985855065
175.9985108879,0.04944423762331945,0.18137133312488757,0.3441974602447143,0.16282612711982675,2.57904051618e-06,0.489400606409,356.4939485169511,98.59362678154538,0.21664759077827347,0.21664610504038803,455.0875752984965,455.7287805625311,-0.1406988742828852,1.5865410474248645,0.21664759078711804,0.020992954118560836,0.14488945482180832,0.21664722128115363,0.020992977851720447,0.14488953672270627,0.1841698982401966,0.34655836097480053,0.16238846273460392,0.19999999999999982,0.20000140762134846,364.0694196478108,91.01815565068571,-5.981403519150774e-05,4.13373779650783e-09,0.3517071963994285,0.351707395207102,0.16583949785350555,4.00068353242735,249.9572865223024,9.73328290088488,102.74025836740933,4.68879175082486,213.27456051424727
176.2195738805,0.049474940816736104,0.18137568096994966,0.3441817400562789,0.16280605908632922,2.62745115924e-06,0.48934137706,356.52193950284124,98.60136809887906,0.2166475907781137,0.21664610717428795,455.1233076017203,455.76456321162675,-0.14069887430206984,1.5865410474242923,0.21664759078716067,0.020980419331900285,0.14484619198273832,0.21664722143508153,0.02098044318482191,0.14484627432150926,0.18417458584628565,0.3465396105506649,0.16236502470437925,0.2000000000000003,0.20000140555655252,364.0980063798291,91.02530122189125,-5.981407126265381e-05,4.153410948504188e-09,0.35160217942730787,0.35160237929788196,0.1658155617246841,4.028086306367646,248.25684554454264,9.71987363281214,102.8819959782421,4.713568606156772,212.1534836034463
176.4405524105,0.049505632279236114,0.18138005636906115,0.3441659210823162,0.16278586471325504,2.67677145228e-06,0.489282124494,356.54832989758046,98.6086667493985,0.21664759077817636,0.21664610905539158,455.156996646979,455.79829972368697,-0.14069887428206362,1.586541047423136,0.21664759078737572,0.020967914044905896,0.14480301807940985,0.21664722177193002,0.02096793799215102,0.14480310076842628,0.18417929553263823,0.3465207718063236,0.1623414762736854,0.20000000000000046,0.2000014037228912,364.1249584032879,91.03203824369109,-5.981414413769315e-05,4.25268709136617e-09,0.35149737833936157,0.35149757906012763,0.16579151284919294,4.055381105380062,246.58594938792618,9.706513652851726,103.02360206398153,4.7382025373623735,211.05049691621505
176.6614197103,0.04953630829309723,0.18138445878068496,0.3441500056079495,0.16276554682726455,2.72701970479e-06,0.489222862009,356.5731187052362,98.61552245751984,0.2166475907782135,0.21664611060280475,455.188641162756,455.82998882575373,-0.14069887429957184,1.586541047422537,0.21664759078742987,0.020955439642990223,0.14475993797660394,0.21664722236250972,0.020955463666826393,0.14476002095477325,0.18418402669932382,0.34650184713985377,0.16231782044052995,0.19999999999999982,0.2000014021990285,364.1502746651344,91.03836649762164,-5.9814181896378216e-05,4.277667109420236e-09,0.351392804944444,0.35139300636710485,0.16576735428875247,4.082599688831202,244.94196742720266,9.693226539495562,103.16482297462535,4.762819242020921,209.9596791701228
176.8822435448,0.049566978270111105,0.18138888898562167,0.3441339889012166,0.16274509991559494,2.77823848718e-06,0.489163575524,356.596315284125,98.62193781137637,0.21664759077814533,0.21664611235321493,455.21825309550144,455.85964248083377,-0.14069887429425387,1.586541047421055,0.21664759078761564,0.020942992122005198,0.14471693792367638,0.2166472227932832,0.020943016246379884,0.14471702127386357,0.1841887807292683,0.34648283102100463,0.16229405029173632,0.19999999999999996,0.20000140048904172,364.173964948226,91.04428814727532,-5.981427529944128e-05,4.363420735842283e-09,0.35128842586400105,0.35128862818970463,0.16574307898326923,4.109756080710468,243.3234431341547,9.680019525068108,103.30557675119607,4.787416206569807,208.88094054318748
177.1031219514,0.049597655826583334,0.18139334889729786,0.3441178638944514,0.16272451499715357,2.83048125283e-06,0.489104241809,356.617929891545,98.6279156478091,0.2166475907780319,0.216646114336892,455.24584553935415,455.88727380169473,-0.1406988743054005,1.5865410474200534,0.2166475907877254,0.02093056583750396,0.1446739984845375,0.21664722303195352,0.020930590081288038,0.1446740822721473,0.18419355972427806,0.34646371504151563,0.16227015531723757,0.19999999999999998,0.2000013985623955,364.196039741763,91.04980579759109,-5.981433843782469e-05,4.414091314686175e-09,0.3511841939185288,0.35118439730603956,0.16571867619931915,4.136809374962188,241.7321924603162,9.666876345226497,103.4460320260329,4.81192322322833,207.81711461495385
177.3241488753,0.049628354010458335,0.18139784019961797,0.344101624422217,0.162703784222599,2.88380442191e-06,0.489044838084,356.6379696040688,98.6334579240995,0.21664759077813403,0.21664611656018892,455.2714275281683,455.9128918347011,-0.14069887428526107,1.5865410474187527,0.21664759078795792,0.020918155416621995,0.1446311011388007,0.21664722306192932,0.02091817979944128,0.14463118543191603,0.184198365548213,0.34644449174693936,0.16224612619872636,0.20000000000000034,0.20000139641274117,364.21650627571256,91.05492125245576,-5.9814420416692826e-05,4.5214054722464425e-09,0.3510800641513168,0.3510802687659006,0.16569413642056485,4.1639209674435085,240.15825656123405,9.653781500935187,103.58635110014944,4.836531230710505,206.75975245446645
177.5453610821,0.049659077928069444,0.18140236394372652,0.34408526636508474,0.16268290242135822,2.93825362226e-06,0.488985356586,356.6564342214317,98.63856458470553,0.21664759077818344,0.2166461190994102,455.29499880613724,455.93649632395125,-0.1406988742919557,1.5865410474183534,0.21664759078798737,0.02090575875967219,0.14458823866301224,0.21664722281411672,0.0209057833110968,0.1445883235641689,0.18420319940879393,0.34642515630476084,0.1622219568959669,0.20000000000000023,0.20000139397068284,364.23536437702944,91.05963442910782,-5.9814445585448794e-05,4.5349946020678544e-09,0.35097601902802716,0.3509762251185811,0.16566945347840506,4.191074693419146,238.60228536852537,9.64074006635137,103.72647671419477,4.86123584960955,205.7090071201378
177.7662588268,0.04968975817038889,0.1814069095424053,0.34406882742774975,0.16266191788534445,2.99374015916e-06,0.488925933564,356.67328348677773,98.64322449604332,0.21664759077824847,0.21664612211919276,455.316507982821,455.9580358064812,-0.14069887430000483,1.5865410474176047,0.21664759078810203,0.020893403748125018,0.14454550753352738,0.2166472221636337,0.02089342851675175,0.1445455932111102,0.1842080501999442,0.3464057531407298,0.1621977029407856,0.20000000000000023,0.20000139108717294,364.2525730013029,91.06393498151809,-5.981449278102957e-05,4.587930035881982e-09,0.3508722927370519,0.3508725007123163,0.1656446840848133,4.218257336050436,237.0647213610496,9.627792296368982,103.86597147272684,4.885952739865036,204.66837344554887
177.9852831283,0.04972017821226389,0.18141144604393522,0.3440524245101952,0.16264097846625997,3.04989050183e-06,0.488866988414,356.68842208037194,98.64741129597138,0.21664759077820592,0.21664612417397913,455.3358333763433,455.9773884289323,-0.14069887430151473,1.5865410474155426,0.21664759078837398,0.020881177144263095,0.1445032080760254,0.21664722219046162,0.020881202052764218,0.14450329426267147,0.18421288368833683,0.3463864191885211,0.16217353550018426,0.19999999999999993,0.2000013890918839,364.26803419776405,91.06779917857926,-5.9814622754839064e-05,4.713451851046102e-09,0.35076961429419673,0.35076982350517016,0.1656200030443857,4.245587833054591,235.53864372192854,9.614953904757508,104.00465877482752,4.910870906301883,203.62986913721318
178.2028207915,0.04975039177659722,0.1814159802630639,0.34403603024442936,0.16262004998136545,3.1068136741e-06,0.488808418297,356.7019127324377,98.65114233353697,0.21664759077820117,0.21664612621539486,455.3530550659746,455.9946343833895,-0.14069887429321026,1.5865410474147856,0.2166475907884948,0.020869056682109248,0.14446126360415532,0.21664722230375735,0.020869081747084718,0.14446135035740432,0.18421770808366836,0.34636712160779676,0.1621494135241284,0.19999999999999998,0.20000138711650817,364.2818124250399,91.07124264093466,-5.981467046112243e-05,4.76922945580327e-09,0.35066779754967226,0.35066800813602755,0.16559536843470363,4.27295810196957,234.02990999117492,9.602187412778669,104.14293712588778,4.935919596752893,202.5964929934946
178.4218055327,0.04978080632398611,0.1814205737128541,0.34401942363976884,0.16259884992691473,3.16531488037e-06,0.488749432403,356.7139378453464,98.65446805472436,0.21664759077812218,0.2166461277789407,455.36840590007074,456.0100068464398,-0.14069887430894212,1.5865410474137245,0.21664759078860366,0.020856878816370557,0.1444191082106885,0.21664722281281468,0.02085690399943796,0.14441919539811168,0.18422258850038167,0.3463475999414915,0.16212501144110983,0.19999999999999998,0.20000138558138023,364.2940937700722,91.0743121299985,-5.9814737352059666e-05,4.819455945437312e-09,0.35056546881037537,0.3505656804506526,0.16557044776530241,4.300429513927176,232.53491232944185,9.589411671029803,104.28168424774806,4.961036405568436,201.57078445898242
178.6434712012,0.049811593222388886,0.18142525282327054,0.3440025080583922,0.16257725523512168,3.22579401276e-06,0.488689715356,356.72452100946913,98.65739498385973,0.21664759077807788,0.2166461291958613,455.38191599332885,456.02353597449957,-0.1406988741929016,1.586541047414896,0.2166475907887442,0.02084457554405733,0.14437650620532874,0.21664722348527266,0.02084460081926915,0.14437659373759013,0.18422755303459412,0.3463277418053471,0.16210018877075297,0.1999999999999998,0.20000138417734567,364.3049024653313,91.07701352799751,-5.98146635111263e-05,4.884337378996406e-09,0.35046205595755936,0.35046226843490297,0.16554509757035604,4.32807979696119,231.04934449270436,9.576570519211892,104.4215147785802,4.986291324800441,200.54985456350596
178.8670640162,0.049842647780027775,0.1814300024978761,0.3439853378929006,0.16255533539502448,3.28811937599e-06,0.488629486863,356.73357647269376,98.6598994049427,0.21664759077807358,0.21664613056319626,455.3934758776365,456.03511214683687,-0.1406988742993498,1.5865410474122066,0.21664759078881432,0.020832189341409846,0.1443336043387327,0.21664722427933109,0.0208322146968744,0.14433369217502337,0.1842325855171804,0.34630761187535153,0.16207502635817111,0.19999999999999982,0.20000138281876015,364.3141509754675,91.07932490216898,-5.98148330199777e-05,4.916711482394476e-09,0.35035791521633464,0.3503581284316842,0.165519400413076,4.355612531131533,229.58883345397408,9.56371894643703,104.56183474238865,5.011437946828325,199.54352635113185
179.0906296517,0.049873698562736116,0.18143478008481542,0.34396806301475935,0.16253328292994393,3.35179539551e-06,0.488569265985,356.74100444395924,98.66195371937344,0.2166475907782483,0.21664613285447848,455.4029581633327,456.0446077927696,-0.14069887429268846,1.5865410474124872,0.21664759078882043,0.020819828639947434,0.14429077808351937,0.21664722425286762,0.02081985416042273,0.14429086651767925,0.18423764178180665,0.3462873868168791,0.16204974503507244,0.1999999999999997,0.20000138060543965,364.3217377988649,91.08122036446781,-5.9814815334124916e-05,4.919531448877024e-09,0.35025395801550246,0.35025417268213027,0.1654935818182254,4.382695931130801,228.17006146761935,9.550949108036225,104.70163631786019,5.0362184333593865,198.56168139493397
179.3125481374,0.049904520574638886,0.18143955053900362,0.34395081183745396,0.16251126129845034,3.416376933e-06,0.488509484215,356.7467693505187,98.66354808882056,0.2166475907783151,0.21664613559129947,455.41031743933934,456.05197743772584,-0.1406988742799986,1.5865410474121076,0.21664759078886375,0.02080758257454246,0.14424833647062438,0.21664722377365841,0.0208076083032823,0.14424842565269924,0.18424268461844215,0.3462672154705476,0.16202453085210547,0.2000000000000001,0.20000137798002013,364.32762640515307,91.08269103418627,-5.9814839259431096e-05,4.9395154633202765e-09,0.3501509345021604,0.35015115098429,0.16546783179035018,4.409322256829562,226.79222378248915,9.53833161148827,104.84013774437956,5.060667916561302,197.60237511879555
179.5326305842,0.04993508758113889,0.18144430906918368,0.34393360279948637,0.1624892937303027,3.481808537e-06,0.488450189324,356.7509040207279,98.66469159236864,0.21664759077813914,0.21664613846988684,455.41559561309657,456.05726304824344,-0.1406988742725046,1.5865410474118933,0.21664759078890072,0.020795460859287344,0.14420631352089736,0.2166472230830954,0.020795486838783024,0.14420640359839443,0.18424770899859183,0.3462471179501391,0.1619994089515473,0.20000000000000043,0.20000137522724382,364.33185019054287,91.08374542255366,-5.9814852770845306e-05,4.956590693439011e-09,0.3500489272591136,0.3500491459148068,0.16544217600604424,4.435865352886872,225.43515649076173,9.525843735015034,104.97757761070619,5.085039989319266,196.65528729379176
179.7518871002,0.04996553987502778,0.18144907832561633,0.3439163581009419,0.16246727977532557,3.54839720199e-06,0.488391104183,356.753456081573,98.66539740228288,0.21664759077827786,0.21664614046495154,455.4188534838558,456.06052550935283,-0.1406988742953197,1.5865410474118815,0.2166475907889009,0.02078340738511853,0.14416451499976868,0.21664722306924053,0.020783433556066225,0.14416460576738738,0.18425273783390658,0.3462270026088843,0.1619742647749777,0.19999999999999987,0.20000137329434706,364.33445736294766,91.0843961209082,-5.981485351469473e-05,4.956657306820489e-09,0.3499474647979711,0.34994768512887764,0.16541649747232318,4.462900190190434,224.0695416397671,9.51339543711462,105.11494099138348,5.1098381614080095,195.7009142779683
179.9715310434,0.04999604597825,0.18145388447101263,0.3438989787996581,0.16244509432864546,3.61653871631e-06,0.488331904191,356.7544443661251,98.66567072678382,0.21664759077814413,0.21664614268067597,455.4201150929089,456.0617888960413,-0.14069887430949723,1.5865410474115478,0.21664759078889387,0.02077135537834516,0.1441227094470027,0.21664722279104232,0.020771381774940922,0.14412280102378291,0.18425779958655497,0.3462067555982473,0.16194895601169235,0.19999999999999993,0.20000137115498337,364.33546762276677,91.0846474701421,-5.981487454231882e-05,4.9534154555885834e-09,0.34984598526810934,0.3498462075631886,0.16539065085413457,nan,nan,nan,nan,nan,nan
