crank_angle_deg_atdc,time_s,core_mean,wall_shell_mean,delta_c,tracer_min,tracer_max,core_volume_mm3,wall_shell_volume_mm3,wall_shell_volume_fraction,wall_shell_mass_fraction,total_volume_mm3,python_volume_mm3,volume_error_percent,mass_mg,tracer_mass_mean,tracer_mass_variance,tracer_mass_rms,tracer_volume_mean,tracer_volume_variance,tracer_volume_rms,mf_zone_core_mean,mf_zone_shell_mean,mf_zone_delta_c,mf_zone_shell_mass_fraction,mf_zone_shell_volume_fraction,mf_zone_core_volume_mm3,mf_zone_shell_volume_mm3,mass_error_percent,tracer_inventory_error_percent,tracer_mass_rms_normalized,tracer_volume_rms_normalized,mf_zone_delta_c_normalized,k_mix_1_s,tau_mix_ms,k_global_mix_1_s,tau_global_mix_ms,k_mf_zone_mix_1_s,tau_mf_zone_mix_ms
-180.0,0.0,0.0,1.0,1.0,0.0,1.0,376.4323756852257,79.05079889399524,0.173553719008442,0.17355371900844085,455.48317457922093,456.06180575133493,-0.12687560431874356,1.5867616173873158,0.17355371900844085,0.14343282562678,0.37872526404608925,0.173553719008442,0.14343282562678075,0.3787252640460902,2.815026062415803e-16,0.8677685950422054,0.867768595042205,0.19999999999999954,0.20000000000000087,364.38653966337637,91.09663491584459,0.0,0.0,1.0,1.0,1.0,nan,nan,nan,nan,nan,nan
-179.95632,6.066666666665949e-06,0.00012134539051981364,0.9994221648070677,0.9993008194165479,7.59188148881e-65,0.999999058951,376.4323429341373,79.05079201613037,0.17355371900819472,0.1735537190082222,455.48313495026764,456.0617660725391,-0.1268756044284225,1.5867606683504552,0.17355371900822528,0.1432324978733831,0.3784606952820637,0.17355371900819822,0.1432324978733651,0.37846069528203996,8.424668642812035e-05,0.8674316082954147,0.8673473616089865,0.20000000000000007,0.19999999591923429,364.38650981893403,91.09662513133357,-5.980966834018275e-05,-1.2421175199506251e-10,0.9993014229861535,0.9993014229860883,0.9995145786150534,115.09609625685965,8.688391983063463,114.82595347761571,8.708832539282515,79.92814850849877,12.511236887886499
-179.88084096,1.6549866666666604e-05,0.00033027481311334134,0.9984272627940884,0.9980969879809751,3.1089440229e-59,0.999993843594,376.43213195377496,79.05074771044801,0.1735537190085462,0.1735537190086417,455.482879664223,456.06151046235027,-0.12687560446411617,1.5867606683497832,0.1735537190085351,0.14288871393580788,0.37800623531339783,0.17355371900843977,0.14288871393574518,0.3780062353133149,0.00022942511918514077,0.8668508945659359,0.8666214694467508,0.20000000000000004,0.1999999851805077,364.38631048140337,91.09656918281958,-5.980971068408891e-05,5.431211036466266e-11,0.9981014503098903,0.9981014503096688,0.9986780743138112,114.65139257409066,8.72209205268723,113.9929752801819,8.77247038725073,79.6852744028189,12.549370099987062
-179.7504131789,3.4664836263888316e-05,0.0006890676819604349,0.9967187253222488,0.9960296576402884,4.53862566826e-54,0.999974231273,376.43130638355944,79.0505743406689,0.17355371900848476,0.1735537190087962,455.48188072422835,456.06051025354435,-0.1268756045100905,1.5867606683490978,0.17355371900849248,0.14230166253765617,0.3772289259026356,0.17355371900818026,0.14230166253745186,0.37722892590236484,0.0004791080263225484,0.8658521629371722,0.8653730549108496,0.2,0.199999986385217,364.3855107806696,91.0963699435587,-5.98097538828668e-05,2.9753977059954195e-11,0.996049014191798,0.9960490141910806,0.9972394251819646,113.89084950557621,8.780336649881946,112.57976929685786,8.882590595501517,79.26967140933766,12.615165197748048
-179.5250339731,6.596750373611195e-05,0.001302475443272461,0.9937977359767718,0.9924952605334993,4.12905076305e-49,0.999909285132,376.42850326734936,79.0499856861864,0.17355371900834257,0.1735537190096229,455.4784889535357,456.0571141739317,-0.12687560448302326,1.586760668349498,0.17355371900829938,0.1413076248963906,0.3759090646637702,0.17355371900701502,0.1413076248955492,0.3759090646626511,0.0009070636862327067,0.8641403402965651,0.8632332766103323,0.2,0.19999998899223168,364.3827961766302,91.09569277690547,-5.980972865859968e-05,-8.151257446797899e-11,0.9925640044389109,0.9925640044359535,0.9947735854261329,112.61246900256627,8.88001132429848,110.23437541776838,9.071580405025026,78.57043421691311,12.727433798307041
-179.1396489213,0.00011949320537500085,0.002332535074330933,0.9888926900665775,0.9865601549922466,2.26611765869e-44,0.999710189979,376.4196696574641,79.04813062813197,0.17355371900838154,0.17355371901801678,455.46780028559607,456.04641192740996,-0.1268756044737862,1.5867606683496558,0.17355371900837205,0.1396650678456682,0.37371789874940187,0.17355371899872085,0.13966506783933727,0.3737178987409317,0.0016288149636178976,0.8612533351873904,0.8596245202237726,0.19999999999999998,0.199999988285599,364.3742455640093,91.09355472158677,-5.980971871100138e-05,-3.964606420936434e-11,0.9867783700427284,0.986778370020361,0.9906149233044825,111.06428447374698,9.003794556803513,107.36984320110342,9.3136021268747,77.72142538047612,12.86646500761685
-178.6896489213,0.00018199320537499926,0.0035079180718049774,0.983295628058226,0.9797877099864211,7.11728713755e-42,0.999351184324,376.40290188093024,79.04460939485755,0.1735537190080144,0.1735537190376509,455.4475112757878,456.02609714325513,-0.1268756045085806,1.5867606683490227,0.17355371900797034,0.1378303978068007,0.37125516536043063,0.17355371897829408,0.13783039778729933,0.3712551653341665,0.0024569378398179033,0.857940843680582,0.8554839058407641,0.1999999999999999,0.19999998731359933,364.35801479861976,91.08949647716796,-5.9809758612416886e-05,-2.71105360383217e-10,0.980275678982035,0.9802756789126839,0.9858433581583538,109.2782079723662,9.150955332767495,104.06302688436341,9.60956095493183,76.73968226577975,13.03106776669476
-178.2396489213,0.00024449320537500165,0.00465547649448938,0.9778310639770648,0.9731755874825754,3.70075572401e-40,0.99886534869,376.3791816490378,79.0396281466632,0.17355371900892735,0.17355371906698946,455.41880979570095,455.99735920176107,-0.1268756045150976,1.5867606683488251,0.17355371900890107,0.1360784322278256,0.36888810258373145,0.17355371895078817,0.1360784321895873,0.36888810253190235,0.0032701131487099383,0.8546881424496658,0.8514180293009559,0.20000000000000015,0.19999998730495983,364.33505361812087,91.08375617758011,-5.980977105801699e-05,2.651656672014724e-10,0.9740256000952694,0.9740255999584155,0.9811579194791511,107.43261046434684,9.308160675588027,100.7125591200373,9.929248236142225,75.72374902237392,13.205896603251013
-177.7896489213,0.0003069932053750001,0.005776211411792913,0.9724942308263043,0.9667180194145113,8.58009764623e-39,0.998259047091,376.3485086265177,79.03318681151991,0.1735537190081759,0.17355371910296885,455.3816954380377,455.960197695144,-0.12687560450027613,1.5867606683490478,0.173553719008218,0.13440340843347923,0.3666107041992626,0.17355371891339974,0.13440340837103343,0.36661070411409624,0.00406880846449138,0.8514933611831237,0.8474245527186323,0.2,0.19999998726779408,364.30536214844363,91.07633328959402,-5.980975702479796e-05,-1.284083950281456e-10,0.9680122743399755,0.9680122741150967,0.9765559131319066,105.63839603869188,9.466255050235075,97.5482583454042,10.25133628177292,74.73500272063507,13.380611006840711
-177.3396489213,0.00036949320537499846,0.006871083324862902,0.9672805547912406,0.9604094714663778,1.20595578514e-37,0.997538389478,376.3108823773021,79.02528529931284,0.17355371900840855,0.17355371914816078,455.336167676615,455.91461209671866,-0.12687560450046487,1.586760668348927,0.17355371900843428,0.1328000166575053,0.36441736602075553,0.17355371886875237,0.13280001656546558,0.36441736589447216,0.004853474071407775,0.8483546987565413,0.8435012246851336,0.2,0.19999998722655482,364.26893995750356,91.06722771911143,-5.980976464092791e-05,-3.785860513971784e-12,0.9622209042183346,0.962220903884889,0.9720347446361651,103.89425555005487,9.625171234979526,94.56031292051689,10.57526111235011,73.77267195122,13.55515495848138
-176.8896489213,0.00043199320537500084,0.0079410138838561,0.9621856470620246,0.9542446331781684,1.19400991393e-36,0.996709243228,376.2663023698619,79.01592349751277,0.17355371900797725,0.17355371920091747,455.2822258673747,455.8606017613741,-0.1268756044643271,1.5867606683496085,0.1735537190079883,0.13126336303715527,0.3623028609287474,0.17355371881533022,0.13126336291018859,0.36230286075352564,0.005624543606744655,0.8452704206129638,0.8396458770062191,0.20000000000000004,0.19999998717760883,364.2257865317065,91.05643933566814,-5.980972169750132e-05,-2.607580817937105e-10,0.9566376878534745,0.9566376873908101,0.9675919154061825,102.19889503750157,9.784841603552104,91.7392119032326,10.900464253549611,72.83600040587856,13.729474359211114
-176.4396489213,0.0004944932053749993,0.008986887529342721,0.9572052960177043,0.9482184084883616,9.0922804013e-36,0.995777243948,376.2147679732992,79.00510127451847,0.17355371900849254,0.17355371926281216,455.2198692478177,455.7981659261524,-0.12687560450350688,1.5867606683492301,0.17355371900847727,0.12978893570038907,0.3602623151266159,0.17355371875481193,0.12978893553323742,0.36026231489462984,0.006382434687509902,0.8422388562923472,0.8358564216048373,0.19999999999999993,0.19999998712105266,364.17590126100686,91.04396798681081,-5.9809745533989656e-05,2.098321516541546e-11,0.9512497562950368,0.95124975568249,0.9632250191817374,100.55103689533235,9.945198288118506,89.07576882012282,11.22639763030699,71.92424720793895,13.903517086649753
-175.9896489213,0.0005569932053750016,0.01000955306191412,0.9523354597509114,0.9423259066889973,5.63700315451e-35,0.994747805569,376.15627846228017,78.99281847719999,0.17355371900848443,0.17355371933233005,455.14909693948016,455.72730371094036,-0.1268756045011754,1.586760668349381,0.17355371900842798,0.12837257366504762,0.3582911855810126,0.1735537186858321,0.1283725734525605,0.3582911852844841,0.007127549513345827,0.8392583969887554,0.8321308474754096,0.20000000000000012,0.19999998706850297,364.1192834373433,91.02981350213683,-5.9809736041582795e-05,-7.416289804496046e-12,0.946045113952076,0.9460451131691091,0.958931738518306,98.9494209930063,10.106173335472873,86.56113947753444,11.552528144104826,71.03668716987889,14.077233044505233
-175.5396489213,0.000619493205375,0.011009825144312178,0.947572258915593,0.9365624337712809,2.95979924955e-34,0.993626129831,376.09083301409066,78.97907493316077,0.1735537190086308,0.1735537194101986,455.0699079472515,455.6480141192646,-0.12687560443570556,1.5867606683502522,0.1735537190085351,0.12701043832673625,0.3563852386487637,0.17355371860909233,0.1270104380638175,0.356385238279895,0.007860275448820736,0.8363274932473933,0.8284672177985726,0.19999999999999998,0.19999998702026572,364.0559322644877,91.01397568276381,-5.9809681129952e-05,5.431211036466266e-11,0.941012582158747,0.9410125811847703,0.9547098414621458,97.39280564515255,10.267698865185862,84.18683424697298,11.878341892110713,70.17261080206353,14.250574242145676
-175.0896489213,0.0006819932053749986,0.01198848573751427,0.9429119698889369,0.9309234841514226,1.35444057452e-33,0.992417215204,376.01843071051,78.96387044933999,0.17355371900850583,0.17355371949598725,454.98230115985,455.5602960391962,-0.12687560447464108,1.5867606683496465,0.17355371900848895,0.1256989873073747,0.3545405298514892,0.1735537185243495,0.12569898698901819,0.3545405294025186,0.008580985584079666,0.8334446527061268,0.8248636671220471,0.19999999999999998,0.19999998697221652,363.9858468552909,90.9964543045591,-5.9809719299419584e-05,2.7711166694643907e-11,0.9361417457704726,0.936141744584992,0.9505571783015825,95.8799684593584,10.429707227363973,81.9447257404255,12.20334793928871,69.33132454256426,14.423494814181353
-174.6396489213,0.0007444932053750008,0.012946285474436598,0.9383510182282758,0.9254047327538393,5.5196828564e-33,0.991125865255,375.93907053972225,78.94720481348882,0.17355371900853184,0.17355371959004942,454.8862753532111,455.4641482443633,-0.12687560445309165,1.5867606683496749,0.17355371900849992,0.12443495047230148,0.3527533847779515,0.17355371843196182,0.12443495009363983,0.35275338424122854,0.009290039275063668,0.830608437942247,0.8213183986671834,0.19999999999999987,0.19999998692116772,363.9090262319502,90.9772491212609,-5.9809717511960514e-05,3.40394379350073e-11,0.9314229027378087,0.9314229013206234,0.9464716784631247,94.40970712259606,10.592131153435806,79.82705234919466,12.527081616713216,68.51215072965886,14.595951073640734
-174.1896489213,0.0008069932053749992,0.013883944974853258,0.9338859724114251,0.9200020274365719,2.0369696753e-32,0.989756696565,375.8527513956962,78.92907779298963,0.1735537190080708,0.17355371969181269,454.7818291886859,455.35956939507156,-0.12687560451473123,1.5867606683486395,0.17355371900807176,0.12321530792903415,0.3510203810735698,0.17355371833143543,0.12321530748526947,0.35102038044146305,0.009987782664493294,0.827817464382384,0.8178296817178907,0.20000000000000015,0.19999998686484652,363.8254693245778,90.95635986410804,-5.980978275976767e-05,-2.1266322036694874e-10,0.9268470165509004,0.9268470148818604,0.9424513475025154,92.98084007078027,10.754903905350446,77.82641829321096,12.849107307399152,67.71442757068365,14.767901551794862
-173.7396489213,0.0008694932053750018,0.014802156103040403,0.9295135378478881,0.9147113817448478,6.89800197952e-32,0.988314146163,375.75947208026116,78.90948913692239,0.17355371900838726,0.17355371980243298,454.6689612171836,455.2465580395322,-0.12687560447155466,1.5867606683491287,0.17355371900841685,0.12203726984602932,0.34933833148686866,0.1735537182241594,0.12203726933252113,0.3493383307518961,0.010674549183435099,0.8250703983083438,0.8143958491249087,0.2,0.19999998680210002,363.73517497442236,90.93378624276124,-5.980975192887428e-05,-1.383337888682945e-11,0.922405671474707,0.9224056695340562,0.938494264228702,91.59220709824514,10.917959416867895,75.93579079950655,13.169020688021837,66.93750919871769,14.939307003959401
-173.2896489213,0.0009319932053750001,0.01570158317143679,0.9252305511446329,0.9095289679731962,2.16657607621e-31,0.986802478573,375.6592313033898,78.88843857399827,0.17355371900878522,0.17355371992124638,454.54766987738805,455.1251126151993,-0.12687560448889634,1.5867606683485034,0.17355371900876415,0.1208982579319052,0.34770426792305154,0.1735537181094074,0.12089825734411391,0.3477042670778055,0.011350660034007655,0.8223659549077899,0.8110152948737822,0.19999999999999996,0.19999998673223562,363.6381419327418,90.90952794464621,-5.980979134179165e-05,1.8627321907160876e-10,0.9180910304434758,0.918091028211655,0.9345985779012174,90.24266985105305,11.081232433066484,74.14849477232019,13.4864504407081,66.18076566038123,15.110130413596059
-172.8396489213,0.0009944932053749986,0.016582864092652583,0.921033974623176,0.9044511105305235,6.36714290891e-31,0.985225792465,375.5520276856736,78.86592581403602,0.17355371900834551,0.17355372004744274,454.41795349970965,454.9952314502148,-0.12687560453440438,1.5867606683477276,0.1735537190084164,0.11979588844438485,0.3461154264755977,0.17355371798645317,0.11979588777781368,0.3461154255126658,0.012016424655254506,0.8197028964210644,0.8076864717658099,0.20000000000000004,0.19999998665482294,363.53436886405575,90.88358463565388,-5.9809840236013656e-05,-1.4088730182493236e-11,0.9138957955376246,0.9138957929950619,0.9307625055577484,88.93111223402451,11.244658645092331,72.45820530431457,13.80105946317793,65.44358258434573,15.280337055373899
-172.3896489213,0.0010569932053750009,0.01744661148181166,0.9169208910688569,0.8994742795870452,1.7636022422e-30,0.983588026964,375.43785975772045,78.84195054943683,0.1735537190088385,0.17355372018268528,454.2798103071573,454.8569127649625,-0.12687560452739888,1.5867606683477105,0.1735537190088435,0.1187279565968451,0.34456923338691325,0.1735537178569389,0.11872795584718347,0.34456923229908887,0.012672141171599545,0.8170800303578205,0.804407889186221,0.2000000000000001,0.19999998656961135,363.4238543468802,90.85595596027706,-5.980984131292999e-05,2.319922032256727e-10,0.909813170913733,0.9098131680413996,0.926984329442226,87.65644075986447,11.408174816720065,70.85893883248808,14.112545523212246,64.72536137929913,15.449894426079268
-171.9396489213,0.0011194932053749994,0.01829341371183113,0.9128884987078729,0.8945950849960418,4.63237796693e-30,0.98189296763,375.3167259641338,78.81651245223357,0.17355371900783764,0.17355372032438848,454.13323841636736,454.7101546737308,-0.12687560447762758,1.5867606683483106,0.17355371900797312,0.11769242224176865,0.343063291889075,0.1735537177190265,0.11769242140488376,0.3430632906693512,0.013318096823373135,0.8144962077463743,0.8011781109230012,0.2,0.1999999864598139,363.30659688214246,90.82664153422492,-5.980980348763154e-05,-2.6950663922775675e-10,0.9058368280583616,0.9058368248377563,0.9232623944912812,86.41758480361197,11.571718907356033,69.3450427061051,14.420641490382419,64.0255188812216,15.618772287580718
-171.4896489213,0.0011819932053750016,0.01912383592260449,0.9089341063979501,0.8898102704753457,1.15988812321e-29,0.980144252138,375.18862466079565,78.78961117881364,0.1735537190083492,0.1735537204756402,453.9782358396093,454.5549551864844,-0.1268756044334629,1.5867606683489197,0.1735537190085291,0.11668739673709302,0.3415953698999637,0.17355371757542581,0.11668739580893774,0.34159536854140415,0.013954568384423003,0.811950321504953,0.7979957531205301,0.2000000000000001,0.19999998633776933,363.1825948740428,90.79564096556649,-5.980976510722158e-05,5.084821452783217e-11,0.9019608733004751,0.9019608697132827,0.9195951059760563,85.21349681557862,11.735230185004934,67.91118398559674,14.725115088732508,63.3434873138285,15.786942626723526
-171.0396489213,0.001244493205375,0.019938420988083398,0.9050551290252584,0.885116708037175,2.78083759924e-29,0.978345375687,375.0535541212934,78.76124636549045,0.17355371900829875,0.17355372063421454,453.81480048678384,454.391312210745,-0.12687560445560075,1.586760668348556,0.17355371900847033,0.11571113087822309,0.3401633885035588,0.1735537174243175,0.11571112985492361,0.34016338699942944,0.014581822559512512,0.8094413048043004,0.794859482244788,0.2000000000000002,0.1999999861987142,363.05184665265483,90.76295383412901,-5.980978802222481e-05,1.6986412276764895e-11,0.8981798173943907,0.8981798134228304,0.9159809271573477,84.04315246778793,11.898649332356733,66.55233747313883,15.025768259508686,62.67871416366479,15.954379622224376
-170.5896489213,0.0013069932053749985,0.02073769044206558,0.9012490830977725,0.8805113926557069,6.40852136111e-29,0.97649969614,374.9115125356447,78.7314176323417,0.1735537190080027,0.1735537208001927,453.6429301679863,454.219223553582,-0.12687560449050617,1.5867606683477369,0.17355371900814895,0.1147620038266482,0.3387654112016872,0.17355371726637941,0.11476200270457569,0.33876540954556694,0.015200116371282312,0.8069681295556138,0.7917680131843315,0.19999999999999996,0.19999998604964037,362.91435046287114,90.72857970511525,-5.980983964759545e-05,-1.6818768600046496e-10,0.894488547139704,0.8944885427668215,0.9124183770972063,82.90555072997013,12.061918547011144,65.26377303279456,15.322436223500402,62.030661727632896,16.1210596848192
-170.1396489213,0.0013694932053750007,0.02152214536386347,0.8975135825268092,0.8759914371629458,1.42436355719e-28,0.97461043894,374.76249801227516,78.70012458261847,0.1735537190083386,0.17355372097414346,453.4626225948937,454.03868692371253,-0.126875604526544,1.5867606683470954,0.17355371900851405,0.11383851293877895,0.33739963387469607,0.1735537171029521,0.11383851171455968,0.3373996320604984,0.015809697530754705,0.804529804919554,0.7887201073887993,0.19999999999999996,0.1999999858952111,362.77010447190946,90.69251812298415,-5.980988007081578e-05,4.2166270475263445e-11,0.8908822988730849,0.890882294082809,0.908906028513787,81.79971388441149,12.224981635181113,64.04104292016794,15.61498617763887,61.39880736460275,16.28696130955328
-169.6896489213,0.0014319932053749992,0.02229226722438795,0.8938463345870595,0.8715540673626716,3.06225995119e-28,0.972680701786,374.606508581377,78.66736680215519,0.17355371900838484,0.1735537211561715,453.27387538353213,453.84969993371016,-0.12687560447041113,1.5867606683478623,0.17355371900856173,0.11293926442484499,0.3360643754176348,0.17355371693206353,0.11293926309470054,0.3360643734386323,0.016410804795295053,0.8021253758616285,0.7857145710663334,0.19999999999999996,0.19999998573116176,362.6191067745174,90.65476860901482,-5.980983174280752e-05,6.965539256498232e-11,0.8873566337437082,0.8873566285182757,0.9054425057040917,80.72468752638588,12.387784092358826,62.879968785748595,15.903315782603324,60.7826429432747,16.45206512216404
-169.2396489213,0.0014944932053750017,0.023048518701798606,0.8902451360510942,0.8671966173492957,6.38479669822e-28,0.970713459136,374.4435421946911,78.63314386055039,0.17355371900765387,0.1735537213456318,453.0766860552415,453.65226010232647,-0.1268756044453867,1.5867606683482973,0.17355371900796215,0.11206296476944216,0.3347580690131937,0.17355371675362624,0.11206296332981121,0.3347580668629379,0.017003668309526643,0.7997539218017055,0.7827502534921789,0.19999999999999996,0.19999998555798074,362.46135538753543,90.61533066770608,-5.980980433140104e-05,-2.758238082378739e-10,0.8839074146700049,0.8839074089923888,0.9020264825948314,79.67954055431555,12.55027316978974,61.77662866237517,16.187351457219393,60.18167443168828,16.616353889174217
-168.7896489213,0.001556993205375,0.023791344458491855,0.8867078694809184,0.8629165250224266,1.29399667405e-27,0.968711566468,374.2735967275338,78.59745531293764,0.17355371900854832,0.17355372154450346,452.87105204047145,453.44636485692075,-0.12687560448980673,1.5867606683477355,0.17355371900867586,0.1112084128504836,0.3334792540031293,0.17355371657006688,0.11120841129810405,0.33347925167557885,0.01758850993752884,0.7974145552932651,0.7798260453557363,0.19999999999999998,0.1999999853785123,362.29684825402575,90.57420378644578,-5.9809839725311065e-05,1.354028000832841e-10,0.8805307848766759,0.8805307787309247,0.898656680837601,78.66336501825175,12.712397947481353,60.72734420420087,16.46704648629808,59.59542223956532,16.779812314780468
-168.3396489213,0.0016194932053749985,0.02452117188450858,0.8832324996839971,0.8587113277994886,2.5543956973e-27,0.966677764407,374.0966699851003,78.56030069673838,0.17355371900802224,0.17355372175040978,452.65697068183863,453.23201153599996,-0.12687560444207824,1.586760668348325,0.1735537190081948,0.11037449269496559,0.33222656831590935,0.1735537163784266,0.11037449102642263,0.3322265658047571,0.01816554358034031,0.7951064207196126,0.7769408771392723,0.20000000000000004,0.1999999852231139,362.1255832343314,90.53138744750723,-5.980980257724866e-05,-1.417754802446325e-10,0.8772231479003704,0.8772231412698303,0.8953318679405363,77.67527596269505,12.874109394606695,59.72866789090467,16.742379083801357,59.02342056092533,16.94242709921864
-167.8896489213,0.0016819932053750008,0.025238411812780453,0.8798170703162621,0.8545786585034817,4.92046512325e-27,0.964614682664,373.91275969803013,78.52167953668082,0.17355371900843708,0.1735537219651322,452.43443923471096,453.00919739187185,-0.1268756043961039,1.5867606683492756,0.17355371900856287,0.10956016682904772,0.3309987414312141,0.17355371618130044,0.10956016504126004,0.3309987387306182,0.018734975482985857,0.792828693110872,0.7740937176278861,0.19999999999999993,0.1999999850637349,361.9475581454495,90.48688108926147,-5.980974266961425e-05,7.029932191926491e-11,0.8739811490128976,0.8739811418821435,0.892050855551228,76.71441126579579,13.035360416640051,58.77737067073028,17.013350352161567,58.46521715682138,17.104186876065093
-167.4396489213,0.0017444932053749993,0.025943459200591438,0.8764597006297536,0.8505162414291622,9.26403562102e-27,0.962524843815,373.72186352996476,78.48159134125682,0.17355371900819905,0.17355372218696355,452.2034548712216,452.77791959340686,-0.12687560442460333,1.586760668349008,0.17355371900838454,0.10876447015902223,0.3297945878255467,0.17355371597749808,0.10876446824908388,0.32979458492989827,0.0192970045278015,0.7905805769307177,0.7712835724029162,0.20000000000000004,0.19999998489909945,361.7627707256567,90.44068414556492,-5.9809759533901996e-05,-3.2451819009793326e-11,0.8708016579147784,0.8708016502690005,0.8888124977205517,75.77993143713277,13.19610589552463,57.87042996210765,17.279982206020918,57.92037328148567,17.265082100561173
-166.9896489213,0.0018069932053750015,0.02663669378440286,0.8731585823544554,0.8465218885700526,1.70731336864e-26,0.960410666948,373.5239790775486,78.44003560626487,0.17355371900822728,0.17355372241700792,451.9640146838135,452.53817522891285,-0.12687560443026547,1.5867606683491315,0.17355371900836222,0.10798650435301187,0.3286130008886013,0.1735537157676038,0.10798650231801461,0.32861299779225805,0.01985182251885921,0.7883613049663734,0.7685094824475142,0.19999999999999982,0.19999998472930647,361.57121864885477,90.39279603495874,-5.9809751751238593e-05,-4.530820163495264e-11,0.8676817526718009,0.8676817444961011,0.8856156892957583,74.87101938884297,13.356302721170332,57.005017904683704,17.542315339187656,57.38846318284751,17.42510505663591
-166.5396489213,0.0018694932053750003,0.027318480707018217,0.8699119767159044,0.8425934960088861,3.08408900923e-26,0.958274471149,373.31910387312433,78.39701181333353,0.17355371900822317,0.17355372265495855,451.7161156864579,452.28996130912066,-0.12687560453514823,1.586760668347695,0.1735537190082814,0.10722543267215436,0.327452947264419,0.1735537155515007,0.10722543050931177,0.3274529439618947,0.020399614453737523,0.7861701372264576,0.7657705227727201,0.2000000000000001,0.1999999845546068,361.37289952609933,90.34321616035855,-5.980984228992625e-05,-9.188205751797796e-11,0.864618704773203,0.8646186960530953,0.8824593643371893,73.98688018498008,13.515909814007914,56.17849020077646,17.80040717409986,56.869074036515975,17.584249734009983
-166.0896489213,0.0019319932053749986,0.02798917111859728,0.8667182115730405,0.8387290404544432,5.46725392272e-26,0.956118478882,373.1072353891126,78.35251943169371,0.17355371900822797,0.17355372290055404,451.45975482080627,452.0332747702821,-0.12687560440485246,1.5867606683497582,0.17355371900833325,0.10648047521967369,0.3263134615973936,0.17355371532966865,0.10648047292640754,0.326313458083493,0.02094055878651727,0.7840063598955959,0.7630658011090786,0.2000000000000001,0.19999998436491323,361.16781091525746,90.29194390554882,-5.980971226060561e-05,-6.200595592531499e-11,0.8616099652588338,0.8616099559806003,0.8793424946105199,73.12674075537142,13.674888141743779,55.38837523062921,18.054329917354394,56.36180555702761,17.74251179707483
-165.6396489213,0.001994493205375001,0.02864910275082736,0.8635756786804805,0.8349265759296531,9.52184515667e-26,0.953944819224,372.8883710362695,78.3065579175863,0.17355371900820896,0.17355372315343068,451.1949289538559,451.7681124773805,-0.12687560447360857,1.5867606683485955,0.17355371900832195,0.1057509045725081,0.32519364165448883,0.1735537151022083,0.10575090214641387,0.3251936379242587,0.021474827679136596,0.7818692843250624,0.7603944566459259,0.20000000000000012,0.19999998413973777,360.9559503191546,90.23897863470128,-5.980978553532523e-05,-6.851186284961841e-11,0.858653151839678,0.8586531419902402,0.8762640881339375,72.28984956633701,13.833200732868406,54.63236369225808,18.304168672491638,55.86626978476736,17.899888498957246
-165.1896489213,0.002056993205374999,0.02929860046801108,0.8604828310636474,0.8311842305956364,1.63087873186e-25,0.951755531005,372.6625081718073,78.25912671603604,0.17355371900818475,0.1735537234142178,450.9216348878433,451.49447122745187,-0.12687560448995105,1.5867606683483562,0.17355371900836566,0.10503604176339458,0.324092643797101,0.17355371486884033,0.10503603920195996,0.3240926398453997,0.022002587245307053,0.7797582460606003,0.7577556588152933,0.19999999999999993,0.19999998390819806,360.7373151664163,90.18431972142703,-5.980980062325614e-05,-4.332090242087361e-11,0.8557460369415977,0.8557460265073793,0.8732231877767354,71.47547633960271,13.990812670470108,53.90829875759764,18.550019626784522,55.38209079740498,18.056378616295518
-164.7396489213,0.002119493205375002,0.02993797679605686,0.8574381805038034,0.8275002037077466,2.74962256958e-25,0.949552565815,372.4296440988284,78.21022526055359,0.17355371900789698,0.17355372368258937,450.63986935938203,451.21234775302185,-0.12687560446664747,1.586760668349067,0.17355371900813601,0.10433525258409347,0.3230096787777318,0.17355371462932823,0.1043352498849138,0.32300967459956026,0.022523997782737056,0.7776726039097309,0.7551486061269939,0.19999999999999998,0.19999998366966365,360.51190284660623,90.12796651277577,-5.9809755825757094e-05,-1.7564838472594602e-10,0.8528865366067125,0.8528865255745139,0.8702188699168887,70.68291169286256,14.147691090390923,53.21416660970393,18.79198836908298,54.908904340501124,18.21198240997124
-164.2896489213,0.002181993205375,0.03056753242816898,0.8544402951305736,0.8238727627024046,4.56714308033e-25,0.94733779093,372.1897760692445,78.15985297461363,0.1735537190083971,0.17355372395939012,450.34962904385816,450.92173872565286,-0.1268756044921493,1.5867606683486863,0.1735537190085347,0.1036479441863101,0.3219440078434604,0.17355371438489375,0.10364794134717492,0.3219440034340986,0.02303921399806027,0.7756117390504323,0.752572525052372,0.19999999999999998,0.19999998342612008,360.2797106991272,90.06991834473095,-5.9809779806574426e-05,5.4067861299245124e-11,0.8500727002048671,0.8500726885622254,0.8672502431547084,69.91146677431381,14.303805171591826,52.548087524371205,19.030188292508484,54.44635773915065,18.36670149343951
-163.8396489213,0.0022444932053749984,0.031187556709166002,0.8514877971130439,0.820300240403878,7.47956126509e-25,0.945112992124,371.94290128901906,78.10800927077518,0.17355371900841354,0.17355372424315088,450.0509105597942,450.62264075960667,-0.1268756045743169,1.586760668347089,0.17355371900849628,0.10297356195122356,0.3208949391174993,0.17355371413475476,0.10297355897009736,0.3208949344724802,0.023548385222637008,0.7735750541519341,0.750026668929297,0.19999999999999998,0.19999998317854964,360.04073601834443,90.01017454144979,-5.98098804815983e-05,3.19300141882195e-11,0.8473027008793576,0.8473026886144777,0.8643164470509773,69.16047291361272,14.459126114552232,51.90830735195244,19.264739133559647,53.994109576982495,18.520538774220228
-163.3896489213,0.002306993205375001,0.03179832809996811,0.8485793604481573,0.8167810323481892,1.20859584379e-24,0.942879876396,371.689016920117,78.05469355330314,0.17355371900840885,0.17355372453425055,449.7437104734201,450.3150504156189,-0.12687560446213997,1.586760668348714,0.17355371900848654,0.10231158661196985,0.319861824249112,0.17355371387952345,0.10231158348693845,0.3198618193641411,0.02405165562154956,0.7715619725562354,0.7475103169346858,0.20000000000000012,0.1999999829274409,359.79497605701215,89.94873441640794,-5.980977806352428e-05,2.6334490144108713e-11,0.8445748267012527,0.8445748138027953,0.8614166509429045,68.42928120841897,14.613627124830419,51.29318941961851,19.49576564286568,53.55182926578064,18.673498435262513
-162.9396489213,0.0023694932053749994,0.032400114621967874,0.8457137088442922,0.8133135942223243,1.92818807604e-24,0.940640074598,371.42812008141624,77.99990521735434,0.17355371900873695,0.17355372483298834,449.4280252987705,449.998964204789,-0.1268756044866537,1.5867606683481308,0.17355371900873928,0.10166153160308275,0.31884405530459986,0.17355371361961505,0.10166152833235004,0.3188440501755522,0.024549164391644406,0.7695719374771204,0.7450227730854759,0.20000000000000004,0.19999998267349384,359.54242802603386,89.88559727273665,-5.980981482300862e-05,1.7195134205394424e-10,0.8418874724602421,0.8418874589173154,0.8585500527928656,67.71726218860034,14.767283373254005,50.70120707569337,19.723396299166403,53.11919702086109,18.825585778476242
-162.4896489213,0.0024319932053750016,0.032993174284406665,0.8428896136863765,0.8098964394019699,3.03913164234e-24,0.938395143985,371.16020785689847,77.94364364979128,0.1735537190079748,0.17355372513807313,449.10385150668975,449.67437859258314,-0.1268756044493946,1.5867606683485784,0.17355371900825622,0.101022940618752,0.3178410618827467,0.17355371335393552,0.10102293720052198,0.31784105650548355,0.02504104595503469,0.7676044112211411,0.7425633652661064,0.19999999999999996,0.19999998241588562,359.28308910244533,89.82076240424446,-5.980978661224157e-05,-1.063815702195825e-10,0.8392391320481508,0.8392391178498271,0.8557158780676903,67.02380542292656,14.920071960848915,50.13093639709765,19.947762237648835,52.69590339590446,18.976807219472022
-162.0396489213,0.002494493205375,0.03357775549202602,0.8401058920924334,0.8065281366004073,4.73511650875e-24,0.936146570696,370.88527729329485,77.88590823157917,0.173553719008241,0.1735537254518416,448.771185524874,449.3412900029517,-0.12687560452635527,1.5867606683468276,0.17355371900850472,0.10039538536911181,0.3168523084484502,0.1735537130838134,0.10039538180157057,0.31685230281879057,0.025527430143902772,0.7656588744669113,0.7401314443230085,0.2000000000000001,0.19999998215329415,359.01695642898653,89.75422909588745,-5.9809896946205754e-05,3.679279103607769e-11,0.836628391418563,0.8366283765538023,0.8529133786951707,66.34831908203621,15.071971887690967,49.581049499841875,20.16899622109026,52.281649074348586,19.12717019652387
-161.5896489213,0.0025569932053749983,0.03415409743757428,0.8373614050484846,0.8032073076109103,7.2966683346e-24,0.93389577212,370.6033254096534,77.82669833600876,0.17355371900823047,0.17355372577319444,448.4300237456621,448.9996948225633,-0.12687560447592894,1.5867606683474018,0.17355371900842217,0.09977846350772479,0.3158772918519544,0.17355371280803525,0.09977845978903309,0.3158772859656628,0.026008442376609264,0.7637348255356734,0.7377263831590641,0.20000000000000015,0.1999999818852259,358.7440271197383,89.68599662592385,-5.980986076403738e-05,-1.0758061108617767e-11,0.8340539220365122,0.834053906494131,0.850141832020533,65.69022955028652,15.222964006153916,49.05030819458706,20.387231738339104,51.87614467032402,19.276683075719284
-161.1396489213,0.002619493205375001,0.03472243047672765,0.8346550556230102,0.7999326251462826,1.11262085184e-23,0.931644099234,370.31434919531637,77.76601333105683,0.17355371900833896,0.17355372610275652,448.08036252637316,448.6495894051501,-0.1268756045294972,1.5867606683463225,0.17355371900858504,0.09917179672831433,0.31491553903914354,0.17355371252696863,0.09917179285660069,0.314915532891918,0.02648420383025668,0.7618317797218992,0.7353475758916426,0.1999999999999999,0.19999998161077534,358.464298260949,89.61606426542419,-5.98099287874021e-05,8.308909116294672e-11,0.8315144748326577,0.8315144586012971,0.8474005398361737,65.04898106151308,15.373030963457484,48.537557970490376,20.602602228319256,51.479110416752725,19.425355098493938
-160.6896489213,0.0026819932053749993,0.03528297648740839,0.8319857872485491,0.7967028107611407,1.6795767769e-23,0.929392838826,370.0183456180273,77.7038525796816,0.17355371900807223,0.17355372644080436,447.7221981977089,448.2909700759721,-0.12687560451347668,1.586760668346844,0.1735537190083846,0.09857502900647702,0.31396660492236594,0.17355371223918883,0.09857502497957382,0.3139665985094176,0.026954831604593728,0.7599492686235491,0.7329944370189553,0.19999999999999996,0.1999999813280574,358.1777669180103,89.54443127969859,-5.980989591369834e-05,-3.241851231905457e-11,0.8290088745813312,0.8290088576483464,0.8446888274209845,64.42403526593392,15.522157155666077,48.04172242901729,20.815240366902376,51.09027579173797,19.573196356902702
-160.2396489213,0.0027444932053750015,0.035835949216729016,0.8293525820869779,0.7935166328702489,2.51113955802e-23,0.92714321568,369.7153116242908,77.64021544129922,0.17355371900863054,0.17355372678742845,447.35552706558997,447.92383313639476,-0.126875604458343,1.5867606683473532,0.17355371900882213,0.09798782498309225,0.3130300704135183,0.17355371194656713,0.0979878207992092,0.3130300637306411,0.027420438878198804,0.7580868395313168,0.730666400653118,0.19999999999999998,0.19999998101320254,357.88443014632077,89.47109691926921,-5.980986382825293e-05,2.1969093211282598e-10,0.8265360147070197,0.8265359970613048,0.8420060426565462,63.81487078822329,15.670328681203644,47.56179801888273,21.025277463290713,50.70937940357312,19.720217674948262
-159.7896489213,0.002806993205375,0.03638155460950232,0.8267544594524296,0.7903729048429273,3.71994359092e-23,0.924896394679,369.40524414553937,77.5751012706023,0.17355371900833666,0.17355372714036688,446.98034541614163,447.54817486858246,-0.1268756045329722,1.5867606683461017,0.17355371900852123,0.09740986847067856,0.3121055405959314,0.17355371164841413,0.09740986412835274,0.312105533639429,0.02788113506135326,0.7562440547971938,0.7283629197358406,0.20000000000000015,0.19999998067242317,357.58428497196036,89.39606044418137,-5.98099426984966e-05,4.631850458736153e-11,0.8240948524573461,0.8240948340891415,0.8393515551233053,63.220982873023615,15.817533270693579,47.09684906760469,21.232842956533254,50.33616884651522,19.866430499492218
-159.3396489213,0.0028694932053749986,0.03691999112466304,0.8241904743022885,0.7872704831776255,5.4621236793e-23,0.922653482847,369.08814010158784,77.50850942139844,0.17355371900838473,0.17355372750137896,446.5966495229863,447.16399154030887,-0.1268756044886965,1.5867606683464963,0.17355371900866726,0.09684086108086115,0.31119264303781535,0.1735537113456677,0.09684085657859479,0.31119263580392575,0.02833702594436837,0.7544204912658622,0.7260834653214938,0.20000000000000007,0.19999998032510238,357.27732840513244,89.3193211178539,-5.980991782950085e-05,1.304512053934559e-10,0.8216844044498297,0.8216843853492017,0.836724755274394,62.641882950959136,15.963760233434819,46.64600316769948,21.438063973130724,49.97040024492644,20.011846915345277
-158.8896489213,0.002931993205375001,0.03745145003917452,0.821659715792985,0.7842082657538105,7.95245823372e-23,0.920415531322,368.7639964036166,77.44043924483749,0.17355371900840894,0.1735537278701282,446.20443564845414,446.77127940988225,-0.12687560448757518,1.5867606683461932,0.1735537190087944,0.09628052095420353,0.31029102622248605,0.17355371103788297,0.09628051629054118,0.310291018707505,0.028788213834877372,0.7526157397044628,0.7238275258695854,0.2000000000000001,0.19999997997157615,356.96355745553484,89.24087819291927,-5.980993692533687e-05,2.0370372055822372e-10,0.819303742526997,0.8193037226841648,0.8341250536202928,62.077098246221716,16.109000392280166,46.20844694550266,21.641064915671816,49.61183815308812,20.156479526404212
-158.4396489213,0.002994493205374999,0.037976115739965836,0.8191613058935039,0.781185190153538,1.14842241179e-22,0.918183537281,368.432809959795,77.37089009147999,0.1735537190081218,0.17355372824575396,445.803700051275,446.37003473118733,-0.1268756045090247,1.5867606683453368,0.1735537190085116,0.0957285815910489,0.30940035809780325,0.1735537107251792,0.09572857676473853,0.3094003502983449,0.029234797694485823,0.750829404264617,0.7215946065701312,0.19999999999999984,0.19999997961126156,356.6429691303951,89.16073092087997,-5.980999090438033e-05,4.076738946423575e-11,0.8169519899262663,0.81695196933229,0.8315518799514006,61.52617138453183,16.253246017050365,45.78342191011018,21.84196720733043,49.26025521280769,20.300341435096737
-157.9896489213,0.0030569932053750018,0.0384941660017111,0.8166943980560235,0.7782002320543124,1.64550587467e-22,0.91595844581,368.0945776782198,77.29986131277118,0.17355371900890468,0.17355372863015642,445.39443899099103,445.9602537588445,-0.1268756045150754,1.5867606683450683,0.17355371900910396,0.09518479077309798,0.30852032473258223,0.17355371040832976,0.0951847857828937,0.3085203166452636,0.029676873269332823,0.7490611019681903,0.7193842286988575,0.20000000000000004,0.1999999792504602,356.31556043452247,89.07887855646857,-5.981000782417922e-05,3.8207215169450137e-10,0.8146283177322879,0.8146282963782348,0.8290046825949831,60.98865998963695,16.396490760248177,45.370220807249595,22.040888984172906,48.915432069379264,20.443446121086055
-157.5396489213,0.003119493205375,0.03900577225570352,0.814258175942822,0.7752524036871185,2.34004350025e-22,0.913741151698,367.7492964735627,77.22735225927117,0.17355371900793573,0.17355372902046137,444.97664873283384,445.54193275348473,-0.1268756045379238,1.5867606683445343,0.17355371900844607,0.09464890956501798,0.3076506290665078,0.17355371008544446,0.09464890440972662,0.30765062068802435,0.03011453321238538,0.7473104621926903,0.7171959289803049,0.19999999999999996,0.19999997888638052,355.9813283813347,88.99532035149912,-5.98100414750391e-05,2.9976021664879227e-12,0.8123319415761713,0.812331919453316,0.826482927681225,60.46413627559073,16.538729594053564,44.96818394422718,22.237944971054933,48.57715693836259,20.585807466436453
-157.0896489213,0.0031819932053749984,0.039511099845168714,0.8118518522059364,0.7723407523607676,3.3036727515e-22,0.911532501198,367.39696326780444,77.15336228626312,0.1735537190083094,0.1735537294194942,444.55032555406757,445.1150679871412,-0.12687560446503765,1.5867606683457156,0.17355371900874567,0.09412071139950376,0.30679098976258046,0.17355370975905546,0.09412070607802361,0.30679098108977,0.030547867206615772,0.7455771262172652,0.7150292590106495,0.2,0.19999997851820908,355.64026999299125,88.91005556107636,-5.98099670345853e-05,1.7563728249569976e-10,0.810062118605442,0.8100620957054349,0.8239860984781008,59.9521866417609,16.679958747383367,44.57669596415828,22.433246304392906,48.24522550220324,20.727439650050602
-156.6396489213,0.0032444932053750006,0.04001030827067544,0.8094746673167511,0.7694643590460757,4.63162953376e-22,0.909333293715,367.0375749979266,77.07789074962079,0.17355371900836905,0.17355372982614994,444.1154657475473,444.67965574875876,-0.12687560447564028,1.5867606683453084,0.17355371900890162,0.09359998122446907,0.3059411401306942,0.1735537094275131,0.09359997573561155,0.3059411311602471,0.030976962077433855,0.7438607467347715,0.7128837846573377,0.19999999999999993,0.19999997814389964,355.29238230467007,88.82308344287729,-5.98099926918394e-05,2.6549873410885994e-10,0.8078181446418173,0.8078181209559198,0.821513694699525,59.452411351970525,16.82017562046044,44.19518288726963,22.62690036945291,47.919440812356065,20.868357039386595
-156.1896489213,0.0033069932053749994,0.04050355142784658,0.8071258884413117,0.7666223370134652,6.44975378232e-22,0.907144283469,366.67112861971714,77.00093701023594,0.17355371900844205,0.1735537302402794,443.67206562995307,444.2356923498196,-0.1268756044533914,1.586760668345586,0.1735537190090016,0.09308651472082959,0.30510082713888137,0.17355370909147666,0.0930865090635459,0.3051008178677106,0.031401901905693586,0.7421609874222345,0.7107590855165409,0.2,0.19999997776431672,354.93766236931395,88.73440326063908,-5.980997520582676e-05,3.2309710462641306e-10,0.8055993515704617,0.8055993270905222,0.8190652318801329,58.96442411024115,16.959378728610638,43.82310908205655,22.819010812937776,47.59961284492971,21.008574234790643
-155.7396489213,0.0033694932053750016,0.04099097783051157,0.8048048083664084,0.7638138305358969,8.92335107866e-22,0.904966181072,366.2976211118257,76.92250043342884,0.17355371900816274,0.17355373066207108,443.2201215452546,443.78317413008614,-0.12687560449655688,1.5867606683446136,0.173553719008609,0.09258011757821225,0.30426981049425894,0.1735537087498871,0.09258011175137018,0.30426980091913525,0.031822768133156876,0.7404775225104175,0.7086547543772607,0.2,0.19999997737771405,354.576107262856,88.64401428239859,-5.981003647903549e-05,9.687806112879116e-11,0.8034051049132824,0.8034050796307747,0.8166402407577268,58.487851695126814,17.097567631866355,43.459974673906046,23.009677467677253,47.28555842378642,21.148105961607133
-155.2896489213,0.0034319932053750004,0.04147273083160055,0.8025107444669304,0.7610380136353299,1.22683433548e-21,0.902799655096,365.91704948148805,76.84258039101363,0.17355371900807992,0.17355373109142203,442.75962987250165,443.32209746346194,-0.1268756044822794,1.5867606683448106,0.1735537190087048,0.09208060482554764,0.30344786179102934,0.17355370840453385,0.09208059882821121,0.3034478519090409,0.032239639666911755,0.7388100363758785,0.7065703967089667,0.20000000000000007,0.19999997698563063,354.207714087835,88.55191578466668,-5.9810024066742074e-05,1.5207834991315394e-10,0.8012348015792816,0.8012347754865169,0.8142382666828382,58.02233358225961,17.234742869868835,43.10531304165659,23.19899635187915,46.977100967865155,21.28696704132623
-154.8396489213,0.0034944932053749982,0.041948948825514906,0.8002430377170563,0.7582940888915414,1.67652290539e-21,0.900645333563,365.5294107685301,76.76117626159434,0.1735537190086438,0.17355373152920703,442.29058703012447,442.8524587639675,-0.12687560444200052,1.586760668345029,0.1735537190092302,0.09158780021270707,0.30263476372139914,0.17355370805491288,0.09158779404387375,0.30263475352952074,0.032652592975136084,0.7371582231456056,0.7045056301704695,0.20000000000000004,0.19999997658707055,353.8324799794179,88.45810705070659,-5.981001029997657e-05,4.5481396426794163e-10,0.7990878677810356,0.7990878408700262,0.8118588690527628,57.56752154221642,17.37090590684302,42.758688525889525,23.38705967079697,46.67407029803041,21.425172341187455
-154.3896489213,0.003556993205375001,0.04241976544984771,0.7980010517428949,0.7555812862930472,2.27764751851e-21,0.898503805406,365.13470205149883,76.67828743085995,0.173553719008349,0.17355373197436988,441.8129894823587,442.3742544918376,-0.12687560448642055,1.58676066834403,0.17355371900875616,0.09110153563769535,0.30183030934234445,0.1735537076991178,0.09110152929631914,0.3018302988374745,0.033061702181582144,0.7355217863174522,0.7024600841358701,0.2000000000000001,0.19999997618079762,353.45040210952,88.36258737283873,-5.9810073249622064e-05,1.8167689574966062e-10,0.7969637570986365,0.7969637293611928,0.8095016207652745,57.12307941734249,17.506059025529378,42.41969426395168,23.573955855919532,46.376302502751955,21.56273670029344
-153.9396489213,0.003619493205374999,0.042885309779750934,0.7957841719095287,0.7528988621297777,3.0768082526e-21,0.896375621881,364.73292045204386,76.59391329483115,0.17355371900808084,0.17355373242723302,441.326833746875,441.8874811597301,-0.1268756044827679,1.586760668343863,0.1735537190087957,0.09062165061794678,0.30103430139760945,0.17355370733932585,0.09062164410316396,0.30103429057694403,0.033467039161691026,0.7339004383972138,0.7004333992355227,0.19999999999999998,0.19999997576831333,353.0614776915936,88.26535605528144,-5.981008377453634e-05,2.0445867221496883e-10,0.7948619486894724,0.7948619201181907,0.8071661076896385,56.688682704374216,17.640205280741828,42.08795017342804,23.75976962240712,46.08363976792282,21.699674874554166
-153.4896489213,0.003681993205375002,0.04334570650541188,0.793591804448384,0.750246097942972,4.13362029517e-21,0.894261297928,364.3240631400135,76.50805325927043,0.17355371900801625,0.1735537328881789,440.83211639928385,441.3921353390576,-0.1268756044653041,1.586760668343867,0.17355371900876496,0.09014799180012212,0.3002465516873127,0.17355370697466685,0.09014798511093766,0.30024654054782657,0.0338686736255089,0.7322939005417897,0.6984252269162807,0.2000000000000001,0.1999999753477312,352.6657039869389,88.16641241234494,-5.981008353028727e-05,1.8673951274195133e-10,0.792781945623712,0.7927819162106046,0.8048519281598476,56.26401819146443,17.773348440863856,41.76310112858562,23.944582010829873,45.7959301105014,21.836001530858553
-153.0396489213,0.0037444932053749998,0.04380107611251597,0.7914233756209372,0.7476222995084213,5.52398468856e-21,0.892161313503,363.9081273390488,76.42070674115757,0.17355371900818437,0.17355373335708998,440.32883408020643,440.8882136664317,-0.12687560449246016,1.5867606683434672,0.173553719008893,0.08968041250628479,0.29946688048310915,0.17355370660565297,0.08968040564188341,0.299466869022073,0.03426667320405239,0.7307019022282557,0.6964352290242033,0.20000000000000007,0.19999997492122012,352.26307830707503,88.06575577313137,-5.981010873234993e-05,2.6052493495853923e-10,0.7907232733400783,0.7907232430779384,0.8025586924937417,55.84878362985108,17.90549292223979,41.444815159603415,24.128470501050945,45.51302719065975,21.97173121029448
-152.5896489213,0.0038069932053749985,0.044251535047873825,0.7892783309184005,0.7450267958705267,7.34409017121e-21,0.890076114865,363.4851103326597,76.33187316987122,0.1735537190082883,0.17355373383378628,439.81698350253083,440.37571285022807,-0.12687560448804147,1.5867606683436546,0.17355371900891522,0.08921877231503567,0.2986951159879178,0.1735537062320325,0.0892187652746099,0.2986951042026131,0.03466110352918079,0.7291241809278537,0.6944630773986729,0.2000000000000001,0.19999997448936555,351.85359802203493,87.96338548049587,-5.981009691957695e-05,2.7333690866271354e-10,0.7886854782192927,0.7886854471009423,0.8002860225252756,55.44268739500958,18.03664373040493,41.13278182935577,24.3115091060123,45.23479018918839,22.106878263779613
-152.1396489213,0.0038694932053750008,0.04469719588242438,0.7871561342903057,0.7424589384078814,9.7152891445e-21,0.88800611581,363.0550094688566,76.241551988664,0.17355371900864847,0.173553734318499,439.2965614575206,439.8546296772643,-0.12687560436801526,1.5867606683457287,0.17355371900921118,0.08876293667224341,0.29793109383252264,0.17355370585432517,0.08876292945508141,0.2979310817203895,0.03505202831273126,0.7275604817951326,0.6925084534824013,0.19999999999999996,0.19999997405275338,351.43726056455273,87.85930089296791,-5.980996620191803e-05,4.438449607846451e-10,0.7866681262548825,0.7866680942735624,0.7980335511550983,55.04544819583821,18.166806389553685,40.82671078524651,24.49376843655425,44.961083636154946,22.24145681390698
-151.6896489213,0.003931993205374999,0.04513816746484063,0.7850562674072533,0.7399180999424126,1.27900146987e-20,0.885951698877,362.6178221653397,76.14974265466319,0.17355371900815494,0.17355373481050654,438.76756482000286,439.32496101959885,-0.1268756044050745,1.5867606683448245,0.17355371900885613,0.08831277653029809,0.2971746566083624,0.173553705471294,0.08831276913562146,0.29717464416672806,0.03543950941959091,0.7260105573659181,0.6905710479463272,0.2,0.19999997361142385,351.01406343445353,87.75350138554927,-5.9810023189665884e-05,2.3927526626721374e-10,0.7846708018195414,0.7846707689681944,0.7958009219182913,54.65679474105258,18.29598688941967,40.52633028421905,24.675315849888335,44.69177718128945,22.375480749927696
-151.2396489213,0.003994493205375002,0.04557455506936149,0.7829782289508839,0.7374036738815224,1.67589328106e-20,0.883913216533,362.17354591603385,76.05644464241279,0.1735537190083506,0.17355373531434626,438.2299905584466,438.78670384144266,-0.12687560450719282,1.5867606683429707,0.17355371900895558,0.08786816801527426,0.2964256534365308,0.17355370508192064,0.08786816044162703,0.2964256406615781,0.03582360694203264,0.7244741672766487,0.688650560334616,0.20000000000000012,0.19999997317822454,350.5840042008637,87.64598635758291,-5.9810140018434765e-05,2.965849787983643e-10,0.7826931065271027,0.7826930727956497,0.793587788575274,54.2764655185364,18.424191598446694,40.23138603388223,24.85621547211463,44.42674555987601,22.508963629853397
-150.7896489213,0.004056993205375,0.04600646054610443,0.780921533936998,0.7349150733908936,2.18595546173e-20,0.881890992275,361.72217829825695,75.96165744269275,0.17355371900837552,0.1735537358273982,437.6838357409497,438.2398552061902,-0.12687560445157064,1.5867606683437054,0.173553719009095,0.08742899211353511,0.2956839395596844,0.17355370468840736,0.08742898436056225,0.29568392644944747,0.03620437926771013,0.7229510779746348,0.6867466987069246,0.2,0.19999997278715603,350.1470805033817,87.536755237568,-5.981009371103241e-05,3.7692071686024065e-10,0.7807346581549969,0.7807346235382471,0.7913938146995557,53.904208343771856,18.551427258193673,39.94163985217299,25.03652838744416,44.16586830631849,22.641918711172206
-150.3396489213,0.004119493205374998,0.04643398244741106,0.7788857130667175,0.7324517306193065,2.83865684463e-20,0.879885321731,361.26371697494244,75.86538056458565,0.17355371900797661,0.17355373634812077,437.12909753952806,437.68441228356363,-0.1268756045339381,1.5867606683421647,0.17355371900864278,0.08699513438833285,0.2949493759754932,0.17355370429022063,0.08699512645551175,0.2949493625277257,0.03658188314428288,0.7214410624660831,0.6848591793218002,0.19999999999999996,0.19999997239557368,349.7032900983204,87.42580744120765,-5.981019081113814e-05,1.163513729807164e-10,0.7787950896764022,0.7787950541684245,0.7892186733128908,53.53978013979746,18.677700905549198,39.65686849317831,25.216312785060623,43.90902961326192,22.774358914503733
-149.8896489213,0.004181993205375001,0.04685721616553552,0.7768703120960856,0.7300130959305501,3.67041903955e-20,0.87789647374,360.79815970426534,75.76761353783768,0.17355371900815456,0.17355373687736494,436.565773242103,437.1203723568749,-0.12687560448889634,1.5867606683431907,0.17355371900882435,0.08656648471044814,0.2942218290855526,0.17355370388893898,0.08656647659740233,0.29422181529825814,0.03695617374799664,0.7199439000521354,0.6829877263041387,0.20000000000000004,0.19999997200623168,349.25263081480347,87.31314242729948,-5.981012615174919e-05,2.2097879082139116e-10,0.7768740483332188,0.7768740119287417,0.787062046502064,53.18294671916626,18.80301979656228,39.37686278903177,25.395623957085405,43.65611835042193,22.906296706755544
-149.4396489213,0.004244493205374999,0.04727625405469532,0.7748748912397948,0.7275986371850995,4.72608761179e-20,0.875924691352,360.32550434332046,75.6683559119735,0.17355371900802985,0.17355373741486507,435.99386025529395,436.54773283040225,-0.12687560453406022,1.586760668342221,0.1735537190088525,0.08614293701029738,0.29350117037296014,0.17355370348334354,0.08614292871651709,0.29350115624391854,0.037327304740973254,0.7184593760803695,0.6811320713393962,0.19999999999999996,0.19999997161990782,348.7951005777811,87.19875967751284,-5.981018725842446e-05,2.3718804698091844e-10,0.77497119478473,0.7749711574778914,0.7849236250665058,52.83348243103928,18.927391381123638,39.10142657783458,25.57451447479591,43.40702774831661,23.037744159729563
-148.9896489213,0.004306993205375002,0.0476911855556388,0.7728990245950746,0.7252078390394359,6.06067855117e-20,0.873970192828,359.84574885609726,75.56760725983918,0.173553719008376,0.17355373796028922,435.4133561159365,435.96649123688115,-0.1268756044473518,1.586760668343916,0.17355371900902133,0.08572438904737328,0.29278727610224675,0.17355370307496082,0.08572438057280521,0.292787261630019,0.037695328333005165,0.7169872817130869,0.6792919533800817,0.19999999999999998,0.19999997124038704,348.3306974150688,87.0826587008677,-5.9810080443867264e-05,3.3446578839857466e-10,0.7730862023152905,0.7730861641022906,0.7828031081800598,52.49116993394768,19.050823238619962,38.830375829369906,25.753034284145038,43.16165527670279,23.16871291402409
-148.5396489213,0.004369493205375,0.04810209731030856,0.7709422995919647,0.7228402022816561,7.74144466416e-20,0.8720331726,359.35889131797416,75.46536717671519,0.1735537190081516,0.17355373851411704,434.82425849468933,435.3766452451109,-0.12687560448049195,1.5867606683434954,0.17355371900878516,0.08531074219549756,0.29208002703967545,0.17355370266489456,0.0853107335410309,0.29208001222444324,0.03806029533646377,0.715527413698071,0.6774671183616072,0.2,0.19999997092851463,347.85941943673856,86.9648390579508,-5.981010695599309e-05,1.9839685450051547e-10,0.7712187560957923,0.771218716977111,0.7807002030635342,52.155799867540225,19.173323053997716,38.563537682114884,25.93123090114689,42.91990256211413,23.2992141245612
-148.0896489213,0.004431993205374999,0.04850907326859848,0.7690043164608145,0.720495243192216,9.85031258851e-20,0.870113802175,358.86492992374934,75.36163528415518,0.17355371900858388,0.1735537390771395,434.2265652079045,434.7781926676743,-0.12687560440536316,1.5867606683445432,0.1735537190092335,0.08490190124607604,0.2913793081982247,0.17355370225260153,0.08490189241175146,0.29137929303873233,0.03842225522391757,0.7140795741504968,0.6756573189265793,0.20000000000000012,0.19999997063134065,347.38126491897566,86.84530028892883,-5.981004091992759e-05,4.567235478702969e-10,0.7693685525103102,0.7693685124826317,0.7786146246669803,51.827170672612816,19.294898544952463,38.30074983536639,26.10914941087168,42.68167533070699,23.429258393720033
-147.6396489213,0.004494493205375001,0.04891219480068528,0.7670846877265003,0.718172492925815,1.24867478509e-19,0.868212231062,358.36386299309623,75.25641122821436,0.17355371900762437,0.17355373964679008,433.6202742213106,434.1711314687706,-0.12687560446420498,1.586760668343767,0.1735537190085765,0.08449777421846323,0.2906850085891311,0.17355370183693733,0.08449776520454882,0.2906849930845224,0.03878125617740361,0.7126435703332691,0.6738623141558655,0.19999999999999996,0.199999970347933,346.8962322347859,86.7240419865247,-5.981008983635405e-05,7.815970093361102e-11,0.7675352985000652,0.767535257561129,0.7765460953597789,51.50508829937901,19.4155574336149,38.041859744842164,26.28683262877502,42.44688305288854,23.558855870618498
-147.1896489213,0.004556993205374999,0.049311540795968424,0.7651830377229497,0.7158714969269813,1.57711127949e-19,0.866328587614,357.8556889767394,75.1496946850585,0.1735537190081561,0.1735537402266715,433.0053836617979,433.55545977216184,-0.12687560448505497,1.5867606683436468,0.17355371900884284,0.08409827219150433,0.28999702100453434,0.17355370141958165,0.08409826299815557,0.28999700515376975,0.03913734514229092,0.7112192144750521,0.6720818693327612,0.20000000000000004,0.1999999700792102,346.40431988530145,86.6010637764965,-5.981009740807508e-05,2.3161472739730016e-10,0.7657187109895128,0.7657186691365739,0.7744943446588702,51.189365985806525,19.53530739719015,37.78672396648878,26.464321196165397,42.21543902471547,23.68801611691257
-146.7396489213,0.004619493205375002,0.04970718776352194,0.7632990021225263,0.7135918143590044,1.98485903746e-19,0.864462979881,357.34040646513984,75.04148535771613,0.17355371900833472,0.17355374081522892,432.3818918228559,432.93117586923154,-0.12687560448211288,1.5867606683437665,0.17355371900890418,0.08370330913815435,0.2893152418006254,0.17355370099943251,0.08370329976557264,0.28931522560275436,0.03949056787359199,0.7098063235501537,0.6703157556765618,0.19999999999999993,0.19999996982590737,345.9055265050159,86.47636531783994,-5.981008986966074e-05,2.6696422850136514e-10,0.7639185163137597,0.7639184735443084,0.7724591089217282,50.8798240279376,19.654156025596905,37.53520759529898,26.641653638416084,41.987260258162465,23.81674807671207
-146.2896489213,0.004681993205375,0.05009920992559525,0.761432227491437,0.7113330175658418,2.48937557577e-19,0.862615496402,356.81801419307175,74.93178298050721,0.173553719008192,0.17355374141191912,431.749797173579,432.29827822715407,-0.12687560446097423,1.5867606683442428,0.17355371900885208,0.08331280177835926,0.28863957070775875,0.17355370057746655,0.08331279222703467,0.28863955416234044,0.03984096898387165,0.7084047191087743,0.6685637501249027,0.20000000000000004,0.19999996958908137,345.3998508687712,86.34994630480786,-5.981005984923016e-05,2.369437979155009e-10,0.7621344497171769,0.762134406030049,0.7704401310955327,50.57628953547691,19.772110789158358,37.28718353162919,26.818866572524605,41.76226717359267,23.945060162641866
-145.8396489213,0.004744493205374999,0.050487679307208023,0.759582370854614,0.709094691547406,3.11158874766e-19,0.860786206992,356.2885110465665,74.82058731992889,0.17355371900855188,0.17355374201729007,431.10909836649546,431.65676549717494,-0.12687560452080415,1.5867606683435014,0.1735537190090277,0.08292666943791566,0.28796991064678207,0.1735537001544818,0.08292665970853995,0.2879698937537394,0.04018859198867292,0.7070142270904487,0.6668256351017758,0.1999999999999998,0.19999996936850378,344.88729189871304,86.22180646778236,-5.9810106578517264e-05,3.381295243798377e-10,0.7603662548684298,0.7603662102634219,0.7684371604498362,50.27859622708424,19.889178995441338,37.04253209423462,26.995994697555844,41.54038369807334,24.072960116793055
-145.3896489213,0.004806993205375001,0.050872665823502985,0.7577490992864533,0.7068764334629503,3.87651205504e-19,0.858975163493,355.75189607227236,74.70789817524485,0.17355371900839434,0.1735537426300434,430.45979424751727,431.0066365230017,-0.12687560449089474,1.5867606683443218,0.17355371900885236,0.082544833917551,0.28730616755919286,0.17355369973038787,0.08254482401093899,0.28730615031867834,0.0405334793489129,0.7056346776486095,0.6651011982996966,0.19999999999999996,0.1999999691634636,344.3678486719029,86.09194557561435,-5.9810054864328777e-05,2.3709922913894843e-10,0.758613683412018,0.7586136378895327,0.7664499523255374,49.986584182086744,20.00536776742511,36.80114043338808,27.1730709489846,41.32153704627491,24.200455052776135
-144.9396489213,0.004869493205374999,0.05125423736216842,0.7559320895127154,0.704677852150547,4.813955562e-19,0.857182400497,355.20816848110246,74.59371538084805,0.17355371900791167,0.17355374325058606,429.8018838619505,430.34789034930355,-0.12687560450449498,1.5867606683441924,0.1735537190085912,0.08216721937154815,0.28664825025028173,0.1735536993054033,0.08216720928852818,0.28664823266248857,0.04087567251381755,0.7042659049876858,0.6633902324738683,0.20000000000000007,0.1999999689735206,343.8415204247997,85.9603634371508,-5.981006302446801e-05,8.664180484174722e-11,0.7568764945541047,0.7568764481146523,0.7644782678976801,49.70009967435202,20.12068399363905,36.56290207335971,27.350126584416156,41.10565760392383,24.327551444026597
-144.4896489213,0.004931993205375002,0.051632459863261364,0.7541310275294607,0.7024985676661993,5.95934507435e-19,0.855407936057,354.6573276574357,74.47803880803113,0.173553719008206,0.17355374388066594,429.13536646546686,429.6805262303183,-0.1268756044483288,1.5867606683451196,0.1735537190087843,0.08179375219327384,0.285996070240963,0.17355369887966765,0.08179374193457167,0.285996052305922,0.041215211960492194,0.702907747201954,0.6616925352414619,0.19999999999999998,0.19999996879951473,343.3083065616052,85.8270599038617,-5.981000459343022e-05,1.978861519091879e-10,0.7551544546712852,0.7551544073149469,0.762521873944147,49.41899493370722,20.235134311036543,36.32771654752503,27.527191220284088,40.89267890725535,24.454255057928616
-144.0396489213,0.004994493205375,0.052007397396553114,0.7523456082409513,0.7003382108443982,7.35466361292e-19,0.853651772352,354.0993731659153,74.36086836469194,0.1735537190079746,0.17355374451972386,428.4602415306073,429.00454363856755,-0.12687560447351975,1.5867606683448399,0.17355371900864133,0.0814243609078002,0.28534954162885945,0.17355369845198906,0.0814243504740341,0.28534952334642877,0.04155213723172521,0.7015600461163064,0.6600079088845812,0.20000000000000004,0.19999996864324707,342.7682066596078,85.69203487099952,-5.981002222377185e-05,1.1550760348200129e-10,0.7534473369437895,0.7534472886701908,0.7605805426186008,49.143127993174204,20.348725057527805,36.09548895438505,27.70429294540739,40.68253749570892,24.580570966240174
-143.5896489213,0.005056993205374998,0.0523791122363308,0.7505755351060575,0.6981964228697266,9.0495306787e-19,0.851913896342,353.53430475842725,74.24220399917047,0.1735537190080727,0.17355374516821223,427.77650875759775,428.3199422736772,-0.12687560452933067,1.5867606683439932,0.17355371900867034,0.08105897607256307,0.28470858096053775,0.1735536980235051,0.08105896546455976,0.2847085623309558,0.04188648697496101,0.7002226471435075,0.6583361601685465,0.20000000000000007,0.199999968505664,342.2212204786153,85.55528827898245,-5.9810075581090416e-05,1.3222756223285614e-10,0.7517549210181287,0.7517548718278992,0.758654051241077,48.872362556903475,20.46146221876775,35.86612957577067,27.88145840736462,40.47517274496627,24.706503571979585
-143.1396489213,0.005119493205375001,0.05274766492622198,0.7488205197934029,0.696072854867181,1.11024363924e-18,0.85019428039,352.96212238231794,74.12204570024876,0.17355371900819092,0.173553745824332,427.0841680825667,427.6267220713034,-0.12687560452460112,1.586760668343937,0.17355371900859753,0.08069753018336288,0.2840731071104107,0.17355369758906997,0.08069751939950143,0.2840730881296245,0.04221829897557544,0.6988953991406837,0.6566771001651082,0.19999999999999998,0.19999996828814331,341.66734800968527,85.4168200728814,-5.9810079122701865e-05,9.028333636251773e-11,0.7500769926873435,0.7500769425697814,0.7567421820942596,48.60656755850552,20.57335150844267,35.63955353117948,28.058712888340306,40.270526974904314,24.832056472049086
-142.6896489213,0.005181993205374999,0.0531131143574282,0.7470802818870277,0.6939671675295995,1.35821492837e-18,0.848492882906,352.38282618702505,74.0003934989232,0.17355371900758207,0.17355374648953756,426.38321968594823,426.9248832121621,-0.1268756044713104,1.5867606683450113,0.17355371900840105,0.08033995758722481,0.28344304116916474,0.1735536971513479,0.0803399466274265,0.2834430218358295,0.04254761019479526,0.6975781542628245,0.6550305440680293,0.2000000000000001,0.19999996806337336,341.10658936600026,85.27663031994797,-5.981001142130182e-05,-2.2937207688755734e-11,0.7484133435964043,0.7484132925479589,0.7548447222109611,48.345617145031895,20.684398277512987,35.415680455921084,28.236080378142553,40.06854521332639,24.95723252930606
-142.2396489213,0.005244493205375002,0.05347551782773325,0.745354548553426,0.6918790307256927,1.65693183011e-18,0.846809648898,351.7964165300085,73.8772474713551,0.173553719008368,0.17355374716621763,425.6736640013636,426.2144261311611,-0.12687560454160973,1.5867606683437165,0.1735537190088379,0.07998619439973274,0.2828183063377135,0.17355369671408205,0.07998618326533449,0.28281828665299297,0.04287445680050371,0.6962707678421745,0.6533963110416707,0.19999999999999998,0.19999996787428428,340.538944876162,85.13471912520161,-5.98100930115919e-05,2.2877255645425976e-10,0.7467637709622026,0.7467637189859467,0.7529614631996355,48.08939083623582,20.794607347084344,35.194434346651676,28.413583527167496,39.8691751126354,25.08203385635331
-141.7896489213,0.005306993205374999,0.0538349311001743,0.7436430542295388,0.6898081231293645,2.01582915906e-18,0.845144510511,351.2028939893871,73.75260773769119,0.17355371900810868,0.17355374785185232,424.9555017270783,425.49535152663293,-0.12687560454366364,1.586760668343609,0.17355371900859987,0.07963617842551292,0.2821988278244843,0.17355369627127878,0.07963616711572014,0.28219880778578804,0.043198874198781274,0.6949730982478741,0.6517742240490928,0.19999999999999998,0.1999999676486066,339.9644151295652,84.99108659751306,-5.981009978395235e-05,9.161560399206792e-11,0.7451280773023421,0.7451280243914358,0.7510922010462857,47.83777295530451,20.903983154364518,34.97574306440137,28.59124388461697,39.67236685675486,25.206461807804487
-141.3396489213,0.005369493205374999,0.05419140846235027,0.7419455403545446,0.6877541318921944,2.44591766475e-18,0.843497387604,350.60225936588944,73.62647446678554,0.1735537190081646,0.17355374854731634,424.22873383267506,424.76766036966865,-0.12687560454215374,1.586760668343529,0.17355371900864475,0.07928984908972395,0.2815845327601002,0.17355369581547217,0.07928983759980948,0.2815845123578523,0.04352089706593398,0.6936850067794874,0.6501641097135534,0.19999999999999996,0.1999999672672094,339.38300095233035,84.84573288034468,-5.9810104835467115e-05,1.1748380046583407e-10,0.7435060702098621,0.7435060163390208,0.7492367359548565,47.590652255455076,21.01252982691312,34.759538137858655,28.769081914550565,39.47807314110521,25.33051692836507
-140.8896489213,0.005431993205375,0.05454500279634591,0.7402617551153472,0.6857167523190013,2.96001685599e-18,0.841868188304,349.9945136942884,73.49884787589836,0.17355371900845534,0.17355374925257008,423.4933615701867,424.0313539135485,-0.12687560445623358,1.586760668344554,0.17355371900894326,0.07894714736635905,0.2809753501045226,0.1735536953477085,0.07894713569222994,0.28097532933022773,0.043840559378250765,0.6924063575317145,0.6485657981534638,0.20000000000000004,0.19999996676386234,338.7947033314331,84.69865823875368,-5.981004023158931e-05,2.894795514407633e-10,0.7418975621080539,0.7418975072548462,0.7473948721570409,47.34792186813993,21.120251122845854,34.5457546427121,28.94711695669858,39.28624915138959,25.454198901669113
-140.4396489213,0.005494493205375,0.05489576564139532,0.7385914531992726,0.6836956875578772,3.57301753926e-18,0.840256809505,349.3796582492138,73.36972823250234,0.17355371900859182,0.17355374996747383,422.7493864817161,423.28643370327075,-0.12687560450641566,1.5867606683439615,0.17355371900899225,0.07860801571574952,0.2803712105686843,0.1735536948872013,0.0786080038623078,0.2803711894298482,0.044157894438886666,0.6911370172894167,0.64697912285053,0.2,0.1999999664086665,338.1995233860885,84.54986309562759,-5.981007757949186e-05,3.177014207267348e-10,0.7403023700435372,0.7403023142277815,0.7455664177603286,47.10947986176891,21.227150096631338,34.33433088863653,29.125367354427322,39.096852249895925,25.577506690520387
-139.9896489213,0.005556993205375001,0.05524374721965501,0.736934395460484,0.681690648240829,4.30217722629e-18,0.838663137256,348.757694555711,73.23911585686807,0.17355371900859495,0.17355375069028847,421.996810412579,422.5329015851758,-0.12687560438147116,1.586760668346126,0.1735537190091561,0.07827239802250363,0.27977204653521703,0.17355369443523067,0.0782723859945831,0.2797720250392864,0.0444729349061682,0.6898768554211063,0.6454039205149381,0.20000000000000004,0.19999996616891708,337.5974626066723,84.39934780590671,-5.9809941166388825e-05,4.121147867408581e-10,0.7387203154769468,0.7387202587183057,0.7437511845926483,46.875228844932295,21.333229183970385,34.12520820517348,29.30385051389656,38.909842114497074,25.70043838927372
-139.5396489213,0.005619493205375,0.05558899648864866,0.7352903487091339,0.6797013522204852,5.16745183096e-18,0.837087047285,348.1286243929111,73.10701112243031,0.17355371900810548,0.1735537514208703,421.23563551534136,421.7707597166607,-0.12687560457694813,1.5867606683426783,0.1735537190086355,0.07794023954038391,0.27917779198995024,0.17355369398135187,0.07794022733833822,0.2791777701364101,0.04478571281930546,0.6886257437659575,0.6438400309466521,0.1999999999999999,0.1999999659087141,336.9885227727376,84.2471127426038,-5.9810158448136974e-05,1.1215472994763331e-10,0.7371512241020591,0.7371511663991728,0.7419489880425301,46.64507492700758,21.438490592304703,33.91833063478234,29.48258305420629,38.72518071672626,25.82299117762614
-139.0896489213,0.005681993205374999,0.05593156121247053,0.7336590855236824,0.6777275243112119,6.19186731028e-18,0.835528405505,347.49244980804906,72.97341445988644,0.17355371900865,0.1735537521621383,420.46586426793544,421.0000105759914,-0.1268756044269681,1.5867606683450806,0.17355371900910183,0.07761148683921962,0.2785883824555856,0.17355369353120617,0.07761147446556901,0.2785883602478198,0.045096259627751184,0.6873835565345053,0.6422872969067541,0.2,0.1999999656956743,336.3727058381464,84.09315842978914,-5.9810007047023106e-05,3.808509063674137e-10,0.735594925670664,0.7355948670324673,0.7401596469108399,46.418928283251304,21.54293597426324,33.71364500812542,29.66158063772064,38.54283216915647,25.945161362590277
-138.6396489213,0.005744493205375001,0.05627148799167362,0.7320403839800288,0.6757688959883552,7.40193521454e-18,0.833987068383,346.849173118464,72.83832635484006,0.17355371900819086,0.17355375291304811,419.68749947330406,420.2206569721985,-0.12687560453024105,1.5867606683436002,0.17355371900870062,0.0772860877510778,0.27800375492262297,0.17355369308051197,0.07728607520733376,0.278003732362236,0.045404606209648285,0.6861501702049081,0.6407455639952598,0.2000000000000001,0.19999996550578916,335.75001405543236,83.93748541787171,-5.9810100350166095e-05,1.496802681799636e-10,0.7340512538101791,0.7340511942409088,0.7383829832699769,46.19670317185917,21.646566342187647,33.5111006733972,29.84085810090536,38.36276253619545,26.066944450533125
-138.1896489213,0.005806993205375,0.05660882231705384,0.7304340274556412,0.6738252051385873,8.82811640336e-18,0.83246288338,346.1987969246998,72.70174735429686,0.17355371900848127,0.17355375367505643,418.90054427899673,419.43270205506633,-0.12687560446817958,1.5867606683447983,0.17355371900898284,0.07696399132506854,0.27742384779443263,0.1735536926305085,0.07696397861252866,0.2774238248826669,0.04571078290066646,0.6849254634422484,0.6392146805415819,0.20000000000000007,0.1999999653292997,335.1204499467726,83.78009433222412,-5.981002483279596e-05,3.1228353236656403e-10,0.732520045878617,0.7325199853815534,0.7366188223376451,45.97831746009637,21.74938221408122,33.310649290749076,30.020429541063216,38.184939889966664,26.188335057789534
-137.7396489213,0.005869493205375002,0.056943608607868644,0.7288398044174712,0.6718961958096026,1.05053374766e-17,0.83095568936,345.54132411575284,72.56367806430241,0.17355371900825323,0.1735537544486659,418.10500218005524,418.6361493252041,-0.12687560450882485,1.5867606683440654,0.17355371900875066,0.07664514777996201,0.27684860082717055,0.17355369217812275,0.076645134899257,0.27684857756408465,0.046014819512431755,0.6837093169940284,0.6376944974815966,0.19999999999999993,0.199999965157501,334.4840163118673,83.62098586818792,-5.9810071029176015e-05,1.7850165789923267e-10,0.7310011428059345,0.7310010813812322,0.7348669923351876,45.76369272208721,21.851383498984205,33.11224481624639,30.20030824093672,38.00933432802941,26.309326845078818
-137.2896489213,0.005931993205375,0.05727589026248647,0.7272575082242899,0.6699816179618034,1.24735647925e-17,0.829465316964,344.8767578792695,72.42411915466553,0.17355371900830194,0.17355375523225144,417.3008770339351,417.8310026442031,-0.12687560447004476,1.5867606683447348,0.17355371900876645,0.07632950846158515,0.2762779550771019,0.1735536917269566,0.07632949541388206,0.2762779314637383,0.04631674535870304,0.6825016136090195,0.6361848682503165,0.2000000000000001,0.1999999649915789,333.8407162361929,83.46016079774219,-5.981002884070108e-05,1.8760548670115895e-10,0.7294943889549446,0.7294943266053563,0.7331273243639047,45.552753996108365,21.95256954355452,32.915843223245915,30.380506834282688,37.83591777531927,26.42991260152039
-136.8396489213,0.005994493205374998,0.05760570968585838,0.725686936933536,0.6680812272476776,1.4778441271e-17,0.82799158899,344.20510170852634,72.28307135895835,0.17355371900859748,0.17355375602725615,416.4881730674847,417.01726624487543,-0.12687560449357038,1.5867606683444766,0.17355371900896568,0.07601702580296771,0.2757118528517911,0.17355369127452094,0.07601701258912821,0.27571182888865725,0.046616589273307654,0.6813022379515988,0.6346856486782911,0.19999999999999987,0.19999996482577143,333.19055310363797,83.29761996384674,-5.981004511657062e-05,3.0240254744740014e-10,0.727999631992436,0.7279995687193015,0.7313996522856677,45.34542976139431,22.052939078137683,32.721402503849106,30.561037225784172,37.66466400572159,26.550084180973744
-136.3896489213,0.006056993205375001,0.057933108339336896,0.7241278931136346,0.6661947847742977,1.74719915158e-17,0.826534320751,343.52635941275736,72.14053547658244,0.17355371900807243,0.17355375683256088,415.6668948893398,416.194944741572,-0.12687560454635038,1.586760668343624,0.17355371900857655,0.0757076532837373,0.27515023765887847,0.17355369082069835,0.07570763990449739,0.27515021334626905,0.04691437963140527,0.6801110765172622,0.6331966968858569,0.2,0.19999996465841943,332.5335306017969,83.13336428754289,-5.981009885136501e-05,7.818190539410352e-11,0.7265167227539219,0.7265166585580194,0.7296838126010547,45.14165208510788,22.15249007977485,32.52888259133587,30.741910583376505,37.495548592876,26.669832487528826
-135.9396489213,0.006119493205374999,0.0582581267750736,0.722580183654052,0.6643220568789784,2.06134011326e-17,0.825093320421,342.8405351240614,71.99651237601599,0.17355371900819094,0.17355375765023082,414.83704750007735,415.3640431405768,-0.12687560447334212,1.586760668344792,0.1735537190087824,0.07540134539367725,0.2745930541613849,0.1735536903655909,0.07540133184969423,0.27459302949946535,0.047210144371454314,0.6789280175580954,0.6317178731866411,0.1999999999999999,0.19999996448574905,331.86965273268885,82.96739476738847,-5.981002524357848e-05,1.9679813334505525e-10,0.7250455151256244,0.7250454500073907,0.7279796443381507,44.941356953689485,22.251219539954377,32.33824545353211,30.923137170101974,37.328548920842294,26.789147419594784
-135.4896489213,0.006181993205375002,0.058580804684445986,0.7210436195573272,0.6624628148728813,2.42698764759e-17,0.823668389366,342.1476333064909,71.85100299451925,0.1735537190085762,0.1735537584786518,413.9986363010101,414.52456685057837,-0.1268756043976249,1.5867606683460487,0.173553719009096,0.07509805759224222,0.274040248124691,0.17355368991052425,0.07509804388445573,0.27404022311415477,0.04750391101227893,0.6777529509963656,0.6302490399840867,0.20000000000000004,0.19999996431028522,331.1989238163013,82.79971248470876,-5.98099460402679e-05,3.774758283725532e-10,0.7235858659044766,0.7235857998657427,0.7262869889333039,44.74450511086268,22.349112980964197,32.14946202321098,31.10471955263292,37.16364426068146,26.90801776557699
-135.0396489213,0.006244493205375,0.058901181227611246,0.719518014332192,0.6606168331045807,2.85175914155e-17,0.822259322472,341.447658764931,71.70400834079042,0.17355371900857433,0.1735537593196022,413.1516671057215,413.6765216932107,-0.12687560447979251,1.5867606683447615,0.17355371900899638,0.07479774614434641,0.27349176613628867,0.173553689452578,0.0747977322730583,0.2734917407766792,0.047795706674605545,0.6765857683465603,0.6287900616719547,0.19999999999999998,0.19999996412656035,330.5213485057486,82.6303185999729,-5.981002716426431e-05,3.2009950245992513e-10,0.7221376340581438,0.7221375670977043,0.7246056901164679,44.551130667160294,22.446119436809806,31.962527383181587,31.286637255293883,37.00081420621492,27.026432294888064
-134.5896489213,0.006306993205374999,0.059219295776307634,0.7180031805095779,0.6587838847332703,3.34427280763e-17,0.820865908408,340.74061665482276,71.555529497328,0.17355371900789404,0.1735537601699875,412.2961461521508,412.8199139136655,-0.12687560455822977,1.5867606683436213,0.17355371900846053,0.07450036780144063,0.27294755503840046,0.1735536889942346,0.07450035376781083,0.272947529330842,0.048085558077146255,0.6754263627337169,0.6273408046565707,0.1999999999999999,0.1999999639390918,329.83693178949414,82.45921436265668,-5.9810099017898466e-05,1.13464793116691e-11,0.7207006792268917,0.720700611347715,0.7229355939368366,44.36116770264019,22.542237992993233,31.77740402855786,31.468901584953745,36.840041352400085,27.144377782704392
-134.1396489213,0.006369493205375001,0.059535185752629505,0.7164989398808089,0.6569637541281794,3.91426188797e-17,0.819487929991,340.02651248886053,71.405567622792,0.17355371900852817,0.17355376103404407,411.43208011165257,411.95475019137103,-0.12687560453560343,1.5867606683440476,0.17355371900894107,0.07420588070069903,0.27240756358937435,0.17355368853537964,0.07420586650539315,0.2724075375341019,0.048373491599071936,0.674274628648417,0.6259011370493451,0.2,0.19999996374434223,329.14567900606266,82.28640110558982,-5.981007215050127e-05,2.8821389719269064e-10,0.7192748661103937,0.7192747973131003,0.7212765484085116,44.174468197471796,22.637510779523822,31.594028668505885,31.651550693085163,36.68131166828555,27.261838645333782
-133.6896489213,0.006431993205374999,0.05984888763795381,0.7150051187223713,0.6551562310844175,4.57269975817e-17,0.818125164455,339.3053521479506,71.25412395111834,0.17355371900836256,0.17355376191053395,410.55947609906895,411.0810376507353,-0.1268756045394226,1.5867606683439057,0.17355371900874,0.07391424391145784,0.2718717416567192,0.1735536880741565,0.0739142295548788,0.27187171525349746,0.0486595332760839,0.6731304619393655,0.6244709286632817,0.19999999999999982,0.19999996354292146,328.44759584705423,82.11188025201473,-5.981008108779662e-05,1.723732268033018e-10,0.7178600623369915,0.7178599926209601,0.7196284035064783,43.99096811391386,22.731938915518228,31.412366035995703,31.834596567927782,36.524610762178575,27.378799640364825
-133.2396489213,0.006494493205375001,0.06016043720289497,0.713521546703087,0.653361109500192,5.33193399231e-17,0.816777383713,338.5771418887524,71.10119979653761,0.1735537190080619,0.17355376279777354,409.67834168529004,410.1987838719501,-0.12687560449289315,1.5867606683446587,0.17355371900858677,0.0736254173281871,0.2713400400386701,0.17355368761188697,0.07362540281114793,0.2713400132880293,0.04894370880828419,0.6719937598097975,0.6230500510015133,0.19999999999999998,0.19999996332977174,327.7426883712304,81.9356533140597,-5.9810033636864546e-05,8.406608742461685e-11,0.7164561379925507,0.7164560673591813,0.7179910111533945,43.81061971984647,22.825515968380472,31.232386331974986,32.01804656777774,36.36992491520709,27.495245105163175
-132.7896489213,0.0065569932053750005,0.060469869531707646,0.7120480567660595,0.6515781872343519,6.20584032663e-17,0.815444354628,337.84188835237484,70.94679655416479,0.1735537190086002,0.17355376369760117,408.7886849065397,409.3079969018541,-0.1268756044947139,1.5867606683443172,0.17355371900898459,0.07333936164497272,0.2708124104338144,0.1735536871511112,0.07333934696853624,0.27081238333676,0.04922604357421283,0.6708644207480724,0.6216383771738596,0.1999999999999999,0.19999996311489973,327.0309630034434,81.75772190309631,-5.981005516408899e-05,3.1328273308872667e-10,0.7150629655402595,0.715062893992207,0.7163642251234333,43.63337730588233,22.918235115969065,31.054060869794405,32.201907640771,36.21724193643933,27.611158291815368
-132.3396489213,0.006619493205374999,0.060777219037994545,0.7105844850094056,0.6498072659714111,7.20998567993e-17,0.814125839274,337.09959857561677,70.7909157008856,0.1735537190082768,0.17355376461149322,407.89051427650236,408.4086852648502,-0.12687560452143698,1.5867606683432596,0.17355371900883695,0.07305603833142768,0.27028880541270606,0.17355368668593343,0.0730560234958584,0.2702887779687836,0.0495065626447639,0.6697423444651284,0.6202357818203644,0.2,0.19999996288903715,326.3124265584116,81.57808771809076,-5.981012181077716e-05,2.2823964940243968e-10,0.713680419745679,0.7136803472817433,0.7147479009541691,43.45919741663092,23.010088990215014,30.87736203462474,32.386186322479126,36.06655104965869,27.726521413792444
-131.8896489213,0.006681993205375001,0.061082519510586374,0.7091306705759144,0.648048151065328,8.36180134828e-17,0.812821595172,336.3502799973537,70.63355879948875,0.17355371900835476,0.17355376553657514,406.9838387968425,407.50085797387686,-0.12687560453370494,1.5867606683423792,0.17355371900887206,0.0727754096090509,0.26976917838969466,0.1735536862244621,0.07277539461587029,0.2697691506007874,0.049785290801081156,0.6686274318400356,0.6188421410389544,0.2000000000000001,0.19999996266606873,325.5870862317807,81.39675256506183,-5.981017729972393e-05,2.4846791291111003e-10,0.7123083776023584,0.7123083042275123,0.7131418958632125,43.28803869733951,23.101069720247228,30.702263319849237,32.57088865345939,35.91784280114704,27.84131568079765
-131.4396489213,0.006744493205374999,0.06138580410951008,0.7076864555315032,0.6463006514219931,9.68077716206e-17,0.811531375545,335.5939404696004,70.47472749866641,0.17355371900836686,0.17355376647429255,406.0686679682668,406.58452454142684,-0.1268756044617847,1.5867606683429742,0.1735537190091703,0.07249743842756394,0.2692534835941105,0.1735536857613268,0.07249742327808709,0.2692534554617398,0.0500622525455174,0.6675195848637822,0.6174573323182647,0.19999999999999998,0.1999999624373652,324.8549496276225,81.21371834064428,-5.981013979639016e-05,4.2030823266259176e-10,0.7109467182557525,0.7109466439740131,0.7115460686708003,43.11986170201687,23.191169000275956,30.528739969346336,32.75601944279692,35.77110895413077,27.955521347752967
-130.9896489213,0.006806993205375002,0.06168710540740372,0.7062516847707826,0.6445645793633789,1.1188670191e-16,0.810254929542,334.8305882647876,70.31442353565603,0.17355371900836775,0.1735537674270632,405.1450118004436,405.65969499061134,-0.12687560448410018,1.5867606683425124,0.17355371900916636,0.07222208843074013,0.2687416760213051,0.17355368529698212,0.07222207312539616,0.2687416475453631,0.050337472114075237,0.6664187065895307,0.6160812344754555,0.19999999999999998,0.19999996220353178,324.11602475340544,81.02898704703816,-5.9810168895335636e-05,4.1802117323186394e-10,0.7095953228739459,0.7095952476850284,0.709960279728136,42.954629146143375,23.28037792149775,30.356767433742156,32.941583855482584,35.62634259977085,28.069117597449704
-130.5396489213,0.006869493205375001,0.061986455410680534,0.7048262059047936,0.6428397504941131,1.29097307562e-16,0.808992002472,334.06023208683064,70.15264873808408,0.17355371900795707,0.17355376838995873,404.2128808249147,404.7263798662691,-0.12687560458106706,1.5867606683405853,0.17355371900877592,0.07194932396176924,0.2682337114565752,0.1735536848350812,0.07194930850262513,0.26823368264001657,0.05061097349229771,0.6653247010746867,0.614713727582389,0.19999999999999993,0.19999996197024278,323.3703200320495,80.84256079286523,-5.981029035373453e-05,1.9306778398231472e-10,0.7082540747108234,0.7082539986225292,0.7083843908323181,42.79230576890033,23.368687011176632,30.18632104533363,33.12758777388626,35.48353798821484,28.182082641593695
-130.0896489213,0.006931993205374999,0.062283885570518935,0.7034098691518551,0.6411259835813362,1.48709468e-16,0.807742336009,333.28288107955694,69.98940502677364,0.1735537190084011,0.17355376936659775,403.2722861063306,403.7845902461101,-0.1268756045066599,1.5867606683416184,0.17355371900911248,0.07167911003569766,0.26772954643762736,0.173553684373979,0.07167909442421236,0.2677295172822981,0.05088278042544945,0.6642374733437653,0.6133546929183158,0.20000000000000004,0.19999996173418408,322.61784431660755,80.65444178972305,-5.9810225239154136e-05,3.8697933746334456e-10,0.7069228590069603,0.7069227820241638,0.7068182651718163,42.63285823487846,23.456086253721733,30.017377633425795,33.31403602979802,35.34269034884116,28.294393837304145
-129.6396489213,0.006994493205375001,0.06257942681359822,0.7020025272471384,0.6394231004335402,1.7102307699e-16,0.806505668408,332.4985448353862,69.82469441529842,0.1735537190079919,0.17355377035638436,402.32323925068465,402.83433775189854,-0.12687560451430935,1.5867606683412967,0.17355371900902913,0.07141141231631654,0.26722913822470135,0.17355368391345946,0.07141139655371498,0.26722910873202976,0.051152916426710694,0.6631569293383042,0.6120040129115935,0.19999999999999993,0.1999999614954188,321.85860689183556,80.4646323588491,-5.9810245511826565e-05,3.389510894180603e-10,0.705601562910735,0.7056014850372074,0.7052617672593093,42.47625523440753,23.54256500441118,29.84991510588839,33.50093279838955,35.203796210393236,28.40602740748651
-129.1896489213,0.007056993205374999,0.06287310955839696,0.7006040353349697,0.6377309257765728,1.96370886291e-16,0.805281734704,331.7072334051558,69.65851901492873,0.17355371900794736,0.17355377135946995,401.3657524200846,401.87563456066437,-0.1268756044733088,1.58676066834182,0.17355371900900757,0.07114619709718174,0.2667324447778743,0.1735536834533025,0.07114618118514307,0.26673241495015765,0.05142140479512212,0.66208297586455,0.6106615710694279,0.20000000000000007,0.199999961253853,321.09261748744416,80.27313493264047,-5.9810212538202734e-05,3.2653879600275104e-10,0.7042900754184016,0.7042899966602091,0.7037147628507201,42.32246729851863,23.628112060352443,29.683912127410164,33.688281912025964,35.066853332264174,28.516958465729342
-128.7396489213,0.007119493205375002,0.06316496373651154,0.6992142508878684,0.6360492871513568,2.25121566202e-16,0.804070266908,330.9089573070377,69.49088103435112,0.17355371900800276,0.17355377237840858,400.39983834138883,400.9084934159432,-0.12687560451024593,1.5867606683407962,0.17355371900909913,0.07088343128514137,0.26623942473860135,0.17355368299401835,0.07088341522456207,0.2662393945766893,0.051688268623778275,0.6610155205503828,0.6093272519266045,0.19999999999999996,0.19999996100874737,320.3198862852023,80.0799520561865,-5.9810277053262695e-05,3.792965941329385e-10,0.7029882873253503,0.702988207684736,0.7021771188861348,42.17146687423261,23.712715589957693,29.51934818431879,33.87608675354214,34.931860561566644,28.627161105189966
-128.2896489213,0.007181993205375001,0.06345501880186845,0.6978330335897003,0.6343780147878318,2.57682994623e-16,0.802870994168,330.1037275367012,69.32178278261993,0.17355371900808378,0.17355377340885897,399.4255103193211,399.93292763904134,-0.1268756045459174,1.5867606683400475,0.17355371900903807,0.07062308238099095,0.2657500374054366,0.17355368252526138,0.07062306616887248,0.26575000690286443,0.051953530811470895,0.6599544717993083,0.6080009409878374,0.19999999999999984,0.19999996068257306,319.5404239598402,79.8850863594809,-5.981032424884347e-05,3.44102524252321e-10,0.7016960911619986,0.7016960106218927,0.7006487034233666,42.023228048730296,23.79636325987133,29.35620336529805,34.06435047326656,34.798817584419375,28.736608580854032
-127.8396489213,0.007244493205375001,0.06374330374068735,0.6964602452689697,0.6327169415282823,2.94505786718e-16,0.801683642982,329.29155557584323,69.15122667092878,0.173553719008268,0.1735537744523943,398.442782246772,398.94895114031925,-0.1268756045354702,1.586760668339774,0.1735537190091652,0.07036511846762256,0.26526424272340693,0.17355368202245766,0.070365102090374,0.2652642118537176,0.052217214069789915,0.6588997387666646,0.6066825246968747,0.20000000000000012,0.19999996012551274,318.75424168511927,79.68854056165276,-5.9810341479504814e-05,4.1735503941708885e-10,0.7004133811657345,0.7004132996562792,0.6991293856023539,41.87772592465407,23.879042567860267,29.19445851951605,34.253075779141966,34.667725242084806,28.845273031818433
-127.3896489213,0.007306993205375001,0.06402984715855804,0.6950957499126729,0.6310659027541148,3.36087076313e-16,0.800507937492,328.47245340176175,68.9792152143816,0.17355371900828864,0.17355377550739232,397.4516686161433,397.9565784304916,-0.12687560445403534,1.5867606683405815,0.173553719009375,0.07010950818860477,0.2647820012550037,0.17355368152085746,0.0701094916478326,0.26478197002030296,0.052479340938127436,0.6578512312943643,0.6053718903562368,0.20000000000000004,0.19999995956711056,317.9613509630341,79.4903176531093,-5.9810290586881365e-05,5.382361223382759e-10,0.6991400532043218,0.6991399707310771,0.697619035552668,41.734937643789316,23.96074024442235,29.034095242947465,34.44226491758531,34.53858544573718,28.9531255288691
-126.9396489213,0.0073694932053749995,0.06431467720931902,0.6937394134405557,0.6294247362312366,3.82974561769e-16,0.799343599456,327.6464334959769,68.8057510343545,0.17355371900868005,0.1735537765769484,396.45218453033135,396.9558246319382,-0.12687560437582013,1.5867606683413351,0.17355371900975658,0.06985622073724722,0.26430327417050137,0.1735536810183074,0.06985620403355354,0.2643032425710164,0.052739933788918524,0.6568088598931097,0.6040689261041912,0.2,0.19999995900029327,317.16176387868836,79.29042065164298,-5.981024309154037e-05,7.581046901350419e-10,0.6978760047503374,0.6978759213139031,0.6961175243669788,41.594842371576945,24.041442231389034,28.875095707221398,34.63191984329628,34.411400961415595,29.06013623569898
-126.4896489213,0.007431993205375,0.06459782165104255,0.6923911036926566,0.627793282041614,4.35770828837e-16,0.798190348499,326.81350885452696,68.63083685967604,0.1735537190087355,0.1735537776565629,395.44434571420294,395.9467054900231,-0.12687560443227497,1.5867606683400541,0.1735537190097022,0.06960522583888418,0.26382802322513843,0.17355368051806433,0.06960520897410374,0.26382799126344375,0.052999014839253476,0.6557725356914984,0.6027735208522449,0.19999999999999998,0.19999995843187693,316.3554930092416,79.08885270496135,-5.981032382695872e-05,7.2677419638012e-10,0.6966211348209178,0.6966210504280917,0.6946247240290232,41.45742039437868,24.12113417784172,28.71744274058938,34.82204209592085,34.28617552276366,29.166274300149595
-126.0396489213,0.007494493205375,0.06487930784438195,0.6910506903475949,0.6261713825032129,4.95137962213e-16,0.797047902296,325.9736929977301,68.45447552957991,0.17355371900838304,0.1735537787519823,394.4281685273101,394.92923738441726,-0.12687560445656665,1.5867606683395166,0.17355371900945535,0.06935649373911479,0.26335621074718324,0.17355368001443502,0.06935647671346108,0.2633561784227989,0.053256606158505214,0.654742170413258,0.6014855642547527,0.19999999999999993,0.1999999578506295,315.54255144674704,78.885617080563,-5.9810357699863204e-05,5.845324224651449e-10,0.6953753439462489,0.6953752585957639,0.6931405073785813,41.32265344944647,24.199801235498718,28.561119753884444,35.0126328595361,34.16291373118113,29.271507924316225
-125.5896489213,0.007556993205375001,0.06515916278744649,0.6897180448657202,0.6245588820782737,5.61802458256e-16,0.795915976708,325.1269999780547,68.2766699954761,0.1735537190084422,0.17355377986035042,393.40366997353084,393.9034373404191,-0.1268756044025876,1.586760668340094,0.1735537190096489,0.06910999518800628,0.2628877996180239,0.17355367951188577,0.0691099780028836,0.26288776693274185,0.05351272967859873,0.6537176763338508,0.600204946655252,0.19999999999999998,0.1999999572633735,314.7229527915704,78.68071718196046,-5.9810321306752456e-05,6.960654275189881e-10,0.694138534116994,0.6941384478135815,0.6916647480496345,41.19052465740164,24.277428081273715,28.40611079371549,35.203692869537,34.04162109750158,29.375804317186088
-125.1396489213,0.0076194932053750015,0.06543741311316544,0.6883930404144964,0.622955627301331,6.36560451133e-16,0.794794285965,324.2734443898027,68.09742332183528,0.1735537190082154,0.17355378098364369,392.37086771163797,392.8693230402686,-0.12687560453263913,1.5867606683377964,0.17355371900937638,0.06886570142797874,0.2624227532588947,0.17355367900840749,0.06886568408393773,0.2624227202128995,0.053767407198563745,0.6526989662526285,0.5989315590540647,0.19999999999999993,0.19999995666702938,313.8967111719057,78.47415653973232,-5.981046611314156e-05,5.39035482916006e-10,0.6929106087492461,0.6929105214933934,0.6901973204330296,41.06101841169272,24.353998967430275,28.25240043217151,35.39522251926184,33.92230394710926,29.479129765453813
-124.6896489213,0.007681993205375,0.06571408511188535,0.6870755518107221,0.6213614666988367,7.20283264519e-16,0.793682542815,323.41304138053016,67.9167386900281,0.17355371900851105,0.17355378212060724,391.3297800705583,391.8269128344547,-0.12687560440914902,1.5867606683399054,0.1735537190097107,0.06862358418049289,0.2619610356150183,0.17355367850605163,0.06862356667896194,0.26196100221018004,0.05402066039712085,0.6516859534600711,0.5976652930629502,0.19999999999999993,0.19999995606436047,313.0638412497708,78.26593882078751,-5.981033319724105e-05,7.316813821489632e-10,0.6916914726426563,0.6916913844393012,0.6887380996242229,40.93412038981467,24.429497702088707,28.099973810304856,35.587221780017416,33.80496943734856,29.581449610635513
-124.2396489213,0.007744493205375,0.06598920473736702,0.6857654554561793,0.6197762507188123,8.13923300872e-16,0.792580458671,322.5458066566518,67.73461939802878,0.17355371900854383,0.1735537832724501,390.28042605468056,390.7762257530021,-0.12687560441174695,1.5867606683399555,0.17355371900967964,0.06838361563371187,0.26150261114128837,0.1735536780027887,0.06838359797558094,0.26150257737846666,0.05427251083518846,0.6506785517076449,0.5964060408724564,0.1999999999999999,0.19999995545332877,312.2243582294383,78.05606782524228,-5.981033003310543e-05,7.137845869920056e-10,0.690481031942629,0.6904809427940415,0.6872869613856554,40.8098175143223,24.503907660186123,27.948816613443814,35.77969020409202,33.68962554332985,29.68272825454387
-123.7896489213,0.007806993205375,0.0662627976280689,0.6844626292840651,0.6181998316559962,9.18520280127e-16,0.791487743763,321.67175649580577,67.55106886425355,0.1735537190085497,0.17355378443599928,389.22282536005935,389.71728151674387,-0.1268756044792707,1.586760668338832,0.1735537190095356,0.068145768430139,0.26104744478760755,0.17355367750242645,0.06814575061732103,0.26104741066963494,0.05452297996778961,0.64967667517652,0.5951536952087303,0.19999999999999996,0.19999995483852648,311.3782778659238,77.84454749413555,-5.981040084312994e-05,6.307843136710289e-10,0.6892791941016092,0.6892791040152683,0.685843782096982,40.688097685064726,24.577211934070522,27.79891477888083,35.97262727535364,33.576280924646234,29.782929272132787
-123.3396489213,0.007869493205375,0.06653488910284014,0.6831669527073547,0.6166320636045146,1.0352078393e-15,0.790404107284,320.79090775541783,67.36609062874086,0.17355371900848401,0.1735537856155518,388.15699838415867,388.6501005485664,-0.12687560448633173,1.586760668338414,0.17355371900956704,0.06791001565974619,0.260595501994463,0.17355367700127972,0.06790999769304955,0.26059546752207635,0.05477208914720981,0.6486802384589947,0.5939081493117849,0.20000000000000007,0.19999995421428388,310.5256164793731,77.63138190478561,-5.9810427188722315e-05,6.489031534329115e-10,0.6880858678673987,0.6880857768452499,0.6844084387300273,40.56894972087684,24.64939336315622,27.650254481331107,36.16603242025059,33.4649450176911,29.8820153289167
-122.8896489213,0.007931993205375002,0.06680550418723287,0.6818783065768431,0.6150728023896103,1.1652205043e-15,0.78932925751,319.9032778809696,67.17968835492249,0.17355371900809125,0.1735537868075797,387.0829662358921,387.5747039846258,-0.12687560454234248,1.586760668337139,0.17355371900941394,0.06767633084826526,0.2601467486790201,0.17355367650267858,0.06767631272949305,0.2601467138548805,0.05501985963212995,0.647689156518549,0.592669296886419,0.20000000000000004,0.199999953585273,309.6663909550639,77.41657528082823,-5.981050754666484e-05,5.606848318961966e-10,0.6869009632464376,0.6869008712955075,0.6829808087922262,40.45236349218459,24.720434448612636,27.502822283265974,36.359904801786385,33.35562804861068,29.97994816774711
-122.4396489213,0.007994493205374998,0.0670746676115906,0.6805965731236031,0.6135219055120125,1.30990104476e-15,0.78826290195,319.00888491620293,66.9918658322808,0.1735537190080036,0.17355378801259397,386.0007507484838,386.4911136855302,-0.12687560455669766,1.5867606683366144,0.17355371900933173,0.06744468794813824,0.2597011512260549,0.17355367600607746,0.06744466967935861,0.2597011160533559,0.055266312593242564,0.6467033446736888,0.5914370320804463,0.20000000000000012,0.19999995295185777,308.80061875940527,77.20013198907853,-5.981054059800428e-05,5.133005132051949e-10,0.6857243914798629,0.6857242986085837,0.6815607703015353,40.33832993624883,24.790317337887107,27.3566051645723,36.55424326169801,33.24834085467242,30.07668876985388
-121.9896489213,0.008056993205375,0.06734240382494706,0.6793216359055169,0.6119792320805698,1.47070822231e-15,0.787204747485,318.10774751215774,66.8026269775297,0.17355371900821417,0.17355378923623024,384.9103744896875,385.3993522474825,-0.12687560447196544,1.5867606683374789,0.17355371900967878,0.06721506132673634,0.2592586764733947,0.173553675508321,0.06721504290853803,0.2592586409525014,0.055511469119714114,0.6457227185695389,0.5902112494498247,0.2,0.19999995230774437,307.92831794899394,76.98205654069352,-5.981048611936046e-05,7.132738844006781e-10,0.6845560650050639,0.6845559712144001,0.680148201746249,40.22684108178283,24.859023803707547,27.211590709014953,36.74904604781921,33.14309501801023,30.17219723917129
-121.5396489213,0.008119493205375,0.06760873701299744,0.6780533797697268,0.6104446427567294,1.64922494208e-15,0.786154500496,317.1998849356578,66.61197583638484,0.17355371900804203,0.1735537904763531,383.8118607720427,384.2994430133788,-0.12687560447990354,1.5867606683368793,0.17355371900961555,0.06698742575459421,0.25881929169711093,0.17355367501196328,0.06698740718774224,0.258819255828739,0.055755350224053965,0.6447471941518623,0.5889918439278083,0.19999999999999998,0.19999995165495782,307.04950717303467,76.76235359900792,-5.981052390024999e-05,6.768585691929729e-10,0.6833958974165867,0.6833958027084276,0.6787429820494506,40.11789005661367,24.92653523375276,27.067767104437454,36.94431077900258,33.039902910834996,30.266432764609103
-121.0896489213,0.008181993205375,0.06787369110471304,0.6767916907933369,0.6089179996886238,1.84716681683e-15,0.785111867011,316.28531707927135,66.41991658681202,0.17355371900862085,0.17355379172767968,382.7052336660834,383.19141008385736,-0.12687560445773238,1.5867606683368942,0.17355371900984684,0.06676175639409514,0.25838296459731075,0.17355367452196402,0.06676173768170524,0.25838292838673615,0.05599797685231252,0.6437766876399851,0.5877787107876725,0.19999999999999987,0.19999995100467466,306.1642056836341,76.54102798244926,-5.981052296766265e-05,8.101075366084842e-10,0.6822438034286159,0.6822437078168924,0.6773449905260575,40.011470968183765,24.992832700281824,26.9251230016003,37.140034604134016,32.93877745491877,30.359353845741147
-120.6396489213,0.008244493205375,0.06813728976737785,0.6755364562339539,0.607399166466576,2.06639115211e-15,0.784076552856,315.36406447040656,66.22645353873116,0.17355371900814706,0.1735537929961688,381.5905180091377,382.0752783282918,-0.1268756045340269,1.5867606683355246,0.1735537190096508,0.0665380287905123,0.25794966328823205,0.17355367403010044,0.06653800993343587,0.25794962673637634,0.056239369883565746,0.6428111155139905,0.5865717456304248,0.2,0.1999999503416734,305.27243335645676,76.31808465268097,-5.9810609276400584e-05,6.971534460831208e-10,0.6810996988488222,0.6810996023359676,0.6759541068686591,39.90757895095472,25.05789692802391,26.783647576920437,37.33621408839412,32.839732156171735,30.45091827315848
-120.1896489213,0.008306993205374999,0.068399556438178,0.6742875644936364,0.6058880080554584,2.30890636052e-15,0.783048263771,314.4361482797598,66.03159113874005,0.17355371900824385,0.17355379428463674,380.46773941849983,380.9510733957255,-0.12687560450146407,1.5867606683362716,0.1735537190096292,0.06631621886006012,0.2575193562823193,0.17355367353869966,0.06631619985894982,0.2575193193897301,0.056479550140477085,0.6418503944862379,0.5853708443457608,0.19999999999999984,0.19999994966849438,304.37421068431405,76.09352873418581,-5.981056220294434e-05,6.84718948207319e-10,0.6799635005363157,0.6799634031237759,0.6745702111025239,39.80621014212556,25.12170830705971,26.64333060486469,37.532845079714406,32.74278139019813,30.541082875120672
-119.7396489213,0.008369493205374999,0.06866051432635062,0.6730449050801538,0.6043843907538031,2.57688181194e-15,0.782026705558,313.50159033043207,65.83533396952313,0.17355371900855293,0.17355379558468537,379.3369242999552,379.81882172573955,-0.1268756044249808,1.5867606683374247,0.17355371900994943,0.06609630288013879,0.25709201247829305,0.17355367305239164,0.0660962837381656,0.2570919752504259,0.0567185383940293,0.64089444147363,0.5841759030796007,0.20000000000000004,0.19999994899411885,303.4695587883782,75.86736551157698,-5.981048953884738e-05,8.692158104395276e-10,0.6788351263701438,0.6788350280723238,0.6731931835481884,39.70736141010208,25.184247063709115,26.504162196393786,37.729923043410224,32.64793993661371,30.62980396133752
-119.2896489213,0.008431993205375,0.0689201864069166,0.671808368555378,0.6028881821484613,2.87265812586e-15,0.781011584223,312.5604131066616,65.63768675250965,0.17355371900850639,0.1735537969053827,378.19809985917124,378.6785505592498,-0.12687560448538804,1.5867606683362543,0.1735537190097833,0.06587825748212364,0.25666760115395093,0.1735536725650598,0.06587823819974262,0.25666756359100507,0.056956355363788555,0.6399431735937626,0.5829868182299741,0.1999999999999999,0.1999999483079283,302.5584994371803,75.63960042199095,-5.9810563290962904e-05,7.735145857168391e-10,0.6777144952302827,0.6777143960477088,0.6718229048167154,39.61103049173195,25.24549317667287,26.366132888943348,37.92744291368381,32.55522322145983,30.717037115593097
-118.8396489213,0.008494493205375,0.06917859545355162,0.6705778465183736,0.601399251064822,3.19875791105e-15,0.780002606093,311.61263976371345,65.4386543502335,0.17355371900794378,0.17355379823913056,377.051294113947,377.53028794922784,-0.1268756045727626,1.5867606683346258,0.17355371900945557,0.06566205964046791,0.25624609195160014,0.17355367208444328,0.06566204022045674,0.2562460540583147,0.05719302172994756,0.6389965081274871,0.5818034863975395,0.19999999999999998,0.19999994762257856,301.64105504013213,75.41023907381485,-5.98106659199793e-05,5.846656492280999e-10,0.6766015269591734,0.6766014269043589,0.6704592557526731,39.517215808682025,25.30542649667889,26.229233565050666,38.12539918560401,32.46464726608652,30.80273726074418
-118.3896489213,0.008556993205375,0.06943576401442304,0.6693532315512178,0.5999174675367948,3.55789695643e-15,0.778999477966,310.6582941354804,65.23824176869688,0.17355371900880529,0.17355379959378442,375.8965359041773,376.3740627713399,-0.12687560445756585,1.5867606683360886,0.1735537190100038,0.06544768666715972,0.2558274548737092,0.1735536716037776,0.06544766711070141,0.2558274166517369,0.05742855813283371,0.6380543625186846,0.580625804385851,0.2000000000000001,0.1999999469241833,300.71724867435745,75.17928722981983,-5.9810573738161565e-05,9.005463041944495e-10,0.6754961423502397,0.6754960414275483,0.6691021174344429,39.4259164294249,25.364026776398937,26.093455462098074,38.3237858800474,32.37622858734033,30.886858773631758
-117.9396489213,0.008619493205374999,0.06969171444839381,0.668134417209651,0.5984427027612572,3.95299587653e-15,0.778001907232,309.69740074360305,65.03645415618722,0.17355371900833189,0.17355380096368173,374.7338548997903,375.209904734498,-0.12687560448186863,1.586760668335535,0.1735537190098101,0.06523511620099756,0.2554116602682766,0.17355367112600753,0.06523509651034927,0.25541162172138776,0.05766298517782651,0.637116654337747,0.5794536691599205,0.19999999999999996,0.1999999462207266,299.7871040727467,74.94675082704362,-5.9810608621369e-05,7.889466857591287e-10,0.6743982631092551,0.6743981613286423,0.6677513711264672,39.33713213920116,25.42127363177695,25.9587901498225,38.522596555095525,32.28998419999483,30.96935550684352
-117.4896489213,0.008681993205374999,0.06994646891048713,0.6669212979745383,0.5969748290640511,4.38719221251e-15,0.777009602022,308.729984806036,64.8332968091832,0.17355371900807784,0.17355380235681822,373.5632816152192,374.037844391318,-0.12687560449158308,1.5867606683353388,0.17355371900977776,0.06502432620270474,0.2549986788254103,0.17355367064876462,0.0650243063782105,0.2549986399536486,0.05789632344040921,0.6361833012872528,0.5782869778468436,0.19999999999999996,0.19999994550355552,298.850645650046,74.7126359651732,-5.9810620989253493e-05,7.703171434059186e-10,0.6733078118453117,0.6733077092068928,0.6664068982799705,39.250863463977964,25.477146532527588,25.825229603334396,38.72182417580079,32.20593178264372,31.050180654574813
-117.0396489213,0.008744493205375,0.07020004937858938,0.6657137692325932,0.5955137198540038,4.86385298999e-15,0.776022271307,307.7560722456477,64.62877517176325,0.17355371900865782,0.1735538037624164,372.384847417411,372.8579131484783,-0.12687560445552304,1.5867606683357074,0.17355371901001776,0.06481529494333599,0.2545884815606079,0.17355367017993173,0.06481527498925183,0.2545884423717067,0.05812859347339884,0.6352542211564948,0.5771256276830959,0.19999999999999998,0.19999994479124833,297.9078984928314,74.47694892457963,-5.981059776338782e-05,9.086065233532281e-10,0.6722247120266727,0.672224608550867,0.6650685804722245,39.1671114452675,25.5316249552232,25.692766305192524,38.92146093267891,32.12408938774744,31.129287057127087
-116.5896489213,0.008806993205375,0.07045247763191274,0.6645117272388643,0.5940592496069516,5.38658773228e-15,0.775039625069,306.7756896990934,64.42289483678633,0.17355371900821265,0.17355380518596833,371.1985845358797,371.67014327697586,-0.12687560451816182,1.5867606683345126,0.17355371900979188,0.06460800099803218,0.2541810398083071,0.17355366971242733,0.06460798091595082,0.2541810003048041,0.05835981580245529,0.6343293318391391,0.5759695160366838,0.2,0.19999994406684365,296.95888839101224,74.23969614486748,-5.981067305871335e-05,7.784439759461748e-10,0.6711488879637413,0.6711487836572496,0.6637362994320747,39.08587660558723,25.58468907045192,25.5614057589195,39.121479054455214,32.04447537749863,31.206627295954796
-116.1396489213,0.008869493205375,0.07070377526579079,0.6633150691633295,0.5926112938975387,5.95926192648e-15,0.774061374387,305.78886452469175,64.21566155002554,0.1735537190079077,0.1735538066316832,370.0045260747173,370.47456792226916,-0.12687560449506918,1.5867606683346307,0.17355371900973604,0.06440242303330321,0.253776324808488,0.17355366924779655,0.06440240282437548,0.25377628499206834,0.05859001093779611,0.6334085512974956,0.5748185403596995,0.2,0.19999994333185758,296.00364182724303,74.00088424747429,-5.9810665620219083e-05,7.462697126925377e-10,0.6700802637175124,0.6700801585847841,0.6624099369852655,39.00715832766683,25.636320174872218,25.431147660830764,39.321858900619226,31.96710876613193,31.28215339447483
-115.6896489213,0.008931993205375,0.0709539636802382,0.6621236931094053,0.5911697294291671,6.58601093894e-15,0.77308723154,304.7956248101427,64.00708121016719,0.17355371900834787,0.17355380809712498,368.8027060203099,369.27122111430697,-0.1268756044901842,1.5867606683342894,0.17355371901009622,0.06419854010646799,0.25337430829993,0.17355366878782913,0.06419851977277741,0.2533742681741329,0.05881919937285026,0.6324917975590798,0.5736725981862295,0.19999999999999993,0.1999999425886725,295.0421859897009,73.76052003060906,-5.981068712523907e-05,9.538148049159645e-10,0.6690187646660283,0.6690186587164084,0.6610893750520301,38.93095742242331,25.686499028252094,25.30197357501007,39.52260866273559,31.892009008604088,31.355817055307234
-115.2396489213,0.008994493205375,0.07120306411017725,0.6609374979859323,0.589734433875755,7.27125437425e-15,0.772116910089,303.79599938249777,63.79715987028712,0.17355371900818037,0.17355380957507793,367.5931592527849,368.0601377774346,-0.12687560447853796,1.5867606683341866,0.17355371900977326,0.06399633165008392,0.2529749624964572,0.1735536683364982,0.0639963111959873,0.2529749220693373,0.059047401589600965,0.6315789886904623,0.5725315871008613,0.2000000000000001,0.19999994184977185,294.074548777854,73.51861047493091,-5.9810693608941534e-05,7.677192215282957e-10,0.6679643174416566,0.6679642106964132,0.6597744956107976,38.857276690853446,25.735205479168034,25.17387121562107,39.72372748850296,31.81919545604203,31.42757023449861
-114.7896489213,0.009056993205375,0.07145109761204532,0.659756383483987,0.5883052858719418,8.01971087075e-15,0.771150124985,302.79001781398415,63.58590374080328,0.17355371900796357,0.17355381107698062,366.3759215547874,366.84135374017234,-0.12687560457389502,1.586760668332749,0.17355371900983127,0.06379577737775889,0.25257825990721944,0.1735536678871641,0.06379575680383114,0.25257821917938833,0.059274638054635405,0.6306700428306138,0.5713954047759784,0.19999999999999998,0.199999941093054,293.1007588259165,73.27516272887085,-5.9810784203140344e-05,8.01136934569513e-10,0.6669168494565542,0.6669167419173019,0.6584651807411719,38.78611939464114,25.782419473966876,25.046834346186117,39.92520516479042,31.748687914040705,31.497364637792
-114.3396489213,0.009119493205375001,0.07169808509214119,0.6585802500621513,0.5868821649700101,8.83641332341e-15,0.770186592653,301.77771043231104,63.37331919065514,0.17355371900796984,0.17355381259919145,365.1510296229662,365.61490574486106,-0.12687560452434576,1.5867606683334676,0.17355371900982494,0.06359685727200298,0.2521841733178412,0.17355366744213532,0.06359683658068534,0.25218413229361863,0.05950092922968618,0.6297648781303808,0.5702639489006947,0.20000000000000007,0.19999994032841015,292.1208454875154,73.03018413545075,-5.981073891714317e-05,7.974954030487424e-10,0.6658762888528912,0.665876180531036,0.6571613125420368,38.717489374277534,25.82812099031305,24.920857244511282,40.12703055069448,31.680507011145195,31.565151392564527
-113.8896489213,0.009181993205375001,0.07194404730014807,0.6574089989224531,0.585464951622305,9.72672452362e-15,0.769226031127,300.75910832608463,63.15941274848632,0.17355371900828387,0.17355381414028473,363.91852107457095,364.3808314571662,-0.12687560450050928,1.5867606683337783,0.17355371900993483,0.06339955158001159,0.2517926757870681,0.17355366700320393,0.06339953077421304,0.2517926344717276,0.05972629557147799,0.6288634127637643,0.5691371171922863,0.19999999999999993,0.19999993955725826,291.13483885588994,72.78368221868102,-5.9810719332809015e-05,8.608225243733614e-10,0.6648425644939969,0.6648424554034634,0.6558627731447294,38.65139058786455,25.872290357231595,24.79593427704995,40.32919223074232,31.61467339908294,31.63088188122821
-113.4396489213,0.009244493205375,0.07218900483058781,0.6562425320035293,0.5840535271729416,1.0696353203e-14,0.768268160158,299.7342433545146,62.94419110441446,0.17355371900818786,0.17355381570254505,362.6784344589291,363.1391694754401,-0.12687560451728475,1.5867606683339346,0.17355371900983368,0.06320384080856592,0.25140374064155435,0.17355366657130117,0.06320381989084349,0.2514036990396989,0.05995075753324378,0.6279655649161928,0.5680148073829491,0.2,0.19999993878098793,290.14276976995876,72.53566468897034,-5.9810709485130786e-05,8.025358155805407e-10,0.6638156059505964,0.6638154961035383,0.6545694446977802,38.58782746440387,25.914908034728576,24.672060233069324,40.53167796095297,31.551208021186792,31.694507523404337
-112.9896489213,0.009306993205375,0.07243297812227684,0.6550807519373454,0.5826477738150686,1.17513704673e-14,0.76731270133,298.7031481540376,62.72766111239277,0.17355371900836705,0.1735538172898115,361.4308092664304,361.88995933992766,-0.12687560448891855,1.5867606683343936,0.17355371900998628,0.06300970571471631,0.2510173414621315,0.1735536661398278,0.06300968468633944,0.2510172995758249,0.060174335567514954,0.6270712527798737,0.5668969172123588,0.2,0.19999993798562832,289.14466982704886,72.28613943938154,-5.9810680563820995e-05,8.904654791308531e-10,0.6627953434645537,0.6627952328664204,0.6532812093583394,38.5268051626317,25.9559544524582,24.54923045490529,40.73447442016194,31.490132385775887,31.75597954779322
-112.5396489213,0.009369493205375,0.07267598748539383,0.6539235620499994,0.5812475745646055,1.28982266036e-14,0.766359378194,297.6658561459362,62.50982979080163,0.17355371900862018,0.17355381889586885,360.1756859367378,360.63324154182123,-0.12687560445820978,1.5867606683352335,0.17355371901005756,0.06281712729888447,0.25063345207470705,0.1735536657158211,0.06281710616330506,0.25063340991038097,0.060397050130950446,0.6261803945264848,0.5657833443955343,0.2,0.19999993718434594,288.14057137406155,72.03511456267628,-5.981062762838718e-05,9.315215265814913e-10,0.6617817079248403,0.6617815965926143,0.651997949255143,38.46832909900929,25.995410339404472,24.42744045301557,40.937567811225584,31.43146825722895,31.815249348716286
-112.0896489213,0.009431993205375,0.07291805307792004,0.6527708663308553,0.5798528132529353,1.41437682424e-14,0.765407916424,296.6224015438236,62.290704324218325,0.17355371900829983,0.17355382052539628,358.91310586804195,359.3690575321477,-0.12687560449328172,1.5867606683347195,0.1735537190099175,0.06262608680187262,0.2502520465488197,0.17355366529539235,0.06262606556100966,0.2502520041098765,0.06061892168235499,0.6252929083201657,0.5646739866378108,0.19999999999999993,0.19999993636923977,287.13050753234734,71.78259833569462,-5.981066001359281e-05,8.50830517151735e-10,0.6607746308637206,0.6607745188063855,0.6507195465057676,38.4124049233948,26.0332567563599,24.306685927571433,41.140943811911654,31.375237544857253,31.872268650406156
-111.6396489213,0.009494493205375001,0.07315919492885743,0.651622569431974,0.5784633745031166,1.54952558536e-14,0.76445804396,295.57281936069546,62.07029206578005,0.17355371900834302,0.17355382217872892,357.6431114264755,358.09744973048817,-0.12687560449107238,1.586760668335311,0.1735537190098685,0.06243656569781578,0.24987309918799938,0.17355366488398927,0.06243654435431127,0.24987305647930766,0.06083997068766373,0.6244087122986868,0.563568741611023,0.19999999999999998,0.19999993554700077,286.11451219235164,71.52859923412392,-5.981062274340587e-05,8.22586443405271e-10,0.6597740444312975,0.6597739316617086,0.649445883189185,38.35903858735762,26.069475065769254,24.186962921627455,41.34458729854924,31.321462568778067,31.926989290622153
-111.1896489213,0.009556993205374998,0.07339943292289242,0.6504785766411406,0.5770791437182482,1.69603815557e-14,0.763509491174,294.51714541610414,61.848600537477644,0.17355371900848657,0.17355382385392215,356.3657459535818,356.8184615335227,-0.1268756044727093,1.5867606683356301,0.1735537190099617,0.06224854568897205,0.24949658452366047,0.17355366447742726,0.062248524245506705,0.24949654155019205,0.061060217619957564,0.623527724569978,0.5624675069500203,0.2,0.19999993470929012,285.0926200302379,71.27312592334383,-5.9810602626164666e-05,8.762990333366361e-10,0.658779881379389,0.658779767910674,0.648176841341745,38.30823656437104,26.10404679734227,24.068267864184236,41.54848224404593,31.27016612947649,31.979363200675824
-110.7396489213,0.009619493205375,0.07363878682282991,0.6493387938653961,0.5757000070425662,1.85472872107e-14,0.762561991003,293.4554163429399,61.62563743222319,0.1735537190087435,0.1735538255503878,355.0810537751631,355.5321373233949,-0.12687560444683,1.586760668336062,0.17355371901008187,0.062062008698228616,0.24912247730429427,0.17355366407842723,0.0620619871580068,0.24912243407209797,0.06127968296517364,0.6226498631897136,0.56137018022454,0.20000000000000004,0.19999993386053086,284.0648665050029,71.01618727016023,-5.981057541459833e-05,9.455325411522608e-10,0.6577920750329904,0.657791960881121,0.6469123029247642,38.26000577587095,26.1369537123975,23.950597663046835,41.752611524299915,31.221371529694935,32.02934243452088
-110.2896489213,0.009681993205375,0.07387727626229602,0.6482031276182701,0.5743258513559741,2.02645827807e-14,0.761615279137,292.38766959431894,61.40141061473511,0.17355371900809657,0.17355382726897509,353.7890802090541,354.23852247588957,-0.12687560452042668,1.5867606683349467,0.1735537190096963,0.061876936862672274,0.2487507524866453,0.17355366368761657,0.061876915229134126,0.24875070900227425,0.06149838722274994,0.6217750461574821,0.5602766589347322,0.19999999999999993,0.19999993300535207,283.0312878692181,70.75779233983593,-5.981064570281802e-05,7.23376913924767e-10,0.6568105592669767,0.6568104444492557,0.6456521498193679,38.21435272608383,26.168178411077303,23.833949050667137,41.95695802966437,31.175100327041488,32.07688153396553
-109.8396489213,0.009744493205375,0.0741149207363167,0.6470714850343363,0.5729565642980197,2.21213649155e-14,0.760669094185,291.3139434500192,61.175928124490426,0.17355371900823255,0.17355382901543212,352.48987157450966,352.93766336841696,-0.1268756045001318,1.5867606683353137,0.17355371900976937,0.061693312536431844,0.24838138524541617,0.17355366330041752,0.06169329081125878,0.24838134151191546,0.06171635088161356,0.6209031915223925,0.559186840640779,0.20000000000000004,0.19999993212665104,281.9919211842758,70.49795039023388,-5.981062257687242e-05,7.654765710185529e-10,0.655835268531727,0.6558351530561951,0.6443962639758611,38.171284534167924,26.19770364565224,23.7183190068748,42.161503929100036,31.131375582623438,32.12193426358483
-109.3896489213,0.009806993205375,0.07435173963187375,0.6459437738205646,0.5715920341886909,2.41272357414e-14,0.759723177827,290.2342770230405,60.94919817483838,0.17355371900826416,0.17355383078460673,351.18347519787886,351.6296073878013,-0.1268756044852659,1.586760668335607,0.17355371900978597,0.06151111827783498,0.2480143509513814,0.17355366292082014,0.06151109646456415,0.24801430697555363,0.06193359446362103,0.620034217194446,0.558100622730825,0.2,0.19999993123609563,280.94680430705006,70.23667089082888,-5.981060409165906e-05,7.750466934908218e-10,0.6548661377953363,0.6548660216799551,0.6431445271462964,38.130809224627136,26.225512134007918,23.603705205717723,42.36622984758179,31.090222648163262,32.164452835112705
-108.9396489213,0.009869493205374998,0.07458775221271495,0.6448199022451588,0.5702321500324439,2.62923218163e-14,0.758777274979,289.1487102656975,60.7212291556584,0.1735537190079383,0.173553832578692,349.86993942135587,350.3144029378627,-0.12687560453678026,1.5867606683348168,0.17355371900960337,0.06133033684552597,0.24764962516734396,0.17355366254873833,0.0613303149477049,0.24764958095604542,0.06215013851029753,0.6191680410068261,0.5570179024965286,0.2000000000000001,0.19999993033522875,279.895975910694,69.97396351066189,-5.981065388516171e-05,6.698197552168494e-10,0.6539031025329382,0.6539029857958113,0.6418968209715371,38.09293465863789,26.25158730775923,23.49010545160754,42.571115828326995,31.051665817341828,32.204391412763336
-108.4896489213,0.009931993205374998,0.0748229776251564,0.6436997791416295,0.568876801516473,2.86272932191e-14,0.757831133974,288.05728397597323,60.4920296348353,0.1735537190079821,0.1735538343967562,348.5493136108085,348.99209944679126,-0.12687560454366364,1.5867606683347037,0.17355371900966846,0.06115095119455917,0.24728718364395508,0.1735536621857059,0.061150929214972755,0.24728713920253265,0.06236600358239551,0.6183045807187614,0.5559385771363659,0.19999999999999982,0.19999992941475306,278.83947549108615,69.70983811972232,-5.981066101279353e-05,7.073230889886872e-10,0.6529460987156677,0.6529459813709133,0.6406530269850651,38.057668553258644,26.27591331824703,23.37751846695434,42.77613988043966,31.01572878928137,32.24170570983284
-108.0396489213,0.009994493205375,0.07505743489804287,0.6425833139115913,0.5675258790135485,3.11433827315e-14,0.756884506727,286.96003980326907,60.26160835870208,0.17355371900830152,0.17355383623884177,347.22164816197113,347.6627473743043,-0.12687560449444746,1.5867606683355109,0.17355371900981664,0.06097294446064323,0.246927002291453,0.17355366183429916,0.06097292240350476,0.2469269576281714,0.0625812102501677,0.6174437540484139,0.5548625437982462,0.19999999999999998,0.1999999284857476,277.7773433608735,69.44430480109764,-5.981061014237454e-05,7.927214440428543e-10,0.6519950627360392,0.6519949448054799,0.6394130266620904,38.025018211526145,26.298475241673387,23.26594281622506,42.98127988617879,30.982433317755284,32.27635446654618
-107.5896489213,0.010056993205375,0.07529114293188259,0.6414704165314867,0.5661792735996042,3.38524050772e-14,0.755937148915,285.8570202539726,60.02997425319169,0.17355371900792382,0.1735538381048912,345.88699450716433,346.3263982185849,-0.12687560453974456,1.5867606683346014,0.17355371900958672,0.0607962999728918,0.24656905720891217,0.1735536614902985,0.06079627784101703,0.24656901232924025,0.06279577907435896,0.6165854787504992,0.5537896996761402,0.20000000000000007,0.19999992753413007,276.70962067073344,69.17737383643092,-5.9810667463189304e-05,6.602274282840881e-10,0.6510499314851775,0.6510498129832533,0.6381767015309029,37.99499198081687,26.319258088141872,23.155376307046872,43.186514731599075,30.951804435805446,32.30829407939742
-107.1396489213,0.010119493205375,0.07552412052667026,0.6403609974802467,0.5648368769535764,3.67667761735e-14,0.754988820117,284.74826869729804,59.797136426493665,0.173553719008411,0.1735538399948609,344.5454051237916,344.9831045229919,-0.12687560447500745,1.5867606683357605,0.17355371900988853,0.06062100124727442,0.24621332467450743,0.1735536611550598,0.06062097904529948,0.24621327958763614,0.06300973067178912,0.6157296723622866,0.5527199416904974,0.19999999999999993,0.1999999265698497,275.6363493990542,68.90905572473744,-5.9810594421616514e-05,8.341327628613726e-10,0.65011064232711,0.650110523278089,0.6369439328045919,37.967598773673885,26.338247144915147,23.04581743474573,43.391821654037734,30.9238694759046,32.33747965399946
-106.6896489213,0.010181993205374999,0.07575638636585223,0.6392549677757162,0.563498581409864,3.98995323553e-14,0.754039283993,283.633829370388,59.56310416769567,0.17355371900805783,0.1735538419094044,343.1969335380837,343.63291988253746,-0.12687560452671054,1.5867606683351823,0.17355371900965028,0.06044703197737186,0.24585978113016344,0.1735536608252988,0.06044700970879549,0.24585973584301168,0.06322308567874907,0.6148762523332546,0.5516531666545055,0.19999999999999998,0.19999992558560944,274.5575723692576,68.6393611688261,-5.981063085913618e-05,6.968647880967183e-10,0.6491771330582354,0.6491770134803866,0.6357146015726406,37.94284672667163,26.355428921917387,22.93726548536442,43.59717598586762,30.898654117340342,32.363869189978715
-106.2396489213,0.010244493205374999,0.07598795902914778,0.6381522389828251,0.5621642799536773,4.3264349521e-14,0.753088308463,282.5137473836996,59.32788695044492,0.17355371900794536,0.17355384385938966,341.8416343341445,342.27589895012926,-0.12687560453914504,1.586760668335145,0.17355371900953506,0.060274376026535535,0.2455084031688845,0.17355366050853216,0.06027435369410297,0.2455083576868677,0.06343586476362513,0.6140251359931749,0.5505892712295497,0.19999999999999993,0.1999999245829576,273.47333324800064,68.36830108614386,-5.9810633212808995e-05,6.304734512241339e-10,0.6482493418738687,0.6482492217814911,0.6344885887495976,37.92074239487275,26.370791731525006,22.829728569916714,43.80253566911541,30.87621751485069,32.38738681378394
-105.7896489213,0.010306993205375,0.07621885695213854,0.6370527232815347,0.5608338663293961,4.68755621606e-14,0.752135665874,281.38806872572576,59.09149443229774,0.17355371900801042,0.1735538458301797,340.47956315802344,340.9120974425681,-0.1268756045295416,1.5867606683345026,0.17355371900963576,0.060103017298215156,0.24515916727345757,0.17355366019924728,0.060102994907139336,0.24515912160704798,0.06364808907424503,0.6131762387511992,0.5495281496769542,0.2,0.19999992356334273,272.3836765515385,68.09588660648501,-5.981067369154047e-05,6.884937064910446e-10,0.6473272066783027,0.6473270860990477,0.6332657724842268,37.90130258693513,26.38431747052165,22.723266552856835,44.00775732106514,30.856826372947832,32.40773979519487
-105.3396489213,0.010369493205375,0.0764490985951219,0.6359563328023446,0.5595072342072227,5.07481822078e-14,0.751181133013,280.25684026784796,58.85393645631456,0.1735537190084265,0.1735538478281555,339.11077672416246,339.54157214629834,-0.1268756044842223,1.5867606683350246,0.17355371900995997,0.059932939086897896,0.24481204849209914,0.1735536599039043,0.05993291664137396,0.2448120026497352,0.06385978262961939,0.6123294645313224,0.548469681901703,0.2,0.19999992253047416,271.2886476500811,67.82212907408142,-5.981064079563225e-05,8.752998326144734e-10,0.6464106615879383,0.646410540544087,0.6320460143813196,37.88454537759819,26.39598786346577,22.61788304862653,44.212802668140284,30.84052251669253,32.42487216157725
-104.8896489213,0.010431993205375,0.07667870229708361,0.6348629802240029,0.5581842779269193,5.48979176739e-14,0.750224491413,279.12010976891855,58.615223051620134,0.1735537190086248,0.1735538498500373,337.73533282053864,338.1643809229031,-0.12687560446001944,1.5867606683352793,0.17355371901009983,0.059764125573807995,0.24446702348948415,0.17355365962344402,0.05976410307827014,0.2444669774801295,0.06407096682216516,0.6114847277618388,0.5474137609396736,0.19999999999999993,0.1999999214776137,270.18829277621523,67.54704004432347,-5.981062474180732e-05,9.558798197417673e-10,0.6454996449873319,0.6454995235025522,0.6308291911774584,37.87047563062589,26.40579457606017,22.513519052193523,44.41775617937297,30.82709379671962,32.43899689650318
-104.4396489213,0.010494493205374999,0.07690768624262749,0.6337725789200719,0.5568648926774444,5.93411910046e-14,0.749265527526,277.9779258794463,58.375364434643494,0.1735537190081656,0.17355385189668449,336.3532903140898,336.78058271434287,-0.12687560452839808,1.58676066833412,0.1735537190098304,0.059596561264464845,0.24412406940829257,0.17355365935188113,0.059596538723538706,0.2441240232413408,0.06428166243266284,0.6106419453185008,0.5463602828858379,0.20000000000000004,0.19999992040650788,269.0826590228048,67.270631291285,-5.981069780558457e-05,8.006484364386779e-10,0.6445940965231823,0.6445939746222775,0.629615183134468,37.85909931118652,26.41372928025581,22.410163682377096,44.62261026617936,30.816520041564612,32.45012735543219
-103.9896489213,0.010556993205374999,0.07713606853252271,0.6326850427652034,0.5555489742326807,6.40951571106e-14,0.748304032833,276.83033814594415,58.134371010801146,0.17355371900864167,0.17355385397435563,334.96470915674524,335.3902375479295,-0.12687560445864277,1.5867606683351358,0.17355371901013145,0.059430230817584515,0.24378316352362095,0.17355365910204015,0.05943020823666623,0.2437831172100854,0.06449189026784932,0.6098010339792614,0.5453091437114121,0.2,0.19999991932671785,267.9717943480987,66.99291480864656,-5.981063377902274e-05,9.741096818061123e-10,0.6436939561918256,0.6436938339038756,0.6284038703715595,37.85042582819994,26.419782026731223,22.30781731766738,44.82733499919862,30.808827204122895,32.45823001877131
-103.5396489213,0.010619493205374999,0.07736386713930499,0.6316002861084906,0.5542364189691856,6.91777210107e-14,0.747339803967,275.67739701444003,57.8922533730202,0.17355371900823421,0.17355385608896545,333.5696503874603,333.99340654103133,-0.1268756045095798,1.5867606683341988,0.17355371900988506,0.0592651190422249,0.24344428323997444,0.17355365886121285,0.059265096423682856,0.24344423678469543,0.06470167115378046,0.6089619104343028,0.5442602392805224,0.19999999999999987,0.19999991821719132,266.8557475902311,66.71390279722915,-5.981069283178542e-05,8.321343614170473e-10,0.6427991643312929,0.6427990416690783,0.6271951328845353,37.844464447940645,26.42394375472306,22.206480488396025,45.031899607979256,30.80404131695279,32.463272909897604
-103.0896489213,0.010681993205375,0.07759109994466386,0.6305182237988558,0.552927123854192,7.46075550383e-14,0.746372642867,274.5191538345157,57.649022305251776,0.1735537190082731,0.1735538582252668,332.16817613976747,332.59015190550565,-0.1268756045001873,1.5867606683340063,0.17355371900993968,0.059101210894176026,0.24310740608664316,0.1735536586301067,0.05910118824343272,0.24310735950076195,0.06491102594259587,0.6081244912793139,0.543213465336718,0.19999999999999993,0.1999999170893161,265.7345684521046,66.43360768766286,-5.9810704966523076e-05,8.636202863954168e-10,0.6419096616091026,0.6419095386020411,0.6259888505302478,37.84122500438102,26.426205808195327,22.10615411924944,45.23627197230237,30.80218866074257,32.4652254751787
-102.6396489213,0.010744493205375,0.07781778473227074,0.6294387711467617,0.551620986414491,8.04041155472e-14,0.745402356904,273.355660862477,57.40468878111341,0.1735537190082476,0.17355386038810566,330.76034964359036,331.18053695185137,-0.1268756045051389,1.5867606683342441,0.17355371900991295,0.05893849146963483,0.2427725097074107,0.1735536584075035,0.058938468790031354,0.24277246299782715,0.065119975508211,0.6072886930167206,0.5421687175085096,0.19999999999999984,0.19999991594479102,264.6083075170026,66.15204212658777,-5.9810689978512244e-05,8.482103908136196e-10,0.6410253889950852,0.6410252656613956,0.6247849030329803,37.84071731260279,26.42656035663868,22.00683930364484,45.44041905347021,30.803295285116008,32.46405914510046
-102.1896489213,0.010806993205374999,0.07804393916172751,0.6283618439273434,0.5503179047656159,8.65876590615e-14,0.744428759019,272.1869712646789,57.1592639656001,0.17355371900830843,0.17355386256990052,329.346235230279,329.76462609308055,-0.12687560450570512,1.586760668334065,0.17355371900993916,0.05877694600506524,0.2424395718628979,0.17355365817066012,0.05877692329456509,0.24243952502544855,0.06532854074417575,0.6064544320729937,0.5411258913288179,0.20000000000000012,0.1999999147583024,263.47701625825545,65.86921897202362,-5.9810701269480404e-05,8.633094239485217e-10,0.640146287767573,0.6401461640962618,0.6235831700068606,37.84295155770816,26.42500013443882,21.90853754644479,45.644306375085954,30.80738773041687,32.45974662800365
-101.7396489213,0.010869493205375,0.0782695808479018,0.6272873584023791,0.5490177775544773,9.31792578085e-14,0.743451667882,271.0131391205326,56.912759215297164,0.17355371900822741,0.17355386478491078,327.9258983358298,328.34248484830124,-0.12687560449688995,1.5867606683341628,0.17355371900991284,0.05861655986743756,0.24210857041302267,0.17355365794411282,0.05861653712985473,0.24210852345560807,0.06553674257152783,0.6056216247634544,0.5400848821919265,0.2000000000000002,0.19999991355523317,262.3407470161417,65.58515131968815,-5.981069509664039e-05,8.481437774321421e-10,0.6392722994670856,0.6392721754790139,0.6223835309062536,37.8479377717866,26.421518816421248,21.811250436641654,45.8478986752661,30.814492517081653,32.45226250101837
-101.2896489213,0.010931993205375,0.07849472727869646,0.6262152313035247,0.5477205040248283,1.00200814573e-13,0.742470907978,269.83421942490526,56.66518607921932,0.17355371900823716,0.17355386703152123,326.4994055041246,326.91417984600815,-0.12687560450236335,1.5867606683339608,0.17355371900993483,0.05845731855900585,0.24177948332934673,0.17355365772927148,0.05845729579863388,0.24177943626089024,0.06574460192835346,0.6047901873362589,0.5390455854079055,0.20000000000000004,0.19999991233127568,261.19955302708604,65.29985247703854,-5.981070783089848e-05,8.608225243733614e-10,0.6384033659289315,0.6384032416476607,0.6211858650884782,37.85568468859598,26.416111826429333,21.714979123984772,46.05116101150074,30.824635571475383,32.44158386499738
-100.8396489213,0.010994493205375,0.07871939582750383,0.6251453798660878,0.5464259840385839,1.07675076814e-13,0.74148630979,268.65026809103534,56.41655629913633,0.17355371900831254,0.17355386930551897,325.06682439017163,325.4797788270784,-0.12687560449835544,1.5867606683336943,0.17355371901003527,0.058299207715294316,0.2414522886934276,0.1735536575201765,0.05829918493641327,0.2414522415228595,0.06595213977030379,0.6039600359689627,0.538007896198659,0.2000000000000001,0.1999999110827516,260.0534884161849,65.01333597398676,-5.981072462857284e-05,9.186873484168245e-10,0.6375394292788555,0.6375393047279655,0.6199900518092525,37.86620272607288,26.408774263267947,21.619725589868146,46.254056086106814,30.83784368182928,32.42768885910251
-100.3896489213,0.011056993205375001,0.07894360380488953,0.624077721741893,0.5451341179370035,1.15625649982e-13,0.740497709881,267.46134195247583,56.16688181002271,0.17355371900827157,0.17355387160341706,323.6282237624985,324.0393506474658,-0.12687560450476143,1.5867606683334619,0.17355371900997513,0.058142213091337464,0.2411269646707673,0.17355365733114966,0.05814219030015556,0.2411269174110505,0.06615937707910192,0.6031310867334695,0.5369717096543676,0.2,0.19999990982213653,258.90260819410065,64.72561556839793,-5.981073928351677e-05,8.840261855880271e-10,0.6366804318642528,0.6366803070779714,0.6187959701724989,37.87950311029968,26.399501521657857,21.525492315598616,46.45654488819019,30.85414359919756,32.410557654434704
-99.93964892127,0.011119493205379166,0.07916736840828784,0.6230121750313345,0.5438448066230467,1.24077009975e-13,0.739504951018,266.26749876514606,55.91617474067571,0.17355371900825173,0.17355387392339702,322.1836735058218,322.59296528049396,-0.12687560446840163,1.586760668333099,0.17355371901002623,0.05798632056468726,0.24080348951933248,0.17355365716104115,0.057986297767362346,0.24080344218337565,0.06636633485190344,0.602303255642518,0.5359369207906145,0.19999999999999998,0.1999999085453777,257.74696826984365,64.43670523597818,-5.9810762143008844e-05,9.134693002010863e-10,0.6358263162766657,0.6358261912890774,0.6176034991961751,37.89559554899328,26.38829092175504,21.432281386580538,46.65858860112452,30.87356159208741,32.39017296456947
-99.48964892127,0.011181993205379166,0.07939070674405664,0.6219486583263505,0.5425579515822938,1.33054514664e-13,0.73850788229,265.06879720890396,55.66444741390042,0.1735537190083433,0.17355387627172705,320.7332446228043,321.14069381932404,-0.12687560448162438,1.5867606683329112,0.1735537190101306,0.05783151613486284,0.24048184159071728,0.17355365701871217,0.05783149333875595,0.2404817941939804,0.06657303410305507,0.6014764586384319,0.5349034245353769,0.20000000000000004,0.19999990726529682,256.5866254413457,64.14661918145862,-5.981077397798629e-05,9.736211836752773e-10,0.6349770253548537,0.6349769002067794,0.6164125177972835,37.914488949638745,26.37514121127375,21.340094860171614,46.86014783684791,30.896124009758246,32.366519492353135
-99.03964892127,0.011244493205379166,0.07961363578605525,0.6208870907010343,0.541273454914979,1.42584414441e-13,0.737506359264,263.86529688938043,55.4117123467965,0.17355371900833333,0.17355387865130545,319.277009236177,319.6826084781467,-0.12687560449426982,1.5867606683323967,0.17355371901015104,0.05767778592095188,0.24016199932743706,0.17355365688703925,0.0576777631313842,0.24016195188119246,0.06677949586054245,0.600650611608587,0.5338711157480446,0.19999999999999996,0.1999999059604791,255.42163741359852,63.8553718225784,-5.9810806407600836e-05,9.85389547736304e-10,0.6341325021776482,0.6341323768988519,0.6152229048137875,37.93619293114233,26.360051516373606,21.248935159293918,47.061181772330706,30.921856868649094,32.339584399728444
-98.58964892127,0.011306993205379166,0.07983617244877542,0.6198273917032211,0.5399912192544457,1.52693861717e-13,0.736500244028,262.6570583389425,55.15798225117821,0.17355371900826522,0.1735538810600501,317.8150405901207,318.2187825940191,-0.12687560445276969,1.5867606683328954,0.17355371901009636,0.057525116155442306,0.23984394125231162,0.17355365678219167,0.05752509338017574,0.2398438937729617,0.06698574116321113,0.5998256303976391,0.532839889234428,0.2,0.19999990465261855,254.25206277492842,63.562977815192234,-5.981077497718701e-05,9.53881418297442e-10,0.6332926900359191,0.6332925646697103,0.6140345390219067,37.96071771990161,26.343021419632734,21.158805039529625,47.26164819477115,30.95078612909806,32.30935704924989
-98.13964892127,0.011369493205379168,0.0800583335153401,0.6187694813226717,0.5387111478073316,1.63410919313e-13,0.735489405283,261.44414301703017,54.9032700336026,0.17355371900833305,0.17355388350425863,316.3474130506328,316.7492906279053,-0.12687560451227764,1.5867606683320192,0.17355371901014946,0.05737349318247238,0.23952764596695802,0.17355365668855044,0.057373470425809724,0.23952759846374638,0.06719179106058748,0.599001430808399,0.5318096397478115,0.20000000000000004,0.19999990331450024,253.07796102671398,63.26945202391883,-5.9810830199680254e-05,9.844791648561113e-10,0.6324575324285958,0.6324574069993818,0.6128472991373307,37.988073595581504,26.324051349534944,21.06970758515912,47.46150348590365,30.982938522273045,32.27582817172487
-97.68964892127,0.011431993205379166,0.0802801356610203,0.6177132799711118,0.5374331443100915,1.74764567684e-13,0.73447371838,260.2266133125407,54.64758879560664,0.17355371900819386,0.17355388598421645,314.8742021081473,315.27420816548624,-0.12687560446713597,1.5867606683325124,0.17355371901004096,0.05722290345181512,0.23921309214132724,0.17355365657430372,0.057222880704539805,0.23921304459527246,0.06739766662021947,0.5981779285693286,0.5307802619491091,0.19999999999999996,0.1999999018730701,251.89939258415663,62.9748095239907,-5.9810799113435564e-05,9.21973608569715e-10,0.631626973035039,0.6316268474927003,0.6116610637693035,38.018269737281116,26.303143381072637,20.981645559491387,47.660704074167995,31.018339875664893,32.238991641991106
-97.23964892127,0.011494493205379167,0.08050159538495479,0.6166587085317085,0.5361571131467536,1.86784711025e-13,0.733453065489,259.00453254197424,54.390951833795285,0.17355371900821356,0.17355388849962217,313.39548437576957,313.7936119176467,-0.12687560445991952,1.5867606683322384,0.17355371901010308,0.057073333526519575,0.23890025853171357,0.1735536563442814,0.057073310747002184,0.23890021085591823,0.06760338890615249,0.5973550394259044,0.5297516505197519,0.20000000000000004,0.19999990014577643,250.71641879447841,62.67906558129114,-5.981081638850583e-05,9.5776719888363e-10,0.6308009557625932,0.6308008298776828,0.6104757115507121,38.05131605758923,26.28029996351605,20.894622594548533,47.85920374847559,31.05701726557572,32.19884225998811
-96.78964892127,0.011556993205379167,0.08072272933775777,0.6156056885202085,0.5348829591824507,1.99502181859e-13,0.732427335735,257.7779649512994,54.13337263976474,0.1735537190082429,0.17355389104985006,311.9113375910642,312.3075797206321,-0.12687560446735802,1.5867606683322752,0.17355371901012756,0.056924770059975496,0.2385891239348003,0.17355365613800636,0.056924747254428906,0.23858907614228467,0.06780897901421684,0.5965326789937703,0.5287236999795535,0.1999999999999999,0.1999998984022401,249.52910176234448,62.382235828719644,-5.9810814057037476e-05,9.718670312963695e-10,0.6299794246252477,0.6299792984321447,0.6092911209281989,38.08722457879551,26.255522975458156,20.80864288572924,48.056954290171866,31.098999278388078,32.1553755170167
-96.33964892127,0.011619493205379167,0.08094355392749404,0.6145541417172056,0.5336105877897115,2.12948744352e-13,0.731396424897,256.54697571516374,53.87486490019216,0.17355371900828517,0.17355389363545806,310.4218406153559,310.81619053587366,-0.12687560446510426,1.586760668332561,0.1735537190101282,0.056777199808048295,0.2382796672149101,0.17355365594059544,0.056777176980528865,0.23827961931421845,0.06801445805350173,0.595710762836633,0.5276963047831313,0.19999999999999996,0.1999998966344182,248.3375045792189,62.084336036137024,-5.9810796049220016e-05,9.722223026642496e-10,0.6291623238155891,0.6291621973368543,0.6081071702732757,38.12600663851417,26.228815660694423,20.723709985636468,48.253908238104884,31.144312656201198,32.10859109458909
-95.88964892127,0.011681993205379168,0.08116408550543786,0.6135039903761424,0.5323399048707046,2.27157096358e-13,0.73036023567,255.31163093644503,53.61544249665545,0.1735537190082698,0.17355389625909035,308.9270734331005,309.3195244494802,-0.12687560446700274,1.5867606683324496,0.17355371901013186,0.05663060962347972,0.2379718672941819,0.17355365577225718,0.056630586781085235,0.23797181930028025,0.06821984713799424,0.5948892064986822,0.5266693593606879,0.2,0.1999998948555061,247.14169122846116,61.78538220463931,-5.981080307693176e-05,9.743539308715299e-10,0.6283495976788644,0.6283494709540146,0.6069237379293182,38.16767262224868,26.20018280645911,20.639827588409698,48.45001711940415,31.192983637056543,32.05849147473098
-95.43964892127,0.011744493205379165,0.08138434029032138,0.6124551571912371,0.5310708169009157,2.42160869938e-13,0.729318677721,254.0719976457607,53.35511950560385,0.1735537190082486,0.173553898910034,307.4271171513646,307.81766267139136,-0.12687560442029566,1.586760668332785,0.1735537190101838,0.05648498645680109,0.2376657031563475,0.17355365562022432,0.0564849636046168,0.2376656550800237,0.06842516738513714,0.5940679255103694,0.5256427581252322,0.20000000000000004,0.19999989305061458,245.9417266002329,61.48539055113167,-5.981078192718314e-05,1.0042633391549316e-09,0.6275411907229527,0.6275410637804724,0.6057407022198895,38.21223296165105,26.16963005024014,20.556999579654,48.64523132985496,31.24503879592662,32.00508107963587
-94.98964892127,0.011806993205379167,0.08160433443028087,0.6114075653150023,0.5298032308847214,2.57994630379e-13,0.728271667717,252.82814379987482,53.09391019796496,0.17355371900824082,0.17355390158704256,305.9220539978398,306.3106875341934,-0.1268756044662145,1.586760668332226,0.1735537190101228,0.05634031735012137,0.2373611538355031,0.17355365549290586,0.05634029449624246,0.23736110569392463,0.06863043991849165,0.5932468353766461,0.5246163954581545,0.1999999999999998,0.19999989123693582,244.73767647129182,61.18437752654796,-5.9810817165661945e-05,9.691136781952991e-10,0.6267370475887166,0.6267369204739355,0.6045579414321155,38.25969835112751,26.137163728331643,20.475230016971633,48.83950017514401,31.300504054971405,31.948367292863825
-94.53964892127,0.011869493205379167,0.08182408396095985,0.6103611383458464,0.5285370543848865,2.74693873657e-13,0.727219129375,251.5801382816427,52.8318290391423,0.1735537190082572,0.17355390430871137,304.41196732078504,304.7986824915917,-0.12687560446307256,1.5867606683320845,0.17355371901016312,0.05619658943837917,0.2370581984205127,0.1735536553831263,0.056196566587489435,0.23705815022371501,0.06883568585379372,0.5924258516356393,0.5235901657818456,0.20000000000000015,0.1999998893879736,243.5296075282526,60.88235979253245,-5.981082608075283e-05,9.923395438704574e-10,0.6259371130616301,0.6259369858010462,0.6033753339003701,38.31007903140012,26.102791361520534,20.394522851978163,49.03277253691695,31.359405438282167,31.88835968105583
-94.08964892127,0.011931993205379167,0.08204360483349213,0.6093158003595701,0.527272195526078,2.92295022303e-13,0.726160993478,250.3280508972662,52.56889068841917,0.17355371900824612,0.17355390705637527,302.89694158568534,303.28173211654166,-0.12687560446550394,1.586760668332246,0.1735537190101603,0.05605378994712315,0.23675681605208992,0.17355365529668637,0.05605376710660463,0.23675676781584223,0.06904092631095103,0.5916048898069971,0.5225639634960461,0.2,0.199999887528064,242.3175873359537,60.57935424973164,-5.981081591110993e-05,9.907408227149972e-10,0.6251413320640727,0.6251412046993235,0.6021927579329263,38.36338564715543,26.066521062489905,20.314882292618446,49.224996019955135,31.421768655736287,31.825070413961
-93.63964892127,0.011994493205379167,0.08226291289255147,0.6082714758603226,0.5260085629677711,3.10835419627e-13,0.725097197883,249.07195237507094,52.305109998754276,0.17355371900823535,0.17355390984620925,301.37706237382525,301.7599220990329,-0.1268756044687902,1.5867606683319238,0.1735537190101515,0.055911906188708047,0.23645698591648343,0.1735536552257858,0.05591188336386215,0.23645693765221218,0.0692461823945869,0.5907838654724096,0.5215376830778227,0.20000000000000004,0.19999988563668059,241.10168436554144,60.275378008283795,-5.981083621708905e-05,9.85656001262214e-10,0.6243496496386564,0.6243495221999127,0.6010100919271653,38.41962924138592,26.02836153668012,20.236312744547554,49.41611708731072,31.487618761734968,31.75851459479815
-93.18964892127,0.012056993205379165,0.08248202390031853,0.6072280898090551,0.5247460659087365,3.30353322255e-13,0.724027687519,247.81191436327518,52.04050201628854,0.17355371900826655,0.17355391267814935,299.8524163795637,300.2333392435269,-0.12687560446252855,1.5867606683320234,0.17355371901016778,0.055770925560982884,0.23615868724436728,0.17355365517373686,0.05577090275705665,0.2361586389634236,0.06945147520204407,0.5899626942426636,0.5205112190406195,0.19999999999999998,0.199999883713672,239.8819679723874,59.97044840717629,-5.981082993322673e-05,9.950262835900503e-10,0.6235620109452951,0.6235618834625289,0.5998272143223894,38.478820055013294,25.988322889586968,20.158818439453704,49.60608197367641,31.55698103642509,31.688709349152756
-92.73964892127,0.012119493205379165,0.08270095352068595,0.6061855676599222,0.5234846141392362,3.50887890941e-13,0.722952414437,246.5480094275099,51.77508197979594,0.1735537190083167,0.17355391554338773,298.3230914073058,298.702071466047,-0.12687560447141033,1.5867606683318385,0.1735537190102264,0.05563083554874286,0.23586189931555893,0.17355365514818444,0.055630812773189806,0.23586185103401058,0.0696568258148956,0.5891412917915508,0.5194844659766552,0.1999999999999999,0.19999988176942152,238.65850839675636,59.6645830105495,-5.9810841590568486e-05,1.02882147245964e-09,0.6227783612736634,0.6227782337893006,0.5986440036486794,38.540968473234614,25.94641597277105,20.08240377761054,49.7948358709369,31.629880289998336,31.615674508771672
-92.28964892127,0.012181993205379167,0.08291971731763606,0.6051438353010148,0.5222241179833788,3.72479179604e-13,0.721871337769,245.28031104837441,51.50886532015891,0.17355371900826524,0.1735539184410289,296.78917636853333,297.1662077909177,-0.12687560445959756,1.5867606683317497,0.17355371901018862,0.05549162371767373,0.23556660144781502,0.17355365514946278,0.05549160097827863,0.23556655318248945,0.06986225529782228,0.5883195738596523,0.51845731856183,0.2000000000000001,0.19999987980264786,237.43137676809982,59.357799600433516,-5.981084718609253e-05,1.0070388967164945e-09,0.6219986460136115,0.621998518572084,0.5974603385325487,38.60608584307755,25.90265182709036,20.00707347056056,49.98232257563564,31.706340901276306,31.53943254170165
-91.83964892127,0.012244493205379167,0.08313833076202681,0.6041028190602641,0.5209644882982373,3.95168122614e-13,0.720784423715,244.0088936180423,51.24186765977113,0.1735537190082148,0.1735539213735606,295.2507612778134,295.6258383471541,-0.1268756044592534,1.5867606683313003,0.1735537190102186,0.0553532777138834,0.23527277299739424,0.17355365517739765,0.05535325501799827,0.23527272476425792,0.07006778469109363,0.5874974562867193,0.5174296715956257,0.19999999999999993,0.19999987780987222,236.20064509897898,59.05011617883443,-5.981087550788189e-05,1.024313966979662e-09,0.621222810656652,0.6212226833001182,0.596276097742924,38.67418362166038,25.857042252856413,19.932832367876667,50.16848491695435,31.786387088759554,31.460008248424828
-91.38964892127,0.012306993205379167,0.08335680922724169,0.6030624457001076,0.5197056364728659,4.189965202e-13,0.719691645522,242.73383243731283,50.97410481184706,0.17355371900829647,0.1735539243498061,293.70793724915984,294.08105436449887,-0.12687560446398294,1.5867606683305027,0.17355371901034303,0.05521578526035342,0.23498039335304854,0.17355365522668148,0.055215762613908925,0.2349803451650987,0.07027343501260462,0.5866748550012975,0.5164014199886928,0.19999999999999996,0.19999987578017467,234.96638628367657,58.74155096548332,-5.9810925767678214e-05,1.0960121699099545e-09,0.6204508007800938,0.620450673542872,0.5950911601768406,38.74527309861048,25.80959998539442,19.859685355309058,50.35326502454741,31.870043120545393,31.377428521749895
-90.93964892127,0.012369493205379166,0.08357516799328489,0.6020226424390783,0.5184474744457934,4.44007022047e-13,0.718592983455,241.4552037121125,50.70559277953298,0.17355371900823433,0.17355392736820058,292.1607964916455,292.5319481691076,-0.12687560445450163,1.586760668330311,0.17355371901035088,0.05507913415792961,0.2346894419396186,0.17355365529377917,0.05507911156671444,0.23468939380959344,0.0704792272524622,0.5858516860419061,0.5153724587894439,0.19999999999999993,0.19999987371392172,233.72867408915766,58.432122402487884,-5.981093784690472e-05,1.1005418798504252e-09,0.6196825620565358,0.6196824349722604,0.5939054048900884,38.819364883331325,25.76033902165645,19.787642859215893,50.53659029095829,31.95733244626761,31.291723164985033
-90.48964892127,0.012431993205379166,0.08379342224466348,0.6009833369820191,0.5171899147373556,4.70243109041e-13,0.71748842473,240.17308454921186,50.436347755319275,0.17355371900822122,0.17355393043668899,290.6094323045311,290.9786131788806,-0.12687560447014468,1.5867606683293964,0.17355371901040434,0.05494331220621962,0.2343998980507876,0.1735536553808768,0.054943289673675594,0.23439984998646138,0.07068518236480176,0.5850278655928156,0.5143426832280138,0.1999999999999999,0.19999987160279054,232.48758315706505,58.12184914746607,-5.981099548968416e-05,1.131339466553527e-09,0.6189180398122638,0.6189179129014624,0.5927187111478701,38.89646044174896,25.709280192669265,19.716743419539977,50.71831482114664,32.04827745186997,31.202925071458136
-90.03964892127,0.012494493205379166,0.08401158697955778,0.599944457992232,0.5159328710126742,4.97749073058e-13,0.716493762117,238.88755295261615,50.16638612004984,0.17355371900826577,0.1735539335495652,289.053939072666,289.42114389844266,-0.12687560446708046,1.5867606683289377,0.17355371901048708,0.05480830689624713,0.23411174019311193,0.1735536555024193,0.05480828442910239,0.2341116922093008,0.07089132125879871,0.5842033100172411,0.5133119887584424,0.19999999999999996,0.19999986944791764,231.24318899472644,57.81075007793954,-5.981102439989172e-05,1.1790124432309312e-09,0.6181571772952056,0.6181570505969991,0.5915309584734129,38.97655716137379,25.656447691357698,19.646989984931178,50.89838192857932,32.142899829799426,31.111069794421844
-89.58964892127,0.012556993205379166,0.0842296770267055,0.5989059348077919,0.5146762577810864,5.26569994937e-13,0.71587778074,237.59868781875053,49.8957244419283,0.1735537190082377,0.17355393670406805,287.4944122606788,287.859635913768,-0.12687560446947854,1.586760668328447,0.17355371901053918,0.05467410620722367,0.23382494778620966,0.1735536556498559,0.05467408381264392,0.23382489989871463,0.0710976647948278,0.5833779358733854,0.5122802710785576,0.20000000000000012,0.19999986725322183,229.9955679725,57.498844288178795,-5.981105531960296e-05,1.2090328738167955e-09,0.6173999201641699,0.61739979372028,0.5903420266708801,39.05966336536824,25.60185915187988,19.578352939498767,51.07681954095988,32.24122036351004,31.01619568754847
-89.13964892127,0.012619493205379168,0.0844477071532214,0.5978676971431307,0.5134199899899093,5.56751720471e-13,0.715244527899,236.30656893187282,49.624379475670736,0.17355371900819927,0.17355393989540327,285.9309484075435,286.2941858864529,-0.1268756044712216,1.5867606683279651,0.1735537190105557,0.054540698253454645,0.23353950041364446,0.17355365582912227,0.054540675939425354,0.23353945264007397,0.07130423377339506,0.582551659959199,0.511247426185804,0.19999999999999982,0.19999986502296485,228.7447973201465,57.186151087397036,-5.981108568420268e-05,1.2185585873680793e-09,0.6166462145108537,0.6166460883677742,0.5891517958897081,39.145794252614294,25.545528430125454,19.510832972446917,51.25357802058959,32.34325978895389,30.91834300330876
-88.68964892127,0.012681993205379166,0.0846656920337326,0.5968296750278375,0.5121639829941048,5.88340834546e-13,0.714594047843,235.01127695902042,49.352368161390466,0.17355371900825334,0.17355394313182576,284.3636451204109,284.724891547635,-0.1268756044687791,1.586760668327777,0.1735537190106104,0.054408071216684416,0.2332553776800964,0.1735536560244393,0.05440804898800974,0.23325533003129797,0.07151104894220865,0.5817243992842165,0.5102133503420079,0.20000000000000007,0.19999986275008944,227.4909551252136,56.87268999519731,-5.9811097541384584e-05,1.2500667168069413e-09,0.6158960064827105,0.6158958806690836,0.5879601465840014,39.23496560569911,25.487469775040253,19.444435573895714,51.42859489027837,32.449038472812205,30.817554142254828
-88.23964892127,0.012744493205379164,0.08488364630072379,0.5957917988602517,0.5109081525595279,6.2138463332e-13,0.71392640237,233.71289344475613,49.07970762340319,0.17355371900827735,0.17355394641508665,282.7926010681593,283.1518516915604,-0.1268756044698116,1.5867606683273445,0.17355371901066247,0.05427621334590968,0.23297255921225932,0.17355365624907837,0.05427619120997644,0.23297251170465677,0.0717181309806778,0.5808960711306002,0.5091779401499223,0.2,0.1999998604253754,226.23412032519855,56.558480742960725,-5.981112479735984e-05,1.280064942932313e-09,0.6151492422853194,0.6151491168445115,0.5867669596007422,39.327191909094026,25.427699041201056,19.379165759524124,51.60180847870286,32.558576280365486,30.713873708386075
-87.78964892127,0.012806993205379166,0.08510158449786812,0.5947539994512422,0.5096524149533741,6.55928937926e-13,0.713241669675,232.41150080550165,48.80641516916686,0.1735537190082983,0.1735539497361255,281.21791597466853,281.57516616879826,-0.12687560447557367,1.5867606683267574,0.17355371901072908,0.05414511296228959,0.23269102467067695,0.17355365651458646,0.054145090927966676,0.2326909773239321,0.07192550050537246,0.5800665930321544,0.5081410925267819,0.20000000000000012,0.199999858062582,224.9743726950797,56.24354327958881,-5.981116180109325e-05,1.318456455123851e-09,0.6144058682136385,0.614405743197565,0.5855721161493148,39.422486942795246,25.36623327318414,19.31502839512811,51.77315712630447,32.67189375602881,30.60734732633838
-87.33964892127,0.012869493205379168,0.08531952106199873,0.5937162079709594,0.5083966869089607,6.92023242018e-13,0.712539943365,231.1071823237497,48.532508287989074,0.1735537190082693,0.17355395310000452,279.63969061173873,279.99493587910456,-0.12687560446420498,1.586760668326376,0.17355371901079408,0.05401475845452813,0.2324107537411471,0.17355365680653184,0.054014736529795146,0.23241070657307322,0.07213317806961876,0.5792358827754956,0.5071027047058769,0.2,0.19999985568104767,223.71179284669822,55.927897765040576,-5.981118583742173e-05,1.3559153799747037e-09,0.6136658306293074,0.6136657060850033,0.5843754978033209,39.52086628741821,25.303089075209826,19.25202907886357,51.94257685273708,32.78900987045305,30.498023696077617
-86.88964892127,0.012931993205379166,0.08553747042509903,0.5926783559817624,0.5071408855566634,7.29717601148e-13,0.711821331524,229.80002214170037,48.25800464973044,0.1735537190081853,0.17355395650379876,278.0580267914308,278.41126276393607,-0.12687560445600043,1.5867606683261442,0.1735537190107851,0.05388513827188009,0.2321317261209249,0.1735536571745626,0.05388511647908331,0.2321316791803379,0.07234118414005165,0.5784038584937184,0.5060626743536668,0.19999999999999998,0.19999985329871203,222.4464622246153,55.61156456681549,-5.9811200447956736e-05,1.350719536219458e-09,0.6129290759242179,0.6129289519805784,0.5831769866355371,39.62234815190264,25.238282096917583,19.190174278508625,52.11000095605779,32.90994609017694,30.38595071714454
-86.43964892127,0.012994493205379164,0.08575544698055863,0.5916403753187922,0.5058849283382336,7.69061796661e-13,0.711085955872,228.49010525486094,47.982922103515634,0.17355371900824904,0.17355395997043055,276.47302735837656,276.8242497986147,-0.12687560446515977,1.586760668325839,0.17355371901082298,0.05375624091785807,0.23185392150631845,0.1735536576838804,0.05375621930281159,0.23185387489281173,0.0725495391480397,0.5775704384619563,0.5050208993139166,0.19999999999999996,0.19999985102153237,221.17846307522922,55.29456428314735,-5.981121967701952e-05,1.3725465208835885e-09,0.6121955504877615,0.6121954274077568,0.5819764649230642,39.726947540247046,25.17183075762134,19.129468956906575,52.275366464836246,33.03472362419854,30.271178030001185
-85.98964892127,0.013056993205379166,0.08597346483171307,0.590602198140099,0.5046287333083859,8.10106150969e-13,0.710333951034,227.1775175055472,47.70727867615462,0.17355371900823352,0.1735539634725497,274.8847961817018,275.2340009841457,-0.1268756044657482,1.586760668325802,0.1735537190108035,0.05362805497527509,0.231577319647834,0.17355365821579793,0.05362803354566391,0.23157727337902548,0.07275826343082108,0.5767355413307342,0.5039772778999132,0.19999999999999993,0.199999848709911,219.90787853270675,54.976917648995084,-5.9811222019590105e-05,1.3613332683348744e-09,0.6114652008524365,0.6114650786825854,0.5807738154840711,39.83467803499138,25.10375505286085,19.069918205395616,52.438609816221515,33.16335928633223,30.153760702165496
-85.53964892127,0.013119493205379168,0.08619153816616397,0.5895637571012654,0.5033722189351014,8.52901488429e-13,0.709565463862,225.86234557536068,47.431092570825605,0.17355371900826405,0.17355396702696596,273.2934381461863,273.6406213386886,-0.12687560450777013,1.5867606683251316,0.17355371901083222,0.05350056907791982,0.23130190029033446,0.17355365880779303,0.05350054784343256,0.23130185438822698,0.07296737723080979,0.5758990861309219,0.5029317089001121,0.19999999999999996,0.19999984634002277,218.6347925112125,54.65864563497377,-5.981126426357619e-05,1.3778755914017893e-09,0.6107379735358399,0.6107378523342397,0.5795689216843015,39.94555496363535,25.03407452745006,19.011528542060656,52.599663293123626,33.29587403238762,30.033751299854096
-85.08964892127,0.013181993205379166,0.08640968101290576,0.5885249852130672,0.5021153042001614,8.97499094329e-13,0.708780652791,224.5446769786044,47.1543821654998,0.1735537190082428,0.17355397060404618,271.6990591441042,272.0442168886846,-0.12687560446162927,1.586760668325552,0.1735537190108626,0.05337377191820564,0.23102764319060531,0.17355365942779918,0.05337375088927582,0.23102759767888298,0.07317690074462287,0.5750609920758221,0.5018840913311992,0.2,0.19999984395232948,217.35928971328863,54.339769430815586,-5.9811237773654824e-05,1.3953949107303742e-09,0.6100138150870501,0.610013694916237,0.5783616671525078,40.059594212211245,24.962809026537094,18.954307347462045,52.758456516950936,33.432290682968684,29.91120200176493
-84.63964892127,0.013244493205379168,0.08662790738502694,0.5874858158614064,0.5008579084763795,9.43950672095e-13,0.707979687262,223.22460005356234,46.87716601125362,0.1735537190082814,0.17355397423436483,270.101766064816,270.4448946596423,-0.12687560445838741,1.5867606683254059,0.17355371901093203,0.0532476522267461,0.23075452807419858,0.1735536600958124,0.05324763141342526,0.2307544829757924,0.07338685409303551,0.5742211786825181,0.5008343245894826,0.19999999999999984,0.19999984150492262,216.08145566165308,54.02031040316288,-5.98112469774037e-05,1.4353851440773724e-09,0.609292671972675,0.609292552893197,0.5771519359549119,40.17681174038664,24.889978987426158,18.898263774580908,52.914913873995616,33.57263610281255,29.786162663474162
-84.18964892127,0.013306993205379166,0.08684623117573595,0.5864461828343858,0.4995999516586498,9.92308298945e-13,0.70716274719,221.90220395570046,46.59946283070431,0.17355371900828667,0.17355397790197677,268.50166678640477,268.842762666583,-0.1268756044592645,1.5867606683251179,0.17355371901092842,0.053122198768043624,0.23048253462690751,0.17355366080245493,0.05312217818113873,0.23048248996645868,0.07359725739681444,0.5733795654673831,0.49978230807056867,0.19999999999999998,0.19999983902896534,214.80137665011492,53.700290136289844,-5.981126512955015e-05,1.4333201292515696e-09,0.6085744905543422,0.6085743726312628,0.5759396121569266,40.29724546588317,24.81559194527649,18.843488572536213,53.0687296118548,33.71745237393055,29.658231259879344
-83.73964892127,0.013369493205379165,0.08706466647067362,0.5854060191495788,0.49834135267890517,1.04262437986e-12,0.70633002192,220.577578648927,46.32129151629337,0.17355371900832237,0.17355398162896302,266.8988701652204,267.2379299041486,-0.12687560446597024,1.5867606683249202,0.17355371901094208,0.052997399262849604,0.23021164015498782,0.17355366156373547,0.052997378914172,0.23021159595939558,0.07380813711968778,0.5725360465759594,0.49872790945627155,0.20000000000000004,0.19999983651998682,213.5191397648071,53.37973040041326,-5.981127758625249e-05,1.4411805082659157e-09,0.6078592109106618,0.6078590942150066,0.5747245432775949,40.420941683679565,24.739651238846864,18.790031470853545,53.21970862854412,33.86709925497741,29.527181896247907
-83.28964892127,0.013431993205379167,0.087283227317006,0.5843652578149392,0.4970820304979332,1.09495159993e-12,0.705481709852,219.2508148974862,46.04267112844816,0.1735537190081899,0.17355398537030942,265.2934860259344,265.6305063363744,-0.12687560442070644,1.5867606683254436,0.17355371901088132,0.052873242017329944,0.22994182311473904,0.17355366236206474,0.05287322192106243,0.22994177941614358,0.07401951739688707,0.5716905254668593,0.4976710080699722,0.19999999999999996,0.19999983397729207,212.23483286549046,53.05865316044393,-5.9811244601526425e-05,1.4061640740692383e-09,0.6071467761568611,0.6071466607734943,0.5735065902514799,40.54789807685983,24.66219082687019,18.737798213581588,53.368063237823584,34.02100098913499,29.39360897462605
-82.83964892127,0.013494493205379168,0.08750192742924671,0.5833238335960582,0.4958219061668115,1.14934287505e-12,0.704618018592,217.92200425632652,45.7636208938704,0.17355371900839558,0.17355398917115028,263.6856251501969,264.02060288612984,-0.12687560450629354,1.5867606683240387,0.17355371901104497,0.0527497162018748,0.22967306372727908,0.17355366321032825,0.052749696366802115,0.2296730205461715,0.07423141702402465,0.5708429269591265,0.4966115099351019,0.20000000000000004,0.19999983137666313,210.94854458370756,52.73708056648938,-5.981133314181264e-05,1.500466417780899e-09,0.6064371340680585,0.6064370200510857,0.5722856447817734,40.67810400951274,24.583249990366955,18.68673291219734,53.51390233373929,34.17875587349159,29.257940332918363
-82.38964892127,0.013556993205379167,0.08772078041573687,0.5822816817006518,0.49456090128491487,1.20585130135e-12,0.70373916385,216.5912390641043,45.48416020347313,0.17355371900829988,0.1735539930176639,262.0753992675774,262.4083314242283,-0.12687560446115187,1.586760668324444,0.17355371901101546,0.05262681105127892,0.22940534224659834,0.17355366410983036,0.05262679149110616,0.22940529961425513,0.07444385469127553,0.569993176289975,0.4955493215986995,0.20000000000000012,0.19999982873874755,209.66036429742306,52.415034970154366,-5.981130759558084e-05,1.4834578010436417e-09,0.6057302325061702,0.6057301199381748,0.5710615991750633,40.81157704948544,24.502851207819425,18.6368409813516,53.6571622304778,34.34038405004362,29.120233441266066
-81.93964892127,0.013619493205379165,0.08793979983142364,0.5812387376239644,0.49329893779254075,1.26453010306e-12,0.70284536908,215.25861243146693,45.20430861060741,0.1735537190082624,0.17355399691193343,260.46292104207436,260.79380475821284,-0.12687560444362145,1.5867606683247013,0.17355371901099534,0.05250451584728268,0.2291386389225586,0.17355366506814449,0.05250449657542379,0.2291385968697194,0.0746568490264495,0.5691411989491787,0.49448434992272916,0.2,0.1999998260633276,208.37038213771325,52.092538904361106,-5.981129138632468e-05,1.471867072666555e-09,0.6050260193222108,0.605025908284359,0.569834346100851,40.94833423955798,24.42101781600566,18.588147483050914,53.79772249557532,34.50589581228944,28.980554669264528
-81.48964892127,0.013681993205379167,0.08815899911070021,0.5801949373368378,0.49203593822613756,1.32543257901e-12,0.701936865164,213.92421823335496,44.92408582898134,0.1735537190081904,0.17355400087994755,258.8483040623363,259.1771366208169,-0.12687560437156797,1.586760668325596,0.17355371901095418,0.05238281967746973,0.22887293347503923,0.1735536660755303,0.05238280070758425,0.2288728920330764,0.07487041842618385,0.5682869213500339,0.49341650292385003,0.19999999999999998,0.19999982334979857,207.07868897547408,51.76961508686221,-5.981123499809726e-05,1.4481527088605617e-09,0.6043244409678104,0.6043243315429386,0.5686037795592869,41.08839901144275,24.33776988296645,18.540747718770216,53.93525736762081,34.675328500840735,28.838948129237018
-81.03964892127,0.013744493205379165,0.0883783917081353,0.579150216795856,0.49077182508772066,1.38861204796e-12,0.701013889886,212.5881510977176,44.64351173054376,0.17355371900833858,0.17355400488376832,257.23166282826134,257.55844165810566,-0.12687560451934976,1.5867606683230981,0.17355371901110214,0.05226171075988256,0.2286082036145741,0.17355366713661893,0.052261692106150864,0.22860816281609644,0.07508458155333456,0.5674302688421707,0.4923456872888362,0.19999999999999996,0.1999998205816496,205.7853764146897,51.44628641357166,-5.9811392416619924e-05,1.5334178371517737e-09,0.6036254385890493,0.6036253308632593,0.5673697920179864,41.231796467269675,24.253127093160074,18.494644705759438,54.06970590187055,34.84872163667771,28.695457194260932
-80.58964892127,0.013806993205379167,0.08859799097988608,0.5781045123727546,0.48950652139286854,1.4541217926e-12,0.700076687685,211.25050639800483,44.362606343581476,0.17355371900826597,0.17355400893934364,255.6131127415863,255.93783541730141,-0.12687560445514556,1.586760668323723,0.17355371901109354,0.05214117833215684,0.22834442916821254,0.17355366824641774,0.05214116000593571,0.22834438903974782,0.0752993568598252,0.5665711676161662,0.491271810756341,0.19999999999999993,0.19999981778246834,204.4905367704595,51.12257597112679,-5.981135303700924e-05,1.528444038001453e-09,0.602928958920533,0.6029288529638697,0.5661322771567314,41.37854111262277,24.16711592799351,18.44975743937152,54.20125458484426,35.0260642268444,28.550167484521083
-80.13964892127,0.013869493205379169,0.08881781020366399,0.5770577609973292,0.4882399507936652,1.52201500267e-12,0.699125509329,209.91138023962665,44.08138985029849,0.17355371900818928,0.17355401305309526,253.99277008992516,254.315434334296,-0.12687560439084145,1.586760668324424,0.17355371901104394,0.05202121185783813,0.22808159035274664,0.17355366943228015,0.05202119387607015,0.22808155093314791,0.07551476243626094,0.565709545310175,0.4901947828739141,0.20000000000000012,0.19999981492761418,203.1942630789881,50.79850701093709,-5.981130886123509e-05,1.4998668973476015e-09,0.6022349497259578,0.60223484564101,0.5648911307398407,41.528648294618094,24.07976279183628,18.406077460303887,54.3298811034934,35.20734926635917,28.40316072745374
-79.68964892127,0.013931993205379165,0.08903786254218489,0.5760098999617541,0.48697203741956924,1.59234471677e-12,0.698160611472,208.57086945115165,43.79988258472542,0.17355371900821065,0.17355401722704616,252.3707520358771,252.69135572085497,-0.12687560445558965,1.5867606683232274,0.17355371901109612,0.05190180086275506,0.22781966741867363,0.1735536706893568,0.05190178324211514,0.2278196287463289,0.0757308162103473,0.5648453302140926,0.4891145140037453,0.19999999999999984,0.199999812057478,201.8966490598973,50.4741029759798,-5.981138426758292e-05,1.5299317368544507e-09,0.6015433588580162,0.6015432567461453,0.5636462494704093,41.682133482502394,23.991094419861852,18.36360778604678,54.455530288543294,35.39258046067768,28.254509475821717
-79.23964892127,0.013994493205379165,0.08925816090317529,0.5749608669475302,0.48570270604435495,1.6651637636e-12,0.697182256292,207.22907157401775,43.51810503053881,0.17355371900824826,0.1735540214267926,250.74717660455656,251.0657177515167,-0.12687560444848422,1.586760668323197,0.17355371901112435,0.05178293494652916,0.22755864067648401,0.17355367186954343,0.05178291764980142,0.2275586026714908,0.07594753587727789,0.5639784515465092,0.4880309156692313,0.2000000000000001,0.1999998089808273,200.5977891811635,50.14938742339308,-5.9811386188268756e-05,1.5462076063954555e-09,0.6008541343278094,0.6008540339780378,0.562397531389685,41.83901879499912,23.90113412792383,18.322353730521442,54.57814070766445,35.58176108474012,28.104286283594547
-78.78964892127,0.014056993205379167,0.08947871851713568,0.5739106000500713,0.48443188153293565,1.74052470247e-12,0.69619071119,205.88608485011426,43.23607781851513,0.17355371900823505,0.173554025676327,249.1221626686294,249.438639450191,-0.12687560446095203,1.5867606683229227,0.17355371901111602,0.05166460374002364,0.22729849040418998,0.17355367316333317,0.05166458679753361,0.2272984531349336,0.07616493896096742,0.5631088392117101,0.48694390025074263,0.19999999999999998,0.19999980594856007,199.29777847741792,49.824384191211486,-5.981140347444125e-05,1.5414114429290748e-09,0.6001672240606815,0.6001671256535761,0.5611448755264754,41.99935419684838,23.809889916713047,18.2823467127786,54.69757333182187,35.774907291425045,27.952553219884706
-78.33964892127,0.014119493205379165,0.08969954866868914,0.5728590364015422,0.4831594877328531,1.81847976132e-12,0.69518625254,204.54200821131084,42.95382172438029,0.17355371900828118,0.17355402994405308,247.49582993569118,247.81024067646223,-0.12687560445960866,1.5867606683225435,0.17355371901121563,0.051546796610354016,0.22703919619826443,0.17355367463886187,0.051546780080935536,0.22703915979613634,0.07638304290672354,0.5622364234291846,0.485853380522461,0.20000000000000004,0.19999980304342416,197.99671269448413,49.49911724120703,-5.981142736644074e-05,1.5988099733021954e-09,0.599482574182415,0.599482478064907,0.5598881813634093,42.163170716127816,23.717381378471387,18.243664714139722,54.81354846567377,35.9720264758234,27.799379072293704
-77.88964892127,0.014181993205379167,0.08992066425230931,0.5718061140167713,0.48188544976446196,1.89908077655e-12,0.694169160482,203.19694126766043,42.671357666215215,0.17355371900828637,0.1735540342862224,245.86829893387568,246.18064211160018,-0.12687560445265866,1.5867606683225508,0.1735537190112302,0.05142950235936074,0.2267807363057117,0.17355367619491202,0.051429486258478416,0.22678070080692142,0.07660186487730221,0.5613611355469421,0.4847592706696399,0.2,0.19999980005152324,196.6946883080924,49.17361062578327,-5.98114269112493e-05,1.6072032593683616e-09,0.5988001272556073,0.5988000335233052,0.5586273500092073,42.33050171569715,23.623627395589697,18.206328067845927,54.92595740741886,36.17312545997727,27.64483265639906
-77.43964892127,0.014244493205379165,0.09014207845742912,0.5707517700831034,0.4806096916256743,1.98237913158e-12,0.693139724081,201.85098429561404,42.38870670208158,0.17355371900827338,0.173554038693773,244.23969099769562,244.54996524428395,-0.12687560445098223,1.5867606683222673,0.17355371901122155,0.05131271027357923,0.22652308993473322,0.17355367783048445,0.0513126946201378,0.2265230553831945,0.07682142194580399,0.5604829072728925,0.4836614853270885,0.19999999999999993,0.1999997970241111,195.39180237292487,48.84788862477074,-5.9811444774737765e-05,1.6022072557575484e-09,0.5981198283808348,0.5981197371496902,0.5573622830906493,42.501352811076586,23.528662827395525,18.17026203121609,55.034979588187724,36.37820095668912,27.488989936324018
-76.98964892127,0.014306993205379166,0.09036380390902217,0.5696959441838072,0.47933214027478505,2.06842569431e-12,0.692098230552,200.50423822587697,42.105890027457406,0.17355371900834363,0.17355404316329825,242.61012825333438,242.9183323560433,-0.126875604537402,1.5867606683206872,0.173553719011325,0.05119641029466539,0.22626623763757903,0.1735536794939405,0.051196395094063984,0.22626620404749798,0.07704173077791365,0.5596016719449692,0.4825599411670556,0.20000000000000004,0.19999979390947906,194.0881526023152,48.521975651019154,-5.9811544361743074e-05,1.6618040277194268e-09,0.5974416262075491,0.5974415375150726,0.5560928845824222,42.675709811120974,23.432533505029305,18.135423563386137,55.140702752535326,36.587237682725835,27.33193494058548
-76.53964892127,0.014369493205379166,0.09058585333382567,0.5686385760853555,0.4780527227515298,2.15727075478e-12,0.691044969219,199.15680463211316,41.82292897272722,0.1735537190082077,0.17355404772458904,240.97973360484042,241.28586650642384,-0.126875604450416,1.5867606683215878,0.1735537190113151,0.05108059243186689,0.22601016001911703,0.1735536812493532,0.05108057770358897,0.22601012743589383,0.07726280780152665,0.5587173638504699,0.4814545560489432,0.19999999999999993,0.19999979070605953,192.78383731947034,48.19589628537006,-5.9811487596039825e-05,1.656119685833346e-09,0.5967654695241366,0.5967653834902041,0.5548190598272654,42.85360649180817,23.33525884667743,18.10181953698171,55.24306537014232,36.80023766484765,27.173737547766457
-76.08964892127,0.014431993205379167,0.09080823938854772,0.567579605572169,0.4767713661836213,2.24896396247e-12,0.689980232655,197.80878571645914,41.53984500046102,0.17355371900828034,0.1735540523187684,239.3486307169202,239.6526915178776,-0.12687560445558965,1.5867606683215358,0.17355371901132877,0.05096524670435505,0.22575483761008325,0.173553683106374,0.05096523247124585,0.22575480608670515,0.07748466924486826,0.5578299180771704,0.4803452488323022,0.19999999999999996,0.19999978745621327,191.4789554456005,47.869675271319714,-5.981149087119775e-05,1.6639800648476921e-09,0.596091306923242,0.5960912236877632,0.5535407153204709,43.035076056039365,23.236859130859237,18.069460717693868,55.34199474037352,37.01720734077259,27.014463592410177
-75.63964892127,0.014494493205379166,0.09103097466146272,0.5665189725081838,0.47548799784672113,2.34355426351e-12,0.688904316313,196.4602842989798,41.25665970278283,0.1735537190082543,0.17355405698491416,237.7169440017626,238.01893196038836,-0.12687560444812895,1.5867606683214421,0.1735537190113476,0.05085036314866052,0.22550025088380837,0.17355368503155,0.05085034942732586,0.2255002204595948,0.07770733114829077,0.5569392704635749,0.4792319393152842,0.2000000000000001,0.19999978417160014,190.17360650747773,47.543337494284884,-5.981149677758424e-05,1.6748380460285262e-09,0.5954190868459358,0.5954190065127312,0.5522577586389562,43.22014824983945,23.13735700811056,18.03836766489143,55.43738871374306,37.23814129741724,26.854186733250238
-75.18964892127,0.014556993205379166,0.09125407175014677,0.5654566170919576,0.47420254534181083,2.44108983811e-12,0.687817518171,195.11140380349792,40.973394798723604,0.1735537190082261,0.17355406169865556,236.08479860222155,236.3847131358338,-0.1268756044473629,1.5867606683212538,0.17355371901134076,0.05073593168700345,0.22524637996425925,0.17355368705738491,0.05073591849635187,0.22524635068376106,0.0779308092065985,0.5560453582303095,0.47811454902371103,0.2,0.1999997807631645,188.8678906402614,47.216907961960146,-5.981150864586837e-05,1.6708856520608606e-09,0.5947487568108151,0.5947486794975182,0.5509700993505732,43.40884868283986,23.03677776174963,18.008549303177173,55.529181344083845,37.46303008102011,26.692982330509082
-74.73964892127,0.014619493205379166,0.09147754306483603,0.5643924797574579,0.47291493669262186,2.54161803785e-12,0.686720138343,193.76224824486593,40.690072131431066,0.17355371900829694,0.17355406647039065,234.452320376297,234.75016106209145,-0.1268756044498165,1.5867606683207658,0.17355371901139563,0.05062194240729769,0.22499320524695338,0.17355368910241395,0.050621929741948304,0.2249931771008808,0.07815511887617,0.5551481195522975,0.4769930006761275,0.20000000000000004,0.19999977728226992,187.56190851772618,46.89041185857079,-5.9811539399046154e-05,1.702504803802185e-09,0.5940802650534892,0.5940801907355711,0.5496776483976449,43.60120530814384,22.935145781697457,17.98000005675222,55.6173524384645,37.691883203238575,26.530911034821354
-74.28964892127,0.014681993205379168,0.09170140089098572,0.5633265010280697,0.471625100137084,2.64518532338e-12,0.685612478508,192.41292221564825,40.40671366529496,0.17355371900829578,0.17355407119523936,232.81963588094322,233.1154024568926,-0.12687560445693302,1.5867606683203745,0.17355371901143266,0.05050838546661376,0.22474070718633454,0.17355369099743645,0.05050837326672879,0.22474068004419848,0.07838027549181864,0.554247493089889,0.4758672175980703,0.2,0.19999977371774055,186.25576138770785,46.56387449323539,-5.981156405709953e-05,1.7238432903354806e-09,0.5934135599651587,0.5934134882980712,0.5483803174219803,43.797252810898044,22.832482309282437,17.952724938940165,55.701850465661664,37.92470562293012,26.368035916813493
-73.83964892127,0.014744493205379166,0.09192565787250652,0.5622586218409656,0.47033296396845914,2.75183720259e-12,0.684494841706,191.06353087251603,40.12334148322444,0.17355371900825045,0.1735540759678359,231.18687235574046,231.48056472143162,-0.12687560445714396,1.5867606683200821,0.17355371901146757,0.050395251051798096,0.22448886620899064,0.17355369294140593,0.05039523932231596,0.22448884008412526,0.07860629409171628,0.553343418690472,0.4747371245987557,0.20000000000000004,0.1999997701075645,184.94955103270553,46.23732132303496,-5.981158248680174e-05,1.7439605315416884e-09,0.5927485898634723,0.5927485208824236,0.5470780197751525,43.99702320502637,22.728810432014786,17.926730130744403,55.782621409857484,38.16149619937722,26.204423295549915
-73.38964892127,0.014806993205379168,0.09215032634688537,0.5611887832319288,0.4690384568850434,2.86161816885e-12,0.683367531656,189.71417992262238,39.8399777837467,0.17355371900825003,0.17355408072622275,229.55415770636907,229.84577592373446,-0.12687560438880974,1.5867606683210114,0.17355371901146016,0.050282529403336156,0.2242376627672884,0.1735536948971753,0.05028251814702736,0.22423763766822769,0.07883318951611351,0.5524358369928465,0.473602647476733,0.2,0.19999976646793338,183.6433797733521,45.910777933016966,-5.981152392253719e-05,1.7396972751271278e-09,0.5920853031341464,0.5920852368616696,0.5457706699488228,44.20054744817921,22.62415417303149,17.902020947628813,55.85961511973616,38.40225694535256,26.040136167596263
-72.93964892127,0.014869493205379166,0.0923754186769466,0.5601169264129363,0.4677415077359897,2.97457164049e-12,0.682230852403,188.36497560915572,39.556644877915225,0.17355371900823738,0.17355408551257556,227.92162048707092,228.21116478179323,-0.12687560444255563,1.5867606683200215,0.17355371901145472,0.05017021080184144,0.22398707730992304,0.17355369687904795,0.05017020001706382,0.22398705323536855,0.07906097634307958,0.5515246896849557,0.47246371334187615,0.19999999999999998,0.19999976272197534,182.33735047044863,45.5842700166223,-5.9811586305968945e-05,1.7365664461976849e-09,0.5914236481532026,0.5914235845858694,0.5444581839457987,44.40785967362051,22.518536298519866,17.87860341976378,55.93278045949365,38.646990040816014,25.875236310612443
-72.48964892127,0.014931993205379166,0.09260094718410339,0.5590429928059953,0.46644204562189195,3.09073990047e-12,0.681579638261,187.01602469834475,39.27336518664217,0.1735537190082271,0.17355409037301625,226.28938988498692,226.576860646472,-0.12687560444826218,1.5867606683198276,0.17355371901148497,0.050058285571940656,0.22373709029112865,0.17355369890358793,0.05005827526216762,0.22373706725119916,0.07928966895113486,0.5506099192528865,0.4713202503017516,0.19999999999999998,0.1999997589290171,181.03156645979521,45.257823425191745,-5.9811598529524446e-05,1.7539969476842998e-09,0.5907635733112877,0.5907635124758162,0.5431404789186088,44.61899278525112,22.411980584432904,17.85648315132525,56.00206891387699,38.895697875062716,25.709784234033044
-72.03964892127,0.014994493205379166,0.09282692411216387,0.5579669240132588,0.4651399999010949,3.21016403711e-12,0.681010728124,185.66743446407648,38.990161237455375,0.17355371900826191,0.17355409527616142,224.65759570153187,224.9429934841905,-0.1268756044534025,1.586760668319634,0.17355371901151034,0.04994674408319369,0.2234876821732994,0.1735537009545012,0.04994673424533677,0.22348766016345684,0.07951928145552743,0.5496914692354408,0.4701721877799133,0.2,0.1999997550101043,179.72613160006645,44.93146410146544,-5.9811610730875486e-05,1.7686074826883669e-09,0.5901050270205948,0.5901049689050023,0.5418174735363013,44.83398480168633,22.30450860933484,17.835666550462385,56.06743079495816,39.14838779844607,25.543836061614094
-71.58964892127,0.015056993205379168,0.09305336168389476,0.5568886616052031,0.46383529992130834,3.33288388598e-12,0.680415948944,184.31931267399614,38.70705566151578,0.17355371900817773,0.17355410018823492,223.02636833551193,223.30969385939133,-0.12687560444992751,1.5867606683196738,0.1735537190114568,0.049835576738604705,0.2232388334018181,0.1735537029925116,0.04983556737426163,0.22323881242799523,0.07974982782634946,0.5487692837518869,0.4690194559255375,0.2,0.19999975112070864,178.42115017505404,44.60521816045788,-5.981160822177145e-05,1.73776548706428e-09,0.5894479576483994,0.5894479022683511,0.5404890873041173,45.05288203776732,22.196138288372126,17.81616191075662,56.128811862460886,39.4050680810771,25.377446320926797
-71.13964892127,0.015119493205379166,0.09328027238270883,0.5558081472292344,0.4625278748465256,3.45893797164e-12,0.679795832078,182.97176757457632,38.42407119066332,0.17355371900827302,0.17355410518292885,221.39583876523963,221.67709291679606,-0.12687560444596402,1.5867606683196978,0.17355371901149924,0.04972477396223246,0.22299052437767947,0.1735537052073164,0.04972476511490309,0.2229905045397743,0.07998132177743977,0.5478433079477376,0.46786198617029784,0.19999999999999998,0.19999974726634892,177.11672696637038,44.27911179886926,-5.981160671186814e-05,1.762212598066526e-09,0.5887923134447732,0.5887922610640434,0.5391552412052233,45.27571843197601,22.086894137360595,17.797973942192744,56.1861705859312,39.66573884808929,25.21067372096033
-70.68964892127,0.015181993205379166,0.09350766822899831,0.5547253228181919,0.46121765458919356,3.58836345263e-12,0.679150914663,181.62490787657063,38.141230654078576,0.17355371900825975,0.17355411019945327,219.7661385306492,220.04532236345818,-0.1268756044483621,1.586760668319175,0.17355371901155525,0.0496143262558747,0.22274273558496738,0.1735537074552195,0.04961431793030037,0.22274271689619926,0.0802137767774394,0.5469134879480191,0.4666997111705797,0.20000000000000004,0.19999974334314333,175.8129672290057,43.95317130164352,-5.981163965218528e-05,1.794475679162133e-09,0.5881380428791794,0.5881379935326729,0.5378158576341209,45.50252484155233,21.976802462768234,17.781106148166955,56.239470799351224,39.93040288236035,25.043574014169536
-70.23964892127,0.015244493205379166,0.09373556149608628,0.5536401305901842,0.45990456909409794,3.7211960671e-12,0.678481738834,180.2788427398552,37.85855697536762,0.17355371900825697,0.17355411526796044,218.13739971522278,218.41451445061654,-0.1268756044399133,1.5867606683192956,0.17355371901153535,0.049504224156846785,0.22249544749690225,0.1735537098512571,0.049504216384384146,0.222495430030336,0.08044720606607764,0.5459797707933656,0.46553256472728793,0.2000000000000002,0.19999973942286572,174.5099766137967,43.62742310142607,-5.981163205825979e-05,1.7830181775480014e-09,0.587485094392397,0.587485048273037,0.5364708603042337,45.73334341091857,21.86588439456311,17.76556464315425,56.28866968691244,40.19906807316428,24.876198577040416
-69.78964892127,0.015306993205379166,0.09396396417900921,0.5525525126185324,0.45858854843952324,3.8574700784e-12,0.67778885104,178.93368175828903,37.576073169237624,0.17355371900825273,0.17355412034444936,216.50975492752664,216.7848019553582,-0.12687560444767376,1.586760668319094,0.17355371901156516,0.04939445824713409,0.22224864059681915,0.17355371225528465,0.04939445101398613,0.2222486243241702,0.08068162269390688,0.545042104282199,0.46436048158829213,0.2,0.19999973544825916,173.2078612200539,43.30189370747276,-5.981164475921119e-05,1.8002044299691988e-09,0.5868334164519123,0.5868333734850151,0.5351201740202495,45.96821398595892,21.754162567757188,17.751354921903925,56.33372801115425,40.47173836776704,24.708600132591076
-69.33964892127,0.015369493205379166,0.09419288838039586,0.5514624112918305,0.45726952291143463,3.99721822456e-12,0.67707280147,177.58953494456023,37.29380233836532,0.17355371900829394,0.17355412540089077,214.88333728292557,215.15631816209554,-0.12687560444509804,1.5867606683193705,0.17355371901155794,0.04928501915155194,0.2220022953745117,0.17355371467082337,0.04928501245394459,0.22200228028996594,0.08091703943227348,0.5441004373286945,0.46318339789642105,0.2,0.19999973143598992,171.9067275362712,42.976609746654354,-5.9811627339811935e-05,1.7960299913966082e-09,0.5861829575422646,0.5861829177124784,0.5337637251943803,46.20718049695614,21.64165805498291,17.738483730397284,56.37460423330124,40.74840729717561,24.54083647262731
-68.88964892127,0.015431993205379168,0.09442234622755684,0.550369768966424,0.4559474227388671,4.14047166729e-12,0.676334143481,176.24651271462417,37.011767670066206,0.1735537190082456,0.17355413051443402,213.25828038469038,213.52919684386376,-0.12687560445022728,1.5867606683189057,0.17355371901155509,0.04917589752379828,0.22175639229523528,0.17355371711611178,0.04917589135196501,0.2217563783794392,0.08115346873874128,0.5431547201028095,0.4620012513640682,0.20000000000000018,0.19999972731963706,170.60668245909758,42.65159792559278,-5.9811656627495324e-05,1.794386861320163e-09,0.5855336660832019,0.5855336293394249,0.5324014420475751,46.450293249461865,21.528389382376723,17.726974792989356,56.41120448794675,41.029215930688956,24.37287618874583
-68.43964892127,0.015494493205379165,0.09465234987268212,0.5492745279140366,0.4546221780413545,4.28725994372e-12,0.675573433202,174.9047258721876,36.72999243314569,0.1735537190082109,0.17355413568784722,211.6347183053333,211.9035722434453,-0.12687560443912504,1.586760668318662,0.17355371901160707,0.0490670838518982,0.22151091136081355,0.1735537196153724,0.04906707820895455,0.22151089862341886,0.08139092448902915,0.5422048971019189,0.4608139726128897,0.19999999999999993,0.19999972308453676,169.3078332491927,42.326885056140604,-5.9811671992981985e-05,1.8243406785245497e-09,0.5848854892708099,0.5848854556385269,0.5310332446295517,46.69759037585191,21.414381169378633,17.7168587285197,56.44341445192261,41.31502467164748,24.204269704484823
-67.98964892127,0.015556993205379167,0.09488291139815336,0.5481766310207814,0.45329371962262804,4.43761091858e-12,0.674791224621,173.5642855929028,36.448499974504315,0.1735537190082437,0.17355414094672586,210.01278556740712,210.27957905432956,-0.12687560443208623,1.5867606683186573,0.1735537190116383,0.048958568570070776,0.22126583236024214,0.1735537222417405,0.04895856348827288,0.22126582087677454,0.08162942849037903,0.5412508810966761,0.45962145260629705,0.2,0.19999971882684242,168.01028750388375,42.002498063523376,-5.981167228163997e-05,1.8423262915234773e-09,0.5842383737392154,0.5842383434178473,0.5296590072886226,46.949099675823916,21.29966297340825,17.708108901894185,56.471303939916076,41.605800396637804,24.035110260270603
-67.53964892127,0.015619493205379167,0.09511404262594937,0.5470760214307537,0.4519619788048044,4.59155074085e-12,0.673988074225,172.22530340863395,36.16731371580914,0.17355371900824862,0.1735541462246416,208.3926171244431,208.6573524015114,-0.12687560444019086,1.5867606683180133,0.1735537190117069,0.04885034264939811,0.22102113620511074,0.1735537248978504,0.048850338118966774,0.22102112595624604,0.08186899361265948,0.5402926206078955,0.45842362699523603,0.20000000000000012,0.1999997144343479,166.71415320932806,41.67846391511502,-5.981171287139375e-05,1.8818724356606253e-09,0.5835922690866839,0.5835922420252063,0.5282786558701632,47.20486265963593,21.184258223784283,17.70069605540135,56.494953467937265,41.90073233471466,23.8659313162291
-67.08964892127,0.015681993205379167,0.09534575550587931,0.5459726423608848,0.4506268868550055,4.74910380129e-12,0.673164540052,170.88789119145724,35.88645715021296,0.1735537190082922,0.17355415154157458,206.7743483416702,207.03702782213642,-0.12687560444111234,1.5867606683172568,0.1735537190117714,0.04874239703576604,0.22077680366326088,0.17355372760469415,0.048742393060551614,0.22077679466047062,0.08210963172507713,0.5393300681585484,0.4572204364334713,0.19999999999999996,0.19999970996935473,165.4195386442338,41.354809697436366,-5.981176054437043e-05,1.9190427025250756e-09,0.5829471245319227,0.5829471007606255,0.5268921219847024,47.46493052005003,21.068186322901752,17.69462578180024,56.51433448389439,42.19974517244914,23.696825559336975
-66.63964892127,0.015744493205379167,0.09557806188413996,0.5448664369427212,0.4492883750585812,4.9102926913e-12,0.672321179688,169.55216113747684,35.605953838889235,0.1735537190083414,0.17355415690666534,205.1581149763661,205.41874124600028,-0.12687560446204005,1.5867606683167383,0.1735537190118273,0.04863472278200001,0.22053281565789706,0.17355373028277132,0.048634719328258386,0.22053280782744863,0.08235135428171887,0.5383631779322603,0.45601182365054144,0.2000000000000001,0.19999970530631203,164.1265524398944,41.031562536471704,-5.9811793218234044e-05,1.951239170239205e-09,0.582302889703865,0.5823028690280619,0.5254993396348513,47.72934819185344,20.95146985834352,17.689892815116778,56.52945500865086,42.50282060282103,23.527850288920053
-66.18964892127,0.015806993205379167,0.09581097362195261,0.5437573486722235,0.44794637505027085,5.0751381654e-12,0.671458549818,168.21822575097667,35.32582740768403,0.17355371900817892,0.17355416222735567,203.5440531586607,203.8026289759066,-0.12687560437527612,1.5867606683180235,0.17355371901172123,0.0485273110475561,0.22028915326805382,0.1735537329281597,0.04852730809309294,0.22028914656217846,0.08259417239336381,0.5373919054851504,0.45479773309178656,0.19999999999999998,0.19999970054839586,162.83530347852178,40.70874968013891,-5.98117122274644e-05,1.890110290503344e-09,0.5816595146429037,0.5816594969364643,0.524100244800478,47.99816702628008,20.834128925224945,17.686494878117053,56.54031547185015,42.80994821314747,23.359056521654175
-65.73964892127,0.015869493205379163,0.09604450262221086,0.5426453207969764,0.4466008181747655,5.24365910565e-12,0.670577205473,166.88619782702136,35.046101543657045,0.17355371900819308,0.17355416749193459,201.9322993706784,202.18882766789213,-0.1268756044399577,1.5867606683159994,0.17355371901186561,0.048420153061021515,0.22004579764453924,0.1735537355285432,0.04842015058254414,0.2200457920128084,0.08283809684511663,0.5364162076788618,0.45357811083374516,0.20000000000000007,0.19999969566411036,161.5459009517887,40.386398418889705,-5.981183979208993e-05,1.9733104039687532e-09,0.5810169495789449,0.581016934708716,0.5226947753412127,48.271439171181775,20.716183672373365,17.6844304131709,56.54691593884902,43.121119580487,23.190492494831144
-65.28964892127,0.015931993205379167,0.09627866067563817,0.5415302968102658,0.4452516361346276,5.41587248744e-12,0.66967769976,165.55619043671834,34.76679999172635,0.17355371900832842,0.17355417274599658,200.32299042844468,200.57747431132506,-0.12687560442873336,1.5867606683152475,0.17355371901202243,0.04831324014764715,0.21980273007323442,0.17355373802134585,0.04831323810669892,0.21980272543055265,0.08308313809886342,0.5354360426646579,0.4523529045657945,0.20000000000000007,0.1999996906066505,160.2584543213567,40.06453610708794,-5.981188717640862e-05,2.063682558173241e-09,0.5803751450985466,0.5803751328398389,0.5212828709752901,48.54921326743294,20.597656124549502,17.683754853336556,56.54907616022062,43.43634735409694,23.022193644597042
-64.83964892127,0.015994493205379167,0.0965134594018822,0.5404122199966123,0.44389876059473005,5.59179334771e-12,0.668760587194,164.22831690947763,34.48794655097282,0.17355371900819178,0.17355417784722732,198.71626346045048,198.96870620888083,-0.12687560433012335,1.5867606683167013,0.17355371901195835,0.04820656301398166,0.21955993034700494,0.17355374016622468,0.04820656129976417,0.21955992644324732,0.08332930652568954,0.5344513689570336,0.45112206243134406,0.20000000000000007,0.1999996855428462,158.97307325611098,39.74319020433947,-5.9811795560804626e-05,2.0267343359137158e-09,0.579734047846054,0.5797340375384286,0.5198644719441629,48.8318053078451,20.47845648334743,17.684633430933502,56.5462667861029,43.75565004594236,22.85419137757123
-64.38964892127,0.016056993205379167,0.0967489133031197,0.5392910221437303,0.44254210884061057,5.77143475643e-12,0.667826422254,162.9026908160282,34.20956507134902,0.17355371900819355,0.173554182789127,197.11225588737722,197.3626609564069,-0.12687560444120116,1.586760668314684,0.17355371901203331,0.04810011114787141,0.2193173753898022,0.1735537421101363,0.04810010971091558,0.21931737211382862,0.08357661223582043,0.5334621461168841,0.4498855338810637,0.2,0.1999996804882697,157.68986768957973,39.422388197797495,-5.9811922692443176e-05,2.069944216032127e-09,0.5790935968906268,0.5790935882406253,0.518439519995746,49.12086549449053,20.357947481852932,17.687124939230955,56.53830135964882,44.079013589667106,22.686533081457558
-63.93964892127,0.016119493205379167,0.09698504953731647,0.538166574315798,0.4411815247784815,5.95480779044e-12,0.666875753152,161.57942595348104,33.931679450232956,0.17355371900827263,0.1735541877062676,195.511105403714,195.7594764226769,-0.12687560444156754,1.5867606683146602,0.17355371901203978,0.04799387471535839,0.21907504357036744,0.17355374392036202,0.04799387351083699,0.21907504082126059,0.08382506487587724,0.532468335556691,0.4486432706808138,0.19999999999999987,0.19999967525942328,156.40894781336033,39.10215759035368,-5.981192418014203e-05,2.0736745653948674e-09,0.5784537351163004,0.578453727857457,0.5170079595459357,49.41632507556544,20.2362275719783,17.691037423215747,56.52579755937384,44.406416826026486,22.519267967910046
-63.48964892127,0.016181993205379167,0.09722188111549683,0.5370388147913149,0.43981693367581803,6.14192150957e-12,0.665909119277,160.25863632675168,33.65431362861262,0.17355371900824215,0.17355419255401658,193.9129499553643,194.15929072904683,-0.12687560443671586,1.5867606683146367,0.173553719012042,0.04788784567683269,0.21883291726070986,0.1735537456377366,0.04788784467585987,0.21883291497363888,0.08407467375008627,0.5314699000598647,0.44739522630977846,0.19999999999999993,0.19999966992225474,155.13042397064078,38.78252598472356,-5.981192566784088e-05,2.07494021964294e-09,0.577814415977485,0.577814409938618,0.5155697369850297,49.716587793378466,20.114011125542,17.69623291300347,56.509201981919226,44.7378684127679,22.35242838960576
-63.03964892127,0.016244493205379167,0.09745941917661288,0.5359076907520626,0.4384482715754497,6.3327829361e-12,0.664927058845,158.94043613251165,33.37749158782755,0.1735537190082649,0.17355419731347932,192.31792772033918,192.5622422290147,-0.12687560440065582,1.586760668315396,0.1735537190120238,0.047782016002206426,0.21859097877590106,0.17355374730127818,0.04778201517754156,0.2185909768895815,0.08432544803227997,0.5304668029309982,0.44614135489871826,0.19999999999999998,0.19999966448612855,153.8544067016038,38.46352101873535,-5.981187780612629e-05,2.0644597142904786e-09,0.5771755927782506,0.5771755877975423,0.5141247994541904,50.02151626838454,19.991397194651558,17.70271891760798,56.488497877314856,45.07338785523181,22.1860403130076
-62.58964892127,0.016306993205379167,0.09769767489550414,0.5347731495113324,0.43707547461582824,6.52739703562e-12,0.663930105375,157.62493974195428,33.10123734579459,0.17355371900819594,0.17355420208250433,190.72617708774888,190.9684694876936,-0.12687560443601642,1.586760668315217,0.1735537190119606,0.047676377698869926,0.2183492104379357,0.17355374900235357,0.04767637703033358,0.21834920890704776,0.08457739667006811,0.5294590083795303,0.44488161170946217,0.19999999999999993,0.19999965893575958,152.58100672007782,38.14517036767106,-5.981188909709445e-05,2.0280443990827735e-09,0.5765372188409473,0.5765372147987335,0.5126730953980015,50.331149818148475,19.868411582352103,17.71049572120068,56.463693379453595,45.412980576477025,22.020135813723247
-62.13964892127,0.016369493205379164,0.09793665912169085,0.5336351390726061,0.4356984799509152,6.72576670224e-12,0.6629187877,156.3122616841745,32.82557495369111,0.17355371900832764,0.17355420685774173,189.13783663786563,189.37811126120283,-0.12687560443868096,1.586760668315419,0.1735537190119722,0.0475709228700719,0.21810759470974847,0.17355375068344753,0.04757092233627712,0.21810759348605246,0.08483052831795262,0.5284464817880504,0.4436159534700978,0.19999999999999987,0.19999965325839988,151.31033489224862,37.827501745617006,-5.981187636283636e-05,2.034727941691017e-09,0.5758992478600681,0.575899244628975,0.5112145749507355,50.64551959158421,19.74508323863994,17.719559887165545,56.43481025306447,45.75665321578977,21.85474526040988
-61.68964892127,0.016431993205379167,0.09817638269456352,0.5324936080188459,0.4343172253242824,6.92789274675e-12,0.661893629388,155.00251662879296,32.550528492050404,0.1735537190082816,0.17355421161683754,187.55304512084336,187.79130647598487,-0.1268756044209951,1.5867606683158242,0.17355371901196195,0.04746564370024288,0.21786611416244353,0.17355375237895065,0.04746564329055032,0.21786611322220426,0.08508485141298898,0.5274291894078549,0.4423443379948659,0.19999999999999987,0.19999964756170457,150.04250219755022,37.510542923293144,-5.981185082770679e-05,2.028821555200011e-09,0.5752616338157207,0.5752616313330772,0.5097491894983269,50.964669643274576,19.621435928054964,17.729910300204196,56.40186459310417,46.1044204652596,21.68989415567029
-61.23964892127,0.016494493205379164,0.09841685650987196,0.531348505346042,0.4329316488361701,7.13377388629e-12,0.660855148327,153.69581936871094,32.27612206743357,0.17355371900828345,0.17355421633461712,185.97194143614448,186.20819420805262,-0.12687560443455093,1.5867606683164497,0.17355371901182304,0.047360532441114114,0.21762475144411794,0.1735537542417774,0.04736053218857547,0.21762475086390212,0.08534037418352453,0.5264070983250165,0.441066724141492,0.19999999999999993,0.19999964186363955,148.77761975222984,37.194321683914644,-5.981181141478942e-05,1.9487744751245373e-09,0.5746243308913079,0.5746243293592834,0.5082768916292023,51.28864963144415,19.497491300432248,17.741545774205377,56.36487444368634,46.45630493851978,21.525603496089474
-60.78964892127,0.016556993205379168,0.09865809148544652,0.5301997804111864,0.4315416889257399,7.34340673766e-12,0.659803856344,152.3922848033289,32.00237980869165,0.17355371900823124,0.17355422101393528,184.39466461202053,184.62891366217644,-0.1268756044270014,1.5867606683170445,0.17355371901178868,0.04725558142569619,0.2173834893125423,0.17355375650560195,0.047255581433802915,0.21738348933118842,0.08559710472240788,0.5253801761693115,0.43978307144690365,0.19999999999999993,0.19999963639391669,147.51579873663823,36.87886587538233,-5.9811773922557876e-05,1.928990300825717e-09,0.5739872935598183,0.5739872936090507,0.5067976347144877,51.617503606823455,19.373273214007337,17.754571064167937,56.323523468172546,46.81233227529845,21.36189229195213
-60.33964892127,0.016619493205379168,0.09890009806238231,0.5290473828101852,0.43014728474780284,7.55678581189e-12,0.658740258847,151.0920279209267,31.72932586339268,0.17355371900825575,0.17355422566689496,182.8213537843194,183.05360415101399,-0.1268756044284114,1.586760668316934,0.17355371901176714,0.04715078180483825,0.21714230772661106,0.17355375905166665,0.04715078214067338,0.21714230849991759,0.08585505093984619,0.5243483912994519,0.4384933403596057,0.19999999999999993,0.19999963101664203,146.25715048549256,36.56420329882685,-5.981178089475847e-05,1.9165780074104077e-09,0.5733504689039857,0.573350470945851,0.5053113731757934,51.95126489809227,19.248809474833816,17.769050620814163,56.27762683216335,47.17251472193278,21.1987850530057
-59.88964892127,0.016681993205379164,0.09914288638012206,0.5278912628050775,0.42874837642495545,7.77390351458e-12,0.657664855275,149.7951637816695,31.456984394154205,0.17355371900828095,0.17355423015922283,181.2521481758237,181.48240507419152,-0.12687560442771195,1.5867606683173279,0.17355371901176414,0.047046125295097545,0.21690118786004273,0.17355376162743527,0.04704612596812561,0.2169011894115051,0.08611422045627327,0.5233117132337276,0.43719749277745434,0.19999999999999982,0.19999962570384994,145.0017863826402,36.25036179318349,-5.981175607017164e-05,1.9148460594919925e-09,0.57271380721421,0.5727138113107464,0.5038180631049349,52.28997293418653,19.12412540849132,17.78488492476525,56.22752152911101,47.53687307386385,21.036301618875473
-59.43964892127,0.016744493205379168,0.09938646685981284,0.5267313713741835,0.4273449045143706,7.99475014692e-12,0.656578138166,148.50180750018157,31.18537957502663,0.17355371900821157,0.17355423457113225,179.6871870752082,179.91545589734153,-0.12687560443033208,1.5867606683173379,0.17355371901172315,0.0469416043668934,0.21666011254241838,0.17355376433749098,0.04694160539104432,0.21666011490591505,0.08637462079723913,0.5222701118696601,0.435895491072421,0.19999999999999998,0.1999996204336078,143.74981786338387,35.93736921182431,-5.9811755437344516e-05,1.891220513527969e-09,0.5720772631530907,0.5720772693937521,0.5023176611400885,52.633678809428645,18.99924198003927,17.802014501670115,56.17341789639504,47.90544814334515,20.874452463271997
-58.98964892127,0.016806993205379168,0.09963084983080853,0.5255676597985602,0.42593680996775174,8.21931390986e-12,0.655480592832,147.2120742281788,30.91453558793567,0.17355371900834854,0.17355423897278366,178.12660981611447,178.3528961311046,-0.12687560443300772,1.5867606683177273,0.17355371901173575,0.04683721157437468,0.2164190647202198,0.17355376726326394,0.04683721299874037,0.21641906801097813,0.08663625940988265,0.5212235574191477,0.4345872980092651,0.2,0.19999961537514277,142.50135636481343,35.62525345130103,-5.981173089031344e-05,1.8984813721090177e-09,0.5714407916918965,0.5714408003809334,0.5008101243720723,52.98242456751154,18.874183432767875,17.820433490330725,56.11535771801482,48.27827206846932,20.713251679384417
-58.53964892127,0.016869493205379164,0.09987604530405729,0.5244000800156853,0.424524034711628,8.44758091274e-12,0.654372697156,145.92607913731155,30.64447661882617,0.17355371900822114,0.17355424334678204,176.57055575613774,176.79486531009957,-0.12687560442911083,1.5867606683183122,0.17355371901162633,0.0467329395894857,0.21617802753630097,0.17355377033663538,0.046732941441778336,0.21617803182048434,0.08689914354232495,0.5201720208888321,0.4332728773465071,0.1999999999999999,0.19999961035375807,141.2565134049637,35.314042351174066,-5.9811694030909024e-05,1.8354429087708013e-09,0.5708043483204042,0.5708043596325167,0.4992954110368955,53.33625101279699,18.74897430942549,17.840135417660704,56.05338617609694,48.65537865184595,20.552712314819498
-58.08964892127,0.016931993205379168,0.10012206336985859,0.5232285845568498,0.42310652118699127,8.67953518211e-12,0.653254921237,144.64393740150447,30.3752268543132,0.17355371900825156,0.17355424753888474,175.01916425581763,175.24150297186975,-0.12687560439823553,1.5867606683191127,0.1735537190116086,0.046628781173934014,0.21593698426609095,0.1735537736585045,0.04662878350073593,0.21593698965377825,0.0871632803734884,0.5191154735640915,0.4319521931906031,0.19999999999999998,0.19999960551937268,140.01540044632384,35.003763809493826,-5.9811643582374785e-05,1.8252288569442499e-09,0.5701678888784466,0.5701679031042912,0.4977734797715219,53.69520512797083,18.623636833432663,17.86111563373892,55.98754414371747,49.036808902027175,20.392844118342705
-57.63964892127,0.016994493205379164,0.10036891390759345,0.5220531264417343,0.42168421253414085,8.91515867673e-12,0.652127727052,143.36576417967555,30.10681047773595,0.17355371900828392,0.17355425156074092,173.47257465741149,173.69294863581078,-0.1268756044100372,1.5867606683194908,0.17355371901148306,0.04652472918472596,0.21569591833116813,0.17355377723997326,0.04652473203664116,0.2156959249421304,0.08742867695214543,0.5180538872488334,0.430625210296688,0.2,0.19999960075957393,138.7781289831938,34.694445674217675,-5.9811619756988676e-05,1.7528867246596747e-09,0.5695313695917547,0.5695313870475792,0.4962442899604404,54.05932499232952,18.49819619726828,17.883365852759056,55.91788527022274,49.42260304050357,20.2336570411005
-57.18964892127,0.017056993205379168,0.10061660652904382,0.5208736594626318,0.42025705293358795,9.15443130217e-12,0.65099156848,142.091674598481,29.839251665694942,0.17355371900833141,0.17355425545012634,171.93092626417595,172.14934178208497,-0.126875604430432,1.5867606683196278,0.173553719011474,0.046420776609871844,0.21545481338292688,0.1735537810051491,0.04642078001357239,0.21545482128180002,0.08769534023910132,0.516987234100965,0.4292918938618637,0.2,0.19999959609706786,137.544810454746,34.386115809429946,-5.9811611119453545e-05,1.7476686764439364e-09,0.5688947472928739,0.5688947681493451,0.494707801497454,54.4286483855751,18.372677434794138,17.90687894780517,55.84446083065576,49.81280597465694,20.07515899643891
-56.73964892127,0.017119493205379165,0.10086515073792611,0.5196901380696921,0.418824987331766,9.39733093115e-12,0.649846890608,140.82178373482017,29.572574584300586,0.17355371900820799,0.1735542592699323,170.39435831912073,170.6108218305313,-0.12687560442419255,1.5867606683199864,0.17355371901142294,0.0463169165179266,0.21521365318661034,0.17355378490291953,0.046316920492499865,0.21521366242062762,0.0879632771052091,0.5159154866362792,0.42795220953107005,0.20000000000000012,0.19999959142342952,136.3155562744391,34.07880204468159,-5.9811588515312764e-05,1.7182477662913698e-09,0.5682579791149601,0.5682580034967947,0.4931639747924457,54.80321616878298,18.247104274322137,17.931649070485264,55.767319339633836,50.2074652273929,19.9173568207623
-56.28964892127,0.017181993205379168,0.10111455602836979,0.5185025176317374,0.4173879616033676,9.64383342454e-12,0.648694129566,139.55620659819073,29.306803385624384,0.17355371900828567,0.17355426301943108,168.86300998381512,169.07752811957195,-0.1268756044298991,1.5867606683198057,0.17355371901148314,0.04621314209232506,0.21497242170177333,0.1735537890339218,0.046213146684892265,0.21497243238353206,0.08823249435021192,0.5148386176565677,0.4266061233063558,0.2,0.19999958683234878,135.09047775578532,33.77253222802981,-5.9811599906200996e-05,1.7529311335806597e-09,0.5676210227042369,0.5676210509087408,0.4916127706668242,55.18306327502915,18.121502153950004,17.957666373821,55.68652291356841,50.60663248820414,19.76025573788355
-55.83964892127,0.017244493205379165,0.1013648315842307,0.5173107543347165,0.4159459227504858,9.89391265576e-12,0.647533711734,138.29505811366715,29.04196220386918,0.17355371900825992,0.17355426658721587,167.33702031753631,167.5495998851268,-0.12687560443965795,1.586760668319015,0.17355371901150132,0.04610944664216521,0.21473110310843468,0.17355379338390023,0.04610945190251335,0.21473111535712133,0.08850299871692013,0.5137566001898256,0.4252536014729055,0.19999999999999998,0.19999958244333693,133.86968612671686,33.46733419081946,-5.981164974411257e-05,1.7634116389331211e-09,0.5669838362890489,0.5669838686309264,0.49005415026827825,55.56823614856448,17.995892425421776,17.984950519789805,55.60204343624112,51.01036704003063,19.603858157210382
-55.38964892127,0.017306993205379165,0.10161598660349824,0.5161148047588209,0.41449881815532263,1.01475405385e-11,0.646411652595,137.03845310428676,28.778075151898307,0.17355371900825492,0.17355427009641755,165.81652825618508,166.0271762395368,-0.12687560441779766,1.586760668319446,0.1735537190114664,0.04600582325050612,0.2144896809884012,0.1735537980188811,0.046005829239898814,0.21448969495036077,0.08877479694520664,0.5126694072765049,0.42389461033129827,0.2,0.19999957810964003,132.65329256134285,33.16323569484222,-5.981162257695516e-05,1.7432943977269133e-09,0.5663463765182001,0.5663464133838659,0.48848807476223727,55.958794897644275,17.870291914418935,18.013733004987582,55.51320205107533,51.418748905809636,19.448158916348376
-54.93964892127,0.01736949320537917,0.10186803012504338,0.5149146258026226,0.41304659567757923,1.04046870559e-11,0.645948772249,135.78650627360022,28.515166317455723,0.17355371900826283,0.17355427345845825,164.30167259105596,164.51039615050436,-0.12687560441921875,1.586760668320243,0.17355371901139632,0.045902262696651444,0.2142481334729697,0.1735538029285898,0.04590226946968648,0.21424814927948965,0.0890478959240674,0.5115770113607128,0.4225291154366454,0.19999999999999998,0.19999957386188788,131.44140808804934,32.86026450300661,-5.9811572339363295e-05,1.7029044840910501e-09,0.5657085856487689,0.5657086273848793,0.48691450445506745,56.35479816308204,17.74471797603028,18.04408480342266,55.41982377572936,51.83186390108037,19.293151446540133
-54.48964892127,0.017431993205379165,0.10212097113882868,0.5137101748425411,0.41158920370371244,1.06653202936e-11,0.64545720538,134.53933218851498,28.253259759602866,0.17355371900833919,0.1735542767039655,162.79259194811786,162.99939842005725,-0.12687560441569934,1.5867606683205029,0.1735537190113881,0.04579875739682541,0.21400644241897349,0.17355380814528906,0.04579876501619559,0.2140064602207036,0.0893223025838175,0.5104793847216712,0.4211570821378537,0.20000000000000004,0.1999995697357807,130.23414360232178,32.55844834579609,-5.981155597467591e-05,1.698174934006147e-09,0.5650704157748764,0.5650704627792125,0.4853333994155091,56.756274736436936,17.61919725429073,18.075728223739194,55.32280567743219,52.24975851304377,19.138844436005524
-54.03964892127,0.017494493205379165,0.10237481820874954,0.5125014109066917,0.4101265926979421,1.09294064755e-11,0.644937660963,133.29704526182644,27.99237950499241,0.17355371900830985,0.1735542798536783,161.28942476681883,161.49432166353762,-0.12687560442259382,1.5867606683207525,0.17355371901131192,0.04569530146437682,0.2137645935705369,0.17355381363568365,0.04569530997231396,0.21376461347078465,0.08959802357228475,0.5093765007674215,0.4197784771951367,0.20000000000000004,0.1999995656904607,129.03160986299085,32.257814903828,-5.981154024281565e-05,1.6542767156124683e-09,0.5644318292547884,0.5644318818001269,0.4837447213386655,57.16350542555318,17.49367874757696,18.10852105987008,55.222621256248225,52.67245196198216,18.985256291500885
-53.58964892127,0.01755699320537917,0.10262958200376004,0.5112882828297837,0.4086587008260236,1.11969100003e-11,0.644390846599,132.05975973494148,27.732549544341868,0.17355371900828598,0.1735542829245045,159.79230927928336,159.9953042886262,-0.12687560440940437,1.5867606683210118,0.1735537190113028,0.04559188906936157,0.21352257273965572,0.17355381933721056,0.045591898500120014,0.21352259482340508,0.08987506528090795,0.5082683339328818,0.4183932686519739,0.20000000000000004,0.19999956164453703,127.8339174692584,31.958391810024956,-5.981152390033273e-05,1.649014258475745e-09,0.5637927886259813,0.563792846936717,0.48214843339845087,57.57869077428874,17.36753626302565,18.142820862864877,55.118220455277815,53.10002979884038,18.83238114532731
-53.13964892127,0.017619493205379165,0.10288528980945462,0.510070660653134,0.4071853708436794,1.14677934828e-11,0.643817470164,130.82758966049596,27.473793828701737,0.17355371900825187,0.17355428589058908,158.3013834891977,158.5024844744044,-0.12687560442575796,1.5867606683212763,0.17355371901128305,0.04548851037342547,0.21328035627648756,0.1735538252451297,0.045488520749423375,0.21328038060127186,0.09015343450327512,0.5071548570433151,0.41700142254003997,0.19999999999999996,0.19999955769464653,126.64117680890752,31.660206680290155,-5.981150723588513e-05,1.6376455747035834e-09,0.5631532314425484,0.5631532956705947,0.48054449645041436,58.00195402646308,17.240798465923326,18.179033699665208,55.00842434867241,53.53249327280358,18.680243322573503
-52.68964892127,0.01768199320537917,0.10314195246496836,0.5088484927681348,0.40570654030316644,1.17420177952e-11,0.643218238436,129.60064888534623,27.216136265908293,0.1735537190081885,0.17355428875349754,156.81678515125452,157.01600015045926,-0.12687560440581835,1.5867606683220197,0.17355371901118888,0.045385155081260606,0.21303791935066538,0.17355383136052852,0.04538516642061917,0.21303794596413844,0.0904331368841133,0.5060360475194895,0.4156029106353762,0.2000000000000001,0.1999995537373456,125.45349810247839,31.363287048776105,-5.981146038447349e-05,1.5833778732599058e-09,0.5625130921414833,0.5625131624126668,0.47893287796980344,58.431030522176414,17.11419413731662,18.21694998339039,54.89393125148649,53.968919670197074,18.529183206018924
-52.23964892127,0.017744493205379165,0.10339957624229575,0.5076217490746161,0.40422217283232037,1.20195421131e-11,0.642593853918,128.3790510330328,26.95960071694874,0.1735537190083275,0.17355429150131035,155.33865174998155,155.53598897603794,-0.12687560438942036,1.5867606683233677,0.17355371901107663,0.04528181591892538,0.2127952441172626,0.17355383764297186,0.04528182823295672,0.2127952730512516,0.09071416889403615,0.504911919479239,0.4141977505852028,0.19999999999999993,0.1999995498700456,124.27099132256548,31.067660427416083,-5.981137543020765e-05,1.5187184843057366e-09,0.5618723236043908,0.5618724000027492,0.4773135982929386,58.86544011843137,16.987896429349718,18.256357539609507,54.775439067205596,54.40870331961362,18.379412465055257
-51.78964892127,0.01780699320537917,0.10365816698774581,0.5063904016919469,0.4027322347042011,1.23003239619e-11,0.64194501504,127.16290948687094,26.704210992258965,0.1735537190083508,0.17355429413358198,153.8671204791299,154.062588319256,-0.12687560442711243,1.5867606683242292,0.17355371901092628,0.04517848516546662,0.21255231159756088,0.17355384408520408,0.04517849846561659,0.21255234288432717,0.09099652925827306,0.5037824780215391,0.412785948763266,0.20000000000000012,0.1999995459889273,123.09376624068034,30.773354238449556,-5.981132112919951e-05,1.4320766794639894e-09,0.5612308757191709,0.5612309583298882,0.4756866647648036,59.30520232814102,16.86192712853267,18.297236645949493,54.65306151688062,54.852301492870076,18.230775606197383
-51.33964892127,0.017869493205379165,0.10391773056823551,0.5051544232610627,0.40123669269282725,1.25843192668e-11,0.641272417314,125.95233737291376,26.44999084830746,0.17355371900824046,0.17355429636982272,152.40232822122124,152.59593523636448,-0.12687560441461132,1.586760668325443,0.17355371901078626,0.04507515591723944,0.21230910464989353,0.17355385078764213,0.045075170239874264,0.21230913838050933,0.09128021860288574,0.5026477206423879,0.41136750203950223,0.20000000000000012,0.19999954246076854,121.92193230702111,30.480395914200116,-5.9811244645935346e-05,1.3514078744947255e-09,0.5605887032243416,0.5605887922878884,0.4740520737783727,59.75035257114297,16.73630291652806,18.339515547307666,54.52706738193011,55.29993909517532,18.083202556135287
-50.88964892127,0.017931993205379165,0.10417827236299866,0.5039137878102498,0.3997355154472511,1.28714824024e-11,0.640576751855,124.74744754247705,26.196963983927304,0.17355371900830346,0.17355429844875978,150.94441152640434,151.13616645108124,-0.12687560441660972,1.5867606683257818,0.17355371901077957,0.044971821408864895,0.21206560637893382,0.17355385768857012,0.04497183676678612,0.21206564258923727,0.09156523734409301,0.5015076456775271,0.40994240833343415,0.19999999999999984,0.19999953894824576,120.75559881430921,30.18881271209514,-5.981122328524435e-05,1.34754429836903e-09,0.5599457615088661,0.5599458571198705,0.47240982293614353,60.20088175845378,16.611052376480746,18.383004460488888,54.39807198814145,55.75165126180077,17.93668846334544
-50.43964892127,0.017994493205379165,0.10443979726863367,0.5026684716540155,0.39822867438538184,1.31617662465e-11,0.639858704426,123.5483525555896,25.94515403668894,0.17355371900834807,0.17355430043344577,149.49350659227855,149.6834183339898,-0.1268756044089714,1.5867606683256716,0.17355371901079178,0.044868477005359106,0.21182180483925422,0.1735538647239814,0.04486849340391059,0.2118218435476157,0.0918515858117262,0.5003622518070547,0.40851066599532854,0.2000000000000001,0.19999953550350194,119.59487471303314,29.898631879245418,-5.9811230224138257e-05,1.3545831123451535e-09,0.5593020190316018,0.5593021212385698,0.47075991033699494,60.65678081567677,16.486202969438654,18.427500366920295,54.26671985285248,56.20748325395292,17.791225333499924
-49.98964892127,0.018056993205379165,0.10470230990447332,0.5014184527125027,0.3967161428080294,1.3455122238e-11,0.639118955089,122.35516466380174,25.694584579378073,0.17355371900815117,0.17355430232794866,148.04974924317983,148.2378268820127,-0.12687560441816403,1.586760668325753,0.17355371901054567,0.04476511833817714,0.2115776886587457,0.17355387187937563,0.044765135786937374,0.21157772989361942,0.09213926422092385,0.49921153816903313,0.4070722739481093,0.20000000000000004,0.19999953202707926,118.43986867781742,29.6098805653624,-5.981122510601011e-05,1.2127854276400285e-09,0.5586574457652174,0.5586575546432804,0.46910233473972496,61.11805340957502,16.36177764528305,18.472994862098883,54.13307411521583,56.66748985165453,17.646802472066845
-49.53964892127,0.01811949320537917,0.10496581451321636,0.5001637106700682,0.3951978961568518,1.375150043e-11,0.638358177518,121.16799579332965,25.445279116616398,0.17355371900836125,0.17355430410976797,146.61327490994603,146.79952769796262,-0.1268756043955266,1.586760668327256,0.1735537190105499,0.04466174096572882,0.21133324623856234,0.1735538791355179,0.04466175947146367,0.2113332900218602,0.09242827278798824,0.4980555039007963,0.4056272311128081,0.2,0.19999952866572085,117.29068903181907,29.322585878126965,-5.981113038178165e-05,1.2152057138337113e-09,0.5580120110836968,0.5580121266907119,0.4674370949009509,61.584695514712365,16.237800506151785,18.51959150463625,53.99687135375837,57.13172643714884,17.503409442739482
-49.08964892127,0.01818199320537917,0.10523031502185555,0.49890422717402033,0.3936739121521648,1.40508495504e-11,0.637577038555,119.98695752832556,25.197261080958032,0.17355371900831948,0.17355430583966505,145.1842186092836,145.36865597017496,-0.126875604414467,1.5867606683281845,0.17355371901042288,0.044558339463768,0.2110884635970616,0.1735538865524183,0.0445583590364912,0.21108850995847975,0.09271861160865524,0.4968941486174943,0.40417553700883907,0.1999999999999999,0.19999952528400922,116.14744380869706,29.036774800586535,-5.9811071861926024e-05,1.142019812050421e-09,0.5573656780694013,0.5573658004837794,0.46576419026685506,62.05668202603032,16.114300142256067,18.567254628204353,53.85825853225294,57.60023749760789,17.36103952768475
-48.63964892127,0.018244493205379166,0.10549581474071063,0.49763998643812474,0.3921441716974141,1.43531170625e-11,0.636776197391,118.81216109413278,24.95055382976734,0.17355371900826133,0.17355430744549616,143.76271492390012,143.94534645222947,-0.12687560440863832,1.5867606683297435,0.17355371901019478,0.04445490989358665,0.21084333020891757,0.17355389412621097,0.04445493055189338,0.21084337919862076,0.0930102806575596,0.49572747242073534,0.4027171917631757,0.19999999999999998,0.1999995219548332,115.01024066419113,28.752474259708986,-5.9810973618290575e-05,1.010591610395295e-09,0.5567184189308766,0.5567185482850743,0.464083620983759,62.53398699060403,15.991304059187108,18.615822345713777,53.717745121812804,58.073076458434464,17.219683560517847
-48.18964892127,0.01830699320537917,0.10576231653094442,0.49637097453828594,0.3906086580073415,1.46582492279e-11,0.635956305012,117.6437173404894,24.70518064150486,0.17355371900827657,0.17355430893917453,142.34889798199424,142.52973344276043,-0.12687560440769463,1.5867606683319027,0.17355371901003708,0.04435144873445697,0.2105978364904468,0.17355390180495053,0.04435147048720158,0.21059788813566385,0.09330327986963849,0.494555475571631,0.4012521957019925,0.2000000000000001,0.19999951875397382,113.87918689043688,28.469711091557365,-5.9810837538254447e-05,9.197309580599722e-10,0.5560702083630152,0.5560703447289285,0.46239538742754005,63.01659323908021,15.868836263586566,18.665240799274212,53.5755209779498,58.55030193623362,17.07933122341687
-47.73964892127,0.018369493205379166,0.10602982254980628,0.4950971795852233,0.38906735703541706,1.49661911667e-11,0.635118003931,116.48173672510251,24.461164712283114,0.1735537190083324,0.1735543102276352,140.94290143738561,141.1219507653651,-0.12687560440345358,1.5867606683310995,0.17355371901010908,0.04424795273280475,0.21035197344642323,0.17355390930804596,0.044247975493589935,0.2103520275480841,0.0935976090990229,0.49337815865445456,0.39978054955543163,0.2,0.1999995156470949,112.75438941601224,28.188512021373356,-5.981088815332214e-05,9.61208890259968e-10,0.5554210226144942,0.5554211654664913,0.4606994904396002,63.50449064427094,15.74691789280913,18.715879536456352,53.430564032650274,59.03198006001182,16.93997048690221
-47.28964892127,0.01843199320537917,0.1062983349505505,0.4938185916512735,0.387520256700723,1.52768869259e-11,0.634261930432,115.32632929706548,24.21852915238989,0.17355371900830083,0.17355431136902086,139.54485844945538,139.7221317486102,-0.1268756044130237,1.5867606683321998,0.17355371900996763,0.04414441437299538,0.2101057218949436,0.1735539166920127,0.044144438070132186,0.2101057782882998,0.0938932682216219,0.4921955221633494,0.39830225394172747,0.2,0.1999995126398071,111.63595476817343,27.90890368128194,-5.981081881989425e-05,8.797185202524815e-10,0.5547708110367167,0.5547709599397898,0.45899593073238093,63.997699715931,15.625561612975742,18.768102085044074,53.281892621251245,59.51817722284409,16.80158981105663
-46.83964892127,0.018494493205379166,0.10656785580893571,0.4925352019886761,0.3859673461797404,1.55902795416e-11,0.633388713853,114.17760468065454,23.97729698292022,0.17355371900816136,0.17355431228791302,138.15490166357478,138.33040920614286,-0.12687560426901667,1.5867606683353703,0.17355371900982972,0.04404082651007242,0.20985906344514269,0.17355392415414025,0.044040851138287485,0.20985912212312213,0.09419025702235503,0.49100756695972914,0.3968173099373741,0.20000000000000004,0.19999950985337034,110.52398904701923,27.63091261655553,-5.981061900195428e-05,8.002487561498128e-10,0.5541195250697712,0.5541196800052469,0.45728470954641354,64.49616038905499,15.504798951872182,18.821441413698075,53.130893538908715,60.00889214133293,16.664196993418912
-46.38964892127,0.018556993205379166,0.10683838585360401,0.49124700636590635,0.38440862051230235,1.59063111124e-11,0.632498965976,113.03567205807444,23.737491132205705,0.17355371900832534,0.17355431306367583,136.77316319028014,136.94691541690887,-0.1268756043900532,1.5867606683345892,0.17355371900975655,0.043937186918046586,0.20961199135079697,0.17355393156237411,0.043937212462266895,0.2096120522829422,0.09448857462513804,0.48981429654823117,0.3953257219230931,0.20000000000000012,0.19999950715743736,109.41859795986036,27.35456523041978,-5.981066822924319e-05,7.580824856745494e-10,0.5534671469006833,0.5534673077881406,0.4555658319299582,64.99965712912287,15.38469653791379,18.875411570682825,52.97897724006156,60.50398988611144,16.52783563335792
-45.93964892127,0.018619493205379166,0.107109924618047,0.48995400802210565,0.3828440834040586,1.62249228617e-11,0.63159327874,111.90064015498673,23.4991344325493,0.1735537190082772,0.1735543135132379,135.39977458753603,135.57178210548307,-0.1268756044035868,1.5867606683360571,0.1735537190095245,0.04383349389927754,0.2093645000932048,0.17355393909313643,0.043833520382313224,0.20936456333943723,0.0947882187426293,0.48861572007710546,0.3938275013344762,0.20000000000000015,0.1999995047853569,108.31988672197988,27.079887865556156,-5.981057572546078e-05,6.24389429049188e-10,0.5528136619576718,0.5528138289553293,0.4538393110611728,65.50900322892511,15.265077328461867,18.930051969384447,52.82605677033,61.00347692781399,16.392508269377984
-45.48964892127,0.018681993205379166,0.10738247900891061,0.4886561742077596,0.38127369519884896,1.65460552103e-11,0.630672245791,110.7726172226781,23.262249616749358,0.17355371900818406,0.17355431369356367,134.03486683942745,134.20514042251483,-0.12687560443014334,1.5867606683362314,0.17355371900946656,0.04372974485839863,0.20911658197856675,0.17355394677066355,0.04372977228516749,0.20911664755625622,0.09508918783504239,0.4874118437071628,0.3923226558721204,0.20000000000000012,0.1999995026409715,107.22796013499311,26.806906704434336,-5.9810564734252836e-05,5.909939204684633e-10,0.5521590499257482,0.5521592230794699,0.45210515581407884,66.02701076949995,15.145316868743253,18.985588291249282,52.67153088223838,61.50755468489505,16.258165442001857
-45.03964892127,0.018744493205379166,0.1076560708662334,0.4873534014980757,0.3796973306318423,1.68696478459e-11,0.629736453229,109.65171102291697,23.02685931478683,0.17355371900810418,0.17355431375775446,132.6785703377038,132.8471209252931,-0.12687560439047507,1.5867606683367226,0.1735537190094476,0.043625935698621596,0.208868225679785,0.1735539546948393,0.04362596407220001,0.20886829360197304,0.09539148086163489,0.4862026716006994,0.3908111907390645,0.2,0.19999950053788917,106.14292253808185,26.535647799621955,-5.981053378123491e-05,5.800693259061518e-10,0.5515032808964301,0.5515034602406512,0.4503633721845591,66.55291978202887,15.025636790619481,19.041969451720302,52.51557631869099,62.016345917667635,16.124781058974214
-44.58964892127,0.018806993205379166,0.10793069964389927,0.48604569215888277,0.3781149925149835,1.71956397948e-11,0.62878647458,108.53802881154263,22.792986050443215,0.17355371900838568,0.1735543134495407,131.33101486198586,131.497853558433,-0.1268756043786068,1.5867606683368543,0.17355371900941735,0.04352206446464081,0.20861942494561914,0.17355396280770277,0.04352209382414528,0.20861949531178833,0.09569509672319414,0.4849882081543107,0.38929311143111656,0.20000000000000015,0.19999949879334644,105.06487771356716,26.2661371484187,-5.9810525487868915e-05,5.626388244195368e-10,0.5508463383637143,0.5508465241611125,0.448613966505878,67.0837979871725,14.906729046426621,19.099351711449923,52.357798060784816,62.52985036797559,15.992361953774097
-44.13964892127,0.018869493205379166,0.10820636193274731,0.4847330623850597,0.3765267004523124,1.7523969492e-11,0.627822868122,107.43167732309756,22.560652237863604,0.17355371900834785,0.1735543128862614,129.9923295609612,130.1574676346904,-0.12687560439688106,1.586760668338481,0.173553719009197,0.04341812545115836,0.20837016449376422,0.17355397110218823,0.04341815580408063,0.20837023732788862,0.09600003360066357,0.48376846064332996,0.3877684270426664,0.19999999999999998,0.19999949729530656,103.99392899652314,25.998400564438054,-5.981042296987482e-05,4.3567371932340393e-10,0.5501881819756457,0.5501883742895228,0.4468569492582372,67.61924485899479,14.788689256812646,19.15781318964472,52.19802438310261,63.0479773928094,15.860937041162714
-43.68964892127,0.01893199320537917,0.10848305322719937,0.48341553334938675,0.3749324801221874,1.78545748554e-11,0.62684617897,106.33276275473563,22.329880178501515,0.17355371900830963,0.17355431192017126,128.66264293323715,128.82609181590425,-0.1268756044394137,1.5867606683381001,0.1735537190091649,0.043314115946846005,0.20812043615860026,0.17355397952941432,0.043314147312532685,0.20812051151324004,0.09630628874044658,0.4825434400840377,0.38623715134359116,0.20000000000000012,0.19999949619560511,102.9301791673947,25.732463765842464,-5.9810446961794383e-05,4.171774037331488e-10,0.5495287901714233,0.5495289891405611,0.44509233630978084,68.15914112031945,14.671546377539114,19.216935499292358,52.037433337736076,63.5708364019773,15.730483608500958
-43.23964892127,0.018994493205379166,0.1087607686102525,0.4820931290383252,0.3733323604280727,1.81873933588e-11,0.625856939803,105.24139075086883,22.100692057702574,0.17355371900839503,0.17355431063235427,127.34208280857139,127.5038540940729,-0.12687560438930934,1.5867606683400117,0.173553719009074,0.043210034880208456,0.20787023567651156,0.17355398818872733,0.04321006728260467,0.20787031361549602,0.09661386060797575,0.4813131526134659,0.38469929200549013,0.20000000000000007,0.19999949540139572,101.87373050349436,25.468352305077026,-5.981032649149398e-05,3.6479708143133394e-10,0.5488681516932407,0.5488683574861765,0.44332013650111385,68.70343261764228,14.555313495984057,19.27671110151506,51.87606924925097,64.09694833331864,15.601366773341123
-42.78964892127,0.01905699320537917,0.10903950266949006,0.48076587585797714,0.3717263731884871,1.85223621037e-11,0.6248556777,104.15766638731893,21.87310994134056,0.17355371900828798,0.17355430899344754,126.03077632865948,126.19088177256616,-0.12687560436833722,1.5867606683417617,0.173553719008829,0.04310587968870306,0.20761955516931216,0.17355399718981473,0.043105913149127074,0.2076196357503959,0.09692273150455186,0.4800776690259367,0.38315493752138485,0.19999999999999998,0.1999994949584081,100.82468471371148,25.20609161494799,-5.9810216213040945e-05,2.2364332608049153e-10,0.5482062457392485,0.5482064585084796,0.44154045180990864,69.25224349195597,14.43996540149859,19.33732971008693,51.7134482884868,64.62451629859694,15.47400363322659
-42.33964892127,0.019119493205379166,0.10931925076450949,0.479433795903632,0.3701145451391225,1.88594178934e-11,0.623842933252,103.08169415617483,21.647155772772006,0.17355371900810074,0.173554306892028,124.72884992894684,124.88730144747697,-0.12687560439983425,1.5867606683425082,0.17355371900857722,0.043001647320609154,0.2073683855379338,0.1735540065323954,0.04300168185488801,0.2073684688058626,0.09723288213502068,0.47883706650280283,0.38160418436778215,0.19999999999999987,0.19999949493199065,99.78314293970944,24.945706989237426,-5.981016916178916e-05,7.858158568296858e-11,0.5475430482839347,0.5475432681476096,0.439753393413854,69.80547535845903,14.325523819799043,19.398617615991565,51.55006505080206,65.15470972511925,15.348084646818213
-41.88964892127,0.019181993205379166,0.1096000057159083,0.4780969219826304,0.3684969162667221,1.91984973091e-11,0.622819208051,102.01357795056194,21.42285136960969,0.17355371900820876,0.17355430515275694,123.43642932017161,123.59323898911437,-0.12687560438201517,1.5867606683449638,0.17355371900842442,0.04289733715776275,0.20711672351059135,0.1735540159770543,0.04289737272214751,0.20711680936647203,0.09754430563162018,0.4775913725156402,0.38004706688402,0.19999999999999998,0.1999994945480879,98.74920584731652,24.687223472855102,-5.981001440780176e-05,-9.470202400052585e-12,0.546878550688359,0.5468787773853563,0.437959000884949,70.36280893030516,14.212053429966202,19.460331870405394,51.386585113729005,65.68888292605374,15.223276077410304
-41.43964892127,0.019244493205379166,0.10988176001456872,0.4767552915952782,0.36687353158070946,1.95395367813e-11,0.621784991783,100.95342104929912,21.200218420366802,0.1735537190083591,0.1735543027878906,122.15363946966593,122.30881952364304,-0.12687560437708578,1.5867606683450641,0.1735537190084564,0.04279294881805672,0.2068645663666369,0.17355402582613091,0.04279298548888248,0.20686465500148274,0.09785699511281233,0.4763406145910327,0.3784836194782204,0.19999999999999996,0.1999994947960132,97.72297328823842,24.430666181427522,-5.981000809063275e-05,8.948397578478762e-12,0.546212745768823,0.5462129798035013,0.43615731387445794,70.92411510308943,14.099576689063834,19.52244906001253,51.22308153684885,66.22757036096066,15.099451701907409
-40.98964892127,0.019306993205379167,0.11016450509390784,0.4754089453868169,0.36524444029290903,1.98824726671e-11,0.620740762989,99.90132610204734,20.979278481427194,0.1735537190082457,0.17355430001204972,120.88060458347455,121.03416741486916,-0.12687560436405176,1.586760668346692,0.17355371900833058,0.04268848197306653,0.20661191149850613,0.17355403605382755,0.04268851980663708,0.20661200305557534,0.09817094808634952,0.4750848026962541,0.37691385460990456,0.19999999999999982,0.19999949545271575,96.70454465676038,24.176059926714142,-5.9809905494923044e-05,-6.353806369929771e-11,0.5455456266402189,0.5455458683908424,0.4343483467404958,71.48924667756512,13.988117744620489,19.585213869062184,51.0589267334809,66.77100504523541,14.976560549336185
-40.53964892127,0.019369493205379167,0.1104482309576945,0.4740579282737731,0.36360969731607856,2.02272413226e-11,0.619686991493,98.8573951141734,20.7600529739551,0.17355371900811722,0.1735542969486998,119.6174480881285,119.76940624617878,-0.12687560439094137,1.5867606683453768,0.17355371900832817,0.04258393367274825,0.20635874993018408,0.1735540461943159,0.04258397271023409,0.2063588445166189,0.09848615913230961,0.473823958512403,0.3753377993800934,0.19999999999999993,0.19999949644949264,95.69401870392947,23.92342938419903,-5.980998838417406e-05,-6.492584248007915e-11,0.5448771696019495,0.5448774193514204,0.43253213071376284,72.05806727997015,13.877696665311037,19.648928428489736,50.89336060434022,67.31873224077572,14.854706360531976
-40.08964892127,0.019431993205379167,0.11073292806010358,0.47270228918111384,0.36196936112101025,2.05737791805e-11,0.618624136162,97.82172943221146,20.542563180784093,0.17355371900840189,0.17355429304715558,118.36429261299556,118.51465880262852,-0.12687560437850687,1.586760668346259,0.17355371900837432,0.04247930043607468,0.20610507134972367,0.17355405684975023,0.042479340737766075,0.2061051691194718,0.09880262071788784,0.4725581121703207,0.3737554914524328,0.20000000000000007,0.19999949833037942,94.69149347016622,23.672799142829348,-5.980993278420499e-05,-3.8336001040306655e-11,0.5442073474259735,0.5442076055807811,0.4307087091971273,72.63042823226755,13.768334076209255,19.713261658676355,50.72727270171814,67.87049605862089,14.733942700761803
-39.63964892127,0.019494493205379167,0.11101858485737802,0.4713420811290651,0.3603234962716871,2.09220228196e-11,0.617552641033,96.79442972911319,20.326830243111345,0.17355371900824734,0.17355428907580603,117.12125997222454,117.27004705319264,-0.12687560439078593,1.5867606683477442,0.17355371900810215,0.04237458291303056,0.20585087542449404,0.17355406768138393,0.042374624528636134,0.2058509765063944,0.09912032432511192,0.4712872977400632,0.3721669734149513,0.1999999999999999,0.19999950032795158,93.69706649999952,23.424193472225024,-5.980983918130178e-05,-1.9515500326861002e-10,0.5435361592340004,0.5435364261343354,0.4288781312682219,73.2061178228615,13.660060521440608,19.777782575255625,50.56178548808195,68.42618972055175,14.614287366926861
-39.18964892127,0.019556993205379167,0.11130518917273925,0.4699773627331323,0.35867217356039305,2.12719090445e-11,0.616472938236,95.77559598965162,20.11287515782752,0.17355371900826932,0.17355428485615748,115.88847114747912,116.03569213316862,-0.1268756043791619,1.5867606683487328,0.17355371900794428,0.04226978224658119,0.20559616301522066,0.17355407879892482,0.042269825210547486,0.2055962675014979,0.0994392607620613,0.4700115519914768,0.3705722912294155,0.20000000000000007,0.1999995025626471,92.71083456523763,23.177636582241504,-5.980977688668787e-05,-2.8612667790639534e-10,0.5428636072987211,0.542863883188097,0.42704044989251105,73.78543991672252,13.552809350037673,19.8424831189765,50.39691826894603,68.98576340505518,14.49574449337356
-38.73964892127,0.019619493205379167,0.11159273156952902,0.4686081781997214,0.35701544663019236,2.16232084811e-11,0.615385451683,94.76532749614407,19.900718774172713,0.17355371900813804,0.17355428035543194,114.66604627031677,114.81171432674368,-0.12687560435893364,1.586760668349482,0.17355371900779773,0.04216489918720996,0.2053409340273146,0.1735540900755503,0.04216494355477271,0.20534104206118345,0.09975942040076198,0.46873091343593987,0.3689714930351779,0.19999999999999998,0.19999950500743252,91.73289377509406,22.93315249522271,-5.9809729668902634e-05,-3.705591389291385e-10,0.5421896913703794,0.5421899766269456,0.4251957205448677,74.3718692254923,13.44594415084611,19.90770070658186,50.23181806572877,69.54911219631899,14.378328758205583
-38.28964892127,0.01968199320537917,0.11188122590985397,0.46723446060547247,0.3553532346956185,2.19758828525e-11,0.614290587846,93.76372281404304,19.690381790951037,0.173553719008279,0.1735542753402835,113.45410460499409,113.5982330497242,-0.126875604365273,1.586760668350295,0.17355371900784652,0.042059931342394316,0.20508518069912882,0.17355410135290036,0.04205997713553971,0.20508529234330702,0.1000807924454718,0.46744542525734534,0.36736463281187354,0.20000000000000012,0.19999950811307596,90.7633394905858,22.690765114408283,-5.980967842100782e-05,-3.4244829194562953e-10,0.5415143909548396,0.5415146857441983,0.4233440054303951,74.96524784310836,13.339514358611318,19.973679172519336,50.06588878106362,70.1161409049264,14.262051320764282
-37.83964892127,0.019744493205379167,0.11217066090375674,0.4658562643771064,0.35368560347334965,2.23300014393e-11,0.613188741187,92.77087977809873,19.48188475340064,0.17355371900826375,0.17355427000892915,112.2527645314994,112.39536683243169,-0.12687560435199474,1.586760668350996,0.17355371900768207,0.04195487694603653,0.20482889675540542,0.1735541127462385,0.041954924149656084,0.2048290119823266,0.10040336577311097,0.46615513194596636,0.3657517661728554,0.20000000000000007,0.1999995114034742,89.80226647151026,22.450498059989112,-5.980963424523367e-05,-4.3720582709738665e-10,0.5408376894826816,0.5408379937320454,0.4214853686368617,75.56171814501646,13.234214686341847,20.040322232835123,49.89939724429915,70.68675862276517,14.14692114171922
-37.38964892127,0.019806993205379163,0.11246102015684917,0.46447366834574244,0.3520126481888933,2.26855028453e-11,0.61208030028,91.78689547801842,19.275248050403768,0.17355371900841252,0.1735542643089168,111.06214352842218,111.20323330276496,-0.12687560437980583,1.5867606683499773,0.17355371900777855,0.0418497346888569,0.2045720770018648,0.1735541243880315,0.04184978331047794,0.20457219583921452,0.1007271281574646,0.46486008240903504,0.36413295425157044,0.19999999999999993,0.19999951505058577,88.84976868225918,22.212374846162987,-5.980969844943118e-05,-3.8161696025440506e-10,0.5401595732387403,0.5401598870212113,0.41961988061328764,76.16037078757635,13.130188176068135,20.10742813724951,49.732864550065216,71.26063138127397,14.03299382304915
-36.93964892127,0.019869493205379167,0.1127522848964908,0.46308676178191743,0.3503344768854266,2.30423262864e-11,0.610965630231,90.8118662450321,19.070491911451192,0.17355371900822272,0.17355425837552138,109.8823581564833,110.02194916943293,-0.126875604371135,1.5867606683506223,0.1735537190076404,0.04174450497564193,0.20431472040859397,0.17355413625675686,0.041744555013380036,0.20431484286115886,0.1010520648593279,0.46356033560088983,0.36250827074156194,0.2,0.1999995190117265,87.90593937731238,21.976418779170924,-5.980965780416625e-05,-4.6120884888978253e-10,0.5394800395035958,0.5394803628318129,0.41774762628270834,76.76093378421236,13.027460072478599,20.174708178467203,49.5670118821008,71.83752051829256,13.920302270807941
-36.48964892127,0.019931993205379167,0.11304443679431396,0.4616956350775931,0.3486511982832791,2.34004116567e-11,0.6098450976,89.84588763773979,18.867636403933695,0.17355371900832786,0.17355425162924526,108.7135240416735,108.85163020535931,-0.12687560436648315,1.586760668352328,0.17355371900749178,0.04163918954985792,0.20405682921641688,0.17355414889308693,0.041639241126746274,0.20405695559511386,0.10137816096043675,0.46225595119571244,0.36087779023527566,0.2,0.19999952386919576,86.97087099519644,21.742653046477066,-5.9809550301270775e-05,-5.468514530093671e-10,0.5387990941940014,0.5387994278889208,0.4158686916040375,77.36324433427015,12.926034948575998,20.241972641796817,49.402299750921564,72.41728647570504,13.80885764527349
-36.03964892127,0.019994493205379167,0.11333745548902452,0.46030038430092973,0.3469629288119052,2.37596996057e-11,0.60871905688,88.88905442896049,18.666701430091898,0.17355371900834282,0.1735542445282927,107.5557558590524,107.69239123125995,-0.1268756043443564,1.586760668352448,0.17355371900747918,0.04153379080221731,0.2037984072612377,0.1735541621423575,0.0415338440271264,0.20379853784344576,0.10170539998289618,0.46094699510581055,0.35924159512291437,0.20000000000000012,0.19999952927083486,86.04465531687309,21.511100542179317,-5.980954274065198e-05,-5.541123115904156e-10,0.5381167474384183,0.5381170922324418,0.41398317152217545,77.96700614319533,12.825938168811888,20.309479478433072,49.23809106294006,72.99963673687053,13.698698304548161
-35.58964892127,0.020056993205379167,0.11363131955817506,0.45890111072786605,0.345269791169691,2.41201316034e-11,0.607587849022,87.94146059203216,18.467706724307284,0.17355371900811326,0.17355423731267702,106.40916731633943,106.54434609939679,-0.12687560439035295,1.5867606683520827,0.17355371900733008,0.04142830779880556,0.20353945022723618,0.17355417587682972,0.0414283627658377,0.2035395852551481,0.1020337639274141,0.4596335393269945,0.35759977539958043,0.19999999999999982,0.19999953494269934,85.12738333943166,21.281783976907768,-5.980956576667751e-05,-6.400213692359102e-10,0.5374329878411974,0.5374333443738194,0.412091169745764,78.57185396407822,12.727203821067834,20.377920225378414,49.07272130521996,73.58341376385884,13.590019120465962
-35.13964892127,0.020119493205379167,0.1139260060606906,0.4574979244329204,0.34357191837222983,2.44816500077e-11,0.606451795656,87.0031992877391,18.270671850434862,0.17355371900834024,0.17355422955526228,105.27387113817396,105.40760767750854,-0.12687560440962642,1.5867606683540727,0.1735537190071365,0.041322735797538875,0.20327994440558783,0.17355419024102106,0.04132279261100268,0.20328008414747048,0.10236322560224331,0.45831569262670896,0.35595246702446565,0.2,0.19999954135199133,84.21914519419053,21.054725943983428,-5.9809440355884647e-05,-7.515543742897535e-10,0.5367477792050586,0.5367481481846209,0.410192842951586,79.17753291927447,12.629845400961798,20.447429053810122,48.90590388495137,74.16410464335937,13.48361184711666
-34.68964892127,0.020181993205379167,0.11422149165175954,0.4560909362367881,0.34186944458502855,2.48441981423e-11,0.605311247568,86.07436285122708,18.075616198767364,0.17355371900834127,0.17355422145697955,104.14997904999443,104.28228783291999,-0.1268756043572239,1.5867606683545434,0.1735537190071798,0.041217072564837816,0.2030198821909761,0.17355420517480713,0.041217131310629346,0.20302002687082216,0.10269372678264137,0.45699368790533273,0.35429996112269135,0.20000000000000004,0.19999954829649003,83.32003028490665,20.829948765087785,-5.980941069072543e-05,-7.266076629264262e-10,0.5360611014486466,0.5360614834665874,0.40828852662668613,79.78385881109055,12.533863552122305,20.517649710336965,48.73852581156952,74.74161256440219,13.379427680107057
-34.23964892127,0.020244493205379167,0.11451775200154524,0.45468026293389574,0.3401625109323505,2.52077203569e-11,0.604443748334,85.15504277871557,17.882558983525698,0.17355371900822777,0.1735542128102148,103.03760176224127,103.16849741683258,-0.12687560434505585,1.586760668356113,0.17355371900695538,0.04111131713330965,0.2027592590569162,0.1735542208410316,0.0411113779368638,0.20275940899712594,0.10302523982058677,0.45566763575242997,0.3526423959318432,0.1999999999999999,0.19999955594616678,82.43012716403504,20.607474598206224,-5.9809311769853934e-05,-8.559153386045182e-10,0.5353729426200657,0.5353733385276629,0.40637838007342497,80.39042457972194,12.43929243100732,20.588479267299657,48.57085300070139,75.31979573577712,13.276722144972535
-33.78964892127,0.020306993205379167,0.11481476038397755,0.4532660292944449,0.3384512689104674,2.55721621023e-11,0.604033576319,84.24532971499943,17.691519240145414,0.17355371900822827,0.1735542044265797,101.93684895514481,102.06634624879655,-0.12687560436038803,1.5867606683563849,0.1735537190068627,0.041005468397016714,0.20249807010689438,0.1735542368064431,0.04100553126356565,0.20249822533436102,0.10335774105618975,0.454337630809554,0.35097988975336425,0.19999999999999998,0.19999956355420204,81.54952365402524,20.38732530111958,-5.9809294639112665e-05,-9.093170660889882e-10,0.5346832897903828,0.5346836996586458,0.4044625396201321,80.99682076711538,12.34616359665809,20.659452654600212,48.40399291882166,75.89892371044364,13.175417398737114
-33.33964892127,0.020369493205379167,0.1151124893998938,0.45184836601765466,0.33673587661776083,2.59374699901e-11,0.603596366969,83.34531344074097,17.50251582256606,0.17355371900835018,0.1735541963788846,100.84782926330702,100.97594310136718,-0.12687560435216128,1.5867606683591176,0.17355371900659586,0.040899530201897794,0.20223632265717698,0.1735542531104428,0.04089959515555622,0.20223648324562069,0.10369120515432599,0.453003774415675,0.349312569261349,0.20000000000000007,0.1999995709834152,80.67830667603691,20.16952258727011,-5.9809122421317085e-05,-1.0630718527693261e-09,0.533992162277734,0.5339925863013165,0.4025411512436213,81.60266131039015,12.254502291246645,20.730007682964516,48.23924888468705,76.47865846729147,13.075543165126017
-32.88964892127,0.020431993205379164,0.11541091021485547,0.4504274112607006,0.3350165010458451,2.63035918519e-11,0.603132739936,82.45508285986294,17.31556740055753,0.17355371900815106,0.17355418785298207,99.77065026042047,99.89739568494544,-0.12687560436980272,1.5867606683590698,0.1735537190065865,0.04079350719736051,0.20197402604632236,0.17355426990045997,0.04079357430477534,0.201974192175078,0.10402560541186531,0.4516661733854708,0.34764056797360554,0.19999999999999984,0.19999957900914442,79.81656221086779,19.95408804955268,-5.980912543002148e-05,-1.0684564344387582e-09,0.5332995847399897,0.5333000233924138,0.40061436880727125,82.20813198874303,12.164246721199461,20.800096310018983,48.076700467887754,77.05871785417521,12.977117032914892
-32.43964892127,0.020494493205379168,0.11570999677207805,0.4490032882903824,0.33329329151830434,2.66704768305e-11,0.602643316291,81.5747259872489,17.13069245731177,0.17355371900817657,0.17355417916942964,98.70541844456065,98.83081063280562,-0.12687560432025347,1.5867606683628552,0.17355371900611377,0.04068740366962294,0.20171118875665509,0.1735542870355561,0.04068747295858857,0.20171136050948785,0.10436091401209513,0.45032493898218845,0.3459640249700933,0.19999999999999993,0.1999995873117681,78.96437549021314,19.741042954347513,-5.980888686529795e-05,-1.340838551300294e-09,0.5326055795741889,0.5326060330766313,0.39868235258417817,82.81700769743765,12.074814434897048,20.869797447272003,47.916133471181105,77.63861797399667,12.880188057120334
-31.98964892127,0.020556993205379164,0.11600974715821395,0.4475760046761165,0.3315662575179026,2.70380754377e-11,0.60212871683,80.70432993638927,16.947909286651445,0.17355371900834654,0.17355417084496233,97.65223922304072,97.77629348631011,-0.12687560434754275,1.5867606683644322,0.17355371900588307,0.04058122341078234,0.20144781808394535,0.17355430424812499,0.04058129485492123,0.20144799541053077,0.1046971001020933,0.4489801946210414,0.3442830945189481,0.19999999999999998,0.19999959519495125,78.12183090855204,19.530408314488685,-5.9808787478132786e-05,-1.4737766562689103e-09,0.5319101660443493,0.5319106342639315,0.3967452803500033,83.42886951026777,11.986258544195278,20.938940074929118,47.757909255269944,78.21790284530199,12.784796876717374
-31.53964892127,0.020619493205379168,0.1163101319628451,0.44614569912968016,0.32983556716683504,2.74063396195e-11,0.601589562234,79.84398090768127,16.767235990613514,0.17355371900826833,0.17355416265611273,96.61121689829478,96.73394868031342,-0.12687560436951406,1.5867606683666469,0.1735537190056118,0.040474972388639674,0.20118392676513616,0.173554321305851,0.04047504589052091,0.201184109438397,0.10503413205447319,0.44763206681016593,0.3425979347556927,0.2000000000000001,0.19999960278840836,77.28901189373106,19.322205004563724,-5.980864791199636e-05,-1.6300627514453936e-09,0.5312133777815597,0.5312138601186988,0.39480333433711096,84.03924275975898,11.899202886188261,21.007282219618627,47.60254037364736,78.79636139668862,12.690941336309274
-31.08964892127,0.020681993205379168,0.11661111760698749,0.4447125337523274,0.3281014161453399,2.77752227953e-11,0.601026473033,78.99376417622582,16.588690477015703,0.17355371900833605,0.17355415454445242,95.58245465324153,95.70387952875609,-0.1268756043249719,1.5867606683669802,0.17355371900560657,0.04036865677701609,0.20091952811266528,0.17355433859091282,0.040368732321898554,0.20091971611043688,0.10537197740701555,0.44628068539996946,0.3409087079929539,0.20000000000000015,0.19999961035722266,76.46600096560633,19.11645368763521,-5.9808626906576734e-05,-1.6330936603026203e-09,0.5305152499364664,0.5305157463326379,0.3928567015914806,84.64715102918767,11.813746686585876,21.07474094215254,47.4501680824866,79.3736468038481,12.59863998023484
-30.63964892127,0.020744493205379168,0.11691266825201141,0.44327667875976,0.3263640105077486,2.81446799936e-11,0.600440067717,78.15376408012442,16.412290456826135,0.17355371900826452,0.17355414639693423,94.56605453695056,94.68618821044956,-0.1268756043193875,1.586760668369639,0.17355371900534247,0.04026228328717477,0.20065463684444168,0.17355435602608352,0.04026236084594596,0.2006548301086868,0.10571060182457817,0.44492618772839776,0.3392155859038196,0.20000000000000015,0.1999996179268693,75.65287976070897,18.913174776241593,-5.980845935171786e-05,-1.7852608280577442e-09,0.5298158213707731,0.5298163316727332,0.39090557994590874,85.25198238852376,11.729932512802371,21.141271115212117,47.30084556176256,79.94924007171716,12.507936274353156
-30.18964892127,0.020806993205379168,0.11721474589737116,0.44183831377729327,0.3246235678799221,2.85146678791e-11,0.59983095869,77.32406400898908,16.238053441900796,0.17355371900838007,0.17355413804243663,93.56211745088989,93.68097575505368,-0.12687560436451806,1.5867606683684379,0.17355371900535896,0.04015585844641531,0.20038926729347387,0.17355437338070107,0.04015593794142646,0.20038946564484486,0.106049968761614,0.4435687199803384,0.33751875121872443,0.19999999999999987,0.19999962567226615,74.8497289836073,18.712388467282576,-5.9808535035621446e-05,-1.7757573189669529e-09,0.529115129929878,0.5291156536640709,0.3889501799754677,85.85332862097054,11.647772032402479,21.207836978144083,47.152380557741864,80.52266478436368,12.418863715923436
-29.73964892127,0.020869493205379168,0.11751731277875069,0.44039762010996597,0.3228803073312153,2.88851446975e-11,0.599199764707,76.50474639265998,16.065996742470247,0.17355371900836847,0.1735541295635759,92.57074313513021,92.6883420292469,-0.12687560435546974,1.5867606683683186,0.17355371900547456,0.04004937920521824,0.2001234099380136,0.17355439091064806,0.04004946066370643,0.20012361345854823,0.106390040274186,0.4422084339306295,0.3358183936564435,0.2,0.1999996335944092,74.056628426542,18.514114708588217,-5.980854255183132e-05,-1.7091550397196897e-09,0.5284131504722099,0.528413687855251,0.38699072030846027,86.4508243674517,11.56726968559128,21.27494967541386,47.00363644834554,81.09345209241418,12.3314518521224
-29.28964892127,0.020931993205379168,0.11782032919072172,0.4389547864238371,0.3211344572331154,2.92560705899e-11,0.598547094113,75.69589268960404,15.896137464817214,0.1735537190082678,0.17355412095442432,91.59203015442125,91.70838572309052,-0.12687560439740286,1.5867606683677458,0.17355371900528763,0.039942846957753894,0.19985706631929204,0.1735544085452302,0.03994293038175546,0.19985727502834483,0.10673077638404241,0.440845489490268,0.33411471310622565,0.19999999999999998,0.1999996416576255,73.27365694484256,18.318373209578677,-5.9808578656284084e-05,-1.8168577753385762e-09,0.5277098870672918,0.5277104381502855,0.3850274312934493,87.04398426111652,11.488444704003637,21.34154366558148,46.85696665948056,81.66113568510085,12.245727317045517
-28.83964892127,0.020994493205379168,0.11812375450128706,0.43751000628636977,0.31938625178508273,2.96274077249e-11,0.597873543211,74.89758337619672,15.728492509014979,0.1735537190083891,0.1735541123349772,90.6260758852117,90.74120433658877,-0.12687560432856904,1.5867606683736963,0.17355371900475638,0.03983626932870125,0.19959025359145482,0.17355442629873805,0.039836354681862265,0.1995904674123047,0.1070721358424174,0.4394800516541111,0.3324079158116937,0.19999999999999998,0.19999964970978554,72.50089245359692,18.125183431614783,-5.9808203645150826e-05,-2.122957365457978e-09,0.5270053850095555,0.5270059495899246,0.3830605506016574,87.63229025694189,11.411318785209815,21.40694876006379,46.71380359752961,82.2252274255004,12.161717654183967
-28.38964892127,0.021056993205379165,0.11842754632750789,0.43606348151586033,0.3176359351883524,2.99991196674e-11,0.597179712465,74.10989793541523,15.563078566447702,0.17355371900836122,0.17355410358311207,89.67297650186295,89.78689416644308,-0.12687560432701472,1.586760668375964,0.17355371900449332,0.039729654322531144,0.1993229899498077,0.17355444417014498,0.03972974159732319,0.1993232088777501,0.10741407529916241,0.4381122938258175,0.3306982185266551,0.2000000000000001,0.19999965789364413,71.73841187918558,17.934564622677378,-5.9808060726140866e-05,-2.2745361150100507e-09,0.5262996923425498,0.5263002704078723,0.3810903280160434,88.21493132280614,11.335949424941294,21.471361676288918,46.573664729625044,82.78435776345187,12.07957671010025
-27.93964892127,0.021119493205379168,0.11873165922137834,0.4346154276704225,0.31588376844904414,3.03711719539e-11,0.59646618704,73.33291484634385,15.399912117744734,0.17355371900838112,0.17355409497896304,88.73282696408859,88.8455502930049,-0.1268756043995123,1.5867606683746274,0.1735537190045283,0.039623007481905996,0.1990552875004982,0.17355446201009206,0.03962309663943115,0.1990555114520348,0.1077565429926404,0.43674242305207894,0.3289858800594385,0.20000000000000012,0.19999966591285756,70.98629121576747,17.746535748321115,-5.9808144969863974e-05,-2.254385567113104e-09,0.5255928410317882,0.5255934323615921,0.37911706178239585,88.79164153144528,11.26232134863565,21.535929168638983,46.434030877860536,83.33393807180116,11.999912918292573
-27.48964892127,0.021181993205379165,0.11903605004931817,0.4331660503234221,0.3141300002741039,3.07435322227e-11,0.595733572835,72.56671157368346,15.239009430492482,0.17355371900844285,0.1735540863751284,87.80572100417596,87.91726656742354,-0.1268756043069641,1.5867606683766367,0.17355371900437017,0.03951632536217584,0.1987871358065603,0.1735544798490118,0.03951641632771116,0.1987873646077918,0.10809945899050066,0.43537075905984873,0.32727130006934807,0.19999999999999996,0.1999996738784034,70.24460543868268,17.561115565493264,-5.9808018337825786e-05,-2.3454904685138445e-09,0.524884803519125,0.5248854076542402,0.37714121246048415,89.36220280167709,11.190413493043758,21.602317298903255,46.291330053316535,83.87341330366286,11.922729272737595
-27.03964892127,0.021244493205379168,0.11934067318354406,0.43171556699322133,0.31237489380967726,3.11161702221e-11,0.594982469136,71.8113645567384,15.080386556928259,0.17355371900838995,0.1735540776082061,86.89175111366666,87.0021355989944,-0.12687560433747302,1.5867606683828572,0.17355371900373565,0.03940959707552824,0.19851850562486167,0.17355449772906442,0.03940968984917267,0.19851873928970198,0.10844276866777262,0.43399752034758715,0.3255547516798145,0.2,0.19999968199915819,69.51342852258331,17.378322591083332,-5.980762630697356e-05,-2.7110980127531548e-09,0.5241755025899271,0.5241761195670923,0.37516309479254745,89.9257500495728,11.120285340391783,21.67057212419481,46.1455283353372,84.40622795833022,11.847466996080922
-26.58964892127,0.02130699320537917,0.11964548077332252,0.43026420566282364,0.31061872488950115,3.14890578881e-11,0.594213470368,71.06694919981283,14.924059331965905,0.17355371900831454,0.17355406882640198,85.99100853177875,86.10024874270357,-0.1268756043333541,1.5867606683851099,0.17355371900336491,0.039302818890604906,0.19824938559956473,0.17355451567151575,0.039302913424501665,0.19824962402108526,0.10878642201841204,0.43262290694317534,0.3238364849247633,0.20000000000000004,0.1999996901446327,68.79283347019853,17.198175061580216,-5.98074843427554e-05,-2.924704922691035e-09,0.5234649082598266,0.5234655377967038,0.37318299691291906,90.48217542320346,11.051900502201649,21.73995972371459,45.998245291557296,84.93272238085277,11.774025039675875
-26.13964892127,0.021369493205379165,0.11995042782993831,0.42881218138364147,0.30886175355370316,3.18621693968e-11,0.59342716928,70.33353986165774,14.770043370945375,0.17355371900823777,0.17355405954103081,85.10358323260311,85.21169608697305,-0.12687560432970146,1.5867606683870135,0.1735537190031453,0.039195987321491974,0.19797976492937852,0.17355453381858918,0.039196083614256166,0.1979800081176283,0.10913036850949638,0.4312471209777406,0.3221167524682442,0.2,0.19999969877477036,68.08289222142889,17.020691011174222,-5.980736438315759e-05,-3.051237040807564e-09,0.5227529920087012,0.5227536341318241,0.3712012099868372,91.03520953320113,10.98476078791573,21.80976912308095,45.851012652019094,85.45218770523803,11.702450538182093
-25.68964892127,0.02143199320537917,0.12025549264363157,0.4273595975064592,0.30710410486282763,3.22354812156e-11,0.592624153331,69.61120984566733,14.61835406760263,0.173553719008387,0.17355404991515366,84.22956391326996,84.33656644160544,-0.1268756043199537,1.586760668388535,0.1735537190030557,0.03908910569801456,0.19770964998708224,0.17355455216531707,0.03908920372815768,0.19770989790133847,0.10947455373029485,0.429870380094099,0.32039582636380415,0.19999999999999998,0.1999997077707301,67.38367574495994,16.845888168310022,-5.9807268493194954e-05,-3.1028846159131263e-09,0.5220397706634692,0.5220404252653119,0.3692180475236273,91.58455280325043,10.918871899154034,21.881011040066497,45.70172731821632,85.96401170091303,11.632774927712905
-25.23964892127,0.02149449320537917,0.12056062890838376,0.4259066741973151,0.30534604528893133,3.26089721395e-11,0.59180500568,68.90003139010803,14.469006591941065,0.17355371900844666,0.17355403998289023,83.3690379820491,83.4749473259283,-0.1268756043243502,1.5867606683877336,0.1735537190030619,0.03898216073959587,0.19743900511194812,0.17355457065279936,0.03898226047320892,0.19743925767994805,0.10981892365583415,0.42849290039197185,0.31867397673613773,0.19999999999999993,0.19999971705280228,66.69525397467494,16.673784007374145,-5.9807318997240344e-05,-3.099298595543587e-09,0.5213251500642445,0.5213258169540019,0.3672338208098423,92.12553487485123,10.854753802607053,21.953193295935574,45.55145971338669,86.46804423444446,11.564966096476725
-24.78964892127,0.02155699320537917,0.12086578459577191,0.4244536579948188,0.3035878733990469,3.29826235192e-11,0.59097030652,68.20007565848408,14.322015888283438,0.1735537190082823,0.17355403013827492,82.52209154676753,82.62692495713938,-0.12687560432176337,1.5867606683883184,0.17355371900301791,0.03887516065885311,0.19716784894818198,0.173554589069992,0.03887526202057348,0.19716810599225595,0.11016342420589002,0.4271148981915302,0.31695147398564016,0.20000000000000015,0.19999972625064827,66.01769582778309,16.50439571898444,-5.9807282137835927e-05,-3.1246449871957793e-09,0.5206091794398683,0.5206098581484148,0.3652488414497471,92.65690931959361,10.792503304322238,22.02415965792246,45.40468356259319,86.96389619866977,11.499024810428127
-24.33964892127,0.02161949320537917,0.1211709068511266,0.42300080107322885,0.30182989422210227,3.33564197739e-11,0.590120630621,67.51141273002611,14.177396673308175,0.1735537190082917,0.17355402011747423,81.68880940333428,81.7925842388537,-0.12687560429240907,1.5867606683905644,0.1735537190028006,0.03876811322445552,0.19689619911124623,0.1735546075012518,0.03876821614770096,0.19689646047529893,0.11050799983904955,0.4257365956578045,0.31522859581875495,0.19999999999999998,0.1999997355592864,65.35106912451448,16.337740278819805,-5.980714059550252e-05,-3.2498670421432507e-09,0.5198919053028498,0.5198925954180257,0.3632634294669576,93.17806802484336,10.732139238317085,22.093905530140272,45.261350404337094,87.45099191505602,11.434976071756079
-23.88964892127,0.021681993205379165,0.12147594141626908,0.4215483608178777,0.30007241940160867,3.37303483019e-11,0.589256546277,66.83411159045518,14.035163434002722,0.17355371900833738,0.17355401058922354,80.86927502445789,80.97200874985123,-0.12687560427296907,1.5867606683915927,0.17355371900287786,0.03866102655383668,0.19662407419702368,0.1735546257752479,0.038661130990840446,0.19662433977216667,0.11085259357872143,0.4243582206995033,0.3135056271207819,0.19999999999999998,0.19999974438734894,64.69544069077608,16.173834333681796,-5.980707579178457e-05,-3.205347098855782e-09,0.5191733767544363,0.5191740779887286,0.36127791315786684,93.68840029862105,10.673679951974998,22.162607859357287,45.121043802513945,87.92877001103598,11.37284190230899
-23.43964892127,0.02174449320537917,0.12178083337184611,0.4200965998260929,0.29831576645424673,3.41043993269e-11,0.588378614775,66.16824012285117,13.89533042579328,0.17355371900820807,0.1735540008548074,80.06357054864444,80.16528073302662,-0.12687560431665634,1.5867606683908562,0.17355371900269206,0.03855390657199101,0.19635148731800076,0.17355464407876464,0.03855401245246006,0.19635175693754325,0.11119714722623081,0.42298000610853775,0.31178285888230695,0.19999999999999998,0.199999753398314,64.05087618272702,16.012694365917405,-5.980712221020923e-05,-3.3123948028901395e-09,0.5184536284173152,0.5184543403305875,0.35929262785448346,94.18726948747205,10.617146090353655,22.23095034200282,44.98233249662814,88.39665546852152,11.312645197940832
-22.98964892127,0.021806993205379165,0.12208552641091289,0.4186457861979847,0.2965602597870718,3.44785657946e-11,0.587487384127,65.51386509875438,13.757911670754735,0.17355371900843458,0.1735539909956109,79.2717767695091,79.37248108454153,-0.12687560431071665,1.5867606683951612,0.17355371900230715,0.03844675469838012,0.19607844016714363,0.1735546624070667,0.03844686199027117,0.19607871376126265,0.11154160116769406,0.42160219034075996,0.3100605891730659,0.19999999999999996,0.19999976259033025,63.417440235493636,15.85433653401548,-5.980685089390647e-05,-3.534184056519507e-09,0.5177326647616561,0.5177333871695452,0.3573079170466934,94.67427442311651,10.562531438380171,22.30011154047238,44.84282503184364,88.8541093979284,11.254403502279825
-22.53964892127,0.02186949320537917,0.12238996481404919,0.41719618511881146,0.2948062203047623,3.48528432737e-11,0.586583432949,64.87105216931717,13.622920955553612,0.17355371900823297,0.17355398078976264,78.49397312487078,78.59368934317908,-0.1268756043158903,1.5867606683944817,0.17355371900233352,0.03833956550165376,0.19580491694963575,0.1735546807347009,0.0383396741636426,0.19580519442456729,0.11188589497260938,0.42022501512123034,0.30833912014862097,0.2,0.19999977212234638,62.79519638691904,15.698776737951736,-5.980689371520853e-05,-3.5189851033123887e-09,0.5170104440822494,0.5170111767371773,0.3553241289328113,95.14912558723046,10.509818075871058,22.37016762960129,44.702391888952654,89.30073360231097,11.198116293796286
-22.08964892127,0.021931993205379165,0.12269409243467153,0.4157480636474723,0.29305397121280075,3.52272299319e-11,0.585667322978,64.23986585664287,13.49037182989942,0.17355371900831143,0.17355397023473276,77.73023768654228,77.82898367990077,-0.12687560429237577,1.5867606683956605,0.1735537190021848,0.038232339732712395,0.19553091758776256,0.1735546990088072,0.03823244974912747,0.19553119891497486,0.11222996799279913,0.4188487230397275,0.30661875504692837,0.20000000000000004,0.19999978185523065,62.1842071056786,15.546030580863684,-5.9806819430185953e-05,-3.6046721163529583e-09,0.5162869661738946,0.5162877090005251,0.3533416129584818,95.61114138058082,10.459032133289707,22.440106372265838,44.56306861521474,89.73603685102802,11.143795013592067
-21.63964892127,0.021994493205379165,0.12299785153751679,0.4143016977537067,0.2913038462161899,3.56017313837e-11,0.584739569661,63.62036954540189,13.360277604535902,0.17355371900828062,0.17355395933296666,76.9806471499378,77.0784408876076,-0.12687560431120515,1.5867606683992959,0.17355371900179892,0.03812508171203095,0.19525645114062418,0.17355471740975267,0.03812519309544182,0.19525673636379828,0.11257375814380012,0.41747356243379474,0.30489980428999464,0.2000000000000001,0.19999979202296997,61.58453373015661,15.396113419781194,-5.980659032456259e-05,-3.827016481494638e-09,0.51556225495657,0.5155630080702402,0.3513607268481126,96.05954206658298,10.41020994360828,22.510566642807174,44.42358186125586,90.15937994311604,11.09146935827339
-21.18964892127,0.02205699320537917,0.12330118298788866,0.4128573671803917,0.289556184192503,3.59763609223e-11,0.583800697728,63.01262547458592,13.232651349654004,0.1735537190081665,0.17355394834278404,76.24527682423992,76.34213637110183,-0.12687560430726386,1.5867606684069966,0.17355371900095803,0.03801778610655773,0.19498150195994934,0.17355473561631155,0.03801789879621556,0.1949817909349885,0.11291720210099669,0.416099786600804,0.3031825844998073,0.2,0.19999980219111743,60.99623654138495,15.24904028285498,-5.980610501277184e-05,-4.311528911671303e-09,0.5148362691120097,0.5148370321322413,0.34938183547085105,96.49374773121613,10.363365746612988,22.581377616333477,44.284277823540926,90.56975378528512,11.04121363044348
-20.73964892127,0.022119493205379166,0.12360402740378579,0.4114153538760297,0.2878113264722439,3.63511318016e-11,0.58285122464,62.416694729261906,13.10750589316536,0.17355371900848726,0.17355393777391936,75.52420062242726,75.62014413725532,-0.12687560427538935,1.5867606684120161,0.17355371900041167,0.037910458875248666,0.19470608330313838,0.17355475348580987,0.03791057279361908,0.1947063758422386,0.11326023245232673,0.4147276651927511,0.30146743274042437,0.2,0.19999981199274622,60.41937469703936,15.104825925387901,-5.980578867692543e-05,-4.626343752534012e-09,0.5141090436455369,0.5141098160764452,0.3474053272528975,96.91355854904229,10.31847364777095,22.65144366845282,44.14729650952547,90.96339664977285,10.993432928304104
-20.28964892127,0.02218199320537917,0.1239063273103812,0.40997593266322324,0.28606960535284204,3.67260576012e-11,0.581891671507,61.832637232751736,12.984853818884396,0.17355371900833658,0.17355392702453962,74.81749105163614,74.91253678537818,-0.12687560429882616,1.586760668416988,0.17355371899986066,0.03780310509950077,0.19443020624249918,0.17355477121461466,0.03780322017755555,0.19443050217894195,0.11360276011323114,0.41335755454637796,0.2997547944331468,0.19999999999999996,0.19999982192213048,59.854006164648325,14.963484886987818,-5.980547534978342e-05,-4.943823128655822e-09,0.5133806077928772,0.5133813891942527,0.3454317154892749,97.3186715718367,10.275520450994241,22.721143948385663,44.011868516463934,91.33990983368983,10.948116785102844
-19.83964892127,0.02224449320537917,0.1242080237835732,0.4085393827891682,0.284331359005595,3.7101152874e-11,0.580922540698,61.260511738788246,12.864707465144386,0.17355371900825167,0.17355391721304136,74.12521920393264,74.2193854977938,-0.12687560430414413,1.5867606684221174,0.17355371899928812,0.03769572707332934,0.19415387473169146,0.17355478856966453,0.03769584324825685,0.1941541739140749,0.11394471766746876,0.4119897243265634,0.2980450066590946,0.20000000000000018,0.19999983078593578,59.30018790617571,14.825031297756924,-5.980515207504311e-05,-5.273714798192941e-09,0.5126509719934178,0.5126517619654936,0.34346138862584535,97.70824193473523,10.234551151457168,22.789901309805572,43.87908426657997,91.70238458601322,10.904841837150258
-19.38964892127,0.022306993205379166,0.12450905663963117,0.40710599216337884,0.28259693552374765,3.74764437109e-11,0.579944323794,60.700375823913994,12.747078923009767,0.17355371900812747,0.1735539072085018,73.44745474692377,73.54076003061542,-0.1268756042945407,1.5867606684239524,0.173553718999139,0.037588335244843396,0.1938771137727282,0.17355480578007765,0.03758845246572984,0.1938774160796709,0.11428604220452107,0.41062442617761097,0.29633838397308987,0.20000000000000007,0.19999983968637738,58.75797557216656,14.689479174757212,-5.9805036434212866e-05,-5.359646060298928e-09,0.5119202022633859,0.5119210004856617,0.3414947091495943,98.08316946219611,10.195429098418632,22.856891721351836,43.75048069488149,92.05114643448722,10.863525754257713
-18.93964892127,0.02236949320537917,0.12480937495165312,0.40567600174411433,0.2808666267924612,3.78520483028e-11,0.578957504416,60.152285879982394,12.63198003480359,0.1735537190083472,0.17355389792555792,72.78426591478598,72.87672870472741,-0.126875604304455,1.586760668418948,0.17355371899965413,0.037480939541673135,0.1935999471634048,0.17355482257681432,0.03748105771028844,0.19360025235078707,0.11462667134398959,0.4092619096223119,0.29463523827832233,0.19999999999999993,0.1999998479340411,58.22742379983798,14.556842114948008,-5.98053518263697e-05,-5.062827934665393e-09,0.5111883614393481,0.5111891672672416,0.3395320364918165,98.44642495418113,10.157809188758447,22.922059615831692,43.62609716403168,92.3853019699691,10.824232628747172
-18.48964892127,0.022431993205379166,0.1251089389449906,0.40424960193868664,0.27914066299369605,3.82279939059e-11,0.577962557022,59.616297107059324,12.51942239247983,0.17355371900823435,0.1735538890065925,72.13571949953915,72.2273583969707,-0.12687560429371914,1.5867606684181312,0.173553718999689,0.0373735507302108,0.19332240100467096,0.17355483913397077,0.03737366979616486,0.19332270895103054,0.11496653818058501,0.4079024422761044,0.2929359040955194,0.19999999999999998,0.19999985599272752,57.70858598769954,14.42713351183962,-5.980540329630912e-05,-5.0427440001499235e-09,0.5104555184392041,0.5104563315520021,0.3375737561478266,98.79623852634714,10.121842844586824,22.98517451253266,43.50630444222863,92.70436785890182,10.786978252438148
-18.03964892127,0.02249449320537917,0.12540768925765816,0.4028270749831585,0.27741938572550034,3.86042820244e-11,0.57695995125,59.09246350606168,12.409417336290472,0.173553719008467,0.17355388057468343,71.50188084235214,71.59271453153123,-0.12687560427546707,1.5867606684255153,0.1735537189989952,0.037266180682283545,0.19304450440839682,0.173554855375363,0.03726630058219167,0.1930448149580601,0.11530557947472317,0.40654627709608254,0.2912406976213594,0.2,0.19999986359064303,57.201514427407304,14.300366414944842,-5.980493793522612e-05,-5.442502004626704e-09,0.5097217501309976,0.5097225701176537,0.33562023249665374,99.12901002523347,10.087864286604377,23.04611890636108,43.3912540355758,93.00852796122597,10.75170225698967
-17.58964892127,0.022556993205379166,0.12570556655311832,0.4014087037404359,0.2757031371873176,3.89809193388e-11,0.575950148523,58.580837872047056,12.301975953147611,0.1735537190084712,0.17355387192858732,70.88281382519466,70.97286107153299,-0.12687560425043154,1.5867606684264244,0.17355371899892572,0.03715884102879851,0.19276628602740292,0.17355487135427988,0.0371589616923188,0.192766599005945,0.11564373243021848,0.4051936652737537,0.28954993284353525,0.2000000000000001,0.19999987135620728,56.70626017878975,14.176553646404923,-5.980488064771805e-05,-5.482536646894687e-09,0.508987132170681,0.5089879585706373,0.3336718273717345,99.44430032512575,10.055880495217668,23.10485380178724,43.28094904122036,93.29748814491518,10.718402176559575
-17.13964892127,0.022619493205379166,0.12600251135101082,0.39999476963527447,0.27399225828426366,3.9357919267e-11,0.574933602049,58.08147178727402,12.197109075333122,0.17355371900833005,0.1735538636927371,70.27858086260713,70.3678605108348,-0.12687560425960198,1.5867606684303508,0.1735537189984527,0.03705154375929386,0.19248777561002117,0.17355488675573583,0.03705166507410778,0.1924880907331874,0.11598093440075516,0.40384485738924203,0.28786392298848684,0.2000000000000001,0.19999987866202107,56.22287321754668,14.055707645060462,-5.980463320121032e-05,-5.75507419497967e-09,0.508251743106835,0.5082525751695349,0.3317289017292521,99.74173063056027,10.025893812730837,23.161355531831497,43.17536590747737,93.57093904381478,10.687078811208126
-16.68964892127,0.022681993205379166,0.12629846470012576,0.39858555279776636,0.2722870880976406,3.97353025848e-11,0.573910757751,57.594415614696615,12.0948272790804,0.17355371900819463,0.17355385505198406,69.68924289377702,69.7777738660307,-0.1268756042914876,1.586760668429161,0.17355371899852914,0.03694430047741853,0.19220900207175137,0.1735549014773829,0.036944422327971016,0.19220931904559418,0.11631712311836868,0.4025001025191705,0.28618297940080184,0.19999999999999998,0.19999988632951243,55.75140223663183,13.937840657145186,-5.9804708174571175e-05,-5.71103164759279e-09,0.5075156592889994,0.5075164962382933,0.329791814356779,100.02095916375167,9.997904522819328,23.21690333621971,43.072066309547075,93.82855977852947,10.657735793455366
-16.23964892127,0.022744493205379166,0.1265933682642618,0.3971813311398798,0.27058796287561804,4.01130949076e-11,0.57288205241,57.119718491415,11.995140883199763,0.17355371900829572,0.17355384642447164,69.11485937461475,69.20266066865446,-0.1268756044801589,1.5867606684283848,0.1735537189982572,0.03683711114148656,0.19192996415746696,0.1735549155402038,0.03683723341015771,0.19193028268138854,0.11665223643148893,0.40115964926533126,0.28450741283384234,0.19999999999999984,0.1999998938914292,55.291894833370755,13.822964541244001,-5.980475710209987e-05,-5.867728525288385e-09,0.5067788774030927,0.506779718445271,0.32786092336057054,100.28147694293456,9.971931312589788,23.275373336974823,42.9638650913246,94.06992003787892,10.630390666828806
-15.78964892127,0.02280699320537917,0.12688716334576708,0.395782385770029,0.2688952224242619,4.04913230763e-11,0.571847896898,56.65742832290274,11.898059947821375,0.1735537190084067,0.1735538378049432,68.55548827072413,68.64257895758813,-0.1268756043064978,1.586760668433642,0.1735537189979966,0.036729951616868116,0.19165059774722362,0.17355492922109048,0.036730074262946444,0.19165091772007367,0.1169862118379535,0.3998237476381688,0.2828375358002153,0.20000000000000012,0.1999999014653578,54.84439737166981,13.711090899054314,-5.980442578934486e-05,-6.017886189368937e-09,0.506041228144475,0.5060420730124571,0.3259365888742023,100.52296623700019,9.947975447146355,23.336906387412924,42.850581109558014,94.29468662032377,10.605051417440793
-15.33964892127,0.02286949320537917,0.1271797925075123,0.39438898947985584,0.2672091969723436,4.08700156839e-11,0.570808714568,56.20759177590658,11.803594272955198,0.17355371900844452,0.1735538295994966,68.01118604886179,68.09758527167371,-0.1268756042776431,1.5867606684354725,0.17355371899792632,0.03662282080494188,0.19137089853199174,0.17355494239532263,0.03662294373706595,0.19137121971985743,0.11731898770136898,0.3984926441841554,0.28117365648278647,0.2,0.19999990855211855,54.4089550585683,13.602230990293476,-5.980431042607037e-05,-6.058376023077017e-09,0.5053027001354278,0.5053035482115814,0.32401916604173864,100.74571695384743,9.925980282200081,23.399467698346612,42.736014891084864,94.50278098416281,10.581699179493823
-14.88964892127,0.022931993205379163,0.12747120121247235,0.3930014010874353,0.26553019987496296,4.12492032357e-11,0.569764970945,55.77025427347944,11.711753397427671,0.17355371900822755,0.17355382217799645,67.48200767090712,67.56773464252949,-0.1268756042746011,1.5867606684402604,0.17355371899732838,0.03651571353086169,0.1910908515101173,0.17355495490977038,0.03651583664149578,0.19109117363576944,0.11765050386475447,0.39716657952762396,0.2795160756628695,0.19999999999999993,0.19999991483447718,53.98561188386615,13.49639578704096,-5.980400867855451e-05,-6.402900432078695e-09,0.5045632537650362,0.5045641043173554,0.3221090014778363,100.94957206698743,9.905935998781915,23.461617113660772,42.6228079315871,94.69417868775834,10.560311244658124
-14.43964892127,0.02299449320537917,0.12776133419408453,0.39161988426436334,0.2638585500702788,4.16289208002e-11,0.568717071861,55.34545998876087,11.622546597637449,0.17355371900823566,0.17355381566441425,66.96800658639832,67.05308058756884,-0.1268756042601571,1.586760668444981,0.17355371899672056,0.03640864189209299,0.19081048685041654,0.173554966850902,0.036408765091213435,0.19081080968124797,0.11798070140863995,0.3958457893490431,0.2778650879404031,0.19999999999999998,0.19999992007851547,53.574410621301155,13.39359596509716,-5.98037111720906e-05,-6.753120285196701e-09,0.5038229686921434,0.5038238211064436,0.32020643467385307,101.13403039153889,9.887868565393022,23.52136927016101,42.51453172280198,94.86880171143048,10.540873100113298
-13.98964892127,0.023056993205379166,0.12805013690858533,0.3902446979562998,0.26219456104771444,4.20091988848e-11,0.567665411277,54.933251839478594,11.535982886279525,0.17355371900812797,0.17355380947963306,66.46923472575811,66.553675103224,-0.12687560429217593,1.5867606684435247,0.17355371899689873,0.03630161872761814,0.19052983684351946,0.17355497808212011,0.0363017419061813,0.19053016009593154,0.11830952250104886,0.39453050498029907,0.2762209824792502,0.2,0.19999992494707058,53.17539276931728,13.29384195644084,-5.980380295422805e-05,-6.650469064339859e-09,0.5030819301781061,0.5030827837055633,0.3183117988567169,101.29890233187658,9.87177528068161,23.578629825301768,42.41128544827145,95.02653808328523,10.52337610282675
-13.53964892127,0.02311949320537917,0.128337555960526,0.3888760972812763,0.26053854132075027,4.23900734975e-11,0.566610377474,54.53367148255882,11.45207101134024,0.17355371900830066,0.17355380343170498,65.98574249389905,66.06956865837203,-0.1268756042686059,1.5867606684411677,0.1735537189971804,0.03619465672393388,0.19024893356845363,0.17355498875174027,0.03619477978582733,0.190249256991525,0.11863691029883928,0.393220953790546,0.27458404349170673,0.2000000000000002,0.19999992971988262,52.78859863260497,13.197143861294084,-5.980395150206874e-05,-6.4881766626001536e-09,0.5023402229255589,0.5023410769036312,0.316425421547264,101.44404347431637,9.857651230682462,23.634092712148536,42.31175751823864,95.16725928306249,10.507815477018536
-13.08964892127,0.023181993205379166,0.12862353910372912,0.3875143315918869,0.25889079248815783,4.27715844555e-11,0.56555235152,54.146759308808484,11.370819454830718,0.17355371900802397,0.17355379750793049,65.51757876363921,65.6008101879649,-0.12687560426040134,1.5867606684424123,0.17355371899706684,0.03608776218229863,0.1899677924867756,0.17355499895698334,0.03608788505121477,0.18996811588057289,0.1189628089262756,0.3919173592802313,0.2729545503539557,0.20000000000000007,0.1999999343979374,52.41406730899967,13.103511454639538,-5.980387306481205e-05,-6.553602105441314e-09,0.5015978877597596,0.5015987416605355,0.3145476246932861,101.56938434315161,9.845486476727135,23.690604827039078,42.210826076447745,95.29026956192943,10.494250930312427
-12.63964892127,0.023244493205379167,0.12890803515266838,0.3861596439528701,0.2572516088002017,4.31537741493e-11,0.564491705736,53.77255443774098,11.29223643194663,0.17355371900853153,0.17355379163273557,65.06479086968761,65.14744708686302,-0.12687560429683886,1.5867606684522446,0.17355371899592914,0.035980921959617884,0.18968637789682707,0.17355500858087144,0.03598104455069642,0.18968670103804436,0.11928715964537892,0.3906199563981303,0.27133279675275135,0.19999999999999998,0.19999993905609373,52.051836661052604,13.012954208635005,-5.980325341603532e-05,-7.209133290331238e-09,0.5008548304127476,0.500855683646602,0.3126787467338049,101.67508347523216,9.835251330219934,23.748548826143058,42.10783603329785,95.39376531651902,10.48286538100235
-12.18964892127,0.023306993205379167,0.12919099554638067,0.3848122659853015,0.2556212704389208,4.35362472263e-11,0.56342880992,53.4110947130332,11.216329889749197,0.1735537190084208,0.17355378608546781,64.6274246027824,64.7095252038712,-0.12687560421766886,1.5867606684578917,0.17355371899555852,0.03587413896941884,0.18940469627075998,0.1735550176887122,0.03587426119780052,0.1894050189350866,0.11960989730314407,0.3893290057652161,0.26971910846207203,0.20000000000000007,0.1999999434022812,51.70194333999073,12.925481262791676,-5.9802897534044774e-05,-7.42267358688764e-09,0.5001110679738288,0.5001119199484837,0.31081916308454777,101.76117636501472,9.826930423966658,23.805033002126642,42.007923278689184,95.47845296091842,10.473567270819979
-11.73964892127,0.023369493205379167,0.12947237231501474,0.38347242679037585,0.2540000544753611,4.39180674258e-11,0.562364020533,53.06241669715631,11.143107506408391,0.17355371900833613,0.1735537804833324,64.20552420356469,64.28708883597814,-0.12687560424697875,1.5867606684561506,0.17355371899554356,0.03576742611551906,0.1891227805303186,0.17355502639753323,0.035767547914652004,0.18912310254078427,0.11993097101269258,0.3880447109269473,0.26811373991425475,0.2000000000000001,0.19999994784043384,51.36442271178405,12.841101491780654,-5.98030072573863e-05,-7.431300019788978e-09,0.4993666873707775,0.4993675376189541,0.3089691669484936,101.82741112908458,9.820538388551585,23.858991998864077,41.912919038977414,95.5462606820773,10.466134340174982
-11.28964892127,0.023431993205379167,0.129752118093685,0.38214035139477215,0.2523882333010872,4.43006960008e-11,0.561297680665,52.726555667372196,11.072576690132392,0.1735537190080602,0.17355377507790712,63.79913235750459,63.880180722799054,-0.12687560426004607,1.5867606684570292,0.17355371899543065,0.03566079567279121,0.1888406621276022,0.1735550346169625,0.03566091698725407,0.18884098333585872,0.12025033155288888,0.386767268765598,0.26651693721270914,0.20000000000000015,0.19999995213360822,51.03930893983793,12.759823417666654,-5.980295187946183e-05,-7.496359089032012e-09,0.49862177165086374,0.4986226197808581,0.3071290419305238,101.87367018779794,9.816079053170073,23.9130398436753,41.81818817420184,95.5972307462111,10.460554057834296
-10.83964892127,0.023494493205379167,0.1300301868271476,0.38081625877412034,0.2507860719469728,4.46841888874e-11,0.560230125977,52.40354561094926,11.004744578316476,0.17355371900848773,0.1735537696731641,63.40829018926574,63.4888420412211,-0.12687560422516286,1.5867606684592235,0.17355371899530794,0.0355542370288984,0.18855831201222184,0.17355504228907553,0.03555435778876978,0.18855863223085223,0.1205679309838929,0.38549687104096875,0.26492894005707585,0.19999999999999996,0.19999995648554067,50.72663491059006,12.681655278675683,-5.980281360118411e-05,-7.567058091240142e-09,0.49787624410838116,0.49787708962533056,0.3052990642559387,101.90007403627374,9.813535558806624,23.974122359295723,41.71164161979261,95.63146401540914,10.456809485201122
-10.38964892127,0.023556993205379163,0.13030653467621386,0.37950035812184835,0.24919382344563448,4.50686043105e-11,0.559161687217,52.09341922111234,10.939618036437839,0.17355371900832015,0.17355376460917524,63.033037257550184,63.11311240025061,-0.1268756042208885,1.5867606684639302,0.1735537189947751,0.03544770083618601,0.18827559809010302,0.17355504948910655,0.0354478209909939,0.18827591718271858,0.12088372337037909,0.384233701492359,0.2633499781219799,0.2000000000000001,0.19999996056673083,50.42643229163887,12.60660496591131,-5.9802516982898624e-05,-7.874079166469983e-09,0.4971297559573176,0.49713059850109637,0.3034794985974015,101.90677016299,9.81289072748157,24.04166248793682,41.59446130240625,95.64912995280287,10.45487816244058
-9.939648921268,0.023619493205379444,0.1305811191141732,0.3781928520751664,0.2476117329609932,4.54540031115e-11,0.558092686853,51.796207892783784,10.87720365748825,0.17355371900831268,0.1735537596964019,62.673411550272036,62.75302983606283,-0.1268756042517638,1.586760668462067,0.17355371899497318,0.035341182202644844,0.18799250570872458,0.17355505623964732,0.03534130170375336,0.18799282354322294,0.12119766445613588,0.38297793715032363,0.26178027269418774,0.1999999999999999,0.1999999645565501,50.13873146157954,12.534680088692484,-5.980263440008571e-05,-7.759948239538517e-09,0.4963822685086218,0.4963831077304221,0.30167059996156664,101.89376845892538,9.814142858040551,24.11073262232661,41.47530544443088,95.65044866179998,10.454734023630053
-9.489648921268,0.023681993205379444,0.13085389875519787,0.37689393705807034,0.24604003830287247,4.58404491139e-11,0.557023440697,51.511941718842266,10.817507760962393,0.1735537190083376,0.17355375519013644,62.32944947980466,62.408630807260934,-0.1268756042746899,1.586760668467112,0.17355371899441205,0.03523467599505939,0.18770901948244093,0.17355506242761545,0.03523479475499665,0.1877093358226933,0.12150971224453987,0.3817297459939004,0.26022003374936054,0.19999999999999987,0.19999996816736926,49.86356156795407,12.465887911850583,-5.9802316454415916e-05,-8.083267388769855e-09,0.4956337411374741,0.49563457641381276,0.29987261032038665,101.86304805836946,9.817102659513791,24.180132226172525,41.35626681634115,95.63588269636716,10.456326347453539
-9.039648921268,0.023744493205379445,0.13112484402988683,0.3756037535192823,0.2444789094893955,4.62280084348e-11,0.555954248563,51.240649486293904,10.760536392113517,0.1735537190081551,0.1735537509340562,62.001185878407426,62.07995019032174,-0.12687560423750854,1.5867606684696225,0.17355371899410796,0.035128188015034964,0.18742515310127125,0.17355506799083004,0.03512830595462663,0.1874254677321805,0.12181982791019487,0.38048928332976045,0.2586694554195656,0.2,0.19999997158543473,49.60095046446268,12.40023541394474,-5.9802158236532676e-05,-8.258482786516197e-09,0.49488420999150035,0.4948850407544271,0.29808575338795806,101.81584697555752,9.82165379658498,24.24814876146429,41.240261672644586,95.60517257972103,10.459685109256439
-8.589648921268,0.02380699320537944,0.1313939226567484,0.374322456128631,0.24292853347188262,4.6616750049e-11,0.554885410844,50.98235867256289,10.706295321241198,0.17355371900830452,0.17355374674358096,61.688653993804095,61.767021275260255,-0.12687560422725008,1.5867606684741942,0.1735537189936786,0.03502172817969704,0.18714093133170262,0.17355507309402698,0.03502184523874047,0.1871412440878292,0.12212797012579373,0.37925671446521786,0.2571287443394241,0.2000000000000001,0.19999997500137673,49.350924737174694,12.337729256629396,-5.9801870122555556e-05,-8.505862680863174e-09,0.49413374046503633,0.4941345662777185,0.29631026728608256,101.75052205603549,9.827959402992404,24.313989372216597,41.128585880797175,95.55804585856978,10.464843551531445
-8.139648921268,0.023869493205379448,0.13166109853368668,0.3730502168331167,0.24138911829943,4.70067454065e-11,0.553817220211,50.73709544228926,10.654790042886475,0.17355371900834163,0.17355374277544272,61.39188548517574,61.469875761486925,-0.12687560426151157,1.5867606684786904,0.1735537189930717,0.034915309065041415,0.1868563862035264,0.1735550777426977,0.03491542520176147,0.18685669696792104,0.12243410062890187,0.378032192449751,0.25559809182084914,0.2000000000000001,0.19999997828711533,49.113509721135514,12.278375764040215,-5.980158677143521e-05,-8.855560729159606e-09,0.49338241713071135,0.4933832376843519,0.2945463724789646,101.66610409511698,9.836120001848581,24.376967843044294,41.02232921004321,95.49480358273404,10.471773986462289
-7.689648921268,0.023931993205379445,0.1319263363311361,0.3717872037456582,0.23986086741452212,4.73980689384e-11,0.552749961328,50.504884643991296,10.606025775257299,0.17355371900852312,0.17355373893587833,61.1109104192486,61.18854375386994,-0.12687560425301836,1.5867606684827313,0.1735537189927071,0.034808946324895576,0.18657155818852877,0.17355508191553654,0.03480906149701701,0.18657186684228952,0.12273818234654744,0.37681586557734575,0.2540776832307983,0.2,0.19999998153258655,48.88872946395932,12.22218095528927,-5.980133209737559e-05,-9.065637129879178e-09,0.4926303468517057,0.4926311618323515,0.2927942825799555,101.56303067795157,9.846102398922318,24.43670447556157,40.92204826555359,95.41583640512196,10.480440539808752
-7.239648921268,0.02399449320537944,0.13218960440754726,0.37053356700574,0.23834396259819277,4.7790797795e-11,0.551683907088,50.28574980694307,10.56000745947456,0.1735537190084888,0.17355373533833515,60.845757266417635,60.92305375899847,-0.12687560424434752,1.586760668482457,0.17355371899270947,0.034702655523075804,0.1862864877630039,0.17355508551968366,0.03470276966772613,0.18628679413132357,0.12304018172825176,0.375607868050541,0.25256768632228926,0.19999999999999998,0.19999998464974242,48.676606747132155,12.169150519285479,-5.9801349394650316e-05,-9.06427155555889e-09,0.4918776365031028,0.49187844544918663,0.2910541909044373,101.44185371894912,9.857864021004204,24.49366739037726,40.82687921176175,95.32151143811865,10.49081141195695
-6.789648921268,0.024056993205379445,0.13245087251004076,0.3692894507058331,0.23683857819579232,4.81850118728e-11,0.55108619159,50.07971313827185,10.516739759020075,0.17355371900803243,0.1735537319940359,60.59645289729192,60.673432681648066,-0.12687560428640277,1.5867606684791211,0.17355371899293184,0.03459644790870406,0.1860012040517589,0.1735550885604952,0.03459656095687814,0.18600150794248455,0.12334006616591214,0.3744083303010103,0.25106826413509814,0.20000000000000004,0.19999998757959264,48.47716307046617,12.119289826825757,-5.980155962648226e-05,-8.9361407162869e-09,0.4911243629871055,0.4911251653912597,0.2893262853363426,101.30292840443177,9.871382947664644,24.54958677135651,40.73388319377989,95.21189640571752,10.502889216057559
-6.339648921268,0.024119493205379445,0.1327101130015675,0.3680549865337442,0.2353448735321767,4.85807938521e-11,0.550649036135,49.88679552023288,10.476227059264797,0.17355371900848207,0.17355372891458562,60.36302257949767,60.43970582144755,-0.12687560422022237,1.586760668484561,0.17355371899254568,0.034490323808320136,0.18571570695102807,0.17355509105265768,0.0344904357034443,0.1857160082045818,0.12363780458319713,0.3732173766299396,0.24957957204674247,0.2,0.199999990305907,48.29041864876289,12.072603930734783,-5.9801216789612255e-05,-9.158651614882274e-09,0.4903705260297271,0.4903713214705964,0.287610744929763,101.1464838184927,9.886651144438193,24.606749261314654,40.63925670881459,95.0873665420743,10.516644180670621
-5.889648921268,0.024181993205379445,0.13296729882112054,0.3668303035273479,0.23386300470622737,4.89782293968e-11,0.550196465172,49.70701650764561,10.438473466590468,0.17355371900805683,0.17355372606941893,60.14548997423608,60.22189686974717,-0.12687560419484267,1.586760668485229,0.17355371899251326,0.03438427465980075,0.18542997238796308,0.17355509302628522,0.0343843853450559,0.1854302708433979,0.12393336870855164,0.37203512012836004,0.2481017514198084,0.2,0.19999999286133813,48.11639240874717,12.029097565488899,-5.980117470105739e-05,-9.177325566156469e-09,0.4896160620681409,0.48961685012075495,0.28590773258825025,100.97269955252655,9.90366707468086,24.665786735988938,40.54198678937481,94.94841874837859,10.532034268523054
-5.439648921268,0.024244493205379445,0.13322240511115413,0.3656155198688678,0.23239311475771368,4.93774069635e-11,0.549728994366,49.54039432530804,10.403482808323439,0.17355371900838507,0.1735537234448308,59.943877133631496,60.020027906689286,-0.12687560421695832,1.5867606684846585,0.1735537189925419,0.03427829546803579,0.18514398577333208,0.1735550944492976,0.03427840488670025,0.18514428126923135,0.12422673245237592,0.37086166515320546,0.24663493270082953,0.2000000000000001,0.19999999525239573,47.955101991495,11.98877514213649,-5.980121065007893e-05,-9.160827652010539e-09,0.488860932580407,0.4888617128185555,0.2842173986359049,100.781790307841,9.92242742409586,24.723448032822002,40.447432683031685,94.7953047710247,10.549045677056167
-4.989648921268,0.02430699320537944,0.13347540771949307,0.3644107505448195,0.2309353428253264,4.97784179189e-11,0.549247127962,49.386945866149354,10.371258631882077,0.17355371900813601,0.17355372090801582,59.758204498031425,59.834119398478244,-0.12687560410348242,1.5867606684904478,0.1735537189920915,0.034172405643954885,0.18485779843965167,0.17355509531724733,0.03417251375505684,0.18485809085635618,0.12451787089362767,0.3696971113859472,0.2451792404923195,0.19999999999999993,0.1999999976373787,47.80656373961114,11.951640758420279,-5.9800845797486346e-05,-9.420353386246916e-09,0.4881052731067745,0.48810604521450485,0.2825398866622903,100.57400182984635,9.942927414699332,24.776922463249896,40.360137603176476,94.62825364727748,10.567668338543525
-4.539648921268,0.024369493205379445,0.1337262848445666,0.36321609942949196,0.22948981458492534,5.0181356638e-11,0.548751375365,49.24668668845213,10.341804204575284,0.17355371900826913,0.17355371853401266,59.58849089302741,59.6641901948538,-0.12687560424295974,1.586760668494852,0.17355371899137012,0.03406662404837624,0.18457146054679266,0.1735550956402986,0.034066730799797315,0.18457174973380222,0.12480676106916695,0.3685415506801833,0.24373478961101636,0.19999999999999987,0.19999999993411538,47.6707927183479,11.917698174679519,-5.980056823062796e-05,-9.835998682206082e-09,0.4873492160911956,0.4873499796711216,0.28087532898002837,100.35013808107776,9.965108360808147,24.826631798605426,40.27932617328189,94.44760995674342,10.587880418128055
-4.089648921268,0.02443199320537944,0.13397501804771714,0.36203165433889467,0.22805663629117753,5.05863205055e-11,0.548242248779,49.11963101482958,10.315122513102,0.17355371900809466,0.1735537163494121,59.43475352793158,59.51025752676453,-0.1268756042586361,1.586760668502823,0.17355371899041097,0.03396096605617181,0.18428501310788084,0.1735550954205276,0.033961071396818296,0.18428529891670223,0.12509338181233412,0.36739506770271735,0.24230168589038323,0.20000000000000012,0.2000000021101904,47.54780269692662,11.886950831004963,-5.980006588801601e-05,-1.0388645499403992e-08,0.4865928698262235,0.4865936244862583,0.2792238475495862,100.11044494905966,9.9889676897235,24.874116935517755,40.20243221467291,94.25362676489426,10.609671312642373
-3.639648921268,0.024494493205379445,0.13422158831823786,0.36085750577112435,0.2266359174528865,5.09934098687e-11,0.547720267424,49.005791729696696,10.291216263222246,0.1735537190080685,0.1735537143433118,59.297007992918935,59.37233700424194,-0.1268756042357322,1.5867606685071087,0.1735537189899874,0.033855437067590206,0.18399847028600594,0.17355509465299215,0.03385554094766497,0.18399875257094808,0.1253777132659084,0.3662577418863023,0.24088002862039387,0.20000000000000004,0.20000000417076222,47.437606147021434,11.859401845897509,-5.979979580406081e-05,-1.063270582690734e-08,0.48583627170859695,0.4858370170640524,0.2775855567908382,99.85470174664526,10.014550967637296,24.91913010334732,40.12981174915382,94.04672404919259,10.633012580820301
-3.189648921268,0.024556993205379442,0.1344659776395433,0.35969373950892075,0.22522776186937746,5.14027280671e-11,0.547185958021,48.90518037800816,10.27008787937832,0.17355371900821706,0.17355371244484694,59.175268257386485,59.25044261447618,-0.12687560425300726,1.5867606685076319,0.17355371898989788,0.03375005427267297,0.18371187842018535,0.17355509333587074,0.03375015665421708,0.18371215706701904,0.12565973828585805,0.36512964180605695,0.2394699035201989,0.20000000000000018,0.2000000061972646,47.34021423918439,11.835054018202092,-5.9799762830436975e-05,-1.0684286788631425e-08,0.4850795440935475,0.4850802798428087,0.27596055548490084,99.58363860494313,10.041810221125642,24.960206465405538,40.06377116254966,93.82744887400104,10.657861979631138
-2.739648921268,0.024619493205379442,0.1347081720538785,0.35854042201025244,0.22383224995637394,5.18143816515e-11,0.546639836737,48.81780716390445,10.251739504428466,0.17355371900838382,0.1735537106623595,59.06954666833292,59.14458672009319,-0.12687560421278388,1.5867606685133926,0.17355371898936323,0.033644835159554576,0.18342528495154253,0.1735550914678213,0.03364493599853655,0.18342555982887596,0.12593944169386712,0.36401082817134806,0.23807138647748094,0.19999999999999998,0.2000000081666874,47.25563685226381,11.813909816069105,-5.979939978750792e-05,-1.0992351473504414e-08,0.48432281224634766,0.4843235380424829,0.27434893108329417,99.29802278805404,10.070693976801964,24.99828493547546,40.00274429150474,93.59566951806373,10.684254999714517
-2.289648921268,0.024681993205379445,0.13494815865092305,0.3573976147778121,0.22244945612688907,5.22284802193e-11,0.546082459226,48.74368094925082,10.236172999342324,0.17355371900825958,0.17355370901284695,58.97985394859315,59.054780057631056,-0.1268756042521635,1.5867606685142501,0.173553718989216,0.033539788623788466,0.183138714158936,0.1735550890531092,0.03353988787721493,0.18313898513755866,0.12621680687925182,0.36290136742907253,0.2366845605498207,0.1999999999999999,0.2000000100704517,47.18388256492075,11.795971383672402,-5.9799345741851084e-05,-1.1077172512585776e-08,0.4835661402737812,0.4835668557756183,0.27275077929999214,98.99786271129499,10.101228174150338,25.035079335310662,39.943951708974716,93.35137372083216,10.712215151653858
-1.839648921268,0.024744493205379442,0.1351859247555123,0.3562653781080195,0.2210794533525072,5.2645136466e-11,0.545514324041,48.68280925273588,10.223389943085605,0.17355371900841976,0.17355370747049176,58.906199195821486,58.98103173621872,-0.126875604231369,1.5867606685173323,0.17355371898893973,0.03343491747866256,0.1828521738417746,0.17355508608118841,0.033435015102923675,0.18285244079017288,0.12649181987106145,0.3618013154604533,0.23530949558939185,0.1999999999999999,0.20000001193398848,47.124958653671285,11.781240542150199,-5.9799151497230696e-05,-1.123635628985653e-08,0.48280954876969145,0.48281025362997715,0.27116618063130904,98.68356932214608,10.133399175455086,25.069530640283922,39.88905952603326,93.09543925994559,10.74166476842922
-1.389648921268,0.024806993205379445,0.1354214606364569,0.355143758411332,0.2197222977748751,5.30644663884e-11,0.544935983349,48.63519824880708,10.213391632265283,0.17355371900848632,0.17355370599693865,58.84858988107236,58.923349236454555,-0.12687560424000655,1.586760668519248,0.17355371898869065,0.03333023928302355,0.18256571223267404,0.1735550825643771,0.0333303352403685,0.18256597503469396,0.12676447046531772,0.3607107130821826,0.2339462426168649,0.2,0.20000001379661642,47.078871092946464,11.769718788125894,-5.9799030771579e-05,-1.1379874820249825e-08,0.48205316508923624,0.4820538590012733,0.26959519387249387,98.35651950553014,10.167094210198995,25.102288245765727,39.837005702804035,92.82876696175589,10.772522707448926
-0.9396489212681,0.02486949320537943,0.13565476127898896,0.3540327794490585,0.21837801817006952,5.34865892158e-11,0.54434807677,48.600852767043385,10.206179081093525,0.17355371900846703,0.17355370463118847,58.80703184813691,58.881738409485905,-0.12687560416347887,1.5867606685199165,0.17355371898883698,0.03322575124998958,0.18227932205817965,0.17355507848210314,0.03322584549844211,0.18227958058554478,0.1270347510603241,0.3596295907028874,0.2325948396425633,0.2000000000000001,0.20000001560841343,47.04562456062506,11.76140728751185,-5.9798988638615214e-05,-1.129556448375979e-08,0.48129697002732047,0.48129765265240315,0.26803786282591935,98.01675772061743,10.202337062100698,25.13549962379527,39.78436931698466,92.5512942834018,10.804819184244952
-0.4896489212681,0.024931993205379428,0.13588581810983552,0.35293248201189426,0.21704666390205873,5.39116274373e-11,0.543750926416,48.579776291318886,10.201753021160163,0.17355371900802824,0.17355370332275633,58.781529312479044,58.85620347628959,-0.12687560426936084,1.586760668515548,0.1735537189890136,0.03312145290954019,0.18199300236421231,0.173555073828323,0.03312154540615388,0.18199325648538156,0.12730265206410238,0.35855798668865835,0.23125533462455597,0.19999999999999998,0.2000000174197621,47.02522242602298,11.756306886456064,-5.979926395172086e-05,-1.1193801441322648e-08,0.4805409610647589,0.4805416320555613,0.26649424275755057,97.66206604359958,10.239390179945271,25.16784491408753,39.73323911576779,92.26340479315701,10.83853346017172
-0.03964892126811,0.02499449320537943,0.13611461664306077,0.35184293511254255,0.2157283184694818,5.43397067794e-11,0.543144212048,48.57197095975399,10.200113901547924,0.1735537190082586,0.17355370204619439,58.77208486130193,58.84674702715239,-0.12687560421311694,1.5867606685174445,0.17355371898893734,0.03301735241754383,0.1817067759263364,0.1735550686088374,0.0330174431220283,0.18170702551642934,0.1275681690093263,0.35749591890738197,0.22992774989805567,0.2000000000000001,0.20000001925458352,47.01766675740953,11.754418103892402,-5.979914442511003e-05,-1.1237732966407066e-08,0.4797851983389824,0.47978585736576557,0.2649643594060613,97.29466996183147,10.278055317853468,25.19737683522292,39.68667082051651,91.9650961470139,10.873690583669008
0.4103510787319,0.02505699320537943,0.13634115981387965,0.35076412510698063,0.21442296529310098,5.47709567561e-11,0.542527033995,48.577437564053554,10.201261888471684,0.17355371900855182,0.1735537007110437,58.77869945252524,58.85337002135264,-0.1268756042352437,1.5867606685252686,0.17355371898806404,0.03291346525764796,0.1814206858592701,0.17355506288133882,0.03291355412910195,0.1814209307910803,0.12783129318537434,0.35644342219882336,0.22861212901344902,0.2000000000000001,0.20000002120532823,47.02295831559858,11.755741136926662,-5.97986513417581e-05,-1.1740919347857925e-08,0.4790297956916652,0.4790304424185488,0.26344826295808754,96.917938964907,10.318007282037744,25.22218869624735,39.647629793079126,91.65620758123252,10.910335768733677
0.8603510787319,0.02511949320537943,0.13656544960953076,0.34969604223997475,0.21313059263044398,5.52055098958e-11,0.54189920142,48.596175549784405,10.205196865446236,0.17355371900814515,0.17355369934816814,58.80137241523064,58.87607178704187,-0.12687560420374666,1.5867606685278823,0.17355371898781072,0.03280981495059554,0.1811347977352655,0.1735550565949546,0.032809901946602146,0.18113503787672375,0.12809202002996364,0.3554005148191986,0.22730849478923495,0.1999999999999999,0.20000002322322682,47.04109656662689,11.760275848603737,-5.979848661796794e-05,-1.1886891471135641e-08,0.47827492626217344,0.478275560340437,0.2619459797092329,96.53028862919463,10.359442763517853,25.242463333477634,39.615784988533875,91.33756097323742,10.948398329719002
1.310351078732,0.025181993205379442,0.13678748204545005,0.348638705387255,0.21185122334180495,5.56435023295e-11,0.541262852414,48.62818301600057,10.211918433372006,0.17355371900843142,0.17355369799597675,58.840101449372575,58.91485002132827,-0.12687560424686772,1.5867606685281952,0.1735537189877481,0.03270641501705335,0.18084914989309003,0.17355504973290606,0.0327065000966802,0.18084938511557122,0.12835034633801606,0.3543672095866761,0.22601686324866005,0.19999999999999993,0.20000002525525976,47.07207967347601,11.76802177589656,-5.979846690040702e-05,-1.1922962617205712e-08,0.4775206912815868,0.47752131237160395,0.2604575281243814,96.13162652868458,10.402403830144406,25.259304171552813,39.58937242325963,91.01053687009266,10.987738721148165
1.760351078732,0.025244493205379442,0.13700725935112107,0.3475921042272423,0.21058484487612122,5.60850739957e-11,0.540618148953,48.67345671600692,10.221425910360718,0.17355371900825417,0.17355369654767674,58.89488262636763,58.96970079055906,-0.1268756042313246,1.5867606685267814,0.1735537189878429,0.03260327948079948,0.18056378230641792,0.1735550423461483,0.03260336260076819,0.18056401247415885,0.12860627601778332,0.3533434908680817,0.22473721485029838,0.2000000000000001,0.20000002740112438,47.1159044873081,11.77897813905953,-5.979855599580475e-05,-1.1868350746624401e-08,0.4767671962978527,0.47676780404114927,0.2589828856843661,95.7232936929228,10.446778014220524,25.272375007287792,39.56889685720594,90.67625582829659,11.02824538646134
2.210351078732,0.025306993205379446,0.13722478423164977,0.34655622564193045,0.20933144141028068,5.65303679385e-11,0.539965482981,48.73199205726772,10.233718332024246,0.1735537190082368,0.17355369498805545,58.965710389291964,59.04061853080465,-0.12687560424794464,1.5867606685287117,0.1735537189875918,0.03250042424044208,0.18027874040064204,0.1735550343937586,0.03250050535286606,0.18027896536442087,0.12885981267513133,0.3523293442374332,0.22346953156230184,0.19999999999999998,0.20000002964316693,47.17256656350317,11.793143825788787,-5.979843435977017e-05,-1.2013023908963305e-08,0.4760145612538351,0.4760151552564004,0.2575220316096287,95.30496412375282,10.492632877984267,25.281811209162782,39.55412813293907,90.33381395353953,11.070051802687306
2.660351078732,0.025369493205379446,0.1374400578160899,0.34553106424965996,0.20809100643357006,5.69795308028e-11,0.539305403539,48.80378310230716,10.24879445147592,0.1735537190081443,0.17355369326252065,59.05257755378308,59.12759604854335,-0.12687560424186062,1.5867606685367788,0.17355371898673633,0.03239786184172444,0.1799940605734657,0.17355502587478341,0.03239794089404352,0.17999428017035296,0.12911095554653385,0.3513247727475465,0.22221381720101263,0.1999999999999999,0.20000003198551558,47.24206015419932,11.810517399583755,-5.97979259553405e-05,-1.2505940727436382e-08,0.4752628822553575,0.47526346208698655,0.2560749702980493,94.87651648717664,10.540015981037397,25.287765439581346,39.5448147598982,89.98283278077032,11.113230925240485
3.110351078732,0.025431993205379443,0.13765308258395834,0.34451660738421364,0.2068635248002553,5.74327126417e-11,0.538638483967,48.88882256924993,10.266652739530794,0.17355371900810113,0.1735536916521607,59.15547530878073,59.23062452154604,-0.12687560425430622,1.5867606685385491,0.17355371898647465,0.032295606569037225,0.17970978428855014,0.1735550166401672,0.0322956835136438,0.1797099983686044,0.12935970657414564,0.35032976863578996,0.22097006206164432,0.2000000000000001,0.2000000340982589,47.32437822992587,11.831097078854858,-5.979781437792653e-05,-1.2656720116410725e-08,0.4745122687845832,0.4745128340493652,0.2546416905660168,94.43875671779521,10.588872987689054,25.290487161549148,39.54055900988607,89.62437360208915,11.157679097873103
3.560351078732,0.025494493205379443,0.13786386376814977,0.34351283051872844,0.20564896675057867,5.78900679386e-11,0.537965321302,48.98710183285314,10.287291384891352,0.1735537190081556,0.17355368991423836,59.274393217744496,59.349693499962186,-0.126875604197918,1.5867606685483489,0.17355371898558344,0.03219366861298828,0.17942594186178396,0.17355500675789734,0.032193743394298716,0.1794261502521266,0.12960607131870894,0.34934430965307983,0.2197382383343709,0.1999999999999999,0.20000003619573337,47.41951242871547,11.854880789029032,-5.979719679416462e-05,-1.3170220469760352e-08,0.47376280088869005,0.47376335113015,0.25322216036601747,93.99218422177383,10.639182483944705,25.290630787326386,39.54033445860587,89.25876613045416,11.203381397166888
4.010351078732,0.025556993205379443,0.13807240661167414,0.34251970901619483,0.2044473024045207,5.8351754757e-11,0.537286442652,49.098610925393324,10.310708294310968,0.17355371900796357,0.17355368802741966,59.409319219704294,59.484790907606055,-0.12687560425148625,1.5867606685545865,0.17355371898475738,0.03209205666985017,0.17914255962738215,0.17355499628512466,0.032092129241673,0.17914276218053857,0.12985005387572376,0.3483683794208929,0.21851832554516912,0.19999999999999998,0.20000003835949623,47.52745309685187,11.881866122852415,-5.979680368639606e-05,-1.3646195284877649e-08,0.47301454810149995,0.47301508293024047,0.2518163561041768,93.53679941350188,10.690979446273973,25.289210234949508,39.54255552899818,88.88602744386021,11.250362163294934
4.460351078732,0.025619493205379446,0.13827871652887827,0.3415372170279,0.20325850049902175,5.88179347544e-11,0.53660234687,49.22333853809801,10.336901093010727,0.17355371900840524,0.17355368594386467,59.56023963110874,59.635903043444664,-0.12687560424933242,1.5867606685610407,0.17355371898411653,0.03199077256049515,0.1788596448629348,0.17355498521055526,0.03199084287647039,0.17885984143029532,0.13009166016987528,0.3474019542410807,0.21731029407120545,0.2,0.20000004060212026,47.64818928661498,11.912050344493759,-5.979639693398653e-05,-1.401544436063773e-08,0.472267529639027,0.47226804866265376,0.2504242436437058,93.07281621047095,10.744275726423085,25.285933619256774,39.54767955407584,88.50663622775903,11.298587796587869
4.910351078732,0.025681993205379443,0.13848279985869022,0.34056532419581087,0.20208252433712065,5.92887735911e-11,0.535913512982,49.36127202243961,10.36586712473279,0.17355371900854774,0.1735536837099221,59.72713914717239,59.80301458328557,-0.12687560425154176,1.5867606685558338,0.17355371898481736,0.031889827134953086,0.17857723016933902,0.17355497350403265,0.031889895143837416,0.1785774205879271,0.13033089715617382,0.3464450062993919,0.21611410914321807,0.19999999999999987,0.2000000427416024,47.78170876490427,11.945430382268112,-5.979672508260592e-05,-1.3611634042121068e-08,0.47152183158186917,0.47152233437005286,0.2490457829171694,92.60046813593893,10.799081474750047,25.279144219303603,39.55830115627025,88.12074483697532,11.348065677951483
5.360351078732,0.02574449320537945,0.13868466360618711,0.33960399917046086,0.20091933556427374,5.97644408108e-11,0.535220411901,49.51239739169399,10.397603452268164,0.17355371900843589,0.17355368075653016,59.910000843962145,59.98610858166535,-0.1268756042069108,1.5867606685546944,0.1735537189850298,0.03178923522936947,0.17829535952842257,0.173554961514071,0.03178930092095997,0.1782955437495844,0.13056777177435966,0.34549750782770994,0.21492973605335028,0.20000000000000007,0.20000004579020159,47.92799793187871,11.982002912083445,-5.979679688072892e-05,-1.3489220851425898e-08,0.4707775700612484,0.4707780564855218,0.24768093392789456,92.1200503948131,10.85540005367068,25.268527929524588,39.574921134664386,87.72851575848676,11.398802217889582
5.810351078732,0.025806993205379443,0.13888431575241486,0.33865320487555634,0.19976888912314147,6.0245109984e-11,0.534523493043,49.67669932253796,10.432106857736636,0.17355371900831487,0.17355367697540733,60.1088061802746,60.185166473940505,-0.12687560430519884,1.5867606685492852,0.17355371898538385,0.0316890098505114,0.17801407205755224,0.17355494940189564,0.031689073242848954,0.17801425011175076,0.13080229201036336,0.34455942688546665,0.21375713487510328,0.19999999999999987,0.20000004996243886,48.08704194103712,12.021764239237474,-5.979713777470863e-05,-1.3285228472881272e-08,0.47003484836408665,0.4700353185048852,0.24632965066534462,91.6319583837617,10.913223046177,25.256177694269105,39.59427321525817,87.33022922159614,11.4507886777962
6.260351078732,0.02586949320537944,0.1390817644160483,0.3377129004849641,0.1986311360689158,6.07309584426e-11,0.533823168723,49.85416115732355,10.469373843044872,0.17355371900835936,0.17355367275536157,60.323535000368416,60.40016807857784,-0.1268756042362762,1.586760668554204,0.17355371898501945,0.03158914892757794,0.17773336469998519,0.17355493679166412,0.03158920998826446,0.17773353647599674,0.1310344664333111,0.34363072919185267,0.21259626275854157,0.19999999999999984,0.20000005430587534,48.25882472437237,12.064710275996056,-5.9796827789337925e-05,-1.3495193851298382e-08,0.4692936584192487,0.46929411198289345,0.2449918837500701,91.13663073980219,10.972536420125405,25.245660936546322,39.610767272579984,86.92609460482352,11.504025397047
6.710351078732,0.025931993205379443,0.1392770194099932,0.3367830394621777,0.19750602005218448,6.12221679381e-11,0.533119878262,50.04476490564461,10.509400630167844,0.17355371900802533,0.17355366813255857,60.55416553581245,60.631091599647014,-0.12687560425682642,1.5867606685570728,0.17355371898461378,0.03148963717467449,0.17745319713849758,0.17355492371652345,0.03148969588300803,0.17745336255762537,0.1312643042298301,0.34271137800374785,0.21144707377391775,0.19999999999999998,0.20000005905112145,48.44332885285858,12.110836682953874,-5.9796647000620595e-05,-1.3728940206902962e-08,0.46855389377166634,0.4685543305503633,0.24366758025350496,90.63458493848226,11.03331582175551,25.235579722498958,39.62659114616824,86.51643288481489,11.558497809674687
7.160351078732,0.025994493205379443,0.1394700912090145,0.335863570459028,0.1963934792500135,6.17189245098e-11,0.532414025892,50.24849124688127,10.55218316186593,0.17355371900854802,0.17355366328162242,60.800674408747206,60.87791362951381,-0.1268756042407504,1.5867606685599112,0.17355371898447364,0.031390483644187395,0.17717359748051456,0.17355490992188297,0.03139053993693799,0.17717375634370341,0.13149181571851334,0.3418013320483153,0.21030951632980197,0.2000000000000001,0.20000006388550065,48.64053564271624,12.160138766030967,-5.979646812148687e-05,-1.380968672748395e-08,0.46781562863720993,0.46781604810536664,0.2423566807226681,90.12624363914331,11.095547308105978,25.2226281660885,39.64693898728948,86.10157310535024,11.61418965918825
7.610351078732,0.026056993205379447,0.13966099134245036,0.33495443851554774,0.19529344717309738,6.22214183676e-11,0.531706004693,50.46531953258319,10.59771710185776,0.1735537190084714,0.17355365823062902,61.06303663444096,61.140609151734004,-0.12687560423307875,1.5867606685572235,0.1735537189847609,0.03129169904313168,0.17689459868275142,0.17355489539732552,0.03129175285314058,0.17689475077893232,0.13171701182477008,0.34090054762472377,0.2091835357999537,0.19999999999999993,0.20000006873047202,48.85042511066144,12.212611523779522,-5.9796637497111504e-05,-1.3644163576742585e-08,0.4670789500359926,0.4670793516362947,0.24105912220732045,89.61201091353841,11.159218388312295,25.206368844171212,39.67251317244938,85.6818361743301,11.67108508231988
8.060351078732,0.026119493205379447,0.13984973172124782,0.3340555843707722,0.1942058526495244,6.27298437052e-11,0.530996182018,50.695227788850836,10.645997835665522,0.1735537190083567,0.17355365276074783,61.34122562451636,61.41915154415131,-0.12687560423060296,1.586760668554972,0.173553718984999,0.03119329556890281,0.17661623812351684,0.17355487970176195,0.031193346750302272,0.17661638301783408,0.1319399045069477,0.34000897689720455,0.20806907239025685,0.1999999999999999,0.20000007447779194,49.07297593105405,12.26824969346231,-5.979677939471628e-05,-1.3506973317589654e-08,0.46634395666306383,0.46634433924730245,0.2397748358018616,89.09223068238309,11.22432329217387,25.186556281515458,39.70372085896892,85.25739222017899,11.729188214172435
8.510351078732,0.026181993205379443,0.1400363257024751,0.33316694730760227,0.19313062160512717,6.3244399698e-11,0.530284920416,50.938192719170544,10.697020471027445,0.17355371900828634,0.1735536469996413,61.635213190197994,61.713512582192806,-0.1268756042536512,1.5867606685553868,0.1735537189849178,0.03109528552980348,0.17633855372493978,0.17355486333642747,0.031095333999798788,0.17633869115936748,0.13216050550173475,0.3391265729176513,0.20696606741591655,0.2000000000000001,0.20000008127452382,49.30816554278579,12.3270476474122,-5.979675324896405e-05,-1.3553758115847359e-08,0.465610748649396,0.4656111115362702,0.2385037538790517,88.56716783021017,11.290865729353277,25.163674526653033,39.7398241238899,84.82828317699514,11.788521027986492
8.960351078732,0.026244493205379443,0.14022078688286937,0.3322884643355314,0.192067677452662,6.37652899005e-11,0.529572573884,51.194189707348144,10.750779838526404,0.17355371900804153,0.1735536406828221,61.94496954587455,62.02366244236976,-0.12687560423948474,1.5867606685542262,0.17355371898501537,0.03099767703989374,0.1760615717295905,0.1735548466060155,0.030997722762739908,0.17606170157856565,0.13237882688479555,0.33825328738589405,0.2058744605010985,0.19999999999999987,0.20000008926129134,49.55597010741167,12.388999438462886,-5.9796826390456914e-05,-1.349753642188034e-08,0.4648793952868287,0.4648797381447974,0.23724580686292931,88.03709806727325,11.35884782612727,25.138246511854568,39.78002202852235,84.39475313538829,11.849077849611973
9.410351078732,0.026306993205379443,0.1404031283261432,0.3314200689740024,0.19101694064785918,6.42927220647e-11,0.528859474234,51.463192820392095,10.807270492270332,0.1735537190081051,0.17355363376527552,62.27046331266243,62.3495697059773,-0.12687560425503897,1.5867606685519937,0.17355371898526292,0.030900478072459152,0.175785318136809,0.17355482876912948,0.0309005208494808,0.17578543981081254,0.13259488153669602,0.3373890687795311,0.2047941872428351,0.2000000000000001,0.20000009907677635,49.81636448057318,12.454098832089253,-5.9796967089020825e-05,-1.3354906069906747e-08,0.4641499652249676,0.4641502864974431,0.23600092053674132,87.50240550040294,11.428257249400932,25.109904418189892,39.824922602078445,83.95700583141101,11.91085830297521
9.860351078732,0.026369493205379447,0.1405833657656207,0.33056169252451073,0.18997832675889004,6.48269094019e-11,0.528145944463,51.745174812003555,10.866486710518565,0.17355371900823569,0.17355362691879664,62.61166152252213,62.69120136299828,-0.1268756041467367,1.586760668553166,0.17355371898547545,0.0308036993451525,0.1755098269190432,0.1735548109055879,0.030803739143909256,0.17550994029942935,0.13280868243546934,0.336533865185501,0.20372518275003165,0.19999999999999993,0.2000001093971154,50.08932236848253,12.522339154039585,-5.9796893203678536e-05,-1.3232448470290592e-08,0.4634225481659032,0.46342284753960883,0.23476902012122622,86.96337931524252,11.499093157074737,25.07832504322731,39.87507133256739,83.5151140294907,11.97388055588216
10.31035107873,0.026431993205379166,0.14076151431771194,0.3297132652111663,0.18895175089345434,6.53680693972e-11,0.527432296954,52.04010712556076,10.928422496350787,0.1735537190080417,0.17355362053340953,62.96852962191154,63.04852281620579,-0.1268756042507646,1.586760668550216,0.17355371898545213,0.03070735105955073,0.17523513078019123,0.17355479339835161,0.030707387980952065,0.17523523612833142,0.1330202426661758,0.3356876242625556,0.20266738159637981,0.20000000000000015,0.20000011909548596,50.374816198261605,12.593713423649945,-5.979707912162624e-05,-1.3245882168888556e-08,0.46269723046220085,0.4626975086272713,0.2335500302203525,86.42010593882137,11.571381325405008,25.04371045309683,39.930185340261474,83.06918678443526,12.03815805486338
10.76035107873,0.026494493205379166,0.14093758797945416,0.32887471623435666,0.1879371282549025,6.59164236759e-11,0.526718831936,52.347959898150364,10.993071578611687,0.17355371900826594,0.1735536139319877,63.341031476762055,63.42149788547603,-0.12687560432469436,1.5867606685463524,0.17355371898575814,0.030611442095720143,0.17496125884240815,0.1735547755278257,0.030611476143709043,0.1749613561438898,0.13322957558227855,0.334850292599677,0.20162071701739848,0.20000000000000007,0.20000012879324602,50.672817023512586,12.668214453249462,-5.979732260463777e-05,-1.3069567650347835e-08,0.46197408900906095,0.46197434592744074,0.2323438738960038,85.87278543330899,11.645132913228087,25.00667652794703,39.989320407388696,82.61929869117364,12.1037096155699
11.21035107873,0.02655699320537917,0.14111160218060828,0.32804597317610934,0.18693437099550106,6.64721994566e-11,0.52600583384,52.66870196409889,11.060427412450068,0.17355371900812572,0.17355360737538925,63.729129376548954,63.81008881228857,-0.12687560422894872,1.5867606685454867,0.17355371898611466,0.0305159776856065,0.17468822995727704,0.17355475747732194,0.030516008876904616,0.17468831923429973,0.1334366944541548,0.3340218171139538,0.200585122659799,0.19999999999999996,0.20000013810150546,50.98329470015046,12.7458346763985,-5.979737717209943e-05,-1.2864143084101443e-08,0.46125317358289103,0.4612534093131967,0.2311504746839142,85.3223888892256,11.720253183467518,24.967255039102195,40.05246065031422,82.16613537931869,12.170464089414885
11.66035107873,0.02661949320537917,0.14128357562178587,0.3272269491772046,0.1859433735554187,6.70356288447e-11,0.525293577462,53.002300858510324,11.130483180283923,0.17355371900822264,0.17355360076378257,64.13278403879424,64.21425626444335,-0.12687560424836652,1.5867606685426514,0.17355371898635946,0.030420966251029618,0.1744160722268152,0.1735547396272641,0.030420994686748668,0.17441615374370767,0.13364161585420364,0.3332021315149834,0.19956051566077976,0.2000000000000001,0.20000014783831888,51.30621774975243,12.826566289041828,-5.9797555851393014e-05,-1.2723089248822816e-08,0.46053455838528246,0.46053477362545725,0.22996973709456942,84.77019394785984,11.796599175118988,24.925095287770873,40.12020770450716,81.71140468497603,12.238193724062441
12.11035107873,0.026681993205379166,0.141453528251199,0.3264175490078866,0.1849640207566876,6.76069491812e-11,0.524582325101,53.348722821912105,11.203231792599368,0.1735537190082366,0.1735535940534844,64.55195461451149,64.63395934097318,-0.12687560424555766,1.586760668542784,0.1735537189864038,0.03032641549303918,0.17414481184646066,0.17355472193623847,0.030326441253370695,0.17414488580883072,0.13384436127432617,0.33239114983471346,0.1985467885603873,0.19999999999999987,0.20000015774434132,51.64155350890362,12.910401105607859,-5.979754750251587e-05,-1.2697543017026192e-08,0.4598183125836252,0.45981850787656353,0.22880153729316594,84.2155652393957,11.874289475554146,24.880248753583302,40.19252419475822,81.25456373310455,12.307001035470236
12.56035107873,0.026744493205379166,0.14162147499675876,0.3256176995112682,0.18399622451450942,6.8186402708e-11,0.523872328142,53.70793280407856,11.278665888848636,0.1735537190081645,0.1735535873932236,64.9865986929272,65.06915557725974,-0.12687560427077083,1.5867606685411106,0.17355371898649422,0.030232333211905178,0.1738744754468153,0.17355470404471302,0.03023235631735182,0.1738745418896965,0.1340449441862622,0.33158881818742164,0.19754387400115944,0.20000000000000012,0.20000016741206378,51.98926807480116,12.997330618126044,-5.979765295149875e-05,-1.2645440250480533e-08,0.4591045064943318,0.45910468193253745,0.2276457976582474,83.6575059526971,11.953500031012583,24.832787120887524,40.26934210533594,80.79414215742446,12.377134941931015
13.01035107873,0.026806993205379166,0.14178743138161165,0.3248273265605583,0.18303989517894664,6.87742370442e-11,0.523163826468,54.079894468576484,11.356777838406245,0.17355371900832992,0.17355358086828088,65.43667230698273,65.5198009503532,-0.12687560426726252,1.5867606685441569,0.17355371898623032,0.030138726346418787,0.1736050873287381,0.1735546859168124,0.030138746796906594,0.17360514622817663,0.13424337842862416,0.3307950812166535,0.19655170278802936,0.2,0.20000017679138493,52.349326276946265,13.087346030036468,-5.979746097173333e-05,-1.2797496395933194e-08,0.45839320428227653,0.45839335980250107,0.22650243845073675,83.09616002313842,12.034250436139846,24.783032293657925,40.35018750534025,80.33025984470346,12.448609053838814
13.46035107873,0.02686949320537917,0.14195141288177546,0.32404635634803514,0.18209494346625968,6.93707047446e-11,0.522457048305,54.464570197299615,11.437559741428547,0.17355371900820962,0.17355357423866755,65.90212993872817,65.98584988449323,-0.12687560425700406,1.5867606685495435,0.17355371898560398,0.030045600063385504,0.1733366668174553,0.1735546675329345,0.030045617866872557,0.17333671817267268,0.13443967782097682,0.33000988364411393,0.1955702058231371,0.2000000000000001,0.20000018622617868,52.72169167828069,13.180438260447456,-5.979712150994132e-05,-1.3158385492317848e-08,0.45768445697449156,0.4576845925746794,0.22537138004357637,82.53162028336718,12.116568129482522,24.733241536283735,40.43141690639285,79.86290951705037,12.521457157612128
13.91035107873,0.026931993205379166,0.14211343519122688,0.3232747149644017,0.1811612797731748,6.99760641388e-11,0.52175221253,54.86192109511645,11.521003429964864,0.1735537190081451,0.1735535674367701,66.38292452508131,66.46725525683463,-0.12687560427683264,1.586760668548564,0.1735537189856813,0.029952944213057532,0.1730691890922747,0.17355464903613638,0.02995295939799135,0.17306923296181603,0.13463385591486174,0.32923317126895935,0.1945993153540976,0.20000000000000004,0.20000019578847258,53.10632662305365,13.27659790202766,-5.979718322723926e-05,-1.311383224233964e-08,0.45697819903351605,0.45697831486825186,0.22425254436020817,81.96404196667515,12.20047201194127,24.68475426613703,40.510834712736724,79.3919387006369,12.595737254517728
14.36035107873,0.026994493205379166,0.14227351413389008,0.3225123276328119,0.18023881349892182,7.05905796204e-11,0.521049532416,55.27190699480863,11.607100468912067,0.1735537190082923,0.17355356070331152,66.87900746372071,66.96396840337435,-0.12687560441738688,1.5867606685464,0.17355371898566369,0.029860753946554002,0.17280264450104346,0.17355463052627032,0.029860766559629107,0.17280268099664747,0.1348259255361809,0.3284648927835944,0.19363896724741353,0.20000000000000012,0.20000020520427175,53.50319224711855,13.375815216602165,-5.9797319607035604e-05,-1.312399078301496e-08,0.45627440497345356,0.4562745013377763,0.22314585749441146,81.39353646598295,12.285987848899195,24.635411416268106,40.5919748244856,78.9174357413777,12.67147102038547
14.81035107873,0.027056993205379166,0.14243166518783232,0.3217591199697887,0.17932745478195636,7.12145211603e-11,0.520349205237,55.69448646248437,11.695842157103282,0.1735537190080384,0.17355355387336613,67.39032861958765,67.47593912508296,-0.12687560426039024,1.5867606685492721,0.1735537189856078,0.029769035352236805,0.17253705501206634,0.1735546118854866,0.02976904541856649,0.1725370841835647,0.13501590041750877,0.32770499325800423,0.19268909284049546,0.20000000000000004,0.20000021466126694,53.9122484295768,13.47808019001085,-5.97971386073759e-05,-1.3156176148498844e-08,0.4555731328002172,0.45557320982570426,0.22205124032072604,80.82018972837841,12.37314591020899,24.583686523840903,40.677381686844015,78.43971455285225,12.748644047221838
15.26035107873,0.027119493205379163,0.14258790454069992,0.32101501793198056,0.17842711339128065,7.18481648938e-11,0.519651415212,56.12961680189117,11.787219528397207,0.17355371900826522,0.17355354755855082,67.91683633028838,68.00311569423918,-0.1268756042572372,1.586760668551546,0.1735537189854184,0.029677794894852942,0.1722724438058883,0.17355459364166584,0.029677802543273145,0.17227246600450447,0.13520379464502746,0.3269534163469827,0.19174962170195525,0.19999999999999996,0.2000002239151171,54.33345385662434,13.583382473664035,-5.979699529978788e-05,-1.3265311071819497e-08,0.4548744437205633,0.4548745023345979,0.22096861167536175,80.24410203785408,12.461975081087747,24.529658614396133,40.76697583606456,77.95882249388512,12.827284558825106
15.71035107873,0.027181993205379167,0.1427422477576781,0.3202799473042864,0.17753769954660828,7.24917970089e-11,0.518956338281,56.57725406082242,11.881223352772576,0.17355371900826283,0.1735535424141606,68.45847741359499,68.54544486096657,-0.12687560427679934,1.5867606685510065,0.17355371898547556,0.02958703789591036,0.17200883086606444,0.17355457577816313,0.029587043246616013,0.17200884641964206,0.13538962189914652,0.32621010733079125,0.19082048543164473,0.19999999999999996,0.2000002319470463,54.76676605213437,13.691711361460632,-5.9797029305919125e-05,-1.3232381856909115e-08,0.45417839049979963,0.4541784315680321,0.21989789273529073,79.6653062757388,12.552515602447876,24.473892404843067,40.85986746440517,77.47475188053122,12.907430817487935
16.16035107873,0.027244493205379167,0.14289470989072936,0.31955383452305214,0.17665912463232278,7.31457036931e-11,0.518264141024,57.03735303611795,11.977844137586631,0.17355371900828676,0.17355353772859344,69.01519717370458,69.10287185997541,-0.12687560431423606,1.5867606685472886,0.17355371898572713,0.02949676647857694,0.17174622697042558,0.1735545579674171,0.029496769585364215,0.17174623601512848,0.1355733959427686,0.32547501115756183,0.18990161521479323,0.20000000000000018,0.20000023953152074,55.212141207648536,13.80305596605605,-5.979726360738624e-05,-1.3087431138814054e-08,0.45348500159610367,0.45348502547806596,0.21883900419968197,79.08385322248172,12.644806231011048,24.416771889864442,40.95545490250111,76.98758777399554,12.989106801678162
16.61035107873,0.027306993205379167,0.14304530624577338,0.3188366063425808,0.17579130009680743,7.3810176171e-11,0.517574972345,57.509867279607455,12.07707212870639,0.17355371900813177,0.17355353288692163,69.58693940831385,69.67534041750692,-0.1268756042860364,1.586760668545455,0.1735537189860572,0.029406983011079035,0.17148464365965552,0.1735545401468487,0.02940698390591439,0.17148464626873855,0.13575513057373242,0.32474807263535715,0.18899294206162473,0.20000000000000004,0.20000024729968066,55.669534317823185,13.917405090490663,-5.9797379170500875e-05,-1.2897249934695765e-08,0.452794307481918,0.45279431437103485,0.21779186656603172,78.49983334073005,12.7388805484399,24.358388874511775,41.05361833049574,76.49732455353545,13.072352606268808
17.06035107873,0.02736949320537917,0.14319405220098907,0.31812818989310526,0.1749341376921162,7.44855148537e-11,0.516888979086,57.994749103749776,12.17889731177712,0.1735537190081428,0.17355352799055915,70.17364641552689,70.26279275848201,-0.12687560436366319,1.5867606685478783,0.173553718985581,0.02931768886015118,0.17122408960234298,0.1735545223789381,0.02931768759209137,0.1712240858994183,0.13593483923558156,0.3240292379855788,0.18809439874999725,0.2,0.2000002550755282,56.13889923284159,14.034747182685305,-5.979722644822161e-05,-1.3171630453001626e-08,0.4521063310461003,0.45210632126876177,0.21675640236882396,77.91327086160564,12.834783971221817,24.299784664453462,41.15262805035608,76.00376033760618,13.157243741073247
17.51035107873,0.027431993205379167,0.1433409627140999,0.31742851342330297,0.17408755070920306,7.51720266731e-11,0.51620631084,58.491949588171664,12.283309413502545,0.17355371900810676,0.1735535228438807,70.77525900167421,70.86516961385296,-0.1268756042900443,1.5867606685506372,0.1735537189855022,0.029228878707152243,0.1709645539495022,0.17355450457269414,0.029228875298582774,0.17096454398085814,0.1361125344891903,0.32331845697075,0.1872059224815597,0.20000000000000004,0.20000026307099505,56.620188582421555,14.15507041925265,-5.979705257619372e-05,-1.3217027472478549e-08,0.45142104364259295,0.45142101732102047,0.21573253924043506,77.32426256716204,12.93255139848794,24.240665742875517,41.25299241395242,75.50688929566743,13.243824627501636
17.96035107873,0.027494493205379167,0.14348605323193142,0.3167375044056232,0.17325145117369178,7.58700259139e-11,0.515527096202,59.00141858529186,12.390297902922255,0.1735537190083914,0.1735535174766745,71.39171648821412,71.48241022815918,-0.12687560429983646,1.5867606685488673,0.17355371898566296,0.02914055605539604,0.17070605160742264,0.1735544869067264,0.02914055055095621,0.17070603548485394,0.13628822947349653,0.3226156770343295,0.18632744756083294,0.19999999999999984,0.20000027123528955,57.11335382661841,14.278362661595715,-5.9797164120301005e-05,-1.3124401565534072e-08,0.4507384846305063,0.4507384420598868,0.2147202014746462,76.73292649588419,13.032215056383105,24.17993537135741,41.35660350790516,75.00687749300987,13.332110780017382
18.41035107873,0.027556993205379167,0.143629338655603,0.31605509086743583,0.17242575221183282,7.65798340874e-11,0.514851453271,59.52310472733555,12.499851992733342,0.17355371900818273,0.17355351208275568,72.02295672006889,72.11445236728676,-0.1268756042850927,1.5867606685557971,0.17355371898500074,0.029052723571516493,0.1704485950998614,0.17355446920475004,0.029052715990885408,0.17044857286256582,0.13646193724584652,0.32192084594161596,0.18545890869576945,0.19999999999999996,0.20000027934998182,57.61834525644346,14.404611463625429,-5.979672739186981e-05,-1.3505974116867492e-08,0.4500586870780253,0.4500586283618579,0.21371931383014547,76.1393051066757,13.133820943058783,24.117692381466973,41.46333671493551,74.50374229718571,13.422144568404772
18.86035107873,0.027619493205379163,0.14377083423177786,0.3153812015917452,0.17161036735996735,7.73017806273e-11,0.514179490711,60.056955432441306,12.61196064079343,0.1735537190080456,0.17355350702875072,72.66891607323474,72.76123232643232,-0.1268756042825392,1.5867606685563196,0.17355371898483551,0.02896538393779236,0.17019219705319147,0.17355445170743689,0.0289653743804733,0.17019216897517142,0.13663367073766886,0.3212339119735022,0.18460024123583335,0.2000000000000001,0.20000028699488562,58.13511200298053,14.533804070254202,-5.97966944626549e-05,-1.3601175741229099e-08,0.4493816843242858,0.4493816101860565,0.2127298018048868,75.54339562194905,13.23742455269579,24.053845924575135,41.573393424721665,73.99747682370077,13.513974299184596
19.31035107873,0.027681993205379167,0.14391055486357082,0.3147157670837026,0.17080521222013176,7.8036203994e-11,0.513511310218,60.60291691163748,12.72661255143576,0.17355371900817307,0.1735535023077111,73.32952946307324,73.42268493827007,-0.12687560428381595,1.5867606685556908,0.17355371898493538,0.028878540384237185,0.16993687176194924,0.1735544346703551,0.0288785289932585,0.16993683824662179,0.13680344268459582,0.32055482418629483,0.183751381501699,0.19999999999999998,0.20000029425772578,58.663601992678025,14.665927470395221,-5.979673409761688e-05,-1.3543632881862777e-08,0.448707514113103,0.44870742561800886,0.21175159201602822,74.94592653266315,13.342953330014234,23.98836707805361,41.68687250558528,73.48842175889348,13.607585740252766
19.76035107873,0.027744493205379167,0.14404851768466947,0.3140587049360482,0.17001018725137873,7.87834520234e-11,0.512847006799,61.16093417572044,12.843796176901446,0.17355371900826622,0.17355349777880122,74.00473035262188,74.0987435813229,-0.12687560430475475,1.586760668555971,0.1735537189849505,0.028792195704104465,0.16968263229955052,0.17355441795143803,0.028792182581839396,0.16968259363246246,0.13697126728360487,0.31988352579033313,0.18291225850672826,0.2,0.2000003014322277,59.20376197468676,14.800968377935105,-5.9796716433968555e-05,-1.353491763111947e-08,0.4480362109640007,0.44803610886601003,0.21078460265992005,74.34741512507479,13.450366745336044,23.921356715425926,41.80364901105881,72.97662649758831,13.70301763720261
20.21035107873,0.02780699320537917,0.14418473884044058,0.31340993854549465,0.16922519970505406,7.95438907465e-11,0.512186667015,61.73095104234144,12.963499718894653,0.17355371900829714,0.17355349333910558,74.6944507612361,74.78934018853812,-0.1268756042810737,1.586760668558784,0.17355371898466812,0.028706352302498937,0.1694294906517131,0.17355440159917473,0.028706337536753602,0.16942944707681012,0.13713715718374317,0.31921996618836823,0.18208280900462506,0.19999999999999993,0.2000003085199348,59.75553756426178,14.938913196974298,-5.979653915355598e-05,-1.3697620815378286e-08,0.4473678065245054,0.44736769146774125,0.20982876085273544,73.74722197780612,13.559832807003161,23.852945841416258,41.92354297236041,72.46168684046434,13.800396369486338
20.66035107873,0.027869493205379164,0.1443192326564468,0.3127693990283871,0.16845016637194027,8.03179003233e-11,0.511530370126,62.312910143107274,13.085711130039853,0.17355371900812552,0.17355348857055047,75.39862127314713,75.49440525606599,-0.1268756043497299,1.5867606685607243,0.17355371898427757,0.028621011944802488,0.16917745696398942,0.17355438549783447,0.02862099559196696,0.16917740863356123,0.13730112442233686,0.31856409723203943,0.18126297280970258,0.19999999999999993,0.20000031595708498,60.318873195789116,15.079748077358015,-5.979641687359205e-05,-1.392265192023956e-08,0.44670232758330386,0.4467021999698775,0.20888399723763523,73.14504215070671,13.671466590170503,23.78325972566261,42.04638100642613,71.94354921409423,13.899786859613164
21.11035107873,0.027931993205379164,0.14445201392545734,0.3121370174217381,0.16768500349628077,8.1105880633e-11,0.510878186864,62.90675293130081,13.210418115575298,0.17355371900828753,0.17355348381322078,76.11717104687612,76.21386785224274,-0.12687560425892475,1.5867606685653803,0.173553718983904,0.02853617606391149,0.16892654043669839,0.1735543699041546,0.028536158226987438,0.168926487641777,0.13746318111660427,0.31791587045310254,0.18045268933649827,0.2,0.20000032332793308,60.89371222669331,15.223458820182811,-5.979612344164664e-05,-1.4137890858023638e-08,0.4460397984332536,0.4460396590316165,0.20795024199708648,72.54093170116042,13.785320598301652,23.71235140878912,42.17211455584891,71.42227138370289,14.00123491771475
21.56035107873,0.027994493205379167,0.14458309658102506,0.31151272569398814,0.16692962911296308,8.19084131301e-11,0.510230180524,63.51241968904082,13.337608134675591,0.17355371900801733,0.1735534787688841,76.8500278237164,76.94765562677749,-0.12687560428691347,1.5867606685698687,0.17355371898335634,0.02845184598232391,0.16867674997557877,0.17355435452620885,0.02845182670128435,0.168676692821754,0.13762333927981152,0.31727523779753564,0.17965189851772412,0.19999999999999998,0.20000033096176062,61.47999682455261,15.370030999163792,-5.979584057902443e-05,-1.4453460650543093e-08,0.445380242589392,0.4453800916783474,0.20702742591069054,71.93490367941429,13.901457412893865,23.640281865622047,42.3006800715947,70.89785983818128,14.104798117777046
22.01035107873,0.028056993205379167,0.1447124948141425,0.31089645643368247,0.16618396161953997,8.27259402724e-11,0.509586409621,64.12984953536875,13.467268402450555,0.17355371900851066,0.1735534733716093,77.59711793781932,77.6956948201422,-0.12687560430608702,1.586760668566638,0.1735537189837142,0.028368022641271855,0.1684280933848978,0.17355433939278142,0.02836800196262562,0.16842803199772186,0.13778161077040624,0.3166421518369455,0.17886054106653926,0.20000000000000012,0.20000033892570673,62.07766805059742,15.5194498872219,-5.9796044182824915e-05,-1.4247270030409709e-08,0.444723680658391,0.4447235185694516,0.20611548065742127,71.3289229873479,14.01955837994886,23.567385827207623,42.4315198695283,70.37188758665256,14.210219937168063
22.46035107873,0.02811949320537917,0.14484022939701124,0.31028811021315855,0.1654478808161473,8.35588615778e-11,0.508946774424,64.75898043417705,13.599385891187037,0.1735537190083684,0.1735534679239525,78.35836632536407,78.45791027316618,-0.1268756043278585,1.5867606685717597,0.17355371898321317,0.028284704942563785,0.16818057242905254,0.1735543244147067,0.028284682900313725,0.16818050689754066,0.13793801431351335,0.3160165376620128,0.17807852334849947,0.20000000000000007,0.20000034688820817,62.68666587869798,15.671700446666106,-5.9795721407684965e-05,-1.4535950221272742e-08,0.4440701172990289,0.44406994426723373,0.20521429833472873,70.72536690833248,14.139198475931632,23.49399808988648,42.56406236920877,69.84628924309882,14.317152862903239
22.91035107873,0.028181993205379167,0.14496632263250514,0.30968758170719984,0.1647212590746947,8.44076039619e-11,0.508310590577,65.39974920207212,13.73394733242265,0.173553719008134,0.17355346261790663,79.13369653449476,79.23422543683317,-0.12687560430378886,1.586760668576896,0.1735537189826339,0.028201891437207954,0.16793418781536995,0.17355430974462083,0.028201868103084338,0.16793411834134342,0.13809256996207805,0.31539831506485766,0.1773057451027796,0.19999999999999998,0.20000035463705637,63.30692916385461,15.82676737064015,-5.9795397711059906e-05,-1.4869727671396049e-08,0.4434195543789576,0.443419370937203,0.2043237634039477,70.12231003662006,14.260796592094138,23.419961174636146,42.69861903456106,69.31944973032786,14.425965640094967
23.36035107873,0.028244493205379168,0.1450907877067817,0.3090948072485827,0.164004019541801,8.52726108894e-11,0.507677632469,66.05209151667763,13.87093921849368,0.17355371900817532,0.17355345727813354,79.9230307351713,80.02456238228248,-0.12687560430028055,1.5867606685798055,0.1735537189823551,0.028119582137589354,0.16768894458964595,0.17355429523055071,0.028119557554091543,0.1676888712887398,0.13824528876530162,0.31478743985056884,0.17654215108526722,0.19999999999999987,0.20000036242604138,63.938395621949404,15.984635113221906,-5.979521434662516e-05,-1.5030354738598817e-08,0.44277200522128074,0.4427718116748936,0.20344381220281527,69.51708198227452,14.384953618378,23.345129972920354,42.83548650874807,68.78928910382415,14.537146887659983
23.81035107873,0.028306993205379168,0.14521363685973734,0.3085097293323082,0.16329609247257085,8.61543355593e-11,0.507047807115,66.71594192522892,14.010347804286955,0.17355371900815061,0.17355345194957025,80.72628972951588,80.8288418110126,-0.12687560430035827,1.5867606685797861,0.17355371898232283,0.02803777660803152,0.1674448464660275,0.1735542810078509,0.028037750829240135,0.16744476948904716,0.13839618117013663,0.3141838702310678,0.17578768906093117,0.19999999999999998,0.20000037021901157,64.58100189720551,16.14528783231037,-5.9795215567870486e-05,-1.5048962076491534e-08,0.44212747963296734,0.4421272763801398,0.20257438453667653,68.90932352728292,14.511824362984424,23.270380251912485,42.97308377321486,68.25552518582795,14.650828592666551
24.26035107873,0.028369493205379164,0.1453348820159013,0.30793229252915666,0.16259741051325535,8.70532426829e-11,0.506421325885,67.39123385298599,14.152159109113915,0.17355371900813127,0.17355344676684625,81.54339296209992,81.64698306528899,-0.12687560433953804,1.5867606685797555,0.17355371898237834,0.02795646871932067,0.16720188013093834,0.1735542673115685,0.027956441836942614,0.16720179974193644,0.13854525672226295,0.313587568022841,0.17504231130057804,0.20000000000000012,0.20000037778486865,65.23468356381993,16.30870939827998,-5.979521749965855e-05,-1.5016976551152084e-08,0.4414859424603651,0.44148573019831144,0.20171542540331808,68.29878344433732,14.641549227812936,23.196144233931882,43.110613122381594,67.71787392294465,14.767149971924516
24.71035107873,0.028431993205379168,0.1454545338722956,0.30736244491327447,0.16190791104097887,8.79698089055e-11,0.505798314813,68.07789961215515,14.296358918543753,0.1735537190081759,0.17355344181794066,82.3742585306989,82.47890413875281,-0.1268756043095176,1.5867606685798092,0.17355371898234395,0.027875655059165158,0.16696004030655107,0.17355425397030239,0.02787562713337435,0.166959956676367,0.13869252438156282,0.3129984973854681,0.17430597300390527,0.19999999999999987,0.2000003850627003,65.8993751053047,16.474883425394207,-5.979521411347832e-05,-1.5036782929911396e-08,0.44084737976770605,0.44084715894751686,0.2008668831757246,67.6856699408342,14.774175994329758,23.12158276054111,43.24963435057666,67.17682629692042,14.886085799588345
25.16035107873,0.028494493205379168,0.14557260435586208,0.30680012881170493,0.16122752445584285,8.89045231865e-11,0.505178870375,68.77587041058062,14.44293278620414,0.17355371900808778,0.17355343706871126,83.21880319678478,83.32452168723444,-0.12687560433468636,1.5867606685811106,0.17355371898219252,0.02779533542378926,0.16671933128401537,0.17355424083164098,0.027795306500946394,0.16671924454287332,0.13883799559620155,0.31241661252615666,0.1735786169299551,0.2,0.20000039209356235,66.57500992787081,16.643793268913953,-5.9795132090201264e-05,-1.5124046459646934e-08,0.4402118028854984,0.4402115738510222,0.20002869189050668,67.0710532085152,14.90956160910624,23.046275239542148,43.39095969331427,66.63321649734571,15.007530066327119
25.61035107873,0.028556993205379168,0.14568910785289077,0.30624527647134003,0.16055616861844926,8.98578871362e-11,0.504563070053,69.48507636108545,14.591866035836173,0.17355371900834535,0.17355343249224453,84.07694239692162,84.18375103976686,-0.12687560428946698,1.58676066858282,0.17355371898209448,0.027715509342715463,0.16647975655531055,0.17355422802635362,0.027715479494233496,0.16647966690930607,0.13898168267880828,0.3118418641952397,0.1728601815164314,0.19999999999999998,0.2000003988967807,67.26152037951564,16.81542201740598,-5.9795024376363415e-05,-1.5180523504909615e-08,0.4395792210340916,0.43957898432951065,0.19920078060444688,66.45536613511284,15.047693785432818,22.970477903876137,43.534139959328215,66.08707360686239,15.131552139057968
26.06035107873,0.028619493205379164,0.1458040575120895,0.3056978250729022,0.15989376756081272,9.08304154212e-11,0.503950968969,70.2054464904281,14.7431437629948,0.17355371900831212,0.17355342782143876,84.94859025342289,85.05650620980266,-0.1268756044523811,1.586760668582554,0.17355371898181754,0.02763617482601316,0.16624131503935224,0.1735542155185192,0.027636144109845225,0.16624122265504793,0.13912359688291723,0.31127420737741973,0.1721506104945025,0.2,0.2000004057520415,67.95883773467439,16.989752518748496,-5.979504114073109e-05,-1.534009586023899e-08,0.438949631358951,0.4389493874240633,0.19838308447441536,65.83833247435321,15.188720042226798,22.89438533779337,43.67883152334427,65.5381836014932,15.258280670098038
26.51035107873,0.028681993205379164,0.14591746614499154,0.3051577132691689,0.15924024712417736,9.18226361643e-11,0.503342610195,70.93690874930132,14.896750837353121,0.17355371900826294,0.17355342316282635,85.83365958665445,85.94269990663234,-0.12687560443919166,1.5867606685862445,0.17355371898143496,0.027557330064027306,0.1660040061686082,0.1735542032491874,0.027557298523006053,0.16600391116779764,0.13926374927517846,0.31071359780646146,0.171449848531283,0.1999999999999999,0.20000041255703246,68.66689225804367,17.16676732861077,-5.979480854900743e-05,-1.556054174400856e-08,0.4383230323615438,0.43832278151793763,0.19757553973584896,65.22000281136356,15.332719363602447,22.817866268769706,43.82530724920048,64.98654612478907,15.38780039301936
26.96035107873,0.028744493205379168,0.14602934675141085,0.30462487943653666,0.1585955326851258,9.28350913593e-11,0.502738025497,71.67939002127501,15.052671904454657,0.1735537190081397,0.17355341849081127,86.73206192572967,86.8422435470027,-0.12687560428283895,1.5867606685889215,0.17355371898136726,0.027478973990416915,0.1657678315911049,0.17355419126699145,0.027478941664673066,0.16576773408800963,0.13940215079936583,0.31015999170937336,0.17075784091000754,0.2000000000000001,0.20000041934242957,69.38561317015017,17.346448755579505,-5.9794639839516606e-05,-1.5599543878863642e-08,0.4376994283933793,0.4376991709426493,0.19677808333418947,64.6004814512348,15.479760793344452,22.740939365921935,43.97355728842643,64.43220104763363,15.520189963101169
27.41035107873,0.028806993205379168,0.14613971229528727,0.3040992626515217,0.15795955035623443,9.38683372684e-11,0.502137240126,72.43281613255077,15.210891387836641,0.1735537190082737,0.17355341378401698,87.64370752038742,87.75504726693731,-0.1268756043298791,1.5867606685901214,0.17355371898123323,0.02740110468079653,0.1655327903492131,0.1735541797124864,0.02740107162583226,0.1655326905050246,0.13953881238325483,0.3096133453731467,0.1700745329898919,0.1999999999999999,0.2000004262052037,70.11492866210571,17.5287788582817,-5.97945642222264e-05,-1.5676770992456568e-08,0.4370788169258982,0.43707855329366024,0.19599065230243795,63.97978851273217,15.629936003945948,22.663688794694433,44.12344385147487,63.87519934739133,15.655528440097777
27.86035107873,0.028869493205379165,0.14624857520268716,0.3035808026662031,0.1573322274635159,9.49229448883e-11,0.501540268408,73.1971118626445,15.371393491158463,0.17355371900829356,0.1735534090245603,88.56850535380296,88.68101993375683,-0.12687560431523526,1.5867606685924045,0.17355371898098992,0.027323720504112536,0.16529888234380938,0.17355416839883922,0.02732368677292391,0.1652987803128744,0.13967374487647324,0.3090736153990567,0.16939987052258346,0.19999999999999998,0.20000043312538332,70.85476592177453,17.713739432028426,-5.979442033732241e-05,-1.5816969956006233e-08,0.43646119769737146,0.43646092829116845,0.19521318412582617,63.35799337548836,15.78332814414661,22.586108963693597,44.27500113487746,63.315597817965084,15.79389651938596
28.31035107873,0.028931993205379168,0.1463559482413359,0.30306943933084174,0.15671349108950583,9.5999500395e-11,0.500947117563,73.97220095368998,15.534162200264385,0.1735537190081674,0.1735534043975651,89.50636315395435,89.62006915829889,-0.1268756043288688,1.5867606685943938,0.17355371898073557,0.027246819594183097,0.16506610673964264,0.17355415743867292,0.027246785229918444,0.16506600264717883,0.1398069591343201,0.30854075836639755,0.16873379923207746,0.19999999999999996,0.2000004398829674,71.60505115083886,17.901312003115496,-5.9794294970938466e-05,-1.5963519395256753e-08,0.4358465685023717,0.4358462936528327,0.19444561625772003,62.73522112373262,15.940009170091246,22.50822596605786,44.42820156097545,62.75349647686033,15.935367049527498
28.76035107873,0.028994493205379168,0.14646184380722377,0.30256511224721006,0.1561032684399863,9.70986055976e-11,0.500357790486,74.75800612104838,15.699181285414788,0.1735537190082154,0.17355339984240126,90.45718740646316,90.57210130733759,-0.1268756043149355,1.586760668594331,0.17355371898083005,0.027170400160951732,0.16483446290430812,0.1735541465943211,0.02717036518409213,0.16483435680734806,0.13993846611193358,0.3080147304564156,0.168076264344482,0.2,0.2000004465295043,72.36570953336748,18.091477873095684,-5.9794298934434664e-05,-1.5909085160359382e-08,0.43523492767107413,0.4352346475287902,0.19368788557772984,62.11165659683532,16.10003749362163,22.430045448166048,44.58305723503396,62.18903322161745,16.080005560407898
29.21035107873,0.029056993205379168,0.14656627480574863,0.30206776014593484,0.1555014853401862,9.82208784636e-11,0.499772284787,75.55444906361961,15.866434303344716,0.17355371900812522,0.17355339521928034,91.42088336696433,91.53702151620128,-0.1268756043328212,1.586760668595274,0.17355371898067432,0.02709446032114078,0.1646039498953193,0.17355413589782528,0.027094424749265968,0.16460384184236396,0.140068276920692,0.307495487220602,0.16742721029991,0.20000000000000004,0.20000045318251677,73.13666526322545,18.28421810373888,-5.9794239504196156e-05,-1.5998813385209587e-08,0.4346262727149032,0.4346259874079379,0.19293992805970003,61.48663697922517,16.26369645713223,22.351701676882985,44.73932295876334,61.6219348240462,16.22798769391737
29.66035107873,0.029119493205379165,0.14666925136436423,0.30157733555436256,0.15490808418999832,9.93669535629e-11,0.499190588575,76.3614504744586,16.03590459964271,0.17355371900832173,0.17355339071431153,92.39735507410131,92.51473370158912,-0.12687560434041512,1.5867606685948001,0.17355371898072325,0.027018997398874593,0.1643745643306001,0.17355412547999244,0.027018961268724707,0.16437445442867546,0.1401964010485634,0.30698299070936386,0.16678658966080046,0.19999999999999996,0.20000045968219204,73.91784158586232,18.47951348823898,-5.979426936919552e-05,-1.5970624822614354e-08,0.4340205947037017,0.43402030451465046,0.19220168903748883,60.85878440221734,16.43148166402689,22.273621759361248,44.89615612601107,61.0516154523014,16.379582957657906
30.11035107873,0.029181993205379165,0.1467707814855453,0.3010938010872495,0.1543230196017042,1.00537482654e-10,0.498612688201,77.17893005157438,16.20757531081944,0.17355371900816552,0.17355338634106057,93.38650536239383,93.50514057458403,-0.12687560433705114,1.5867606685961284,0.17355371898057637,0.026944006663144074,0.16414629652582502,0.17355411546599112,0.026943970027687378,0.1641461849318691,0.1403228468574714,0.3064772074729954,0.166154360615524,0.1999999999999999,0.2000004660048992,74.70916077134605,18.677344591047785,-5.979418565837946e-05,-1.605525712378153e-08,0.4334178680666234,0.4334175734098711,0.19147312032817096,60.22886709356184,16.60333405319681,22.19619625513872,45.05276437932407,60.47847404913402,16.534808718678622
30.56035107873,0.02924449320537917,0.14687087723156197,0.3006170982141609,0.1537462209825989,1.01733135148e-10,0.498038565252,78.00680650863876,16.38142936682543,0.17355371900836333,0.17355338204809853,94.38823587546418,94.50814365386363,-0.1268756043273922,1.5867606685974835,0.17355371898045763,0.026869482872029966,0.16391913516130435,0.1735541056665737,0.026869445760220715,0.1639190219596881,0.1404476252093234,0.3059780940649951,0.1655304688556717,0.20000000000000004,0.20000047225149498,75.51054412538585,18.877691750078338,-5.979410024892218e-05,-1.6123669066558932e-08,0.4328180629147468,0.43281776401306954,0.19075415934777046,59.598654970019,16.778902149772478,22.119819156954968,45.20832620304572,59.90327660861012,16.693577657424274
31.01035107873,0.02930699320537917,0.14696955212506013,0.3001471630255016,0.15317761090044146,1.02954598707e-10,0.497468193799,78.84499758628273,16.5574494931068,0.17355371900815558,0.1735533779195299,95.40244707938952,95.52364327910551,-0.12687560435888923,1.5867606685977145,0.17355371898038724,0.026795418745346068,0.16369306260604347,0.17355409616561593,0.026795381191224894,0.16369294789704564,0.14057074733639974,0.3054856055563372,0.16491485821993745,0.20000000000000007,0.20000047826492195,76.32191203586771,19.080535043521813,-5.9794085693898325e-05,-1.616422551364849e-08,0.43222113269455065,0.432220829812728,0.19004474137706792,58.96850438692533,16.95820523848529,22.044138338487762,45.363533137244886,59.326248844247054,16.855945209436097
31.46035107873,0.029369493205379172,0.14706681904063207,0.29968393340522254,0.15261711436459047,1.042025798e-10,0.496901544965,79.69342006319677,16.735618213270552,0.17355371900825786,0.1735533738963269,96.42903827646734,96.55153862458936,-0.12687560433224387,1.5867606685993083,0.17355371898022534,0.02672181150740002,0.16346807488742265,0.17355408682291545,0.026721773528206608,0.16346795872037617,0.1406922246847185,0.30499969616225364,0.16430747147753513,0.20000000000000007,0.2000004841346049,77.14318393653951,19.285854339927813,-5.979398525202129e-05,-1.6257506452177495e-08,0.4316270669165849,0.4316267601848775,0.1893448004643955,58.33838693057715,17.14137213272631,21.96837416381984,45.51998215903115,58.74758199473165,17.021977178391406
31.91035107873,0.029431993205379165,0.1471626909898248,0.2992273479765585,0.1520646569867337,1.05477804308e-10,0.496338594695,80.5519897675005,16.915917851174168,0.17355371900825653,0.1735533699761606,97.46790761867466,97.59172771299181,-0.1268756043353414,1.5867606685998321,0.1735537189802132,0.02664865917666053,0.16324417042167397,0.17355407773958745,0.026648620804522422,0.16324405289174374,0.1408120689144485,0.30452031924327144,0.16370825032882294,0.2,0.20000048981297386,77.97427835389402,19.493629264780616,-5.9793952245090765e-05,-1.6264500857232633e-08,0.431035861399011,0.4310355510686956,0.18865426942635644,57.70917460390499,17.32826724456969,21.892808555936256,45.67709974008105,58.16819121576113,17.191526487229712
32.36035107873,0.02949449320537916,0.14725718345134517,0.29877733316802374,0.15152014971667857,1.06781018101e-10,0.495779311518,81.42062158835536,17.098330533541198,0.17355371900815184,0.17355336612234434,98.51895212189656,98.64410742937564,-0.1268756043727004,1.5867606686023388,0.17355371897989366,0.026575957140816016,0.16302133952589157,0.1735540689393468,0.026575918409034956,0.16302122073225606,0.14093029483911834,0.30404741554299475,0.1631171207038764,0.19999999999999998,0.200000495412929,78.81511288995462,19.703839231941945,-5.979379427145659e-05,-1.644862024363647e-08,0.43044749057473114,0.43044717690768225,0.18797306290618065,57.08445834434187,17.517902928461766,21.818020116025224,45.833673022672905,57.59120806724751,17.36376147609771
32.81035107873,0.02955699320537917,0.14735032078341445,0.29833377378203435,0.1509834529986199,1.08112987678e-10,0.495223660485,82.29922948770306,17.282838192414474,0.17355371900823816,0.17355336227160922,99.58206768011753,99.70857353537069,-0.1268756043413588,1.5867606686025013,0.17355371897989294,0.026503699631846584,0.1627995688933069,0.17355406056003045,0.02650366057646639,0.16279944894398873,0.1410469264394916,0.30358088914149806,0.16253396270200646,0.19999999999999993,0.20000050096810157,79.66560425665462,19.9164634234629,-5.979378402409807e-05,-1.644903102615558e-08,0.4298619193080684,0.42986160258951284,0.18730104273259787,56.4655383806693,17.709917033968193,21.743972174199033,45.989757160680156,57.01741986694856,17.5384996784057
33.26035107873,0.029619493205379165,0.14744212177681798,0.29789657849711465,0.15045445672029667,1.09474500846e-10,0.494671600662,83.18772651194502,17.469422567511838,0.17355371900829225,0.17355335860951412,100.65714907945686,100.78502068354656,-0.12687560435316048,1.5867606686045372,0.17355371897966407,0.026431882372177074,0.16257884970738684,0.17355405228199758,0.02643184303353292,0.1625787287240644,0.14116198115735884,0.30312067026888356,0.16195868911152472,0.20000000000000007,0.2000005061865387,80.52566831227159,20.13148076718526,-5.979365571562312e-05,-1.6580914419250803e-08,0.42927912431952703,0.4292788048707489,0.18663810840451958,55.84948354579917,17.905268527325838,21.670187934201817,46.14634644777174,56.44411058064231,17.716640225401182
33.71035107873,0.02968199320537917,0.1475326008739713,0.297465681077975,0.1499330802040037,1.10866367341e-10,0.494123091841,84.08602480418321,17.658065208888008,0.17355371900834188,0.17355335554035217,101.74409001307123,101.87334243197498,-0.1268756043712349,1.58676066860832,0.17355371897921618,0.026360502831782404,0.1623591784648543,0.17355404454575218,0.026360463260623596,0.16235905660179106,0.14127547136388752,0.302666709440531,0.16139123807664346,0.2000000000000001,0.20000051075204947,81.39522004445449,20.348869968616743,-5.979341732853527e-05,-1.683898576132492e-08,0.42869909635892645,0.4286987745872487,0.18598418864051422,55.233746590691105,18.104873591329696,21.59660509797883,46.30357389336102,55.86965240942039,17.898804751314085
34.16035107873,0.02974449320537917,0.1476217681896847,0.2970410322033642,0.1494192640136795,1.12289419546e-10,0.493578090089,84.9940356163426,17.848747479420737,0.17355371900817437,0.17355335252522666,102.84278309576335,102.97343125898202,-0.12687560433923828,1.5867606686088687,0.17355371897919628,0.026289557204077697,0.16214054768649852,0.17355403715072323,0.026289517439286328,0.16214042506200088,0.1413874074766819,0.3022189649892537,0.1608315575125718,0.19999999999999996,0.20000051530260202,82.27417348145694,20.568609614306396,-5.979338274508805e-05,-1.6850443262939052e-08,0.428121815677886,0.428121491895689,0.18533922341906087,54.61663587072602,18.309439680007646,21.523736034534817,46.46033562182238,55.2931267676477,18.08543047677863
34.61035107873,0.02980699320537917,0.14770963192270917,0.29662259324945695,0.14891296132674778,1.13744513218e-10,0.493036542814,85.91166932126136,18.04145055745681,0.1735537190082002,0.17355334946288745,103.95311987871817,104.08517857808775,-0.12687560435946654,1.586760668610056,0.1735537189790576,0.02621903964896809,0.161922943553309,0.17355403016949045,0.02621899973409038,0.16192282030056906,0.14149779781304045,0.30177740364312583,0.16027960583008538,0.19999999999999996,0.2000005199901898,83.162441848372,20.790678030346175,-5.979330792715842e-05,-1.6930346014021325e-08,0.4275472457881861,0.42754692034715525,0.18470316481352955,53.99893821019009,18.51888265112759,21.451503655742464,46.61677876050916,54.714860183141006,18.276570508501905
35.06035107873,0.029869493205379165,0.1477962046412269,0.2962103046324958,0.14841409999126892,1.15232528197e-10,0.492498400626,86.83883542561442,18.236155439388217,0.17355371900833672,0.17355334647252854,105.07499086500265,105.20847475313194,-0.12687560431088318,1.5867606686108706,0.17355371897913813,0.02614894694564492,0.1617063602510579,0.17355402364798678,0.02614890692789456,0.16170623651515287,0.14160665377463721,0.3013419797971422,0.159735326022505,0.20000000000000004,0.20000052469427357,84.05993755975611,21.015053305246536,-5.9793256579343534e-05,-1.688394979382224e-08,0.4269753713377276,0.42697504462093006,0.184075947130509,53.38242450398455,18.732757256564064,21.379430237087014,46.77393124655374,54.13604754931679,18.471980228867302
35.51035107873,0.029931993205379166,0.14788149988612584,0.2958041022582942,0.14792260237216834,1.16754369216e-10,0.491963615712,87.7754425821122,18.432842942231993,0.17355371900817443,0.17355334356533916,106.20828552434419,106.34320911358651,-0.12687560434462286,1.5867606686093505,0.17355371897911562,0.026079276456604687,0.1614907937208951,0.17355401765318315,0.026079236392274205,0.1614906696756014,0.14171398811663596,0.3009126424290346,0.15919865431239863,0.2,0.2000005293826682,84.96657219464977,21.241713329694413,-5.979335238048833e-05,-1.689691719874986e-08,0.4264061816093746,0.42640585407565595,0.18345749687410132,52.767297897073725,18.951131474470596,21.3075311047331,46.93176300363899,53.55696389912825,18.67170816261071
35.96035107873,0.02999449320537917,0.14796553040276242,0.2954039253854593,0.14743839498269687,1.18310966603e-10,0.491432136122,88.72139860260373,18.631493706548152,0.17355371900827501,0.1735533406780417,107.35289230915188,107.48926997004996,-0.12687560436133172,1.586760668610655,0.1735537189790091,0.026010024909745407,0.16127623789556045,0.17355401217662042,0.02600998485278102,0.16127611370807834,0.14181981294574847,0.30048934311205217,0.1586695301663037,0.20000000000000004,0.2000005341477622,85.88225650501431,21.47063580413757,-5.9793270168473356e-05,-1.6958301429781386e-08,0.4258396605829122,0.42583933267375407,0.1828477442866973,52.15340772138106,19.17420248629382,21.23589664264475,47.09007662016283,52.97753880776871,18.87592407092642
36.41035107873,0.03005699320537917,0.14804830878102507,0.2950097141893843,0.14696140540835925,1.19903277182e-10,0.490903908553,89.67661047090641,18.832088198896567,0.17355371900831182,0.17355333781892512,108.50869866980298,108.64654462992586,-0.12687560436679401,1.5867606686095803,0.17355371897910737,0.02594118912713471,0.1610626869486993,0.17355400724033415,0.02594114913810681,0.16106256280745943,0.14192414033659953,0.30007203354913864,0.1581478932125391,0.19999999999999998,0.20000053896224929,86.80690045375009,21.7017982160529,-5.979333789207786e-05,-1.6901668953295257e-08,0.42527579287422096,0.42527546508716246,0.1822466197971216,51.54078416441404,19.402110701498458,21.16458146009016,47.248749137122786,52.39786074176108,19.084748610795867
36.86035107873,0.030119493205379166,0.14812984748472852,0.29462140946299625,0.14649156197826774,1.21532285074e-10,0.490378876515,90.64098435596577,19.034606714735517,0.17355371900813416,0.1735533350069942,109.67559107070129,109.81491941328122,-0.1268756042660968,1.5867606686094802,0.173553718979243,0.02587276553687584,0.1608501337794776,0.1735540028693674,0.025872725681049147,0.16085000988824696,0.14202698235190467,0.29966066548859593,0.15763368313669127,0.19999999999999998,0.20000054379227705,87.74041321582162,21.93517785487966,-5.979334420924687e-05,-1.682353145682214e-08,0.42471455973399974,0.4247142326070748,0.18165405390019276,50.929340758665326,19.63504701030036,21.09398896917604,47.406870339283266,51.818002503581766,19.298312395019046
37.31035107873,0.030181993205379166,0.14821015791420095,0.29423895410877315,0.1460287961945722,1.23199002542e-10,0.489856981598,91.61442562459193,19.239029381161416,0.17355371900824293,0.17355333202289866,110.85345500575333,110.99427966888427,-0.12687560435641343,1.5867606686087794,0.17355371897919053,0.02580474841387213,0.1606385645287959,0.17355399857606563,0.02580470870794138,0.16063844094095717,0.14212835095921683,0.2992551910590848,0.157126840099868,0.19999999999999996,0.200000548767481,88.6827031718314,22.17075183392193,-5.979338837391879e-05,-1.685376282978268e-08,0.4241559245681769,0.42415559824233895,0.1810699776387113,50.31919645761775,19.873131337505917,21.02419458323602,47.564247754697156,51.238117767393334,19.516720043068702
37.76035107873,0.030244493205379162,0.14828925256677758,0.29386228907897294,0.14557303651219536,1.24904470932e-10,0.489338165231,92.59683885587118,19.445336159745594,0.17355371900835775,0.17355332913553057,112.04217501561676,112.18450979042011,-0.12687560436752676,1.5867606686093454,0.173553718979202,0.0257371337784199,0.16042797068597453,0.17355399444080874,0.025737094231345875,0.1604278474310052,0.14222825843136835,0.29885556117053547,0.1566273027391671,0.2,0.20000055358950752,89.63367798712092,22.40849702849584,-5.9793352702453006e-05,-1.6847157002786162e-08,0.42359986490484336,0.4235995394579259,0.18049432029923754,49.710674993017534,20.11640357207908,20.9548576143342,47.72163182420999,50.65843175008166,19.74005048031097
38.21035107873,0.03030699320537917,0.14836714407832677,0.2934913549019614,0.1451242108236346,1.26649761563e-10,0.488822367638,93.58812785379388,19.653506849298978,0.173553719008281,0.1735533263195497,113.24163470309286,113.3854932328817,-0.12687560435388212,1.586760668607934,0.17355371897934063,0.02566991818356833,0.16021834534025226,0.17355399058491025,0.025669878823384333,0.16021822250725518,0.14232671722142407,0.2984617260110083,0.15613500878958422,0.2000000000000002,0.2000005583753943,90.59324453113186,22.648390171960997,-5.979344164241951e-05,-1.6767265353934135e-08,0.4230463624965731,0.42304603816384667,0.1799270101287664,49.103271516523975,20.36524184877346,20.886011840775723,47.8789348403845,50.078750903170274,19.968549174350397
38.66035107873,0.030369493205379166,0.1484438428023225,0.2931261018244982,0.1446822590221757,1.28435976682e-10,0.488309524969,94.58819566116547,19.863521088853663,0.17355371900832883,0.1735533235602701,114.45171675001914,114.59711252913529,-0.1268756043736996,1.5867606686079578,0.1735537189792967,0.025603097498157385,0.1600096793889588,0.1735539869301476,0.025603058345640823,0.16000955704469913,0.1424237384479016,0.29807364110487694,0.15564990265697534,0.19999999999999993,0.20000056310044567,91.5613089522026,22.890407797816536,-5.9793440143618426e-05,-1.6792589541125835e-08,0.4224953933083437,0.4224950702660973,0.17936798306166532,48.49642541854268,20.620076456555672,20.817766627552306,48.035892509069654,49.49882711506381,20.202498893063133
39.11035107873,0.030431993205379166,0.1485193591405269,0.29276648044844966,0.14424712130792275,1.30264250435e-10,0.487799572218,95.59694457367421,20.07535836045527,0.17355371900814792,0.17355332076148672,115.67230293412948,115.81924930665781,-0.12687560436458467,1.5867606686101017,0.1735537189790779,0.025536667640155244,0.15980196381820608,0.1735539834997366,0.025536628725524507,0.15980184205923442,0.14251933321023355,0.2976912620544556,0.15517192884422207,0.19999999999999993,0.2000005678941656,92.53777665767763,23.13452627645185,-5.979330504057856e-05,-1.6918655365572022e-08,0.42194693353955615,0.4219466120427256,0.1788171751441121,47.89121991958685,20.88065415078336,20.75011120818478,48.192512799909956,48.91941752712585,20.441780596539182
39.56035107873,0.03049449320537917,0.14859370648707884,0.2924124265982229,0.14381872011114408,1.32135749916e-10,0.48729244517,96.61427615344452,20.28899799222481,0.1735537190082748,0.1735533179015978,116.90327414566934,117.05178430444364,-0.12687560438040535,1.5867606686099236,0.17355371897906313,0.025470624618515472,0.15959518983514345,0.17355398022537788,0.025470585952812385,0.15959506869829151,0.14261351518525567,0.2973145341542927,0.15470101896903704,0.19999999999999998,0.2000005727086976,93.52255236501358,23.380721780655747,-5.979331626493334e-05,-1.692715967394065e-08,0.421400959973247,0.421400640119084,0.17827450757366134,47.29047736180767,21.14590623286056,20.68305685729162,48.34875264811058,48.34264437073838,20.685670240358146
40.01035107873,0.03055699320537917,0.1486669035003068,0.2920638507020234,0.14339694720171658,1.34051676185e-10,0.486788078467,97.64009124354214,20.504419161163217,0.17355371900839991,0.17355331507343877,118.14451040470537,118.29459739008058,-0.12687560436956957,1.586760668612025,0.17355371897893035,0.025404964349742567,0.15938934829449103,0.17355397698161582,0.025404925935430468,0.15938922778980538,0.14270630326128228,0.29694338184952324,0.15423707858824096,0.19999999999999998,0.20000057744098976,94.51554010228126,23.628970302424097,-5.979318382642873e-05,-1.7003676244797816e-08,0.4208574484618856,0.42085713027691757,0.1777398715157921,46.69388385993171,21.416081022510653,20.616585097306682,48.504638148373,47.76841222834833,20.934336172190093
40.46035107873,0.030619493205379166,0.1487389624167704,0.2917206957126847,0.14298173329591432,1.36013265368e-10,0.486286405425,98.67428998192491,20.72160089619336,0.17355371900818922,0.17355331229614224,119.39589087811828,119.547567576991,-0.12687560436982492,1.5867606686110491,0.17355371897896915,0.025339683029459135,0.15918443086388548,0.17355397398051353,0.02533964488073313,0.15918431103828395,0.1427977102698816,0.2965777538153199,0.1537800435454383,0.19999999999999998,0.2000005820954132,95.51664320269418,23.87924767542409,-5.9793245332784295e-05,-1.6981316353081866e-08,0.420316377004396,0.4203160606125064,0.17721319303789626,46.09939763907124,21.692257409291106,20.5507107710533,48.660117459710925,47.19533575402883,21.188534502895976
40.91035107873,0.030681993205379166,0.14880989518170043,0.2913829044922272,0.14257300931052677,1.38021789769e-10,0.485787358608,99.71677181582146,20.940522081310796,0.17355371900818423,0.1735533095883261,120.65729389713226,120.81057304183643,-0.12687560438198187,1.586760668612451,0.17355371897877933,0.025274776548964144,0.15898042819468108,0.17355397117773044,0.025274738684326375,0.15898030910878988,0.14288774928974307,0.2962175977349248,0.15332984844518172,0.2,0.20000058666275924,96.52576433256485,24.131529564567415,-5.9793156992338226e-05,-1.709068442323769e-08,0.4197777209162731,0.41977740647754164,0.17669439677950585,45.51006158726112,21.97316296930509,20.48576001520585,48.81439591490555,46.62485713479239,21.44778689849926
41.36035107873,0.030744493205379163,0.1488797227914891,0.29105037685533924,0.14217065406385015,1.40078559028e-10,0.485290875603,100.76743551641108,21.161161458444244,0.17355371900825034,0.17355330693703094,121.92859697485532,122.08349114208427,-0.12687560437527612,1.5867606686136835,0.17355371897868044,0.025210239115661108,0.15877732557157243,0.1735539685381056,0.025210201546791385,0.1587772072647437,0.1429764382547799,0.2958628418742829,0.152886403619503,0.19999999999999998,0.20000059114964422,97.54280550183755,24.385791473017786,-5.979307931003319e-05,-1.71476721710917e-08,0.41924144134268765,0.41924112896102117,0.17618337940896234,44.92640721357204,22.258623870058877,20.42205782548775,48.966661858725615,46.05710639298667,21.712175998800365
41.81035107873,0.03080699320537917,0.14894845840491228,0.29072305005682064,0.14177459165190837,1.42184921283e-10,0.484796887136,101.82617919326273,21.383497630598406,0.17355371900835323,0.17355330441540787,123.20967682386113,123.36619843373245,-0.12687560438640055,1.5867606686140903,0.17355371897866834,0.02514606466169894,0.15857510732047114,0.173553966046991,0.025146027401989433,0.15857498983758261,0.1430637902857937,0.29551343375016775,0.15244964346437406,0.2,0.20000059549082214,98.56766808885718,24.642008735003976,-5.9793053674983554e-05,-1.7154644371686345e-08,0.4187074968972052,0.41870718669110046,0.17568006532543332,44.34569343647838,22.550104023797015,20.3595271412714,49.11705429409853,45.49087229237484,21.982431850787343
42.26035107873,0.030869493205379166,0.14901611418095648,0.29040086643712776,0.14138475225617128,1.44342264425e-10,0.484305323108,102.8929003092566,21.60750906494857,0.17355371900829558,0.17355330192491622,124.50040937420516,124.65857068919159,-0.12687560439046397,1.5867606686153466,0.1735537189784417,0.025082247984966163,0.15837376040546036,0.17355396374608129,0.025082211047258583,0.1583736437898004,0.14314981823351133,0.2951693219581624,0.1520195037246511,0.2,0.20000059977452037,99.60025282719083,24.900156547014348,-5.979297449387744e-05,-1.728521770161251e-08,0.4181758531593154,0.4181755452430726,0.17518438048251495,43.76782858253666,22.847832126609074,20.297823292930044,49.266366426015296,44.926291328469105,22.258681285056692
42.71035107873,0.03093199320537917,0.14908270258843773,0.2900837663937956,0.14100106380535785,1.46552017378e-10,0.483816112562,103.96749569534265,21.83317409601074,0.17355371900819078,0.17355329950440535,125.80066979135339,125.96048291532027,-0.12687560437054657,1.5867606686174924,0.1735537189782716,0.02501878527737279,0.15817327611633006,0.17355396159596884,0.02501874867293144,0.1581731604063453,0.14323453533019237,0.29483045357058807,0.1515959182403957,0.2000000000000001,0.2000006039586566,100.64045985467918,25.160209936674207,-5.979283925761081e-05,-1.7383239292456665e-08,0.4176464871302619,0.41764618160539696,0.17469624863875446,43.19371002720667,23.15151903761275,20.236892995058586,49.41470018367832,44.364176802936,22.540709014887444
43.16035107873,0.030994493205379163,0.14914823718920198,0.2897716800320404,0.14062344284283843,1.48815651363e-10,0.483329182862,105.04986156549964,22.060470928760665,0.17355371900830177,0.17355329723658808,127.11033249426032,127.27180937161215,-0.12687560438490175,1.5867606686178595,0.1735537189782422,0.024955671751525077,0.15797364258484728,0.173553958674328,0.024955635392586818,0.15797352750567678,0.14331795709704298,0.2944967665030394,0.15117880940599643,0.19999999999999993,0.2000006075758092,101.68818876624512,25.422143728015186,-5.9792816131665205e-05,-1.74001701935822e-08,0.41711936747272965,0.4171190636134897,0.17421558036292342,42.626541680695794,23.45956206090414,20.177196700683844,49.56089861413246,43.80728643598592,22.82725275534392
43.61035107873,0.031056993205379163,0.14921274128914647,0.28946450465726375,0.1402517633681173,1.5113468135e-10,0.482844458407,106.13989353213913,22.289377641762236,0.17355371900834823,0.17355329508131545,128.42927117390133,128.59242358853095,-0.12687560439148537,1.5867606686177953,0.17355371897818156,0.024892900805829298,0.15777484211948778,0.17355395641916233,0.024892864751960134,0.15777472786210134,0.14340010673457362,0.29416816795261364,0.15076806121804,0.20000000000000004,0.20000061128437432,102.74333843231442,25.685932741586946,-5.9792820172877015e-05,-1.7435120014397398e-08,0.4165944474733728,0.41659414578400145,0.17374224197489793,42.0662310040948,23.77203700285529,20.118586427702347,49.705281411970724,43.25550620349415,23.11844404953977
44.06035107873,0.031119493205379167,0.14927622852426436,0.2891621747688755,0.13988594624461115,1.53510667307e-10,0.482361864289,107.2374866211102,22.519872190436374,0.1735537190082851,0.173553292959618,129.75735881154657,129.92219838599186,-0.12687560439484935,1.5867606686180258,0.17355371897825514,0.02483046866934721,0.15757686590787118,0.1735539547320096,0.024830432973670755,0.1575767526434999,0.14348099881978293,0.2938445996121446,0.15036360079236166,0.1999999999999999,0.2000006151133724,103.80580723375068,25.951551577795883,-5.979280565115985e-05,-1.7392720597086964e-08,0.41607170386366077,0.41607140479628285,0.1732761494843548,41.50980513416928,24.0906936750912,20.060619891896316,49.84890822860164,42.706329705112566,23.415732677216827
44.51035107873,0.031181993205379167,0.14933871075481495,0.2888646309311124,0.13952592017629747,1.55945215722e-10,0.481881322919,108.34253528713488,22.75193241029805,0.17355371900826272,0.1735532909521381,131.09446769743295,131.261005891985,-0.1268756043886321,1.5867606686186375,0.17355371897810198,0.024768371578259514,0.15737970510284835,0.17355395309946128,0.02476833624558615,0.15737959284985506,0.14356064661222284,0.29352600844162025,0.1499653618293974,0.1999999999999999,0.20000061878791864,104.87549303827353,26.2189746591594,-5.979276709311421e-05,-1.7480972225314417e-08,0.41555111328325833,0.4155508168863597,0.1728172264889393,40.95802549283139,24.41523945471989,20.00339806407268,49.99150628292804,42.16048178345545,23.71889403769618
44.96035107873,0.03124449320537917,0.14940020368194293,0.2885717986190716,0.1391715949371287,1.58439981102e-10,0.481402746334,109.45493342930428,22.985536020157422,0.17355371900828645,0.1735532889083861,132.4404694494617,132.60871756133923,-0.12687560438832124,1.5867606686178084,0.17355371897819682,0.0247066052015376,0.1571833489958068,0.17355395156359663,0.024706570236868775,0.15718323777320778,0.14363906698580722,0.29321232694775506,0.14957325996194784,0.20000000000000004,0.20000062245693676,105.95229312108044,26.488176328381254,-5.9792819351311977e-05,-1.7426327048042367e-08,0.41503264745675444,0.4150323537805465,0.17236537576549787,40.41248136784743,24.744830462096047,19.947482660719867,50.131639014740315,41.619227700798206,24.027355990097366
45.41035107873,0.03130699320537917,0.1494607240780059,0.28828359790862307,0.13882287383061717,1.60996667487e-10,0.480925740946,110.57457440670002,23.22066062541241,0.17355371900829786,0.17355328690097427,133.79523503211243,133.9652041946225,-0.12687560440181045,1.5867606686179685,0.17355371897824165,0.024645162382114023,0.1569877778112488,0.17355395011472913,0.02464512779254356,0.15698766764476615,0.14371627749755198,0.2929034849009998,0.14918720740344785,0.2000000000000001,0.20000062605270122,107.03610426282164,26.75913076929079,-5.979280925938468e-05,-1.740049215825934e-08,0.41451625416820376,0.4145159632806039,0.171920496150465,39.87190894873823,25.08031409495997,19.89291610752451,50.26915081704634,41.08143330661914,24.341896557900224
45.86035107873,0.03136949320537917,0.14952028343992152,0.2879999743849121,0.13847969094499057,1.63617030031e-10,0.480449794742,111.70135105415193,23.45728372135491,0.17355371900816052,0.1735532849071928,135.15863477550684,135.33033595717495,-0.1268756043895758,1.5867606686191404,0.17355371897800204,0.02458403862384447,0.15679298014848903,0.17355394881052558,0.024584004421140036,0.1567928710788218,0.1437922903318255,0.29259943356270773,0.14880714323088223,0.2,0.20000062961565027,108.12682272241376,27.031812053093095,-5.9792735407349085e-05,-1.7538559493601724e-08,0.41400190331482084,0.4140016153232925,0.17148251743731843,39.33486813792301,25.422736806784748,19.839116602555524,50.405470164492485,40.54609056156133,24.663290249443286
46.31035107873,0.03143199320537916,0.14957889378785186,0.28772087049804185,0.13814197671019,1.66302876639e-10,0.479974903291,112.83515569782568,23.69538269655263,0.17355371900832037,0.17355328298095338,136.53053839437834,136.70398239827324,-0.12687560439138545,1.5867606686201587,0.17355371897797534,0.024523230447255625,0.1565989477846375,0.17355394759706586,0.02452319662901659,0.1565988398073772,0.14386711887318884,0.29230011939712247,0.14843300052393363,0.20000000000000004,0.2000006330576867,109.22434428379586,27.306194110582467,-5.979267122535603e-05,-1.755394718472303e-08,0.4134895731845871,0.41348928807748986,0.17105136250835903,38.80162210809813,25.77211842365977,19.785894329730183,50.54105633716062,40.013608124648016,24.99149781456497
46.76035107873,0.031494493205379163,0.1496365669975818,0.28744622956311405,0.13780966256553226,1.6905606967e-10,0.479501057056,113.97588017149161,23.934934836013653,0.17355371900826697,0.17355328112276788,137.91081500750525,138.08601247042165,-0.12687560440193257,1.5867606686197298,0.17355371897800762,0.024462734587183316,0.15640567312979192,0.17355394645110406,0.024462701152556908,0.1564055662454406,0.14394077644857897,0.2920054890957223,0.14806471264714335,0.1999999999999999,0.200000636400985,110.32856423942569,27.582250768079565,-5.979269825928668e-05,-1.753533984683031e-08,0.41297924373684775,0.4129789615155073,0.17062695457415353,38.27212973508371,26.128673970377697,19.733251253261084,50.67588646015652,39.4840330489159,25.326693419619065
47.21035107873,0.03155699320537917,0.14969331474457642,0.28717599629475066,0.13748268155017423,1.71878527671e-10,0.479028230576,115.12341583228879,24.17591732478554,0.17355371900829353,0.1735532793221799,139.29933315707433,139.4762945487645,-0.12687560439048617,1.5867606686204796,0.17355371897791616,0.024402547608125148,0.15621314800017683,0.1735539454268423,0.02440251456736364,0.15621304224476149,0.14401327623376708,0.2917154899545121,0.147702213720745,0.20000000000000007,0.2000006396566449,111.43937742191535,27.859955735158948,-5.979265100819475e-05,-1.7588042133809267e-08,0.4124708933628636,0.41247061412240676,0.17020921771611394,37.746181361382725,26.492746125124,19.68129937480323,50.809653415477186,38.95734253310537,25.6691020223008
47.66035107873,0.03161949320537917,0.1497491479564998,0.28691011851378684,0.13716097055728704,1.74772227157e-10,0.47855635729,116.27765357691605,24.41830725115056,0.17355371900825384,0.17355327759359956,140.6959608280666,140.87469645062168,-0.1268756043905528,1.5867606686219904,0.17355371897776944,0.024342665617850534,0.15602136269706957,0.17355394449949849,0.02434263297588082,0.1560212580896617,0.14408463109508376,0.2914300705085114,0.14734543941342762,0.20000000000000007,0.20000064279839164,112.55667822331594,28.13928260475065,-5.979255579546816e-05,-1.7672574514904227e-08,0.4119644964537735,0.4119642202445575,0.16979807780006292,37.22313075464915,26.865015911513584,19.630097851377222,50.94218111245132,38.43340925547732,26.019029260525084
48.11035107873,0.031681993205379164,0.14980407596841003,0.2866485514427648,0.13684447547435477,1.77739204484e-10,0.478085458619,117.43848385788414,24.662081610138994,0.17355371900816746,0.17355327589656722,142.10056546802315,142.281085455137,-0.1268756043970254,1.58676066862272,0.17355371897766259,0.024283084881668363,0.15583030796885555,0.1735539436127062,0.0242830526376268,0.1558302045099948,0.14415485337115444,0.2911491814036944,0.14699432803253995,0.20000000000000012,0.20000064587986574,113.68036059452437,28.420204873498776,-5.979250981003048e-05,-1.7734147483849938e-08,0.411460028581277,0.4114597554047267,0.1693934637325642,36.70558643153244,27.243809382130898,19.579838353208604,51.07294462602788,37.9136873244746,26.375698872065797
48.56035107873,0.031744493205379164,0.1498581171864457,0.28639120753220365,0.13653309034575795,1.80781557773e-10,0.477615487515,118.60579669979312,24.90721730694794,0.17355371900821484,0.17355327426177278,143.51301400674106,143.69532832304114,-0.12687560439699208,1.5867606686230038,0.17355371897765495,0.024223800410912148,0.1556399704796687,0.17355394278363642,0.024223768568258176,0.15563986818375997,0.14422396090048686,0.2908727512863277,0.14664879038584086,0.19999999999999996,0.20000064884275345,114.81031808801369,28.702695918727375,-5.9792491924337554e-05,-1.7738543967027454e-08,0.41095745453286686,0.41095718442701745,0.16899527273017803,36.19466747673702,27.628379253455456,19.53092097866003,51.20086252423144,37.39845028684737,26.739075879614433
49.01035107873,0.031806993205379164,0.14991128397374612,0.28613802787789716,0.13622674390415104,1.83901448867e-10,0.477146309652,119.77948171576328,25.15369116032137,0.17355371900832764,0.17355327267796603,144.93317287608465,145.1172913165215,-0.1268756043931729,1.586760668623442,0.17355371897756505,0.024164806125304143,0.15545033330715036,0.17355394200670632,0.024164774683955406,0.15545023217723222,0.14429196663411561,0.29060072835136336,0.14630876171724774,0.19999999999999998,0.2000006517237339,115.9464438444791,28.98672903160552,-5.979246432419316e-05,-1.7790346973356463e-08,0.41045672962613,0.41045646259900476,0.16860343016922827,35.68837206746499,28.02033105095432,19.483242829052795,51.32615801045356,36.88661321346101,27.11010615729477
49.46035107873,0.03186949320537917,0.14996358844129573,0.2858889548712633,0.13592536642996758,1.87101105393e-10,0.476677811161,120.95942812392241,25.401479906024615,0.17355371900826957,0.17355327115833538,146.36090802994704,146.54684021919786,-0.1268756043956376,1.5867606686239497,0.17355371897755198,0.02410609775089429,0.15526138525368854,0.17355394129277854,0.024106066712545532,0.1552612852985107,0.14435888403797834,0.2903330587358461,0.14597417469786775,0.1999999999999999,0.20000065451797439,117.08863062811257,29.272277401834458,-5.979243231646336e-05,-1.7797874285463422e-08,0.4099578242944836,0.40995756036918535,0.16821785846118123,35.18863263611924,28.41826820441877,19.43633144231958,51.450038448235965,36.37999402072008,27.48763508400947
49.91035107873,0.031931993205379164,0.1500150483258203,0.2856439040174257,0.13562885569160538,1.90382822819e-10,0.476209895117,122.1455247639156,25.650560200412162,0.17355371900820793,0.1735532696461009,147.79608496432778,147.98384035619728,-0.12687560440219903,1.5867606686237878,0.17355371897756067,0.024047672142363603,0.15507311869683799,0.1735539406359259,0.024047641510367514,0.1550730199305073,0.14442473232628286,0.29006966558267233,0.14564493325638947,0.19999999999999993,0.2000006572478103,118.236770832809,29.559314131518764,-5.979244251941296e-05,-1.7792867179622363e-08,0.4094607184113449,0.40946045762512207,0.1678384468952876,34.69588027129168,28.8218656561202,19.389976917700118,51.57303715442545,35.878966074893455,27.871483194711026
50.36035107873,0.031994493205379164,0.1500656766922913,0.28540281333623485,0.13533713664394356,1.93748966693e-10,0.475742474412,123.33766011347666,25.90090862384445,0.17355371900834396,0.1735532681542292,149.23856873732112,149.42815661432635,-0.1268756045050945,1.586760668622234,0.173553718977588,0.02398952634901992,0.15488552659632185,0.17355394007678815,0.023989496127966796,0.1548854290369717,0.14448952592459272,0.2898104911895698,0.1453209652649771,0.19999999999999998,0.2000006599427597,119.39075650094397,29.847812236377127,-5.979254044108373e-05,-1.777711311490293e-08,0.4089653933873103,0.40896513578804294,0.16746511235280326,34.20819899130463,29.23275792023397,19.344252466432696,51.694941519981704,35.38203366373849,28.262931676108167
50.81035107873,0.03205699320537917,0.15011548527850072,0.28516562678945007,0.13505014151094935,1.97201974839e-10,0.475275468716,124.53572230585134,26.15250168423506,0.17355371900829888,0.1735532667004595,150.6882239900864,150.87965346233494,-0.1268756044010333,1.5867606686233402,0.1735537189777016,0.023931656836854567,0.15469859998349877,0.17355393959032306,0.02393162703082975,0.1546985036476751,0.1445532782017662,0.2895554820814435,0.1450022038796773,0.2,0.20000066256932367,120.5504793506745,30.137744639411938,-5.9792470730180014e-05,-1.7711654365371032e-08,0.408471825541252,0.4084715711726286,0.16709777780402957,33.725328096337975,29.651305308089317,19.29937895903391,51.815138825071195,34.88916493379771,28.66219360358733
51.26035107873,0.03211949320537917,0.150164486056612,0.2849322874402693,0.13476780138365732,2.007443597e-10,0.47480880728,125.73959914516581,26.405315820483853,0.17355371900825922,0.1735532652788777,152.14491496564966,152.33819497126734,-0.12687560441039247,1.5867606686235418,0.1735537189775659,0.023874059388082514,0.1545123276249585,0.17355393918931206,0.023874030001048843,0.15451223252884816,0.14461600310953482,0.2893045824496902,0.1446885793401554,0.19999999999999998,0.20000066512990486,121.7158307763869,30.429084189262742,-5.979245801812638e-05,-1.7789847372995382e-08,0.40797998521206397,0.40797973411682487,0.16673636285848564,33.246934372348534,30.077961137725218,19.25527875650451,51.93381060049292,34.39915648034041,29.07048027679149
51.71035107873,0.032181993205379164,0.15021268954021114,0.28470274527923195,0.13449005573902081,2.04378710698e-10,0.474342407783,126.94917812473835,26.65932740620202,0.17355371900830194,0.17355326391239467,153.60850553094036,153.80364483489788,-0.1268756043896091,1.5867606686237448,0.17355371897759025,0.023816730994052297,0.15432670214208655,0.17355393888335197,0.023816702031654428,0.1543266083073636,0.14467770932710802,0.28905775757951835,0.14438004825241033,0.19999999999999987,0.2000006676035529,122.88670187516824,30.721803655772117,-5.979244522835714e-05,-1.7775825256194366e-08,0.40748985291698325,0.40748960515235744,0.16638081750975123,32.77283392327669,30.513076847155304,19.211807437607913,52.051323294155985,33.91115568580191,29.488821002307656
52.16035107873,0.032244493205379164,0.15026010691631494,0.2844769472585491,0.13421684034223416,2.08107696721e-10,0.473876225691,128.16434644318252,26.914512753077748,0.17355371900831465,0.1735532625453677,155.07885919626025,155.27586639024406,-0.12687560440890477,1.5867606686238018,0.17355371897757754,0.023759668357360816,0.1541417151758758,0.1735539387112549,0.02375963982573746,0.15414162262587436,0.14473840742028565,0.2888149652067443,0.14407655778645867,0.19999999999999996,0.20000067006822442,124.06298344359239,31.01587575266788,-5.979244163123454e-05,-1.7783141625926646e-08,0.40700140658458267,0.40700116221218235,0.16603108087755966,32.30355836580043,30.95634198177665,19.168978123795792,52.16762174498129,33.42659006260004,29.916303102626927
52.61035107873,0.032306993205379164,0.15030674996248936,0.2842548372366325,0.13394808727414312,2.11934068655e-10,0.473410202582,129.38499102181095,27.170848114575104,0.17355371900823705,0.17355326121390732,156.55583913638603,156.7547226381545,-0.12687560439731405,1.5867606686243307,0.17355371897750901,0.023702868441707995,0.15395735916710182,0.17355393866295687,0.023702840350788845,0.15395726793753145,0.14479811093057254,0.2885761511652559,0.14377804023468338,0.20000000000000015,0.20000067247682438,125.2445660289353,31.31127310745075,-5.979240830233934e-05,-1.7822632258912563e-08,0.40651462625521034,0.4065143853693244,0.1656870749369428,31.839239552963843,31.40778530016469,19.126940940565248,52.282275723409406,32.94621140135048,30.35250359496599
53.06035107873,0.03236949320537917,0.15035262990928433,0.2840363615497226,0.13368373164043829,2.15860662003e-10,0.472944277885,130.6109985213124,27.428309689464726,0.17355371900820757,0.17355325992013754,158.03930821077714,158.24007626396667,-0.12687560441680956,1.5867606686249,0.17355371897744165,0.02364632711387208,0.15377362294578378,0.17355393870637745,0.02364629946904607,0.15377353305769517,0.14485683281678433,0.28834126362007173,0.1434844308032874,0.20000000000000004,0.2000006748516698,126.43133991553069,31.607968295246472,-5.9792372419931183e-05,-1.786144565585346e-08,0.40602948243524145,0.4060292450914529,0.165348725020763,31.379696405590323,31.867739798204326,19.08583258232353,52.39488482813983,32.46988997779529,30.797763733842505
53.51035107873,0.032431993205379164,0.1503977577536053,0.2838214678357958,0.1334237100821905,2.19890399606e-10,0.472478395572,131.84225535922351,27.686873625438956,0.1735537190082749,0.17355325860966933,159.52912898466246,159.73178965822825,-0.12687560441123624,1.5867606686252178,0.1735537189774482,0.023590040587760357,0.1535904964109445,0.17355393884225123,0.023590013395273935,0.1535904078882335,0.1449145858288624,0.2881102515717908,0.1431956657429284,0.20000000000000007,0.20000067723479734,127.62319514905265,31.90593383560983,-5.979235240261005e-05,-1.7857670897569733e-08,0.40554594845368747,0.40554571471509177,0.1650159576654925,30.92469733252298,32.336613977085456,19.045421766152852,52.50605695575512,31.997510705048498,31.252431141220686
53.96035107873,0.03249449320537917,0.15044214382617424,0.28361010686569754,0.1331679630395233,2.24026294451e-10,0.472012500675,133.07864772685693,27.946516022621992,0.17355371900817226,0.1735532573021318,161.02516374947896,161.22972493747912,-0.12687560440823864,1.5867606686254399,0.17355371897741828,0.023534006157791432,0.1534079729277179,0.17355393906442623,0.023533979421911166,0.1534078857878928,0.14497138219837663,0.2878830660935857,0.14291168389520909,0.1999999999999999,0.20000067961728057,128.82002156409925,32.20514218537968,-5.979233840269771e-05,-1.787491266114216e-08,0.4050640067916061,0.4050637767044327,0.16468870239335914,30.475529568406017,32.813211588510015,19.00554819261833,52.61621447932743,31.530387797779696,31.715436118753285
54.41035107873,0.032556993205379164,0.15048580261403757,0.28340220980227404,0.13291640718823647,2.28271452509e-10,0.471546545012,134.32006160649976,28.20721293736053,0.17355371900824199,0.1735532560037704,162.5272745438603,162.73374396508828,-0.12687560440585166,1.586760668625346,0.17355371897735564,0.02347822103380321,0.15322604554645144,0.17355393939877004,0.02347819475822668,0.15322595980520626,0.14502723905474402,0.28765963866780225,0.14263239961305824,0.20000000000000012,0.2000006820411384,130.02170878480086,32.505565759059415,-5.979234432018643e-05,-1.7911006011672725e-08,0.4045836390988812,0.4045834127045692,0.16436686050630944,30.036792137396382,33.29250325486591,18.96650363973255,52.72453051943216,31.072081392894113,32.18323186513957
54.86035107873,0.032619493205379164,0.15052875742035784,0.28319766561840765,0.1326689081980498,2.32629075736e-10,0.471080494182,135.56638278879134,28.46894038564391,0.17355371900825303,0.17355325475610456,164.03532317443523,164.24370837213928,-0.12687560441091428,1.5867606686258953,0.17355371897735364,0.023422680844501408,0.15304470211183857,0.17355393983489384,0.023422655031610277,0.15304461778060108,0.14508218097408693,0.2874398709904196,0.1423576900163327,0.20000000000000004,0.2000006844504313,131.2281462655005,32.80717690893474,-5.979230970343252e-05,-1.7912160643618336e-08,0.404104813280198,0.4041045906089218,0.16405029039960697,29.609391990884834,33.77306769108421,18.928507281286127,52.83036771677505,30.623062416680085,32.655127249954916
55.31035107873,0.032681993205379165,0.15057102491722557,0.2829963946232831,0.1324253697060575,2.37102465137e-10,0.470614301394,136.81749688989206,28.73167434688533,0.1735537190083044,0.17355325351464368,165.54917123677737,165.75947957836203,-0.12687560441164702,1.5867606686261966,0.17355371897732347,0.023367381574380883,0.1528639315678518,0.17355394032076155,0.023367356225020248,0.1528638486530424,0.14513622634823886,0.28722368949366295,0.1420874631454241,0.19999999999999993,0.20000068684350844,132.43922328304828,33.10994795372906,-5.97922907186188e-05,-1.7929546736183966e-08,0.40362750014281834,0.4036272812115305,0.1637388861007507,29.18902738512583,34.259449169230656,18.89122598604052,52.93462693945538,30.17993061693855,33.134602351893676
55.76035107873,0.032744493205379165,0.15061261571865625,0.2827983463710753,0.13218573065241906,2.41693268528e-10,0.470147923813,138.07328936882737,28.99539076746457,0.17355371900831798,0.1735532522835384,167.06868013629193,167.28091881310218,-0.12687560441210222,1.5867606686265454,0.17355371897727667,0.023312320864788516,0.15268372822533682,0.17355394087321535,0.023312295980674354,0.15268364673623155,0.1451893872596619,0.2870110458477359,0.141821658588074,0.2000000000000001,0.2000006892276052,133.65482896068724,33.413851175604705,-5.9792268736202914e-05,-1.7956502951221864e-08,0.4031516846648917,0.4031514694980851,0.16343257799180474,28.7736194326859,34.7540566573294,18.85436130438727,53.03812650324608,29.740979067890294,33.62364089350526
56.21035107873,0.03280699320537917,0.1506535402783127,0.28260347085454635,0.13194993057623364,2.46403272328e-10,0.469681319121,139.33364554481076,29.26006556441758,0.17355371900830036,0.1735532510382419,168.59371110922837,168.8078871363256,-0.12687560441075885,1.586760668626476,0.17355371897727265,0.023257496490730844,0.15250408680009478,0.17355394145270506,0.023257472071081024,0.15250400673779368,0.14524167572294136,0.28680189199459694,0.14156021627165558,0.19999999999999993,0.20000069160665174,134.87485228685063,33.71885882237771,-5.979227311048163e-05,-1.795882331734333e-08,0.4026773528938267,0.40267714149440587,0.1631312968462181,28.36318738144623,35.25696835660119,18.81807154370279,53.14040802096091,29.306254131990297,34.122409349764496
56.66035107873,0.03286949320537917,0.1506938090290866,0.28241171839700857,0.13171790936792196,2.51239263071e-10,0.469214446855,140.59845061457747,29.525674629069307,0.17355371900830355,0.1735532498247507,170.12412524364677,170.34024545965133,-0.12687560442418144,1.5867606686260864,0.17355371897731367,0.02320290521007329,0.15232499863802162,0.17355394205988828,0.02320288125302022,0.15232492000004536,0.14529310371161883,0.28659618004009235,0.14130307632847353,0.20000000000000004,0.20000069392932554,136.09918214079792,34.024943102848844,-5.9792297657512705e-05,-1.793518666914906e-08,0.4022044819790114,0.40220427434042977,0.1628349736735991,27.957664702005864,35.76836658779492,18.782686547026334,53.2405200659817,28.875720781570436,34.63117016418296
57.11035107873,0.032931993205379165,0.1507334320530362,0.2822230409531409,0.1314896089001047,2.56204953766e-10,0.468747264762,141.86758966982177,29.79219383068397,0.1735537190083675,0.17355324858872054,171.65978350050574,171.87785456740713,-0.12687560445191481,1.5867606686253182,0.17355371897738656,0.023148542929387245,0.15214645224055423,0.17355394268860527,0.023148519431668717,0.15214637501981018,0.145343682848699,0.28639386349213775,0.14105018064343874,0.19999999999999987,0.20000069624914235,137.32770728242753,34.332076218078186,-5.979234607433881e-05,-1.7893186932127492e-08,0.40173304155922024,0.40173283766275025,0.16254354150322597,27.55704308308333,36.28836363121551,18.74803293971108,53.338929114096736,28.449398032536653,35.150128619815874
57.56035107873,0.032994493205379165,0.1507724195079824,0.28203738991451216,0.13126497040652976,2.61304172476e-10,0.46827973368,143.14094771472503,30.059599020096968,0.17355371900828695,0.1735532473407018,173.200546734822,173.42057513770268,-0.126875604411969,1.5867606686262943,0.1735537189772897,0.0230944074658134,0.15196844233528684,0.17355394329754847,0.0230943844233251,0.15196836652186896,0.1453934249125514,0.2861948952362438,0.14080147032369242,0.19999999999999998,0.2000006985241337,138.56031640309575,34.640230331726265,-5.9792284556881015e-05,-1.7949008945805645e-08,0.4012630177130008,0.4012628175324862,0.16225693246809,27.161427657343726,36.8169159815731,18.71374696801629,53.43665283650048,28.027406255695528,35.679362937724115
58.01035107873,0.033056993205379165,0.15081078158159417,0.2818547167931883,0.13104393521159413,2.66540866014e-10,0.467811817422,144.41840968284504,30.32786603340577,0.17355371900830374,0.17355324610520362,174.74627571625084,174.96826776351566,-0.12687560441808632,1.586760668626354,0.17355371897729693,0.02304049687600938,0.15179096440832499,0.17355394389104947,0.023040474284707096,0.1517908899924732,0.14544234169361017,0.28599922811204265,0.14055688641843248,0.2,0.20000070072963957,139.79689812310585,34.949377593144966,-5.979228079322496e-05,-1.7944834507233054e-08,0.4007943985217017,0.4007942020313715,0.1619750786344098,26.770831132394246,37.35408867414439,18.679870065258452,53.533562948054914,27.60978553369697,36.21904265715965
58.46035107873,0.03311949320537917,0.15084852851380548,0.2816749740147732,0.13082644550096773,2.71919103648e-10,0.467343479839,145.69986045519235,30.596970695577866,0.17355371900820574,0.17355324481580484,176.29683115077023,176.52079297378268,-0.1268756044199959,1.5867606686261657,0.17355371897729038,0.022986808769894847,0.1516140124457329,0.17355394467512283,0.02298678664515726,0.15161393948168903,0.14549044485747165,0.2858068154565651,0.14031637059909347,0.19999999999999987,0.20000070300543688,141.03734098298537,35.25949016778485,-5.9792292661509094e-05,-1.794860926551678e-08,0.40032716810590724,0.4003269754489837,0.1616979127854575,26.385228099140765,37.89999450611401,18.646467770096802,53.62946013848759,27.196545710484774,36.76937544367929
58.91035107873,0.033181993205379165,0.15088567002299072,0.2814981141724101,0.1306124441494194,2.77443081061e-10,0.4668746866,146.98518487716186,30.86688882420503,0.17355371900826932,0.17355324353341203,177.85207370136686,178.078011254491,-0.12687560442330437,1.5867606686262123,0.17355371897728697,0.022933340859606403,0.15143758073743255,0.17355394545388225,0.022933319194436974,0.15143750920573468,0.14553774597968872,0.28561761096768085,0.14007986498799213,0.20000000000000007,0.20000070521952984,142.28153353633772,35.57054016502917,-5.979228971941808e-05,-1.7950574360270366e-08,0.39986131138851944,0.3998611225136145,0.1614253682240934,26.006209808032565,38.45235454845592,18.613646956546454,53.72402315003069,26.789050043759886,37.328684606826336
59.36035107873,0.033244493205379165,0.1509222206238236,0.28132406913483676,0.13040184851101316,2.83117124306e-10,0.466405405545,148.27426777621022,31.137596233000608,0.17355371900824815,0.17355324223553836,179.41186400921083,179.6397830697656,-0.1268756044234709,1.586760668626464,0.17355371897725136,0.02288009017946625,0.15126166130076138,0.17355394639846022,0.0228800689868063,0.1512615912477662,0.14558426124836552,0.285431549892795,0.1398472886444295,0.19999999999999984,0.20000070748818158,143.52936427559527,35.88249973361559,-5.979227386543329e-05,-1.797109128176544e-08,0.3993968072918248,0.3993966223213404,0.16115735167579767,25.63438275552341,39.01010644715177,18.581375473592825,53.81732915419333,26.38780457084164,37.8962939988192
59.81035107873,0.033306993205379165,0.15095819151079073,0.28115278430458895,0.13019459279379822,2.8894569397e-10,0.465935607745,149.5669939790661,31.409068735606276,0.1735537190082754,0.1735532408947046,180.97606271467237,181.20596888294307,-0.1268756044229602,1.586760668626507,0.17355371897727664,0.022827054664356066,0.15108624909089532,0.17355394728492246,0.022827033933159005,0.1510861804837193,0.14563000374358148,0.2852485799120561,0.13961857616847462,0.2000000000000002,0.2000007097470338,144.7807217245142,36.195340990158165,-5.979227115648911e-05,-1.7956525155682357e-08,0.3989336424952859,0.3989334613423951,0.16089378777493565,25.268651543225197,39.57472753500022,18.549469758198693,53.90989678063489,25.99178187364968,38.4736992969995
60.26035107873,0.033369493205379165,0.15099359400441606,0.2809842074582074,0.12999061345379134,2.94933389443e-10,0.465465271675,150.86324832924515,31.681282149124552,0.17355371900818783,0.17355323948480894,182.54453047836967,182.77642917763083,-0.12687560442258272,1.5867606686267717,0.1735537189772396,0.022774232434591084,0.15091133964878545,0.17355394840547742,0.022774212181449163,0.150911272545987,0.14567498579331295,0.2850686517129463,0.13939366591963337,0.20000000000000007,0.20000071217639084,146.03549437879084,36.50903609957882,-5.979225446983705e-05,-1.79778747444459e-08,0.39847180522506725,0.39847162804438985,0.160634605488176,24.90852021127308,40.146905216289035,18.518048390838242,54.00137092711927,25.600002815275836,39.06249570423046
60.71035107873,0.033431993205379165,0.15102843765846843,0.2808182915389502,0.12978985388048178,3.01084953271e-10,0.464994308504,152.16291570428893,31.954212297892816,0.17355371900822916,0.1735532380944368,184.11712800218177,184.35102447873973,-0.12687560441788648,1.586760668626602,0.17355371897728092,0.022721620780660607,0.1507369257370622,0.17355394948896066,0.022721600998627307,0.1507368601193063,0.14571921682508582,0.28489172758606124,0.13917251076097542,0.19999999999999996,0.2000007145493594,147.29357084096955,36.823557161212214,-5.9792265161284774e-05,-1.795406046056769e-08,0.3980112763713544,0.3980111031118375,0.16037975049581804,24.55283144708529,40.728500179506256,18.48711289555636,54.0917343692083,25.209702953548053,39.66726628404237
61.16035107873,0.033494493205379165,0.15106273009823454,0.28065500044018116,0.12959227034194662,3.07405275761e-10,0.464522630217,153.46588103319655,32.22783501697224,0.17355371900826877,0.17355323668814493,185.6937160501688,185.92961537348938,-0.12687560443058743,1.5867606686263607,0.17355371897727856,0.022669217847059216,0.15056300291591962,0.1735539505708043,0.022669198533948845,0.15056293877959756,0.14576269934152314,0.28471779752030096,0.13895509817877782,0.1999999999999999,0.20000071692259097,148.55483971211498,37.1388763380538,-5.979228037134021e-05,-1.7955414932657732e-08,0.3975520442111217,0.3975518748632368,0.16012920837728584,24.20142882351326,41.3198744294153,18.456651774242143,54.18100813905947,24.821265595878806,40.2880343122405
61.61035107873,0.033556993205379165,0.1510964804080343,0.2804942901005121,0.12939780969247777,3.13899399595e-10,0.464050184122,154.77202931376064,32.502126155896775,0.17355371900829553,0.17355323526993696,187.27415546965742,187.51206253237729,-0.1268756044314645,1.5867606686261584,0.17355371897728916,0.022617021025774984,0.15038956421831598,0.1735539515116916,0.022617002165893494,0.150389501514878,0.1458054439356273,0.2845468191439361,0.1387413752083088,0.19999999999999984,0.20000071921241927,149.81918968582752,37.454965783829905,-5.9792293116700534e-05,-1.7949308706022293e-08,0.39709409034833815,0.3970939247838926,0.15988291809703128,23.85501244958242,41.919911050706865,18.426702109860596,54.26907072345163,24.437247145085948,40.92113952373267
62.06035107873,0.03361949320537917,0.15112969796191317,0.2803361157193541,0.1292064177574409,3.20572524679e-10,0.463576919358,156.08124562973543,32.777061582250084,0.17355371900828914,0.1735532338629007,188.8583072119855,189.0982267301056,-0.12687560442462553,1.5867606686260154,0.17355371897732347,0.02256502828398608,0.150216604554843,0.17355395228345563,0.022565009860641434,0.15021654323223335,0.14584746181746683,0.2843787476167495,0.1385312857992827,0.19999999999999982,0.20000072136414235,151.0865095339776,37.771797678007914,-5.9792302131711494e-05,-1.7929546736183966e-08,0.3966374013447444,0.39663723942628837,0.1596408150637729,23.51360849046811,42.52856384869118,18.397223478574514,54.35602829767244,24.057780074411262,41.566594960423494
62.51035107873,0.033681993205379165,0.1511623919813365,0.28018043387459246,0.12901804189325597,3.27430013064e-10,0.463102795049,157.39341516807553,33.052617185300676,0.17355371900828534,0.17355323246450985,190.44603235337624,190.6879688664589,-0.12687560443422896,1.5867606686259075,0.1735537189773279,0.02251323727776803,0.15004411777130094,0.17355395297107795,0.022513219283241424,0.15004405780717017,0.14588876382944435,0.2842135395688612,0.13832477573941684,0.1999999999999999,0.20000072351153342,152.3566880928001,38.08934426057615,-5.9792308937378635e-05,-1.792698212099708e-08,0.3961819609505671,0.3961818026190882,0.1594028368043087,23.17711984204378,43.1459994518378,18.368150854629953,54.44206158334854,23.682754670996303,42.22481775841202
62.96035107873,0.033744493205379165,0.15119457154331484,0.28002720194076364,0.1288326303974488,3.34477394139e-10,0.462627768314,158.7084232362548,33.32876887962071,0.17355371900829547,0.1735532310701612,192.0371921158755,192.28114998713042,-0.1268756044319641,1.5867606686262417,0.17355371897726904,0.02246164637158278,0.14987210004394674,0.1735539536784132,0.02246162881717873,0.14987204147931904,0.14592936059470693,0.28405115250751733,0.1381217919128104,0.20000000000000012,0.20000072570193944,153.62961433093764,38.40757778493786,-5.979228787644786e-05,-1.796089943439938e-08,0.39572775906945556,0.3957276044332756,0.15916892210888628,22.845443871606342,43.77240405658559,18.339323845335525,54.52763735639811,23.31202459085977,42.896317138927614
63.41035107873,0.033806993205379166,0.15122624507896626,0.27987637823283545,0.1286501331538692,3.41720369859e-10,0.462151771315,160.02615527925715,33.60549260864875,0.17355371900828478,0.17355322969395437,193.63164788790587,193.87763130448323,-0.12687560443268575,1.586760668626313,0.17355371897730146,0.022410254150969013,0.1497005482654256,0.1735539541387313,0.022410237011216024,0.14970049101862032,0.14596926225047172,0.2838915458846198,0.13792228363414807,0.20000000000000015,0.20000072771041086,154.90517740255865,38.726470485347214,-5.979228338004461e-05,-1.7942225483125185e-08,0.3952747874966368,0.3952746363400833,0.1589390125687137,22.518618645996447,44.40769728021432,18.310734145664735,54.61277478253164,22.94572140371718,43.58110962848181
63.86035107873,0.033869493205379166,0.15125742152798574,0.27972792022450904,0.1284704986965233,3.49164820154e-10,0.461674838403,161.34649689675075,33.88276434832489,0.17355371900829508,0.17355322827995975,195.22926124507566,195.47727421824774,-0.1268756044220054,1.586760668626681,0.17355371897724578,0.02235905904808234,0.14952945879686164,0.17355395435961776,0.022359042299849616,0.14952940279373023,0.14600847967908914,0.2837346761698716,0.13772619649078244,0.2,0.20000072967976207,156.18326654121964,39.045994703856024,-5.9792260176383394e-05,-1.7974299826306606e-08,0.39482303662389034,0.39482288875117866,0.1587130454796926,22.197402941081613,45.050315239773404,18.282594578286275,54.69683177177007,22.584669513564727,44.27782303386744
64.31035107873,0.033931993205379166,0.151288111457696,0.2795817770256735,0.1282936655679775,3.56816808585e-10,0.461196933628,162.66933386003276,34.16056011060196,0.17355371900824382,0.1735532268855645,196.8298939706347,197.0799403361433,-0.12687560442837809,1.586760668626241,0.17355371897728286,0.022308058481371375,0.14935882458486133,0.17355395424221828,0.02230804208727408,0.14935876970326878,0.14604702566235755,0.28358049223698373,0.13753346657462617,0.20000000000000018,0.2000007314294273,157.46377120933116,39.366122761303565,-5.979228792085678e-05,-1.7952939135312818e-08,0.3943724878271786,0.394372342915819,0.15849094719536036,21.883016892239464,45.69753818334973,18.255039173221004,54.77939491178618,22.22979643751797,44.9846674399711
64.76035107873,0.033994493205379166,0.15131832704347065,0.27943789066705216,0.1281195636235815,3.64682588046e-10,0.460717987795,163.99455212905656,34.438855947099135,0.17355371900825303,0.17355322548007768,198.43340807615567,198.68549149442043,-0.12687560443829238,1.5867606686262028,0.1735537189772775,0.022257250165729905,0.1491886395330754,0.17355395378805766,0.022257234090159905,0.14918858565640974,0.14608491406768645,0.2834289386156424,0.13734402454795594,0.2,0.2000007329973768,158.74658100975694,39.68682706639873,-5.979229031893851e-05,-1.7956025555321276e-08,0.39392312500947857,0.3939229827515646,0.15827263781224538,21.57519112933193,46.3495314597922,18.227822559553214,54.86118798517157,21.880390444643727,45.70302356029473
65.21035107873,0.03405699320537917,0.1513480780194407,0.2792962146806938,0.12794813666125313,3.72768606763e-10,0.460237979285,165.32203786933079,34.717627952561486,0.17355371900827285,0.1735532241014747,200.03966582189224,200.29378977831644,-0.12687560443358503,1.586760668626615,0.17355371897724817,0.022206632919867547,0.1490189012168173,0.1735539529771797,0.022206617125243234,0.14901884822143552,0.14612215502295195,0.2832799747944345,0.13715781977148256,0.20000000000000018,0.20000073432183652,160.031585764019,40.00808005787323,-5.9792264350821966e-05,-1.7972934251986317e-08,0.3934749417685595,0.3934748018376197,0.1580580589745953,21.273043221977854,47.00784883315934,18.200743911103583,54.94280919967991,21.535212819356868,46.43557546369603
65.66035107873,0.034119493205379166,0.1513773739973444,0.27915670355796035,0.12777932956061594,3.81081514418e-10,0.459756882267,166.65167746863523,34.99685226840818,0.17355371900824307,0.17355322272399668,201.64852973704345,201.90469754241732,-0.12687560442721235,1.5867606686262556,0.1735537189772951,0.02215620559824613,0.14884960731639882,0.17355395185496925,0.02215619005223594,0.14884955509586162,0.14615875795282887,0.2831335630751604,0.13697480512233154,0.19999999999999993,0.20000073545448985,161.31867548631817,40.32985425072525,-5.979228698826944e-05,-1.7945889219106448e-08,0.3930279319794321,0.39302779409442007,0.1578471563789072,20.976047245232092,47.67342427812764,18.173929673659043,55.02387309495214,21.194219376672145,47.182676664216785
66.11035107873,0.034181993205379166,0.1514062231181799,0.27901931844162137,0.12761309532344148,3.89628168452e-10,0.459274674455,167.98335755372773,35.27650508629392,0.17355371900830963,0.1735532213262298,203.25986264002165,203.5180774309209,-0.1268756044469188,1.5867606686262474,0.17355371897730015,0.02210596633522625,0.14868075307593195,0.17355395040572524,0.022105951003394384,0.14868070151635143,0.14619473266443683,0.28298966422875294,0.1367949315643161,0.20000000000000004,0.20000073642490915,162.60774042639142,40.65212221363021,-5.979228751007426e-05,-1.794298043478193e-08,0.39258208308447606,0.39258194694467824,0.15763987351681344,20.684167951146712,48.346155492542344,18.147618568462246,55.10364879157452,20.8579345253164,47.94338570706731
66.56035107873,0.03424449320537916,0.15143463472708057,0.278884014877902,0.1274493801508214,3.984156406e-10,0.458791335218,169.31696500727236,35.556562651524466,0.17355371900825345,0.17355321993045741,204.87352765879683,205.13379239779212,-0.12687560443019885,1.5867606686268438,0.17355371897722846,0.022055912687932534,0.1485123317705723,0.1735539486375523,0.022055897534877102,0.14851228075441136,0.1462300902100539,0.282848234045928,0.13661814383587412,0.20000000000000007,0.2000007371960181,163.89867109508867,40.97485656370817,-5.9792249929024877e-05,-1.7984280731297986e-08,0.39213737732716714,0.39213724262223415,0.15743614670594241,20.399900485244853,49.01984697049356,18.12183399664134,55.18205277596836,20.52846785056948,48.71284146869534
67.01035107873,0.034306993205379166,0.1514626238380745,0.2787507219014558,0.1272880980633813,4.07451223528e-10,0.458306845769,170.65238698387304,35.837001266613846,0.1735537190082665,0.17355321852553518,206.48938825048688,206.7517057268074,-0.1268756044349728,1.5867606686262696,0.1735537189772925,0.022006042693029155,0.14834433825741095,0.1735539466424634,0.02200602768640926,0.14834428767704289,0.14626484742553555,0.2827092051843201,0.13644435775878452,0.19999999999999996,0.20000073782017805,165.1913582483523,41.29803000213458,-5.979228611119325e-05,-1.7947388020189692e-08,0.3916938011279809,0.39169366757373136,0.15723587894091556,20.123150612343345,49.69400762654978,18.09633376812389,55.25981189413448,20.205692286086446,49.49100411118285
67.46035107873,0.03436949320537917,0.1514901994984179,0.27861939712660333,0.12712919762818542,4.16742437765e-10,0.457821192631,171.98951092699357,36.11779729466759,0.17355371900826025,0.17355321711749574,208.10730822166116,208.37168105147796,-0.1268756044404573,1.5867606686261677,0.17355371897727723,0.021956355271378205,0.14817677035007276,0.17355394454132544,0.021956340390722345,0.1481767201375518,0.14629901473610293,0.28257253594197446,0.13627352120587152,0.20000000000000004,0.20000073831841522,166.48569292787096,41.621615293790235,-5.979229253938456e-05,-1.7956180986544723e-08,0.39125134871393286,0.39125121613096014,0.1570390101513684,19.851031356484565,50.37521638256536,18.071058846256687,55.3371005267433,19.88534635045978,50.28828678042505
67.91035107873,0.034431993205379166,0.15151736858882195,0.2784900081968012,0.12697263960797925,4.26297038788e-10,0.457334351867,173.32822458506718,36.39892716286199,0.1735537190082561,0.17355321574009738,209.72715174792916,209.99358237484856,-0.12687560443814805,1.5867606686262243,0.1735537189772782,0.021906848805944606,0.14800962403149534,0.1735539424050818,0.021906834038461952,0.14800957414458685,0.14633259427533135,0.2824382177850645,0.13610562350973315,0.20000000000000007,0.2000007387160531,167.78156646952957,41.9455852783996,-5.979228896446642e-05,-1.795562587503241e-08,0.3908100094782248,0.3908098777550112,0.1568455280443901,19.582750403754194,51.065349829934554,18.046061096382278,55.413754539513974,19.56612103886997,51.1087505803222
68.36035107873,0.034494493205379166,0.1515441378801019,0.2783625236546462,0.1268183857745443,4.36123024394e-10,0.456846299266,174.66841602773815,36.68036736582573,0.17355371900826727,0.1735532143567138,211.34878339356388,211.61727408916195,-0.12687560443905843,1.5867606686260232,0.17355371897731528,0.021857521950861304,0.14784289617990207,0.17355394036989913,0.021857507295216964,0.14784284661496802,0.14636559189216805,0.28230622731790495,0.1359406354257369,0.19999999999999987,0.20000073912195684,169.07887050232475,42.26991289123913,-5.9792301643213364e-05,-1.7934254081808376e-08,0.39036977517800403,0.3903696443049435,0.15665539891902316,19.318442168263044,51.764008261640896,18.021222935759678,55.49012980776631,19.250055663777115,51.947901734211754
68.81035107873,0.034556993205379166,0.15157051421656526,0.27823690953412206,0.1266663953175568,4.46228642257e-10,0.456357022356,176.0099736620518,36.96209446903058,0.1735537190082633,0.17355321296304568,212.97206813108235,213.2426209953862,-0.1268756044363717,1.5867606686262647,0.1735537189773017,0.021808373751089957,0.14767658497910208,0.17355393819729809,0.021808359193029897,0.14767653568874745,0.14639801655310083,0.28217652867410536,0.13577851212100453,0.19999999999999987,0.20000073943779936,170.37749702526853,42.594571105813856,-5.9792286422055696e-05,-1.7942081154131984e-08,0.38993064101773384,0.3899305108696828,0.15646857111071272,19.058266684460516,52.47066884709758,17.996501733639633,55.56635477275943,18.938068085390096,52.80369652760183
69.26035107873,0.034619493205379166,0.15159650457344573,0.27811313259985754,0.1265166280264118,4.56622397816e-10,0.455866509302,177.3527862483626,37.24408511216497,0.1735537190082984,0.17355321153123712,214.5968713605276,214.86948832259526,-0.12687560444057944,1.5867606686259734,0.17355371897732605,0.021759403107942846,0.1475106881142612,0.17355393588381926,0.021759388633917656,0.14751063905331593,0.14642987709753982,0.2820490864964711,0.13561920939893127,0.19999999999999993,0.20000073970985588,171.67733834900127,42.919533011526305,-5.979230477404229e-05,-1.7928059037330968e-08,0.3894926008852417,0.38949247134293147,0.15628499368813326,18.802472869438684,53.184493706962776,17.972075470112244,55.641876290972114,18.63035819229351,53.675833265173196
69.71035107873,0.034681993205379166,0.15162211679331342,0.2779911565038691,0.12636903971055566,4.67313062182e-10,0.455374748272,178.6967429163274,37.526316012436304,0.17355371900829333,0.17355321010516964,216.2230589287637,216.49774174719718,-0.12687560443666035,1.5867606686258242,0.17355371897734126,0.02171060811225413,0.147345200506342,0.1735539336025872,0.021710593720359966,0.1473451516689978,0.1464611830316014,0.2819238627603018,0.13546267972870038,0.2,0.2000007399624575,172.9782871460649,43.2447717826988,-5.979231417763131e-05,-1.791928827543643e-08,0.3890556413696519,0.3890555124177461,0.15610461187767688,18.55265924864467,53.90062883158128,17.948041481302454,55.71638560350775,18.327907779125834,54.561601468713626
70.16035107873,0.034744493205379166,0.15164736208727259,0.2778709275769824,0.1262235654897098,4.78309680359e-10,0.454881728647,180.04173318050462,37.80876396791017,0.17355371900828037,0.17355320868600183,217.8504971484148,218.12724741200444,-0.12687560443418455,1.5867606686257545,0.1735537189773448,0.021661987157177754,0.14718011807706147,0.17355393130449698,0.0216619728430198,0.14718006944902493,0.14649194637947924,0.2818008093688073,0.13530886298932807,0.20000000000000004,0.20000074017815694,174.28023647055235,43.57026067786242,-5.979231857411449e-05,-1.791724546507112e-08,0.38861975170251717,0.388619623303275,0.15592735639706706,18.30956721841657,54.61625542924662,17.92420443940655,55.79048171317939,18.030454936072342,55.46171760754444
70.61035107873,0.034806993205379166,0.15167225016019933,0.277752400283702,0.12608015012350268,4.89621579809e-10,0.454387440719,181.3876469560453,38.09140586076387,0.17355371900824323,0.17355320726448334,219.47905281680914,219.75787194513853,-0.12687560443750412,1.586760668625668,0.17355371897734337,0.021613539415000705,0.14701543937628014,0.17355392910725087,0.021613525183483893,0.147015390974836,0.1465221756165907,0.28167989242035424,0.13515771680376354,0.19999999999999993,0.20000074042834995,175.5830797449344,43.895973071874764,-5.979232403641177e-05,-1.7918078132339588e-08,0.38818492805483656,0.38818480025389723,0.15575317841179764,18.071425024395165,55.33597924071122,17.900441190290536,55.8645448662134,17.73689037009339,56.379668540215185
71.06035107873,0.034869493205379166,0.1516967872644269,0.27763554459332096,0.12593875732889406,5.01258379109e-10,0.453891876375,182.73437457412365,38.37421866056331,0.17355371900825453,0.17355320585180423,221.10859323468696,221.38948247876286,-0.12687560444648582,1.5867606686252227,0.1735537189773955,0.02156526396029175,0.14685116261130435,0.17355392696613445,0.021565249814045742,0.14685111444604615,0.14655187887819343,0.2815610793742043,0.1350092004960109,0.20000000000000004,0.20000074066101697,176.88671082123406,44.221882413452924,-5.97923520917476e-05,-1.7888046599523477e-08,0.38775116569311624,0.38775103851581083,0.15558203104762572,17.83711041991863,56.06289227672796,17.876914878053526,55.93806352054869,17.447239211517015,57.31565824694458
71.51035107873,0.034931993205379167,0.15172097968052428,0.27752032976674545,0.12579935008622117,5.13229997061e-10,0.453395027011,184.08180679741025,38.65717942743959,0.17355371900820302,0.17355320444965167,222.73898622484984,223.02194666763884,-0.12687560440438617,1.5867606686257905,0.1735537189773992,0.02151715909718406,0.14668728335197997,0.1735539247368028,0.0215171450254453,0.1466872353868778,0.1465810646030744,0.2814443364746979,0.1348632718716235,0.19999999999999998,0.20000074082219793,178.19102396989453,44.54796225495531,-5.979231630925952e-05,-1.7885892766855704e-08,0.38731845291981565,0.38731832627100954,0.15541386568047472,17.60663859697685,56.796758477890556,17.85360476753793,56.0110976478115,17.16155968885323,58.269762080512976
71.96035107873,0.03499449320537917,0.15174483367586847,0.2774067260096797,0.12566189233381123,5.25546661978e-10,0.452896884264,185.4298348346665,38.9402653152859,0.17355371900828634,0.17355320306556093,224.3701001499524,224.65513270749545,-0.12687560444665236,1.5867606686251783,0.17355371897745345,0.021469224027245742,0.14652380020749442,0.17355392242802004,0.021469210021049668,0.14652375241253435,0.14660974100461208,0.28132963086881796,0.13471988986420588,0.19999999999999998,0.2000007408950857,179.49591388525732,44.87418626469506,-5.9792354889509625e-05,-1.7854651090942752e-08,0.38688678606258253,0.38688665986302584,0.15524863498621266,17.379779938050163,57.5381278453742,17.830352100022026,56.084142051169295,16.879554627507773,59.243269272658985
72.41035107873,0.03505699320537917,0.15176835498424868,0.27729470609162116,0.12552635110737248,5.38218921181e-10,0.452397457298,186.77835035674562,39.2234535749203,0.17355371900827807,0.17355320167048846,226.00180393166593,226.2889093532099,-0.12687560444945012,1.5867606686249265,0.17355371897744085,0.021421457923129907,0.14636071167881737,0.17355392005247194,0.021421443974689865,0.14636066402790698,0.14663791540513152,0.28121693326667807,0.13457901786154655,0.20000000000000004,0.2000007409335595,180.8012756930117,45.20052823865422,-5.9792370754596647e-05,-1.78619119495238e-08,0.3864561611633226,0.38645603534411993,0.15508629677362445,17.156408896347827,58.28725615259002,17.807215555583497,56.1570110093067,16.601060403004894,60.23711592658225
72.86035107873,0.03511949320537917,0.15179154948561227,0.2771842422277923,0.12539269274218004,5.51257650878e-10,0.451896737332,188.12724551050346,39.50672155720709,0.1735537190082694,0.17355320027045332,227.63396706771056,227.92314593679072,-0.12687560444621937,1.5867606686246547,0.17355371897750768,0.02137385968141109,0.1461980153128321,0.17355391764747877,0.02137384578514742,0.14619796778733768,0.14666559535775844,0.2811062134565056,0.13444061809874716,0.19999999999999998,0.2000007409569239,182.10700498720442,45.52696208050613,-5.9792387885337916e-05,-1.7823398312799554e-08,0.3860265717447369,0.38602644625668714,0.15492680752316057,16.93673898251545,59.0432432732384,17.78414348632039,56.22986570982194,16.326400928402748,61.250486520903564
73.31035107873,0.03518199320537917,0.1518144235186572,0.2770753048566797,0.1252608813380225,5.64674066277e-10,0.451394728289,189.47641293389847,39.79004671612297,0.17355371900827996,0.17355319887530368,229.26645965002143,229.5577123851573,-0.12687560444372137,1.5867606686245515,0.17355371897748492,0.021326428760852893,0.14603571056715167,0.1735539153211257,0.021326414922881197,0.14603566318841846,0.14669278916799358,0.2809974382154499,0.13430464904745634,0.1999999999999999,0.20000074099078774,183.41299783568263,45.85346181433882,-5.979239439124484e-05,-1.7836510046720377e-08,0.38559801637468727,0.3855978912741511,0.15477011937833987,16.720748589442266,59.80593480314722,17.761113825381244,56.3027752556242,16.05412136311911,62.289301132186836
73.76035107873,0.03524449320537917,0.15183698297937237,0.27696786695798176,0.1251308839786094,5.78479731946e-10,0.451046343029,190.82574577045662,40.07340661179023,0.17355371900824423,0.1735531975056435,230.89915238224683,231.19247923771096,-0.12687560444495372,1.5867606686242453,0.17355371897751323,0.021279164185509184,0.14587379540379822,0.1735539132566491,0.021279150425187698,0.14587374823863167,0.1467194994032706,0.28089059727448307,0.13417109787121248,0.2,0.2000007411113803,184.71915078380795,46.1800015984389,-5.979241368692101e-05,-1.7820200870488634e-08,0.3851704896720225,0.3851703651353956,0.15461621754666852,16.508088968699028,60.57636361762401,17.73819135628328,56.37553344161984,15.783050177967425,63.35910921679539
74.21035107873,0.03530699320537917,0.151859232791094,0.2768619034094076,0.12500267061831358,5.92686572565e-10,0.450789665141,192.17513768355352,40.356778913543536,0.17355371900825486,0.1735531961325362,232.53191659709705,232.82731766368923,-0.12687560444212265,1.5867606686241813,0.1735537189774643,0.021232065077051516,0.1457122681075671,0.1735539111628664,0.021232051390114335,0.1457122211419287,0.14674573035284133,0.28078567347595546,0.13403994312311412,0.2,0.20000074120187505,186.02536092458504,46.50655567251201,-5.979241771703059e-05,-1.7848400535314113e-08,0.38474398710785385,0.3847438630980683,0.15446507731314582,16.298760143651933,61.35436015907514,17.71536476992351,56.44817439479219,15.514718744643815,64.45492286769507
74.66035107873,0.03536949320537917,0.15188117859780412,0.27675738731212923,0.12487620871432512,6.07306884097e-10,0.450531862287,193.52448287058377,40.64014140281714,0.17355371900824523,0.1735531947547639,234.16462427340093,234.4620994793003,-0.12687560444096802,1.5867606686241613,0.173553718977524,0.021185130530388403,0.14555112686059288,0.1735539090358253,0.021185116911841013,0.14555108007789228,0.14677148964479175,0.28068263630845364,0.13391114666366188,0.19999999999999998,0.2000007412809378,187.3315258369485,46.833098436452474,-5.9792418982684836e-05,-1.781399472378098e-08,0.384318503882223,0.3843183803554731,0.1543166547265391,16.093114471772182,62.13837612067141,17.692531176828993,56.521025171889995,15.250087568926304,65.57339395464244
75.11035107873,0.03543199320537917,0.15190282651339737,0.2766542895999548,0.12475146308655743,6.22353345081e-10,0.450272885191,194.87367607688907,40.923471976134486,0.17355371900822164,0.17355319338310962,235.79714805302353,236.0966971646284,-0.12687560444608614,1.5867606686240505,0.17355371897754096,0.021138360221002264,0.1453903718304698,0.17355390688378614,0.021138346668158413,0.1453903252219982,0.14679678469776505,0.2805814560966445,0.13378467139887942,0.19999999999999998,0.20000074132106127,188.6375436410268,47.159604411996746,-5.979242596598766e-05,-1.7804224761164278e-08,0.38389404043765196,0.3838939173709427,0.1541709070404566,15.89278965092065,62.92161552280227,17.669721262605876,56.5939883905403,14.989509559236433,66.71332347787235
75.56035107873,0.03549449320537916,0.1519241865554138,0.2765525626085808,0.12462837605316701,6.37839028442e-10,0.450012686942,196.22261260956185,41.206748648002545,0.1735537190082455,0.17355319201466604,237.42936125756438,237.73098388030738,-0.12687560444155643,1.5867606686242717,0.17355371897753094,0.021091753088558433,0.14523000064917177,0.17355390471339943,0.0210917395975626,0.1452299542021638,0.14682162422216094,0.28048209799901114,0.1336604737768502,0.19999999999999998,0.2000007413453542,189.9433129888976,47.48604826866679,-5.979241202158647e-05,-1.780999792089233e-08,0.3834705905215183,0.3834704678811435,0.15402778406649925,15.698625366256072,63.69984483797435,17.647056674742498,56.66667356666104,14.733800606818642,67.87115060707492
76.01035107873,0.03555699320537916,0.15194526701905978,0.2764521668304374,0.12450689981137761,6.5377741343e-10,0.449751221475,197.57118835097464,41.489949553697485,0.17355371900823963,0.17355319063936572,239.06113790467208,239.36483348395492,-0.12687560443301882,1.5867606686242257,0.17355371897752053,0.021045308173566594,0.1450700112827134,0.17355390252351038,0.02104529474059724,0.1450699649844765,0.14684601826329785,0.28038452183441037,0.13353850357111252,0.2000000000000001,0.20000074135762047,191.24873309394133,47.81240481073076,-5.9792414919268566e-05,-1.7815993125225305e-08,0.3830481487632127,0.38304802651565845,0.15388722792464932,15.508758229875893,64.4796949683316,17.624363066982145,56.739639112032435,14.482506994070988,69.04881871691077
76.46035107873,0.035619493205379174,0.15196607280627847,0.27635307897513733,0.12438700616885887,6.70182398067e-10,0.449488443983,198.919299772067,41.77305295213174,0.17355371900825645,0.1735531892703379,240.69235272419874,240.99812054636018,-0.12687560445212576,1.58676066862398,0.17355371897755256,0.020999025343466364,0.1449104045383435,0.17355390032318663,0.020999011966508937,0.14491035838237698,0.1468699739135891,0.28028869923340594,0.13341872531981683,0.19999999999999982,0.20000074133995668,192.55370374450064,48.13864897969809,-5.979243041798199e-05,-1.7797541218556034e-08,0.3826267172942245,0.38262659542232613,0.1537491977493468,15.321908034553491,65.26602285725976,17.601524757925876,56.813259859757615,14.234720245064644,70.25076592894142
76.91035107873,0.03568199320537917,0.15198660869427755,0.2762552763056466,0.12426866761136907,6.87068311934e-10,0.449224311077,200.2668439457537,42.05603722861512,0.1735537190082878,0.17355318792400506,242.3228811743688,242.6307203674249,-0.12687560445351354,1.5867606686240157,0.173553718977525,0.020952904250698907,0.14475118048119298,0.17355389811443528,0.020952890926521767,0.14475113445676951,0.146893498090404,0.2801946025260089,0.13330110443560492,0.20000000000000012,0.20000074130650727,193.8581253039664,48.464755870402435,-5.979242816422925e-05,-1.7813417407808174e-08,0.3822062962865276,0.38220617476196034,0.15361365368277893,15.138019188670418,66.05884082564904,17.578589295348994,56.88738630833042,13.990372333360076,71.47772597985099
77.36035107873,0.03574449320537916,0.1520068793776739,0.2761587364866084,0.12415185710893448,7.0444992934e-10,0.448958780758,201.61371855960925,42.33888089751528,0.17355371900825542,0.17355318657932586,243.95259945712453,244.26250899184518,-0.1268756044469299,1.5867606686238869,0.17355371897754296,0.020906944512521956,0.1445923390519773,0.17355389590071096,0.020906931240146826,0.14459229315612512,0.14691659757513478,0.2801022045871755,0.1331856070120407,0.2,0.20000074124224418,195.16189873772734,48.79070071939721,-5.979243627995956e-05,-1.7803070129218668e-08,0.38178688558358503,0.38178676439850207,0.1534805566518146,14.957073510878978,66.85799860999903,17.555570804103375,56.96197583995752,13.749441819545934,72.73022520655492
77.81035107873,0.03580699320537916,0.1520268895374376,0.27606343725649485,0.12403654771905726,7.22342482829e-10,0.448691812914,202.95982192862738,42.62156260501893,0.17355371900828864,0.17355318523785399,245.58138453364626,245.89336322453389,-0.12687560444758494,1.5867606686237692,0.17355371897757363,0.020861145708656045,0.1444338800581638,0.17355389368702898,0.020861132486187196,0.14443383428472428,0.14693927913219573,0.28001147835908513,0.1330721992268894,0.20000000000000007,0.2000007411800922,196.46492560688378,49.11645892676248,-5.9792443696249364e-05,-1.778540648089688e-08,0.3813684846770265,0.3813683638151664,0.15334986768035463,14.779856791651712,67.65965422377045,17.5324963499026,57.036943287631445,13.51258294024048,74.00509617017775
78.26035107873,0.03586949320537916,0.15204664593805098,0.2759693464599503,0.12392270052189933,7.40761677077e-10,0.448423368929,204.30505300790472,42.904061131656235,0.1735537190082519,0.1735531839066895,247.2091141395609,247.5231606457767,-0.12687560444705204,1.5867606686237496,0.17355371897757688,0.020815507317109662,0.14427580295084017,0.1735538914831724,0.020815494143372245,0.1442757572961315,0.14696155163816663,0.27992238833521654,0.13296083669704992,0.1999999999999999,0.20000074109816043,197.76710810542903,49.442006034131914,-5.979244492859692e-05,-1.7783530203985265e-08,0.3809510921174839,0.3809509715691251,0.1532215356221588,14.60798587166596,68.45570695270364,17.509619332026894,57.11146433497256,13.280081422935158,75.30074313196344
78.71035107873,0.03593199320537917,0.15206615754991895,0.2758764214117311,0.12381026386181213,7.59723703329e-10,0.448153411389,205.6493114047216,43.18635539498327,0.17355371900823702,0.17355318258524538,248.83566679970488,249.1517796261156,-0.1268756044548791,1.586760668623667,0.17355371897755584,0.020770027604521513,0.14411810297294894,0.17355388929452745,0.020770014478708302,0.14411805743455017,0.14698342272365705,0.27983490399315136,0.1328514812694943,0.20000000000000007,0.20000074101705256,199.0683490482915,49.76731775141336,-5.979245012444068e-05,-1.7795653839414172e-08,0.3805346953442493,0.3805345751029994,0.15309551651040437,14.440529808218269,69.2495367746749,17.487021126814007,57.18526859138026,13.050524190160548,76.62527461953985
79.16035107873,0.03599449320537917,0.15208542855215718,0.27578464215773024,0.12369921360557307,7.79245254121e-10,0.447881906808,206.9924973907662,43.46842445206273,0.1735537190082705,0.1735531812871109,250.4609218428289,250.77909934095723,-0.12687560445208135,1.5867606686238276,0.17355371897755686,0.020724705639031213,0.14396077812734695,0.17355388711180292,0.020724692560747774,0.14396073270426132,0.1470048964893615,0.2797490089303377,0.13274411244097623,0.20000000000000004,0.2000007408852908,200.3685519114502,50.0923699313787,-5.979244001030892e-05,-1.779506542121112e-08,0.3801192890839929,0.38011916914722005,0.1529717867175408,14.275648998211198,70.04935468260003,17.464351797686447,57.259497036269785,12.823508495129577,77.98177857329796
79.61035107873,0.03605699320537917,0.15210446292613625,0.2756939898105897,0.12358952688445343,7.99343538406e-10,0.447608821742,208.3345119138353,43.75024750191097,0.17355371900828265,0.17355318000068032,252.0847594157463,252.40499978489802,-0.12687560445500123,1.5867606686235771,0.1735537189775905,0.020679541516140855,0.14380382997730226,0.17355388494740748,0.02067952848492287,0.14380378466828636,0.14702597915936977,0.27966467825047275,0.13263869909110299,0.2,0.2000007407478263,201.66762080135945,50.41713861438684,-5.979245579768033e-05,-1.7775680927201165e-08,0.37970487746442483,0.37970475782884583,0.15285031038102034,14.11325869943879,70.85535816329681,17.44150352131156,57.33450667129197,12.599670026084187,79.36715786443392
80.06035107873,0.03611949320537917,0.15212326460065045,0.27560444570926923,0.12348118110861878,8.20036297285e-10,0.447334124461,209.67525660950227,44.03180388800377,0.17355371900829147,0.17355317872030876,253.70706049750606,254.02936178576527,-0.12687560445513446,1.5867606686235391,0.1735537189775859,0.020634534864538107,0.14364725846509604,0.17355388280958764,0.02063452188152154,0.14364721327447164,0.1470466768799253,0.27958188736823,0.1325352104883047,0.19999999999999993,0.2000007406062746,202.96546050096393,50.74159999654212,-5.9792458184659836e-05,-1.777833436023002e-08,0.37929146033314215,0.3792913410101683,0.15273105208636717,13.953312782064119,71.6675685279141,17.418548462851277,57.41006503111959,12.37895060328852,80.78229181513544
80.51035107873,0.03618199320537917,0.15214183738193543,0.2755159917278616,0.12337415434592619,8.41341820052e-10,0.447057785112,211.0146338124388,44.31307310061117,0.1735537190082613,0.17355317745289012,255.32770691305,255.6520670183655,-0.1268756044488395,1.5867606686237195,0.1735537189775715,0.020589685404492235,0.14349106384891094,0.17355388069816982,0.02058967247008824,0.14349101877848747,0.147066995614978,0.27950061242794616,0.13243361681296817,0.20000000000000007,0.20000074045823213,204.2619764709375,51.06573044211247,-5.9792446827078294e-05,-1.778662772622397e-08,0.3788790383718597,0.3788789193662688,0.1526139774700271,13.796448111779812,72.48242387445872,17.39545746016978,57.48627205060234,12.161287062292903,82.22813875519675
80.96035107873,0.03624449320537917,0.15216018686144778,0.2754286012733488,0.123268414411901,8.63278960813e-10,0.446779778197,212.35254656744726,44.594034779167195,0.173553719008275,0.17355317619289296,256.9465813466145,257.2729980179381,-0.12687560445067136,1.586760668623658,0.17355371897757005,0.020544992915195532,0.14333524659062588,0.17355387861888616,0.020544980030636054,0.14333520164508107,0.1470869412365206,0.27942082994176815,0.13233388870524754,0.19999999999999996,0.20000074031081144,205.55707485695945,51.38950648965503,-5.979245070175665e-05,-1.7787460393492438e-08,0.37846761280013946,0.3784674941242827,0.152499052698273,13.64387580510139,73.29295680235553,17.372250756325855,57.56306502977827,11.94711368921907,83.70222515772892
81.41035107873,0.03630699320537917,0.15217832004740853,0.27534224101424337,0.12316392096683484,8.8586715546e-10,0.446500073856,213.68889864045997,44.87466871450296,0.1735537190082848,0.17355317493442415,258.5635673549629,258.8920381933092,-0.12687560445603374,1.586760668623596,0.1735537189775829,0.020500457012535566,0.1431798065808708,0.17355387657884547,0.020500444178512166,0.14317976176300953,0.14710652108109953,0.27934251056351617,0.13223598948241663,0.20000000000000007,0.20000074018059674,206.85066250023473,51.712904854728166,-5.9792454609741696e-05,-1.7780055205918188e-08,0.3780571833291967,0.3780570649904803,0.15238623549862987,13.495653621969682,74.09793019376936,17.348890492332444,57.64057364025454,11.737143602067224,85.19960510868022
81.86035107873,0.03636949320537917,0.15219624262395798,0.27525688385938013,0.12306064123542215,9.09126439394e-10,0.446218645264,215.0235945290709,45.15495485110489,0.17355371900826447,0.1735531736816589,260.17854938017575,260.5090718397429,-0.12687560445895363,1.5867606686232825,0.17355371897761748,0.020456077669126774,0.14302474495389522,0.17355387457390706,0.020456064888193803,0.14302470027304306,0.147125743311891,0.27926562164052326,0.13213987832863228,0.19999999999999996,0.20000074004840174,208.14264695942094,52.03590242075479,-5.9792474371711535e-05,-1.7760137804856413e-08,0.3776477529539453,0.3776476349769928,0.15227547883569753,13.35043776659005,74.90391082924157,17.325287619993176,57.71909949974001,11.530915898598327,86.72337989400806
82.31035107873,0.03643199320537917,0.1522139579557359,0.2751725137946339,0.12295855583889803,9.33077465399e-10,0.445935468355,216.3565394728684,45.43487328930838,0.17355371900828345,0.17355317243466584,261.7914127621768,262.1239841514809,-0.1268756044513486,1.586760668623414,0.17355371897761654,0.020411854954549082,0.14287006318522114,0.1735538726054645,0.020411842228024668,0.14287001864640694,0.1471446136737206,0.2791901401932009,0.1320455265194803,0.20000000000000004,0.20000073992849834,209.43293650281447,52.35847625936228,-5.979246607834554e-05,-1.776068181413848e-08,0.3772393255704073,0.37723920796849697,0.15216674960800822,13.207276178808069,75.71583924356521,17.301570896470388,57.798219941057795,11.327545700315419,88.28037656666922
82.76035107873,0.03649449320537916,0.15223146915277844,0.27508911601253744,0.122857646859759,9.57734773874e-10,0.445650521265,217.6876394635254,45.71440428734065,0.17355371900826547,0.17355317119859337,263.4020437508661,263.7366612339756,-0.1268756044548125,1.5867606686232956,0.17355371897762878,0.020367788180619153,0.14271576009894335,0.17355387067389358,0.020367775509229115,0.1427157157051357,0.1471631373445062,0.27911604551011787,0.13195290816561167,0.19999999999999984,0.2000007398078432,210.72144013379494,52.680603617071085,-5.9792473539044266e-05,-1.7753620795701863e-08,0.3768318980736797,0.3768317808546499,0.15206001798116925,13.06606551845134,76.53413329267656,17.277956020347304,57.87721642666266,11.126059767684982,89.87907856691945
83.21035107873,0.03655699320537917,0.15224877927506053,0.2750066759543412,0.12275789667928066,9.83099121194e-10,0.445363783238,219.01680125471879,45.99352826349407,0.1735537190082742,0.17355316997103126,265.01032951821287,265.34699011580284,-0.12687560444648582,1.586760668623216,0.17355371897763835,0.020323876319664477,0.14256183332036831,0.17355386878138307,0.020323863704342242,0.14256178907527164,0.1471813168057514,0.2790433276651852,0.1318620108594338,0.20000000000000004,0.20000073969201257,212.00806758854625,53.00226192966657,-5.979247854615011e-05,-1.7748102987269476e-08,0.3764254641935352,0.37642534736716726,0.15195526965690723,12.926781884828369,77.3587741256514,17.254330764109675,57.95646401308571,10.92624438461281,91.52275610897722
83.66035107873,0.03661949320537917,0.15226589133100973,0.2749251792423766,0.12265928791136685,1.00921857332e-09,0.445075233683,220.343932371552,46.272225798023044,0.17355371900825556,0.17355316877227114,266.61615816957504,266.95485876025714,-0.12687560445802104,1.5867606686230498,0.17355371897763688,0.02028011926157247,0.14240828368312172,0.1735538669189318,0.02028010670302302,0.14240823958964952,0.1471991564848419,0.2789719689488171,0.1317728124639752,0.2,0.20000073954628544,213.2927293606706,53.32342880890442,-5.979248902665546e-05,-1.7748957858998438e-08,0.37602002613110924,0.37601990970509613,0.1518524791249979,12.789403026538071,78.18973238430249,17.23047818581412,58.03669458363039,10.728983648187187,93.20547339719025
84.11035107873,0.03668199320537917,0.15228280829747606,0.2748446117363232,0.12256180343884712,1.03611629258e-09,0.444784854209,221.66894112007225,46.550477635211514,0.1735537190082532,0.1735531675717318,268.21941875528375,268.56015607662573,-0.12687560445292512,1.5867606686229725,0.17355371897765465,0.020236517083031275,0.1422551126780028,0.17355386509264642,0.02023650458153561,0.14225506873758703,0.1472166617334815,0.27890194795434736,0.13168528622086587,0.2,0.20000073941762167,214.5753366780623,53.644082077221455,-5.979249390053454e-05,-1.7738721602711394e-08,0.37561558782276266,0.3756154718008853,0.15175161554960534,12.653897260755523,79.0270364452361,17.20637855276502,58.11798205725879,10.534546758876793,94.92577354192895
84.56035107873,0.03674449320537916,0.15229953307686311,0.2747649595941201,0.122465426517257,1.06381614775e-09,0.444492627791,222.99173659611145,46.82826468517757,0.17355371900824657,0.173553166391461,269.820001281289,270.1627719311338,-0.12687560443456203,1.5867606686230091,0.1735537189776674,0.020193069769337768,0.14210232147765134,0.173553863298864,0.020193057326404137,0.1421022776960459,0.14723383781671534,0.27883324362147666,0.13159940580476132,0.2,0.20000073927103587,215.8558015549194,53.96419972636966,-5.979249159127065e-05,-1.773138302851862e-08,0.37521215236477623,0.3752120367622274,0.151652648593904,12.520228574633991,79.87074629180509,17.1820051128107,58.20042500478665,10.342902901634542,96.68465512152926
85.01035107873,0.03680699320537916,0.1523160685097554,0.2746862092423318,0.12237014073257638,1.09234273495e-09,0.444198538702,224.31222869399832,47.10556802573922,0.1735537190082632,0.1735531652246256,271.4177967197375,271.7625971575641,-0.12687560445509005,1.58676066862251,0.17355371897770402,0.0201497775263447,0.1419499120335927,0.1735538615294587,0.020149765141966532,0.14194986841123358,0.1472506899351161,0.27876583514805686,0.13151514521294075,0.2000000000000001,0.2000007391248898,217.13403676414092,54.283759955596594,-5.9792523054991165e-05,-1.771026658659025e-08,0.37480972491002873,0.3748096097279598,0.15155554829285375,12.388364198456982,80.72090745641412,17.15731267614632,58.28418580902197,10.154024946270251,98.4831143602141
85.46035107873,0.03686949320537917,0.15233241738815523,0.2746083473771034,0.12227592998894815,1.121721399e-09,0.443902572542,225.63032811544804,47.3823689042419,0.17355371900825786,0.17355316406917867,273.01269701968994,273.35952356754115,-0.12687560445119317,1.5867606686225604,0.17355371897769784,0.02010664056048965,0.1417978863047318,0.17355385978293028,0.020106628234982025,0.14179784284319005,0.1472672232162389,0.2786997020235342,0.13143247880729533,0.19999999999999998,0.20000073897140205,218.40995586717642,54.602741152513474,-5.9792519868651084e-05,-1.7713830402499298e-08,0.37440831063088414,0.37440819587344326,0.15146028510158627,12.258270725445916,81.57757504279816,17.132302087102957,58.36927197033206,9.967882766063745,100.32220717969918
85.91035107873,0.03693199320537917,0.15234858243933233,0.2745313609653819,0.12218277852604956,1.15197825546e-09,0.443604716231,226.94594637725658,47.65864873922282,0.17355371900826125,0.1735531629334706,274.6045951164794,274.9534439604839,-0.12687560445856505,1.5867606686221514,0.1735537189777403,0.020063659065040842,0.1416462462087889,0.17355385805129134,0.02006364679830525,0.1416462029081798,0.14728344271490934,0.27863482402906525,0.1313513813141559,0.19999999999999993,0.200000738798816,219.6834732156338,54.92112190084562,-5.9792545648029716e-05,-1.768936108703656e-08,0.374007914590961,0.37400780025845254,0.15136682989520664,12.12992416458358,82.44074624306029,17.106992728277472,58.45562781744933,9.78445406336146,102.20294290557985
86.36035107873,0.03699449320537916,0.15236456636730297,0.2744552371207833,0.12209067075348032,1.18314021335e-09,0.443304957959,228.258995819649,47.93438912212074,0.17355371900824784,0.1735531618357009,276.19338494176975,276.5442521332195,-0.12687560444422097,1.5867606686222147,0.1735537189777372,0.02002083314117622,0.14149499334314347,0.1735538563327812,0.020020820933559825,0.14149495020515687,0.1472993534400123,0.27857118112863644,0.13127182768862414,0.2,0.20000073858853312,220.95450396014874,55.238880981620994,-5.979254166232906e-05,-1.7691159648336452e-08,0.3736085410080383,0.37360842710492426,0.15127515381245107,12.003306774656098,83.3103759466858,17.081389149937333,58.543247930375074,9.603724397412163,104.12627004055445
86.81035107873,0.03705699320537916,0.1523803718338089,0.2743799631508382,0.12199959131702928,1.21523499832e-09,0.443003287237,229.5693896135662,48.209571818843756,0.17355371900824915,0.1735531607551827,277.7789614324099,278.13184288925777,-0.12687560445510115,1.5867606686220133,0.17355371897775554,0.01997816295194736,0.14134412952771458,0.1735538546243658,0.019978150803290358,0.14134408655225147,0.14731496035485311,0.27850875346936654,0.13119379311451343,0.20000000000000004,0.20000073836576054,222.22296404345383,55.55599738895611,-5.979255435217823e-05,-1.768059032514202e-08,0.3732101946874967,0.3732100812135156,0.15118522825561884,11.878687178899828,84.18438712455574,17.055488584437825,58.63215205177082,9.42579591183267,106.0918366314987
87.26035107873,0.03711949320537916,0.1523960022298055,0.27430552289497734,0.12190952066517183,1.24829117666e-09,0.442699695168,230.8770417684195,48.48417877136829,0.17355371900826502,0.1735531596870924,279.3612205397878,279.71611204772466,-0.12687560446152935,1.5867606686216738,0.1735537189778187,0.019935648605447078,0.14119365639237152,0.17355385292376108,0.01993563651588466,0.14119361358037644,0.14733026876034275,0.2784475198477217,0.13111725108737896,0.1999999999999999,0.20000073812896044,223.48877022722291,55.872450312564865,-5.979257574617591e-05,-1.764418611216456e-08,0.37281287993290263,0.3728127668905485,0.15109702268149253,11.756734894375901,85.05762943403381,17.029312974810402,58.722275025374806,9.250713842474145,108.09976581575305
87.71035107873,0.03718199320537917,0.15241146196053124,0.2742318953477802,0.12182043338724896,1.28233817993e-09,0.442394173005,232.18186713893928,48.75819209918493,0.17355371900828706,0.17355315863720844,280.9400592381242,281.2969564519509,-0.1268756044602526,1.586760668621462,0.1735537189778236,0.019893290148438637,0.14104357535328801,0.1735538512260896,0.019893278117470017,0.141043532703453,0.14734528372544067,0.2783874599873542,0.13104217626191353,0.20000000000000004,0.20000073788034511,224.75184009035152,56.18821914777271,-5.97925891021589e-05,-1.764137724791226e-08,0.3724166004835727,0.3724164878693919,0.15101050788262294,11.637209324721443,85.9312548306281,17.00288759270839,58.8135394383743,9.078299917826262,110.15278290557328
88.16035107873,0.03724449320537916,0.15242675374983553,0.27415906750704044,0.12173231375720492,1.31740633025e-09,0.442086713527,233.48378143201703,49.03159410072939,0.17355371900828148,0.1735531576023982,282.5153755327464,282.87427397771637,-0.12687560445959756,1.5867606686215343,0.17355371897782085,0.019851087557439976,0.14089388758012172,0.17355384952588138,0.01985107558498134,0.1408938450926134,0.14736000992544657,0.27832855518731714,0.13096854526187057,0.19999999999999984,0.20000073761409878,226.012092038873,56.5032834938734,-5.979258453914227e-05,-1.7642953764607228e-08,0.3720213594279138,0.3720212472423463,0.15092565692066875,11.521385170610817,86.79511926663452,16.976336712084578,58.90552343298844,8.909513821647995,112.23956997184722
88.61035107873,0.03730699320537916,0.1524418853428306,0.2740870024864165,0.12164511714358589,1.35352686629e-09,0.441777311082,234.7827012132382,49.304367254779955,0.17355371900826427,0.17355315656704642,284.0870684680182,284.4479635411456,-0.12687560446368318,1.586760668621512,0.1735537189777922,0.0198090402587436,0.14074459228952138,0.17355384782229596,0.01980902834454499,0.14074454996391508,0.14737445553024772,0.278270772767971,0.1308963172377233,0.20000000000000018,0.20000073735372964,227.26944530175507,56.81762316626311,-5.979258593802328e-05,-1.7659462780983404e-08,0.37162715469753654,0.371627042939461,0.1508424227214134,11.409986554287588,87.64252221000427,16.949680231231653,58.998163172269756,8.744851564902227,114.35299874197243
89.06035107873,0.03736949320537916,0.152456861346955,0.27401567835039803,0.12155881700344304,1.39073197014e-09,0.441465961217,236.07854391317906,49.57649422175804,0.17355371900823682,0.17355315554451378,285.6550381349371,286.0179251062566,-0.12687560445194812,1.5867606686216262,0.1735537189778074,0.01976714812976145,0.1405956902958318,0.1735538461161442,0.01976713627399655,0.140595648133207,0.14738862679414164,0.2782140877124704,0.13082546091832878,0.2,0.20000073707929197,228.52381995753643,57.13121817740068,-5.979257874377808e-05,-1.7650714223549357e-08,0.3712339884426667,0.3712338771149335,0.15076076924858742,11.30078528614219,88.48942570621793,16.922758390407452,59.09202134368609,8.583130220495498,116.50761136212503
89.51035107873,0.03743199320537916,0.1524716835969377,0.27394508638202736,0.12147340278508967,1.42905479473e-09,0.441152660104,237.37122783313,49.84795784495231,0.17355371900825012,0.17355315453706677,287.2191856780823,287.5840596921584,-0.1268756044638608,1.5867606686214772,0.17355371897782162,0.01972541138681926,0.14044718362010417,0.1735538444108771,0.0197253995890099,0.14044714161922237,0.1474025279716514,0.2781584830025033,0.13075595503085188,0.1999999999999999,0.20000073680011018,229.7751369193382,57.44404875874412,-5.979258813626487e-05,-1.7642509675397378e-08,0.3708418659997616,0.37084175509910056,0.1506806719877808,11.19273148016057,89.34369610961615,16.895511823816037,59.18731615992791,8.423718261441474,118.71242234885467
89.96035107873,0.03749449320537917,0.1524863539095532,0.2738752179308793,0.12138886402132612,1.46852949222e-09,0.440837405685,238.6606721511056,50.11874115173997,0.17355371900828676,0.17355315354521453,288.77941330284557,289.1462693798981,-0.12687560446112967,1.5867606686212303,0.1735537189778166,0.01968383019479241,0.14029907410525705,0.1735538427066455,0.019683818454800522,0.140299032266087,0.14741616321477088,0.2781039420299987,0.13068777881522783,0.19999999999999993,0.20000073650474112,231.02331795486944,57.75609534797615,-5.979260369048944e-05,-1.764540735749165e-08,0.3704507922349306,0.37045068176125917,0.15060210701549032,11.085827536848655,90.20526403428678,16.867976889085526,59.28393230411959,8.266590638347427,120.96885448290564
90.41035107873,0.03755699320537917,0.15250087410948637,0.27380606432076865,0.12130519021128228,1.50919124311e-09,0.440520196786,239.9467969268973,50.38882735465152,0.17355371900827324,0.1735531525626492,290.3356242815488,290.704457318956,-0.12687560445709956,1.5867606686213096,0.1735537189778198,0.01964240458358334,0.14015136311710757,0.1735538410056604,0.019642392901133232,0.14015132143912604,0.14742953666372788,0.27805044823418795,0.13062091157046007,0.20000000000000004,0.20000073620924097,232.2682856774695,58.06733860407934,-5.979259869448583e-05,-1.764356438727077e-08,0.3700607707545271,0.37006066070646365,0.1505250504762818,10.980074589937763,91.07406254930261,16.840255528716582,59.381521752729086,8.11173992137703,123.2781141521414
90.86035107873,0.03761949320537917,0.15251524600827054,0.2737376169647072,0.12122237095643668,1.55107628614e-09,0.44020103317,241.2295231072159,50.658199852520866,0.17355371900828007,0.17355315159767057,291.88772295973683,292.25852773338903,-0.12687560446156265,1.586760668620881,0.17355371897787808,0.01960113421205775,0.14000405069874852,0.17355383931476154,0.019601122587327616,0.14000400918305023,0.14744265241478574,0.27799798523024877,0.13055533281546303,0.20000000000000004,0.2000007358982328,233.50996356812993,58.37775939160687,-5.979262570621202e-05,-1.760998014077586e-08,0.36967180167233477,0.3696716920527699,0.15044947876814244,10.8754603920893,91.95013028849702,16.812415209168194,59.47985387933301,7.959147184052988,125.64160165345456
91.31035107873,0.03768199320537917,0.1525294713848468,0.27366986741086063,0.12114039602601384,1.59422194923e-09,0.439879915604,242.50877253059215,50.92684223142314,0.17355371900826105,0.17355315064933435,293.4356147620153,293.8083859276194,-0.12687560446145163,1.586760668620948,0.17355371897789243,0.01956001877752544,0.1398571370274876,0.17355383763729476,0.019560007210743118,0.13985709567534682,0.1474555145155736,0.2779465368271675,0.13049102231159393,0.19999999999999987,0.20000073557953657,234.7482759643787,58.687338797636585,-5.979262149846676e-05,-1.7601708979242403e-08,0.36928388545652335,0.36928377626882175,0.15037536856844574,10.771973128279077,92.83350302599197,16.784372446751156,59.57923080964303,7.808796670732292,128.06070412206319
91.76035107873,0.03774449320537916,0.15254355199793154,0.273602807281055,0.12105925528312347,1.63866668107e-09,0.43955684581,243.78446793169886,51.19473826565641,0.17355371900826347,0.17355314971184702,294.97920619735527,295.3539382918728,-0.12687560446449364,1.5867606686209472,0.1735537189778834,0.019519058347221938,0.1397106236018648,0.17355383597268867,0.019519046838450876,0.1397105824139706,0.14746812698111716,0.2778960869649478,0.1304279599838306,0.20000000000000004,0.20000073525847703,235.98314807192233,58.99605812543297,-5.979262153177345e-05,-1.760690482299765e-08,0.3688970260638926,0.3688969173098737,0.15030269674311858,10.669608385839515,93.72415217480517,16.75607887374396,59.67983366126046,7.660686297136003,130.53660745432904
92.21035107873,0.03780699320537917,0.1525574896042601,0.2735364282489832,0.12097893864472312,1.68445008382e-09,0.439231825691,245.05653294566682,51.461871918594454,0.17355371900827682,0.1735531487871577,296.5184048642613,296.8950923072601,-0.12687560446738022,1.5867606686209943,0.17355371897786487,0.01947825285227821,0.1395645114356734,0.17355383432772592,0.01947824140191244,0.13956447041390027,0.14748049382338518,0.27784661959578316,0.13036612577239798,0.19999999999999998,0.20000073493485815,237.21450596969717,59.303898894564064,-5.979261856747797e-05,-1.761759627072479e-08,0.36851122617129917,0.36851111785591234,0.15023144017565818,10.56840601362137,94.62164859214563,16.727538898419546,59.78165742567678,7.514726112812585,133.07204879962333
92.66035107873,0.03786949320537917,0.1525712860535529,0.27347072150478136,0.12089943545122844,1.73161294655e-09,0.438904860263,246.32489211195272,51.728227343514746,0.17355371900827746,0.17355314788315918,298.0531194554674,298.4317565505084,-0.12687560446565938,1.5867606686209237,0.17355371897786087,0.01943760233381971,0.13941880193797287,0.17355383270211489,0.019437590942271057,0.1394187610842639,0.14749261873616015,0.2777981199446635,0.13030550120850337,0.19999999999999996,0.2000007345989128,238.44227661487642,59.610842840591,-5.97926230194723e-05,-1.7619894432385763e-08,0.3681264894992751,0.36812638162765104,0.1501615775829797,10.468968124978764,95.52039781399453,16.69874686854199,59.88473314029657,7.371205690361642,135.66301660901536
93.11035107873,0.03793199320537917,0.15258494466532496,0.2734056712708676,0.12082072660554266,1.78019727986e-09,0.438575955016,247.5894708779239,51.99378888436345,0.17355371900826289,0.17355314697865912,299.58325976228735,299.96384069833766,-0.12687560446094093,1.5867606686209397,0.1735537189778609,0.019397106746459072,0.13927349620964885,0.1735538311009975,0.019397095414200927,0.13927345552617312,0.14750450664716938,0.2777505683006285,0.13024606165345912,0.19999999999999996,0.20000073427648038,239.6663878328883,59.91687192939903,-5.979262200916935e-05,-1.7619883330155517e-08,0.367742818954639,0.367742711532505,0.15009308057192877,10.371405488751718,96.41894737261478,16.669679884524967,59.9891543765237,7.2303354675224485,138.3061691247724
93.56035107873,0.03799449320537916,0.15259846756291678,0.273341267435724,0.12074279987280723,1.83024635134e-09,0.438245115542,248.85019560217873,52.25854107645504,0.17355371900825764,0.17355314609064573,301.10873667863376,301.4912555314853,-0.12687560446065227,1.58676066862074,0.17355371897790475,0.019356766237636294,0.13912859604565947,0.17355382952431223,0.019356754965545994,0.1391285555360437,0.1475161619077119,0.2777039472586743,0.1301877853509624,0.20000000000000004,0.20000073394921694,240.8867683443855,60.22196833424825,-5.979263458799622e-05,-1.7594614654115048e-08,0.36736021927686374,0.3673601123137959,0.15002592407095644,10.275036722685932,97.3232531414833,16.64029845290129,60.09507598859483,7.091746506303341,141.0089882811198
94.01035107873,0.03805699320537916,0.15261185626563162,0.27327750280798535,0.12066564654235373,1.88180472228e-09,0.437912348461,250.1069935576332,52.52246864710558,0.1735537190082716,0.1735531452099246,302.6294622047388,303.01391293837986,-0.1268756044608632,1.5867606686209526,0.17355371897788663,0.019316580947911312,0.1389841032201572,0.1735538279795945,0.0193165697366144,0.1389840628871325,0.1475275882164607,0.27765824202359046,0.13013065380712976,0.20000000000000015,0.20000073362729762,242.10334774655652,60.5261144581823,-5.979262119870654e-05,-1.7605050750546525e-08,0.36697869515048626,0.3669785886536959,0.14996008676806366,10.179626680847912,98.23542958421193,16.610712322157667,60.2021141902543,6.955233347228747,143.77662834251873
94.46035107873,0.03811949320537917,0.1526251122666702,0.2732143702692388,0.12058925800256859,1.93491828521e-09,0.43757766093,251.35979293422523,52.78555651619017,0.17355371900827224,0.1735531443442532,304.14534945041544,304.5317259184618,-0.12687560446488222,1.5867606686207503,0.17355371897788896,0.019276550489136294,0.13884001760708722,0.17355382646546405,0.019276539339355886,0.13883997745374307,0.14753878923077887,0.27761343796633076,0.13007464873555188,0.19999999999999996,0.20000073330367343,243.31605652943034,60.82929292098509,-5.9792633944066864e-05,-1.760370738068673e-08,0.3665982462426668,0.3665981402203115,0.14989554759034066,10.085173488256203,99.15545837307228,16.58105541697181,60.30979179868331,6.820764322668153,146.61113515923668
94.91035107873,0.03818199320537917,0.1526382370690594,0.27315186270643965,0.12051362563738025,1.9896343026e-09,0.437241062224,252.6085228413996,53.04778979669853,0.17355371900827693,0.17355314348570894,305.65631263809814,306.04460858515625,-0.12687560445948654,1.5867606686211797,0.1735537189778466,0.019236674354498023,0.13869633864849507,0.1735538249895981,0.019236663266853457,0.13869629867755467,0.14754976852268095,0.2775695207985076,0.13001975227582666,0.20000000000000004,0.20000073298752594,244.5248260682141,61.13148656988401,-5.9792606887931754e-05,-1.762811008276799e-08,0.366218871080162,0.3662187655394322,0.1498322859558002,9.9916841811739,100.08322739865785,16.551223346609426,60.41849469724263,6.688320887848685,149.51435745506708
95.36035107873,0.03824449320537916,0.15265123217186152,0.2730899729663211,0.12043874079445957,2.04600144676e-09,0.436902561636,253.85311331016047,53.30915379514151,0.17355371900828548,0.1735531426430414,307.162267105302,307.5524761684965,-0.1268756044678132,1.5867606686206603,0.17355371897789898,0.01919695265976238,0.13855306802724499,0.17355382354941498,0.019196941634948273,0.13855302824171067,0.14756052966633734,0.2775264762241465,0.12996594655780916,0.20000000000000012,0.20000073266956409,245.72958863579723,61.43267846950474,-5.979263961730652e-05,-1.7597934220958678e-08,0.36584057410646803,0.3658404690552913,0.1497702812712277,9.899158366839174,101.01868895742321,16.521079825605703,60.52873120618419,6.5578973615462415,152.48790044561125
95.81035107873,0.03830699320537916,0.15266409905773906,0.27302869398585367,0.1203645949281146,2.10406984106e-09,0.436562169355,255.09349529516828,53.56963401198478,0.173553719008263,0.17355314181729659,308.66312930715304,309.0552450173998,-0.12687560446504875,1.586760668620563,0.17355371897792393,0.019157385551148216,0.13841020753957498,0.1735538221444364,0.019157374589668267,0.13841016794176744,0.1475710761929807,0.27748429011769665,0.12991321392471594,0.19999999999999998,0.2000007323496228,246.93027739639612,61.732851910756935,-5.9792645745737616e-05,-1.7583556832789782e-08,0.36546336006443725,0.3654632555089411,0.14970951318928227,9.80775441777836,101.9601386212644,16.490706687354958,60.64021505923685,6.429613607759061,155.53034148012108
96.26035107873,0.03836949320537916,0.15267683962712938,0.27296801669535825,0.12029117706822887,2.16389110223e-09,0.43621989634,256.329600676077,53.82921614198043,0.1735537190082758,0.17355314103932198,310.15881681805746,310.55283260159905,-0.12687560446343893,1.5867606686204028,0.17355371897794422,0.019117972747048337,0.13826775743841488,0.1735538207712036,0.019117961847211408,0.1382677180227236,0.14758141204412065,0.27744294671323966,0.129861534669119,0.20000000000000004,0.20000073199630178,248.12682641933907,62.031990398718364,-5.979265584876714e-05,-1.757186618434048e-08,0.36508722962191476,0.36508712554728506,0.1496499589994992,9.718567254288663,102.89582546838007,16.46018431219694,60.752661150884165,6.304369685569,158.62013966107463
96.71035107873,0.03843199320537917,0.15268945820963914,0.2729079204918667,0.12021846228222755,2.22551838488e-09,0.435875754336,257.56136225903276,54.08788607439772,0.1735537190082667,0.17355314030630256,311.6492483334305,312.0451575132289,-0.12687560446492663,1.5867606686200888,0.17355371897797417,0.019078714006402153,0.13812571812085594,0.17355381943217504,0.019078703167868347,0.13812567888654284,0.147591543650511,0.2774024202878261,0.12981087663731508,0.20000000000000012,0.2000007316128197,249.31917066015907,62.33007767327143,-5.979267563294144e-05,-1.7554613318537804e-08,0.36471218382739484,0.36471208023168267,0.14959158164856332,9.631549100632233,103.82545835065702,16.429433455508388,60.8663714855441,6.18211835276305,161.75685144446607
97.16035107873,0.03849449320537916,0.1527019565683487,0.272848396984158,0.12014644041580932,2.28900642573e-09,0.435529755906,258.78871377761874,54.34562989330423,0.17355371900827576,0.17355313960555457,313.134343670923,313.53213946807097,-0.12687560446685842,1.5867606686199351,0.17355371897799304,0.01903960942507663,0.13798409120285074,0.17355381812811876,0.01903959864780938,0.13798405215027343,0.14760147477570432,0.27736269578714734,0.12976122101144302,0.20000000000000007,0.20000073121261738,250.50724596895535,62.62709770196763,-5.9792685325188444e-05,-1.7543733132896477e-08,0.3643382269476975,0.36433812383184716,0.14953435945112983,9.545579609604527,104.76053219375224,16.398410491416556,60.981520161568795,6.061920409809905,164.96422460145084
97.61035107873,0.03855699320537916,0.1527143360988473,0.2727894395629892,0.12007510346414188,2.35441158961e-09,0.435181914386,260.01158989363745,54.602433877661355,0.17355371900825786,0.17355313891326685,314.6140237712988,315.01369930645967,-0.1268756044707997,1.5867606686198579,0.17355371897800284,0.0190006589670637,0.13784287782494858,0.1735538168653505,0.019000648252175054,0.1378428389586309,0.1476112087791338,0.2773237597734795,0.1297125509943457,0.19999999999999993,0.2000007308180477,251.69098909143244,62.9230346798664,-5.979269018796529e-05,-1.753809319993138e-08,0.3639653619943709,0.36396525937032725,0.1494782730504749,9.46108749390361,105.6960947295292,16.367119167204777,61.09810711244322,5.944128041317493,168.23325356537137
98.06035107873,0.03861949320537916,0.15272659904008853,0.2727310339447524,0.12000443490466386,2.42179191658e-09,0.434832243745,261.2299261975476,54.85828450149353,0.17355371900828676,0.1735531382163728,316.0882106990412,316.48975899385005,-0.12687560446992263,1.5867606686196345,0.1735537189780654,0.018961862705688844,0.13770207952565147,0.17355381501528075,0.018961852006758866,0.13770204067753994,0.1476207505465991,0.2772855927039305,0.1296648421573314,0.19999999999999998,0.20000073013588335,252.87033777188802,63.217872927153174,-5.9792704265593244e-05,-1.7502044258321803e-08,0.36359359302973177,0.36359349045376027,0.14942329429543943,9.378212406694777,106.63012913699151,16.335543658412263,61.21620565012743,5.828839516315293,171.56073643834873
98.51035107873,0.03868199320537916,0.152738747720842,0.27267317243016675,0.11993442470932475,2.49120717214e-09,0.434480758867,262.4436592087063,55.11316843383406,0.17355371900827937,0.17355313752445606,317.55682764254044,317.96024162105124,-0.12687560446364987,1.5867606686194864,0.17355371897809438,0.01892322067574061,0.1375616977059407,0.1735538131662636,0.018923209991655608,0.13756165887214217,0.14763010373598495,0.27724817994653245,0.1296180762105475,0.19999999999999996,0.20000072944258246,254.04523047455993,63.51159716798052,-5.979271360256888e-05,-1.748534650403144e-08,0.36322292375298215,0.36322282121480326,0.14936940210914565,9.296289030312908,107.5698051920768,16.30368154837655,61.33583982444602,5.715489579029797,174.96313940786675
98.96035107873,0.03874449320537917,0.15275078332642555,0.2726158497334128,0.11986506640698724,2.56271889602e-09,0.434127475312,263.65272637515915,55.36707253878456,0.1735537190082674,0.1735531367733974,319.0197989139437,319.42507140412766,-0.12687560447353086,1.586760668618825,0.1735537189781514,0.018884732957047404,0.13742173393261856,0.1735538113805312,0.018884722292233216,0.13742169512938346,0.14763927138127295,0.27721150936566524,0.1295722379843923,0.20000000000000007,0.2000007288474124,255.21560661439997,63.804192299543686,-5.9792755291443456e-05,-1.7452506106963028e-08,0.362853358301164,0.3628532558436859,0.14931657901043352,9.215083403454107,108.5177373028624,16.27152309210976,61.45706178451795,5.603873709656421,178.44799005317182
99.41035107873,0.03880699320537916,0.15276270695358551,0.27255906048343626,0.11979635352985074,2.6363904799e-09,0.433772409223,264.8570660735299,55.619983875440106,0.17355371900826147,0.17355313604016284,320.4770499489699,320.88417368397035,-0.12687560446699164,1.5867606686189537,0.17355371897817426,0.018846399625560496,0.1372821897609464,0.1735538096323192,0.01884638898046577,0.13728215099008964,0.14764825646071328,0.27717556904801816,0.12952731258730488,0.20000000000000007,0.20000072824963427,256.38140657188154,64.0956433770884,-5.9792747175713146e-05,-1.7439327759660728e-08,0.36248490078084605,0.36248479840886094,0.14926480783855187,9.134601651954954,109.4738487896715,16.23912827587848,61.57966012777885,5.493979516831915,182.0174241524378
99.86035107873,0.03886949320537916,0.15277451972341274,0.2725027992843942,0.11972827956098145,2.7122871895e-09,0.433415577228,266.05661760809505,55.871889697698435,0.17355371900826055,0.17355313535045516,321.9285073057935,322.3374749255433,-0.12687560447144364,1.5867606686189633,0.1735537189781705,0.01880822047390345,0.13714306571570964,0.17355380791168193,0.018808209848638034,0.13714302697781625,0.14765706195231426,0.2771403470815958,0.12948328512928153,0.19999999999999996,0.2000007276250803,257.5425716013789,64.38593570441469,-5.979274656509048e-05,-1.74414815923285e-08,0.362117552577691,0.36211745029274356,0.14921407143454407,9.054857349137341,110.43796290123447,16.206488370234165,61.703681707917774,5.385810664577329,185.67306990144232
100.3103510787,0.03893199320537501,0.1527862227642722,0.2724470606392576,0.11966083787498541,2.79047620596e-09,0.433056996501,267.251321210177,56.12277745413501,0.17355371900825894,0.17355313467555872,323.37409866431204,323.7849027167081,-0.12687560443651602,1.5867606686187756,0.17355371897818117,0.01877019561564476,0.13700436349125805,0.17355380619712035,0.018770185009835485,0.13700432478515226,0.14766569083095965,0.27710583156706686,0.1294401407361072,0.19999999999999998,0.2000007269870966,258.69904384265254,64.67505482165951,-5.9792758388965694e-05,-1.7435342059002323e-08,0.3617513181655217,0.3617512159645074,0.149164352657648,8.975879240868588,111.4096985002698,16.173565293606355,61.82928635996632,5.279293303260573,189.41929204471072
100.7603510787,0.038994493205375,0.15279781729661254,0.27239183886702006,0.11959402157040752,2.87102670334e-09,0.432696684845,268.4411180367621,56.37263478772177,0.17355371900826885,0.17355313401934838,324.81375282448386,325.22638576721306,-0.12687560443650492,1.586760668618653,0.17355371897823443,0.018732325019345682,0.13686608425517874,0.17355380451131214,0.018732314433217132,0.13686604558186494,0.14767414582083732,0.2770720116078233,0.12939786578698598,0.20000000000000012,0.20000072634696933,259.8507663321021,64.96298649238173,-5.9792766116117946e-05,-1.7404655494601684e-08,0.3613862006272777,0.3613860985128486,0.14911563581151788,8.898076271890918,112.38384224228406,16.140402144443115,61.95632494474645,5.174406222117794,193.25888944040375
101.2103510787,0.039056993205375,0.15280930552116373,0.27233712347842726,0.11952781795726353,2.95400990758e-09,0.432334661632,269.625950169249,56.621449535543306,0.17355371900826705,0.17355313338359094,326.24739970479226,326.6618539063995,-0.12687560443648271,1.586760668618409,0.17355371897826824,0.018694608592431303,0.1367282289522954,0.17355380285258995,0.018694598026480363,0.13672819031377678,0.14768242981381,0.27703887563610063,0.12935644582229064,0.2000000000000001,0.2000007256950765,260.99768300770216,65.24971669709014,-5.979278149270684e-05,-1.7385171080519513e-08,0.361022202457706,0.3610221004351513,0.14906790423315472,8.822154042800172,113.35100193768525,16.106996463067333,62.084821480712314,5.071700676332109,197.17251940096892
101.6603510787,0.039119493205375,0.15282069045433214,0.2722829001070513,0.11946220965271917,3.03949916149e-09,0.431970946116,270.8057606116877,56.86920972845352,0.1735537190082622,0.17355313276852688,327.6749703401412,328.09123808156147,-0.12687560443681578,1.5867606686181925,0.17355371897828661,0.018657046312090208,0.13659079878267866,0.17355380122050645,0.01865703576657443,0.13659076018008842,0.14769054730246295,0.2770064056815812,0.12931585837911824,0.19999999999999996,0.20000072503837812,262.1397386951839,65.53523164495729,-5.979279513734781e-05,-1.7374590655094835e-08,0.3606593268255168,0.36065922489782876,0.14902113203673706,8.749017636876737,114.29854659168163,16.07337422823106,62.21469031957293,4.972300695666116,201.11414437819604
102.1103510787,0.039181993205375,0.15283197661661904,0.27222914715326496,0.11939717053664592,3.12757008623e-09,0.431605557242,271.98049328886805,57.115903590667415,0.17355371900827735,0.17355313221676338,329.09639687953546,329.5144703555128,-0.1268756044389474,1.5867606686180666,0.17355371897830718,0.018619637962196418,0.13645379423891596,0.17355379960231954,0.018619627435950414,0.13645375566817652,0.14769850479636756,0.2769745757060664,0.1292760709096988,0.19999999999999996,0.2000007243275124,263.2768791300538,65.81951774948158,-5.9792803075442436e-05,-1.7362733473191838e-08,0.360297575031356,0.36029747318776795,0.1489752817148347,8.677861691616322,115.23576147406216,16.039564878859366,62.34583092201151,4.875667258419365,205.10013235074382
102.5603510787,0.039244493205375,0.1528431649337575,0.2721758602767876,0.11933269534303009,3.21830049768e-09,0.431238516471,273.1500930441966,57.36151953927722,0.1735537190082543,0.17355313168972178,330.51161258347383,330.93148390394657,-0.12687560443618295,1.5867606686178168,0.17355371897832508,0.01858238338105684,0.1363172160112465,0.17355379800981954,0.018582372874966006,0.13631717747578992,0.14770630502759227,0.2769433747812577,0.12923706975366542,0.20000000000000004,0.20000072360064958,264.4090509083615,66.10256167511233,-5.9792818818404925e-05,-1.735241950129307e-08,0.3599369488977563,0.35993684714733043,0.14893033752550103,8.607239965041195,116.18126182859524,16.005524050592953,62.47842912478416,4.780582539439133,209.1795281746818
103.0103510787,0.039306993205375,0.1528542561770726,0.2721230357820816,0.11926877960500898,3.31177048039e-09,0.430869845194,274.31450563712826,57.606046183790575,0.17355371900824865,0.17355313118190016,331.92055182091883,332.34221301249175,-0.12687560444122337,1.5867606686176114,0.17355371897834443,0.018545282557752847,0.13618106534225985,0.17355379643909705,0.01854527207211696,0.13618102684337843,0.1477139505541464,0.276912792675136,0.12919884212098962,0.19999999999999996,0.20000072286496823,265.5362015229959,66.38435029792291,-5.979283176360539e-05,-1.7341272862125834e-08,0.3595774517056966,0.3595773500518451,0.14888628472975088,8.537113568877423,117.13560935227125,15.971196346615798,62.61271718770736,4.686998438696572,213.3561623882457
103.4603510787,0.039369493205375,0.1528652511517031,0.27207066982119715,0.11920541866949405,3.40806249671e-09,0.430499565068,275.4736777406609,57.84947232543149,0.17355371900799843,0.17355313069251443,333.3231500660924,333.7465930734751,-0.1268756044767949,1.5867606686167228,0.17355371897837557,0.018508335585026497,0.1360453438564749,0.17355379488769931,0.018508325119875185,0.13604530539447213,0.14772144394105963,0.27688281912764046,0.12916137518658083,0.19999999999999984,0.20000072212373712,266.6582793523151,66.66487071377728,-5.9792887763254754e-05,-1.732333165804789e-08,0.35921908774461575,0.35921898618813997,0.1488431085481941,8.467751537960304,118.09510417459393,15.936567492339279,62.74876948757635,4.595125543204399,217.6219105653972
103.9103510787,0.039431993205375,0.1528761513244441,0.27201875541867154,0.11914260409422744,3.50726145798e-09,0.430127698037,276.62755693838665,58.0917869570686,0.17355371900828276,0.17355313020947796,334.71934389545527,335.14456058238807,-0.1268756044239372,1.5867606686173856,0.17355371897841712,0.018471542513906508,0.13591005302738465,0.1735537933573288,0.018471532070132628,0.13591001460574062,0.14772878841493634,0.2768534412323406,0.1291246528174043,0.19999999999999993,0.20000072139037642,267.7752336530507,66.94411024240453,-5.979284599666457e-05,-1.7299384147406727e-08,0.3588618609051784,0.3588617594552673,0.1488007903894288,8.400508057334825,119.0404191240385,15.901699439393,62.88636027937477,4.506070949201297,221.92282617681605
104.3603510787,0.039494493205375,0.1528869609916366,0.27196727209806815,0.11908031110643155,3.60945480017e-09,0.429754266502,277.77609172106,58.33297926145152,0.17355371900833558,0.17355312973566986,336.1090709825115,336.5360531340674,-0.12687560443509494,1.5867606686169056,0.17355371897851116,0.01843490314690789,0.13577519341510028,0.17355379184482747,0.018434892724678846,0.1357751550346338,0.1477359901021956,0.27682463448377387,0.12908864438157827,0.20000000000000004,0.20000072066105012,268.8870145652932,67.22205641721837,-5.979287625024199e-05,-1.724520526380502e-08,0.3585057726663226,0.3585056713251382,0.14875929495385792,8.335319613468776,119.9714043819186,15.866609150815933,63.02543854800731,4.419769104933021,226.25616321990069
104.8103510787,0.039556993205375,0.152897681445671,0.271916213726673,0.11901853228100201,3.7147325651e-09,0.429379293357,278.91923148377185,58.57303861159569,0.1735537190082733,0.17355312924675131,337.49227009536753,337.92100941859013,-0.1268756044379371,1.5867606686167377,0.173553718978531,0.018398417454260005,0.13564076619608134,0.17355379035394516,0.018398407054963144,0.1356407278621106,0.14774305200335697,0.2767963868792265,0.1290533348758695,0.20000000000000004,0.20000071995248753,269.9935730978947,67.49869699747289,-5.979288683066741e-05,-1.723376996665138e-08,0.35815082613441507,0.3581507249159997,0.1487186049520412,8.270767040706055,120.9077701110818,15.831244573748279,63.166227730334114,4.335035580744769,230.67861413681814
105.2603510787,0.039619493205375,0.15290831331443125,0.2718655773486399,0.11895726403420867,3.82318747365e-09,0.429002801963,280.05692652176805,58.81195456965945,0.17355371900847943,0.17355312873563228,338.86888109142757,339.2993692168918,-0.12687560441324575,1.5867606686168283,0.17355371897857508,0.01836208547615219,0.13550677280546605,0.17355378889064169,0.018362075102858273,0.1355067345295365,0.14774997640913243,0.27676868925634446,0.12901871284721203,0.2000000000000001,0.20000071928692523,271.0948611291865,67.77401996224104,-5.9792881113018836e-05,-1.7208379166078203e-08,0.357797025098847,0.3577969240336857,0.14867870718568357,8.206600480011865,121.8531354652413,15.795586491597277,63.30882367248386,4.251647421128265,235.20294628161543
105.7103510787,0.039681993205375,0.15291885722294452,0.2718153599121359,0.11889650268919139,3.93491500582e-09,0.428624816019,281.1891280269107,59.04971688562923,0.17355371900821098,0.17355312823292218,340.2388449125399,340.6710733961073,-0.1268756044528696,1.586760668615768,0.17355371897859737,0.018325907267549558,0.1353732147344871,0.17355378744172345,0.018325896920653083,0.13537317651829361,0.14775676559097736,0.2767415325290776,0.12898476693810026,0.19999999999999998,0.20000071862421967,272.1908314261575,68.0480134863824,-5.979294793734269e-05,-1.719553388568329e-08,0.35744437349712366,0.35744427258969164,0.14863958856661197,8.142832859203246,122.80738378042152,15.75963255736744,63.45325605529502,4.16960273122768,239.8310017668192
106.1603510787,0.039744493205375,0.15292931382826247,0.2717655583232346,0.11883624449497215,4.05001348723e-09,0.428245359707,282.31578808359524,59.28631549749999,0.1735537190081314,0.17355312771338138,341.6021035810952,342.03606390464466,-0.1268756044597863,1.5867606686156763,0.17355371897859478,0.018289882875336037,0.13524009344619678,0.1735537860133246,0.01828987255573769,0.13524005529331054,0.1477634218244072,0.2767149075953452,0.12895148577093804,0.19999999999999998,0.20000071799636837,273.2814375958064,68.32066598528884,-5.979295372160465e-05,-1.7197021584536287e-08,0.3570928751923416,0.35709277445206844,0.14860123598350125,8.07947647468454,123.77039566032582,15.7234396570933,63.59931553201026,4.088900692080567,244.56451141912356
106.6103510787,0.039806993205374994,0.15293968379072875,0.2717161694077658,0.11877648561703702,4.16858417904e-09,0.427864457564,283.43685966433026,59.52174052948922,0.17355371900821595,0.173553127193671,342.95860019381945,343.39428376699334,-0.1268756044493502,1.5867606686156142,0.17355371897865568,0.018254012090788,0.13510740945924468,0.1735537846002916,0.018254001799062253,0.1351073713720397,0.14776994736963195,0.2766888054147493,0.12891885804511732,0.2,0.20000071736895364,274.3666341272034,68.59196606661607,-5.9792957629589694e-05,-1.7161938536958132e-08,0.35674253155396224,0.3567424309871162,0.14856363641374598,8.016543700815497,124.74203813025721,15.687041057898185,63.74688485286493,4.009537579738872,249.40531922015973
107.0603510787,0.039869493205375,0.1529499677839945,0.2716671899297634,0.11871722214576891,4.29073136873e-09,0.427482134505,284.55229662535993,59.755982291234716,0.1735537190080463,0.17355312668974346,344.30827891659465,344.7456770782728,-0.1268756044702668,1.5867606686150038,0.1735537189786571,0.018218294806808154,0.13497516366653592,0.17355378319769726,0.018218284542726924,0.13497512564441985,0.14777634448153593,0.2766632169671435,0.1288868724856076,0.20000000000000012,0.20000071673528805,275.4463763553823,68.8619025612124,-5.97929960988175e-05,-1.716111697191991e-08,0.35639334493964475,0.35639324454466187,0.14852677686421575,7.954045372311476,125.7221895516289,15.65039050255646,63.89616922572328,3.9315112468611972,254.35511619059224
107.5103510787,0.039931993205375,0.1529601664950227,0.27161861660604875,0.11865845011102605,4.41656246343e-09,0.427098415746,285.6620537019135,59.98903127739789,0.17355371900825503,0.17355312620024219,345.65108497931135,346.09018899852737,-0.12687560444478718,1.586760668615035,0.173553718978743,0.018182731024422045,0.13484335736113234,0.17355378180354694,0.018182720788004363,0.13484331940442715,0.14778261540519053,0.2766381332729543,0.12885551786776375,0.19999999999999987,0.20000071608688924,276.5206204672389,69.13046451207248,-5.979299413372274e-05,-1.711162322948212e-08,0.35604531876363676,0.3560452185413671,0.14849064439984336,7.891988727610759,126.71077399051768,15.613521123231763,64.04705204593947,3.8548129230235837,259.41596128499907
107.9603510787,0.039994493205375,0.1529702806173669,0.2715704461383581,0.11860016552099123,4.54618808628e-09,0.426713326699,286.766086503271,60.22087816560687,0.1735537190080738,0.17355312572967668,346.98696466887793,347.42776574677083,-0.12687560447145474,1.5867606686147104,0.17355371897871552,0.018147320484111093,0.13471199086982233,0.17355378041850789,0.01814731027529616,0.13471195297855407,0.14778876235910832,0.2766135454571449,0.12882478309803658,0.20000000000000004,0.20000071542272563,277.5893234927424,69.39764117613561,-5.979301458403086e-05,-1.7127455009813275e-08,0.3556984538888022,0.35569835383931464,0.14845522623663399,7.830413567245104,127.7071755421751,15.576514645116076,64.19921418772229,3.779458644207019,264.5881577597771
108.4103510787,0.040056993205374994,0.15298031093936443,0.27152267478017544,0.11854236384081102,4.67972217602e-09,0.426326894025,287.86435150771507,60.451513816553245,0.17355371900810568,0.17355312527681763,348.3158653242683,348.75835459478867,-0.1268756044667252,1.5867606686146731,0.17355371897872984,0.018112062815251354,0.13458106410357792,0.17355377904394925,0.018112052633930842,0.13458102627759547,0.1477947876321954,0.27658944436486765,0.12879465673267226,0.19999999999999993,0.2000007147460505,278.6524433020256,69.66342202224273,-5.979301693770367e-05,-1.711920605274031e-08,0.35535275008006856,0.355352650202964,0.14842050918702374,7.769352837219115,128.71084901814422,15.53932251216224,64.35286990261801,3.705459112508283,269.8720913217916
108.8603510787,0.040119493205374994,0.15299025823402904,0.2714752988503834,0.11848504061635437,4.81728208985e-09,0.425939144128,288.95680605712727,60.680929271961624,0.17355371900818148,0.1735531248429495,349.6377353290889,350.08190386070027,-0.12687560445515667,1.5867606686146078,0.17355371897877284,0.018076957979376307,0.13445057820394937,0.17355377767983277,0.01807694782545249,0.13445054044314025,0.14780069346997327,0.2765658210139714,0.12876512754399816,0.19999999999999998,0.20000071405549694,279.7099386025243,69.92779672656464,-5.979302105663109e-05,-1.7094425874830677e-08,0.3550082103516266,0.3550081106466081,0.14838648031245646,7.708806776782343,129.721762259217,15.501887556164148,64.50827335554769,3.6327999245595977,275.26977008546083
109.3103510787,0.04018199320537501,0.15300012328659657,0.2714283146223892,0.11842819133579263,4.9589096495e-09,0.42555010366,290.0434083515316,60.90911575382163,0.17355371900826447,0.1735531244261609,350.95252410535323,351.3983629022896,-0.1268756044433661,1.5867606686147122,0.17355371897878896,0.018042005864513634,0.13432053403896826,0.1735537763283457,0.018041995737885622,0.1343204963432075,0.1478064821073047,0.2765426664647265,0.12873618435742182,0.20000000000000004,0.20000071335369127,280.7617689310041,70.19075517434918,-5.9793014473008554e-05,-1.7085133308114564e-08,0.3546648369954586,0.3546647374621962,0.1483531267355447,7.648779467181578,130.7398133637758,15.464288693290323,64.66511456384555,3.5614725369173197,280.78273512830833
109.7603510787,0.040244493205375,0.15300990687595165,0.27138171838673075,0.1183718115107791,5.10450935455e-09,0.42515979955,291.1241174433838,61.13606466305529,0.17355371900813474,0.1735531240262306,352.26018210643906,352.70768211010653,-0.1268756044638164,1.5867606686142435,0.173553718978829,0.01800720607498119,0.13419093141856192,0.17355377498937746,0.018007195975498873,0.13419089378754012,0.14781215575506318,0.276519971873892,0.1287078161188288,0.19999999999999993,0.20000071264078695,281.8078946501779,70.45228745626119,-5.979304401604324e-05,-1.7062062873662853e-08,0.3543226295096898,0.3543225301473665,0.14832043571773756,7.58927461976852,131.76489850495105,15.426544483934055,64.82333104743243,3.4914685242688166,286.41243449543055
110.2103510787,0.040306993205375,0.1530196097910893,0.2713355063916814,0.11831589660059211,5.25447215274e-09,0.424768258993,292.1988932317705,61.361767578844855,0.17355371900866895,0.1735531236483061,353.5606608106154,354.0098129003487,-0.1268756043945496,1.586760668615283,0.17355371897888103,0.017972558415849087,0.13406177089628904,0.17355377366396724,0.017972548343550828,0.1340617333303983,0.14781771661405108,0.2764977284382017,0.12868001182415062,0.20000000000000018,0.20000071191286867,282.848276944108,70.71238386650737,-5.9792978501782557e-05,-1.7032086851997974e-08,0.3539815893559567,0.3539814901656078,0.14828839457815607,7.530301579663494,132.79680626611596,15.388618860846734,64.98308971341802,3.4227834026978567,292.15988344801326
110.6603510787,0.040369493205375,0.15302923283091743,0.2712896748353917,0.11826044200447425,5.408927499e-09,0.424375509434,293.2676964561882,61.58621625587991,0.1735537190084517,0.17355312329910114,354.8539127120681,355.30470770752345,-0.12687560442525836,1.5867606686147062,0.17355371897887573,0.017938062655219036,0.13393305288545854,0.17355377235237723,0.017938052609612943,0.13393301538311211,0.14782316687382027,0.27647592739909854,0.12865276052527827,0.20000000000000004,0.20000071114910184,283.8828778156132,70.97103489645494,-5.979301485048438e-05,-1.7035139965315693e-08,0.3536417176255753,0.35364161860301113,0.14825699070040796,7.471872263313326,133.83526441022966,15.350501148277246,65.14445296219061,3.355415342913132,298.0256981038335
111.1103510787,0.040431993205374994,0.15303877681248756,0.2712442198437791,0.11820544303129155,5.56800862347e-09,0.423981578575,294.33048869049645,61.80940262510636,0.17355371900850142,0.17355312297272438,356.1398913156027,356.59231997690426,-0.12687560442435908,1.5867606686146662,0.17355371897892038,0.01790371864630498,0.13380477811462854,0.17355377105761582,0.017903708627287757,0.13380474067568665,0.14782850872283151,0.27645456000327534,0.12862605128044383,0.19999999999999998,0.20000071036898587,284.91166006174876,71.22823125385398,-5.979301737069065e-05,-1.7009416097835128e-08,0.353303016242257,0.3533029173871085,0.1482262114754083,7.4140037559580145,134.8798885077963,15.312202354373014,65.30739189940302,3.289368680180257,304.0097043622365
111.5603510787,0.040494493205375,0.15304824257351146,0.2711991374271127,0.11815089485360125,5.73185658374e-09,0.423586494336,295.38723233644475,62.03131879057207,0.17355371900807642,0.17355312266352743,357.41855112701677,357.87260415677594,-0.1268756044707553,1.586760668613855,0.17355371897885766,0.017869526108292257,0.13367694680943404,0.17355376977948614,0.017869516115855917,0.1336769094341125,0.14783374435810243,0.2764336174618787,0.1285998731037763,0.2,0.2000007095789694,285.9345872849263,71.48396384209052,-5.979306850756316e-05,-1.7045553857286677e-08,0.35296548580177667,0.35296538711461367,0.1481960442432486,7.356713264175892,135.93026723898302,15.273733599548782,65.47187650500479,3.224652559374692,310.1109287240281
112.0103510787,0.040556993205375,0.15305763097103695,0.27115442352305574,0.1180967925520188,5.900629104e-09,0.423190284521,296.43789061704587,62.25195702962875,0.17355371900837763,0.17355312236738984,358.6898476466746,359.14551569048666,-0.12687560442903312,1.5867606686146685,0.1735537189788694,0.017835484845063084,0.13354955950905673,0.17355376852140064,0.017835474879306732,0.13354952219797245,0.14783887599134932,0.2764130909289492,0.1285742149375999,0.2,0.20000070878527815,286.9516238832562,71.73822376341835,-5.9793017237463886e-05,-1.703879259906671e-08,0.35262912772780935,0.35262902921026074,0.14816647626127394,7.3000152707685055,136.9860148107232,15.235102443959633,65.63789142070895,3.161276733978366,316.3278903272514
112.4603510787,0.040619493205375,0.15306694287501552,0.2711100739863188,0.1180431311113033,6.07447514529e-09,0.422792977922,297.4824275699014,62.47130978960643,0.17355371900809716,0.17355312208926188,359.95373735950784,360.4110110083019,-0.1268756044702335,1.58676066861393,0.17355371897887623,0.017801594543237438,0.13342261631086927,0.1735537672827426,0.017801584604176635,0.13342257906432717,0.14784390584495488,0.2763929715145603,0.12854906566960544,0.19999999999999996,0.20000070798232356,287.9627350467229,71.99100231278493,-5.979306377801308e-05,-1.7034862409559537e-08,0.35229394227746136,0.35229384393033225,0.14813749472387083,7.24392284921293,138.04674909101945,15.196321019232059,65.80540110559829,3.0992459426091274,322.65913016188097
112.9103510787,0.040681993205375,0.15307617917149519,0.27106608461669107,0.11798990544519589,6.25354647656e-09,0.422394603318,298.52080804042237,62.68936968838084,0.1735537190080177,0.1735531218174953,361.2101777288032,361.66904751907396,-0.12687560448382262,1.586760668613313,0.1735537189789382,0.017767854953787462,0.13329611754956505,0.17355376606691317,0.01776784504176605,0.13329608036910182,0.14784883613983338,0.2763732503353567,0.12852441419552332,0.2,0.2000007071825313,288.96788674151475,72.24229098728846,-5.979310264692117e-05,-1.6999146534857346e-08,0.35195993033446926,0.3519598321618172,0.1481090868346905,7.188447925106083,139.1120879525941,15.157377474356068,65.97447359820951,3.0385578723883784,329.103489878235
113.3603510787,0.040744493205375,0.15308534075545505,0.27102245114405576,0.11793711038860072,6.43799932295e-09,0.421995189627,299.5529976746819,62.90612951160238,0.1735537190080802,0.17355312156254077,362.45912718628426,362.9195836017279,-0.12687560447245394,1.5867606686133862,0.17355371897896202,0.01773426581763187,0.13317006351891506,0.17355376487246305,0.017734255932756602,0.133170026405181,0.1478536690851751,0.2763539185541108,0.12850024946893568,0.1999999999999999,0.20000070637606743,289.96704571657455,72.49208146970972,-5.979309805059785e-05,-1.698542417827298e-08,0.35162709267451675,0.35162699467805886,0.14808123986405144,7.133603210053956,140.18161237095725,15.11826004908555,66.14517786790462,2.9792094401876996,335.65951641754896
113.8103510787,0.040806993205375,0.1530944285375598,0.2709791692314198,0.11788474069385999,6.62799447763e-09,0.421594765605,300.578962912281,63.12158221166646,0.17355371900846317,0.17355312132603823,363.70054512394745,364.16257859657253,-0.12687560440879375,1.5867606686141367,0.17355371897901287,0.017700826939022616,0.1330444547473611,0.17355376369932743,0.017700817081401702,0.1330444177010133,0.14785840688642082,0.2763349673493822,0.12847656046296135,0.19999999999999996,0.2000007055615819,290.96017948602605,72.74036563792146,-5.979305074399477e-05,-1.695612539265312e-08,0.35129543069292085,0.35129533287439213,0.1480539411047858,7.079401540540425,141.25487786975597,15.078963066393655,66.3175574870059,2.921199753600942,342.3251007628996
114.2603510787,0.040869493205375,0.15310344344233562,0.27093623447503556,0.11783279103269995,6.82369743678e-09,0.421193360263,301.59867097886774,63.335720905668005,0.17355371900850397,0.1735531211050662,364.9343918845358,365.39799279644143,-0.12687560442180557,1.5867606686142037,0.1735537189790027,0.0176675380849625,0.13291929162075194,0.1735537625472126,0.017667528255000658,0.1329192546435642,0.14786305174449976,0.2763163879170153,0.12845333617251553,0.20000000000000015,0.2000007047415212,291.9472563232102,72.98713556132564,-5.9793046525147275e-05,-1.6961976267992895e-08,0.3509649454084907,0.35096484777257464,0.1480271778748435,7.0258565198066885,142.33140075959227,15.039490925413887,66.49161231316612,2.8645582222708272,349.09396926387757
114.7103510787,0.040931993205375,0.15311238641198555,0.2708936423950438,0.11778125598305828,7.02527853245e-09,0.420791002863,302.6120898791668,63.5485388746031,0.17355371900821498,0.17355312090140967,366.1606287537699,366.6257874376684,-0.12687560445473478,1.5867606686138656,0.17355371897897703,0.01763439904096903,0.13279457459161886,0.17355376141730397,0.017634389238873158,0.13279453768462451,0.14786760595402373,0.2762981710787914,0.12843056512476766,0.19999999999999993,0.20000070391429592,292.92824525731476,73.23238349645517,-5.979306783032712e-05,-1.697677554091115e-08,0.3506356380161064,0.3506355405655316,0.14800093695315314,6.972972042163399,143.41087185683668,14.999835351783718,66.6673984445492,2.809283573421692,355.9626409597396
115.1603510787,0.040994493205375,0.15312125837688276,0.2708513885620933,0.11773013018521053,7.23291308539e-09,0.420387722601,303.6191883887424,63.76002956174168,0.17355371900850244,0.17355312071325277,367.3792179504841,367.8459246909073,-0.1268756044573216,1.5867606686136129,0.17355371897902303,0.017601409611395575,0.13267030418068534,0.1735537603098814,0.017601399837312105,0.13267026734469223,0.14787207170688177,0.2762803080675882,0.12840823636070642,0.20000000000000007,0.2000007030821133,293.90311606263026,73.47610188785376,-5.979308376202752e-05,-1.6950274517313346e-08,0.3503075098907052,0.3503074126276046,0.14797520571075878,6.920757723030514,144.49284890760669,14.960007727602793,66.84488525730468,2.7553384586537617,362.9318194500841
115.6103510787,0.041056993205374995,0.153130060296561,0.2708094683978816,0.1176794081013206,7.44678155222e-09,0.419983548933,304.61993604710074,63.97018656989753,0.1735537190082788,0.17355312053980423,368.5901226169982,369.0583676517977,-0.12687560446843493,1.5867606686132578,0.17355371897902663,0.017568569532465522,0.13254648064911237,0.17355375922323807,0.017568559786471143,0.13254644388466685,0.14787645117264642,0.2762627902045478,0.1283863390319014,0.19999999999999998,0.20000070224288852,294.8718392538062,73.71828336319203,-5.979310613302147e-05,-1.6948198400257297e-08,0.3499805617218661,0.3499804646476824,0.14794997164613585,6.869231910151535,145.57668354771562,14.920003931429436,67.02411102543144,2.7027142633926338,369.9984173483182
116.0603510787,0.041119493205375,0.15313879314345394,0.27076787727079127,0.11762908412733733,7.66706967052e-09,0.419578511412,305.61430314902776,64.17900366125757,0.17355371900817895,0.17355312038124718,369.79330681028534,370.26308033148433,-0.12687560444276658,1.5867606686134654,0.17355371897907645,0.017535878627539688,0.13242310458352685,0.17355375815727922,0.017535868909574,0.1324230678906587,0.14788074651080665,0.27624560885215577,0.1283648623413491,0.1999999999999999,0.2000007013946217,295.8343860771917,73.9589207330936,-5.979309305459424e-05,-1.691948803284049e-08,0.3496547950585402,0.349654698173352,0.14792522231702326,6.818404981678909,146.66186632900295,14.879807526702976,67.20517037639243,2.651406038180887,377.15837770592606
116.5103510787,0.041181993205375,0.15314745790242623,0.27072661050092467,0.11757915259849844,7.89396861923e-09,0.419172639691,306.6022607369175,64.38647475466554,0.17355371900807035,0.17355312024074238,370.98873549158304,371.4600276469961,-0.1268756044623287,1.586760668613018,0.17355371897908123,0.017503336705887385,0.13230017651495174,0.17355375711371307,0.017503327016027435,0.1323001398942096,0.1478849598704854,0.27622875541346403,0.12834379554297864,0.20000000000000018,0.20000070053942764,296.79072850103,74.19800699055303,-5.979312124315683e-05,-1.691673467973942e-08,0.34933021130285985,0.3493301146081158,0.1479009453398535,6.768286707622189,147.7478781851599,14.83943090866545,67.3880289719232,2.601408366414757,384.40715917977656
116.9603510787,0.041244493205375,0.15315605556661605,0.2706856633593429,0.11752960779272686,8.12767517778e-09,0.418765963467,307.5837805932058,64.59259392443514,0.17355371900795782,0.1735531201182282,372.17637451764097,372.64917541149197,-0.1268756044687125,1.58676066861282,0.17355371897904792,0.017470943537159424,0.13217769682196548,0.17355375609259038,0.017470933875559213,0.13217766027419012,0.14788909338927336,0.27621222133814655,0.12832312794887318,0.1999999999999999,0.20000069967716494,297.74083921080216,74.43553530683877,-5.979313373316586e-05,-1.693593043583519e-08,0.34900681145443735,0.34900671495235747,0.14787712839807485,6.7188867152271685,148.83418077784773,14.798878999113283,67.57268574598913,2.552715598600625,391.73968324093397
117.4103510787,0.041306993205374995,0.15316458713846073,0.27064503106773646,0.11748044392927573,8.36839186878e-09,0.41837966194,308.5588352315244,64.79735539857113,0.17355371900815597,0.1735531200133455,373.3561906300956,373.83049032437475,-0.12687560446649204,1.5867606686129627,0.17355371897908942,0.017438698909984413,0.13205566595184173,0.17355375509311557,0.017438689276808562,0.13205562947791571,0.14789314919408245,0.27619599811911716,0.1283028489250347,0.2,0.2000006988075211,298.68469159996243,74.67149903013319,-5.979312472925713e-05,-1.6912016231884763e-08,0.3486845966942705,0.3486845003871851,0.14785375923727054,6.670214640202596,149.92021305773554,14.758154319282209,67.75915052558123,2.5053221056003085,399.15027204072294
117.8603510787,0.041369493205374995,0.15317305363058298,0.2706047088004786,0.11743165516989562,8.61632739944e-09,0.418150405197,309.5273978889777,65.00075355673921,0.17355371900838337,0.17355311992645,374.5281514457169,375.00393996128565,-0.12687560445842072,1.5867606686128404,0.17355371897910066,0.017406602584155204,0.13193408423965053,0.1735537541146285,0.01740659297950844,0.1319340478402313,0.14789712940018854,0.27618007729474997,0.12828294789456143,0.20000000000000004,0.20000069792930775,299.62225976240006,74.90589168331685,-5.979313244530715e-05,-1.69055436316512e-08,0.34836356790709033,0.3483634717967354,0.14783082566882041,6.6222794083362215,151.0054074041614,14.717286384569542,67.94730861855471,2.4592211841730496,406.6328016510907
118.3103510787,0.041431993205375,0.1531814560646435,0.2705646916926639,0.11738323562802039,8.87169686108e-09,0.417919902823,310.48944251751476,65.2027829287176,0.17355371900835134,0.1735531198564793,375.6922254462323,376.16949276397935,-0.1268756044622843,1.5867606686125482,0.17355371897914126,0.01737465422122941,0.13181295164447768,0.17355375315712002,0.01737464464525988,0.13181291532038839,0.14790103610894464,0.2761644504599278,0.12826341435098318,0.19999999999999996,0.20000069704367104,300.55351848309783,75.13870696313447,-5.97931508528049e-05,-1.68821401302921e-08,0.3480437249848656,0.3480436290734145,0.14780831558526836,6.575089920573502,152.08917476109232,14.676283389945038,68.13714163390415,2.4144060851528395,414.18053332014233
118.7603510787,0.041494493205375,0.15318979547139036,0.27052497483125415,0.11733517935986379,9.13472154878e-09,0.417688162265,311.4449437755063,65.40343819287847,0.173553719008313,0.1735531198045505,376.8483819683848,377.3271180300883,-0.12687560443649382,1.5867606686129228,0.1735537189791814,0.01734285354744218,0.13169226836622636,0.1735537522198021,0.017342844000289556,0.13169223211825956,0.14790487141018846,0.2761491092551527,0.12824423784496422,0.2,0.20000069614940688,301.47844323193027,75.36993873645454,-5.9793127249463396e-05,-1.6859025286919405e-08,0.34772506845542783,0.3477249727449734,0.1477862169449989,6.528649134306976,153.17104341618924,14.635133772299103,68.32872289099038,2.370864198885899,421.7871274406664
119.2103510787,0.041556993205374995,0.15319807287516019,0.2704855533355301,0.11728748046036991,9.40562932548e-09,0.417455191564,312.39387701898085,65.60271417383281,0.17355371900792954,0.17355311976864288,377.99659119281364,378.4767859027814,-0.12687560448980673,1.5867606686119662,0.17355371897914137,0.017311200276942544,0.13157203455500163,0.1735537513021271,0.017311190758679287,0.13157199838369593,0.14790863736097118,0.2761340454518237,0.1282254080908525,0.19999999999999998,0.2000006952476154,302.3970101530223,75.59958103979139,-5.979318753457363e-05,-1.688208461914087e-08,0.34740759871512,0.3474075032070843,0.14776451789502257,6.482968001808941,154.25033714819668,14.59384648998787,68.52203089062581,2.3285920921748575,429.4440419000222
119.6603510787,0.041619493205374995,0.15320628933034233,0.27044642218021564,0.11724013284987331,9.68465479848e-09,0.417220999344,313.33621829347123,65.80060584182634,0.17355371900869465,0.17355311975217239,379.1368241352976,379.6184673603234,-0.12687560443906953,1.5867606686125533,0.1735537189792419,0.017279694099322066,0.13145225026344,0.17355375040351123,0.017279684610053553,0.1314522141694599,0.1479123360367697,0.2761192507491303,0.1282069147123606,0.19999999999999993,0.20000069433651496,303.30919605969694,75.82762807560069,-5.979315053084022e-05,-1.682415318171593e-08,0.3470913159029254,0.34709122059906306,0.14774320647790334,6.438059317826367,155.32631040399025,14.552423504767363,68.71707655239697,2.287585753249386,437.14208246819015
120.1103510787,0.041681993205374995,0.15321444588924502,0.2704075763495827,0.11719313046033766,9.97203950995e-09,0.416985594811,314.2719443253459,65.99710830836878,0.17355371900836475,0.17355311975200163,380.26905263371464,380.75213420553916,-0.12687560447494084,1.5867606686117746,0.17355371897922306,0.017248334722602114,0.13133291560991903,0.17355374952286898,0.017248325262425666,0.13133287959389936,0.14791596947811878,0.2761047169836415,0.1281887475055227,0.20000000000000004,0.2000006934167311,304.2149784220484,76.05407421166635,-5.979319961380014e-05,-1.6835011162896762e-08,0.34677622033141253,0.34677612523339973,0.1477222709347854,6.393923354735515,156.39849659120054,14.510861267324662,68.91389708561165,2.2478281115317755,444.87387397186393
120.5603510787,0.041744493205375,0.15322254360295187,0.2703690108355422,0.11714646723259034,1.02680321474e-08,0.416748987734,315.20103251254005,66.19221682781763,0.17355371900866368,0.1735531197692825,381.3932493403577,381.8777590551905,-0.1268756043901309,1.5867606686130409,0.17355371897930344,0.017217121854136472,0.1312140307060814,0.1735537486598945,0.01721711242311144,0.1312139947685133,0.1479195397024206,0.2760904360868334,0.1281708963844128,0.19999999999999998,0.20000069248849628,305.1143353618485,76.27891397850928,-5.979311981096913e-05,-1.6788703760539647e-08,0.3464623122953667,0.3464622174045004,0.14770169964283975,6.350573099172505,157.46610335534953,14.469177331824918,69.11242961965105,2.2093165864730397,452.6286572611141
121.0103510787,0.041806993205375,0.15323058355233687,0.27033072048498147,0.1171001369326446,1.05728887567e-08,0.416511188431,316.1234609155875,66.38592679239609,0.17355371900852962,0.1735531198054539,382.50938770798354,382.9953153292689,-0.1268756044359387,1.5867606686123852,0.17355371897933816,0.01718605512887758,0.13109559538320723,0.17355374781340535,0.017186045727088515,0.13109555952467847,0.14792304873881984,0.27607639994141203,0.1281533512025922,0.19999999999999998,0.2000006915490606,306.0072456423791,76.50214206560446,-5.979316113347011e-05,-1.6768697541635902e-08,0.3461495913492939,0.3461494966671259,0.14768148090950364,6.308029263120568,158.52811683142102,14.427405453755414,69.31253184817807,2.172055341180366,460.3934260056962
121.4603510787,0.041869493205375,0.153238566837056,0.2702927000593609,0.1170541332223049,1.08868729555e-08,0.416272207752,317.03920824977496,66.57823373248085,0.17355371900832506,0.17355311985698482,383.6174419822558,384.104777240211,-0.1268756044787267,1.5867606686114086,0.1735537189793017,0.01715513411218998,0.13097760920168752,0.17355374698308298,0.017155124739732294,0.13097757342282798,0.1479264986146818,0.2760626004377809,0.12813610182309912,0.20000000000000004,0.20000069059892206,306.89368866001274,76.72375332224308,-5.979322267313236e-05,-1.678970296126181e-08,0.3458380563324344,0.34583796186062793,0.14766160305313544,6.266297658534365,159.58386506553086,14.385552882032458,69.51418608658406,2.13603600285772,468.1569030962674
121.9103510787,0.041931993205375,0.15324649454947145,0.2702549443562458,0.11700844980677436,1.12102561655e-08,0.416032057073,317.94825387527777,66.76913331365039,0.17355371900792518,0.17355311992294536,384.7173871889281,385.2061197820439,-0.1268756045185171,1.5867606686103464,0.17355371897928393,0.0171243584118271,0.1308600718776629,0.1735537461687893,0.017124349068735226,0.13086003617887024,0.14792989132952494,0.2760490295783198,0.12811913824879484,0.19999999999999998,0.2000006896364001,307.7736444360286,76.9437427528996,-5.979328961958075e-05,-1.6799939217548854e-08,0.3455277064952757,0.34552761223488065,0.1476420545532229,6.225378371653163,160.63280660231544,14.343619895172639,69.71740797011438,2.1012461464043932,475.9080708898281
122.3603510787,0.041994493205374996,0.15325436778385604,0.2702174481544997,0.11696308037064368,1.15433178407e-08,0.415790748279,318.8505777881929,66.95862133561202,0.1735537190084605,0.17355312000735643,385.8091991238049,386.29931871946087,-0.12687560446150714,1.5867606686111366,0.17355371897940503,0.017093727596217228,0.13074298297123724,0.17355374536886675,0.017093718282529924,0.1307429473529258,0.1479332288681306,0.27603567942450147,0.12810245055637087,0.20000000000000007,0.2000006886612733,308.64709360718956,77.16210551661528,-5.979323981497586e-05,-1.673017280268141e-08,0.34521854067629976,0.34521844662841034,0.14762282397433435,6.185277858115507,161.67422433382387,14.301612059863787,69.92218749985618,2.0676787140718726,483.63413193469665
122.8103510787,0.042056993205375,0.15326218764458005,0.2701802061930377,0.11691801854845763,1.18863456995e-08,0.415548293751,319.7461606120548,67.14669372870968,0.17355371900864508,0.17355312010871052,386.8928543407645,387.38435057683887,-0.1268756043816821,1.586760668612341,0.1735537189794638,0.017063241253475844,0.13062634211167304,0.17355374458278663,0.017063231969123373,0.13062630657384205,0.1479365132042992,0.27602254208012217,0.12808602887582296,0.20000000000000018,0.20000068767493107,309.5140174160946,77.37883692466983,-5.979316390902767e-05,-1.6696299898200095e-08,0.344910557896598,0.3449104640612121,0.1476038999424649,6.146002937761006,162.70737422789142,14.25951627898589,70.12860607857296,2.0353268964575753,491.3215669386916
123.2603510787,0.042119493205375,0.1532699552407141,0.270143213189384,0.1168732579486699,1.2239635974e-08,0.415304706354,320.63498358753213,67.33334655325442,0.1735537190079932,0.1735531202268643,387.9683301407866,388.461192627199,-0.12687560450482804,1.5867606686102635,0.17355371897938635,0.017032899012177874,0.1305101490772954,0.1735537438102863,0.017032889757103972,0.13051011361999487,0.14793974629808643,0.27600960970458704,0.12806986340650062,0.20000000000000012,0.2000006866776577,310.374397703445,77.59393243734151,-5.979329483762896e-05,-1.6740930863790027e-08,0.3446037575708519,0.3446036639481015,0.14758527116353154,6.107557238642864,163.73158055285063,14.21734314339672,70.33662970035667,2.004182097859795,498.9566572158635
123.7103510787,0.042181993205375,0.1532776716825654,0.27010646385874115,0.11682879217617576,1.26034936615e-08,0.415059999426,321.51702856514083,67.51857599868235,0.17355371900827038,0.17355312036205858,389.0356045638232,389.52982288111616,-0.1268756044498942,1.5867606686111955,0.17355371897944635,0.01700270041942839,0.130394403328626,0.17355374305198507,0.01700269119358095,0.13039436795192094,0.14794293009361123,0.27599687452278676,0.12805394442917553,0.2000000000000001,0.2000006856711993,311.22821690054894,77.80738766327418,-5.979323610683096e-05,-1.67063585188032e-08,0.3442981382746031,0.3442980448646599,0.14756692643728073,6.069942117996158,164.7462167777846,14.175114389505682,70.54616791948669,1.974232889228487,506.5258538929474
124.1603510787,0.042244493205375,0.1532853380768061,0.27006995291952496,0.11678461484271885,1.29782327742e-08,0.414814186762,322.39227799413896,67.70237837876635,0.17355371900825844,0.17355312051211086,390.0946563729053,390.5902200755833,-0.1268756044588315,1.5867606686108988,0.1735537189794647,0.016972645015676472,0.13027910429411338,0.17355374230570703,0.0169726358192566,0.1302790689990399,0.14794606651169553,0.2759843288505412,0.12803826233884566,0.2000000000000001,0.20000068465669693,312.0754580174053,78.0191983555,-5.9793254802986695e-05,-1.6695789195608768e-08,0.34399369849870637,0.3439936053043062,0.1475488546950911,6.033163985631137,165.75050875156822,14.132819256020275,70.7572906639998,1.9454710654686023,514.0143267867784
124.6103510787,0.042306993205374996,0.1532929555471583,0.27003367502964065,0.11674071948248235,1.3364176606e-08,0.414567282604,323.26071491438535,67.88475013203366,0.17355371900829136,0.1735531206804289,391.145465046419,391.6423636628373,-0.12687560451096758,1.586760668609702,0.17355371897947483,0.016942732398489913,0.130164251614988,0.17355374157304698,0.016942723231630926,0.1301642164023236,0.14794915746750312,0.2759719650273612,0.1280228075598581,0.20000000000000007,0.2000006836304166,312.916104638198,78.22936040822103,-5.979333023153899e-05,-1.668994942249924e-08,0.3436904372958535,0.34369034431904927,0.1475310449021626,5.997230991013675,166.74361909661516,14.090453089124809,70.97003862649476,1.917891348384158,521.4059705950025
125.0603510787,0.042369493205375,0.1533005252167904,0.269997624827748,0.11669709961095756,1.37616580879e-08,0.414319301629,324.12232294737055,68.06568781897192,0.1735537190083153,0.17355312086670352,392.1880107663424,392.68623379914607,-0.12687560447012247,1.5867606686103006,0.1735537189794861,0.01691296213265256,0.13004984480057083,0.17355374085175593,0.016912952995030234,0.1300498096693349,0.14795220486278463,0.2759597754462928,0.12800757058350817,0.19999999999999998,0.20000068259256132,313.75014090845514,78.43786985788726,-5.979329250616061e-05,-1.6683454617805182e-08,0.3433883533704377,0.34338826060864025,0.14751348610084508,5.962147089803357,167.72481204132487,14.048012008198814,71.18444940226217,1.8914854944770454,528.6849954281454
125.5103510787,0.042431993205375,0.1533080482124298,0.2699617969395994,0.11665374872716958,1.41710198997e-08,0.414070258937,324.97708628552965,68.24518811989924,0.17355371900813418,0.17355312106864051,393.2222744054289,393.72181133356975,-0.1268756044906061,1.5867606686095248,0.17355371897950406,0.016883333836460204,0.12993588355977806,0.17355374014027028,0.016883324727681757,0.12993584850872278,0.14795521058400446,0.2759477525615027,0.12799254197749826,0.19999999999999993,0.20000068154545544,314.577551525489,78.64472287993988,-5.9793341389280386e-05,-1.6673107339215676e-08,0.3430874459538707,0.3430873534037851,0.14749616742153843,5.927916186884369,168.69334323796946,14.005490679000575,71.40056874261256,1.8662446161457054,535.8354372993545
125.9603510787,0.042494493205375,0.15331552566567305,0.26992618597767487,0.11661066031200182,1.4592614936e-08,0.413820170032,325.8249896845029,68.42324783388963,0.17355371900856637,0.17355312128826067,394.24823751839244,394.7490777966928,-0.1268756043955377,1.5867606686106799,0.17355371897964972,0.016853847101547838,0.12982236749323223,0.17355373943886565,0.016853838021163976,0.12982233252088785,0.14795817650237295,0.27593588888875686,0.12797771238638392,0.20000000000000007,0.20000068048746003,315.3983217337322,78.84991578466028,-5.979326860305889e-05,-1.6589174478554014e-08,0.3427877139916216,0.34278762164936716,0.14747907808320668,5.8945414514613885,169.64848041777324,13.962896936015364,71.6183757985521,1.8421593712095625,542.8411980139371
126.4103510787,0.042556993205374996,0.15332295870910426,0.26989078654950777,0.11656782784040351,1.50268065217e-08,0.413569050814,326.66601845234186,68.59986387523195,0.1735537190087666,0.1735531215229208,395.2658823275738,395.76801538933813,-0.1268756044548791,1.5867606686096867,0.17355371897962737,0.016824501517327638,0.12970929618700286,0.1735537387475798,0.016824492465121736,0.12970926129279178,0.14796110447202535,0.27592417701003547,0.12796307253801012,0.19999999999999998,0.20000067942044747,316.2124373103364,79.0534450172374,-5.979333119743302e-05,-1.6602053065639666e-08,0.3424891563907334,0.342489064254785,0.147462207400795,5.862025932831792,170.5894875693472,13.920231572151259,71.83788536970854,1.8192206129318151,549.6859440199627
126.8603510787,0.042619493205374996,0.15333034847788996,0.2698555932486218,0.11652524477073184,1.54739687303e-08,0.413316917564,327.5001584422963,68.77503327291835,0.17355371900833977,0.17355312177257354,396.2751917152147,396.77860697126346,-0.1268756044816799,1.5867606686093474,0.17355371897959074,0.016795296676439603,0.12959666923358643,0.17355373806620766,0.01679528765198203,0.12959663441610678,0.1479639963328761,0.2759126095664504,0.12794861323357432,0.20000000000000004,0.20000067834355595,317.0198845614491,79.25530715376563,-5.9793352580328474e-05,-1.662315840533779e-08,0.3421917720752188,0.3421916801418748,0.1474455447737785,5.830373314640651,171.51560389604896,13.877496991940957,72.05910407191783,1.7974199484242044,556.3530108123583
127.3103510787,0.042681993205375,0.15333769610959724,0.2698206006555682,0.11648290454597093,1.59344867035e-08,0.413063786936,328.32739604097986,68.94875316859925,0.1735537190082509,0.17355312203765363,397.2761492095791,397.78083604984926,-0.12687560448660928,1.5867606686091384,0.173553718979615,0.016766232162574495,0.12948448618492678,0.17355373739443342,0.0167662231656947,0.1294844514437726,0.1479668539105849,0.2759011792557344,0.12793432534514948,0.2,0.20000067725760237,317.820650309371,79.45549890020811,-5.9793365747573546e-05,-1.660918069745776e-08,0.34189555986201403,0.3418954681302026,0.147429079683308,5.799586156715392,172.42609610033833,13.834712890644527,72.28194816216474,1.7767480257137145,562.8260088249165
127.7603510787,0.042744493205375,0.15334500214114147,0.26978580274983616,0.11644080060869469,1.64087569851e-08,0.412809675817,329.1477181608854,69.12102081360248,0.17355371900788377,0.17355312231401382,398.268738974488,398.77468676877663,-0.1268756044643493,1.5867606686096645,0.17355371897962188,0.016737307490356932,0.12937274631991444,0.173553736131036,0.01673729847762829,0.12937271148750146,0.1479696790129893,0.2758898788461518,0.1279201998331625,0.19999999999999982,0.20000067584954276,318.6147220098452,79.65401696464272,-5.979333259631403e-05,-1.6605217201259848e-08,0.34160051784707535,0.3416004258743009,0.14741280171235158,5.76966545015654,173.32027457031646,13.791899355887736,72.50632956316505,1.7571942990529514,569.0890304725863
128.2103510787,0.042806993205374996,0.15335226828667375,0.2697511946954079,0.11639892640873417,1.689718783e-08,0.412554601687,329.96111222948855,69.29183356802643,0.1735537190079205,0.17355312260873187,399.252945797515,399.760143896707,-0.12687560451826174,1.5867606686087052,0.17355371897960142,0.016708522164418302,0.1292614488717278,0.1735537348534388,0.016708513133972175,0.12926141394078966,0.147972473430066,0.2758787011777434,0.12790622774767738,0.19999999999999996,0.2000006744170556,319.4020873750158,79.85085842249916,-5.979339304795772e-05,-1.6617007769781367e-08,0.341306644005659,0.3413065517727351,0.14739670054717352,5.740608529002913,174.1975602321188,13.749048331747145,72.73230669288992,1.7387455284777316,575.1272878185332
128.6603510787,0.042869493205374996,0.15335949570840668,0.2697167711568761,0.11635727544846941,1.74001995797e-08,0.412298582241,330.767566182053,69.46118889821282,0.1735537190082267,0.17355312292215908,400.2287550802658,400.73719281596124,-0.12687560446352775,1.5867606686093427,0.17355371897966304,0.016679875738486654,0.12915059325642547,0.1735537335961531,0.016679866691089732,0.12915055822988042,0.14797523892569078,0.27586763919555285,0.12789240026986207,0.20000000000000004,0.2000006729781994,320.1827347189857,80.0460203612801,-5.979335286898646e-05,-1.6581502837453854e-08,0.3410139367959049,0.341013844310537,0.1473807660251197,5.712416836985307,175.05725309215072,13.706153928836772,72.95992772239856,1.7213916199967356,580.9253329593276
129.1103510787,0.042931993205374996,0.15336668554239902,0.2696825267198775,0.11631584117747851,1.7918224975e-08,0.412041635486,331.5670684500082,69.62908437460077,0.17355371900846847,0.17355312325914057,401.196152824609,401.70581951120647,-0.12687560444546442,1.5867606686092273,0.17355371897974015,0.016651367747067925,0.12904017880903576,0.1735537323583488,0.01665135868322359,0.12904014368879008,0.14797797725575812,0.27585668587566764,0.12787870861990952,0.20000000000000004,0.2000006715225422,320.9566528474267,80.23949997718226,-5.979336014094727e-05,-1.6537071712008355e-08,0.3407223944619974,0.34072230172921897,0.14736498802850773,5.685095347405812,175.89854503606767,13.66323522354585,73.18910811669993,1.7051257281081182,586.4670173674092
129.5603510787,0.042994493205375,0.1533738389256052,0.26964845597194814,0.11627461704634295,1.84517095498e-08,0.411783779741,332.3596079532208,69.79551767002799,0.17355371900795952,0.1735531236158913,402.15512562324886,402.66601055815414,-0.12687560447357527,1.5867606686088385,0.17355371897970426,0.01662299766966545,0.12893020464447208,0.17355373114022435,0.01662298858986318,0.12893016943238375,0.14798069016032425,0.2758458342572234,0.12786514409689917,0.2,0.2000006700563904,321.72383103198723,80.43129459126163,-5.9793384643569425e-05,-1.6557755166957122e-08,0.3404320146669218,0.34043192169163866,0.1473493565305625,5.658645404395196,176.7207394234807,13.620307084721604,73.41978369355097,1.6899383160442467,591.7375743871929
130.0103510787,0.043056993205374997,0.1533809569949698,0.2696145535004499,0.11623359650548007,1.90011119971e-08,0.411525033613,333.14517408966543,69.9604865587656,0.17355371900813296,0.17355312398953682,403.105660648431,403.6177531122737,-0.12687560442867785,1.5867606686093743,0.17355371897974933,0.016594764984610093,0.12882066986555415,0.1735537299421866,0.0165947558894817,0.12882063456403908,0.14798337936340822,0.27583507744511426,0.12785169808170604,0.20000000000000004,0.20000066858726992,322.4842590074317,80.62140164099935,-5.9793350881687246e-05,-1.6531775948180893e-08,0.3401427950417304,0.34014270183032164,0.14733386159876852,5.633068187251263,177.52314844389704,13.57736038723164,73.65201861625589,1.6758193727409525,596.7230217445276
130.4603510787,0.043119493205375,0.1533880408855516,0.2695808138940579,0.1161927730085063,1.95669045319e-08,0.411265415992,333.923756726419,70.12398891251516,0.1735537190081973,0.17355312438017495,404.04774563893415,404.561034897523,-0.12687560449780033,1.5867606686082074,0.17355371897976105,0.016566669215194514,0.12871157374220282,0.1735537287630532,0.016566660105320857,0.12871153835348584,0.1479860465714773,0.27582440861289537,0.12783836204141807,0.19999999999999987,0.20000066711315706,323.23792696558013,80.80981867335403,-5.97934244228604e-05,-1.652503689442142e-08,0.33985473365869556,0.3398546402170357,0.1473184933999605,5.6083646725717475,178.30509576001668,13.534398528616252,73.88581013671683,1.6627590269244747,601.4100563024167
130.9103510787,0.043181993205375,0.1533950917343027,0.2695472317459256,0.11615214001162288,2.01495732974e-08,0.41100494604,334.6953461915129,70.28602270027204,0.17355371900837535,0.173553124782389,404.9813688917849,405.49584419510603,-0.1268756044448205,1.5867606686090567,0.17355371897977448,0.016538709831490313,0.12860291533044774,0.17355372760410143,0.016538700707511334,0.12860287985698973,0.14798869347528604,0.27581382099772844,0.1278251275224424,0.19999999999999996,0.20000066563893026,323.98482554206277,80.99654334972215,-5.979337088790615e-05,-1.6517287537709535e-08,0.3395678280253237,0.33956773435991056,0.14730324219237903,5.584532938598835,179.06600444385614,13.491449008810706,74.12102283060489,1.650745212691261,605.7870059605801
131.3603510787,0.043244493205375,0.15340211066942064,0.26951380168552397,0.11611169101610333,2.07496187564e-08,0.410743643186,335.4599332623033,70.44658598525045,0.17355371900860395,0.17355312519477833,405.9065192475538,406.42216983225273,-0.12687560447595114,1.586760668608374,0.17355371897980684,0.016510886248967585,0.1284946934661801,0.1735537264656434,0.016510877111357698,0.12849465790980455,0.14799132174136057,0.27580330793359287,0.1278119861922323,0.19999999999999987,0.2000006641657292,324.7249458088437,81.1815734387101,-5.9793413920150584e-05,-1.649864689312608e-08,0.3392820750678593,0.33928198118350766,0.14728809837375598,5.561576441962443,179.80513446779895,13.44851776539637,74.35763683735053,1.6397704315539625,609.8414636323996
131.8103510787,0.043306993205375004,0.15340909882941303,0.26948051827693964,0.11607141944752661,2.1367556119e-08,0.410481527095,336.21750915896416,70.60567692332886,0.17355371900815555,0.17355312562244202,406.823186082293,407.34000117103375,-0.126875604471699,1.5867606686082198,0.17355371897982552,0.01648319791965231,0.12838690711927098,0.17355372534508715,0.016483188769041854,0.12838687148241387,0.14799393303495215,0.2757928627593196,0.12779892972436743,0.2,0.20000066268754355,325.45827926917656,81.36490681311645,-5.979342363460205e-05,-1.6487877729787215e-08,0.33899747206631253,0.33899737796945445,0.14727305234888313,5.53950203327571,180.52164147481383,13.405582242312828,74.59579016595349,1.6298299981673172,613.5609242218284
132.2603510787,0.043369493205375004,0.15341605734075076,0.2694473760679102,0.11603131872715944,2.20039157423e-08,0.410218617678,336.96806553264184,70.76329376190476,0.17355371900836578,0.1735531260653758,407.7313592945466,408.24932809720724,-0.12687560444367696,1.5867606686082547,0.17355371897991806,0.01645564435851051,0.12827955549701017,0.17355372422729426,0.01645563519427586,0.12827951977722654,0.14799652900624935,0.2757824788745929,0.12778594986834355,0.20000000000000004,0.20000066119696877,326.1848178448985,81.54654144964816,-5.979342143636046e-05,-1.6434564820144715e-08,0.33871401692758235,0.33871392261176203,0.14725809461003658,5.5183082981642375,181.2149568252045,13.36262891153338,74.8355736450103,1.6209127264499288,616.9363616449407
132.7103510787,0.043431993205375004,0.1534229873492583,0.26941436966966525,0.11599138232040695,2.26592435676e-08,0.409954935072,337.71159445818375,70.91943483634559,0.17355371900852132,0.17355312652020058,408.63102929452936,409.1501410091051,-0.1268756044652597,1.586760668607378,0.1735537189799272,0.01642822507921645,0.1281726377945638,0.1735537231239041,0.01642821590195773,0.1281726019941771,0.14799911128323348,0.2757721497667025,0.12777303848346902,0.19999999999999996,0.2000006596963487,326.90455386322543,81.72647543130385,-5.9793476681058166e-05,-1.642930236300799e-08,0.3384317075265561,0.33843161299790847,0.14724321577603833,5.497992455218532,181.88457116757763,13.319673293619148,75.07691652460085,1.6130065777613098,619.9602740541201
133.1603510787,0.043494493205375004,0.15342988998729096,0.26938149369525743,0.11595160370796648,2.33341015679e-08,0.409690499626,338.4480884248293,71.0740985693975,0.17355371900863448,0.17355312699042022,409.52218699422684,410.04243080656005,-0.12687560438802148,1.586760668608252,0.1735537189800544,0.016400939538677523,0.12806615297836318,0.1735537220358239,0.01640093034879159,0.12806611709890947,0.14800168147637469,0.2757618689947726,0.12776018751839793,0.19999999999999993,0.2000006581893628,327.61748005223416,81.90470694199269,-5.9793421602893915e-05,-1.635600543892224e-08,0.33815054113416126,0.33815044639674224,0.1472284065686707,5.478553329318758,182.52993808574408,13.276727397177282,75.31976593965516,1.6061007171704655,622.6259594490074
133.6103510787,0.043556993205375,0.15343676638092305,0.26934874277206144,0.1159119763911384,2.40290681968e-08,0.409425331894,339.17754032581877,71.22728346852969,0.17355371900848143,0.17355312747640533,410.40482379434843,410.92618887987805,-0.12687560433924938,1.5867606686086337,0.17355371898012956,0.016373787207293947,0.12796010005972153,0.17355372096122806,0.01637377800505658,0.12796006410226818,0.14800424117769143,0.2757516301898808,0.12774738901218938,0.20000000000000007,0.20000065667520148,328.3235895328084,82.08123426154003,-5.97933975554632e-05,-1.631269563873161e-08,0.3378705151398332,0.33787042019646113,0.14721365781389706,5.459989395983906,183.15053885187942,13.233784732260988,75.5641730790909,1.6001842259516494,624.9280450226208
134.0603510787,0.043619493205375004,0.15344361765376022,0.26931611154513335,0.11587249389137314,2.47447388564e-08,0.409159452618,339.89994344997774,71.37898812445678,0.173553719008187,0.1735531279771245,411.2789315744346,411.80140709885933,-0.1268756044583763,1.5867606686063331,0.17355371898009272,0.01634676757478869,0.12785447811785355,0.17355371989936122,0.01634675836035099,0.12785444208298355,0.1480067919612083,0.2757414270556316,0.1277346350944233,0.1999999999999999,0.20000065515443755,329.0228758083305,82.256055766104,-5.979354253948799e-05,-1.6333923102962444e-08,0.3375916271122969,0.3375915319645111,0.14719896044199518,5.442298975601693,183.74587733659772,13.190842180502182,75.81017089857484,1.5952462352365682,626.8624729596709
134.5103510787,0.043681993205375004,0.15345044492487075,0.26928359467763585,0.1158331497527651,2.54817263534e-08,0.408892882727,340.6152914742304,71.52921120959279,0.1735537190082733,0.17355312849366264,412.1445026838232,412.668077801871,-0.1268756044413899,1.5867606686064497,0.17355371898009944,0.016319880130377617,0.1277492862225759,0.1735537188489054,0.016319870903744108,0.12774925011030047,0.14800933538327243,0.27573125336740845,0.127721917984136,0.20000000000000004,0.20000065362560607,329.7153327588582,82.429169924965,-5.9793535189811564e-05,-1.6330048424606503e-08,0.3373138745954623,0.33731377924329237,0.14718430548633082,5.425480035491144,184.31548793073287,13.147903502662915,76.05775322259284,1.591275806207547,628.4265719990291
134.9603510787,0.043744493205375004,0.1534572493091962,0.26925118685366467,0.11579393754446848,2.62406614102e-08,0.408625643318,341.32357845200943,71.67795147486713,0.17355371900815472,0.17355312902490433,413.0015299268765,413.5261937849742,-0.12687560449204938,1.5867606686056457,0.17355371898009153,0.016293124354408606,0.12764452340154905,0.17355371780863665,0.016293115115491464,0.12764448721151833,0.1480118729817196,0.27572110297357943,0.12770922999185982,0.1999999999999999,0.200000652088564,330.40095462792664,82.60057529894989,-5.979358586039041e-05,-1.6334611441237712e-08,0.33703725502192866,0.3370371594644508,0.1471696840857078,5.409530527924329,184.85892534258537,13.104975531885549,76.30689561891305,1.5882620969041896,629.6190042872528
135.4103510787,0.043806993205375,0.15346403191833588,0.26921888277663397,0.11575485085829809,2.7022193135e-08,0.408357755647,342.02479880633877,71.82520774932954,0.17355371900826128,0.17355312957042532,413.8500065556683,414.3757482911084,-0.12687560447450785,1.586760668605678,0.1735537189801394,0.016266499714308227,0.1275401886242459,0.1735537167780404,0.016266490462969088,0.12754015235591137,0.1480144062769583,0.27571096979286414,0.12769656351590583,0.20000000000000004,0.20000065054379665,331.0797360169801,82.77027053868817,-5.979358381758004e-05,-1.6307022399075777e-08,0.33676176567065463,0.33676166990642054,0.14715508748008466,5.394448203134356,185.37577196847795,13.062060789714995,76.55759807728006,1.5861942411206953,630.4398125247694
135.8603510787,0.043869493205375,0.15347079385971926,0.26918667717357425,0.11571588331385499,2.78269895394e-08,0.408089241126,342.71894731975567,71.97097893718318,0.1735537190083332,0.17355313012970694,414.6899262569388,415.2167349993392,-0.1268756044722541,1.586760668605566,0.1735537189801762,0.016240005686327594,0.1274362808870676,0.1735537157571732,0.016239996422422957,0.12743624453985986,0.14801693677090685,0.27570084781725357,0.12768391104634672,0.20000000000000004,0.20000064899149905,331.7516718753142,82.93825438162465,-5.979359088970071e-05,-1.6285817139305436e-08,0.3364874038917012,0.33648730791920733,0.14714050701516415,5.3802303763352,185.8656470173607,13.019159718207595,76.80987265264723,1.5850611782094675,630.890475236817
136.3103510787,0.043931993205375004,0.15347753623626112,0.26915456479576144,0.11567702855950032,2.86557380496e-08,0.407820121302,343.40601912653904,72.11526401643115,0.17355371900798194,0.17355313070280298,415.5212831429702,416.0491480141662,-0.1268756044124908,1.5867606686065667,0.17355371898020508,0.01621364174230977,0.12733279916152698,0.17355371474655465,0.016213632465761834,0.12733276273513364,0.14801946594740006,0.2756907311114259,0.12767126516402583,0.19999999999999982,0.20000064743157253,332.4167574927784,83.1045256501918,-5.979352781793068e-05,-1.626918599839655e-08,0.33621416696941325,0.33621407078783494,0.14712593414125152,5.366874059575063,186.32820314013065,12.976276090813577,77.0637117306667,1.5848517814286638,630.9738309399195
136.7603510787,0.043994493205375004,0.1534842601461431,0.2691225404217121,0.11563828027556897,2.95091460813e-08,0.407550417854,344.0860097019342,72.2580620373935,0.1735537190082393,0.17355313129107985,416.3440717393277,416.8729818549005,-0.1268756044633501,1.5867606686057447,0.17355371898019264,0.016187407349398455,0.1272297423930366,0.17355371374768513,0.016187398060274697,0.12722970588771593,0.14802199527169285,0.27568061381419146,0.1276586185424986,0.19999999999999998,0.20000064586460234,333.07498848956385,83.26908324976387,-5.979357962093701e-05,-1.6276346936905384e-08,0.33594205211921985,0.33594195572923885,0.1471113604154916,5.354376079239679,186.76312332211074,12.933421822148002,77.31905861815605,1.58555490456189,630.6940220883196
137.2103510787,0.044056993205375,0.15349096668323495,0.2690905988568797,0.11559963217364475,3.03879415467e-08,0.407280152581,344.75891485666284,72.39937211988484,0.173553719008236,0.17355313189320978,417.15828697654774,417.6882314451087,-0.12687560449752278,1.5867606686051923,0.17355371898015642,0.016161301937524075,0.1271271093729582,0.17355371276295523,0.01616129263617597,0.1271270727900866,0.14802452619089523,0.2756704901372017,0.12764596394630645,0.1999999999999999,0.20000064429278377,333.7263608091642,83.43192616738354,-5.979361443753106e-05,-1.6297219129768337e-08,0.33567105614978826,0.33567095955503895,0.1470967774998797,5.342733400976422,187.17011030669116,12.89060991319672,77.57584836821827,1.587159612592346,630.0563548027006
137.6603510787,0.044119493205375,0.15349765693749248,0.2690587349325736,0.11556107799508111,3.12928733958e-08,0.407009347399,345.42473072567145,72.53919345247205,0.17355371900842467,0.1735531325087395,417.96392417814354,418.4948921021317,-0.1268756044598418,1.5867606686058866,0.17355371898021985,0.016135324927834243,0.12702489884992724,0.17355371179616175,0.016135315614922905,0.12702486219210357,0.14802706013437064,0.2756603543636165,0.12763329422924588,0.19999999999999998,0.20000064271917367,334.37087070908683,83.59305346905667,-5.979357068364166e-05,-1.6260681690027923e-08,0.33540117575697,0.33540107896431454,0.14708217715926705,5.331941176365258,187.54895579731283,12.847835957682452,77.8341195586361,1.5896536545234583,629.0678457879412
138.1103510787,0.044181993205375,0.15350433198918995,0.2690269435276844,0.11552261153849447,3.22247122053e-08,0.406738024317,346.08345375996976,72.67752528955917,0.1735537190081964,0.17355313313714635,418.76097904952894,419.29295952667434,-0.12687560452860902,1.5867606686047198,0.17355371898017122,0.016109475774795885,0.12692310969557863,0.17355371085123486,0.016109466451422444,0.12692307296714198,0.1480295985087682,0.275650200865783,0.1276206023570148,0.19999999999999987,0.20000064114650293,335.0085147524859,83.75246429704308,-5.979364421371258e-05,-1.6288692616939215e-08,0.33513240796138866,0.33513231098228413,0.14706755128745794,5.321992885775428,187.89953715886966,12.805094393932125,78.093918657395,1.5930235123632552,627.7371251831036
138.5603510787,0.044244493205375005,0.1535109929109876,0.2689952195671751,0.11548422665618749,3.31842507264e-08,0.406466205442,346.7350807192938,72.81436695104165,0.17355371900824468,0.17355313378062617,419.54944767033544,420.08242979247535,-0.12687560448629842,1.5867606686056823,0.17355371898016125,0.016083753928621224,0.12682174075694286,0.17355370993396,0.016083744596565853,0.12682170396492018,0.14803214269922155,0.27564002410391963,0.1276078814046981,0.20000000000000007,0.20000063957652148,335.639289802292,83.91015786804341,-5.979358355112652e-05,-1.6294432469976527e-08,0.3348647497187016,0.3348646525717022,0.147052891904312,5.312885639096261,188.2216309421829,12.762389761910232,78.3552311640358,1.5972588133887897,626.0726136663924
139.0103510787,0.044306993205375,0.15351764077632962,0.26896355798142757,0.11544591720509795,3.41723045075e-08,0.406193912956,347.3796086621301,72.94971781892163,0.1735537190080173,0.1735531344373878,420.32932648105174,420.8632993360535,-0.12687560446449364,1.5867606686061557,0.17355371898015884,0.016058158832008028,0.1267207908435235,0.1735537090515659,0.01605814949371123,0.12672075399756438,0.14803469407835193,0.2756298185873856,0.12759512450903368,0.20000000000000004,0.20000063801545429,336.26319300823525,84.06613347281653,-5.9793553719433845e-05,-1.6295831350987555e-08,0.33459819788547857,0.3345981005960635,0.14703819110073685,5.30461150085444,188.51521922744485,12.719724827346097,78.61805295112227,1.602345378572155,624.0851774984347
139.4603510787,0.044369493205375,0.15352427664032384,0.26893195380878593,0.11540767716846209,3.51897124601e-08,0.405921169115,348.01703493803365,73.08357733697757,0.17355371900824582,0.17355313510743461,421.10061227501126,421.63556494653716,-0.1268756044319308,1.586760668606786,0.17355371898020394,0.016032689930610702,0.12662025876853475,0.17355370821501326,0.016032680589536233,0.12662022188235272,0.14803725398484527,0.275619578961638,0.12758232497679275,0.2,0.20000063647169644,336.88022180138796,84.22039047362333,-5.9793513995654024e-05,-1.626984102998108e-08,0.3343327493280871,0.3343326519324659,0.14702344116358304,5.29717927445716,188.77971618252946,12.677105663634325,78.88235899686552,1.608282773702284,621.781204369919
139.9103510787,0.044431993205375,0.15353090160996777,0.26890040190249564,0.11536950029252788,3.62373375243e-08,0.405647996259,348.6473571796275,73.2159450078408,0.17355371900849767,0.1735531357899714,421.8633021874682,422.39922375557563,-0.12687560439683665,1.5867606686071856,0.17355371898025548,0.01600734664939595,0.12652014325551464,0.17355370744588797,0.016007337311015397,0.12652010635079072,0.14803982378882374,0.27560929974598203,0.12756947595715828,0.19999999999999996,0.20000063495955606,337.4903738838395,84.37292830362871,-5.9793488815795826e-05,-1.6240142564072357e-08,0.3340684006761104,0.33406830323153053,0.14700863419809954,5.290583964487889,189.01505140308205,12.634548468387397,79.14805998030529,1.6150592865855615,619.1723166485892
140.3603510787,0.044494493205375,0.15353751675498045,0.2688688974037689,0.11533138064878845,3.73160672091e-08,0.405469097321,349.27057329354295,73.34682039162004,0.17355371900821756,0.17355313647994103,422.617393685163,423.15427322733797,-0.12687560451185576,1.5867606686050928,0.17355371898018743,0.015982128375948264,0.12642044287198279,0.1735537067849299,0.015982119049478438,0.12642040598526189,0.14804240479035177,0.27559897573952985,0.12755657094917808,0.19999999999999993,0.20000063350833713,338.09364721648814,84.52374646867493,-5.979362071029115e-05,-1.6279355641302118e-08,0.333805148147175,0.33380505075013095,0.14699376271271283,5.284829220709493,189.22087322733753,12.592062267998461,79.41510919473498,1.6226694318195443,616.2684650309042
140.8103510787,0.044556993205375,0.1535441229843279,0.2688374349314855,0.11529331194715758,3.84268143348e-08,0.405390004269,349.8866814538497,73.47620310516007,0.1735537190079748,0.17355313717159457,423.36288455900973,423.9007111485984,-0.12687560446202895,1.5867606686058362,0.1735537189802525,0.015957034506211706,0.12632115620992276,0.17355370604950376,0.015957025190053823,0.12632111933502577,0.14804499834124304,0.27558860153629017,0.12754360319504712,0.19999999999999996,0.20000063203328688,338.69004006777226,84.67284449123741,-5.979357385887951e-05,-1.624185230753028e-08,0.333542988023503,0.3335428906576793,0.14697881891985717,5.279919933450112,189.39681142978236,12.5496469790498,79.6835163307291,1.6311102693791197,613.0793354520715
141.2603510787,0.044619493205375,0.15355072168752226,0.26880600989224357,0.1152552882047213,3.95705176105e-08,0.405311057117,350.4956800908543,73.60409281906077,0.17355371900822814,0.1735531378721567,424.09977290991503,424.6385356189114,-0.1268756044976227,1.5867606686051068,0.17355371898024224,0.015932064435339288,0.12622228184967696,0.1735537055908168,0.015932055149754206,0.12622224506700158,0.14804760573100192,0.27557817197720347,0.12753056624620154,0.20000000000000015,0.20000063070967725,339.27955084410115,84.82022206581391,-5.979361982211273e-05,-1.6247769796251532e-08,0.33328191655657874,0.3332818194342603,0.14696379538833038,5.275831348448885,189.5435873426856,12.507306482067538,79.95326583175674,1.64035671012641,609.6235006853707
141.7103510787,0.044681993205375,0.1535573139386693,0.2687746174428849,0.11521730350421558,4.07481422843e-08,0.405232241001,351.0975678870373,73.73048925619439,0.17355371900810213,0.17355313858144672,424.8280571432318,425.36774504087794,-0.12687560444770707,1.586760668605865,0.1735537189802567,0.015907217551012567,0.12612381833346376,0.1735537054559113,0.015907208318193637,0.12612378173125652,0.14805022823018216,0.27556768198055515,0.127517453750373,0.20000000000000004,0.20000062955768216,339.86217826081844,84.96587888241332,-5.979357203811375e-05,-1.6239443123566843e-08,0.33302192989722235,0.3330218332514186,0.14694868479789938,5.272563024700356,189.6610804489778,12.465037237575405,80.22438930110341,1.6503960774798527,605.9151579704403
142.1603510787,0.044744493205375,0.15356390023657449,0.26874325212136035,0.11517935188478587,4.19606808878e-08,0.405153541427,351.6923437655226,73.85539219086961,0.17355371900847782,0.17355313930020733,425.5477359563922,426.0883381105064,-0.12687560436679401,1.5867606686069984,0.17355371898036073,0.015882493269643857,0.12602576430890572,0.17355370510916523,0.015882484073032707,0.12602572782187257,0.14805286708705143,0.2755571265535977,0.12750425946654628,0.20000000000000007,0.2000006282799822,340.4379214019898,85.10981455440242,-5.979350061746658e-05,-1.617950218246733e-08,0.3327630244745672,0.3327629281328733,0.1469334799565372,5.270114536074284,189.74919674988723,12.422830063215418,80.49695559798784,1.6612177633277254,601.96803939588
142.6103510787,0.044806993205375,0.15357048152439481,0.268711908975322,0.11514142745092718,4.3209153848e-08,0.405074944267,352.2800068839481,73.97880144562795,0.17355371900826222,0.17355314002699646,426.258808329576,426.80031380766616,-0.1268756044856434,1.5867606686050533,0.17355371898026115,0.01585789102244203,0.1259281184741598,0.1735537044704235,0.0158578818402075,0.12592808201591693,0.14805552353685908,0.2755465007538696,0.12749097721701053,0.19999999999999993,0.20000062683362008,341.0067794703089,85.25202885926713,-5.9793623197190726e-05,-1.623687850837996e-08,0.3325051968511794,0.3325051005855044,0.14691817374516744,5.268478105434995,189.80813433928742,12.38068307269843,80.77098768525742,1.6728129813364967,597.7954566092908
143.0603510787,0.044869493205375005,0.15357705895143228,0.26868058332073363,0.11510352436930135,4.44946101976e-08,0.404996435755,352.860556627627,74.10071689184166,0.17355371900834188,0.17355314076224107,426.96127351946853,427.5036713866401,-0.12687560446259516,1.5867606686052196,0.1735537189803301,0.015833410240113966,0.12583087951736635,0.1735537036766916,0.01583340106070164,0.12583084304216371,0.1480581987990769,0.275535799705343,0.1274776009062661,0.2000000000000001,0.2000006252919667,341.56875184012046,85.39252167934814,-5.9793612716685374e-05,-1.619715472855887e-08,0.3322484435631769,0.33224834725272073,0.14690275913945244,5.267638519004395,189.8383870480551,12.3385983305255,81.04648301306767,1.6851640185357057,593.4140469418121
143.5103510787,0.044931993205375005,0.1535836335977516,0.2686492705764211,0.11506563697866948,4.58118961104e-08,0.40491800249,353.43399259942913,74.22113844570232,0.1735537190079209,0.17355314150683668,427.65513104513144,428.1984103667737,-0.12687560450702629,1.5867606686040914,0.17355371898033273,0.01580905035242126,0.1257340461148899,0.17355370282541524,0.015809041171323715,0.12573400960489456,0.14806089405146058,0.27552501869582047,0.12746412464435988,0.2000000000000001,0.2000006237089806,342.1238381037592,85.53129294137212,-5.979368381536787e-05,-1.6195633723015135e-08,0.3319927611155843,0.3319926647132602,0.14688722935192244,5.267592237398584,189.84005498759961,12.296579260151919,81.32342978023023,1.69826111817528,588.8375994113695
143.9603510787,0.044994493205375005,0.15359020651867342,0.2686179660304275,0.11502775951175406,4.71544413568e-08,0.404839631428,354.00031461358134,74.34006606908639,0.17355371900871658,0.17355314226316754,428.34038068266767,428.8845305232236,-0.12687560446447144,1.5867606686045204,0.17355371898042346,0.015784810783277634,0.12563761691180564,0.17355370197117867,0.01578480159987056,0.12563758036459696,0.14806361048107317,0.275514152977824,0.12745054249675083,0.20000000000000004,0.20000062211655598,342.67203806849176,85.66834261417594,-5.979365678143722e-05,-1.6143353320785536e-08,0.33173814593080875,0.3317380494302252,0.14687157754372537,5.26834293778251,189.81300416652613,12.254629361238004,81.60181516081174,1.7121006535739494,584.0778098603814
144.4103510787,0.045056993205375,0.15359677873105557,0.26858666500051254,0.11498988626945697,4.85354507797e-08,0.40476130989,354.55952268864615,74.45749976471514,0.17355371900845604,0.17355314302910468,429.0170224533613,429.56203187780807,-0.1268756044532915,1.5867606686042357,0.17355371898050895,0.015760690955401665,0.12554159054035305,0.17355370114147925,0.015760681771053435,0.12554155396144112,0.14806634925315312,0.27550319788993266,0.12743684863677954,0.2,0.20000062052994905,343.2133517447779,85.80367070858334,-5.97936747226413e-05,-1.6094103827413164e-08,0.3314845943973655,0.33148449781307154,0.14685579700032989,5.269880715922295,189.75761576132516,12.212751890069663,81.88162741708625,1.7266681329870206,579.1500873245785
144.8603510787,0.04511949320537499,0.15360335122288568,0.2685553628648129,0.11495201164192723,4.99559834776e-08,0.40468302555,355.1116170383465,74.5734395779992,0.1735537190081614,0.17355314380437484,429.68505661634566,430.2309146899596,-0.1268756044663366,1.5867606686037643,0.17355371898051558,0.0157366902866878,0.12544596560546617,0.1735537003508118,0.015736681103739977,0.12544592900425258,0.1480691115072478,0.2754921488735873,0.1274230373663395,0.1999999999999998,0.2000006189584486,343.7477793358806,85.93727728046517,-5.979370443220944e-05,-1.6090273557978207e-08,0.3312321028316715,0.3312320061884914,0.14683988115534663,5.272196344982363,189.67427132180248,12.170949079030915,82.16286121210383,1.7419496857335033,574.0693937316096
145.3103510787,0.045181993205375005,0.15360992496220502,0.2685240550397362,0.11491413007753118,5.14171257496e-08,0.40460476645,355.6565980655393,74.68788559367519,0.17355371900809533,0.17355314459176885,430.3444836592145,430.89117944777985,-0.12687560447766089,1.5867606686032754,0.17355371898051958,0.01571280819790247,0.12535074071541208,0.1735536996037405,0.015712799018941497,0.1253507041022965,0.1480718983634608,0.2754810014487554,0.12740910308529463,0.2000000000000001,0.20000061740150593,344.27532123203935,86.0691624271752,-5.979373524089837e-05,-1.6087975396317233e-08,0.33098066755894434,0.3309805708843378,0.1468238235552854,5.275284834090974,189.5632238732599,12.12922260711344,82.44551463780776,1.757935352292764,568.8491324187565
145.7603510787,0.045244493205375005,0.15361650090564802,0.26849273695847664,0.11487623605282862,5.29199917363e-08,0.404526520983,356.1944663545481,74.80083793454628,0.17355371900843927,0.17355314539040684,430.99530428909435,431.542826859201,-0.1268756044658481,1.5867606686034852,0.17355371898055705,0.015689044107189267,0.1252559144599139,0.17355369889830757,0.015689034934751385,0.12525587784511905,0.14807471092860508,0.27546975118836586,0.12739504025976078,0.19999999999999993,0.2000006158593142,344.79597799880304,86.1993262902914,-5.979372201814215e-05,-1.6066381558488274e-08,0.3307302848554376,0.330730188176397,0.14680761782300356,5.27914154481508,189.4247372439089,12.087575004376511,82.7295797244636,1.774615750953598,563.5022677233904
146.2103510787,0.045306993205375,0.1536230799978586,0.2684614040952745,0.11483832409741593,5.44657239869e-08,0.404448277911,356.72522266426347,74.91229675943046,0.17355371900814023,0.17355314619753098,431.637519423694,432.1858578432525,-0.1268756044667585,1.5867606686031641,0.17355371898056882,0.01566539743222432,0.12516148541873542,0.17355369822962727,0.015665388268673055,0.12516144881181687,0.14807755029164044,0.2754583937362824,0.12738084344464196,0.20000000000000004,0.20000061433164942,345.3097503703659,86.32776905332805,-5.979374225750789e-05,-1.6059598095807814e-08,0.33048095097110763,0.33048085431286395,0.14679125768367618,5.283760190927755,189.25915708987046,12.046010371112406,83.01503727724698,1.791980252200274,558.0418638945129
146.6603510787,0.045369493205375,0.15362966317501942,0.2684300519676586,0.11480038879263921,5.60554940935e-08,0.404370026348,357.2488679198119,75.02226226336803,0.17355371900866126,0.17355314701411592,432.27113018317993,432.8202735214339,-0.12687560445957535,1.5867606686030533,0.1735537189806385,0.015641867581950537,0.1250674521286435,0.1735536975936224,0.015641858429510182,0.12506741553862133,0.14808041752444023,0.275446924805432,0.12736650728099175,0.20000000000000004,0.20000061281718728,345.81663924336584,86.45449093981414,-5.979374924081071e-05,-1.6019441329007122e-08,0.3302326620423805,0.3302325654287506,0.14677473696175547,5.289134072402386,189.06686544736962,12.004533363828774,83.30186352875077,1.810017544769947,552.4808325143058
147.1103510787,0.045431993205375,0.15363625136616002,0.268398676144845,0.11476242477868501,5.76905033015e-08,0.404291755774,357.7654032075469,75.13073467362726,0.17355371900834543,0.17355314783816317,432.8961378811742,433.44607520919607,-0.1268756044812469,1.5867606686028342,0.17355371898062613,0.015618453962731049,0.12497381310791092,0.1735536969889163,0.01561844482361973,0.1249737765438003,0.14808331367872113,0.2754353401882456,0.12735202650952449,0.20000000000000004,0.20000061131580624,346.31664566868784,86.57949221248639,-5.979376305198514e-05,-1.6026580063055462e-08,0.32998541415684945,0.3299853176116374,0.14675804959654082,5.295256209766265,188.84827483052806,11.963144421883278,83.5900633424416,1.82871621993986,546.8317003459872
147.5603510787,0.045494493205375006,0.15364284549108467,0.26836727224244694,0.11472442675136227,5.93719831596e-08,0.404213456022,358.27482976608735,75.23771425090561,0.17355371900831643,0.17355314867092705,433.512544016993,434.06326440753276,-0.12687560447932622,1.5867606686026665,0.17355371898064112,0.015595155988733629,0.12488056689787098,0.17355369641488044,0.015595146865183443,0.12488053036876262,0.14808623978890656,0.27542363574757905,0.1273373959586725,0.1999999999999999,0.20000060982719958,346.8097708458537,86.7027731711393,-5.97937736102061e-05,-1.601794252792388e-08,0.3297392034629978,0.329739107010207,0.14674118962841617,5.302119279328106,188.60382939682222,11.921843173293912,83.87964725455349,1.8480784512586708,541.102570250159
148.0103510787,0.045556993205375,0.1536494464593811,0.2683358359294964,0.11468638947011528,6.11011961241e-08,0.404135117282,358.77714898072014,75.34320128606161,0.1735537190084746,0.17355314951272252,434.12035026678166,434.67184279467864,-0.12687560444477608,1.5867606686031444,0.17355371898068195,0.015571973074683079,0.1247877120340103,0.17355369587157407,0.015571963969004888,0.12478767554933014,0.14808919691260647,0.275411807252984,0.1273226103403775,0.20000000000000015,0.20000060835113526,347.2960161158174,86.82433415096425,-5.9793743500957675e-05,-1.599441690203207e-08,0.32949402609387096,0.32949392975839,0.14672415096352387,5.3097069288522,188.33431174254474,11.880631262628265,84.17061163623534,1.8681102488003942,535.3003125175023
148.4603510787,0.045619493205375,0.1536560551493002,0.2683043630285594,0.11464830787925923,6.28794362376e-08,0.404056730102,359.2723623761232,75.44719609880396,0.1735537190079186,0.17355315036076815,434.71955847492717,435.27181221792256,-0.12687560450592716,1.58676066860187,0.17355371898064323,0.015548904635198719,0.1246952470433365,0.17355369535971055,0.015548895549689686,0.12469521061247575,0.14809218610196997,0.27539985049533694,0.12730766439336696,0.2,0.20000060688985818,347.7753829530506,86.94417552187663,-5.9793823803389046e-05,-1.6016732384827037e-08,0.3292498781601262,0.3292497819667519,0.14670692753887365,5.318023233584763,188.03979525413277,11.839511738259024,84.46294256954282,1.888793028614442,529.438633482022
148.9103510787,0.045681993205375,0.15366267247716617,0.2682728491709479,0.11461017669378173,6.47080297427e-08,0.40397828538,359.76047160958547,75.54969903803753,0.17355371900831112,0.1735531512175018,435.31017064762307,435.86317468552704,-0.12687560455250102,1.5867606686007572,0.17355371898069888,0.015525950080005051,0.12460317042517438,0.1735536948785717,0.015525941016888187,0.12460313405724668,0.14809520835441742,0.2753877614858255,0.12729255313140808,0.19999999999999993,0.20000060544215198,348.24787296297194,87.0622976846511,-5.979389394727974e-05,-1.5984658041645616e-08,0.3290067556993259,0.3290066596721224,0.1466895136084258,5.3270620970984295,187.72073269892704,11.798488083332604,84.75662245340335,1.9100905964606323,523.5353767266245
149.3603510787,0.045744493205375,0.15366929930281373,0.2682412902620286,0.11457199095921486,6.6588335758e-08,0.403899774362,360.24147846618337,75.6507104780976,0.17355371900864194,0.17355315208136107,435.892188944281,436.44593235876386,-0.12687560438247036,1.5867606686038755,0.173553718980752,0.0155031088170667,0.12451148066369905,0.17355369442801002,0.015503099778504968,0.12451144436759606,0.1480982646057089,0.27537553648092233,0.12727727187521343,0.20000000000000007,0.20000060400828343,348.713487872932,87.178701071349,-5.979369741559992e-05,-1.59540491928567e-08,0.3287646547090308,0.3287645588714759,0.14667190377985864,5.336814098932048,187.37770914675676,11.757561243221904,85.05165138531498,1.931992110202783,517.6004574340831
149.8103510787,0.045806993205375,0.1536759365117455,0.26820968205118306,0.11453374553943757,6.8521746938e-08,0.40382118864,360.7153848480768,75.75023081809427,0.17355371900826097,0.17355315294885615,436.46561566617106,437.02008754406,-0.1268756045070929,1.5867606686022633,0.17355371898063165,0.015480380259328845,0.12442017625501438,0.17355369400206092,0.015480371246919939,0.12442014003737473,0.1481013558172255,0.27536317163425633,0.12726181581703083,0.20000000000000018,0.20000060258744068,349.1722295242385,87.29338614193249,-5.9793799023211136e-05,-1.6023393722974788e-08,0.32852357121829867,0.3285234755879212,0.14665409251281017,5.34731123786258,187.0098738445078,11.716732737873759,85.34802511689539,1.954519127476571,511.634798525136
150.2603510787,0.045869493205375,0.15368258504484952,0.2681780200805865,0.11449543503573698,7.05096901959e-08,0.403742520142,361.18219277351915,75.84826048250406,0.17355371900838742,0.17355315382204572,437.03045325602324,437.5856426852584,-0.12687560447098845,1.5867606686027624,0.17355371898067973,0.01545776381574256,0.12432925567115151,0.1735536936047851,0.015457754831454895,0.12432921954011815,0.14810448299254309,0.2753506629332258,0.1272461799406827,0.2000000000000001,0.20000060118119978,349.62409987032635,87.40635338569687,-5.979376757059285e-05,-1.599569365851039e-08,0.3282835011926249,0.3282834057909258,0.14663607402673282,5.358539644468858,186.61800907495584,11.67600421377556,85.64573819014059,1.9776562281279535,505.64905354991777
150.7103510787,0.045931993205375,0.15368924575216822,0.2681463002769504,0.11445705452478219,7.25536272882e-08,0.403663761147,361.6419043664138,75.94479991709997,0.17355371900855354,0.1735531547020977,437.58670428351377,438.14260035599165,-0.1268756044324748,1.5867606686034548,0.17355371898071986,0.01543525889973054,0.12423871739409796,0.1735536932317089,0.01543524994517961,0.12423868135641013,0.14810764704273052,0.2753380067326777,0.1272303596899472,0.20000000000000018,0.20000059978529103,350.06910096874225,87.51760331477155,-5.979372393882798e-05,-1.597256771290745e-08,0.32804444062379384,0.3280443454685677,0.14661784307112333,5.370469242219396,186.20346843039377,11.635376287163258,85.94479244330509,2.001374427301526,499.6566291437582
151.1603510787,0.045994493205375,0.15369591949125969,0.2681145185436833,0.1144185990524236,7.46550555075e-08,0.403584904356,362.09452185183636,76.03984958888167,0.17355371900825697,0.17355315558836523,438.13437144071804,438.69096325217004,-0.12687560448607638,1.5867606686028886,0.1735537189806452,0.015412864924699368,0.12414855989780699,0.17355369288052255,0.015412856001283202,0.12414852395934155,0.1481108488774559,0.2753251993934038,0.12721435051594787,0.19999999999999987,0.20000059839844886,350.5072349736462,87.62713646707188,-5.979375962139599e-05,-1.6015588855111673e-08,0.32780638548237606,0.32780629058914035,0.14659939440394318,5.383096165083141,185.7666980735714,11.594850429382564,86.2451832466847,2.025668571844717,493.66417285594224
151.6103510787,0.046056993205375,0.15370260719016277,0.2680826709544818,0.11438006376431903,7.68155083834e-08,0.403505942941,362.5400475499585,76.13340998551918,0.173553719008317,0.17355315648246822,438.6734575354777,439.2307341845847,-0.12687560449100577,1.5867606686027895,0.1735537189806327,0.01539058130519726,0.12405878165288123,0.1735536926368689,0.015390572423897506,0.12405874585815184,0.14811408939050505,0.2753122373411426,0.12719814795063752,0.2,0.2000005970844946,350.9385041032625,87.73495343221524,-5.979376586084939e-05,-1.6022783100311244e-08,0.327569331730095,0.3275692372163852,0.14658072287629983,5.396416915719011,185.30814346221828,11.554428809876772,86.54690045302767,2.0505291480681347,487.67899785386135
152.0603510787,0.046119493205375,0.15370930960899867,0.2680507533790524,0.1143414437700537,7.90365564108e-08,0.403426870531,362.9784838697007,76.22548161269043,0.17355371900836472,0.17355315738263896,439.20396548239114,439.7619160716272,-0.12687560446802415,1.5867606686035893,0.17355371898064192,0.015368407453066519,0.12396938111108936,0.17355369241207716,0.015368398615374316,0.12396934546642696,0.14811736946009582,0.2752991170628255,0.12718174760272968,0.19999999999999998,0.20000059578009668,351.3629107169319,87.84105476545925,-5.979371545672407e-05,-1.6017476234253536e-08,0.3273332752789442,0.32733318116147675,0.14656182342775845,5.410428067147417,184.82825898233187,11.514114171454526,86.8499291486246,2.0759452495848745,481.7082725086172
152.5103510787,0.046181993205375,0.15371602757278777,0.26801876185074164,0.11430273427795387,8.13198077156e-08,0.403347681216,363.40983330270114,76.31606499353282,0.17355371900819974,0.17355315828854057,439.725898296234,440.28451193212163,-0.126875604466814,1.5867606686037956,0.17355371898059538,0.015346342779095454,0.12388035671201247,0.17355369219953276,0.015346333985735972,0.12388032122066835,0.1481206899438067,0.2752858351277512,0.12716514518394448,0.20000000000000004,0.20000059447982158,351.78045722881365,87.94544106742035,-5.9793702456012454e-05,-1.604429922252848e-08,0.3270982120087367,0.32709811829609636,0.14654269111658694,5.425121788150018,184.32765918440384,11.473907502995917,87.15426717000229,2.101907931546519,475.75823136279377
152.9603510787,0.046244493205375,0.15372276190668252,0.2679866924298963,0.11426393052321379,8.36669087513e-08,0.403268369534,363.83409841777024,76.4051606678376,0.17355371900846317,0.1735531592005765,440.23925908560784,440.79852487827606,-0.12687560440965973,1.5867606686048716,0.1735537189806322,0.015324386698113274,0.12379170690362612,0.17355369199751103,0.0153243779496028,0.123791671568013,0.14812405169030907,0.2752723881419244,0.12714833645161533,0.20000000000000004,0.20000059318203509,352.19114612646666,88.0481129591412,-5.979363464359011e-05,-1.6023071758297647e-08,0.3268641378214504,0.326864044520008,0.14652332105361718,5.440493981286205,183.80683876128225,11.433811529492733,87.45989886404622,2.128410450303873,469.8341900441384
153.4103510787,0.046306993205375,0.15372951343407373,0.2679545412203932,0.11422502778631946,8.60795450126e-08,0.403188930474,364.25128185514717,76.49276918952955,0.17355371900816816,0.17355316010935876,440.7440510446767,441.3039581087484,-0.12687560439548218,1.5867606686050966,0.17355371898066196,0.015302538617237106,0.1237034300948729,0.17355369181020058,0.01530252991392846,0.12370339491674616,0.14812745553443435,0.27525877276557337,0.12713131723113902,0.1999999999999999,0.20000059189618705,352.5949799610181,88.14907108365864,-5.9793620466042086e-05,-1.6005929914797434e-08,0.3266310485159995,0.32663095563038985,0.14650370842811594,5.45653978912982,183.26632603177163,11.393830272596173,87.7667980016471,2.1554470929424707,463.9408702140156
153.8603510787,0.04636949320537499,0.15373628296436037,0.2679223043498187,0.1141860213854583,8.85594417242e-08,0.403109359467,364.66138632027526,76.57889112741609,0.17355371900856092,0.1735531610234189,441.2402774476913,441.80081490182863,-0.12687560439693657,1.5867606686053366,0.17355371898064878,0.015280797942678153,0.12361552468310019,0.1735536916345978,0.015280789284875564,0.12361548966402051,0.1481309023052052,0.2752449856824237,0.12711408337721852,0.1999999999999999,0.20000059061344333,352.99196135571344,88.24831609197786,-5.979360534480449e-05,-1.601352384028587e-08,0.32639893986068147,0.32639884739502545,0.14648384846312185,5.473267730845468,182.7062093754964,11.353963050910991,88.0749739554388,2.1830111216461936,458.08287007072454
154.3103510787,0.046431993205375006,0.1537430713322225,0.2678899778254315,0.114146906493209,9.11083645641e-08,0.403029652378,365.06441457965076,76.66352706185994,0.1735537190085138,0.17355316194184914,441.72794164151077,442.2890986087386,-0.12687560443904733,1.586760668605013,0.17355371898059155,0.015259164090944386,0.12352798909941175,0.173553691467436,0.01525915547894599,0.12352795424091662,0.1481343928147962,0.27523102364377244,0.12709663082897624,0.20000000000000004,0.200000589333194,353.38209298826985,88.34584865324086,-5.979362572849922e-05,-1.6046508566347484e-08,0.3261678077129254,0.3261677156712827,0.14646373647895697,5.490684179210444,182.12666534096653,11.314208595268282,88.38444081879578,2.2110935856571614,452.26489122249836
154.7603510787,0.046494493205375007,0.15374987936316295,0.2678575577138619,0.11410767835069893,9.37281203775e-08,0.402949805504,365.4603694543931,76.74667758532793,0.1735537190080876,0.1735531628642286,442.20704703972103,442.7688126470478,-0.12687560444203383,1.5867606686053861,0.17355371898053482,0.015237636479822857,0.1234408217723086,0.17355369130830547,0.015237627913832649,0.12344078707555557,0.1481379278625209,0.2752168834525893,0.12707895559006843,0.19999999999999993,0.20000058805599513,353.76537758927174,88.44166945044931,-5.979360222507779e-05,-1.607919353219245e-08,0.3259376479232882,0.32593755630871524,0.14644336787031084,5.5087751121408415,181.52855755467138,11.274567750700632,88.69519631365533,2.239687748135333,446.49081142340344
155.2103510787,0.046556993205375,0.1537567078580035,0.2678250402025722,0.1140683323445687,9.6420557888e-08,0.402869815563,365.84925381393845,76.82834330100007,0.17355371900840072,0.17355316379261923,442.6775971149386,443.23996049420697,-0.12687560450131974,1.586760668604981,0.17355371898044283,0.015216214529256932,0.12335402113128267,0.17355369115748945,0.015216206009534036,0.12335398659765333,0.14814150823775324,0.2752025619512016,0.12706105371344834,0.19999999999999998,0.20000058678022978,354.14181793748867,88.53577917744987,-5.979362774910513e-05,-1.6132195579388053e-08,0.325708456344943,0.32570836516108775,0.146422738088682,5.527526101531368,180.91275945724723,11.235041379425939,89.0072378221268,2.268786438458416,440.76427073474355
155.6603510787,0.046619493205375,0.15376355760351887,0.2677924215390908,0.1140288639355719,9.91875684156e-08,0.402789679689,366.23107057398727,76.90852482029275,0.17355371900780833,0.1735531647240413,443.13959539428004,443.70254568119867,-0.12687560447830482,1.5867606686059106,0.1735537189803876,0.015194897660377297,0.12326758560293657,0.17355369101377272,0.015194889187006441,0.12326755123310612,0.14814513471567622,0.2751880560392326,0.12704292132355635,0.2000000000000001,0.20000058550705266,354.51141685406554,88.62817854021442,-5.979356916263612e-05,-1.616401457127381e-08,0.32548022882343397,0.32548013807207926,0.14640184266794934,5.546928254262032,180.2799593147146,11.195630540584645,89.32056094339276,2.2983810677762597,435.08886059852756
156.1103510787,0.04668199320537499,0.15377042937514798,0.2677596980259742,0.11398926865082623,1.02031086595e-07,0.402709395419,366.60582268673807,76.9872227642064,0.17355371900824845,0.17355316566053663,443.5930454509445,444.1565717863032,-0.1268756044951247,1.5867606686059406,0.17355371898033953,0.015173685295695332,0.12318151361180513,0.17355369087652936,0.01517367686868885,0.12318147940615444,0.14814880805699698,0.2751733626737101,0.12702455461671314,0.19999999999999984,0.2000005842359983,354.8741771977298,88.71886825321465,-5.9793567275256976e-05,-1.6191714635738208e-08,0.32525296119884534,0.3252528708809969,0.14638067722482528,5.566976144396959,179.6307320279212,11.156336246773517,89.63516138994164,2.3284642201594004,429.4676256316031
156.5603510787,0.04674449320537501,0.1537773239443575,0.2677268659864106,0.1139495420420531,1.04863446486e-07,0.402628960689,366.9735131406854,77.06443775943603,0.17355371900806363,0.17355316660123804,444.0379509001214,444.60204242898584,-0.12687560448051416,1.5867606686068108,0.17355371898030053,0.015152576859064314,0.1230958035802371,0.17355369074502172,0.01515256847832962,0.12309576953871981,0.14815252901187043,0.2751584788540202,0.1270059498421498,0.2,0.2000005829652791,355.2301018613892,88.80784903873226,-5.979351244134179e-05,-1.621418554975662e-08,0.32502664930548936,0.3250265594210247,0.14635923743699517,5.58766726923889,178.965559654058,11.117159464098675,89.95103499498782,2.3590299792564995,423.90304862304976
157.0103510787,0.046806993205375,0.15378424207875208,0.26769392176441925,0.11390967968566718,1.07726805334e-07,0.402548373823,367.3341449513805,77.1401704397327,0.1735537190081581,0.17355316754666728,444.47431539111324,445.0389612638959,-0.12687560459405667,1.5867606686054163,0.17355371898017052,0.015131571775870847,0.12301045392921224,0.17355369061922774,0.015131563441316522,0.12301042005178472,0.1481562983207247,0.275143401617953,0.1269871032972283,0.2000000000000001,0.20000058169541063,355.57919376422115,88.89512162689205,-5.979360031549419e-05,-1.628909229722808e-08,0.32480128897406324,0.32480119952286723,0.14633751903760944,5.608993433281335,178.28510799574724,11.078101330341534,90.26817594285089,2.390068637481721,418.39802603060093
157.4603510787,0.046869493205375,0.15379118452798374,0.26766086179174214,0.1138696772637584,1.10662844228e-07,0.40246763352,367.6877211611332,77.2144214436432,0.17355371900790265,0.17355316849545654,444.90214260477643,445.4673319749885,-0.1268756044817576,1.5867606686075968,0.17355371898022157,0.01511066947217075,0.12292546307486805,0.17355369049933844,0.015110661183704126,0.12292542936147965,0.14816011670172877,0.275128128094193,0.12696801139246425,0.19999999999999993,0.2000005804272495,355.9214558504942,88.98068675428222,-5.979346290319043e-05,-1.625968248930576e-08,0.3245768760224788,0.32457678700441767,0.1463155178902147,5.630947775660639,177.5899972509827,11.039162871764308,90.58657903832317,2.421571450856417,412.9549841060186
157.9103510787,0.046931993205375,0.15379815204010028,0.26762768250415003,0.11382953046404976,1.13673216476e-07,0.402386738848,368.0342448284957,77.28719141381036,0.17355371900794206,0.17355316944782245,445.321436242306,445.8871582697585,-0.12687560450221902,1.586760668607617,0.17355371898017805,0.015089869375952702,0.12284082943367283,0.1735536903850642,0.015089861133477534,0.12284079588425637,0.14816398486592794,0.2751126554371777,0.12694867057124978,0.2000000000000001,0.20000057916115455,356.25689108096765,89.06454516133836,-5.979346162643395e-05,-1.6284762427432042e-08,0.3243534062695211,0.32435331768441744,0.1462932298962438,5.653528386442725,176.8806896588722,11.000344850213384,90.90624099667221,2.453533321853383,407.575471298106
158.3603510787,0.046994493205375,0.15380514535759424,0.26759438036701527,0.11378923500942104,1.16759606861e-07,0.402305689233,368.3737190295054,77.35848099622562,0.17355371900831912,0.17355317040303575,445.73220002573106,446.298443873596,-0.12687560434903045,1.586760668610591,0.1735537189802207,0.015069170916849662,0.12275655142129752,0.17355369027659112,0.015069162720252015,0.1227565180357117,0.14816790351376094,0.2750969808460611,0.12692907733230016,0.19999999999999996,0.20000057789776896,356.58550243294087,89.14669759279016,-5.9793274198582935e-05,-1.626018208966684e-08,0.3241308755318699,0.3241307873793507,0.14627065102088282,5.676730664294633,176.15773217668692,10.961648421730521,91.22715503423613,2.4859478686192182,402.2610500498688
158.8103510787,0.047056993205375,0.15381216523534344,0.26756095190206963,0.11374878666672619,1.19923732054e-07,0.402224484449,368.7061468481166,77.42829083815441,0.17355371900835698,0.17355317136385578,446.134437686271,446.7011925242553,-0.1268756044239816,1.5867606686095477,0.173553718980132,0.01504857352491432,0.12267262744766788,0.17355369019404226,0.015048565376210046,0.12267259423445012,0.1481718733345989,0.2750811015622629,0.12690922822766398,0.19999999999999993,0.20000057664889317,356.9072928860871,89.22714480018391,-5.9793339957092684e-05,-1.6311296757720584e-08,0.3239092796110353,0.3239091919136429,0.14624777729077829,5.700586724191931,175.42053974132847,10.923076743303275,91.54929728138003,2.5188338733279614,397.00911226780073
159.2603510787,0.047119493205375,0.15381921253145314,0.2675273932475618,0.11370818071610866,1.23167340997e-07,0.40214312455,369.0315313756217,77.49662158877754,0.17355371900807381,0.1735531723359564,446.5281529643992,447.0954079664433,-0.1268756046106878,1.586760668607067,0.17355371897998595,0.015028076624304904,0.12258905589123731,0.17355369017637615,0.015028068529254143,0.12258902287421228,0.14817589508685694,0.2750650145525021,0.12688911946564516,0.19999999999999993,0.20000057543651714,357.22226542291423,89.30588754148499,-5.979349628759678e-05,-1.6395440560756924e-08,0.32368861422542633,0.32368852704606843,0.14622460433645187,5.725049034001723,174.67099304493033,10.884632647830008,91.87264580760683,2.5521537473274214,391.82592390728246
159.7103510787,0.047181993205375,0.15382628779983962,0.26749370141393025,0.11366741361409063,1.26492215288e-07,0.402061609607,369.3498757056247,77.56347389816884,0.17355371900824165,0.17355317331176473,446.91334960379356,447.4810939465232,-0.12687560444676338,1.5867606686098241,0.1735537189800934,0.015007679640838309,0.12250583512975334,0.17355369016261324,0.015007671599180924,0.12250580230822099,0.14817996933966116,0.27504871754182253,0.12686874820216137,0.19999999999999984,0.2000005742250388,357.53042305419933,89.38292654959423,-5.97933225265912e-05,-1.6333534524903826e-08,0.32346887509158856,0.32346878842841664,0.14620112888043724,5.750071348497693,173.91088551644972,10.8463144073525,92.19721671742431,2.5858714546718153,386.71682546065097
160.1603510787,0.047244493205375,0.15383339174674754,0.26745987305845803,0.11362648131171049,1.29900169559e-07,0.401979939887,369.66118292569433,77.6288484145512,0.17355371900855157,0.17355317429098918,447.2900313402456,447.85825420733545,-0.12687560444667456,1.586760668609418,0.17355371898014224,0.014987382011558682,0.12242296357938195,0.1735536901562507,0.014987374023297365,0.12242293095371212,0.14818409673521438,0.2750322079598522,0.12684811122463785,0.19999999999999998,0.20000057301656426,357.83176876759944,89.4582625726461,-5.9793348128334145e-05,-1.6305390371229578e-08,0.32325005802750884,0.3232499718814995,0.14617734722062445,5.775696843244299,173.13928122278045,10.808121251315574,92.52301827001423,2.620014833359716,381.67722841388377
160.6103510787,0.047306993205375,0.15384052509608376,0.26742590476119,0.11358537966510623,1.33393052005e-07,0.401898115817,369.96545611889593,77.69274578506796,0.17355371900844874,0.17355317527305528,447.65820190396386,448.22689248313543,-0.126875604455845,1.586760668608938,0.17355371898020217,0.014967183171506006,0.12234043964080726,0.1735536901619494,0.0149671752370755,0.1223404072131342,0.14818827792921094,0.2750154831841673,0.12682720525495636,0.20000000000000004,0.2000005718142259,358.1263055458429,89.53189635812096,-5.9793378381911566e-05,-1.6270862435163735e-08,0.3230321588102951,0.3230320731870837,0.14615325557937248,5.801932865928444,172.35635487484683,10.770055109531986,92.85003556898745,2.654587315827681,376.7063882350418
161.0603510787,0.047369493205375,0.15384768858814443,0.2673917931229534,0.11354410453480898,1.36972744719e-07,0.401816138022,370.26269835614016,77.75516665470958,0.17355371900811717,0.1735531762504532,448.01786501084973,448.5870124946469,-0.12687560449690105,1.5867606686084683,0.17355371898012936,0.01494708255677062,0.12225826171171672,0.17355369020160683,0.014947074678358575,0.1222582294913458,0.1481925135733497,0.27499854060724693,0.12680602703389723,0.20000000000000007,0.20000057063679696,358.41403635320034,89.60382865764942,-5.97934079804574e-05,-1.6312806661034074e-08,0.322815173209143,0.3228150881332997,0.14612885020081864,5.828764225405786,171.56295251080982,10.732118823145944,93.17824527280685,2.689572331311394,371.80632339135326
161.5103510787,0.047431993205375,0.1538548828609975,0.2673575348675743,0.1135026520065768,1.40641163816e-07,0.401734007331,370.5529126934492,77.81611166549277,0.17355371900802197,0.17355317722677094,448.36902435894194,448.938617944232,-0.12687560448648716,1.5867606686083633,0.17355371898018382,0.014927079598041983,0.1221764281604352,0.1735536902340122,0.014927071773371929,0.12217639613841919,0.14819680426940193,0.27498137782331117,0.12678457355390924,0.2,0.20000056945224173,358.69496416240753,89.67406019653443,-5.979341459738663e-05,-1.6281431758358167e-08,0.3225990969157179,0.3225990123636181,0.1461041276191182,5.85618329456849,170.75968249277355,10.694311886449972,93.50765253695577,2.7249590302549342,366.97799449353363
161.9603510787,0.047494493205375,0.15386210857320412,0.2673231266363021,0.11346101806309797,1.44400260065e-07,0.401651724815,370.83610216726396,77.87558145514319,0.1735537190082972,0.17355317820322494,448.7116836224072,449.2817125111769,-0.12687560452521174,1.5867606686080986,0.17355371898008845,0.014907173739546677,0.12209493740342667,0.1735536902205224,0.014907165963481631,0.12209490555908396,0.1482011506329596,0.2749639923686028,0.1267628417356432,0.20000000000000012,0.20000056823643972,358.9690919235962,89.742591698811,-5.979343127293646e-05,-1.6336387798077112e-08,0.32238392574879354,0.32238384166582884,0.14607908428568786,5.884196880941767,169.94672684030752,10.656632293670745,93.83827577441387,2.7607524094204168,362.2200949957467
162.4103510787,0.047556993205375,0.1538693664674982,0.26728856517495053,0.11341919870745235,1.48252019605e-07,0.401569291762,371.1122697925069,77.93357665644002,0.17355371900828948,0.17355317918333596,449.04584644894686,449.61629984709367,-0.12687560445223678,1.5867606686096065,0.173553718980143,0.014887364425657537,0.12201378785062587,0.17355369021011707,0.01488735669452719,0.12201375616924179,0.1482055532800815,0.2749463817803892,0.1267408285003077,0.2000000000000001,0.20000056700529267,359.23642254778593,89.80942390116097,-5.979333624894778e-05,-1.6304957384249974e-08,0.3221696555099037,0.32216957185722084,0.14605371665258698,5.912793521329331,169.12479632388334,10.619080132798912,94.17011525426979,2.796942685687906,357.5332469689313
162.8603510787,0.047619493205374994,0.15387665723862726,0.26725384733756563,0.11337719009893837,1.52198463732e-07,0.401486709724,371.38141855590226,77.99009789668325,0.17355371900816108,0.17355318016857949,449.37151645258547,449.94238357143723,-0.12687560445416857,1.5867606686096922,0.1735537189800993,0.01486765110638662,0.12193297792798559,0.17355369023099312,0.014867643418226578,0.12193294640180963,0.14821001279377086,0.2749285437254129,0.12671853093164206,0.2,0.20000056577279915,359.4969589198877,89.8745575326978,-5.979333084216165e-05,-1.6330137242448473e-08,0.3219562820428765,0.32195619880001086,0.1460280213591723,5.941951075008939,168.29488957017298,10.581654220931815,94.50318250069793,2.83350989479558,352.9191840256989
163.3103510787,0.047681993205375,0.153883981500286,0.2672189700686818,0.11333498856839577,1.56241649251e-07,0.401403980529,371.64355141460874,78.04514579726875,0.17355371900863373,0.17355318115767532,449.68869721187747,450.25996726713663,-0.12687560449277102,1.5867606686090903,0.1735537189801216,0.014848033236571929,0.12185250607423685,0.17355369026013226,0.014848025591025243,0.12185247470209722,0.1482145297250793,0.2749104760002918,0.12669594627521247,0.2,0.20000056454188744,359.75070390139615,89.93799331048137,-5.97933687784824e-05,-1.631729196205356e-08,0.3217438012252806,0.3217437183891381,0.1460019952312868,5.971671192589786,167.45731098538957,10.544355303270097,94.83747192110192,2.8704554253964942,348.37677364799026
163.7603510787,0.047744493205375,0.15389133987846568,0.26718393014398023,0.11329259026551455,1.60383669199e-07,0.401321106287,371.89867129339774,78.09872097162231,0.1735537190082806,0.17355318214447968,449.9973922650201,450.5690544763437,-0.12687560444825108,1.5867606686096551,0.17355371898014837,0.014828510269466019,0.12177237071464947,0.17355369025512712,0.014828502671472826,0.12177233951712033,0.1482191046599755,0.27489217626084034,0.12667307160086483,0.1999999999999999,0.2000005633294759,359.9976603152209,89.99973194979917,-5.9793333184732234e-05,-1.630185986201127e-08,0.3215322088991409,0.32153212652404634,0.1459756348922767,6.001976139422988,166.61179197825618,10.507184432519514,95.17297487469823,2.9077888609005926,343.9039241969868
164.2103510787,0.047806993205375,0.15389873310103946,0.2671487243207821,0.11324999121974266,1.64626653417e-07,0.401238089416,372.14678107781344,78.15082402637998,0.17355371900833633,0.17355318313469575,450.29760510419334,450.86964869629463,-0.12687560445804325,1.5867606686090376,0.17355371898019425,0.014809081661972336,0.12169257028254575,0.17355369025488715,0.014809074111223435,0.12169253925867204,0.14822373817806817,0.274873642188699,0.1266499040106308,0.20000000000000004,0.20000056211803896,360.237830962948,90.0597741412454,-5.979337209804925e-05,-1.6275425451794945e-08,0.32132150092774453,0.32132141901117606,0.14594893700257847,6.03288088749598,165.75828673704547,10.470141295038221,95.50969483801502,2.9455116161882176,339.49959474072574
164.6603510787,0.047869493205374994,0.15390616183918696,0.2671133492225238,0.11320718738333682,1.68972768405e-07,0.40115493267,372.3878836146399,78.20145555902634,0.17355371900817634,0.17355318412774898,450.58933917366625,451.1617533752858,-0.12687560444499812,1.5867606686089968,0.17355371898022137,0.01478974687444709,0.12161310321855573,0.17355369022802067,0.014789739365452814,0.1216130723460797,0.14822843086813617,0.2748548714285624,0.12662644056042624,0.19999999999999996,0.20000056087558818,360.47121861437233,90.11812055929389,-5.9793374673766664e-05,-1.6259793511608223e-08,0.32111167319367406,0.32111159167686154,0.14592189816948561,6.064476007815121,164.8947079205735,10.43322304583029,95.84765854302874,2.9836785443075295,335.1567486745078
165.1103510787,0.047931993205374994,0.15391362702234718,0.2670778005418313,0.1131641735194841,1.73424217772e-07,0.401071639484,372.62198170599754,78.25061615821198,0.17355371900817737,0.17355318512527818,450.8725978642096,451.4453719087651,-0.12687560449091695,1.586760668608266,0.17355371898019553,0.0147705053801909,0.12153396800973339,0.17355369019514064,0.014770497908846214,0.12153393727204848,0.1482331834816316,0.2748358609744522,0.1266026774928206,0.19999999999999993,0.2000005596137011,360.6978259768845,90.17477188732514,-5.9793420725817725e-05,-1.6274681602368446e-08,0.3209027217020917,0.3209026405411866,0.14589451406300674,6.096685456930857,164.02355133200717,10.396431769708672,96.18684777152363,3.0222440116901508,330.8799673791935
165.5603510787,0.04799449320537501,0.15392112917909984,0.26704207585139855,0.11312094667229872,1.77983242792e-07,0.400988212713,372.84907810819897,78.29830640275915,0.1735537190083329,0.17355318612602139,451.14738451095815,451.72050763553614,-0.12687560447010027,1.5867606686089413,0.17355371898022195,0.01475135663767553,0.1214551630754145,0.17355369017182024,0.01475134920490074,0.12145513247656824,0.14823799646121807,0.27481660905623634,0.12657861259501826,0.20000000000000007,0.2000005583567701,360.91765570757,90.22972880338808,-5.979337817096919e-05,-1.6259460444700835e-08,0.32069464227935407,0.3206945614850436,0.14586678213315837,6.129265181488473,163.15169443478916,10.359774799215542,96.52719478764361,3.061056388687971,326.68460590777283
166.0103510787,0.048056993205375,0.1539286686124161,0.2670061736834406,0.11307750507102449,1.82652122739e-07,0.400904654993,373.0691755270091,78.34452686069753,0.17355371900831132,0.17355318713032145,451.4137023877067,451.9871638340775,-0.1268756044986441,1.5867606686086357,0.17355371898015978,0.0147323000989584,0.12137668680170176,0.17355369015367375,0.014732292703646666,0.12137665633739737,0.14824287007664574,0.27479711459421596,0.12655424451757022,0.1999999999999999,0.2000005570979997,361.13071042849475,90.28299195921197,-5.979339742223644e-05,-1.629528734170549e-08,0.3204874306640677,0.3204873502250065,0.14583870082486114,6.162259058701717,162.27815002160636,10.323251334182112,96.86870614966266,3.1001383286126143,322.5662515670789
166.4603510787,0.048119493205375,0.15393624592921445,0.26697009107990866,0.1130338451506942,1.87433174859e-07,0.400820969816,373.28227661604916,78.38927808934312,0.17355371900821467,0.173553188136813,451.6715547053923,452.24534371897283,-0.12687560448098045,1.586760668609254,0.17355371898010385,0.014713335231323305,0.12129853763060504,0.17355369012891597,0.014713327873374676,0.12129850730068642,0.14824780484073113,0.27477737553759385,0.12652957069686271,0.20000000000000004,0.20000055583853948,361.33699270785655,90.33456199753576,-5.9793358464510504e-05,-1.632750601388011e-08,0.3202810827424587,0.3202810026582346,0.14581026718385537,6.195796134370818,161.39975853184683,10.286863571202778,97.21136020501109,3.1395649847389935,318.5154646777074
166.9103510787,0.048181993205375,0.15394386170624352,0.2669338250349676,0.11298996332872407,1.92328755072e-07,0.400737160879,373.48838397268884,78.43256063422561,0.17355371900819308,0.17355318914503198,451.9209446069144,452.49505043745705,-0.12687560449281543,1.5867606686088247,0.17355371898017058,0.014694461484593878,0.12122071392544212,0.17355369005254329,0.014694454159303913,0.12122068371075917,0.14825280125967313,0.27475738986215925,0.12650458860248612,0.20000000000000012,0.20000055454564714,361.5365050747389,90.38443953217556,-5.9793385520645614e-05,-1.6289058990537342e-08,0.3200755941929717,0.32007551441302007,0.14578147829414523,6.229875459528585,160.51685246299772,10.250615556782199,97.555117003521,3.1793326989843567,314.5314110471835
167.3603510787,0.048244493205374994,0.1539515165962746,0.2668973726642295,0.11294585606795493,1.97341258278e-07,0.4006532321,373.68750013664595,78.4743750287568,0.17355371900837624,0.1735531901574157,452.1618751654027,452.7362870660732,-0.1268756044259134,1.5867606686100357,0.17355371898018732,0.014675678316997048,0.1211432140773764,0.17355368996345277,0.014675671021518424,0.12114318396640573,0.14825785983270967,0.27473715557009737,0.1264792957373877,0.19999999999999987,0.2000005532362615,361.72924997997677,90.43262518542596,-5.979330919281267e-05,-1.6279422254683595e-08,0.31987096076757576,0.31987088126146984,0.1457523312781747,6.2644987980569,159.62968981815055,10.21450162911818,97.90002844087168,3.2194421010007774,310.61282316248077
167.8103510787,0.048306993205375,0.1539592112291904,0.26686073100465896,0.11290151977546856,2.02473118308e-07,0.400569187647,373.8796275856927,78.5147217931224,0.1735537190084964,0.17355319117375506,452.39434937881504,452.9690566074433,-0.12687560446901225,1.5867606686093394,0.17355371898018138,0.014656985204955699,0.12106603654599295,0.17355368986793454,0.014656977938536795,0.12106600653584307,0.1482629810661785,0.2747166706361925,0.126453689570014,0.20000000000000004,0.20000055192236957,361.91522981649075,90.47911956232429,-5.9793353079928835e-05,-1.628284174159944e-08,0.31966717839890324,0.31966709915900815,0.14572282321862978,6.299677609838383,158.73828185084773,10.178518566092402,98.24612427699353,3.2598969702417984,306.7581611101735
168.2603510787,0.048369493205375,0.1539669462334121,0.26682389700055753,0.11285695076714544,2.07726808589e-07,0.400485032061,374.0647687352461,78.55360143443292,0.17355371900832148,0.17355319219316476,452.61837016967905,453.19336198714933,-0.12687560447687263,1.5867606686091478,0.17355371898016766,0.014638381624202283,0.1209891797815089,0.17355368975498925,0.01463837438530318,0.12098914986602385,0.14826816546966468,0.27469593302217965,0.12642776755251497,0.19999999999999998,0.20000055059768512,362.09444692511636,90.52392324456267,-5.979336515915534e-05,-1.6290746529534772e-08,0.3194642429948508,0.31946416400491223,0.14569295117941666,6.335466780086557,157.84156632991414,10.142664734889442,98.59341959318941,3.3007260490798243,302.9636465221886
168.7103510787,0.048431993205375,0.15397472235816,0.2667868670493596,0.1128121446911996,2.13104842317e-07,0.400400770709,374.24292593412775,78.59101444627673,0.17355371900846503,0.17355319321628987,452.83394038040444,453.40920605072944,-0.1268756043432906,1.586760668610955,0.17355371898032793,0.014619867062713121,0.12091264227827098,0.17355368961863904,0.014619859849181599,0.12091261244874994,0.1482734136386649,0.27467494034698037,0.12640152670831548,0.19999999999999993,0.20000054925785649,362.26690358172414,90.56703679868033,-5.9793251261375246e-05,-1.619839817834645e-08,0.31926215057983676,0.31926207181688065,0.1456627117303868,6.37216541150209,156.93252378460673,10.106931122169973,98.94200206890284,3.3421067186427647,299.21246811834357
169.1603510787,0.048494493205375,0.15398254100772094,0.2667496346713718,0.11276709366365087,2.18609772649e-07,0.400316412358,374.41410146142215,78.62696130687841,0.17355371900822758,0.17355319424247653,453.04106276830055,453.61659156078264,-0.12687560446187351,1.5867606686087157,0.17355371898025462,0.01460144103465114,0.1208364226326282,0.17355368949479694,0.01460143384698346,0.12083639289131176,0.14827872664084724,0.27465368833788545,0.1263749616970382,0.19999999999999987,0.20000054792271646,362.4326019831506,90.6084607851499,-5.9793392381823907e-05,-1.624064216443344e-08,0.31906089744760974,0.3190608189175523,0.14563209871739113,6.409158812267885,156.0267157190554,10.071331938483743,99.29173282223799,3.3836716864250573,295.53694704243827
169.6103510787,0.048556993205375,0.15399040148794788,0.26671220350385433,0.11272180201590645,2.24244193209e-07,0.400231954709,374.57829752759477,78.6614424808825,0.1735537190084242,0.17355319527258492,453.23974000847727,453.8155211941872,-0.12687560447355306,1.5867606686087177,0.17355371898026886,0.014583102981522083,0.12076051913403686,0.17355368944113989,0.014583095824272776,0.1207604894999717,0.14828410390934965,0.274632179263946,0.12634807535459636,0.2,0.20000054662610364,362.5915442541087,90.64819575436854,-5.9793392259699374e-05,-1.623243761628146e-08,0.3188604790815878,0.31886040083472056,0.14560111540848197,6.445920299668723,155.1368855819383,10.035880534179134,99.64247746815104,3.425105567956163,291.96180385082914
170.0603510787,0.048619493205375,0.15399830386109484,0.26667457315780124,0.1126762692967064,2.30010738093e-07,0.400147400548,374.7355162690402,78.69445841668309,0.17355371900860103,0.17355319630526417,453.4299746857232,454.00599753942913,-0.12687560446950075,1.5867606686081002,0.17355371898033217,0.014564852374310096,0.120684930187286,0.1735536894415528,0.014564845249198412,0.12068490066780688,0.14828954551439663,0.2746104128440737,0.1263208673296771,0.19999999999999993,0.2000005453529637,362.74373246919805,90.68624221652517,-5.979343117301639e-05,-1.6195955687692276e-08,0.3186608912697178,0.3186608133254077,0.14556976139881314,6.4829800104924065,154.25005142412067,10.000565117476148,99.99434914457824,3.466721500949174,288.4569757698172
170.5103510787,0.048681993205375,0.15400624858621342,0.2666367409558781,0.11263049236966466,2.35912082307e-07,0.400062755317,374.8857597472124,78.72600954705119,0.17355371900851332,0.17355319734057353,453.6117692942636,454.1880230940412,-0.12687560448029211,1.5867606686078486,0.1735537189803393,0.014546688703164844,0.12060965427014889,0.17355368941072877,0.014546681608346861,0.12060962485783157,0.14829505187688752,0.27458838739414676,0.12629333551725924,0.19999999999999998,0.2000005440643054,362.88916864143874,90.72260065282491,-5.979344702700118e-05,-1.6191847862501163e-08,0.31846212999265666,0.3184620523313005,0.14553803426259831,6.52052450349671,153.36189588180181,9.965380417543903,100.34739850367528,3.5086276824127762,285.0117169777132
170.9603510787,0.048744493205375,0.15401423622934973,0.2665987043962441,0.11258446816689438,2.41950941915e-07,0.39997802449,375.0290299463164,78.75609628887362,0.17355371900853248,0.1735531983783267,453.78512623519015,454.3616002621543,-0.12687560450345137,1.5867606686072546,0.17355371898038952,0.014528611463703864,0.12053468987683116,0.17355368938231197,0.014528604400221665,0.12053466057620797,0.14830062340731345,0.274566101272694,0.12626547786538053,0.19999999999999996,0.20000054278256527,363.02785468149716,90.75727155369292,-5.979348446372157e-05,-1.616291545047943e-08,0.3182641912744501,0.3182641139080152,0.14550593163519526,6.558538848366873,152.47298569391072,9.930326424989024,100.70162421686005,3.5508125503138612,281.6256802718602
171.4103510787,0.048806993205375,0.15402226730289553,0.2665604610792594,0.11253819377636387,2.4813007435e-07,0.399893213498,375.16532877225166,78.78471904205279,0.17355371900804586,0.1735531994182215,453.95004781430447,454.52673135215656,-0.12687560446369428,1.586760668607829,0.17355371898037436,0.014510620151444935,0.12046003549495134,0.17355368936323162,0.014510613119471973,0.12046000630695639,0.148306260488278,0.27454355294875965,0.12623729246048165,0.20000000000000004,0.2000005415047592,363.15979243533224,90.79025537897223,-5.9793448259348736e-05,-1.6171641803452985e-08,0.31806707112175087,0.31806699405270367,0.1454734513114547,6.597008739707283,151.58385253926028,9.895403932084974,101.05701665776252,3.593265700525291,278.2983734973488
171.8603510787,0.048869493205374995,0.15403034229248522,0.2665220086379836,0.11249166634549837,2.54452278506e-07,0.399808327633,375.2946580484236,78.81187819037761,0.1735537190086442,0.17355320046206257,454.10653623880125,454.68341857446643,-0.1268756044532804,1.586760668607727,0.17355371898043725,0.014492714264420697,0.12038568961641868,0.17355368934422605,0.014492707261142473,0.12038566052957667,0.14831196349569284,0.27452074091941436,0.12620877742372152,0.20000000000000004,0.20000054021354693,363.2849836765384,90.82155256226288,-5.979345469864228e-05,-1.613540412392922e-08,0.3178707655525412,0.31787068875058183,0.1454405911262359,6.635894070704745,150.69559419501073,9.86061442316454,101.41355873836844,3.6359635055731556,275.0302632210729
172.3103510787,0.048931993205375,0.15403846158509943,0.2664833451250152,0.11244488353991577,2.6092039498e-07,0.399723371776,375.4170195175829,78.8375740987368,0.1735537190083452,0.17355320150710815,454.25459361631965,454.8316640394107,-0.12687560447440793,1.5867606686072517,0.17355371898043073,0.014474893298039707,0.12031165071612851,0.17355368930691187,0.014474886324005575,0.12031162173292144,0.14831773273580554,0.2744976639589314,0.12617993122312585,0.1999999999999999,0.20000053892186334,363.40343008532375,90.85116353099596,-5.979348464135725e-05,-1.61391677799827e-08,0.317675270539879,0.3176751940115612,0.14540734931412092,6.675118575347817,149.81007284172378,9.825965420229622,101.77117028533479,3.6789608873844117,271.8158824218864
172.7603510787,0.048994493205375,0.15404662556427912,0.26644446915614683,0.11239784359186772,2.67537306141e-07,0.399638349512,375.5324148369305,78.86180711574004,0.17355371900823652,0.1735532025538897,454.3942219526705,454.97146975521656,-0.1268756044981556,1.5867606686068385,0.17355371898042024,0.014457156728389313,0.1202379171825149,0.173553689328154,0.014457149789399739,0.12023788832726454,0.14832356875590993,0.27447431987846155,0.1261507511225516,0.19999999999999998,0.20000053767395964,363.5151332461958,90.87908870647465,-5.979351068718941e-05,-1.614520739323666e-08,0.31748058182852695,0.3174805056380707,0.14537372272203064,6.714481240894792,148.93183317118581,9.79146854352563,102.12972605230148,3.722239549659886,268.65546579111856
173.2103510787,0.049056993205375,0.15405483407573045,0.26640538107734596,0.11235054700161551,2.743059368e-07,0.399553257584,375.64084557846815,78.88457757142794,0.17355371900817287,0.1735532036030168,454.52542314989614,455.102837626111,-0.12687560447365298,1.5867606686070126,0.17355371898044905,0.01443950401424363,0.1201644873256805,0.1735536893404635,0.014439497107349299,0.12016445858634449,0.14832947180289516,0.27445070769066454,0.12612123588776938,0.20000000000000007,0.20000053640888424,363.62009470844185,90.90532844145432,-5.979349971818593e-05,-1.6128609559018514e-08,0.3172866949564183,0.31728661907202654,0.1453397099276626,6.754079106763213,148.0586744977043,9.757119224876298,102.48926726758103,3.765856444451138,265.5438450059524
173.6603510787,0.049119493205374995,0.15406308764898638,0.2663660782958754,0.112302990646889,2.81229253837e-07,0.399468109801,375.7423132263314,78.90588577753915,0.17355371900828184,0.17355320465363802,454.6481990038706,455.2257694505299,-0.12687560446247304,1.5867606686071003,0.17355371898049085,0.014421934653638776,0.12009135961274972,0.1735536893315063,0.014421927774081668,0.12009133096973182,0.14833544260153875,0.27442682449630007,0.12609138189476132,0.2,0.20000053512599328,363.7183159090274,90.9298830948432,-5.9793494189275265e-05,-1.6104528821614394e-08,0.3170936058760926,0.31709353024602266,0.1453053067547676,6.795296576399695,147.1606115725744,9.722886988786959,102.85011037907388,3.8105145140667624,262.43175201365455
174.1103510787,0.049181993205374995,0.15407138960458874,0.26632654521431504,0.11225515560972629,2.88310266463e-07,0.39938296334,375.83681917648505,78.92573202689039,0.17355371900795286,0.17355320570590999,454.7625512033754,455.34026691943626,-0.12687560447253166,1.5867606686069,0.1735537189804591,0.014404448220517882,0.12001853282105178,0.17355368933847345,0.014404441371147388,0.12001850428641155,0.14834148361197672,0.2744026604543878,0.1260611768424111,0.1999999999999999,0.20000053385596567,363.8097981849994,90.952753018376,-5.9793506812511055e-05,-1.6122825297060217e-08,0.3169013113591652,0.3169012360152596,0.1452704990277736,6.838059111234754,146.2403269309307,9.688773492541166,103.21223844997955,3.8560603519817205,259.33204066323196
174.5603510787,0.049244493205375,0.15407974029476473,0.2662867801437709,0.11220703984900615,2.95552026596e-07,0.399297810299,375.9243647340376,78.94411659421205,0.173553719008381,0.17355320676093414,454.86848132824974,455.4463316147466,-0.12687560451923874,1.586760668605793,0.17355371898048877,0.014387044211849963,0.11994600540180554,0.17355368935948123,0.014387037393069655,0.11994597697742786,0.14834759507197148,0.2743782146145589,0.12603061954258743,0.20000000000000004,0.20000053259230788,363.8945428031455,90.97393852510419,-5.979357657892592e-05,-1.610572786248099e-08,0.3167098073161779,0.31670973226341365,0.14523528537750063,6.881150962744054,145.32452571004512,9.65479913427759,103.57543291083951,3.901778375716482,256.29338822104944
175.0103510787,0.049306993205375,0.15408814003129742,0.26624678157095494,0.11215864153965752,3.0295762893e-07,0.399212650941,376.00495111497986,78.96103973419686,0.17355371900835725,0.17355320781778022,454.9659908491767,455.54396500786686,-0.12687560435142853,1.5867606686085205,0.17355371898062372,0.014369722132999908,0.11987377583525059,0.17355368938942994,0.014369715344970523,0.11987374752200969,0.1483537771833188,0.2743534861698426,0.12599970898652382,0.20000000000000004,0.2000005313328229,363.9725509409771,90.99343990819958,-5.979340468309502e-05,-1.6027967841836244e-08,0.31651908973430004,0.3165190149749853,0.14519966464146547,6.924588165738422,144.41292046042744,9.620965804498198,103.93966887736559,3.9476742853621287,253.31370516254935
175.4603510787,0.049369493205374995,0.1540965892049368,0.2662065476330265,0.11210995842808968,3.10530211038e-07,0.399127492381,376.0785794394392,78.9765016821408,0.17355371900800765,0.17355320887666098,455.0550811215799,455.6331684583367,-0.12687560449401447,1.5867606686060387,0.17355371898054406,0.014352481479273649,0.1198018425537506,0.1735536894279651,0.014352474722278796,0.11980181435303389,0.14836003019955818,0.2743284741044881,0.1259684439049299,0.19999999999999998,0.20000053007787255,364.0438236826347,91.01125743894528,-5.979356109131473e-05,-1.6073864461674248e-08,0.3163291544742873,0.31632908001208554,0.14516363535696203,6.968332829452021,143.506348573571,9.587273392430786,104.30494250737716,3.9937213347640514,250.3930335087037
175.9103510787,0.049431993205374995,0.15410508806383483,0.2661660772962842,0.11206098923244939,3.18272953313e-07,0.399042346142,376.145250737629,78.9905026547711,0.17355371900802663,0.173553209937694,455.1357533924001,455.7139432125819,-0.12687560448685353,1.586760668605989,0.17355371898059263,0.01433532176152352,0.11973020404861724,0.17355368950084504,0.014335315037458343,0.1197301759685433,0.1483663542368477,0.2743031779555731,0.1259368237187254,0.19999999999999998,0.2000005288409355,364.10836201950247,91.02739137289761,-5.979356423324589e-05,-1.6045875739223447e-08,0.316139997552544,0.31613992340889185,0.14512719685666925,7.012129232304425,142.61003567833075,9.553723895251656,104.67122673463643,4.039758008419266,247.53957982530102
176.3603510787,0.049494493205374995,0.1541136363162317,0.266125371608102,0.1120117352918703,3.26189079093e-07,0.398957228007,376.20496594366506,79.00304284816556,0.173553719008257,0.17355321100159143,455.20800879183065,455.7862904027748,-0.12687560444898383,1.5867606686063573,0.1735537189806275,0.01431824247298569,0.11965885873175329,0.17355368954870456,0.014318235779252373,0.11965883076167999,0.14837274903880843,0.27427759874790314,0.1259048497090947,0.2,0.20000052758953593,364.1661668704824,91.04184192134824,-5.979354100738021e-05,-1.602579180470798e-08,0.3159516147758004,0.315951540922598,0.14509035061699965,7.056841779291602,141.70645045982377,9.520287523251088,105.03884442121443,4.086307775389867,244.7196968428527
176.8103510787,0.049556993205375,0.15412223631888053,0.26608441955254997,0.11196218323366944,3.34281854734e-07,0.398872162262,376.25772589650313,79.01412243832803,0.17355371900837768,0.1735532120675984,455.2718483348312,455.8502110458026,-0.12687560452029345,1.586760668604833,0.17355371898062066,0.014301243236053793,0.11958780554911856,0.1735536896073811,0.014301236574126984,0.11958777769541076,0.14837921636723123,0.2742517294341784,0.1258725130669472,0.2,0.2000005263473965,364.21723903671284,91.05460929811832,-5.9793637074978534e-05,-1.6029733096445398e-08,0.31576400336093036,0.31576392981498363,0.14505308648652493,7.103008708248692,140.7854109539109,9.486955893577862,105.40788965583197,4.133695827766227,241.91426792531604
177.2603510787,0.049619493205375,0.1541308891421827,0.2660432160303553,0.1119123268881726,3.42554589622e-07,0.398787188587,376.303531340694,79.02374158139757,0.17355371900799552,0.17355321313583025,455.32727292209154,455.9057060423444,-0.12687560444771817,1.5867606686059754,0.17355371898067665,0.014284323578563806,0.11951704304643672,0.1735536896764639,0.014284316948564604,0.11951701530980685,0.14838575698668552,0.27422556695664124,0.12583980996995572,0.19999999999999993,0.20000052511030997,364.2615792406279,91.06569368146374,-5.979356507701539e-05,-1.599747001534979e-08,0.3155771594680095,0.3155770862311996,0.14501540006046812,7.150482429189247,139.8507037676036,9.45373304355356,105.77832009778334,4.181828595585909,239.12983928981234
177.7103510787,0.049681993205375,0.15413959674818886,0.26600175173866164,0.11186215499047278,3.51010636153e-07,0.398702346015,376.3423829215589,79.0319004134832,0.1735537190081843,0.17355321420759207,455.3742833350421,455.9527761760556,-0.12687560450123092,1.586760668605297,0.17355371898059846,0.014267483112731634,0.11944657011706797,0.17355368976305532,0.014267476516278597,0.11944654250449695,0.1483923723602663,0.2741991054619274,0.12580673310166107,0.2000000000000002,0.20000052388152867,364.29918810585804,91.07509522918409,-5.9793607831704065e-05,-1.604252286568908e-08,0.3153910801750259,0.31539100726578545,0.144977282907481,7.196466301717657,138.95708783647322,9.420688665795032,106.149352290012,4.229103266267128,236.45674674732234
178.1603510787,0.049744493205375,0.1541483534162261,0.2659600539096883,0.1118117004934622,3.59653390392e-07,0.398617377408,376.37428118974265,79.0385990499433,0.17355371900844113,0.17355321527854206,455.412880239686,455.9914221128594,-0.12687560447799395,1.5867606686057578,0.1735537189806553,0.014250721122571846,0.1193763842749974,0.17355368986552447,0.014250714562316535,0.1193763567978037,0.14839905820937352,0.2741723620657831,0.12577330385640959,0.20000000000000012,0.20000052266664478,364.3300661626266,91.0828140770593,-5.979357879937197e-05,-1.6009771286462637e-08,0.3152057589178149,0.31520568636602975,0.14493875968200076,7.2393878809510825,138.13322568767015,9.387871259051453,106.52042112697652,4.274560022974561,233.94220565982943
178.6103510787,0.049806993205374996,0.15415715727260346,0.265918131359322,0.11176097408671856,3.68486291209e-07,0.398532227543,376.3992265971106,79.04383758545764,0.17355371900838135,0.17355321635163432,455.4430641825682,456.02164440034727,-0.12687560445511226,1.5867606686061915,0.17355371898065858,0.014234037052833898,0.11930648369989746,0.17355368996535278,0.014234030526751835,0.11930645634982139,0.148405812980009,0.2741453429832566,0.1257395300032476,0.20000000000000012,0.20000052144792146,364.35421385621544,91.08885032635281,-5.9793551465681105e-05,-1.6007883907320775e-08,0.3150211908899174,0.31502111867377824,0.14489983933692843,7.282980118233689,137.30643002805917,9.355178726700322,106.89266653409105,4.320283503497887,231.46629131869636
179.0603510787,0.049869493205375,0.15416601164712912,0.26587596816111947,0.11170995651399035,3.77512820173e-07,0.398446921098,376.41721949706334,79.04761609448155,0.17355371900844274,0.17355321742717553,455.46483559154495,456.04344346728465,-0.12687560451272173,1.586760668605107,0.17355371898063943,0.014217430556874171,0.11923686743987437,0.1735536900504033,0.014217424060038834,0.11923684019647131,0.14841263895023257,0.2741180391022669,0.12570540015203432,0.20000000000000012,0.20000052021749784,364.3716315324588,91.09320405908612,-5.97936198110105e-05,-1.601891952418555e-08,0.31483737357791836,0.3148373016434425,0.14486050874648268,7.329662628829978,136.43192744870282,9.322544839569431,107.26684797004266,4.367657061047335,228.95570463130792
179.5103510787,0.049931993205375,0.15417492059579763,0.26583354529693937,0.11165862470114174,3.86736501735e-07,0.398361478342,376.4282601460165,79.04993463061201,0.17355371900817113,0.1735532185026497,455.47819477662847,456.056819623228,-0.12687560446471569,1.5867606686058098,0.17355371898065788,0.014200901319334852,0.1191675346700386,0.17355369017201863,0.014200894856823309,0.11916750755479998,0.14841953891143436,0.27409043925755316,0.1256709003461188,0.1999999999999999,0.2000005190109652,364.3823194231253,91.09587535350319,-5.979357552421405e-05,-1.600828358760964e-08,0.3146543048037493,0.3146542332076835,0.14482075182728482,7.378251028168131,135.5334748278793,9.29000042452798,107.64262156110821,4.4159746531189334,226.45057513944644
179.9603510787,0.049994493205375,0.1541838845525026,0.2657908605496109,0.11160697599710828,3.96160902444e-07,0.398275886399,376.43234869990937,79.05079322704071,0.17355371900837285,0.17355321958067618,455.4831419269501,456.0617730582446,-0.12687560446348334,1.5867606686048792,0.1735537189807929,0.014184448887687287,0.11909848398568004,0.17355369030407902,0.014184442459046934,0.11909845699691887,0.14842651291736184,0.2740625432345182,0.12563603031715634,0.2,0.20000051780834407,364.3862776885886,91.0968642383615,-5.979363416619421e-05,-1.5930490260274155e-08,0.3144719808583625,0.3144719095962523,0.14478056827009955,nan,nan,nan,nan,nan,nan
