crank_angle_deg_atdc,time_s,core_mean,wall_shell_mean,delta_c,tracer_min,tracer_max,core_volume_mm3,wall_shell_volume_mm3,wall_shell_volume_fraction,wall_shell_mass_fraction,total_volume_mm3,python_volume_mm3,volume_error_percent,mass_mg,tracer_mass_mean,tracer_mass_variance,tracer_mass_rms,tracer_volume_mean,tracer_volume_variance,tracer_volume_rms,mf_zone_core_mean,mf_zone_shell_mean,mf_zone_delta_c,mf_zone_shell_mass_fraction,mf_zone_shell_volume_fraction,mf_zone_core_volume_mm3,mf_zone_shell_volume_mm3,mass_error_percent,tracer_inventory_error_percent,tracer_mass_rms_normalized,tracer_volume_rms_normalized,mf_zone_delta_c_normalized,k_mix_1_s,tau_mix_ms,k_global_mix_1_s,tau_global_mix_ms,k_mf_zone_mix_1_s,tau_mf_zone_mix_ms
-180.0,0.0,0.0,1.0,1.0,0.0,1.0,364.1343690470604,91.34880553144436,0.2005536332181244,0.20055363321811565,455.48317457850476,456.06180575133493,-0.1268756044757957,1.5867616173848682,0.20055363321811565,0.1603318734211292,0.4004146268820973,0.2005536332181244,0.16033187342113442,0.40041462688210383,0.0006920415226466389,1.0,0.9993079584773533,0.19999999999999998,0.2000000000000078,364.3865396628002,91.09663491570451,0.0,0.0,1.0,1.0,1.0,nan,nan,nan,nan,nan,nan
-179.95632,6.066666666665949e-06,0.0004661043256011771,0.9981420161595557,0.9976759118339545,1.35609184178e-161,1.0,364.13433736630003,91.34879758374517,0.2005536332179759,0.20055363321797245,455.48313495004516,456.0617660725391,-0.1268756044772057,1.5867606683496878,0.20055363321795389,0.15959951095921435,0.3994990750417507,0.20055363321795774,0.15959951095921726,0.39949907504175436,0.0011457926147748032,0.9981849956306703,0.9970392030158955,0.19999999999999993,0.19999999995200496,364.386507981897,91.0966269681481,-5.9809562447110665e-05,-8.065770273901762e-11,0.9977134905198751,0.9977134905198679,0.99772967337825,371.9954453903162,2.6882049562481876,356.55736562687537,2.8045977909946322,363.5256981293064,2.750837162670957
-179.88084096,1.6549866666666604e-05,0.001230910510829235,0.9950933477505008,0.9938624372396716,5.39629050986e-143,1.0,364.13413327891215,91.34874638526003,0.20055363321802902,0.20055363321788422,455.4828796641722,456.06151046235027,-0.1268756044752628,1.5867606683496114,0.20055363321802525,0.15845076627515717,0.398058747266226,0.2005536332181708,0.15845076627524246,0.3980587472663331,0.0018908593422632747,0.9952047287210736,0.9933138693788103,0.20000000000000004,0.19999999972662888,364.3863038558536,91.09657580831858,-5.980956726547859e-05,-4.5075054799781356e-11,0.9941163997074338,0.9941163997076851,0.9940017598702243,347.4800734181354,2.877862866100709,315.1754263274195,3.172836193647761,339.87984485152316,2.942216242439592
-179.7504131789,3.4664836263888316e-05,0.002444586280961121,0.9902553965799776,0.9878108102990165,4.43555264483e-125,1.0,364.1333346800838,91.34854604426793,0.2005536332180691,0.20055363321759598,455.4818807243517,456.06051025354435,-0.12687560448304547,1.586760668349564,0.20055363321804243,0.15674820690667146,0.3959143934067963,0.20055363321851394,0.15674820690693758,0.39591439340713236,0.003074635841774492,0.9904696227231139,0.9873949868813394,0.19999999999999993,0.19999999973007557,364.38550470242706,91.09637602192467,-5.98095702408763e-05,-3.650413304967515e-11,0.9887610662219238,0.988761066222747,0.9880787784236545,311.568844639798,3.209563527303544,261.6410190859007,3.822030672001338,305.22116115016286,3.27631280947791
-179.5250339731,6.596750373611195e-05,0.00427637601505667,0.9829535211333936,0.9786771451183369,9.47506143395e-108,0.999999999991,364.13062314123994,91.34786581225116,0.20055363321796452,0.20055363322,455.4784889534911,456.0571141739317,-0.12687560449281543,1.586760668349246,0.20055363321797037,0.15440585538461032,0.39294510479787165,0.20055363321592432,0.15440585538331897,0.39294510479622846,0.004864865948287349,0.9833087022967048,0.9784438363484174,0.19999999999999976,0.19999999979629865,364.38279125557443,91.09569769791663,-5.980959029150412e-05,-7.243095012654521e-11,0.9813455313998181,0.9813455313956984,0.9791214290330214,264.39338271967614,3.7822429204298693,202.98088110234931,4.926572367649585,259.63973503344005,3.8514906043607153
-179.1396489213,0.00011949320537500085,0.0068383319661675605,0.9727410589134362,0.9659027269472686,9.08264112573e-92,0.999999998331,364.12207812450254,91.34572216106818,0.20055363321797048,0.2005536332453635,455.4678002855707,456.04641192740996,-0.12687560447934843,1.586760668349014,0.20055363321803912,0.15144214427615207,0.3891556812846911,0.20055363319058747,0.1514421442593003,0.3891556812630394,0.007376526210350991,0.9732620612487902,0.9658855350384392,0.20000000000000026,0.19999999975470756,364.37424034017937,91.09355994539132,-5.9809604902039126e-05,-3.815836535636663e-11,0.9718817824286888,0.9718817823745998,0.9665544308384776,221.07255662202672,4.52340179749097,158.2815879354895,6.317854230825431,217.71721664930047,4.593114019139804
-178.6896489213,0.00018199320537499926,0.00924688733621034,0.9631400815009334,0.9538931941647231,2.80815662133e-87,0.999999971319,364.10585814946234,91.34165312642311,0.20055363321788638,0.20055363330790593,455.44751127588546,456.02609714325513,-0.1268756044871644,1.586760668348514,0.20055363321799557,0.14883749835925947,0.38579463236190764,0.20055363312776023,0.14883749830374385,0.3857946322899579,0.009746206523513837,0.9637833399959227,0.9540371334724088,0.2,0.19999999967558882,364.3580091684606,91.08950210742483,-5.9809636421270795e-05,-5.987432771803469e-11,0.9634878609854217,0.9634878608057179,0.9546978240082029,184.13163696633126,5.430897245446482,126.65803304963325,7.89527498510996,181.89631322064906,5.497637540277968
-178.2396489213,0.00024449320537500165,0.011246051629245263,0.9551710175939572,0.9439249659647119,5.52690031713e-84,0.999999811292,364.0829128554573,91.33589694038395,0.2005536332180235,0.20055363339695353,455.4188097958412,455.99735920176107,-0.12687560448434443,1.5867606683483442,0.20055363321815414,0.1467219292744373,0.38304298619663735,0.20055363303866686,0.14672192916358875,0.3830429860519427,0.011719244292977748,0.9558911889188594,0.9441719446258816,0.20000000000000018,0.1999999995921484,364.33504802241623,91.08376177342495,-5.980964712382075e-05,1.9184653865522705e-11,0.9566158688539241,0.9566158684925464,0.9448258033134426,157.02819331141518,6.368283165665798,107.25339214721183,9.323714429725811,155.54407363494963,6.429045971541967
-177.7896489213,0.0003069932053750001,0.01296534292768859,0.9483175825508833,0.9353522396231947,3.12792385217e-81,0.999999216859,364.0532419170791,91.32845352101396,0.2005536332178499,0.20055363351224198,455.3816954380931,455.960197695144,-0.1268756044881192,1.5867606683481192,0.20055363321801453,0.14489969547705273,0.3806569262171026,0.20055363292257308,0.14489969529393829,0.3806569259765784,0.013420244162374148,0.9490871894405788,0.9356669452782046,0.20000000000000004,0.19999999948303768,364.30535658588974,91.07633885220345,-5.980966130136878e-05,-5.041522754822836e-11,0.9506568957811515,0.950656895180448,0.9363149140770193,138.0848271732013,7.241925275002801,95.10345488073811,10.514865114564163,137.0704682351554,7.295517501876623
-177.3396489213,0.00036949320537499846,0.01448557594988693,0.9422576329507912,0.9277720570009043,7.94724886245e-79,0.999997556126,364.0168449136243,91.3193227631313,0.20055363321799452,0.2005536336548304,455.3361676767556,455.91461209671866,-0.12687560446962287,1.5867606683484534,0.20055363321813166,0.14327463230324014,0.3785163567182271,0.2005536327795505,0.14327463203058038,0.378516356358058,0.01492713637488169,0.9430596205911352,0.9281324842162535,0.2000000000000001,0.19999999934920895,364.2689344377332,91.06723323902243,-5.9809640240438e-05,7.993605777301127e-12,0.9453110134003218,0.945311012500816,0.9287752352442484,124.35165329820599,8.041710532001643,86.68423398115301,11.536123168803927,123.63781001905485,8.088140673519547
-176.8896489213,0.00043199320537500084,0.015858661795242875,0.9367842409077856,0.9209255791125427,1.12847385855e-76,0.999993733867,363.9737213300461,91.30850453724464,0.20055363321795913,0.20055363382382188,455.2822258672907,455.8606017613741,-0.1268756044827457,1.586760668348163,0.20055363321813277,0.14179334620862355,0.376554572683195,0.20055363260961695,0.1417933458292283,0.376554572179423,0.016290105877796297,0.9376077425794792,0.9213176367016829,0.19999999999999993,0.19999999918954559,364.22578106281804,91.05644480447265,-5.9809658536913446e-05,8.548717289613705e-12,0.9404116318509814,0.9404116305928403,0.9219556683061902,114.03306852440446,8.76938604687278,80.4161563257452,12.4353120777031,113.51658617099562,8.809285354068441
-176.4396489213,0.0004944932053749993,0.017119001328780553,0.9317602777862518,0.9146412764574713,1.02017841764e-74,0.999986092332,363.9238705572331,91.29599869069148,0.20055363321799408,0.20055363401895776,455.2198692479246,455.7981659261524,-0.12687560448007007,1.586760668347933,0.20055363321817368,0.14042299426280874,0.3747305622214563,0.2005536324134693,0.14042299375970163,0.3747305615501645,0.01754249783929562,0.9325981747336878,0.9150556768943922,0.19999999999999998,0.1999999990059421,364.1758958508546,91.04397339707,-5.980967303642615e-05,2.893241202173158e-11,0.9358563275756565,0.9358563258991495,0.9156893719616359,106.01806312051612,9.432354926756672,75.51108439298957,13.24308885296368,105.63494581037693,9.466564235239717
-175.9896489213,0.0005569932053750016,0.018290139883821215,0.9270918872311137,0.9088017473472925,6.40043469813e-73,0.999972364491,363.8672918924248,91.28180504713032,0.20055363321802383,0.20055363424206604,455.1490969395552,455.72730371094036,-0.1268756044847108,1.5867606683479185,0.20055363321823166,0.13914171110244708,0.37301703862216146,0.2005536321892087,0.13914171045765153,0.3730170377578637,0.01870719614930242,0.9279393814939491,0.9092321853446467,0.20000000000000004,0.19999999879575892,364.11927809975333,91.02981883980179,-5.980967394680903e-05,5.7842619582970656e-11,0.9315769544352757,0.9315769522767535,0.9098618475230046,99.60514025854611,10.039642506443839,71.53426673701136,13.979314328843277,99.31484062898106,10.06898861909053
-175.5396489213,0.000619493205375,0.01938872081383657,0.9227127255436891,0.9033240047298525,2.96218659371e-71,0.999949685774,363.8039845401565,91.26592340697503,0.20055363321799338,0.20055363449444202,455.0699079471315,455.6480141192646,-0.12687560446202895,1.586760668347957,0.20055363321822256,0.13793405219612542,0.3713947390528377,0.20055363193543635,0.13793405139101186,0.3713947379689323,0.019800418742917363,0.923566491119442,0.9037660723765246,0.20000000000000004,0.19999999855812695,364.05592701385825,91.01398093327326,-5.9809671526522834e-05,5.331290964250002e-11,0.9275254052150185,0.9275254025080457,0.9043919491580894,94.34094896675511,10.59985097619053,68.22463074961759,14.657462986790957,94.11716267144439,10.625054683075406
-175.0896489213,0.0006819932053749986,0.020426879557093876,0.9185744184737576,0.8981475389166638,1.05827169682e-69,0.999914659962,363.73394761228695,91.24835354748735,0.2005536332180184,0.20055363477598318,454.98230115977424,455.5602960391962,-0.12687560449127222,1.5867606683471611,0.2005536332182988,0.1367886125918214,0.3698494458449565,0.20055363165265247,0.13678861160789876,0.36984944451479007,0.02083401979326631,0.9194320869184284,0.8985980671251621,0.20000000000000004,0.19999999829427095,363.9858417038959,90.99645945587832,-5.9809721675296856e-05,9.132694600566538e-11,0.923666172549334,0.9236661692273463,0.899220364955721,89.9249839592764,11.120380076496447,65.41441202085845,15.287151089596795,89.75020908156718,11.142035324855629
-174.6396489213,0.0007444932053750008,0.0214137242168919,0.9146406593584772,0.8932269351415852,3.02237314226e-68,0.999863466807,363.65718012996155,91.22909522305387,0.20055363321800673,0.20055363507954832,454.88627535301544,455.4641482443633,-0.12687560449605728,1.586760668346927,0.20055363321828576,0.13569667789461468,0.3683702999627069,0.20055363134772175,0.13569667671701005,0.368370298364309,0.02181691612572901,0.9155005015885116,0.8936835854627826,0.19999999999999993,0.19999999800996257,363.909021187653,90.97725416536237,-5.9809736430160854e-05,8.482103908136196e-11,0.9199721369598572,0.9199721329679852,0.8943024799126881,86.15270676527753,11.607296364169883,62.98995087677162,15.875548179999665,86.01498979921384,11.625880585864348
-174.1896489213,0.0008069932053749992,0.02235627227650819,0.9108834750987675,0.8885272028222594,7.0939664437e-67,0.999791996623,363.5736810234625,91.2081481653678,0.200553633218044,0.2005536354106605,454.7818291888303,455.35956939507156,-0.12687560448302326,1.5867606683468258,0.20055363321836364,0.13465140756561744,0.366948780575188,0.20055363101557835,0.13465140617687207,0.3669487786829002,0.022755991468980392,0.9117442002158944,0.888988208746914,0.2000000000000003,0.1999999976999296,363.8254643970945,90.95636479173584,-5.9809742813943245e-05,1.2365664048274994e-10,0.9164220184275053,0.9164220137016694,0.8896038515508936,82.88113232781359,12.065472224061494,60.870980149783506,16.428189550083278,82.77209361836704,12.081366512373696
-173.7396489213,0.0008694932053750018,0.02326005766759237,0.9072808063736221,0.8840207487060296,1.39943851701e-65,0.999695996843,363.4834491335736,91.18551208359789,0.20055363321808845,0.20055363576457394,454.66896121717144,455.2465580395322,-0.1268756044742303,1.5867606683472193,0.20055363321837996,0.1336473133506724,0.3655780537049132,0.20055363066076148,0.13364731173585814,0.3655780514963366,0.02365668366041161,0.9081414314502537,0.8844847477898421,0.20000000000000007,0.19999999736676263,363.73517017098845,90.933791046183,-5.9809718011560875e-05,1.3178347302300608e-10,0.912998749699916,0.912998744184177,0.885097271853546,80.00766927458736,12.498801790713175,58.99890175890613,16.94946804410721,79.92128446581681,12.512311415962174
-173.2896489213,0.0009319932053750001,0.02412953401432293,0.903814900131132,0.879685366116809,2.36354829162e-64,0.999571217296,363.3864832127171,91.16118666468502,0.20055363321799116,0.2005536361472675,454.5476698774021,455.1251126151993,-0.12687560448579882,1.5867606683466042,0.20055363321837494,0.13267991152875014,0.36425253812259173,0.20055363027774759,0.1326799096699499,0.3642525355710649,0.024523375532455444,0.9046746639620565,0.8801512884296011,0.2,0.19999999700634555,363.63813726268035,90.90953261472175,-5.9809756780548895e-05,1.2929657344784573e-10,0.909688392152184,0.9096883857799573,0.880760811482667,77.456870287766,12.910410610250876,57.329759768355636,17.442947677446416,77.38870410721461,12.921782468596401
-172.8396489213,0.0009944932053749986,0.02496834925167506,0.9004712149755592,0.8755028657238841,3.47082602957e-63,0.999413543841,363.2827819260446,91.13517157390137,0.20055363321799788,0.20055363656019226,454.41795349994595,454.9952314502148,-0.12687560448245705,1.586760668346633,0.2005536332183508,0.13174548275095166,0.3629676056495285,0.20055362986536932,0.13174548063028563,0.36296760272824025,0.025359661637431728,0.9013295195420256,0.8759698579045938,0.2000000000000001,0.1999999966191658,363.5343643362685,90.88358916367743,-5.9809754959783135e-05,1.1723955140041653e-10,0.9064793873186978,0.9064793800230248,0.8765764852301487,75.17196859688833,13.302831077399693,55.82982512710687,17.911573208823707,75.11868347358129,13.312267384873605
-172.3896489213,0.0010569932053750009,0.025779537222706442,0.897237657426579,0.8714581202038726,4.48999478215e-62,0.99921911408,363.17234385261634,91.10746645470788,0.20055363321797834,0.2005536370002258,454.2798103073242,454.8569127649625,-0.126875604490706,1.5867606683466025,0.2005536332183601,0.1308409012715428,0.36171936811780314,0.20055362942690275,0.13084089887276337,0.3617193648020014,0.026168534708931875,0.8980940272560751,0.8719254925471432,0.19999999999999993,0.19999999620634334,363.423849969241,90.85596033808321,-5.98097568915712e-05,1.2188028364334969e-10,0.9033620248450913,0.9033620165641559,0.8725293190656633,73.1093576641686,13.678139597307759,54.472711561329156,18.357815708772467,73.06839171070001,13.685808276160014
-171.9396489213,0.0011194932053749994,0.02656565449971175,0.8941040365278637,0.867538382028152,5.17457529158e-61,0.998984410578,363.0551674868758,91.07807092944479,0.20055363321799002,0.20055363745826846,454.1332384163206,454.7101546737308,-0.12687560448790824,1.586760668346668,0.20055363321833422,0.12996351047782656,0.3605045221322842,0.20055362897151385,0.12996350778881674,0.360504518402775,0.026952519061156588,0.894958089847045,0.8680055707858884,0.20000000000000015,0.19999999577579144,363.30659265141,90.82664576491062,-5.9809752761541546e-05,1.0897949209720537e-10,0.9003280547951494,0.9003280454810164,0.8686066826771494,71.23491185592124,14.038060467072471,53.23742962401357,18.783776885218636,71.20426314537465,14.044102920612259
-171.4896489213,0.0011819932053750016,0.027328880218506525,0.8910616657644606,0.863732785545954,5.36452921694e-60,0.998706330986,362.9312512399077,91.04698459948433,0.2005536332179916,0.20055363794497777,453.9782358393921,454.5549551864844,-0.1268756044812469,1.5867606683465265,0.20055363321837744,0.12911103022476958,0.3593202335309961,0.20055362848924393,0.12911102722900492,0.3593202293623404,0.027713768112905237,0.8919130936402673,0.864199325527362,0.20000000000000004,0.19999999531843066,363.18259079684424,90.79564504254783,-5.9809761676632434e-05,1.305400232354259e-10,0.8973703991008264,0.897370388689964,0.8647978015147038,69.52147992553384,14.384043623224427,52.10703710984865,19.19126581486231,69.49955911395104,14.38858048524317
-171.0396489213,0.001244493205375,0.02807109045111698,0.888103066720076,0.860031976268959,5.04532344743e-59,0.998382235152,362.8005934410643,91.01420704572847,0.20055363321800088,0.20055363846537153,453.8148004867927,454.391312210745,-0.12687560445365786,1.5867606683471005,0.20055363321836506,0.12828148655838453,0.3581640497849896,0.20055362797551377,0.1282814832377779,0.3581640451493951,0.028454137116960057,0.8889516176239844,0.8604974805070243,0.2,0.19999999482801065,363.0518427365595,90.76295775023324,-5.980972550556629e-05,1.2436718321851004e-10,0.8944829327886955,0.8944829212116949,0.8610933928897808,67.9471407931666,14.717322735389763,51.067680714131434,19.581856587492926,67.93266853882878,14.720458087531519
-170.5896489213,0.0013069932053749985,0.02879391459922701,0.8852217443390931,0.8564278297398661,4.33682943168e-58,0.998009971464,362.66319233922724,90.97973782882981,0.20055363321792616,0.20055363900684287,453.6429301680571,454.219223553582,-0.12687560447492974,1.5867606683466973,0.2005536332183112,0.12747315754950106,0.35703383249980813,0.20055362744250094,0.12747315389186278,0.35703382737755085,0.029175238390812205,0.8860672125283072,0.8568919741374951,0.2000000000000001,0.19999999431786167,362.9143467121075,90.72858345594953,-5.9809750907469095e-05,9.752199048307375e-11,0.8916603154083512,0.8916603026159536,0.8574853896321835,66.49396577472237,15.038958623522937,50.1079014616114,19.956932356588887,66.48589928633645,15.040783244779101
-170.1396489213,0.0013694932053750007,0.029498778843613543,0.882412013581118,0.8529132347375045,3.42951675906e-57,0.997587884858,362.51904610508586,90.94357649001897,0.20055363321801756,0.20055363957071606,453.46262259510485,454.03868692371253,-0.12687560448003676,1.5867606683467574,0.2005536332183649,0.1266845309318093,0.35592770464212153,0.20055362688995138,0.12668452692516166,0.3559276990136644,0.02987848395322106,0.8832542302789408,0.8533757463257198,0.20000000000000012,0.19999999378753994,362.77010089320225,90.69252170190254,-5.980974712160858e-05,1.2427836537654002e-10,0.8888978592356093,0.8888978451790225,0.8539667267595961,65.14712254925797,15.349872118202864,49.21812254071304,20.317719335450146,65.14460221024913,15.350465979860893
-169.6896489213,0.0014319932053749992,0.030186940174491,0.8796688638139298,0.8494819236394389,2.50960961165e-56,0.997114809741,362.36815283247057,90.90572255095756,0.20055363321801783,0.20055364016164848,453.2738753834281,453.84969993371016,-0.12687560449332613,1.5867606683463662,0.20055363321838995,0.12591427053190246,0.35484400873045957,0.20055362631341137,0.12591426616216872,0.35484400257319937,0.03056511892957196,0.8805076903736634,0.8499425714440915,0.20000000000000004,0.1999999932316513,362.6191033746581,90.65477200876997,-5.980977177966196e-05,1.3677947663381929e-10,0.8861914248575739,0.8861914094803484,0.8505311743330354,63.89421414507751,15.650869384345361,48.390265253553345,20.665313462537156,63.896524446509005,15.65030349713544
-169.2396489213,0.0014944932053750017,0.03085951337521107,0.8769878512989551,0.846128337923744,1.70827762237e-55,0.996590050851,362.21051054027276,90.86617551478187,0.2005536332181534,0.20055364077835064,453.0766860550546,453.65226010232647,-0.12687560448657598,1.5867606683460977,0.20055363321851394,0.12516118935934223,0.3537812733304891,0.20055362571465507,0.1251611846133696,0.3537812666229935,0.031236248065806927,0.8778231738293399,0.846586925763533,0.20000000000000012,0.1999999926534697,362.4613521725853,90.61533388246933,-5.980978869946085e-05,1.98596694644948e-10,0.8835373374975648,0.8835373207461753,0.847173204798127,62.7247840814918,15.942661495666592,47.61745694259616,21.000701511748538,62.73132420564648,15.940999375715226
-168.7896489213,0.001556993205375,0.031517492669569276,0.8743650128615145,0.8428475201919452,1.08673940043e-54,0.996013354985,362.04611717450086,90.8249348659673,0.20055363321798553,0.20055364142134055,452.87105204046816,453.44636485692075,-0.12687560449053947,1.5867606683458826,0.20055363321842448,0.12442422779536011,0.35273818590473033,0.2005536250928333,0.1244242226600964,0.3527381786255868,0.03189285702837091,0.8751967379786398,0.8433038809502689,0.19999999999999973,0.19999999205194804,362.2968452318172,90.57420680865098,-5.9809802255283984e-05,1.539879335155092e-10,0.8809323192096942,0.8809323010306648,0.8438878864081218,61.62994018829137,16.22587977442144,46.89380623134316,21.32477784095107,61.640201530073654,16.22317862656743
-168.3396489213,0.0016194932053749985,0.03216176928992771,0.8717967958693322,0.8396350265794045,6.48848698676e-54,0.995384876317,361.87497060995946,90.78200007164423,0.20055363321798875,0.20055364209239432,452.6569706816037,453.23201153599996,-0.12687560449391455,1.5867606683453013,0.20055363321850073,0.12370243574013183,0.351713570594215,0.2005536244475103,0.12370243020260513,0.3517135627220041,0.032535829699706274,0.8726248472936773,0.840089017593971,0.20000000000000007,0.19999999142292416,362.1255804277561,90.53139025384758,-5.9809838892643796e-05,1.9200196987867457e-10,0.878373433390528,0.8783734137303655,0.8406707966921585,60.602064296817545,16.50108806693758,46.21422793408286,21.638357811069326,60.61561321007754,16.497399713408274
-167.8896489213,0.0016819932053750008,0.03279314587115408,0.8692800008687361,0.836486854997582,3.64985655609e-53,0.99470513763,361.69706865292306,90.73737058132367,0.20055363321788294,0.20055364279006166,452.4344392342468,453.00919739187185,-0.12687560449856639,1.5867606683447084,0.20055363321851474,0.12299495786396225,0.35070636986510845,0.2005536237799196,0.1229949519121867,0.35070636137969713,0.03316596235559889,0.87010431667018,0.8369383543145811,0.20000000000000026,0.1999999907681084,361.94755556422314,90.48688367002366,-5.9809876251648575e-05,1.9899637493381306e-10,0.8758580389431541,0.8758580177515779,0.83751795151299,59.634585651405196,16.768792623889667,45.57430514602573,21.94218862571521,59.65104992727252,16.764164272367637
-167.4396489213,0.0017444932053749993,0.03341234834057367,0.8668117341717809,0.8333993858312072,1.94104008117e-52,0.993974988889,361.51240904284964,90.69104582807415,0.20055363321795242,0.20055364351458452,452.20345487092374,452.77791959340686,-0.12687560449038404,1.586760668344829,0.2005536332185381,0.12230102132292153,0.3497156292231183,0.20055362309063257,0.12230101494536375,0.34971562010491286,0.033783975390162445,0.8676322645320432,0.8338482891418808,0.19999999999999987,0.19999999008888056,361.7627683785814,90.4406864923423,-5.9809868657723086e-05,2.106537166923772e-10,0.8733837521027737,0.8733837293308505,0.8344257464059591,58.721801998995325,17.02945015238308,44.97017958375488,22.236958118825083,58.74086019601252,17.023925027027143
-166.9896489213,0.0018069932053750015,0.034020035828668894,0.8643893683555565,0.8303693325268876,9.79036194979e-52,0.99319556546,361.320989454976,90.64302522858016,0.20055363321799885,0.20055364426618563,451.9640146835562,452.53817522891285,-0.1268756044871311,1.586760668344473,0.20055363321862252,0.12161992544311524,0.3487404843764418,0.20055362237974117,0.12161991862854443,0.3487404746061811,0.03439052309112726,0.8652060737286025,0.8308155506374753,0.20000000000000012,0.19999998938317268,361.57121654526884,90.39279813828733,-5.9809891084228184e-05,2.5273116932567063e-10,0.8709484143773024,0.8709483899769289,0.8313909076671319,57.858736856095874,17.28347444720688,44.39846362275511,22.52330189839001,57.88010981872226,17.277092305663416
-166.5396489213,0.0018694932053750003,0.03461680898514205,0.8620105091111945,0.8273937001260524,4.69710708765e-51,0.992368247388,361.12280750258793,90.59330818408762,0.2005536332180054,0.20055364504535497,451.7161156866755,452.28996130912066,-0.12687560448704227,1.5867606683438569,0.20055363321868913,0.12095103299732671,0.3477801503785498,0.20055362164711063,0.12095102573470695,0.3477801399371548,0.03498620184729555,0.8628233587042639,0.8278371568569683,0.2,0.19999998865141877,361.37289767567745,90.34321801099807,-5.9809929919829585e-05,2.859490422224553e-10,0.8685500654324354,0.8685500393559636,0.8284104512870535,57.04102449178761,17.53124192473039,43.85616901475866,22.801809242924886,57.064468511037084,17.524039495900777
-166.0896489213,0.0019319932053749986,0.0352032170062573,0.8596729672364666,0.8244697502302093,2.14925374579e-50,0.991494620264,360.9178607395067,90.54189408093474,0.20055363321797284,0.20055364585192684,451.45975482044133,452.0332747702821,-0.12687560448557678,1.5867606683437374,0.2005536332187089,0.1202937627782453,0.3468339123820583,0.20055362089323994,0.12029375505697149,0.3468339012509756,0.035571557086949444,0.8604819377457472,0.8249103806587977,0.19999999999999987,0.1999999878947791,361.1678093213731,90.29194549906822,-5.980993744714169e-05,2.958078226811267e-10,0.8661869200002629,0.8661868922013573,0.8254816482355596,56.26481657801505,17.77309624058635,43.340648744555374,23.073027953362697,56.29011784898472,17.765107592824776
-165.6396489213,0.001994493205375001,0.035779763608347524,0.857374734816255,0.8215949712079075,9.40234631496e-50,0.990576438015,360.7061466625934,90.48878229123157,0.20055363321801012,0.20055364668710068,451.194928953825,451.7681124773805,-0.12687560448043644,1.5867606683431856,0.20055363321879963,0.11964758323514588,0.3459011177130624,0.20055362011773956,0.11964757504468287,0.3459011058737495,0.0361470891805584,0.8581798093717637,0.8220327201912053,0.20000000000000018,0.19999998711005726,360.9559489789368,90.2389799748882,-5.9809972219326824e-05,3.410383087043556e-10,0.8638573480856221,0.8638573185179745,0.8226019949283077,55.52670578152894,18.00935218333539,42.84954934598932,23.337468310938004,55.55367587969105,18.00060903558631
-165.1896489213,0.002056993205374999,0.03634691214004267,0.855113964858879,0.8187670527188363,3.94147942026e-49,0.989615588563,360.4876627144784,90.43397217336019,0.20055363321800818,0.2005536475496058,450.9216348878386,451.49447122745187,-0.12687560449099466,1.5867606683428677,0.20055363321881703,0.11901200698678073,0.3449811690321382,0.20055361932200622,0.11901199831746012,0.3449811564672194,0.03671325849019648,0.8559151321333005,0.819201873643104,0.20000000000000004,0.1999999863011139,360.73731408739496,90.18432080044361,-5.980999225885242e-05,3.497202527569243e-10,0.8615598578863066,0.8615598265065226,0.8197691879601589,54.82366272609275,18.240298992720536,42.38077095851056,23.595606624970756,54.85213485742159,18.230830989519788
-164.7396489213,0.002119493205375002,0.03690508996866461,0.8528889537774593,0.8159838638087947,1.58659434678e-48,0.988614062075,360.2624062864248,90.37746307288232,0.20055363321797423,0.20055364844316376,450.63986935930717,451.21234775302185,-0.1268756044832453,1.586760668342365,0.20055363321890385,0.11838658608029637,0.34407351842345607,0.20055361850275877,0.11838657692141127,0.3440735051139673,0.03727048971285927,0.853686207243082,0.8164157175302227,0.19999999999999984,0.19999998545445727,360.5119020422472,90.12796731705994,-5.981002394461754e-05,3.930189507173054e-10,0.8592930810311509,0.8592930477918697,0.8169811023762847,54.152983551541986,18.46620323418035,41.93243408027814,23.84788820237661,54.182809489294016,18.456038168297457
-164.2896489213,0.002181993205375,0.03745469228210573,0.8506981262772301,0.8132434339951243,6.14467305346e-48,0.987573922487,360.03037472078404,90.31925432311861,0.20055363321796757,0.2005536493677308,450.34962904390267,450.92173872565286,-0.1268756044822794,1.5867606683423656,0.20055363321889227,0.11777090785669939,0.34317766223444585,0.20055361766048335,0.11777089819812653,0.3431776481621822,0.03781917563297305,0.8514914635625693,0.8136722879295962,0.2000000000000001,0.19999998456942972,360.2797101842737,90.06991885962893,-5.981002390020862e-05,3.872457909892546e-10,0.8570557596925525,0.8570557245483088,0.814235772893663,53.51224611389782,18.687311272106875,41.50285198467008,24.09472969157325,53.543293639048635,18.676475278889253
-163.8396489213,0.0022444932053749984,0.03799608538514877,0.848540022228485,0.8105439368433363,2.29372033578e-47,0.986497281869,359.7915653142413,90.25934524590892,0.20055363321800362,0.20055365031736555,450.05091056015027,450.62264075960667,-0.12687560449530233,1.586760668342379,0.2005536332188805,0.11716459133674556,0.3422931365609681,0.20055361680190414,0.11716458117115797,0.34229312171172527,0.038359680380870585,0.8493294445709191,0.8109697641900485,0.2000000000000002,0.1999999836666261,360.04073579897,90.01017476118027,-5.981002305643912e-05,3.813838134192338e-10,0.8548467353110876,0.8548466982264072,0.8115313776002786,52.89927344037929,18.903851318998946,41.090507122557476,24.336521255806783,52.931424089953026,18.89236908307198
-163.3896489213,0.002306993205375001,0.03852960956392905,0.8464132851973263,0.8078836756333972,8.26645285539e-47,0.98538627786,359.5459753209362,90.19773515237378,0.20055363321801595,0.2005536512897711,449.74371047331,450.3150504156189,-0.12687560448658708,1.586760668342671,0.2005536332188503,0.11656728404828938,0.34141951327990816,0.20055361592973153,0.11656727336960088,0.34141949764124613,0.038892342276566835,0.8471987969879827,0.8083064547114159,0.2000000000000003,0.1999999827515555,359.7949761360274,89.94873433728259,-5.98100046600436e-05,3.6630698474482415e-10,0.8526649386872664,0.8526648996310818,0.8088662237244997,52.31210264106671,19.116035286545095,40.69403105949444,24.573628465019986,52.345249992150436,19.103930158896127
-162.9396489213,0.0023694932053749994,0.039055581603178124,0.8443166524324538,0.8052610708292757,2.88080543137e-46,0.984243053876,359.2936019551451,90.13442334366839,0.20055363321800027,0.20055365228206337,449.4280252988135,449.998964204789,-0.12687560447708357,1.5867606683430235,0.20055363321881656,0.11597865923043152,0.34055639654898795,0.20055361504700692,0.11597864803569886,0.3405563801130422,0.039417476320875264,0.8450982608105839,0.8056807844897087,0.19999999999999976,0.19999998181873213,359.54242841022216,89.8855968885914,-5.980998243337865e-05,3.494982081519993e-10,0.8505093812401247,0.8505093401927947,0.8062387351716136,51.74895851168615,19.324060401605497,40.31218719447853,24.806394036019153,51.783006612790665,19.311354542959176
-162.4896489213,0.0024319932053750016,0.039574296993977645,0.8422489460455239,0.8026746490515463,9.72207153546e-46,0.983069742071,359.0344423946995,90.06940911184118,0.2005536332180162,0.20055365329294528,449.10385150654076,449.67437859258314,-0.12687560448253477,1.586760668342891,0.20055363321884906,0.11539841336439956,0.339703419712548,0.2005536141532614,0.1153984016511565,0.3397034024721514,0.03993537638191757,0.8430266605665733,0.8030912841846557,0.20000000000000012,0.19999998086981816,359.28308979667094,89.8207617098698,-5.9809990793358025e-05,3.6568525985103406e-10,0.8483791472796878,0.8483791042233132,0.8036474415838004,51.20823112615125,19.52811057926419,39.943855943404046,25.03513935702371,51.24309303584007,19.514825135566802
-162.0396489213,0.002494493205375,0.04008603188132049,0.8402090652382197,0.8001230333568992,3.18161130588e-45,0.9818684487,358.768493784502,90.00269174058418,0.20055363321795325,0.20055365432925845,448.7711855250862,449.3412900029517,-0.12687560447912638,1.5867606683429873,0.2005536332188089,0.11482626398129517,0.3388602425503694,0.2005536132424159,0.1148262517451393,0.338860224495498,0.04044631712652877,0.84098289758793,0.8005365804614012,0.20000000000000015,0.19999997989747134,359.0169574415046,89.75422808358161,-5.980998472043808e-05,3.4567904094728874e-10,0.8462733871361481,0.846273342045695,0.8010909686751416,50.688456806062185,19.728357559317196,39.588022515469845,25.260165485892333,50.72405349655832,19.71451276203411
-161.5896489213,0.0025569932053749983,0.04059104480399866,0.8381959794064983,0.7976049346024996,1.01096186633e-44,0.980641241744,358.49575323940064,89.93427050619061,0.20055363321795155,0.20055365539765688,448.4300237455912,448.9996948225633,-0.1268756044917163,1.586760668341956,0.20055363321889758,0.11426194769777366,0.3380265488061162,0.20055361231109659,0.11426193493188835,0.33802652992315313,0.040950555736742854,0.8389659431475166,0.7980153874107737,0.19999999999999993,0.19999997888939805,358.7440284631007,89.68599528249051,-5.981004971289394e-05,3.8988812178786247e-10,0.8441913109873698,0.8441912638288313,0.7985680296459469,50.188301621718,19.92496194705401,39.24376507990038,25.481754820517303,50.22456113317757,19.910577164593985
-161.1396489213,0.002619493205375001,0.04108957823012328,0.8362087220269658,0.7951191437968426,3.1227950565e-44,0.979390140737,358.2162178482308,89.86414467833434,0.2005536332179846,0.20055365649817541,448.0803625265652,448.6495894051501,-0.1268756044866981,1.5867606683419366,0.20055363321892145,0.11370521849695926,0.3372020440284419,0.20055361135975328,0.11370520519483412,0.337202024304176,0.04144833343180208,0.8369748323674001,0.795526498935598,0.19999999999999984,0.19999997784517715,358.4642999483932,89.61606257817198,-5.981005093413927e-05,4.0178971261184415e-10,0.8421321834672427,0.8421321342076251,0.7960774175637935,49.706545820564386,20.11807466183426,38.91024419627845,25.700172811962062,49.74340250981296,20.103168451388672
-160.6896489213,0.0026819932053749993,0.04158185990777579,0.8342463852928615,0.7926645253850858,9.38779399284e-44,0.97811710815,357.9298846769472,89.79231352093353,0.2005536332179979,0.2005536576223303,447.7221981978808,448.2909700759721,-0.12687560447512958,1.5867606683416433,0.20055363321900796,0.1131558461830619,0.33638645362597747,0.20055361039677502,0.11315583234123741,0.3363864330516875,0.041939876802754156,0.8350086588840238,0.7930687820812696,0.19999999999999984,0.19999997678873369,358.1777689505038,89.54442924737698,-5.981006941935263e-05,4.4493297934877774e-10,0.8400953188081888,0.8400952674257114,0.7936179986894825,49.24207174172547,20.307837680855453,38.586695357869345,25.915668359925014,49.279465401635086,20.29242792814104
-160.2396489213,0.0027444932053750015,0.04206810406921936,0.8323081151930924,0.7902400111238731,2.74951685619e-43,0.976824042878,357.63675077232216,89.71877629312499,0.20055363321799158,0.20055365877731504,447.3555270654471,447.92383313639476,-0.1268756044902286,1.586760668341463,0.20055363321901304,0.11261361497705202,0.3355795210930667,0.20055360941433759,0.11261360058925562,0.3355794996558276,0.04242539902747187,0.8330665699851771,0.7906411709577053,0.20000000000000023,0.1999999756979252,357.8844325240252,89.47109454142195,-5.98100807880364e-05,4.474642878449231e-10,0.8380800764100924,0.8380800228724763,0.7911887063947796,48.79385365648848,20.494384539496657,38.27242164882333,26.128474680168154,48.83172895896682,20.478488501611267
-159.7896489213,0.002806993205375,0.042548512549202486,0.8303931072071833,0.7878445946579808,7.85338332198e-43,0.975512774774,357.3368131660566,89.64353225029603,0.20055363321802214,0.2005536599590304,446.98034541635263,447.54817486858246,-0.12687560448584323,1.5867606683412092,0.20055363321905909,0.11207832227044003,0.3347810064362075,0.20055360841904024,0.11207830733303098,0.3347809841269826,0.04290510095346805,0.8311477622814237,0.7882426613279557,0.1999999999999999,0.19999997458483412,357.58428769316174,89.3960577231909,-5.9810096775247956e-05,4.704236999941713e-10,0.8360858569104777,0.8360858011951544,0.7887885357472805,48.36094827984818,20.677841017784512,37.96678677706833,26.33881044165668,48.39925428654925,20.661475362398555
-159.3396489213,0.0028694932053749986,0.04302327575301636,0.8285006023385885,0.7854773265855721,2.18965158139e-42,0.974185060707,357.03006887779543,89.56658064479413,0.2005536332181187,0.20055366116640405,446.59664952258953,447.16399154030887,-0.12687560457743663,1.5867606683393565,0.20055363321920805,0.1115497774983372,0.3339906847478492,0.20055360741020722,0.11154976200740196,0.3339906615571788,0.04337917207659644,0.8292514777896548,0.7858723057130583,0.19999999999999987,0.19999997344938214,357.2773314754886,89.31931804710094,-5.9810213537403456e-05,5.446976203415943e-10,0.8341120986226942,0.8341120407060391,0.7864165386118738,47.94248658855523,20.858325697247395,37.6692092019401,26.54688062706919,47.981176226470424,20.841506579163777
-158.8896489213,0.002931993205375001,0.043492573545849435,0.826629883610727,0.7831373100648775,5.96483680374e-42,0.972842581749,356.716514921149,89.48792072732189,0.20055363321807568,0.20055366240077785,446.2044356484709,446.77127940988225,-0.12687560448381152,1.5867606683404518,0.20055363321918915,0.11102780112969429,0.3332083449280559,0.20055360638799044,0.11102778508207232,0.3332083208475928,0.04384779141647955,0.8273770004300287,0.7835292090135492,0.19999999999999993,0.19999997228817615,356.9635608839154,89.24087476455546,-5.9810144514838015e-05,5.352607246322805e-10,0.8321582743433836,0.8321582142045502,0.7840718192692205,47.537666359004376,21.03595057544478,37.37915668142106,26.752877506651725,47.57669602961158,21.018693676786704
-158.4396489213,0.002994493205374999,0.04395657605132785,0.8247802728633825,0.7808236968120547,1.58889037532e-41,0.971486941136,356.39614830403997,89.40755174736451,0.20055363321806244,0.20055366366588376,445.80370005140446,446.37003473118733,-0.12687560448001456,1.586760668340489,0.20055363321922035,0.11051222375646191,0.33243378853007993,0.2005536053497437,0.11051220714805385,0.33243376355005494,0.04431112831260218,0.8255236528456928,0.7812125245330906,0.19999999999999998,0.19999997109118176,356.6429729287817,89.16072712262275,-5.981014217226743e-05,5.508260514375252e-10,0.830223888469403,0.8302238260839936,0.7817535304366284,47.14574580922911,21.210821524521158,37.096141657565404,26.95698138181062,47.18507501698762,21.19314210351428
-157.9896489213,0.0030569932053750018,0.044415444379378985,0.8229511278876225,0.7785356835082435,4.14198089527e-41,0.970119663231,356.0689660363632,89.32547295478227,0.20055363321803413,0.20055366495984261,445.3944389911454,445.9602537588445,-0.12687560448044755,1.586760668340655,0.2005536332191375,0.11000288526891058,0.33166682871356096,0.20055360429684282,0.11000286809604173,0.3316668028248256,0.04476934313953572,0.8236907935375478,0.7789214503980121,0.1999999999999999,0.19999996986661264,356.3155646141595,89.07887437698592,-5.981013170286431e-05,5.095035504609768e-10,0.8283084743835314,0.8283084097286985,0.7794608696851125,46.766037833481846,21.383038767591646,36.8197171603996,27.159361264065375,46.80562887809766,21.36495169425963
-157.5396489213,0.003119493205375,0.04486933128069573,0.821141839800275,0.7762725085195793,1.0574744095e-40,0.968742193152,355.7349651324779,89.24168360059996,0.20055363321802572,0.20055366627982876,444.97664873307787,445.54193275348473,-0.1268756044831454,1.5867606683407631,0.20055363321911354,0.1094996341089224,0.3309072892955403,0.2005536032315678,0.10949961636859637,0.3309072624899556,0.04522258795983467,0.8218778142562343,0.7766552262963996,0.19999999999999984,0.19999996861868213,355.9813329504159,88.99531578266192,-5.981012488609494e-05,4.975797551765027e-10,0.8264115920844632,0.8264115251398805,0.777193076176227,46.39790515744382,21.552697187656662,36.5494730453718,27.360175583342055,46.4377228373313,21.534216987834288
-157.0896489213,0.0031819932053749984,0.04531838173830382,0.8193518306568705,0.7740334489185666,2.6460084185e-40,0.96735589698,355.39414261586137,89.15618293809635,0.20055363321801223,0.20055366762865942,444.5503255539577,445.1150679871412,-0.1268756044897179,1.586760668340588,0.20055363321910144,0.10900232659443848,0.33015500389126085,0.20055360215119009,0.10900230828263506,0.33015497615912903,0.04567100711699752,0.8200841376275172,0.7744131305105196,0.20000000000000026,0.19999996734924935,355.64027495806795,88.9100505958897,-5.9810135932814035e-05,4.915401419225418e-10,0.8245328260410315,0.8245327567824796,0.774949427692434,46.04075573922619,21.719886738262456,36.28503261066369,27.559572861073114,46.08076720394585,21.701027579991575
-156.6396489213,0.0032444932053750006,0.04576273351941593,0.8175805512983871,0.7718178177789712,6.49334383937e-40,0.965962062635,355.04649552352475,89.06897022395897,0.20055363321799297,0.20055366900678656,444.1154657474837,444.67965574875876,-0.12687560448995105,1.5867606683402824,0.20055363321916053,0.1085108263062712,0.32940981513347656,0.20055360105737136,0.10851080742064792,0.3294097864676275,0.04611473777595218,0.8183092149919936,0.7721944772160414,0.2000000000000001,0.19999996604208456,355.2923876792224,88.82307806826131,-5.981015518408128e-05,5.210054609960935e-10,0.8226717832425032,0.8226717116520754,0.7727292379344551,45.694038872245635,21.88469272317698,36.02604990876095,27.757692073724023,45.73421339786652,21.86546844701279
-156.1896489213,0.0033069932053749994,0.04620251767045686,0.8158274793605382,0.7696249616900813,1.56380640487e-39,0.96456190101,354.6920209104209,88.98004471945465,0.20055363321810854,0.20055367041245184,443.6720656298756,444.2356923498196,-0.1268756044708219,1.5867606683404898,0.2005536332192642,0.10802500352261565,0.3286715739497647,0.2005535999527501,0.1080249840623255,0.3286715443453015,0.046553910416337094,0.8165525244309721,0.7699986140146351,0.20000000000000012,0.1999999647042351,354.93766816364536,88.73439746623019,-5.981014211675628e-05,5.726974450226407e-10,0.8208280913937307,0.8208280174591973,0.7705318540521611,45.35724184286902,22.047195979515188,35.77220711050061,27.95466315262552,45.39755050423775,22.027620188597012
-155.7396489213,0.0033694932053750016,0.046637858969575834,0.8140921174483718,0.767454258478796,3.69830621059e-39,0.963156547509,354.33071585412904,88.88940569120983,0.20055363321792907,0.20055367184551356,443.2201215453388,443.78317413008614,-0.12687560447757207,1.5867606683401327,0.20055363321914604,0.10754473471060727,0.32794013891350243,0.20055359883607035,0.10754471467345103,0.32794010836348003,0.046988649285133084,0.8148135689552027,0.7678249196700696,0.19999999999999996,0.19999996334264067,354.5761134835504,88.64400806178851,-5.981016462097699e-05,5.137668068755374e-10,0.8190013972942725,0.8190013209982889,0.7683566543791018,45.0298864953492,22.207473254530242,35.523210564080976,28.150608689946015,45.07030204678495,22.187559314822344
-155.2896489213,0.0034319932053750004,0.047068876348209915,0.8123739914974917,0.7653051151492818,8.59375763722e-39,0.961747063986,353.9625774592949,88.79705241321533,0.2005536332180598,0.20055367330472681,442.7596298725102,443.32209746346194,-0.12687560448035873,1.5867606683393067,0.20055363321936007,0.1070699020969563,0.32721537570376535,0.2005535977117636,0.10706988148225316,0.32721534420355836,0.04741907281019205,0.813091874856033,0.7656728020458409,0.20000000000000015,0.19999996196809117,354.20772073700203,88.55190913550817,-5.9810216679334616e-05,6.20503648463e-10,0.817191365489539,0.8171912868205539,0.7662030463687064,44.71152634000562,22.36559746128037,35.27878918136113,28.345644031579486,44.75202321764447,22.345358446402663
-154.8396489213,0.0034944932053749982,0.04749568325972366,0.8106726492281047,0.763176965968381,1.96321000606e-38,0.960334440717,353.5876028629283,88.70298416695593,0.20055363321797878,0.20055367478647196,442.2905870298842,442.8524587639675,-0.12687560449624602,1.5867606683383773,0.20055363321933642,0.1066003932292111,0.32649715654077466,0.20055359657295657,0.106600372036634,0.3264971240863141,0.04784529398076585,0.8113869901736199,0.7635416961928541,0.20000000000000007,0.19999996057181588,353.8324870626221,88.45809996726214,-5.9810275254701395e-05,6.086908754809883e-10,0.8153976768608712,0.8153975958087224,0.764070464680641,44.40174417482881,22.52163780014066,35.03869352468832,28.53987690195693,44.44229831667171,22.501086529651154
-154.3896489213,0.003556993205375001,0.04791838804903414,0.8089876587597997,0.7610692707107656,4.41149374335e-38,0.958919598698,353.2057892387537,88.60720024359425,0.2005536332180076,0.20055367630021695,441.8129894823479,442.3742544918376,-0.12687560448887414,1.586760668338613,0.2005536332193909,0.106136100594735,0.32578535969981065,0.20055359542065748,0.10613607882437615,0.32578532628768925,0.04826742069738995,0.8096984833073967,0.7614310626100067,0.19999999999999998,0.19999995913842175,353.4504096390544,88.36257984329355,-5.9810260388815095e-05,6.358691351238122e-10,0.8136200274115827,0.813619943967761,0.7619583694401875,44.1001498133782,22.675659929314808,34.802693363657006,28.733408347190107,44.140738463043924,22.654809022672623
-153.9396489213,0.003619493205374999,0.04833709427184201,0.8073186073042276,0.7589815130323856,9.75575994738e-38,0.957503392107,352.8171338023414,88.50969994451098,0.20055363321796257,0.20055367784932124,441.3268337468524,441.8874811597301,-0.12687560448788604,1.586760668338094,0.20055363321941758,0.10567692126933564,0.3250798690619517,0.20055359425575364,0.1056768989222173,0.3250798346902147,0.04868555609515736,0.8080259417164561,0.7593403856212988,0.20000000000000015,0.1999999576576121,353.0614856843139,88.26534806253851,-5.981029310708763e-05,6.491696069588215e-10,0.8118581271449706,0.811858041304594,0.7598662446142295,43.806378175144204,22.827726044866253,34.570576059180965,28.92633314203708,43.846979608497804,22.806588023367386
-153.4896489213,0.003681993205375002,0.048751900995502355,0.8056650999579149,0.7569131989624126,2.1242441566e-37,0.956086610509,352.4216338161448,88.41048258304646,0.200553633218019,0.20055367942677096,440.8321163991912,441.3921353390576,-0.12687560448629842,1.586760668337904,0.20055363321948594,0.10522275659888702,0.3243805737076236,0.20055359307808726,0.10522273367369211,0.32438053837074154,0.04909979884143722,0.8063689707316785,0.7572691718902412,0.20000000000000026,0.19999995616391486,352.66571244370715,88.16640395548404,-5.9810305075291836e-05,6.832534538148138e-10,0.8101116990492406,0.8101116107985001,0.7577935965246321,43.52008684097186,22.977895325763757,34.34214492244409,29.118740319171394,43.56068042158034,22.95648255082332
-153.0396489213,0.0037444932053749998,0.04916290307231607,0.8040267586403487,0.7548638555680326,4.55635617122e-37,0.954669981635,352.0192865948024,88.30954748545065,0.2005536332180227,0.20055368103033108,440.32883408025305,440.8882136664317,-0.12687560448187973,1.5867606683378863,0.20055363321950803,0.1047735119092275,0.32368736754656874,0.2005535918914493,0.10477348840640026,0.32368733124174054,0.049510243408107696,0.8047271924651105,0.7552169490570028,0.19999999999999998,0.19999995465420914,352.2630872312617,88.0657468489914,-5.981030619661709e-05,6.942668662190954e-10,0.8083804781733885,0.8083803875052883,0.755739952484445,43.24095460490024,23.126223949891152,34.11721794148284,29.31071348534865,43.28152084328512,23.104548558282563
-152.5896489213,0.0038069932053749985,0.04957019139174241,0.8024032210292815,0.7528330296375391,9.63150268406e-37,0.953254173798,351.61008951020585,88.20689399243827,0.20055363321800415,0.20055368266543794,439.8169835026441,440.37571285022807,-0.1268756044623065,1.5867606683378814,0.20055363321951833,0.10432909623746711,0.32300014897437296,0.2005535906920684,0.10432907215604331,0.32300011169664217,0.04991698033079388,0.8031002447744195,0.7531832644436257,0.19999999999999996,0.19999995311185234,351.85360742431897,87.96337607832515,-5.981030649637731e-05,6.993960965928636e-10,0.8066642107694054,0.8066641176715674,0.7537048595022219,42.96868020310607,23.272765076170835,33.895626576656305,29.502331155863438,43.00920059545998,23.250839033394154
-152.1396489213,0.0038694932053750008,0.049973853129879724,0.8007941396445818,0.7508202865147021,2.00732901574e-36,0.951839798459,351.19403999660466,88.10252146038106,0.20055363321801856,0.20055368433138582,439.2965614569857,439.8546296772643,-0.12687560448960689,1.586760668337329,0.20055363321953595,0.1038894220881523,0.3223188205614936,0.20055358948419705,0.10388939742860515,0.32231878230814465,0.050320096443188134,0.8014877803249265,0.7511676838817384,0.20000000000000004,0.1999999515447026,351.43727045183414,87.85929100515162,-5.981034131297136e-05,7.081890629478949e-10,0.8049626535156541,0.8049625579812963,0.7516878831089201,42.70298075376314,23.41756903964781,33.67721462425862,29.693667102732203,42.74343770024362,23.39540415567231
-151.6896489213,0.003931993205374999,0.05037397195240612,0.7991991809272508,0.7488252089748447,4.12637197767e-36,0.950427412787,350.77113555688203,87.99642926277478,0.2005536332179505,0.20055368603399865,438.7675648196568,439.32496101959885,-0.12687560448384483,1.58676066833767,0.2005536332194499,0.1034544052076168,0.32164328876508025,0.20055358825750225,0.10345437996708305,0.3216432495282359,0.05071967509884065,0.7998894657018877,0.749169790603047,0.19999999999999982,0.19999994992181946,351.0140738284067,87.75349099125003,-5.9810319819053603e-05,6.652900452763788e-10,0.8032755727971661,0.803275474806616,0.7496886062476255,42.44359038372203,23.560683508610996,33.46183714034874,29.884790718623943,42.4839671754299,23.538291418752863
-151.2396489213,0.003994493205375002,0.05077062824409451,0.797618024474213,0.7468473962301185,8.36976596517e-36,0.949017522107,350.3413737669364,87.88861679159693,0.20055363321798456,0.20055368776946772,438.22999055853336,438.78670384144266,-0.12687560448743085,1.5867606683375977,0.20055363321947783,0.10302396438025233,0.32097346366989954,0.2005535870174367,0.10302393855765049,0.32097342344445046,0.051115796373170375,0.7983049806047062,0.7471891842315359,0.20000000000000023,0.19999994825458972,350.58401512321734,87.645975435316,-5.9810324382070235e-05,6.792122420051783e-10,0.8016027440586247,0.8016026435991219,0.7477066282650535,42.1902589604738,23.7021536401769,33.2493595048768,30.075767319768264,42.230539749936845,23.679545796037225
-150.7896489213,0.004056993205375,0.051163899288742376,0.7960503622518303,0.744886462963088,1.67577701053e-35,0.947610582588,349.9047522821682,87.77908345860148,0.20055363321799954,0.20055368953576225,437.6838357407696,438.2398552061902,-0.1268756044926489,1.586760668337639,0.2005536332195202,0.10259802123812989,0.32030925874555966,0.20055358577089447,0.102597994834274,0.32030921752936486,0.051508537252926166,0.7967340170858959,0.7452254798329697,0.19999999999999996,0.19999994656870246,350.14709197863095,87.53674376213867,-5.981032178414836e-05,7.003286839335487e-10,0.7999439511980546,0.7999438482642522,0.7457415639603938,41.94275135694549,23.84202198586587,33.03965668571518,30.26665832252288,41.982921018446156,23.819209710554137
-150.3396489213,0.004119493205374998,0.051553859453854455,0.7944958978901246,0.7429420384362702,3.31309101694e-35,0.946207003454,349.4612688427956,87.6678286968871,0.20055363321799596,0.20055369131917036,437.12909753968273,437.68441228356363,-0.1268756044986108,1.5867606683375675,0.20055363321948205,0.10217650008630247,0.3196505906240476,0.2005535845326326,0.10217647310758751,0.319650548423724,0.05189797181515114,0.7951762788368097,0.7432783070216586,0.2,0.1999999448903959,349.7033021217577,87.42579541792504,-5.981032629165384e-05,6.813216657519661e-10,0.7982989860112408,0.7982988806196641,0.7437930426914569,41.700846548274335,23.980328525042424,32.832612387705595,30.457521570061147,41.7408905096296,23.95732308991588
-149.8896489213,0.004181993205375001,0.05194058032317634,0.7929543459664017,0.7410137656432253,6.47015609071e-35,0.944807149534,349.01092127976244,87.55485196231145,0.2005536332179725,0.20055369313081847,436.56577324207393,437.1203723568749,-0.12687560449554658,1.586760668337212,0.20055363321953712,0.10175932774349206,0.31899737889752644,0.20055358328745604,0.10175930019029314,0.3189973357103365,0.05228417139355672,0.7936314805234587,0.741347309129902,0.19999999999999998,0.1999999431827716,349.25264339811645,87.31312984395753,-5.9810348684852244e-05,7.087663789206999e-10,0.7966676476867458,0.796667539830558,0.7418607075435422,41.464336295826804,24.117110976177507,32.62811831789111,30.648411601831967,41.504240651732204,24.093923519554007
-149.4396489213,0.004244493205374999,0.0523241308927753,0.7914254314638001,0.7391013005710247,1.24854597046e-34,0.943411343432,348.55370752053767,87.4401527349714,0.2005536332179727,0.2005536949695098,435.9938602555091,436.54773283040225,-0.12687560448477742,1.5867606683374686,0.2005536332195087,0.10134643339456648,0.31834954593114545,0.20055358203842336,0.1013464052690505,0.318349501757189,0.05266720473120237,0.7920993471727341,0.7394321424415318,0.19999999999999982,0.1999999414516227,348.79511373114025,87.19874652436877,-5.9810332508902775e-05,6.945999331264829e-10,0.7950497423384185,0.7950496320178692,0.7399442145624512,41.23302434576338,24.252404859134426,32.426073555452206,30.839379867867393,41.27277589800439,24.229046344526385
-148.9896489213,0.004306993205375002,0.05270457769225274,0.7899088891460843,0.7372043114538315,2.3814488033e-34,0.942019867945,348.0896255951124,87.32373052064106,0.20055363321796285,0.20055369684373597,435.41335611575346,435.96649123688115,-0.12687560448932933,1.5867606683368984,0.200553633219575,0.10093774845491899,0.31770701669135193,0.20055358077826546,0.10093771975611514,0.31770697152583094,0.05304713812544112,0.7905796135961107,0.7375324754706696,0.2000000000000001,0.19999993967717578,348.3307111579661,87.08264495778734,-5.981036844682208e-05,7.276623747998201e-10,0.7934450825766194,0.7934449697797256,0.7380432320327446,41.00672590972433,24.386243422639605,32.22638414220899,31.03047476835091,41.04631209617761,24.362724662251054
-148.5396489213,0.004369493205375,0.05308198494422751,0.7884044630536116,0.735322478109384,4.49115592046e-34,0.940632968064,347.6186736422166,87.20558485244908,0.2005536332180485,0.2005536987477898,434.8242584946656,435.3766452451109,-0.12687560448593205,1.5867606683366446,0.20055363321967049,0.10053320644037994,0.31706971857996774,0.20055357951596334,0.10053317717098764,0.3170696724238817,0.05342403556372291,0.7890720238434594,0.7356479882797365,0.20000000000000034,0.19999993787700518,347.85943380831765,86.96482468634797,-5.981038444513587e-05,7.752687380957468e-10,0.7918534870938404,0.7918533718230981,0.7361574397952801,40.78526689039406,24.518657746862132,32.028962373309405,31.22174200789367,40.824675786699444,24.494989383989108
-148.0896489213,0.004431993205374999,0.053456414668041886,0.7869119059565814,0.7334554912885396,8.37690115723e-34,0.939250853222,347.1408499154038,87.08571529213103,0.20055363321797035,0.2005537006816026,434.22656520753486,434.7781926676743,-0.12687560449038404,1.5867606683360018,0.20055363321967568,0.10013274285598028,0.31643758129523786,0.20055357824962958,0.10013271301869638,0.31643753414962705,0.053797958850209805,0.7875763306975403,0.7337783718473305,0.20000000000000018,0.1999999360445321,347.381279937191,86.84528527034381,-5.9810424957174035e-05,7.778666599733697e-10,0.7902747803176866,0.7902746625756941,0.7342865286146519,40.568483467064226,24.649676658775185,31.833726133168234,31.41322494943747,40.60770349129607,24.625869330786998
-147.6396489213,0.004494493205375001,0.05382792681303684,0.7854309788856275,0.7316030520725907,1.54575420155e-33,0.937873699224,346.6561527891654,86.96412143203742,0.20055363321797628,0.200553702642155,433.6202742212028,434.1711314687706,-0.12687560448902957,1.586760668335956,0.20055363321971847,0.09973629508845375,0.3158105366963771,0.20055357697955536,0.0997362646836165,0.3158104885585919,0.05416896772484671,0.7860922951992064,0.7319233274743597,0.19999999999999998,0.1999999341964054,346.896247910735,86.72402631046783,-5.981042783265167e-05,7.992051465066652e-10,0.7887087920725934,0.7887086718527334,0.7324301995849128,40.35622090830767,24.779327139478056,31.64059862915633,31.6049646127275,40.3952410498167,24.75539132856685
-147.1896489213,0.004556993205374999,0.05419657935933234,0.7839614507121971,0.7297648713528648,2.82259216086e-33,0.936501650319,346.16458076545075,86.84080289629277,0.20055363321794475,0.200553704633787,433.0053836617436,433.55545977216184,-0.1268756044975783,1.5867606683359108,0.20055363321968978,0.09934380230699516,0.3151885186788934,0.20055357570397536,0.09934377133626893,0.3151884695484099,0.05453711997293858,0.7846196862066975,0.730082566233759,0.19999999999999982,0.19999993231987542,346.40433623525314,86.60104742649041,-5.981043069702707e-05,7.848832694890007e-10,0.7871553572684575,0.7871552345694217,0.7305881635789098,40.148333266777264,24.907634231169933,31.449508029694794,31.79699978313793,40.18714316246998,24.883580202682367
-146.7396489213,0.004619493205375002,0.0545624284333925,0.782503097708756,0.7279406692753635,5.10177165074e-33,0.935134820982,345.666132480075,86.71575934274877,0.2005536332180213,0.20055370665758315,432.3818918228238,432.93117586923154,-0.12687560448954027,1.5867606683357223,0.20055363321974684,0.09895520536977971,0.31457146305693356,0.20055357442372418,0.09895517383570895,0.3145714129346609,0.05490247153213193,0.7831582799702048,0.7282558084380729,0.20000000000000004,0.19999993041265426,345.90554354656723,86.47634827625656,-5.9810442576413436e-05,8.133493878403897e-10,0.7856143156068063,0.7856141904308651,0.7287601407154979,39.94468316079671,25.03462090247444,31.260387094574437,31.989367149377376,39.983272991477435,25.01045875391825
-146.2896489213,0.004681993205375,0.054925528398725436,0.7810557031571743,0.7261301747584489,9.12997341204e-33,0.933773297642,345.16080670913925,86.5889904642716,0.20055363321802192,0.20055370870689512,431.74979717341085,432.29827822715407,-0.12687560449986535,1.5867606683349156,0.20055363321987263,0.0985704467385095,0.31395930745641143,0.20055357313576938,0.09857041464644145,0.3139592563477647,0.05526507659110322,0.7817078597349516,0.7264427831438484,0.20000000000000007,0.19999992848060236,345.3998686172141,86.34992855619676,-5.9810493413525734e-05,8.76076988731711e-10,0.7840855113138943,0.7840853836745714,0.7269458598635901,39.745140990132555,25.16030828141402,31.07317276557792,32.18210150422022,39.78350153782024,25.13604789285198
-145.8396489213,0.004744493205374999,0.05528593194883067,0.7796190569750168,0.7243331250261861,1.61808048232e-32,0.932417140612,344.64860237585526,86.46049599075836,0.20055363321799502,0.2005537107831203,431.10909836661364,431.65676549717494,-0.12687560449341495,1.586760668334446,0.20055363321989297,0.0981894703993053,0.31335199121643587,0.20055357183297629,0.09818943775562475,0.3133519391285536,0.05562498768126527,0.7802682153744059,0.7246432276931407,0.1999999999999999,0.1999999265230922,344.8873103698544,86.22178799675925,-5.981052301207157e-05,8.862022227162925e-10,0.7825687928945284,0.7825686628096516,0.7251450581833456,39.549585064321626,25.284715335790402,30.887805843087904,32.37523588046578,39.587707153398235,25.260366712452033
-145.3896489213,0.004806993205375001,0.05564369022441078,0.7781929553548448,0.722549265130434,2.84063605274e-32,0.931066385531,344.1295185569319,86.3302756906172,0.2005536332179965,0.20055371289820434,430.4597942475491,431.0066365230017,-0.12687560448351176,1.586760668334305,0.20055363321991013,0.09781222178910573,0.31274945529785614,0.20055357052531236,0.09781218859785319,0.312749402234206,0.05598225576428711,0.7788391430424021,0.722856887278115,0.20000000000000004,0.19999992452754795,344.3678678858954,86.09192636165363,-5.981053189385577e-05,8.947731444663987e-10,0.7810640129036688,0.7810638803818983,0.7233574806904699,39.35790052490958,25.40785932844921,30.704230870494314,32.568801485953024,39.395775162907455,25.383432509319835
-144.9396489213,0.004869493205374999,0.05599885285476247,0.7767772004516961,0.7207783475969336,4.94100318469e-32,0.92972104508,343.6035544895459,86.19832937245553,0.20055363321797737,0.2005537150629031,429.8018838620014,430.34789034930355,-0.1268756044926711,1.5867606683339155,0.2005536332199785,0.09743864772300903,0.31215164219175434,0.20055356921017786,0.09743861398604264,0.3121515881523633,0.056336930313654325,0.7774204448452742,0.7210835145316199,0.20000000000000018,0.19999992247978346,343.84154040793624,85.96034345406518,-5.981055644088684e-05,9.28856991322391e-10,0.7795710277178958,0.7795708927592991,0.7215828798465046,39.16997878439568,25.529755977258134,30.52239622115825,32.7628274252857,39.207597622508274,25.505260731045674
-144.4896489213,0.004931993205375002,0.056351468060182014,0.7753716000721151,0.7190201320119332,8.51715455693e-32,0.928381110385,343.07070957833355,86.06465688696473,0.2005536332180263,0.200553717267157,429.1353664652983,429.6805262303183,-0.12687560448756408,1.5867606683337725,0.20055363322001615,0.09706869632199804,0.3115584958270245,0.20055356789208018,0.09706866204239628,0.3115584408139126,0.05668905939450564,0.7760119285220602,0.7193228691275546,0.2,0.1999999203946929,343.3083273336913,85.82703913160702,-5.98105654558978e-05,9.476197604385561e-10,0.7780896973045976,0.7780895599142196,0.7198210151589183,38.98571744533555,25.65041932092608,30.342252569073953,32.95734216579689,39.02307286636622,25.6258650728117
-144.0396489213,0.004994493205375,0.05670158272435804,0.7739759674124238,0.7172743846880658,1.45527919663e-31,0.927046552622,342.53098340216667,85.92925812837566,0.20055363321791497,0.20055371950231288,428.46024153054236,429.00454363856755,-0.1268756044886521,1.5867606683337365,0.20055363321996883,0.09670231698062848,0.3109699615407065,0.20055356658769377,0.09670228217152602,0.3109699055721084,0.05703868973488149,0.7746134071603201,0.7175747174254387,0.19999999999999984,0.19999991827311048,342.7682282411567,85.69201328938564,-5.981056772075277e-05,9.240386233955178e-10,0.7766198851478822,0.7766197453712621,0.7180716528254294,38.80502111163302,25.769860996164198,30.163752959812584,33.15237335792759,38.842105334021035,25.74525740560514
-143.5896489213,0.005056993205374998,0.05704924241723439,0.7725901206080649,0.7155408781908305,2.46524423737e-31,0.925717324022,341.98437572112374,85.79213303670275,0.20055363321802114,0.20055372179889236,427.7765087578266,428.3199422736772,-0.12687560447591784,1.5867606683339177,0.2005536332200526,0.09633946029562915,0.31038598598459494,0.20055356525441892,0.09633942494775188,0.31038592904278356,0.05738586680031805,0.7732246988989901,0.715838832098672,0.20000000000000012,0.1999999160989387,342.22124289716436,85.55526586066222,-5.981055629655785e-05,9.658052135819162e-10,0.7751614580153401,0.7751613158082062,0.7163345653620097,38.62779924758733,25.888091464658302,29.98685360905794,33.34794683820834,38.664604730714345,25.863448157938134
-143.1396489213,0.005119493205375001,0.05739449155073155,0.7712138827588333,0.7138193912081018,4.14115884714e-31,0.924393359733,341.4308864838783,85.6532815988444,0.2005536332179236,0.20055372413372033,427.08416808272267,427.6267220713034,-0.1268756044881192,1.5867606683340005,0.20055363321994601,0.09598007801667563,0.30980651706617734,0.20055356391892218,0.0959800421330336,0.3098064591531842,0.05773063484678683,0.7718456267125838,0.714114991865797,0.19999999999999976,0.1999999138888714,341.6673712428779,85.41679683984482,-5.981055107850963e-05,9.126477351628637e-10,0.773714285810544,0.7737141411779699,0.7146095313339591,38.45396565168061,26.005120227601168,29.811513156042345,33.544087304985226,38.490485789957205,25.980446322683626
-142.6896489213,0.005181993205374999,0.05773737337312302,0.7698470815072556,0.7121097081341325,6.89947063866e-31,0.923074578707,340.8705158346371,85.51270385118511,0.20055363321801126,0.2005537264975936,426.3832196858222,426.9248832121621,-0.12687560450083124,1.5867606683331297,0.2005536332200581,0.09562412299567098,0.30923150388611925,0.2005535625892404,0.09562408658269331,0.3092314450095483,0.05807303698995034,0.7704760181404867,0.7124029811505364,0.20000000000000034,0.19999991164479455,341.10661342183477,85.27660626398747,-5.981060595683374e-05,9.68536362222494e-10,0.7722782414169225,0.7722780943778983,0.7128963350157098,38.28344054049918,26.12095427896881,29.63769271014959,33.740818145993686,38.31966877590857,26.09625896945895
-142.2396489213,0.005244493205375002,0.05807793002701797,0.7684895487892465,0.7104116187622285,1.14030890455e-30,0.921760884887,340.3032641208623,85.37039988067438,0.20055363321787792,0.20055372890486317,425.67366400153674,426.2144261311611,-0.12687560450098667,1.5867606683332658,0.20055363321998373,0.09527154913867253,0.3086608966789809,0.20055356124997642,0.09527151219565141,0.30866083683494966,0.058413115264373136,0.7691157050424282,0.7107025897780551,0.19999999999999957,0.19999990936261444,340.53896978317744,85.13469421835934,-5.981059738591199e-05,9.314771176605063e-10,0.7708532005497056,0.7708530510945353,0.7111947660868763,38.11614811201643,26.235599595771895,29.465355350360742,33.938161889086366,38.15207824388086,26.210891936414715
-141.7896489213,0.005306993205374999,0.05841620262244342,0.7671411207186428,0.7087249180961994,1.86990889772e-30,0.920452168532,339.7291318999254,85.22636982738042,0.2005536332179792,0.20055373135058047,424.9555017273058,425.49535152663293,-0.1268756044901953,1.5867606683338542,0.20055363321997802,0.09492231136928529,0.3080946467715486,0.20055355989875076,0.09492227389710622,0.3080945859587705,0.05875091066895335,0.767764523424076,0.7090136127551226,0.20000000000000037,0.1999999070325768,339.9644408888626,84.9910608384432,-5.981056030446297e-05,9.286127422569734e-10,0.7694390416518614,0.7694388897773317,0.7095046194122656,37.952017093808045,26.34906064487287,29.294466166805655,34.13614005819047,37.987643380628235,26.324349472806443
-141.3396489213,0.005369493205374999,0.058752231300824194,0.7658016373036505,0.7070494060028263,3.04288407161e-30,0.919148307216,339.1481199472597,85.08061388563395,0.20055363321794162,0.20055373383585123,424.22873383289374,424.76766036966865,-0.1268756044906727,1.5867606683339859,0.20055363321994807,0.09457636558154515,0.30753270652329834,0.20055355853927775,0.09457632758215542,0.3075326447422378,0.05908646323097932,0.7664223131758248,0.7073358499448454,0.1999999999999999,0.19999990466152398,339.38302751163593,84.84570632125777,-5.981055199999474e-05,9.136913448060113e-10,0.7680356457454084,0.7680354914526792,0.7078256947163855,37.79098093881143,26.46134011760985,29.12499226195719,34.33477307069335,37.82629805461083,26.436634072841954
-140.8896489213,0.005431993205375,0.05908605528596213,0.7644709423000733,0.7053848870141112,4.91463010077e-30,0.917849166928,338.5602292634407,84.93313230656,0.20055363321798161,0.20055373636215915,423.49336157000073,424.0313539135485,-0.1268756045000985,1.586760668332942,0.20055363322007458,0.0942336686051071,0.3069750292859455,0.20055355719369752,0.09423363008972233,0.30697496655219675,0.059419812049932054,0.7650889179006457,0.7056691058507136,0.20000000000000015,0.1999999022693043,338.7947306443014,84.69863092569929,-5.981061779181118e-05,9.767520126047202e-10,0.766642896330395,0.7666427396584116,0.7061577963673406,37.63297799695457,26.572438675486282,28.956901993628875,34.534081036017625,37.66797902738276,26.54774760475069
-140.4396489213,0.005494493205375,0.059417712816756986,0.7631488827902296,0.7037311699734726,7.87966758088e-30,0.916554602966,337.96546108213863,84.78392539965347,0.20055363321811734,0.2005537390218668,422.7493864817921,423.28643370327075,-0.12687560448845225,1.5867606683331814,0.2005536332202001,0.09389417817775009,0.30642156937420395,0.20055355576377307,0.09389413910110414,0.30642150561131337,0.0597509953287175,0.7637641847861288,0.7040131894574113,0.19999999999999996,0.19999989972700713,338.19955157577994,84.54983490601221,-5.981060270388028e-05,1.0393463867330865e-09,0.765260679311873,0.7652605200696992,0.7045007332175329,37.47794885798299,26.682356704988006,28.79016587400662,34.734082616135815,37.5126282258466,26.657689617998813
-139.9896489213,0.005556993205375001,0.059747241406872265,0.7618353094861655,0.7020880680792932,1.25431195995e-29,0.915264460662,337.363816877568,84.63299353454593,0.20055363321797381,0.20055374175641286,421.9968104121139,422.5329015851758,-0.12687560449153867,1.5867606683329984,0.20055363322010444,0.09355785289093459,0.3058722819919036,0.20055355429916236,0.09355781324156648,0.30587221717829566,0.06008005045580479,0.7624479642773015,0.7023679138214968,0.19999999999999984,0.19999989712266972,337.5974917435964,84.39931866851755,-5.9810614227995273e-05,9.916512055951898e-10,0.7638888828153827,0.7638887209491356,0.7028543181940586,37.32583703878319,26.79109376598724,28.624755947461697,34.93479566552165,37.36019138364451,26.766458172850218
-139.5396489213,0.005619493205375,0.060074677749584776,0.7605300762264601,0.7004553984768753,1.98267119279e-29,0.91397857684,336.75529837221063,84.48033714354575,0.20055363321792313,0.20055374455601177,421.23563551575637,421.7707597166607,-0.12687560447856017,1.5867606683326836,0.20055363322014183,0.09322465217849271,0.30532712322768296,0.20055355282122986,0.09322461195254785,0.30532705735415566,0.060407014012289116,0.7611401100515522,0.7007330960392631,0.20000000000000007,0.19999989446193084,336.9885528690007,84.24708264675566,-5.9810634078782954e-05,1.0103029524088925e-09,0.7625273971761951,0.7625272326628935,0.7012183682665462,37.176590984976905,26.898647065410085,28.460645989890523,35.13623690604946,37.21061617255591,26.87405108699957
-139.0896489213,0.005681993205374999,0.06040005774529201,0.7592330398770905,0.6988329821317985,3.11249128181e-29,0.912696780476,336.1399075446442,84.32595672299652,0.20055363321793993,0.20055374741920864,420.4658642676407,421.0000105759914,-0.12687560449698987,1.5867606683317617,0.20055363322019762,0.09289453625913205,0.3047860499746208,0.20055355132435151,0.09289449545452677,0.3047859830348613,0.060731921818524236,0.7598404788268928,0.6991085570083685,0.19999999999999993,0.19999989172689173,336.3727369392586,84.0931273283821,-5.981069217675383e-05,1.0381029369455064e-09,0.7611761147385995,0.7611759475624776,0.6995927042086215,37.03016275675457,27.00501228063311,28.29781167879353,35.33842161899053,37.06385484034429,26.980463967053215
-138.6396489213,0.005744493205375001,0.06072341660847866,0.7579440601535455,0.6972206435450669,4.85334103519e-29,0.911418892624,335.51764663787486,84.16985283555415,0.20055363321795353,0.20055375033248546,419.687499473429,420.2206569721985,-0.12687560450050928,1.5867606683317392,0.20055363322024478,0.09256746612250231,0.30424901992036446,0.2005535498260021,0.09256742474241375,0.3042489519167055,0.06105480898633086,0.758548930155901,0.6974941211695701,0.1999999999999999,0.1999998889549474,335.75004618296373,83.93745329046536,-5.9810693586737074e-05,1.0616174606070672e-09,0.7598349298312498,0.7598347599981333,0.6979771503394636,36.88650727579172,27.11018401724066,28.136227821878414,35.54136703507964,36.91986240234939,27.08569141190421
-138.1896489213,0.005806993205375,0.0610447888323076,0.7566629995301224,0.6956182106978148,7.51812832878e-29,0.910144725119,334.8885181667963,84.01202611213445,0.20055363321799333,0.20055375329992484,418.9005442789308,419.43270205506633,-0.12687560448391144,1.5867606683312054,0.20055363322038217,0.09224340353728311,0.3037159915731852,0.20055354832035388,0.09224336158422591,0.3037159225069142,0.061375709933776466,0.7572653263668072,0.6958896164330307,0.19999999999999996,0.19999988612871267,335.1204831238889,83.78006115504192,-5.981072722649472e-05,1.1301404256869318e-09,0.7585037388322351,0.7585035663453396,0.6963715344500593,36.74558181572223,27.21415611310671,27.97587023172965,35.74509002639785,36.77859644619967,27.189727086590057
-137.7396489213,0.005869493205375002,0.061364208264703034,0.7553897230810769,0.6940255148163739,1.1571087305e-28,0.908874082134,334.25252492627146,83.85247725385324,0.20055363321802253,0.20055375632160521,418.1050021801247,418.6361493252041,-0.12687560449223811,1.5867606683307822,0.20055363322039407,0.09192231099438225,0.3031869241810772,0.2005535468071354,0.09192226847201998,0.3031868540554158,0.06169465843189362,0.7559895323743976,0.694294873942504,0.19999999999999998,0.19999988324816712,334.4840505586251,83.6209516214996,-5.9810753905154e-05,1.1360690166384302e-09,0.757182439967037,0.757182264834408,0.694775687567226,36.607347155751725,27.316920719366593,27.816716862913513,35.94960558890559,36.64001788112344,27.29256309984471
-137.2896489213,0.005931993205375,0.06168170814403172,0.754124098365203,0.6924423902211713,1.76966468203e-28,0.907606762229,333.60966999965973,83.69120703421727,0.20055363321803688,0.20055375939132056,417.300877033877,417.8310026442031,-0.12687560448394475,1.5867606683307738,0.20055363322043132,0.09160415168978708,0.30266177771530234,0.20055354529706976,0.09160410860469165,0.3026617065383258,0.06201168763220897,0.7547214155733202,0.6927097279411112,0.20000000000000004,0.19999988031973565,333.8407515697809,83.46012546409611,-5.9810754438061053e-05,1.1546319456101628e-09,0.7558709332674343,0.7558707555092389,0.6931894438192945,36.47176639473546,27.418469102290192,27.658746505646224,36.15492841643641,36.504090049776934,27.394190586216535
-136.8396489213,0.005994493205374998,0.06199732109507534,0.7528659952951996,0.6908686742001242,2.68977384087e-28,0.90634256009,332.95995676649983,83.52821630101155,0.20055363321798791,0.2005537625118355,416.48817306751135,417.01726624487543,-0.1268756044871644,1.5867606683315583,0.2005536332203064,0.09128888949925854,0.30214051284006677,0.20055354378240436,0.09128884585668992,0.30214044061775297,0.06232683009670767,0.7534608457147015,0.6911340156179938,0.20000000000000012,0.1999998773399126,333.19058954048484,83.29758352702656,-5.981070499982977e-05,1.0923484339286915e-09,0.7545691204957717,0.7545689401269393,0.6916126402826567,36.33880522370408,27.51879138138786,27.50193899123388,36.36107258905437,36.370778717617895,27.494599655508697
-136.3896489213,0.006056993205375001,0.06231107919085435,0.751615286029164,0.6893042068383097,4.06353160502e-28,0.905081267754,332.30338891101576,83.36350597856702,0.20055363321804012,0.20055376567859182,415.66689488958275,416.194944741572,-0.12687560448796376,1.5867606683309377,0.2005536332204463,0.09097648895736576,0.30162309088888695,0.20055354226475675,0.09097644476061593,0.30162301762401345,0.0626401178245871,0.7522076948038835,0.6895675769792964,0.19999999999999996,0.19999987430666163,332.5335681582259,83.13332673135689,-5.9810744101884694e-05,1.1621148487961364e-09,0.7532769050859381,0.7532767221134055,0.690045116852658,36.208431634878465,27.617876689161285,27.346275022350994,36.56805174315945,36.24005196507934,27.593779417413447
-135.9396489213,0.006119493205374999,0.06262301394685901,0.7503718448675557,0.6877488309206967,6.10249395913e-28,0.9038226756,331.63997043042497,83.19707706955893,0.20055363321802197,0.2005537688862668,414.8370474999839,415.3640431405768,-0.12687560449583524,1.5867606683304258,0.20055363322043873,0.09066691523699873,0.3011094738413236,0.20055354072945183,0.09066687048422262,0.3011093995281825,0.06295158227876398,0.7509618369871386,0.6880102547083746,0.19999999999999998,0.19999987121745844,331.8696914237565,82.96735607622747,-5.981077636496579e-05,1.1583400905124108e-09,0.75199419208526,0.751994006494772,0.688486716103709,36.08061542810875,27.715713496975052,27.191736540791,36.775878528385824,36.11188113001223,27.691717205197317
-135.4896489213,0.006181993205375002,0.06293315642612533,0.7491355482344277,0.6862023918083024,9.11125444289e-28,0.902566573258,330.96970564324346,83.02893065737197,0.2005536332179666,0.20055377213528988,413.9986363006154,414.52456685057837,-0.12687560449283763,1.586760668330538,0.20055363322044606,0.0903601341209489,0.30059962428610737,0.20055353922613875,0.09036008884280941,0.30059954897306385,0.06326125442846887,0.7497231483883574,0.6864618939598885,0.2000000000000002,0.19999986811282752,331.1989636416019,82.79967265901352,-5.981076929284512e-05,1.1619816220331813e-09,0.7507208880624119,0.7507206999747563,0.6869372830832362,35.955329278875844,27.812288749849138,27.038305967218577,36.984565571985414,35.98623878450818,27.788400060038864
-135.0396489213,0.006244493205375,0.06324153713980817,0.7479062743925987,0.6846647372527905,1.35258921338e-27,0.901312749558,330.2925991977682,82.85906790805237,0.20055363321777342,0.20055377542216496,413.1516671058206,413.6765216932107,-0.1268756044558339,1.5867606683307107,0.20055363322030986,0.09005611199950786,0.30009350542707164,0.20055353773194742,0.09005606621735922,0.3000934291472561,0.06356916474069306,0.7484915071387782,0.6849223423980851,0.2000000000000002,0.19999986497484265,330.5213894705254,82.63027763529526,-5.981075841265948e-05,1.0940803818471068e-09,0.7494569011222326,0.7494567106201497,0.6853966653499909,35.832548227092325,27.907588197813922,26.8859661756789,37.19412549527798,35.86309895138714,27.883814540274727
-134.5896489213,0.006306993205374999,0.06354818615103197,0.7466839034716556,0.6831357173206236,1.99672867651e-27,0.900060993271,329.60865607977985,82.68749007263845,0.20055363321797923,0.20055377874174632,412.2961461524183,412.8199139136655,-0.12687560449341495,1.586760668329893,0.20055363322050676,0.08975481584333304,0.2995910810477058,0.20055353624065356,0.08975476957336348,0.29959100382582166,0.06387534322540146,0.7472667932009271,0.6833914499755257,0.2000000000000003,0.19999986180370222,329.83697389973565,82.45917225268268,-5.9810809949212285e-05,1.1922463016844631e-09,0.7482021408172007,0.748201947962385,0.6838647127526234,35.712249006495774,28.001596869973323,26.73470118151379,37.40456993368113,35.74243857424458,27.977945542881447
-134.1396489213,0.006369493205375001,0.06385313307435628,0.7454683173432055,0.6816151842688493,2.93146505369e-27,0.898811093579,328.91788162298127,82.51419848887835,0.20055363321801378,0.20055378212313416,411.43208011185965,411.95475019137103,-0.12687560448533253,1.5867606683292728,0.20055363322062128,0.08945621318617551,0.29909231549168147,0.20055353473603998,0.08945616643396168,0.29909223733484236,0.06417981945097041,0.7460488882992238,0.6818690688482534,0.20000000000000026,0.1999998585749075,329.1457222763077,82.28635783555194,-5.981084902906275e-05,1.2493561740711812e-09,0.7469565180987998,0.7469563229090171,0.6823412773447918,35.59441238874902,28.09429719132232,26.58449569748453,37.61591009208505,35.624237765121215,28.07077604279507
-133.6896489213,0.006431993205374999,0.06415640711363674,0.7442593993864676,0.6801029922728308,4.28064073373e-27,0.897562840197,328.22028151546124,82.33919458379071,0.2005536332180173,0.20055378562136644,410.5594760992519,411.0810376507353,-0.12687560449492485,1.5867606683292113,0.2005536332206052,0.08916027210856153,0.29859717364463034,0.2005535331763984,0.08916022485500329,0.29859709451868965,0.06448262259297577,0.7448376757311204,0.6803550531381446,0.2000000000000002,0.19999985523074593,328.4476403157907,82.11183578346127,-5.981085290374111e-05,1.2413403638333875e-09,0.7457199452720111,0.7457197476619832,0.6808262131473488,35.47904031030532,28.18565528418585,26.43533830016229,37.82815217438927,35.50849970430777,28.16227124005139
-133.2396489213,0.006494493205375001,0.06445803748354353,0.7430570333380117,0.6785989958544681,6.21778732668e-27,0.896316023713,327.515861809616,82.1624798757174,0.20055363321799646,0.20055378919898612,409.6783416853334,410.1987838719501,-0.12687560448232382,1.586760668330061,0.20055363322051875,0.08886696115084436,0.2981056207971335,0.2005535316002407,0.08886691339769429,0.29810554070277573,0.06478378178778217,0.7436330389514662,0.6788492571636839,0.20000000000000034,0.1999998518067786,327.7427340598199,81.93560762551348,-5.981079935768463e-05,1.198241506017439e-09,0.7444923356531408,0.7444921356245772,0.6793193743778918,35.366113938656,28.27565397019706,26.287218613677833,38.041301162218716,35.39520687747358,28.252412917423168
-132.7896489213,0.0065569932053750005,0.0647580526338201,0.7418611058147297,0.6771030531809097,8.98482073242e-27,0.895070436191,326.8046289301491,81.98405597642179,0.20055363321800196,0.20055379284500144,408.78868490657084,409.3079969018541,-0.12687560448710888,1.586760668330676,0.2005536332204491,0.08857624936104956,0.29761762273267617,0.20055353001225318,0.08857620111441657,0.29761754167793364,0.06508332543422306,0.7424348643653542,0.6773515389311312,0.19999999999999976,0.1999998483139682,327.03100993279014,81.75767497378071,-5.981076058869661e-05,1.163513729807164e-09,0.7432736037894793,0.74327340136244,0.6778206189443468,35.25559030823925,28.364296023893253,26.140122830679314,38.255367294079875,35.28431582327744,28.34120420553229
-132.3396489213,0.006619493205374999,0.06505648055325239,0.7406715053182871,0.6756150247650347,1.29172997177e-26,0.893825871198,326.08658968329604,81.80392459334043,0.2005536332180061,0.2005537965464231,407.8905142766364,408.4086852648502,-0.1268756044886188,1.5867606683302555,0.2005536332204877,0.08828810630798961,0.297133145757907,0.2005535284265529,0.08828805757865746,0.2971330637587434,0.06538128146086836,0.7412430402589701,0.6758617587981017,0.19999999999999982,0.19999984476585167,326.31247473984575,81.57803953679068,-5.981078708972021e-05,1.1827427925936718e-09,0.7420636655348715,0.7420634607492244,0.6763298071076238,35.14744997956762,28.451566204129552,25.994035971860875,38.47036301259729,35.17580722435684,28.428629757430798
-131.8896489213,0.006681993205375001,0.06535334890175117,0.739488121613693,0.6741347727119419,1.84783850974e-26,0.892582123764,325.3617512651978,81.62208753172992,0.20055363321799324,0.20055380030532316,406.9838387969277,407.50085797387686,-0.12687560451278834,1.5867606683297268,0.20055363322050415,0.08800250207809315,0.2966521567056157,0.2005535268477171,0.08800245288027933,0.29665207378388464,0.06567767747981072,0.740057456183277,0.6743797787034663,0.19999999999999998,0.19999984116091563,325.5871356824825,81.39670311444523,-5.981082041861541e-05,1.190958442975898e-09,0.7408624380571526,0.7408622309674753,0.6748468007109836,35.041682292564296,28.537442684713685,25.848942845536605,38.68630164009482,35.069670512290124,28.514667671301652
-131.4396489213,0.006744493205374999,0.0656486850206493,0.7383108457084452,0.6726621606877958,2.63042768931e-26,0.891338990632,324.63012127111983,81.4385466970164,0.200553633218032,0.2005538041386093,406.06866796813625,406.58452454142684,-0.12687560449390345,1.5867606683296482,0.2005536332205812,0.08771940726723526,0.2961746229291687,0.20055352527487824,0.08771935761544417,0.29617453910733815,0.06597254078957038,0.7388780029446216,0.6729054621550512,0.1999999999999999,0.1999998374827491,324.8550003676725,81.21366760046365,-5.98108253702101e-05,1.2293721596279283e-09,0.7396698398242524,0.7396696304866565,0.6733714631677287,34.93827678604617,28.62190388277493,25.704830032250012,38.903194409197475,34.965895238889104,28.599296347710812
-130.9896489213,0.006806993205375002,0.06594251595846977,0.7371395698567631,0.6711970538982933,3.72647217808e-26,0.890096270449,323.8917077036879,81.25330409671477,0.2005536332179865,0.2005538080247311,405.14501180040276,405.65969499061134,-0.126875604494181,1.5867606683291073,0.2005536332206199,0.08743879293439287,0.29570051223221255,0.2005535237229809,0.08743874284896783,0.29570042754275455,0.06626589838144466,0.7377045725773212,0.6714386741958766,0.2000000000000001,0.1999998337531435,324.11607679440675,81.0289350059959,-5.981085945405695e-05,1.2486678357959136e-09,0.7384857904286349,0.7384855789242164,0.6719036594274186,34.83722287133421,28.704928739392983,25.561685987291206,39.12105017240183,34.86447101972294,28.682494549660507
-130.5396489213,0.006869493205375001,0.06623486843274404,0.7359741875185042,0.6697393190857601,5.25432154726e-26,0.888853764,323.1465189822459,81.06636184301591,0.20055363321798816,0.20055381196590508,404.2128808252618,404.7263798662691,-0.12687560449531343,1.586760668328553,0.20055363322070602,0.08716063059216927,0.2952297928600182,0.20055352218433392,0.08716058009047918,0.2952297073305449,0.06655777694123421,0.7365370583385922,0.669979281397358,0.20000000000000007,0.19999982996950286,323.37037338872653,80.84250743653527,-5.981089439277554e-05,1.2916112623884146e-09,0.7373102105656822,0.7373099969633999,0.670443255969067,34.738510636106916,28.78649607276509,25.419499615415628,39.33987746137816,34.765387770283844,28.764241221976608
-130.0896489213,0.006931993205374999,0.06652576888558409,0.7348145933266232,0.6682888244410392,7.37428262733e-26,0.88761127457,322.3945639516061,80.87772215476427,0.20055363321800723,0.20055381596839053,403.27228610637036,403.7845902461101,-0.12687560449681223,1.5867606683281819,0.20055363322075498,0.08688489219259195,0.29476243348261316,0.20055352066622487,0.08688484129118074,0.2947623471394892,0.06684820285943309,0.7353753546660429,0.6685271518066098,0.20000000000000012,0.1999998261245998,322.61789900422644,80.65438710214393,-5.9810917785174667e-05,1.3160139644696756e-09,0.7361430219915678,0.7361428063572653,0.6689901207484081,34.64213114426681,28.866584328646233,25.278260320551006,39.559684381721816,34.66863646516002,28.84451486879048
-129.6396489213,0.006994493205375001,0.06681524346529424,0.7336606830420922,0.666845439576798,1.03025199617e-25,0.886368608132,321.6358518909657,80.6873873597994,0.20055363321805916,0.2005538200339875,402.3232392507651,402.83433775189854,-0.12687560449433644,1.5867606683277404,0.2005536332208326,0.08661155011699466,0.2942984031845818,0.20055351916731498,0.08661149882941213,0.2942983160492294,0.06713720224538776,0.7342193571226142,0.6670821548772264,0.19999999999999982,0.19999982221589496,321.8586629272891,80.46457632347601,-5.981094559626143e-05,1.354738543568601e-09,0.7349841474977846,0.734983929884962,0.6675441231286302,34.54807584597616,28.945172068576166,25.137958512528847,39.78047777832064,34.57420918304651,28.92329350776158
-129.1896489213,0.007056993205374999,0.06710331803772178,0.7325123535280346,0.6654090354903128,1.43292344456e-25,0.885125573825,320.87039252290174,80.49535989709734,0.20055363321797573,0.2005538241669816,401.36575241999907,401.87563456066437,-0.1268756044945918,1.5867606683271915,0.20055363322088499,0.08634057715134887,0.2938376714299051,0.2005535176813733,0.08634052549275889,0.2938375835266124,0.06742480093796693,0.7330689623525566,0.6656441614145896,0.19999999999999993,0.19999981823970642,321.0926748883562,80.27307753164281,-5.981098019081088e-05,1.3808509891077847e-09,0.7338335108233347,0.7338332912926493,0.6661051338256451,34.456337246973675,29.02223741404292,24.998585974149083,40.002262569334725,34.48209858710322,29.00055509887132
-128.7396489213,0.007119493205375002,0.06739001821591967,0.7313695026981478,0.6639794844822282,1.9842334085e-25,0.88388198424,320.0981960221799,80.30164231928072,0.20055363321800235,0.2005538283719292,400.3998383414606,400.9084934159432,-0.12687560449232693,1.5867606683265247,0.20055363322094885,0.08607194646885238,0.2933802080387366,0.20055351621104647,0.08607189445271246,0.2933801193890146,0.0677110245106236,0.73192406806225,0.6642130435516264,0.19999999999999998,0.19999981419079577,320.3199450711438,80.07989327031679,-5.981102221275236e-05,1.4126921854540342e-09,0.7326910365967297,0.7326908152019033,0.6646730248838292,34.36690897643707,29.097757982413505,24.86013276905793,40.2250466354969,34.39229818051842,29.076277332535224
-128.2896489213,0.007181993205375001,0.06767536935234868,0.7302320294676992,0.6625566601153505,2.73581253404e-25,0.882637655638,319.3192730250021,80.10623729451679,0.20055363321795877,0.20055383264380677,399.4255103195188,399.93292763904134,-0.12687560449649027,1.5867606683256978,0.20055363322101313,0.08580563167239544,0.2929259832660726,0.20055351475123787,0.08580557930968444,0.29292589388731827,0.06799589828616855,0.7307845729603936,0.662788674674225,0.19999999999999993,0.19999981007310783,319.54048411726086,79.88502620225793,-5.981107432662114e-05,1.4447554264052087e-09,0.731556650532462,0.731556427316942,0.6632476696013878,34.279785236353206,29.171711348398844,24.722588330249245,40.448839200887925,34.30480251273525,29.15043745343708
-127.8396489213,0.007244493205375001,0.0679593965644996,0.7290998337452654,0.6611404371807659,3.75609409089e-25,0.881392408428,318.5336346377863,79.90914760910852,0.20055363321801337,0.20055383698981666,398.44278224689486,398.94895114031925,-0.12687560450468371,1.5867606683249824,0.2005536332211477,0.08554160675359074,0.2924749677384216,0.20055351330844762,0.08554155405930533,0.29247487765499675,0.06827944734488779,0.7296503767261884,0.6613709293813006,0.20000000000000018,0.19999980588101318,318.75430314282505,79.68847910406977,-5.981111941277817e-05,1.5118351015530607e-09,0.7304302792728431,0.7304300542974711,0.6618289424903933,34.194961087684796,29.244074804932204,24.585943900133223,40.673646863506484,34.219606720859964,29.22301264761202
-127.3896489213,0.007306993205375001,0.06824212473537138,0.7279728163695758,0.6597306916342044,5.13540961938e-25,0.880146067235,317.7412924464294,79.71037616947757,0.20055363321800226,0.20055384140489355,397.4516686159069,397.9565784304916,-0.12687560451344337,1.5867606683242923,0.20055363322123324,0.0852798460829341,0.29202713244309014,0.20055351188803666,0.0852797930728958,0.29202704168089605,0.06856169653127779,0.7285213799810539,0.6599596834497762,0.20000000000000034,0.19999980161933267,317.9614137394527,79.49025487645413,-5.9811162911316273e-05,1.5544898701591592e-09,0.7293118503612457,0.7293116236907077,0.6604167192417416,34.11243222080085,29.31482556058336,24.45019116327916,40.89947572687542,34.136706741959784,29.293979866277812
-126.9396489213,0.0073694932053749995,0.06852357852229686,0.7268508791047202,0.6583273005824234,6.99251484185e-25,0.878898461408,316.94225852517684,79.50992600466863,0.20055363321798775,0.20055384589273076,396.4521845298455,396.9558246319382,-0.12687560449822222,1.5867606683238373,0.200553633221302,0.08502032439892415,0.29158244871549477,0.200553510500692,0.08502027109482375,0.29158235731062976,0.06884267046563582,0.7273974842439686,0.6585548137783327,0.19999999999999982,0.19999979728551853,317.16182799047533,79.29035653937008,-5.981119157727477e-05,1.5887957616200765e-09,0.7282012922104159,0.7282010639348644,0.6590108766688634,34.032195229509284,29.383940508571747,24.315322091617336,41.126331628761285,34.05609886376348,29.363316215411402
-126.4896489213,0.007431993205375,0.06880378235546544,0.7257339245538137,0.6569301421983482,9.48291411292e-25,0.877649424936,316.1365454454997,79.30780026845744,0.2005536332180215,0.20055385045680196,395.44434571395715,395.9467054900231,-0.12687560449435864,1.5867606683239552,0.20055363322130507,0.08476301680187745,0.2911408882343348,0.20055350914377557,0.08476296321955684,0.29114079621302963,0.06912239354318415,0.7262785919337881,0.6571561983906039,0.20000000000000015,0.19999979287472636,316.355558477684,79.08878723627312,-5.9811184149882735e-05,1.5903056649335667e-09,0.7270985340904185,0.7270983042753624,0.6576112927109212,33.95424704614933,29.45139671749569,24.181328933250846,41.354220140686195,33.977780155137054,29.43099859479229
-126.0396489213,0.007494493205375,0.06908276041429942,0.7246218561693334,0.655539095755034,1.28094376667e-24,0.876398796899,315.3241662855233,79.10400224163153,0.2005536332179722,0.20055385511113047,394.42816852715487,394.92923738441726,-0.12687560449586854,1.5867606683236797,0.20055363322132794,0.0845078987436074,0.2907024230095226,0.20055350778439554,0.08450784489209198,0.2907023303864143,0.06940088995240232,0.7251646062970313,0.6557637163446289,0.20000000000000004,0.19999978837279292,315.5426182934556,78.88555023369926,-5.981120151377084e-05,1.6017187576267133e-09,0.7260035060984932,0.7260032747804872,0.6562178463421995,33.878584666699076,29.51717168347204,24.04820440325004,41.583146218802646,33.9017483027137,29.49700384389775
-125.5896489213,0.007556993205375001,0.06936053671337135,0.723514578277739,0.6541540415643676,1.72356296329e-24,0.875205296138,314.50513463871897,78.89853533448884,0.20055363321817032,0.20055385988692026,393.4036699732078,393.9034373404191,-0.12687560448459978,1.5867606683234698,0.2005536332214889,0.0842549460175051,0.2902670253706148,0.20055350643345446,0.084254891914246,0.290266932174931,0.06967818367138748,0.7240554314218954,0.654377247750508,0.20000000000000007,0.19999978374966165,314.723021052243,78.68064892096483,-5.981121473652706e-05,1.6819656778466197e-09,0.7249161391301631,0.7249159063822007,0.6548304175897721,33.80520779036317,29.58124103840206,23.915941016194967,41.8131153326912,33.82800015030302,29.56131002592071
-125.1396489213,0.0076194932053750015,0.06963713497734897,0.7224119957733275,0.6527748607959785,2.31026297679e-24,0.8740463007,313.6794646231833,78.69140308846141,0.20055363321797914,0.2005538647152793,392.37086771164473,392.8693230402686,-0.1268756045309294,1.5867606683223936,0.20055363322140268,0.0840041347625988,0.28983466797917534,0.20055350498334268,0.08400408034637484,0.2898345741045654,0.06995429846132072,0.7229509722617322,0.6529966738004115,0.20000000000000007,0.1999997790688422,313.8967808562659,78.47408685537884,-5.981128256005164e-05,1.6389778423331336e-09,0.72383636491011,0.7238361304665899,0.6534488875635327,33.7341124006194,29.64358415968397,23.784532453154792,42.04413107424189,33.756535219841226,29.623893373163064
-124.6896489213,0.007681993205375,0.06991257897402196,0.7213140149156201,0.6514014359415982,3.08503815166e-24,0.872883622809,312.84717089075247,78.48260917949167,0.20055363321800854,0.2005538696393778,391.3297800702441,391.8269128344547,-0.12687560448931823,1.5867606683229196,0.2005536332214522,0.08375544142515744,0.28940532376782124,0.2005535036355368,0.0837553867552551,0.28940522931566925,0.07022925792164192,0.7218511344206964,0.6516218764990545,0.20000000000000018,0.1999997742942169,313.0639123815898,78.26586768865437,-5.981124941989435e-05,1.663669202400797e-09,0.7227641158399468,0.7227638799540665,0.652073138186482,33.665297266444846,29.70417852203932,23.653972273010332,42.27619735316171,33.68735259619404,29.684731002369684
-124.2396489213,0.007744493205375,0.07018689193645092,0.7202205420401419,0.650033650103691,4.10441771913e-24,0.871717106659,312.0082686352625,78.27215741905586,0.2005536332179829,0.20055387461095645,390.28042605431835,390.7762257530021,-0.12687560450443947,1.5867606683221258,0.20055363322148004,0.08350884279013637,0.2889789659994934,0.20055350217869333,0.08350878782605642,0.2889788708989922,0.07050308543158232,0.7207558243810714,0.6502527389494891,0.20000000000000015,0.1999997694683723,312.22443081543656,78.05599523888179,-5.981129944654384e-05,1.6775469902086115e-09,0.7216993251462408,0.721699087641166,0.6507030524807187,33.598761428728054,29.763001892830694,23.524254215274688,42.50931786609768,33.620451294690014,29.743800618105897
-123.7896489213,0.007806993205375,0.07046009731393088,0.7191314849783834,0.6486713876644525,5.44077645732e-24,0.870546605573,311.1627736027438,78.06005175730706,0.20055363321793254,0.2005538796466517,389.22282536005093,389.71728151674387,-0.12687560448143564,1.586760668321854,0.20055363322152736,0.08326431593680478,0.2885555681958066,0.20055350087455465,0.0832642607716853,0.28855547260740927,0.07077580421054472,0.7196649492654573,0.6488891450549126,0.20000000000000007,0.1999997645807354,311.37835191859205,77.84447344145887,-5.981131656618288e-05,1.7011503317121424e-09,0.7206419267015743,0.7206416879780223,0.6493385142690404,33.53450400093335,29.820032524475906,23.39537246548671,42.74349559833761,33.55583078131416,29.801080072106522
-123.3396489213,0.007869493205375,0.07073221805510986,0.7180467516492819,0.647314533594172,7.18644893393e-24,0.869371978771,310.31070209920154,77.84629628494257,0.2005536332180235,0.20055388475632013,388.15699838414406,388.6501005485664,-0.12687560449008428,1.5867606683219628,0.20055363322156766,0.08302183826468623,0.28813510418671,0.2005534996022518,0.08302178291905837,0.2881350081455885,0.07104743726927283,0.7185784170307465,0.6475309797614737,0.2,0.19999975961797634,310.52569201328,77.63130637086405,-5.981130971610682e-05,1.7212453684578577e-09,0.7195918551485679,0.7195916152943773,0.6479794084179189,33.472526698277555,29.87524691559835,23.267320898127874,42.97873418165912,33.49348989345286,29.856548337636056
-122.8896489213,0.007931993205375002,0.07100327704054267,0.7169662509541832,0.6459629739136405,9.45882463396e-24,0.868193093411,309.4520710006314,77.63089523545868,0.20055363321802686,0.20055388992636264,387.08296623609004,387.5747039846258,-0.12687560449127222,1.5867606683221738,0.20055363322155784,0.08278138746537998,0.28771754806646743,0.2005534983832445,0.08278133197316569,0.2877174516312239,0.07131800745170543,0.7174961363009693,0.6461781288492638,0.19999999999999993,0.199999754594006,309.6664679813521,77.41649825473793,-5.9811296415634985e-05,1.7163381826890145e-09,0.7185490457899439,0.7185488049514687,0.6466256206283458,33.41282768061892,29.928625303989136,23.14009428944205,43.21503566458077,33.43342876829158,29.91018381424297
-122.4396489213,0.007994493205374998,0.07127329695330256,0.7158898924573931,0.6446165955040906,1.24066360334e-23,0.867009824047,308.5868977611873,77.41385298751479,0.20055363321796624,0.20055389516444763,386.00075074870205,386.4911136855302,-0.12687560450022062,1.586760668321913,0.20055363322153977,0.08254294152335531,0.2873028741996072,0.20055349721424343,0.08254288591474841,0.28730277742261456,0.07158753741783855,0.7164180164363472,0.6448304790185087,0.2,0.19999974950128677,308.80069729165297,77.20005345704905,-5.981131284693575e-05,1.7073453761895507e-09,0.7175134346033867,0.7175131929114233,0.6452770375220843,33.355407203285104,29.980146664241957,23.01368738644024,43.45240218172096,33.37564709381357,29.961965896546097
-121.9896489213,0.008056993205375,0.07154230031088202,0.7148175864215376,0.6432752861106555,1.621769272e-23,0.865822052704,307.7152004222199,77.1951740671374,0.20055363321798914,0.20055390043918347,384.91037448935725,385.3993522474825,-0.12687560455765245,1.586760668320805,0.20055363322156644,0.08230647870748507,0.2868910572107208,0.20055349609971557,0.08230642301102713,0.2868909601417011,0.07185604965685198,0.715343967480426,0.643487917823574,0.19999999999999968,0.19999974437138415,307.9283979855921,76.98197650376521,-5.9811382679964e-05,1.7206236435640676e-09,0.7164849582160652,0.7164847157947902,0.6439335465756294,33.300264979485526,30.02979107271505,22.888095178799635,43.690835440349865,33.320144797832135,30.011874380121593
-121.5396489213,0.008119493205375,0.07181030940122049,0.7137492437680881,0.6419389343668677,2.11283623481e-23,0.864629669073,306.8369976219968,76.9748631499735,0.20055363321798358,0.20055390579735033,383.8118607719702,384.2994430133788,-0.12687560449875512,1.586760668321685,0.20055363322159403,0.08207197756636535,0.2864820719807181,0.2005534949925766,0.0820719217944609,0.2864819746414439,0.07212356648090026,0.7142739001843695,0.6421503337034693,0.20000000000000026,0.199999739157597,307.0495887319842,76.76227203998599,-5.981132721322169e-05,1.7343904090694195e-09,0.7154635538952807,0.7154633107990691,0.6425950361507322,33.247401000850076,30.077538992429268,22.763314867336938,43.9303328986983,33.26692184990284,30.059889655914183
-121.0896489213,0.008181993205375,0.0720773464108194,0.7126847761431141,0.6406074297322947,2.74351547784e-23,0.863483430286,305.9523086026954,76.7529250632511,0.2005536332180049,0.20055391120153715,382.70523366594654,383.19141008385736,-0.12687560449343716,1.5867606683212647,0.20055363322164124,0.08183941687980886,0.2860758935663906,0.20055349391007896,0.08183936104687442,0.28607579598224386,0.07239011003513107,0.7132077259676802,0.6408176159325492,0.20000000000000023,0.19999973389746323,306.16428877159075,76.5409448943558,-5.9811353703143055e-05,1.7579271371914729e-09,0.7144491593475832,0.7144489156398242,0.6412613954450676,33.196815027813436,30.123371750035826,22.639347626768092,44.17088409462955,33.21597855906374,30.105992458473786
-120.6396489213,0.008244493205375,0.07234343330480104,0.7116240958630388,0.6392806625582377,3.55088301412e-23,0.862426546484,305.06115322097594,76.52936478829322,0.20055363321798858,0.20055391666112,381.5905180092691,382.0752783282918,-0.1268756044996544,1.586760668320602,0.20055363322175077,0.08160877561897603,0.28567249713435144,0.2005534928268588,0.0816087197381202,0.2856723993285319,0.07265570229625723,0.7121453569237283,0.6394896546274711,0.1999999999999999,0.19999972858159953,305.2725179781033,76.3180000311658,-5.981139548083547e-05,1.8125501100030306e-09,0.7134417125537929,0.7134414682924256,0.6399325144991962,33.14850631376797,30.16727180810129,22.51618807699736,44.412490985612465,33.16731470575495,30.150164668787234
-120.1896489213,0.008306993205374999,0.07260859191838687,0.7105671159661626,0.6379585240477758,4.58115259058e-23,0.861361403429,304.1635519559078,76.30418746258762,0.20055363321791878,0.20055392214238363,380.46773941849546,380.9510733957255,-0.1268756045026187,1.5867606683200035,0.200553633221743,0.08138003311358316,0.2852718582573177,0.2005534917585087,0.08137997720749729,0.2852717602699175,0.07292036506814888,0.7110867058361221,0.6381663407679732,0.2000000000000001,0.1999997232437213,304.3742968316321,76.09344258686338,-5.981143319511162e-05,1.8086643294168425e-09,0.7124411525089378,0.7124409077940891,0.6386082842173577,33.10247560703993,30.209220961930995,22.393827033815164,44.65516316125771,33.12092992091652,30.192388993537296
-119.7396489213,0.008369493205374999,0.07287284394478485,0.709513750106581,0.6366409061617961,5.89174836216e-23,0.860287918147,303.25952591768373,76.07739838200976,0.20055363321790717,0.20055392765768007,379.3369242996935,379.81882172573955,-0.12687560449387014,1.586760668320116,0.20055363322176875,0.08115316895466265,0.28487395274868965,0.2005534907306732,0.08115311303817235,0.2848738546061613,0.07318411998706378,0.7100316861605901,0.6368475661735263,0.20000000000000007,0.19999971787166626,303.4696464614492,75.86727783824432,-5.981142610078649e-05,1.8215207120420018e-09,0.7114474188091316,0.7114471737068642,0.6372885963441057,33.05872225851698,30.24920298431583,22.272260420464487,44.89890029667429,33.07682446213662,30.23264827446511
-119.2896489213,0.008431993205375,0.07313621083820748,0.7084639126486788,0.6353277018104713,7.55380541509e-23,0.859206017817,302.3490968562441,75.84900300290153,0.2005536332180156,0.20055393323230886,378.19809985914566,378.6785505592498,-0.1268756044921382,1.5867606683198212,0.2005536332218456,0.0809281629795695,0.28447875664022704,0.20055348972034934,0.0809281070844728,0.2844786583989611,0.07344698852932934,0.7089802119919116,0.6355332234625823,0.1999999999999998,0.1999997124400808,302.5585886419315,75.6395112172141,-5.981144468591992e-05,1.8598234063915697e-09,0.710460451595821,0.7104602062469652,0.6359733434235278,33.01724599562035,30.28720203170935,22.151484650324022,45.143701010820166,33.03499817665529,30.270926447535448
-118.8396489213,0.008494493205375,0.07339871393226957,0.707417518550538,0.6340188046182684,9.65517723375e-23,0.858115639458,301.43228717004723,75.61900694418348,0.20055363321806843,0.20055393885860368,377.0512941142307,377.53028794922784,-0.1268756044976116,1.5867606683192803,0.20055363322193695,0.08070499527000119,0.2840862461823895,0.20055348872703985,0.0807049394147849,0.28408614787557823,0.07370899199946102,0.7079321981118402,0.6342232061123791,0.1999999999999999,0.19999970695656002,301.6411457837928,75.41014833043786,-5.981147876976678e-05,1.905386959322186e-09,0.7094801915566364,0.7094799460440869,0.634662418859093,32.97804698839088,30.32320259450251,22.03149626880394,45.38956355025126,32.99544992583711,30.307209092395173
-118.3896489213,0.008556993205375,0.07366037434447133,0.7063744834545189,0.6327141091100476,1.23040419938e-22,0.857016730091,300.5091199144199,75.38741598959281,0.2005536332179539,0.2005539445620559,375.8965359040127,376.3740627713399,-0.12687560450128643,1.586760668318631,0.20055363322194888,0.08048364614452527,0.2836963978349483,0.20055348771475173,0.08048359033356964,0.28369629947105346,0.07397015152917219,0.7068875599930542,0.632917408463882,0.19999999999999984,0.19999970139574816,300.717340967514,75.17919493649866,-5.981151968148524e-05,1.911337754734177e-09,0.7085065799019454,0.7085063342468347,0.6333557169185954,32.94112641234469,30.357188988693782,21.912292048808908,45.63648557497011,32.9581792620388,30.341481914075246
-117.9396489213,0.008619493205374999,0.0739212129196224,0.7053347233529222,0.6314135104332999,1.56332140553e-22,0.85590924577,299.57961880985414,75.15423608991686,0.20055363321794917,0.20055395030015122,374.733854899771,375.209904734498,-0.12687560448699786,1.5867606683186077,0.20055363322200884,0.08026409615482302,0.283309188264029,0.20055348649991978,0.08026404029462958,0.28330908967879864,0.0742304880923142,0.7058462137407878,0.6316157256484736,0.19999999999999996,0.1999996958028251,299.78719791279684,74.9466569869742,-5.981152115808186e-05,1.9412249585570862e-09,0.707539558357467,0.7075393121495904,0.6320531326607938,32.90648167147035,30.38914977248971,21.793869292976282,45.88446349553356,32.923185960847405,30.373731181095607
-117.4896489213,0.008681993205374999,0.07418125066587772,0.7042981555867494,0.6301169049208717,1.98052834445e-22,0.854793153943,298.6438082504313,74.91947336477072,0.20055363321800818,0.20055395607107335,373.5632816152021,374.037844391318,-0.1268756044961794,1.5867606683180886,0.20055363322209066,0.08004632607236183,0.2829245943221653,0.20055348529984451,0.08004627017549262,0.2829244955381075,0.07449002249596796,0.7048080761265844,0.6303180536306164,0.19999999999999973,0.19999969017544486,298.8507410312392,74.71254058396288,-5.9811553876354395e-05,1.9820145524818145e-09,0.706579069114458,0.7065788224100276,0.6307545619781041,32.874106946554306,30.41907728857148,21.676227755646273,46.133488320610475,32.8904690508431,30.403944633752992
-117.0396489213,0.008744493205375,0.07444050835957229,0.7032646981280795,0.6288241897685072,2.50187246899e-22,0.853668431477,297.7017133124245,74.68313410486601,0.20055363321799421,0.2005539619354622,372.3848474172905,372.8579131484783,-0.12687560448783053,1.5867606683185567,0.20055363322202036,0.07983031684653122,0.2825425929776451,0.20055348427300737,0.07983026101701499,0.2825424941792207,0.07474877537969418,0.7037730645913272,0.629024289211633,0.19999999999999998,0.19999968445565466,297.9079954377653,74.47685197952521,-5.981152437772863e-05,1.9469759138246445e-09,0.7056250546532613,0.7056248079129517,0.6294599016003816,32.84401492833174,30.446947554435102,21.559370503474575,46.38354351945651,32.860033527179546,30.432105285981198
-116.5896489213,0.008806993205375,0.07469900619389344,0.7022342680820953,0.6275352618882019,3.15151369342e-22,0.85264273111,296.75335976186375,74.44522477404954,0.20055363321798172,0.20055396787480836,371.1985845359133,371.67014327697586,-0.1268756045091246,1.5867606683181732,0.2005536332220268,0.07961604957499765,0.2821631612648924,0.20055348293796918,0.07961599367049552,0.2821630622007344,0.07500676731300449,0.7027410968581164,0.6277343295451119,0.19999999999999996,0.1999996786738199,296.95898690455385,74.23959763135943,-5.981154853618165e-05,1.950173356135565e-09,0.7046774576193885,0.7046772102154328,0.6281690486099915,32.81621423547418,30.472741091475584,21.44329450334757,46.63462509661878,32.831888202837746,30.458193382662877
-116.1396489213,0.008869493205375,0.07495676489304912,0.7012067842630733,0.6262500193700241,3.95878008649e-22,0.851683254421,295.7987740633071,74.20575201131017,0.20055363321784178,0.20055397388012539,370.0045260746173,370.47456792226916,-0.1268756045220698,1.5867606683171898,0.20055363322202194,0.07940350564985224,0.28178627654634325,0.2005534815804512,0.07940344966246912,0.2817861772026249,0.07526401875921372,0.7017120910732565,0.6264480723140428,0.20000000000000004,0.19999967282770312,296.00374191492443,74.00078415969278,-5.981161051993311e-05,1.947753069941882e-09,0.7037362214775328,0.7037359733753998,0.6268819006190668,32.79069859854731,30.496453041238407,21.327996107867897,46.886730236747375,32.80603513609035,30.482196213339016
-115.6896489213,0.008931993205375,0.07521380496125246,0.7001821661433588,0.6249683611821064,4.9591763996e-22,0.850710138904,294.8379833872993,73.96472263299344,0.20055363321798308,0.20055397993550508,368.80270602029276,369.27122111430697,-0.12687560449482493,1.5867606683173177,0.20055363322218692,0.07919266661796215,0.28141191626859396,0.20055348044261223,0.07919261066301068,0.28141181685034244,0.0755205500066375,0.700685966084386,0.6251654160777486,0.2000000000000002,0.1999996669234898,295.04228765575255,73.7604183645403,-5.981160245971395e-05,2.0300205960666062e-09,0.7028012899025693,0.7028010416142965,0.6255983561166808,32.767471593740254,30.518070249614112,21.213473517958825,47.13985190371693,32.78247376580488,30.504104331598413
-115.2396489213,0.008994493205375,0.07547014651245343,0.699160333199027,0.6236901866865736,6.19556944639e-22,0.849723412701,293.8710156185643,73.72214363415812,0.2005536332178416,0.200553986044456,367.5931592527224,368.0601377774346,-0.12687560449552437,1.5867606683163964,0.20055363322219638,0.07898351427762913,0.2810400581369658,0.2005534794547599,0.0789834584221688,0.2810399587641743,0.07577638119806479,0.699662641318724,0.6238862601206592,0.19999999999999973,0.1999996609602879,294.0746520308567,73.51850722186559,-5.981166051327591e-05,2.034727941691017e-09,0.7018726072155164,0.7018723590407759,0.6243183143175157,32.746530404836854,30.537586353035255,21.099720245723912,47.39399330200413,32.76119840419908,30.523913919822533
-114.7896489213,0.009056993205375,0.07572580943697932,0.6981412060492677,0.6224153966122883,7.71957754441e-22,0.848723117231,292.89789936358227,73.47802219151897,0.20055363321813774,0.20055399223429163,366.3759215551012,366.84135374017234,-0.12687560448836344,1.5867606683163022,0.20055363322236175,0.07877603066899036,0.28067068010212676,0.20055347859848197,0.07877597497149383,0.2806705808799594,0.07603153222413088,0.6986420372152877,0.6226105049911569,0.20000000000000004,0.1999996549136546,293.1008636754088,73.27505787969243,-5.981166645296909e-05,2.1171953079601735e-09,0.7009501183501238,0.7009498705515538,0.6230416757010814,32.72786495352738,30.555002638270814,20.98673222199712,47.64915230356139,32.74219815895348,30.54162689827061
-114.3396489213,0.009119493205375001,0.07598081328240193,0.6971247059178862,0.6211438926354843,9.59319484986e-22,0.847709306024,291.9186639588589,73.2323656642083,0.20055363321802364,0.20055399851428066,365.1510296230672,365.61490574486106,-0.1268756044967123,1.5867606683154551,0.20055363322241196,0.07857019802941906,0.28030376028412296,0.20055347770163426,0.078570142459148,0.2803036611590152,0.07628602275176348,0.6976240751050056,0.6213380523532421,0.20000000000000037,0.19999964878008245,292.1209519467683,73.03007767629892,-5.9811719832492116e-05,2.1422197349352246e-09,0.7000337686631484,0.7000335211069761,0.6217683418632787,32.71146790938713,30.570318726449827,20.87450798686743,47.90532072081028,32.725466091691985,30.557242399486253
-113.8896489213,0.009181993205375001,0.07623517750822802,0.6961107550756979,0.6198755775674698,1.18906852375e-21,0.846682045639,290.93333947772567,72.9851815967966,0.20055363321794464,0.20055400490691366,363.91852107452223,364.3808314571662,-0.12687560451387636,1.5867606683146889,0.20055363322242623,0.07836599878095644,0.2799392769529786,0.20055347673245535,0.07836594329821789,0.27993917785515104,0.0765398722605249,0.6966086770700329,0.620068804809508,0.2000000000000001,0.19999964253636465,291.13494694725534,72.78357412726695,-5.981176812719369e-05,2.149347366753318e-09,0.6991235038859036,0.6991232563978613,0.6204982153392509,32.69733021625097,30.5835367409596,20.763046578482317,48.16248888235627,32.71099655508534,30.57075923431435
-113.4396489213,0.009244493205375,0.07648892146570008,0.695099276751109,0.618610355285409,1.47007847169e-21,0.845641415419,289.941956738424,72.73647772052762,0.20055363321791342,0.20055401148614954,362.6784344589516,363.1391694754401,-0.1268756045110897,1.5867606683146793,0.20055363322240274,0.07816341552794301,0.2795772085273458,0.20055347576441204,0.07816336014424871,0.27957710947831316,0.076793100029832,0.6955957659926869,0.6188026659628549,0.2000000000000001,0.19999963611350133,290.14287954094686,72.53555491800465,-5.981176872671412e-05,2.1376234116132764e-09,0.6982192701208884,0.6982190227547069,0.6192311996651415,32.68544475669353,30.59465788040757,20.652346890021093,48.42064707344157,32.69878459156137,30.582176447563487
-112.9896489213,0.009306993205375,0.07674206454671484,0.6940901951821443,0.6173481306354295,1.81292561417e-21,0.844587506365,288.94454731106504,72.48626195530957,0.20055363321804473,0.2005540180882882,361.43080926637464,361.88995933992766,-0.12687560450432844,1.5867606683147433,0.20055363322249947,0.07796243105723989,0.2792175335777463,0.20055347510601806,0.07796237591343003,0.27921743483068895,0.07704572516491265,0.6945852654528484,0.6175395402879358,0.2000000000000003,0.19999962965588908,289.1447812668714,72.28602799950322,-5.981176469660454e-05,2.185851499802993e-09,0.6973210138498821,0.6973207672378572,0.6179671992494501,32.67581003599981,30.603678956949295,20.542406968145226,48.67978721046096,32.68882406656101,30.591495061547615
-112.5396489213,0.009369493205375,0.076994625306317,0.6930834343881388,0.6160888090818218,2.23018449082e-21,0.84352042,287.94114352521245,72.23454241134708,0.20055363321795766,0.200554024812158,360.1756859365595,360.63324154182123,-0.126875604507648,1.5867606683134599,0.20055363322265438,0.07776302834953708,0.2788602308496805,0.20055347435260143,0.07776297340328013,0.2788601323303138,0.07729776655520032,0.69357709989247,0.6162793333372696,0.19999999999999973,0.19999962308334474,288.1406845054625,72.03500143109706,-5.9811845587454116e-05,2.2631008178564116e-09,0.6964286819916579,0.6964284359482703,0.6167061195792888,32.668422998825854,30.610599110827643,20.433225815418492,48.939898625571914,32.68110980643876,30.59871607551657
-112.0896489213,0.009431993205375,0.07724662262234626,0.6920789197896738,0.6148322971673276,2.73676898481e-21,0.84244027048,286.9317784766319,71.98132739139474,0.20055363321801484,0.20055403160200458,358.91310586802666,359.3690575321477,-0.12687560449753388,1.5867606683128925,0.20055363322276004,0.07756519054447499,0.2785052792039587,0.20055347363903178,0.07756513579421626,0.2785051809109056,0.07754924293311541,0.6925711943813387,0.6150219514482234,0.19999999999999996,0.1999996164410431,287.1306223587578,71.78248350926884,-5.981188133663551e-05,2.3157920026051215e-09,0.6955422217529655,0.6955419762747761,0.6154478669271612,32.663275630065286,30.615423000611077,20.32480316534594,49.20096848490092,32.67563808164461,30.603840007695077
-111.6396489213,0.009494493205375001,0.07749807505012019,0.6910765774736454,0.6135785024235252,3.35032500476e-21,0.841492233003,285.9164860344645,71.72662539196081,0.20055363321800337,0.20055403843616798,357.6431114264253,358.09744973048817,-0.1268756045050834,1.5867606683120672,0.20055363322285127,0.07736890095654574,0.27815265764782066,0.2005534729756198,0.07736884641711914,0.2781525596091453,0.07780017284039897,0.6915674747526613,0.6137673019122624,0.20000000000000018,0.19999960975733766,286.1146287087402,71.5284827176851,-5.981193335058421e-05,2.3612889421542604e-09,0.6946615807062492,0.6946613358633456,0.6141923485203303,32.660364016511494,30.618152311298445,20.217138476969417,49.46298414778933,32.67240335000208,30.60686994120181
-111.1896489213,0.009556993205374998,0.07774900075429654,0.69007633388635,0.6123273331320535,4.0916814018e-21,0.840598885898,284.89530084809195,71.4704451054163,0.2005536332179928,0.20055404531512244,356.3657459535082,356.8184615335227,-0.12687560449331503,1.5867606683119257,0.20055363322287023,0.07717414306002827,0.27780234531052517,0.20055347213261415,0.07717408864799341,0.2778022473775067,0.07805057463609211,0.6905658675699835,0.6125152929338914,0.20000000000000007,0.19999960303334102,285.09273822812617,71.2730077253821,-5.98119422656751e-05,2.3707258378635743e-09,0.6937867067286843,0.6937864621496493,0.6129394724997304,32.65967920661737,30.61879431434783,20.11023651889969,49.72591938738242,32.6713999917043,30.607809896542946
-110.7396489213,0.009619493205375,0.07799941835358885,0.6890781172906164,0.6110786989370276,4.98536654355e-21,0.839686389017,283.8682583535477,71.21279542143311,0.20055363321795688,0.2005540523099109,355.0810537749808,355.5321373233949,-0.1268756044981334,1.5867606683114999,0.20055363322293326,0.0769809003973313,0.2774543212806953,0.20055347160751136,0.07698084627169705,0.277454223740957,0.07830046648983258,0.6895663001553383,0.6112658336655057,0.20000000000000004,0.19999959618222493,284.0649864080257,71.01606736695506,-5.9811969099765605e-05,2.4021673539209587e-09,0.6929175475959627,0.6929173039991102,0.6116891479548429,32.66121663961426,30.61735302251773,20.004097065635367,49.98975943372519,32.67262110795817,30.606665951157098
-110.2896489213,0.009681993205375,0.07824934553387841,0.6880818554186872,0.6098325098848087,6.06019868276e-21,0.838754932817,282.8353947803378,70.95368542880274,0.20055363321801464,0.20055405941028728,353.78908020914054,354.23852247588957,-0.12687560449602397,1.5867606683110027,0.20055363322301242,0.07678915676313536,0.2771085649400526,0.20055347104573756,0.07678910290305924,0.2771084677577703,0.07854986637134873,0.688568700629671,0.6100188342583223,0.2,0.19999958922914984,283.0314094935537,70.75767071558685,-5.981200043025936e-05,2.4416246802161368e-09,0.6920540518157636,0.6920538091116257,0.6104412849746625,32.66497344051397,30.61383171858674,19.89871486722448,50.254501693831365,32.676060241630246,30.603444619861822
-109.8396489213,0.009744493205375,0.07849880017894292,0.6870874774223407,0.6085886772433977,7.34995898042e-21,0.837804722817,281.7967471577417,70.693124416843,0.20055363321803915,0.20055406661442676,352.48987157458475,352.93766336841696,-0.12687560447884882,1.5867606683108033,0.2005536332231022,0.07659889611261819,0.2767650558011582,0.20055347053546646,0.07659884253708477,0.2767649590123084,0.07879879207001735,0.6875729978354469,0.6087742057654295,0.19999999999999968,0.1999995821740299,281.9920445390904,70.49782703549441,-5.9812012997984e-05,2.4864110770295156e-09,0.6911961682225262,0.6911959265009511,0.6091957945506803,32.67093932182605,30.60824147568794,19.794089823692556,50.5201304483851,32.681711787670736,30.59815246205227
-109.3896489213,0.009806993205375,0.07874780004739848,0.6860949132858114,0.607347113238413,8.89415708157e-21,0.836835979605,280.7523533207938,70.43112187701695,0.20055363321792197,0.200554073956259,351.18347519781076,351.6296073878013,-0.1268756045046282,1.5867606683101985,0.20055363322304348,0.07641010254918545,0.2764237734877112,0.20055347023177897,0.07641004935423831,0.2764236772677737,0.0790472611906525,0.6865791213526075,0.6075318601619549,0.19999999999999984,0.19999957497564727,280.9469294197779,70.23654577803293,-5.9812051123042664e-05,2.457123393639904e-09,0.6903438459282473,0.6903436056274802,0.6079525885970646,32.679108769666044,30.600589723800454,19.690221370409134,50.78663064209224,32.68956824044442,30.590798650034564
-108.9396489213,0.009869493205374998,0.0789963623489698,0.685104093289365,0.6061077309403952,1.07388998357e-20,0.835848937893,279.70225191676127,70.1676875047457,0.2005536332180026,0.20055408141884493,349.86993942150696,350.3144029378627,-0.1268756044936481,1.5867606683096434,0.20055363322315556,0.07622276034142575,0.27608469776759764,0.20055346991058565,0.0762227075221494,0.2760846021098413,0.07929529113154611,0.6855870015895955,0.6062917104580494,0.20000000000000004,0.19999956766514168,279.8961027981763,69.9738366233307,-5.981208610617017e-05,2.512989816239042e-09,0.6894970344050174,0.6894967955082478,0.606711580063724,32.689476633976234,30.590884375329427,19.587109497175604,51.05398528272876,32.69962251082068,30.58139278730476
-108.4896489213,0.009931993205374998,0.07924450430452012,0.6841149486437577,0.6048704443392375,1.29378748147e-20,0.834843846363,278.6464824106404,69.90283120032859,0.20055363321802488,0.20055408899886434,348.54931361096897,348.99209944679126,-0.1268756044976782,1.5867606683086897,0.20055363322328912,0.07603685389147226,0.2757478084980409,0.20055346954295475,0.07603680141870753,0.27574771335172943,0.07954289911478642,0.6845965696572983,0.6050536705425119,0.20000000000000004,0.1999995602395871,278.8396041669653,69.70970944400372,-5.981214620254249e-05,2.5796031977165512e-09,0.6886556833480394,0.688655445728558,0.6054726827798238,32.70203447331484,30.579137234290705,19.48475532958376,51.322173826924946,32.71186878148843,30.569944098268632
-108.0396489213,0.009994493205375,0.07949224303108343,0.6831274115393651,0.6036351685082817,1.55534613446e-20,0.833820967149,277.58508509102955,69.63656307082205,0.20055363321805936,0.2005540966737137,347.22164816185165,347.6627473743043,-0.12687560452880886,1.586760668306933,0.20055363322345607,0.07585236774102971,0.27541308563869965,0.2005534692136152,0.07585231563202809,0.27541299103714784,0.07979010217718968,0.6836077574085226,0.603817655231333,0.20000000000000023,0.1999995527133115,277.7774738371025,69.44417432474914,-5.981225691398251e-05,2.6628477201029455e-09,0.6878197427083389,0.6878195064493464,0.6042358115023627,32.71677329134755,30.565361415530095,19.383159111789606,51.591177384070505,32.72629777758725,30.556465836623122
-107.5896489213,0.010056993205375,0.07973959529189106,0.6821414147619836,0.6024018194700926,1.86579826357e-20,0.832780575401,276.5181010759965,69.36889343130241,0.2005536332180266,0.20055410449464728,345.88699450729894,346.3263982185849,-0.12687560450088675,1.5867606683066067,0.200553633223552,0.07566928657835979,0.2750805092665778,0.20055346884376732,0.07566923481071608,0.2750804151711206,0.08003691712966912,0.6826204975990865,0.6025835804694174,0.2000000000000001,0.1999995450435782,276.7097529693485,69.17724153795041,-5.9812277475312925e-05,2.710676128003797e-09,0.6869891627300011,0.686988927734935,0.6030008821180357,32.73368460271883,30.54957033211412,19.2823214005937,51.86097561724131,32.74290047306125,30.540971800061993
-107.1396489213,0.010119493205375,0.07998657784651288,0.6811568921261203,0.6011703142796074,2.23351137963e-20,0.83172295875,275.445572317553,69.09983280612731,0.20055363321801598,0.20055411239637644,344.54540512368027,344.9831045229919,-0.12687560450730384,1.5867606683060633,0.20055363322356715,0.07548759522158636,0.2747500595479214,0.20055346855810427,0.07548754382642045,0.2747499660171416,0.08028336060398661,0.6816347237018914,0.6013513630979048,0.1999999999999999,0.19999953728696757,275.6364835245934,68.90892159908684,-5.9812311725693235e-05,2.7182256445712483e-09,0.6861638938799856,0.6861636602951511,0.601767811410393,32.7527597268875,30.531778339859308,19.182242846707247,52.13154728523606,32.76166819082114,30.52347622152436
-106.6896489213,0.010181993205374999,0.08023320699615791,0.6801737779402064,0.5999405709440485,2.66814617459e-20,0.83073760706,274.3675416078251,68.82939193036076,0.20055363321800324,0.20055412043227414,343.1969335381858,343.63291988253746,-0.12687560449698987,1.5867606683056918,0.20055363322367478,0.07530727862988147,0.2744217167606847,0.2005534682138697,0.07530722757635164,0.2744216237404619,0.0805294490140775,0.680650370062066,0.6001209210479884,0.20000000000000023,0.19999952940184496,274.5577083383924,68.63922519979343,-5.9812335129194594e-05,2.7718938255816283e-09,0.685343886904233,0.6853436545944694,0.6005365172537936,32.773990255530165,30.512000284471423,19.08292414508697,52.4028703566092,32.78259151384109,30.50399476739938
-106.2396489213,0.010244493205374999,0.0804794989715752,0.6791920074424123,0.598712508470837,3.18083338184e-20,0.82987867857,273.2840525833852,68.55758175093543,0.20055363321802466,0.20055412856657923,341.84163433432053,342.27589895012926,-0.1268756044877195,1.5867606683056028,0.2005536332237203,0.07512832188784885,0.27409546126823925,0.20055346779847816,0.07512827113599789,0.27409536868761186,0.08077519858547906,0.6796673717766865,0.5988921731912074,0.19999999999999987,0.19999952142776792,273.4734710633704,68.36816327095015,-5.98123407469231e-05,2.7945867842049665e-09,0.6845290927620061,0.6845288615500932,0.5993069184635936,32.797411924950076,30.49021069980424,18.984370006234816,52.67491097526974,32.805709814330136,30.482498493697634
-105.7896489213,0.010306993205375,0.08072547082158803,0.6782115143332142,0.5974860435116263,3.78437139256e-20,0.828995621579,272.19514973032716,68.28441342782682,0.20055363321794578,0.2005541367451695,340.479563158154,340.9120974425681,-0.12687560449125002,1.5867606683054623,0.2005536332236806,0.07495071014229623,0.27377127340591495,0.20055346764486018,0.07495065981752565,0.27377118149565277,0.08102062605729982,0.6786856618892034,0.5976650358319036,0.19999999999999993,0.19999951340048747,272.3838162037127,68.09574695444134,-5.9812349606502835e-05,2.7748026099061462e-09,0.6837194623425366,0.6837192328048012,0.5980789312861737,32.82312815931517,30.46632225747201,18.88658819959027,52.947625554820654,32.83112406024942,30.458902295421524
-105.3396489213,0.010369493205375,0.08097113956386323,0.6772322282531628,0.5962610886892995,4.49344651098e-20,0.828088825318,271.1008783887083,68.00989833539654,0.20055363321799802,0.2005541450253033,339.1107767241048,339.54157214629834,-0.12687560450119761,1.5867606683054027,0.20055363322369543,0.07477442860550268,0.273449133488301,0.20055346724702078,0.07477437860374724,0.2734490420603942,0.08126574889550876,0.6777051705364432,0.5964394216409344,0.19999999999999993,0.19999950528256122,271.2887891432988,67.82198758080605,-5.981235334795443e-05,2.7821966952501498e-09,0.6829149464832576,0.682914718150162,0.5968524683319143,32.851062113500056,30.44041609811613,18.789577509290094,53.22099443191695,32.85875615470776,30.433288323262573
-104.8896489213,0.010431993205375,0.08121652076595483,0.6762540885165871,0.5950375677506322,5.32487795604e-20,0.827158695568,270.0012847572601,67.73404806313279,0.20055363321774106,0.20055415346583289,337.73533282039295,338.1643809229031,-0.1268756045031183,1.5867606683053617,0.20055363322362352,0.07459946271760737,0.27312902210788104,0.20055346687939146,0.0745994130690667,0.2731289312194274,0.08151058240054866,0.6767258365159221,0.5952152541153735,0.20000000000000012,0.19999949700860647,270.18843613428004,67.5468966861129,-5.9812355945876305e-05,2.7463364915547572e-09,0.682115496715619,0.6821152697297598,0.5956274530449088,32.881070993609356,30.412634679519908,18.693332857856035,53.49500849334854,32.88846724204795,30.40579521813344
-104.4396489213,0.010494493205374999,0.08146162972759716,0.675277035004477,0.5938154052768798,6.29788984038e-20,0.826205653934,268.8964158968158,67.45687441739588,0.2005536332181546,0.20055416190979464,336.35329031421173,336.78058271434287,-0.1268756044921937,1.586760668305328,0.20055363322379285,0.0744257980525879,0.2728109199658032,0.20055346671678723,0.07442574886451181,0.2728108298152986,0.08175514170464777,0.6757475993003754,0.5939924575957276,0.2000000000000001,0.19999948872207982,269.08280422138006,67.27048609283163,-5.981235806640228e-05,2.830757850347254e-09,0.6813210648424509,0.681320839699554,0.5944038097132686,32.91315495471235,30.382988242116998,18.59786126436471,53.769623602693294,32.92025371113592,30.376436608741276
-103.9896489213,0.010556993205374999,0.08170648123865701,0.6743010074890454,0.5925945262503884,7.43441242516e-20,0.825230136989,267.7863197354496,67.1783894211708,0.2005536332179997,0.2005541704867129,334.9647091566204,335.3902375479295,-0.12687560449585744,1.5867606683057176,0.20055363322370953,0.07425342018286617,0.27249480762551453,0.20055346650327216,0.07425337143508906,0.2724947181783329,0.08199944180427526,0.6747703989014505,0.5927709570971753,0.19999999999999996,0.19999948029874148,267.97194140687725,66.99276774974318,-5.981233350826898e-05,2.7892133047657808e-09,0.6805316023226871,0.6805313789362768,0.5931814633002434,32.94731693987349,30.351485124719833,18.503168197687696,54.04479866993632,32.9541180316619,30.3452211659621
-103.5396489213,0.010619493205374999,0.08195109032195978,0.6733259465995772,0.5913748562776174,8.75941506978e-20,0.824232595482,266.6710450710699,66.89860531645272,0.20055363321793113,0.2005541790992378,333.56965038752253,333.99340654103133,-0.12687560449093915,1.5867606683054456,0.20055363322366793,0.07408231484112493,0.272180665810643,0.20055346634216747,0.0740822665701488,0.27218057713611526,0.0822434976192592,0.6737941756413084,0.5915506780220492,0.19999999999999996,0.19999947183869482,266.85589648859997,66.7137538989226,-5.981235065011248e-05,2.768474338665783e-09,0.6797470610152986,0.679746839558523,0.5919603391565055,32.98355364605094,30.318140086755875,18.409252223203946,54.320511657695135,32.99005981580145,30.312160862497855
-103.0896489213,0.010681993205375,0.08219547178693765,0.672351793613212,0.5901563218262743,1.0301273558e-19,0.823213493848,265.55064157555336,66.61753456420652,0.20055363321794312,0.20055418782933787,332.1681761397599,332.59015190550565,-0.12687560450246327,1.5867606683060138,0.20055363322358377,0.07391246788414571,0.27186847534082675,0.2005534662957344,0.073912420164884,0.2718683875791446,0.08248732389235208,0.6728188705485102,0.5903315466561581,0.1999999999999999,0.19999946326486112,265.73471919814006,66.43345694161982,-5.9812314845419934e-05,2.726507908334952e-09,0.6789673930190339,0.6789671738420091,0.5907403635168151,33.02186319880502,30.282967195993578,18.316124242204253,54.59670325317989,33.02807464283703,30.277272012187215
-102.6396489213,0.010744493205375,0.08243964020557883,0.6713784900834333,0.5889388498778545,1.20921744125e-19,0.822173309362,264.425159798173,66.33518984549568,0.20055363321800576,0.20055419666009375,330.7603496436687,331.18053695185137,-0.12687560448149116,1.5867606683060806,0.200553633223676,0.07374386509774447,0.2715582167744966,0.2005534662918157,0.07374381795377241,0.27155812997178413,0.08273093523027482,0.6718444251972829,0.5891134899670081,0.19999999999999987,0.19999945458185486,264.60846011763135,66.15188952603737,-5.981231062657244e-05,2.772493346014926e-09,0.678192549780299,0.6781923329982159,0.5895214632981018,33.0622397156861,30.245984803187987,18.223785458479707,54.87334134164151,33.06815668035455,30.240572816509296
-102.1896489213,0.010806993205374999,0.08268361006146921,0.670405978625937,0.5877223685644678,1.41685590951e-19,0.821112530826,263.2946511682332,66.05158406211491,0.20055363321799552,0.20055420559896162,329.3462352303481,329.76462609308055,-0.1268756044847552,1.5867606683058528,0.20055363322369724,0.07357649256869063,0.27124987109432996,0.20055346640055938,0.07357644605373105,0.27124978535241473,0.08297434604318359,0.6708707819457524,0.5878964359025689,0.20000000000000026,0.19999944579005305,263.47717071123805,65.86906451911007,-5.981232499285838e-05,2.78308487366985e-09,0.6774224838050182,0.6774222696721821,0.5883035663984377,33.104671020792054,30.207217566727362,18.132229368214915,55.15041640455755,33.11029558844191,30.202086155614946
-101.7396489213,0.010869493205375,0.08292739559189155,0.6694342025793831,0.5865068069874916,1.65716109359e-19,0.820276677083,262.1591679982753,65.76673033751482,0.2005536332179866,0.20055421467939957,327.9258983357901,328.34248484830124,-0.12687560450898028,1.5867606683043567,0.20055363322377523,0.07341033645199886,0.2709434192815889,0.20055346664031298,0.07341029063692124,0.27094333473425997,0.0832175705404837,0.6698978839569428,0.5866803134164591,0.2000000000000002,0.19999943686221075,262.3409033360975,65.5849949996926,-5.981241927299763e-05,2.8219870884527154e-09,0.6766571475955813,0.6766569364461185,0.5870866017222405,33.14915232705037,30.166683905940484,18.041460237407474,55.427885927247885,33.15448211233815,30.161834427444088
-101.2896489213,0.010931993205375,0.08317101084462757,0.6684631056907782,0.5852920948461506,1.9347787948e-19,0.81942399791,261.01876348677854,65.48064201737432,0.20055363321799818,0.2005542238391643,326.4994055041529,326.91417984600815,-0.1268756044937147,1.5867606683045195,0.20055363322382944,0.07324538300125516,0.27063884237347596,0.20055346695979623,0.07324533787729953,0.2706387590078323,0.08346062275324115,0.6689256751061845,0.5854650523529433,0.20000000000000015,0.1999994278551974,261.1997112082602,65.29969429589266,-5.981240901453688e-05,2.8490099168720917e-09,0.6758964937940841,0.6758962855957754,0.5858704990651902,33.19567428271505,30.124406917701886,17.951480098917102,55.705713093836955,33.200705582498074,30.119841806228216
-100.8396489213,0.010994493205375,0.08341446932219237,0.667492632457607,0.5840781631354146,2.25494046081e-19,0.818543069129,259.87349172008044,65.19333267007767,0.20055363321798117,0.2005542332361358,325.0668243901581,325.4797788270784,-0.12687560450251878,1.586760668303322,0.20055363322396924,0.07308161857680476,0.2703361214799176,0.20055346702228474,0.07308157401709775,0.2703360390645275,0.08370351649285365,0.6679541001484323,0.5842505836555786,0.2000000000000001,0.19999941861372583,260.05364850151636,65.01317588864174,-5.9812484487498097e-05,2.918709718358059e-09,0.6751404752242443,0.6751402693991095,0.584655189323021,33.24422021734947,30.080416790107794,17.86230182523925,55.98382614871115,33.24895769165299,30.07613078502746
-100.3896489213,0.011056993205375001,0.08365778515315785,0.6665227291266248,0.582864943973467,2.62352659e-19,0.817634491053,258.7234076751149,64.90481608748223,0.20055363321801695,0.20055424279022926,323.62822376259714,324.0393506474658,-0.12687560447431911,1.586760668303851,0.20055363322394712,0.07291902943719736,0.2700352373991168,0.20055346734245347,0.07291898558101019,0.27003515619454105,0.08394626542864622,0.666983104405152,0.5830368389765057,0.20000000000000004,0.19999940921873308,258.9027702035698,64.72545355902739,-5.981245113639844e-05,2.9076963059537775e-09,0.6743890439312775,0.6743888411300442,0.5834406041005413,33.29478229003368,30.03473611237085,17.77392718075435,56.26218616912094,33.299228392716,30.030725883688756
-99.93964892127,0.011119493205379166,0.08390097150704438,0.6655533416242094,0.5816523701171651,3.04713568372e-19,0.816698859781,257.56856722067425,64.61510628510287,0.2005536332179919,0.20055425256566056,322.1836735057771,322.59296528049396,-0.1268756044822461,1.5867606682985054,0.20055363322452252,0.07275760214876387,0.26973617137633554,0.20055346760389792,0.07275755897645443,0.26973609134940474,0.08418888298763529,0.6660126341720732,0.581823751184438,0.19999999999999993,0.19999939959893717,257.74713224404167,64.43654126173541,-5.981278803357526e-05,3.1946001399774104e-09,0.6736421530768899,0.6736419532167204,0.5822266762199747,33.347352377964086,29.987388164009072,17.686344703879502,56.54079555402139,33.35150466698768,29.983654710182538
-99.48964892127,0.011181993205379166,0.08414404177884159,0.6645844172373039,0.5804403754584623,3.53315910798e-19,0.815736784706,256.40902711989827,64.32421750291992,0.20055363321805042,0.20055426250033614,320.7332446228182,321.14069381932404,-0.12687560447730561,1.5867606682978665,0.20055363322465453,0.07259732341423786,0.2694389047896347,0.20055346794348491,0.07259728095302564,0.26943882599400115,0.08443138241182972,0.6650426364759571,0.5806112540641274,0.20000000000000007,0.19999938982013066,256.58679140322386,64.14645321959433,-5.981282829026213e-05,3.2604141608771897e-09,0.672899756154441,0.672899559369327,0.5810133394202178,33.40191733202055,29.938401142061263,17.599554201529685,56.819621028416954,33.405776426810945,29.934942604639357
-99.03964892127,0.011244493205379166,0.08438700908781419,0.6636159039727382,0.579228894884924,4.08986216533e-19,0.814748895766,255.24484503098955,64.0321642052842,0.20055363321791406,0.20055427247013086,319.2770092362737,319.6826084781467,-0.12687560446399404,1.5867606682971365,0.20055363322476022,0.07243818003427645,0.26914341908037887,0.20055346842178237,0.07243813830982998,0.2691433415669613,0.08467377674631259,0.6640730591385521,0.5793992823922395,0.20000000000000018,0.199999380009258,255.42180533780885,63.855203898464886,-5.98128743090065e-05,3.3131053456258996e-09,0.6721618068153853,0.672161613232492,0.5798005284327674,33.45846897401114,29.887799133210482,17.513558328353426,57.09861932403871,33.4620338360718,29.884615050565404
-98.58964892127,0.011306993205379166,0.08462988611166286,0.6626477501597652,0.5780178640481023,4.72647177826e-19,0.813735843721,254.07607950839963,63.73896108168024,0.2005536332180427,0.20055428264457117,317.8150405900799,318.2187825940191,-0.12687560446560386,1.5867606682962068,0.20055363322489117,0.07228015889131291,0.2688496957247914,0.20055346881144204,0.07228011784647294,0.2688496193906046,0.0849160788580748,0.6631038506921605,0.5781877718340857,0.19999999999999998,0.19999936999117948,254.25223269834277,63.56280789173711,-5.981293289547551e-05,3.3784086639343514e-09,0.6714282587982346,0.6714280681603656,0.578588178878382,33.516998273607825,29.835607348747175,17.428360856614333,57.37774241807052,33.520268982328574,29.832696167419964
-98.13964892127,0.011369493205379168,0.08487268584231504,0.6616799054910936,0.5768072196487786,5.4532711007e-19,0.812698298028,252.9027900043231,63.44462304643739,0.20055363321797479,0.20055429297221555,316.3474130507605,316.7492906279053,-0.12687560447196544,1.5867606682954543,0.20055363322492173,0.07212324694309301,0.2685577162233344,0.2005534694092359,0.07212320664809621,0.2685576412022123,0.08515830144505936,0.6621349603443738,0.5769766588993145,0.20000000000000007,0.1999993598208446,253.07813295962814,63.2692800911324,-5.9812980324203124e-05,3.3936409238322085e-09,0.6706990659020348,0.6706988785434282,0.5773762272227417,33.57749508568905,29.781852322456494,17.343964643194084,57.656944105476384,33.58047188554189,29.779212257900138
-97.68964892127,0.011431993205379166,0.08511542065596725,0.6607123198803361,0.5755968992243689,6.2817014219e-19,0.811636944366,251.7250368687473,63.14916523939056,0.20055363321795133,0.20055430353390352,314.8742021081379,315.27420816548624,-0.12687560447012247,1.5867606682950564,0.20055363322499908,0.07196743124337884,0.26826746214063835,0.2005534700644007,0.07196739171031333,0.26826738845844333,0.08540045699947965,0.6611663381270753,0.5757658811275956,0.20000000000000007,0.19999934941199501,251.89956653988932,62.974635568248615,-5.981300539303902e-05,3.4322100717076864e-09,0.6699741820860858,0.669973998071331,0.5761646109622611,33.63995113113426,29.72655923612462,17.260372340002885,57.93617775454274,33.642633790248674,29.724188844270873
-97.23964892127,0.011494493205379167,0.08535810288667103,0.6597449441049945,0.5743868412183235,7.22447170428e-19,0.810814527423,250.54288135008113,62.85260302569005,0.20055363321804526,0.20055431430201873,313.3954843757712,313.7936119176467,-0.12687560445938662,1.586760668294913,0.20055363322505199,0.07181269892261652,0.26797891507097443,0.2005534707656423,0.07181266016832641,0.26797884276249573,0.08564255786371179,0.6601979346704109,0.5745553768066991,0.20000000000000004,0.19999933879612408,250.71659471892593,62.67888965684527,-5.981301444135667e-05,3.45858897077278e-09,0.6692535613837135,0.6692533807996932,0.5749532683419731,33.704361159487355,29.66975090458027,17.177587008454495,58.215394252278756,33.706747784594675,29.667650121292326
-96.78964892127,0.011556993205379167,0.08560074407538777,0.6587777287620417,0.5731769846866539,8.29567609776e-19,0.809978502842,249.3563855952825,62.554951995781686,0.2005536332180244,0.20055432516141564,311.91133759106424,312.3075797206321,-0.12687560446734691,1.5867606682944675,0.2005536332250825,0.07165903719752983,0.2676920566575143,0.2005534708312479,0.07165899891343994,0.2676919851497985,0.08588461620226508,0.6592297013163507,0.5733450851140857,0.20000000000000026,0.19999932811194632,249.52927964235292,62.3820579487113,-5.9813042507794734e-05,3.473799026210145e-09,0.6685371579503678,0.668536979366182,0.5737421384972179,33.770733831951254,29.611438264153957,17.095622849808464,58.49450521840471,33.77282497085063,29.609604789149305
-96.33964892127,0.011619493205379167,0.08584335739200896,0.6578106259833699,0.5719672685913609,9.5109197293e-19,0.809110176099,248.16561264968956,62.25622796563482,0.2005536332180406,0.20055433614773108,310.4218406153244,310.81619053587366,-0.1268756044752295,1.586760668293777,0.200553633225205,0.0715064331601547,0.2674068681992942,0.20055347118980513,0.07150639546479445,0.26740679771612846,0.086126644288962,0.6582615889701803,0.5721349446812183,0.19999999999999998,0.19999931729960974,248.33768441737124,62.08415619795315,-5.98130860285373e-05,3.534883497025021e-09,0.6678249250820515,0.6678247490565884,0.5725311600169591,33.83908145626652,29.551629564543457,17.01448591838758,58.77344780186972,33.840881912820144,29.55005731163182
-95.88964892127,0.011681993205379168,0.0860859553819451,0.6568435876331378,0.5707576322511927,1.08874533426e-18,0.808210375007,246.97062645661183,61.956446976386005,0.20055363321798192,0.20055434733936525,308.9270734329978,309.3195244494802,-0.1268756045001873,1.586760668293034,0.20055363322518516,0.07135487413357944,0.2671233313164154,0.20055347221681497,0.071354837328821,0.2671232624254597,0.08636865429636188,0.6572935489404836,0.5709248946441218,0.19999999999999982,0.19999930626683746,247.14187305935386,61.78520037364392,-5.981313284664225e-05,3.525002512105857e-09,0.6671168168765981,0.6671166448275382,0.5713202719950722,33.909397622343015,29.490349876964395,16.93416756763377,59.052208855621416,33.91090575792388,29.489038338833886
-95.43964892127,0.011744493205379165,0.08632854936922306,0.6558765656023616,0.5695480162331386,1.24443166881e-18,0.807279946181,245.7714918568254,61.65562529440812,0.20055363321797567,0.20055435872603428,307.4271171512335,307.81766267139136,-0.12687560446288382,1.5867606682932682,0.20055363322523687,0.07120434757700261,0.26684142777500386,0.20055347331687007,0.07120431168342731,0.26684136051861845,0.08661065808487463,0.6563255337866897,0.569714875701815,0.2000000000000003,0.1999992950388878,245.9419104451492,61.48520670608427,-5.981311809177825e-05,3.550781890737653e-09,0.666412787796525,0.6664126198296596,0.5701094150895087,33.98166629614207,29.427632867830546,16.854678395503917,59.33070786249803,33.98287627366203,29.426585082059006
-94.98964892127,0.011806993205379167,0.0865711508315613,0.6549095129727877,0.5683383621412263,1.42024912547e-18,0.806319752975,244.56827458704822,61.35377941078622,0.20055363321802397,0.20055437045548954,305.9220539978345,306.3106875341934,-0.12687560446794643,1.5867606682930424,0.20055363322528572,0.07105484083423164,0.26656113901735873,0.20055347425616532,0.07105480577245432,0.2665610732504923,0.08685266731041348,0.6553574968847775,0.568504829574364,0.19999999999999998,0.19999928346725815,244.73786240143568,61.18419159639875,-5.9813132313735196e-05,3.575140183897929e-09,0.6657127914956216,0.6657126272486975,0.5688985309799748,34.05587828890904,29.36350639723978,16.776026817282492,59.60886990057802,34.056781884942595,29.362727323397706
-94.53964892127,0.011869493205379167,0.08681377101941831,0.6539423833489815,0.5671286123295631,1.61850625924e-18,0.805330673592,243.36104127941636,61.05092604118054,0.20055363321798603,0.20055438285351365,304.4119673205969,304.7986824915917,-0.12687560452480096,1.5867606682913877,0.20055363322532002,0.07090634142261218,0.26628244670389406,0.20055347472398616,0.0709063069634861,0.26628238199979753,0.08709469344249539,0.6543893923566206,0.5672946989141252,0.2000000000000002,0.19999927122642863,243.52979570387407,60.882171616722786,-5.98132365969839e-05,3.5922376184771565e-09,0.6650167821723989,0.6650166205796484,0.5676875622791124,34.13202831174186,29.297995151843555,16.69820833279799,59.88666448937745,34.13262674603065,29.297481481301226
-94.08964892127,0.011931993205379167,0.08705642198705392,0.6529751318927068,0.565918709905653,1.8417392456e-18,0.804313598399,242.1498594600653,60.74708212564274,0.20055363321802866,0.20055439548136172,302.8969415857081,303.28173211654166,-0.12687560445802104,1.5867606682924622,0.20055363322539466,0.07075883697204412,0.266005332600766,0.2005534753646919,0.07075880317542928,0.2660052690745604,0.08733674797093306,0.6534211742432433,0.5660844262723103,0.20000000000000026,0.199999258754285,242.31777778962646,60.57916379608157,-5.981316888448163e-05,3.6294522942625917e-09,0.66432471428945,0.6643245556383777,0.5664764514983487,34.21011361357437,29.231121863424793,16.621222959274803,60.16404463439258,34.210413122123,29.230865948044503
-93.63964892127,0.011994493205379167,0.08729911489817747,0.6520077134420218,0.5647085985438444,2.09273010268e-18,0.803269428721,240.93479754620566,60.44226482761054,0.2005536332179134,0.20055440829756568,301.37706237381616,301.7599220990329,-0.1268756044717878,1.5867606682920568,0.20055363322536326,0.07061231520259756,0.2657297785393981,0.20055347604554163,0.07061228206593644,0.26572971618909397,0.08757884217203846,0.6524527974386598,0.5648739552666213,0.20000000000000032,0.199999246096375,241.10187710831275,60.27518526550342,-5.9813194441815654e-05,3.613798149615377e-09,0.6636365424723675,0.6636363867580046,0.5652651422163398,34.29013645237289,29.162905239206175,16.545077057902304,60.44093941057695,34.290132877205174,29.162908279797406
-93.18964892127,0.012056993205379165,0.08754186101103213,0.6510400833276226,0.5634982223165905,2.37452594054e-18,0.802200631147,239.71592484539437,60.13649153410432,0.20055363321799777,0.20055442148294306,299.8524163794987,300.2333392435269,-0.1268756044841557,1.5867606682911455,0.20055363322547612,0.07046676383247813,0.26545576624454426,0.20055347680850713,0.0704667313334364,0.26545570503087024,0.08782098719534635,0.6514842173459948,0.5636632301506485,0.19999999999999993,0.19999923307022088,239.88216306934643,59.97025331015229,-5.981325186255049e-05,3.6700864569638725e-09,0.6629522210803456,0.6629520682046157,0.5640535786480704,34.37209613086401,29.093366787778244,16.469801323749635,60.71718658548655,34.371788402707274,29.09362725860478
-92.73964892127,0.012119493205379165,0.08778467144332681,0.6500721975156885,0.5622875260723617,2.69045926072e-18,0.801411463028,238.4933115527295,59.829779854571704,0.20055363321804004,0.2005544349120164,298.32309140730115,298.702071466047,-0.12687560447296464,1.586760668290748,0.2005536332255515,0.070322170240645,0.26518327669867303,0.20055347771032253,0.07032213841694313,0.2651832166954446,0.08806319412608164,0.6505153896234309,0.5624521954973493,0.2,0.19999921979594953,238.65870587872521,59.66438552857597,-5.981327692028415e-05,3.7076564041171878e-09,0.6622717026187873,0.6622715527660379,0.5628417053281136,34.45598936998844,29.02253043039918,16.395400533784724,60.99271548379547,34.45538099104832,29.023042881453115
-92.28964892127,0.012181993205379167,0.08802755721958917,0.6491040124588983,0.561076455239309,3.04416932294e-18,0.800585753668,237.2670287480356,59.52214762045325,0.20055363321791583,0.2005544485522211,296.7891763684888,297.1662077909177,-0.12687560447456336,1.5867606682899587,0.2005536332255687,0.07017852226119314,0.2649122916385594,0.200553478830862,0.07017849120382305,0.2649122330203402,0.08830547390676954,0.6495462705007704,0.5612407965940008,0.19999999999999976,0.19999920630964596,237.43157665349753,59.35759971499131,-5.9813326658275656e-05,3.7162495303277865e-09,0.6615949414769088,0.661594795083097,0.5616294675058568,34.54181951796669,28.950414713384074,16.321851543828572,61.26755884984803,34.54090811945536,28.951178600794936
-91.83964892127,0.012244493205379167,0.08827052882055204,0.6481354843757802,0.5598649555552281,3.43958491962e-18,0.799724541779,236.03714839316095,59.21361288460653,0.200553633217898,0.20055446246026784,295.2507612777675,295.6258383471541,-0.1268756044747965,1.5867606682897626,0.2005536332256126,0.07003580787774681,0.2646427929828183,0.20055347976853027,0.07003577748039694,0.26464273555190765,0.08854783736232189,0.6485768166787768,0.5600289793164549,0.20000000000000012,0.19999919256148105,236.20084741905137,59.04991385871609,-5.981333901505792e-05,3.738120923912902e-09,0.660921892498055,0.6609217490694409,0.5604168110196698,34.62959167683885,28.877036995756015,16.249162077723852,61.54163489887953,34.62837419352557,28.878052270411494
-91.38964892127,0.012306993205379167,0.08851359736848927,0.6471665705859906,0.5586529732175013,3.88104469411e-18,0.798828882107,234.80374332886694,58.904193920258955,0.2005536332179401,0.20055447655373154,293.70793724912585,294.08105436449887,-0.12687560447554036,1.5867606682891813,0.2005536332256253,0.06989401498240416,0.26437476237796254,0.20055348085526437,0.06989398527355485,0.26437470619095704,0.08879029527179579,0.6476069850409457,0.5588166897691499,0.20000000000000023,0.19999917863042996,234.96659104206282,58.74134620706303,-5.981337565241773e-05,3.744471399613758e-09,0.6602525098460205,0.6602523695239492,0.5592036819366669,34.71930514075839,28.802419747337048,16.177338845018806,61.81486396372985,34.71778369019019,28.803681966673427
-90.93964892127,0.012369493205379166,0.08875677308836905,0.6461972282309305,0.5574404551425615,4.37325248e-18,0.797899843399,233.56688727134454,58.593909220273524,0.2005536332180507,0.20055449085817237,292.16079649161804,292.5319481691076,-0.12687560446389412,1.5867606682890536,0.2005536332258127,0.06975313163289343,0.2641081816848797,0.20055348166993348,0.06975310249724842,0.2641081265263309,0.08903285829717521,0.6466367329403668,0.5576038746431916,0.2,0.19999916449109828,233.72888129624064,58.43191519537741,-5.981338370153466e-05,3.837907769366211e-09,0.6595867482199814,0.6595866104663896,0.5579900269110368,34.810967493864375,28.72657877653804,16.106380849791645,62.08719446820582,34.80914099728817,28.728086110424435
-90.48964892127,0.012431993205379166,0.08900006751838668,0.6452274156490806,0.5562273481306939,4.92130653252e-18,0.796938505999,232.32665480848007,58.28277749607933,0.20055363321792954,0.20055450542203782,290.6094323045594,290.9786131788806,-0.12687560446040802,1.5867606682880957,0.20055363322588363,0.06961314592877896,0.2638430327463262,0.20055348308117113,0.06961311760018099,0.2638429790617537,0.08927553705203578,0.6456660179212766,0.5563904808692408,0.19999999999999987,0.19999915008748212,232.48779283624188,58.12163946831756,-5.981344406436051e-05,3.873279474930769e-09,0.6589245622738332,0.6589244282013663,0.5567757928366883,34.90458865818444,28.649528283884237,16.036288723640254,62.358567947571785,34.902455113259705,28.65127959494438
-90.03964892127,0.012494493205379166,0.08924349029082809,0.6442570898345263,0.5550135995436982,5.53073439865e-18,0.795945957551,231.0831213956702,57.97081767699297,0.20055363321798603,0.2005545201847091,289.0539390726632,289.42114389844266,-0.12687560446804635,1.5867606682879947,0.20055363322592107,0.0694740461041511,0.2635792975636575,0.2005534841647085,0.06947401844814777,0.2635792451012556,0.08951834209633322,0.6446947977442752,0.5551764556479419,0.19999999999999996,0.19999913548636328,231.24340114920264,57.81053792346056,-5.981345043704067e-05,3.891931221744471e-09,0.6582659070575582,0.6582657760373539,0.5555609268777014,35.00017494182292,28.571285762491016,15.967065524003829,62.62891565746168,34.99773725024988,28.573275833507214
-89.58964892127,0.012556993205379166,0.08948705247206622,0.6432862093592836,0.5537991568872174,6.20752067808e-18,0.794923287979,229.83636335172108,57.65804890868228,0.20055363321794736,0.20055453505399123,287.49441226040335,287.859635913768,-0.12687560456515756,1.5867606682857232,0.20055363322593855,0.06933582039081086,0.263316958038807,0.2005534854588336,0.06933579352733749,0.26331690702903504,0.08976128397115958,0.6437230302450574,0.5539617462738978,0.20000000000000007,0.19999912077173979,229.9957825815346,57.49862967886875,-5.981359358919747e-05,3.900657574718025e-09,0.657610737372841,0.6576106099804512,0.5543453762921792,35.09774230031707,28.49186114147764,15.898716972195125,62.8981572380259,35.09499710562506,28.49408982682945
-89.13964892127,0.012619493205379168,0.08973076425133311,0.6423147318181635,0.5525839675668304,6.95813585567e-18,0.793871588002,228.58645785499365,57.34449055260721,0.2005536332179802,0.20055455016081072,285.9309484076009,286.2941858864529,-0.12687560445117096,1.5867606682874895,0.20055363322601086,0.0691984571069183,0.2630559961432514,0.20055348660486724,0.06919843096084985,0.26305594644647334,0.09000437314093435,0.6427506735663164,0.5527463004253821,0.20000000000000004,0.1999991058286585,228.74501439734044,57.18593401026047,-5.981348226713479e-05,3.93671761855785e-09,0.6569590081950445,0.6569588840817403,0.5531290887221615,35.19730454911138,28.41126651061258,15.831249256700971,63.166209045487996,35.19424917436528,28.413733023416167
-88.68964892127,0.012681993205379166,0.08997463628912102,0.6413426155811757,0.5513679792920546,7.78956610569e-18,0.792791949995,227.33348293638818,57.030162184040286,0.20055363321808564,0.20055456567086377,284.36364512042854,284.724891547635,-0.12687560446259516,1.5867606682869093,0.20055363322611847,0.06906194455912974,0.26279639373311375,0.20055348777625592,0.06906191921490606,0.262796345512844,0.09024762011554373,0.6417776856684169,0.5515300655528731,0.20000000000000018,0.1999990904921878,227.49117472729955,56.872470393128964,-5.981351883788122e-05,3.990363595107738e-09,0.6563106742114457,0.65631055378559,0.5519120115817351,35.298872251672776,28.329516956525744,15.764668997033194,63.43298423761345,35.295503247912364,28.332221047426128
-88.23964892127,0.012744493205379164,0.09021867927405888,0.6403698191825425,0.5501511399084836,8.70934415865e-18,0.7919971015,226.07751747677597,56.71508359138939,0.2005536332180013,0.2005545812838368,282.7926010681653,283.1518516915604,-0.12687560446767998,1.5867606682862885,0.20055363322616895,0.06892627113161254,0.2625381327190634,0.2005534892017305,0.06892624663995364,0.26253808607505624,0.09049103526119992,0.6408040250860488,0.5503129898248489,0.20000000000000007,0.19999907503999587,226.2343424263777,56.55825864178761,-5.9813557962140607e-05,4.015543453306236e-09,0.6556656902455468,0.6556655737562671,0.5506940930034836,35.40246486428519,28.246620788509635,15.698980399420734,63.698404263049994,35.398771616528684,28.249567833395435
-87.78964892127,0.012806993205379166,0.0904629034287607,0.6393963003931058,0.5489333969643451,9.72558108749e-18,0.791184873284,224.81864120003274,56.39927477466023,0.2005536332177913,0.2005545974009774,281.21791597469297,281.57516616879826,-0.12687560446688062,1.5867606682863606,0.20055363322598488,0.06879142523757377,0.262281194975114,0.20055349058454502,0.0687914015585574,0.2622811498345952,0.09073462902174254,0.6398296500429552,0.5490950210212127,0.19999999999999998,0.19999905908517251,224.9745973818613,56.2433185928317,-5.9813553410226206e-05,3.923750213630228e-09,0.6550240110293051,0.6550238982948543,0.5494752807311466,35.508101997112945,28.16258667053809,15.634194702275558,63.962360648767536,35.504084071946146,28.16577377333777
-87.33964892127,0.012869493205379168,0.09070731883842689,0.6384220169870098,0.547714698148583,1.08469989799e-17,0.790334577168,223.5569346676148,56.08275594416067,0.20055363321804165,0.20055461373993005,279.6396906117755,279.99493587910456,-0.12687560445108215,1.5867606682859723,0.20055363322618905,0.06865739524540941,0.26202556219844164,0.2005534915190478,0.06865737219317739,0.26202551820992054,0.0909784119362878,0.6388545183857969,0.547876106449509,0.19999999999999998,0.19999904292536033,223.7120201254765,55.927670486298965,-5.98135778906439e-05,4.025557664988355e-09,0.6543855908530422,0.6543854809956033,0.5482555220357781,35.61580418097862,28.077423014754537,15.570333467715955,64.22470026563228,35.61146505784937,28.080844143186493
-86.88964892127,0.012931993205379166,0.09095193653014243,0.6374469273373655,0.5464949908072231,1.20829644929e-17,0.789447460562,222.29247927296817,55.76554751851432,0.20055363321819608,0.20055463037594826,278.0580267914825,278.41126276393607,-0.1268756044374264,1.5867606682855335,0.20055363322638925,0.06852416937522846,0.2617712157117899,0.20055349247207532,0.06852414698030466,0.26177117293602953,0.09122239454277796,0.6378785879608367,0.5466561934180588,0.19999999999999984,0.19999902646266154,222.44669213305733,55.61133465842516,-5.981360553519721e-05,4.125388919362649e-09,0.6537503830719672,0.6537502762432906,0.547034764189209,35.7256015741277,27.99113117591825,15.5074111465425,64.48529613035751,35.720934792456376,27.994788093036753
-86.43964892127,0.012994493205379164,0.09119676772913914,0.6364709895160735,0.5452742217869344,1.34435232572e-17,0.788524783446,221.0253572348774,55.4476701235105,0.20055363321802278,0.2005546474325188,276.47302735838787,276.8242497986147,-0.12687560446108526,1.5867606682853201,0.20055363322629535,0.06839173592510514,0.2615181368951399,0.200553494008639,0.06839171441276751,0.2615180957654126,0.09146658741187036,0.6369018164839958,0.5454352290721254,0.2000000000000001,0.19999900956675043,221.17869571478923,55.29433164359866,-5.981361899110027e-05,4.07855971218396e-09,0.6531183411842354,0.6531182384663803,0.5458129543000995,35.83751482323014,27.90372058253863,15.44541869558634,64.74411731458976,35.83251951500174,27.90761055976924
-85.98964892127,0.013056993205379166,0.09144182239262189,0.6354941606552589,0.544052338262637,1.49394349816e-17,0.787567816523,219.75565159108015,55.129144590627796,0.20055363321798853,0.20055466481129083,274.884796181708,275.2340009841457,-0.12687560446350554,1.5867606682841227,0.20055363322645905,0.06826008344638236,0.2612663075223867,0.20055349549193635,0.06826006280056213,0.2612662680113185,0.09171100119348505,0.6359241613583556,0.5442131601648705,0.19999999999999998,0.19999899234817345,219.90811393353337,54.97668224817463,-5.9813694452959254e-05,4.1601833089544016e-09,0.6524894196717669,0.6524893209963694,0.5445900390847369,35.95156854532519,27.815198069571593,15.384346752884696,65.00113498888027,35.94624738255167,27.81931558411854
-85.53964892127,0.013119493205379168,0.0916871112769838,0.6345163979368802,0.5428292866598964,1.65822092107e-17,0.786577838623,218.4834461913974,54.80999195487998,0.20055363321801933,0.20055468234657714,273.2934381462774,273.6406213386886,-0.12687560447447455,1.5867606682829882,0.20055363322655048,0.06812920057047245,0.26101570943234903,0.2005534969337719,0.06812918071229059,0.2610156713921419,0.09195564659104637,0.6349455797685675,0.5429899331775211,0.20000000000000007,0.19999897498930616,218.63503064571862,54.65840750055882,-5.981376595132204e-05,4.2057690663455105e-09,0.651863573178623,0.6518634781765704,0.5433659649872853,36.067800131755554,27.725561202707215,15.32420131166566,65.25625575270554,36.062144011477635,27.729909782450157
-85.08964892127,0.013181993205379166,0.09193264540063781,0.6335376582866554,0.5416050128860176,1.83841416935e-17,0.785556134923,217.20882569084142,54.49023345326833,0.20055363321801786,0.20055470028756592,271.69905914410975,272.0442168886846,-0.12687560445958646,1.5867606682822089,0.2005536332267321,0.06799907591703463,0.26076632435388325,0.20055349850401957,0.06799905684629064,0.26076628778714983,0.09220053434774328,0.6339660287426878,0.5417654943949446,0.20000000000000018,0.19999895722950467,217.3595306350503,54.33952850905947,-5.981381506758865e-05,4.296318856233938e-09,0.6512407560742438,0.6512406647520611,0.5421406782554131,36.18622813723334,27.63482273442761,15.265006226156771,65.50930836087626,36.180231979386654,27.639402659710434
-84.63964892127,0.013244493205379168,0.0921784353125273,0.6325578987150056,0.5403794634024782,2.03583513269e-17,0.784503993465,215.93187554189097,54.16989052289551,0.20055363321801584,0.20055471888147686,270.1017660647865,270.4448946596423,-0.1268756044692898,1.5867606682811914,0.20055363322685846,0.0678696978814649,0.2605181334983515,0.2005535000142968,0.06786967960427745,0.260518098419817,0.09244567521542048,0.6329854652726102,0.5405397900571898,0.19999999999999984,0.19999893879808608,216.0816994843403,54.0200665804462,-5.981387918296832e-05,4.359335115111662e-09,0.6506209214356734,0.6506208338301355,0.5409141250919395,36.30688109991894,27.54298826296684,15.20678672457619,65.76011212045651,36.30054009208102,27.54779949453563
-84.18964892127,0.013306993205379166,0.09242449250529713,0.6315770760037849,0.5391525834984877,2.25188174611e-17,0.783422701767,214.65268198728276,53.84898479908423,0.20055363321796102,0.20055473793919393,268.501666786367,268.842762666583,-0.1268756044733088,1.5867606682803617,0.2005536332268966,0.06774105482552625,0.2602711179242258,0.2005535019847684,0.06774103747182911,0.26027108458649245,0.09269108006532256,0.6320038458731927,0.5393127658078701,0.19999999999999993,0.1999989199037049,214.80162343674914,53.70004334961788,-5.981393147447278e-05,4.378364337753737e-09,0.6500040219581266,0.6500039387000851,0.5396862511028349,36.4297854599994,27.450065581583484,15.14953182683639,66.00864049333633,36.42310003007508,27.45510401844669
-83.73964892127,0.013369493205379165,0.09267082718528788,0.6305951463640759,0.537924319178788,2.4880417513e-17,0.782502107985,213.37133205184207,53.527538113450525,0.2005536332180818,0.20055475740849263,266.8988701652926,267.2379299041486,-0.1268756044389474,1.5867606682806423,0.2005536332270925,0.06761313550110826,0.2600252593520642,0.20055350379295672,0.06761311899335318,0.2600252276094633,0.09293675981198207,0.6310211268875335,0.5380843670755515,0.1999999999999998,0.19999890059264513,213.51938956281492,53.379480602477656,-5.981391378862e-05,4.476041759460259e-09,0.6493900119903189,0.6493899327159791,0.5384570016788731,36.554971590856375,27.3560601056556,15.093235004934854,66.25484859097747,36.547944767987026,27.361319667854954
-83.28964892127,0.013431993205379167,0.09291745091176344,0.6296120659507767,0.5366946150390133,2.74589647976e-17,0.781716181045,212.08791353431184,53.20557249157437,0.20055363321805347,0.20055477720294315,265.2934860258862,265.6305063363744,-0.1268756044388475,1.5867606682802444,0.2005536332271045,0.06748592854834673,0.2597805392025098,0.20055350588640175,0.06748591299025741,0.25978050925782986,0.09318272550047918,0.6300372641336071,0.5368545386331278,0.19999999999999998,0.19999888095651883,212.2350856956551,53.0584003302311,-5.9813938868558125e-05,4.482014759332742e-09,0.6487788451319552,0.6487787703477635,0.5372263215547024,36.68248108895506,27.26096955042378,15.037911284968356,66.4985968496558,36.67510939565749,27.266449002559888
-82.83964892127,0.013494493205379168,0.09316437424107805,0.6286277899013148,0.5354634156602368,3.02712464975e-17,0.780890222083,210.8025149990757,52.88311015127062,0.20055363321803427,0.20055479732231965,263.6856251503463,264.02060288612984,-0.12687560444970547,1.5867606682797295,0.20055363322709902,0.06735942263054662,0.2595369388556215,0.2005535077070768,0.06735940790503057,0.2595369104867949,0.09342898824235235,0.6290522131660895,0.5356232249237372,0.1999999999999999,0.19999886099722747,210.94880045893512,52.73682469141114,-5.9813971320377135e-05,4.479283610692164e-09,0.6481704748813848,0.6481704040327471,0.5359941551349865,36.81234702363497,27.164798793132118,14.983559892154817,66.73981398262946,36.80462412813142,27.17049891661997
-82.38964892127,0.013556993205379167,0.0934116090515482,0.6276422738733278,0.5342306648217796,3.33350615694e-17,0.780025653726,209.51522576742593,52.56017350016762,0.20055363321797617,0.2005548179649863,262.0753992675936,262.4083314242283,-0.12687560445497903,1.5867606682784032,0.20055363322725817,0.06723360656551097,0.25929443990473644,0.20055350985801154,0.06723359275676749,0.2592944132772002,0.0936755592090685,0.6280659293000145,0.534390370090946,0.2000000000000003,0.1999988405134008,209.66062328698828,52.414775980605285,-5.981405489796643e-05,4.55864235249237e-09,0.6475648552696006,0.647564788769681,0.5347604465246102,36.94460527847465,27.06755133699151,14.930177536618363,66.9784399781824,36.93652394480395,27.07347344039057
-81.93964892127,0.013619493205379165,0.09365916650374646,0.6266554726312374,0.5329963061274909,3.66692585707e-17,0.779123906254,208.2261359084475,52.236785133553596,0.20055363321802772,0.20055483905573723,260.4629210420011,260.79380475821284,-0.1268756044717101,1.5867606682771556,0.2005536332273579,0.06710846923458592,0.25905302398270885,0.2005535121894037,0.067108456371585,0.25905299915574226,0.09392244969590181,0.6270783673531855,0.5331559176572837,0.19999999999999998,0.19999881958294,208.37064428847637,52.09227675352473,-5.981413353506326e-05,4.608358139535085e-09,0.6469619404262857,0.6469618784231291,0.5335251392069907,37.0792847100709,26.969236537844957,14.877767316763256,67.2143863194626,37.07084692490433,26.9753750710291
-81.48964892127,0.013681993205379167,0.0939070574975116,0.6256673403762575,0.5317602828787459,4.02937731273e-17,0.778186414343,206.93533623031044,51.912967831922806,0.2005536332177077,0.20055486052755572,258.84830406223324,259.1771366208169,-0.12687560441131396,1.5867606682774484,0.20055363322730885,0.06698399956404524,0.25881267272690733,0.20055351422971984,0.06698398748496429,0.25881264939133924,0.09416967109353216,0.6260894817624202,0.531919810668888,0.19999999999999982,0.19999879827555603,207.0789543141209,51.76934974811238,-5.9814115072054364e-05,4.583911028532839e-09,0.6463616844923977,0.6463616262138766,0.5322881761888246,37.21643800287563,26.869847133751282,14.82637194152757,67.44738388756281,37.207652608694595,26.87619158662867
-81.03964892127,0.013744493205379165,0.09415529484914702,0.624677831495688,0.530522536646541,4.42296650392e-17,0.777214614461,205.64291826946132,51.588744558938,0.2005536332179804,0.20055488192811016,257.2316628283993,257.55844165810566,-0.1268756044657815,1.5867606682753403,0.20055363322762718,0.0668601858801914,0.25857336653296564,0.20055351707762972,0.06686017486035864,0.2585733452240556,0.09441723519558812,0.6250992253557853,0.5306819901601972,0.2000000000000001,0.19999877704072552,205.7856448465672,51.446017981832114,-5.981424793244372e-05,4.742628512133251e-09,0.6457640385077715,0.645763985290649,0.5310494984637149,37.35609751800869,26.769391516817794,14.776018301207104,67.67723074072713,37.34696887404528,26.775934704970446
-80.58964892127,0.013806993205379167,0.09440388932654706,0.6236868994113934,0.5292830100848464,4.84991549059e-17,0.776209941996,204.34897428308224,51.26413845852225,0.20055363321812214,0.2005549033505431,255.6131127416045,255.93783541730141,-0.12687560444802903,1.5867606682753266,0.20055363322767383,0.06673701682172742,0.2583350863156753,0.2005535199996874,0.06673700685420127,0.2583350670238194,0.09466515346155957,0.624107552292133,0.5294423988305734,0.19999999999999984,0.19999875578172258,204.49080823179042,51.12230450981407,-5.981424879841768e-05,4.7658987867293945e-09,0.6451689548087924,0.6451689066290837,0.5298090486913418,37.498283484428,26.66788735583783,14.726675000520407,67.90399054536495,37.48881458580548,26.674623112213144
-80.13964892127,0.013869493205379169,0.09465285305090623,0.6226944980041723,0.5280416449532661,5.31256598387e-17,0.775173827237,203.05359723714858,50.939172852623976,0.2005536332180627,0.2005549243630853,253.9927700897726,254.315434334296,-0.1268756044508379,1.5867606682747848,0.20055363322775027,0.06661448140199515,0.25809781363272943,0.2005535234367266,0.06661447266247808,0.2580977967020991,0.09491343762844552,0.6231144156249694,0.5282009779965239,0.19999999999999998,0.19999873493309292,203.19453738966615,50.798232700106446,-5.981428293777569e-05,4.804023845395022e-09,0.6445763873374355,0.644576345054678,0.5285667681475732,37.64304484537955,26.56533243013533,14.678327229338896,68.12765408317168,37.63323221097408,26.572259177578534
-79.68964892127,0.013931993205379165,0.09490219832731418,0.6217005805457452,0.526798382218431,5.81338285932e-17,0.774107693302,201.7568807971481,50.61387123875012,0.20055363321796738,0.2005549449681297,252.37075203589822,252.69135572085497,-0.12687560444724078,1.5867606682743631,0.20055363322776662,0.066492568664486,0.2578615300204472,0.2005535278545677,0.06649256149269978,0.25786151611417274,0.09516209940853952,0.6221197685046751,0.5269576690961356,0.19999999999999982,0.19999871449405487,201.8969260528207,50.473825983077525,-5.9814309516514896e-05,4.812172882395771e-09,0.6439862899822961,0.6439862552525991,0.5273225982299407,37.790415876302625,26.461735781719028,14.630978817513133,68.3481271125217,37.78025165279443,26.468854924263972
-79.23964892127,0.013994493205379165,0.09515193609882593,0.6207050990572299,0.525553162958404,6.35495754212e-17,0.773012954303,200.45891931734374,50.288257287187946,0.2005536332179746,0.20055496559568425,250.74717660453166,251.0657177515167,-0.12687560445838741,1.5867606682733715,0.20055363322787245,0.0663712677133678,0.2576262170536372,0.20055353237933116,0.06637126214122038,0.2576262062392341,0.09541115061773127,0.6211235636684386,0.5257124130507073,0.2,0.19999869403460194,200.59806875076163,50.149107853770026,-5.981437201096895e-05,4.8649306805259585e-09,0.6433986167280938,0.6433985897200711,0.5260764798188297,37.940442947263946,26.357098713633086,14.584635870185776,68.56530453696286,37.92991404359946,26.364415138155223
-78.78964892127,0.014056993205379167,0.09540207919780914,0.6197080058963903,0.5243059266985811,6.94001129818e-17,0.772103921711,199.15980783033282,49.96235483831893,0.20055363321798078,0.20055498627753626,249.12216266865173,249.438639450191,-0.12687560445199253,1.5867606682729392,0.20055363322794437,0.06625056764417626,0.2573918562118395,0.20055353771492893,0.06625056391302858,0.2573918489638485,0.09566060318936999,0.620125753382243,0.524465150192873,0.19999999999999993,0.19999867351996492,199.29806059049648,49.82410207815527,-5.981439925584198e-05,4.900790884221351e-09,0.6428133213216234,0.6428133032203983,0.5248283532055535,38.09317207017578,26.251423697606118,14.539308435617558,68.7790622523873,38.082270424169415,26.258938578550108
-78.33964892127,0.014119493205379165,0.09565263905195824,0.6187092521877395,0.5230566131357813,7.57139838329e-17,0.771325854453,197.85964203579957,49.63618789990279,0.20055363321797345,0.2005550071742206,247.49582993570235,247.81024067646223,-0.12687560445510115,1.5867606682725641,0.2005536332279867,0.06613045754702254,0.25715842888581847,0.20055354319502675,0.06613045568884815,0.2571584252729203,0.09591046928265455,0.6191262890093123,0.5232158197266578,0.20000000000000018,0.19999865278859993,197.99699737776544,49.49883255793691,-5.981442289249017e-05,4.9219073261497215e-09,0.6422303572879698,0.6422303482650668,0.5235781575520346,38.2486493799092,26.14471402813162,14.49501882433245,68.98921706271422,38.23737547040903,26.152422536789317
-77.88964892127,0.014181993205379167,0.09590362830141376,0.617708788752139,0.5218051604507252,8.2521090409e-17,0.770507731673,196.5585182895587,49.30978064433268,0.20055363321804656,0.20055502828590477,245.8682989338914,246.18064211160018,-0.12687560444626378,1.586760668272317,0.20055363322805736,0.06601092630085725,0.25692591597746084,0.20055354906173165,0.06601092649473637,0.2569259163547663,0.09616076121338854,0.6181251212867336,0.521964360073345,0.1999999999999999,0.19999863184241154,196.69497553369206,49.17332340019932,-5.9814438468919207e-05,4.957145804951324e-09,0.6416496769312903,0.6416496778735666,0.5223258312369119,38.40693859760954,26.036961979110732,14.451772568673237,69.19566407844503,38.395280430747434,26.044867722835725
-77.43964892127,0.014244493205379165,0.09615505913874757,0.6167065650268639,0.5205515058881164,8.98527233392e-17,0.769651087519,195.25653359205336,48.983157405623494,0.2005536332179908,0.20055504980831804,244.23969099767686,244.54996524428395,-0.12687560445865387,1.586760668271942,0.20055363322805325,0.0658919630568853,0.256694298839856,0.20055355492170487,0.0658919652238382,0.25669430306073837,0.09641149146864346,0.6171222002656949,0.5207107087970514,0.19999999999999993,0.1999986104875691,195.39209217222825,48.84759882544861,-5.98144621055674e-05,4.955080790125521e-09,0.6410712336825799,0.6410712442238485,0.5210713117810639,38.56809326328087,25.928167959292395,14.409559879563902,69.3983722166443,38.55604402090634,25.936270833640698
-76.98964892127,0.014306993205379166,0.09640694468694881,0.615702530580739,0.5192955858937902,9.77415880003e-17,0.768757455539,193.9537855768208,48.65634267672598,0.20055363321796793,0.20055507163341385,242.61012825354672,242.9183323560433,-0.12687560444999413,1.5867606682711162,0.20055363322816952,0.06577355700712856,0.2564635588287906,0.20055356115200113,0.06577356126024286,0.2564635671206397,0.09666267278031236,0.6161174750195999,0.5194548022392875,0.19999999999999993,0.19999858883299845,194.08844496624462,48.52168328730212,-5.9814514141720565e-05,5.013056636471447e-09,0.6404949809795702,0.6404950016877171,0.5198145354819164,38.732160718282636,25.818337563800636,14.368384531538313,69.5972464966413,38.719730114264514,25.826626297469872
-76.53964892127,0.014369493205379166,0.0966592977748658,0.6146966342015108,0.518037336426645,1.06221828937e-16,0.767828365809,192.65037249849652,48.329361106355535,0.20055363321798628,0.20055509334488286,240.97973360485204,241.28586650642384,-0.12687560444558654,1.5867606682707391,0.2005536332282251,0.06565569738974278,0.2562336773137809,0.20055356773779787,0.0656557038668441,0.25623368995283213,0.0969143181080648,0.6151108937088673,0.5181965756008025,0.20000000000000023,0.19999856729406482,192.78413213697624,48.19560146787582,-5.981453790049329e-05,5.040767803166091e-09,0.6399208722942813,0.6399209038591799,0.5185554374953435,38.89919391815542,25.70747358168957,14.328251239984057,69.79218770322963,38.88637383190328,25.71594883911693
-76.08964892127,0.014431993205379167,0.09691213147211213,0.6136888237997499,0.5167766923276378,1.15329052456e-16,0.766865342118,191.3463932209194,48.00223749604249,0.20055363321800998,0.20055511552844735,239.34863071696188,239.6526915178776,-0.12687560443820356,1.5867606682697015,0.20055363322837946,0.06553837346727134,0.2560046356362934,0.20055357468080584,0.06553838224349032,0.2560046527770351,0.09716644027365706,0.6141024050472713,0.5169359647736143,0.20000000000000004,0.19999854528038663,191.47925275871702,47.86937795824484,-5.981460329262944e-05,5.117750667693599e-09,0.6393488610286815,0.6393489038361525,0.5172939536689672,39.069255157191805,25.595573705630823,14.28916785270039,69.98308161178318,39.05602982851072,25.604240994050162
-75.63964892127,0.014494493205379166,0.09716545941841995,0.6126790468134897,0.5155135873950698,1.25100346645e-16,0.76586989864,190.04194720471114,47.67499679702833,0.2005536332179984,0.20055513795900842,237.71694400173945,238.01893196038836,-0.1268756044578656,1.586760668268723,0.20055363322845388,0.06542157449626156,0.25577641505084386,0.2005535823437458,0.06542158579465185,0.2557764371373013,0.09741905257088816,0.6130919558587228,0.5156729032878347,0.19999999999999984,0.1999985230210708,190.17390630430896,47.543037697430485,-5.981466496551846e-05,5.154854321176572e-09,0.6387789003675873,0.6387789555265445,0.5160300174868677,39.242391987939286,25.482646427550566,14.251138881656374,70.16983051699603,39.22876549670169,25.491498071334384
-75.18964892127,0.014556993205379166,0.09741929388500103,0.6116672491974223,0.5142479553124213,1.35574298937e-16,0.764843538201,188.73713449499925,47.34766410722928,0.20055363321805308,0.20055516077561444,236.08479860222855,236.3847131358338,-0.1268756044444097,1.5867606682683069,0.20055363322855135,0.06530528981167735,0.2555489968903759,0.20055358969786224,0.06530530347111657,0.2555490236160502,0.09767216831102832,0.6120794928986469,0.5144073245876186,0.1999999999999999,0.1999985003787742,188.8681929195579,47.21660568267064,-5.98146911889863e-05,5.203459885194661e-09,0.6382109436916816,0.6382110104366713,0.5147635623471083,39.4186689561273,25.368690178579925,14.214184126966943,70.35226159078765,39.40463879471064,25.377722790704322
-74.73964892127,0.014619493205379166,0.09767364944067984,0.6106533771178967,0.5129797276772169,1.46791010882e-16,0.763787748027,187.43205570844566,47.02026466783933,0.20055363321793532,0.2005551838800256,234.452320376285,234.75016106209145,-0.12687560445492352,1.586760668267707,0.20055363322856412,0.06518950849263794,0.2553223619126181,0.2005535975934922,0.06518952466763414,0.25532239358825176,0.09792580114344308,0.6110649615690497,0.5131391604256066,0.1999999999999997,0.19999847744765123,187.56221326695905,46.89010710932593,-5.981472900318252e-05,5.209810360895517e-09,0.6376449429450992,0.6376450220521731,0.513494519955067,39.598145868514706,25.253707669053274,14.178314774378155,70.53024396151191,39.58371644132294,25.262913387184184
-74.28964892127,0.014681993205379168,0.09792853894153548,0.6096373752698961,0.5117088363283606,1.58792110889e-16,0.762703998809,186.1268120205547,46.69282386040685,0.2005536332179492,0.20055520716268171,232.81963588096156,233.1154024568926,-0.12687560444906154,1.5867606682671334,0.20055363322867217,0.06507421983761622,0.25509649122952716,0.20055360521691684,0.06507423835506781,0.2550965275245193,0.09817996483733356,0.6100483067940276,0.511868341956694,0.20000000000000026,0.19999845433909041,186.25606856497942,46.56356731598215,-5.981476514094197e-05,5.263700586510822e-09,0.6370808509566278,0.6370809416001396,0.5122228214179624,39.78087981565089,25.137704460889587,14.14352539277529,70.70372995623948,39.76605511360184,25.147075744457076
-73.83964892127,0.014744493205379166,0.09818397696143245,0.6086191882138596,0.5104352112524272,1.71620763106e-16,0.761593741065,184.82150515249597,46.36536720327076,0.20055363321806804,0.20055523056813723,231.1868723557667,231.48056472143162,-0.1268756044458197,1.5867606682674424,0.2005536332286644,0.06495941316008791,0.2548713659085459,0.2005536131005389,0.06495943412212438,0.25487140703131916,0.09843467335908328,0.6090294727069908,0.5105947993479075,0.19999999999999984,0.19999843110833757,184.94986059176986,46.23701176399684,-5.981474566763012e-05,5.259814805924634e-09,0.6365186204438861,0.6365187231443528,0.5109483968544606,39.96693736332798,25.020681242330042,14.109818344161683,70.87263461572324,39.95169708633824,25.030225820919053
-73.38964892127,0.014806993205379168,0.09843997757193507,0.6075987596939492,0.509158782122014,1.85321673836e-16,0.760781320013,183.51623735793657,46.037920348296055,0.20055363321805814,0.2005552544337371,229.55415770623262,229.84577592373446,-0.12687560444817336,1.5867606682671616,0.20055363322878517,0.06484507786396976,0.25464696712109053,0.2005536212113869,0.06484510132349355,0.25464701318392396,0.09868994060138327,0.608008403738396,0.5093184631370128,0.19999999999999982,0.19999840742067576,183.64369174819146,45.91046595804117,-5.981476336458513e-05,5.320033302780303e-09,0.6359582043841564,0.6359583194219851,0.5096711767542229,40.15637597022877,24.90264561576429,14.077197936911633,71.03686433064306,40.14070590053539,24.912367073909934
-72.93964892127,0.014869493205379166,0.09869655501135507,0.6065760324115913,0.5078794774002362,1.9994109433e-16,0.760001897494,182.21111140942315,45.71050907764575,0.20055363321813138,0.20055527889027389,227.9216204870689,228.21116478179323,-0.12687560444345491,1.5867606682661328,0.20055363322885336,0.06473120333575683,0.2544232759315799,0.20055362944089808,0.06473122931921801,0.2544233269950262,0.09894578091520452,0.60698504248345,0.5080392615682454,0.19999999999999984,0.19999838314502147,182.3376649058619,45.58395558120698,-5.981482820160977e-05,5.354028331794325e-09,0.6353995554875053,0.6353996830139209,0.5083910893117928,40.34925962383226,24.783602210369946,14.045672534328274,71.19630601923501,40.333168652034594,24.793489661753995
-72.48964892127,0.014931993205379166,0.09895372347088686,0.6055509483455271,0.5065972248746403,2.15526820661e-16,0.759184207122,180.90623058488202,45.3831593000752,0.20055363321783423,0.20055530384379242,226.28938988495725,226.576860646472,-0.1268756044613517,1.586760668265908,0.200553633228724,0.06461777898593636,0.2542002733789568,0.20055363749756766,0.06461780750603259,0.2542003294766405,0.09920220886538297,0.605959330682086,0.506757121816703,0.2000000000000001,0.19999835837717378,181.03188338979356,45.25750649516368,-5.9814842379157795e-05,5.289524374063603e-09,0.6348426264003749,0.6348427664993518,0.5071080616518349,40.545656150830354,24.663554494715473,14.015252619287809,71.35083663235572,40.5291334990245,24.673609171142754
-72.03964892127,0.014994493205379166,0.0992114978940839,0.6045234488359796,0.5053119509418957,2.32128189796e-16,0.758329808268,179.60169865360425,45.05589704795114,0.2005536332179273,0.20055533001950912,224.6575957015554,224.9429934841905,-0.1268756044429442,1.5867606682666635,0.20055363322871883,0.06450479417331229,0.25397794032811644,0.2005536455639193,0.06450482533946411,0.2539780016841303,0.09945923896762712,0.6049312102730878,0.5054719713054607,0.19999999999999965,0.1999983323918952,179.7264512020717,44.93114449948368,-5.981479475059004e-05,5.286948656646473e-09,0.6342873693345389,0.6342875225657288,0.5058220211471637,40.745633124142095,24.542507339455046,13.985946257820252,71.50034624513513,40.72866885396593,24.552729763536714
-71.58964892127,0.015056993205379168,0.09946989464587233,0.6034934760465184,0.5040235814006461,2.49796072753e-16,0.757440250874,178.2976198624207,44.72874847309812,0.2005536332179727,0.20055535508035863,223.02636833551884,223.30969385939133,-0.12687560444683,1.5867606682661195,0.2005536332287988,0.06439223831961922,0.2537562576954886,0.20055365512330595,0.06439227235173482,0.25375632475218196,0.09971688619622832,0.6039006213590788,0.5041837351628505,0.20000000000000012,0.19999830752020561,178.4214721360371,44.60489619948174,-5.981482903427704e-05,5.3268278676910086e-09,0.6337337366304742,0.6337339040986052,0.5045328928742606,40.94922857809454,24.42048445657269,13.957755128476622,71.64475883086666,40.93184266789592,24.430857122988265
-71.13964892127,0.015119493205379166,0.09972892519872242,0.6024609677793272,0.5027320425806048,2.6858286334e-16,0.756517073856,176.9940989214872,44.401739843669674,0.20055363321786873,0.20055538165388745,221.39583876515687,221.67709291679606,-0.12687560448330082,1.5867606682645152,0.2005536332288135,0.06428010089759864,0.25353520642624494,0.200553662873303,0.06428013743120178,0.2535352784746174,0.09997516545840407,0.6028675043104549,0.5028923388520508,0.19999999999999982,0.19999828113778007,177.1170515610684,44.27878720408847,-5.981493014228789e-05,5.334155339653535e-09,0.6331816807004375,0.6331818606348442,0.5032406022446858,41.15653124652905,24.29748012557145,13.93068776432234,71.78396479182341,41.13870486318536,24.308008804012946
-70.68964892127,0.015181993205379166,0.09998860880757239,0.601425865886473,0.5014372570789005,2.88542463286e-16,0.755561799954,175.69124099001664,44.07489754060966,0.20055363321801026,0.20055540755612028,219.76613853062628,220.04532236345818,-0.1268756044587649,1.5867606682652413,0.20055363322887015,0.06416837133191203,0.25331476729932667,0.20055367254561907,0.06416841084486521,0.2533148452911223,0.10023409188026042,0.601831798623311,0.5015977067430506,0.2000000000000001,0.1999982554276642,175.81329422242666,43.95284430819964,-5.981488437889482e-05,5.362399413399999e-09,0.6326311535415403,0.632631348319119,0.5019450735760532,41.3676114815091,24.17350106005008,13.904784439995753,71.91769166328086,41.34930612541151,24.184202679653744
-70.23964892127,0.015244493205379166,0.10024895967624219,0.6003881089200656,0.5001391492438234,3.09730264033e-16,0.754575936514,174.38915166160135,43.74824805357267,0.20055363321785052,0.20055543353874603,218.137399715174,218.41451445061654,-0.126875604462251,1.5867606682639637,0.20055363322901457,0.06405703858969417,0.25309492011831086,0.20055368317157457,0.06405708117339785,0.25309500424425185,0.10049368052106314,0.6007934440608247,0.5002997635397616,0.19999999999999982,0.19999822964896669,174.5103059519102,43.62709376326381,-5.981496490337079e-05,5.434408478777186e-09,0.6320821047150085,0.6320823148120709,0.5006462315201301,41.58248515391257,24.04858671382002,13.880109577476306,72.04554073713739,41.56370419041707,24.059453301338817
-69.78964892127,0.015306993205379166,0.100509992451983,0.5993476356219067,0.49883764316992374,3.3220312493e-16,0.75356097129,173.08793694967542,43.42181797784169,0.20055363321795083,0.2005554597303646,216.5097549275171,216.7848019553582,-0.12687560445208135,1.586760668262529,0.20055363322924286,0.06394609120763965,0.2528756437611967,0.20055369417559007,0.06394613691171128,0.25287573412985137,0.10075394673557377,0.5997523792039211,0.49899843246834735,0.19999999999999976,0.199998203668667,173.20819286527038,43.301562062246745,-5.981505531993392e-05,5.54825074772225e-09,0.6315344814705192,0.631534707158205,0.49934399924991274,41.80109271104811,23.92281959977802,13.856701964769501,72.16724459705405,41.781851104205145,23.93383666764718
-69.33964892127,0.015369493205379166,0.10077172031662375,0.598304389728954,0.4975326694123302,3.56019345592e-16,0.752518370502,171.7877032728332,43.09563401009559,0.20055363321797814,0.2005554864954089,214.88333728292875,215.15631816209554,-0.12687560444361035,1.5867606682622197,0.2005536332292989,0.06383551768175372,0.2526569169481685,0.20055370481190543,0.0638355664017745,0.25265701336352114,0.10101490448587852,0.5987085482029867,0.49769364371710817,0.20000000000000012,0.19999817711189158,171.90706153462327,42.976275748305525,-5.9815074804348e-05,5.576183959021819e-09,0.6309882306636209,0.6309884714523984,0.49803830690535533,42.02335165513587,23.796293265860562,13.834569323272001,72.282698263533,42.00364541468842,23.807457427261923
-68.88964892127,0.015431993205379168,0.10103415819854138,0.5972583178742606,0.49622415967571926,3.81238636142e-16,0.75144957544,170.48855743975253,42.76972294496065,0.2005536332179225,0.200555513236001,213.25828038471317,213.52919684386376,-0.12687560443954693,1.5867606682610478,0.20055363322946637,0.063725306577322,0.2524387184591976,0.2005537163120176,0.06372535850514913,0.25243882131151923,0.10127656736746073,0.5976618966774887,0.496385329310028,0.20000000000000015,0.19999815057689005,170.60701871256265,42.651261672150504,-5.981514866748583e-05,5.659694934934123e-09,0.6304432992991751,0.6304435561637115,0.496729086463367,42.249370072739204,23.6689919465861,13.813668471050102,72.39206602473072,42.22918343170045,23.680306336430927
-68.43964892127,0.015494493205379165,0.10129731929391067,0.5962093595586926,0.4949120402647819,4.07922082488e-16,0.75035600677,169.1906066341423,42.44411167121456,0.20055363321803432,0.20055554094493255,211.63471830535687,211.9035722434453,-0.1268756044280117,1.5867606682608733,0.20055363322952346,0.06361544722852044,0.2522210285216529,0.20055372709236285,0.06361550200471063,0.2522211371093046,0.1015389500475869,0.5966123659572677,0.49507341590968085,0.19999999999999982,0.19999812307137063,169.30817186754726,42.32654643780962,-5.9815159669796e-05,5.688161053285512e-09,0.6298996379967902,0.6298999091848045,0.49541626453573406,42.47929741387291,23.540878989995242,13.793951118698368,72.49554470614672,42.45865236108559,23.552325483522054
-67.98964892127,0.015556993205379167,0.10156121931960814,0.595157455483562,0.49359623616395387,4.36132108949e-16,0.749262852488,167.89395839962938,42.118827167756905,0.20055363321792777,0.2005555682142681,210.0127855673863,210.27957905432956,-0.12687560444198942,1.5867606682611834,0.20055363322932118,0.06350592911398908,0.25200382757805306,0.20055373782498365,0.06350598664290275,0.25200394172096346,0.10180206793429153,0.5955598944094415,0.49375782647514993,0.20000000000000015,0.1999980960057773,168.01062831703945,42.00215725034685,-5.981514011876854e-05,5.587308393728563e-09,0.6293571979133918,0.6293574829751719,0.49409976402818734,42.71321895644523,23.41195593382232,13.775427678225833,72.593027480421,42.69209446015524,23.423540415270686
-67.53964892127,0.015619493205379167,0.10182587387516129,0.5941025449267684,0.4922766710516071,4.65932434968e-16,0.748520842688,166.5987206243365,41.79389650010281,0.20055363321794678,0.20055559687098373,208.39261712443928,208.6573524015114,-0.12687560444202273,1.5867606682614759,0.20055363322939193,0.0633967415420944,0.25178709566237584,0.20055374880299678,0.06339680181880344,0.25178721536012,0.10206593569018203,0.5945044233862333,0.4924384876960513,0.19999999999999993,0.19999806755221058,166.71449640740371,41.67812071703556,-5.981512168906633e-05,5.622569076990658e-09,0.6288159291856112,0.6288162281200956,0.49277951157957395,42.95119392890886,23.282239875686834,13.758107492648707,72.68441539174806,42.929539305206674,23.293983960333716
-67.08964892127,0.015681993205379167,0.10209129919587889,0.5930445681630061,0.4909532689671272,4.9738802939e-16,0.747742166004,165.30500152549473,41.46934681618558,0.20055363321789002,0.20055562570638996,206.7743483416803,207.03702782213642,-0.12687560443620516,1.5867606682605457,0.2005536332294952,0.06328787398241109,0.25157081305749895,0.20055376102743586,0.06328793730469387,0.2515709389112619,0.10233056854871989,0.5934458919525996,0.49111532340387964,0.19999999999999996,0.1999980389191227,165.41988417456471,41.35446416711562,-5.981518030884203e-05,5.674083425333265e-09,0.628275782571685,0.6282760968802802,0.49145543096864014,43.19327059874386,23.151754570515944,13.741982327861267,72.7697049917277,43.17109679652372,23.163645915999133
-66.63964892127,0.015744493205379167,0.10235750942478175,0.5919834628057024,0.48962595338092063,5.30565059401e-16,0.746928324324,164.0129096337454,41.14520534265631,0.20055363321791603,0.20055565490918925,205.15811497640172,205.41874124600028,-0.12687560444468726,1.5867606682590731,0.20055363322967673,0.06317931601268775,0.2513549601911364,0.2005537732931106,0.06317938243680624,0.2513550923232037,0.10259598197717208,0.5923842382396949,0.4897882562625228,0.1999999999999998,0.19999800992040825,164.12690026209904,41.03121471430265,-5.981527311238466e-05,5.764588806300708e-09,0.6277367091915658,0.6277370391796688,0.49012744480571707,43.43952639159273,23.02050881000258,13.727051962783664,72.84885368767944,43.41686255307394,23.032525640874514
-66.18964892127,0.015806993205379167,0.10262452046269217,0.5909191668581522,0.48829464639546,5.65530837441e-16,0.74608080395,162.72255377764637,40.82149938086485,0.2005536332180378,0.20055568389221434,203.5440531585112,203.8026289759066,-0.12687560444863966,1.586760668258405,0.20055363322977837,0.06307105724333634,0.25113951748646873,0.20055378587821837,0.06307112693447811,0.2511396562362824,0.1028621918181038,0.5913193988764754,0.48845720705837165,0.2000000000000002,0.19999798114227632,162.8356534532928,40.70839970521842,-5.981531522314398e-05,5.8152593851446e-09,0.6271986601538838,0.6271990066692213,0.48879547382233846,43.6900302487982,22.8885169981659,13.713324130721828,72.9217796113861,43.6668662018554,22.900658714032247
-65.73964892127,0.015869493205379163,0.10289234732204426,0.5898516174585953,0.486959270136551,6.02353762215e-16,0.74520107497,161.4340430678353,40.498256302861044,0.20055363321801506,0.20055571342725345,201.9322993706963,202.18882766789213,-0.12687560443110923,1.586760668257292,0.20055363322998992,0.06296308726662425,0.25092446526121015,0.2005537981771219,0.06296315996575666,0.25092461012375145,0.10312921332604055,0.5902513128457888,0.4871220995197483,0.19999999999999982,0.1999979518079975,161.54625309267766,40.38604627801864,-5.981538536703468e-05,5.920752776944482e-09,0.6266615863038771,0.6266619480852094,0.4874594416940067,43.94485481544393,22.755792554093524,13.70080692964669,72.9884017149483,43.921165735923715,22.768065993796846
-65.28964892127,0.015931993205379167,0.10316100696118759,0.5887807521738647,0.48561974521267715,6.41103255996e-16,0.744290587156,160.14748688090785,40.17550354749358,0.20055363321791528,0.20055574307266968,200.32299042840145,200.57747431132506,-0.1268756044502828,1.5867606682563375,0.20055363323001385,0.0628553957017895,0.25070978381744397,0.2005538112259481,0.06285547163852839,0.2507099352609074,0.1033970624646064,0.5891799162916421,0.48578285382703573,0.19999999999999996,0.19999792236330383,160.25880854111716,40.064181887284285,-5.981544550781592e-05,5.9326765722289565e-09,0.6261254384477465,0.6261258166643479,0.4861192685458281,44.20407792326537,22.62234723538216,13.68950366181881,73.0486674099869,44.17985863971248,22.63474874727458
-64.83964892127,0.015994493205379167,0.10343051563633372,0.5877065076492518,0.4842759920129181,6.81849700473e-16,0.743350769059,158.86299484376445,39.853268616450265,0.2005536332179945,0.2005557729038861,198.7162634602147,198.96870620888083,-0.12687560444861745,1.5867606682558435,0.20055363323006023,0.06274797222543232,0.25049545350251834,0.20055382531477256,0.06274805186751653,0.2504956124715891,0.10366575507875166,0.5881051458352963,0.48443939075654463,0.19999999999999984,0.19999789273435778,158.9734295161263,39.7428339440884,-5.9815476649571764e-05,5.955813620062145e-09,0.6255901675047378,0.6255905645158757,0.48477487509924916,44.46774433601859,22.4882106104493,13.679418871909364,73.10252060878815,44.44300254270313,22.50072998643934
-64.38964892127,0.016056993205379167,0.10370088732996662,0.5866288188192388,0.48292793148927216,7.24664366975e-16,0.742383026961,157.58067681737637,39.53157906995356,0.20055363321776373,0.2005558031719305,197.11225588732992,197.3626609564069,-0.12687560446515977,1.5867606682560313,0.20055363322983466,0.0626408065213013,0.25028145460920853,0.20055383857247955,0.0626408896370835,0.25028162065378173,0.10393530721952604,0.5870269372710699,0.4830916300515439,0.20000000000000015,0.199997862668803,157.69022600403775,39.42202988329217,-5.981546481459432e-05,5.843325823207124e-09,0.6250557242578062,0.6250561389393836,0.48342618104195945,44.73592426624236,22.353399787798686,13.670567407599409,73.14985327120397,44.710657141425926,22.36603226020282
-63.93964892127,0.016119493205379167,0.10397213872926357,0.5855476216272071,0.4815754828979435,7.69619343311e-16,0.741388742519,156.30064288052066,39.21046252318798,0.2005536332180351,0.20055583405219085,195.51110540370863,195.7594764226769,-0.1268756044443098,1.5867606682556032,0.20055363323013956,0.06253388816912818,0.25006776715348217,0.200553851493175,0.06253397464273037,0.25006794005375893,0.10420573483285218,0.5859452268192893,0.4817394919864371,0.19999999999999993,0.19999783198813684,156.4093081933628,39.10179721034583,-5.981549179301382e-05,5.995359764199293e-09,0.6245220587986038,0.6245224906016926,0.48207310659315084,45.008688781718,22.21793229413491,13.662968984512235,73.19053429262394,44.9828695970584,22.23068490200087
-63.48964892127,0.016181993205379167,0.10424428700065251,0.5844628530765076,0.48021856607585506,8.16787456972e-16,0.740369270791,155.02300331379763,38.889946641589106,0.20055363321808295,0.20055586493894784,193.91294995538672,194.15929072904683,-0.12687560442516954,1.5867606682563224,0.2005536332300933,0.06242720668081209,0.24985437094598142,0.20055386516594298,0.0624272967426809,0.2498545511746402,0.1044770539048598,0.5848599505310296,0.4803828966261698,0.2000000000000001,0.1999978013012955,155.1307863204612,38.782163634925496,-5.9815446462607724e-05,5.972289329747582e-09,0.6239891207060012,0.6239895708110738,0.4807155717624122,45.28607177314821,22.08184461238559,13.656611776751136,73.22460478098886,45.25967156964668,22.094725068015038
-63.03964892127,0.016244493205379167,0.10451734769371059,0.5833744491663609,0.47885710147265037,8.66242195829e-16,0.739325937391,153.74786858285896,38.570059137204794,0.2005536332179443,0.20055589661439724,192.31792772006375,192.5622422290147,-0.12687560454368585,1.5867606682536355,0.20055363323006872,0.062320751957570246,0.249641246507003,0.2005538791862643,0.06232084553816483,0.2496414339370867,0.10474928012018044,0.5837710456696265,0.47902176554944603,0.1999999999999998,0.19999776982486628,153.85477107871117,38.46315664135258,-5.981561580492567e-05,5.96003246755572e-09,0.6234568613311677,0.6234573294211601,0.4793534980741393,45.56809895990983,21.945177060815855,13.651479526330933,73.25213344613695,45.54112563948372,21.958174857518447
-62.58964892127,0.016306993205379167,0.10479133565693043,0.5822823463093583,0.4774910106524278,9.1805762466e-16,0.738260040916,152.4753493230198,38.25082776471189,0.2005536332179352,0.20055592859539143,190.72617708773166,190.9684694876936,-0.12687560444503143,1.5867606682552393,0.2005536332301191,0.062214513900180415,0.24942837428845263,0.20055389267217807,0.06221461082803534,0.24942856858835424,0.1050224295645101,0.5826784478925564,0.4776560183280463,0.20000000000000015,0.19999773801994233,152.58137308899438,38.14480399873729,-5.981551471911928e-05,5.985167916833234e-09,0.6229252318544727,0.6229257171012257,0.4779868050444142,45.85490467996712,21.80791797473467,13.647588617969586,73.27301752657714,45.82737059040588,21.82102065025205
-62.13964892127,0.016369493205379164,0.10506626922821975,0.5811864785965695,0.4761202093683497,9.72308302386e-16,0.737172847262,151.2055563211649,37.932280316709786,0.20055363321795489,0.20055596070405637,189.13783663787467,189.37811126120283,-0.1268756044338959,1.5867606682556696,0.20055363323013775,0.062108482288360536,0.249215734431758,0.200553907065535,0.062108582832707405,0.24921593615318305,0.10529651891586361,0.5815820904872399,0.47628557157137624,0.20000000000000004,0.19999770610311282,151.31070317299447,37.82713346488023,-5.981548760747302e-05,5.9944493813191e-09,0.6223941826808939,0.622394686462243,0.4766154092248931,46.14662015809841,21.670059401403574,13.644947993373778,73.28719761230437,46.118479648571366,21.68328200799606
-61.68964892127,0.016431993205379167,0.10534216551228351,0.5800867802981572,0.4747446147858737,1.02906919384e-15,0.736068221961,149.93860050072303,37.61444462008756,0.2005536332180507,0.2005559932935576,187.55304512081057,187.79130647598487,-0.1268756044384589,1.5867606682551538,0.20055363323022168,0.06200264701805341,0.2490033072432039,0.20055392285829443,0.06200275148696388,0.24900351701725798,0.10557156444871195,0.580481908356261,0.47491034390754905,0.20000000000000015,0.19999767371036914,150.04287239935255,37.51017272145801,-5.981552011480318e-05,6.036304789347469e-09,0.621863664627125,0.6218641885192006,0.4752392291873373,46.44325622907082,21.531651335292405,13.6435517614366,73.29469756009522,46.41450167090695,21.544990552528315
-61.23964892127,0.016494493205379164,0.10561903931973103,0.5789831848548868,0.4733641455351557,1.08841557811e-15,0.735334256586,148.6745929045558,37.29734853161897,0.20055363321794087,0.20055602621767848,185.97194143617477,186.20819420805262,-0.12687560441828616,1.586760668254678,0.20055363323030467,0.06189699809460882,0.2487910731811108,0.2005539385419128,0.0618971063654436,0.24879129077490555,0.10584758272219015,0.5793778352627624,0.4735302525405723,0.20000000000000007,0.19999764098383527,148.77799185975584,37.193949576418916,-5.981555010192707e-05,6.0776939037054944e-09,0.6213336288895553,0.6213341723107395,0.47385818207841646,46.744887958944894,21.392713592089045,13.643409993502319,73.29545916132774,46.7155184674954,21.406162936964915
-60.78964892127,0.016556993205379168,0.10589690843696471,0.577875626335107,0.47197871789814233,1.15042295425e-15,0.734567379132,147.41364467805587,36.98101993394021,0.20055363321794478,0.20055606006020466,184.3946646119961,184.62891366217644,-0.12687560444023527,1.5867606682545952,0.20055363323022968,0.06179152539161034,0.2485790123715402,0.20055395511298404,0.06179163781211301,0.2485792384977334,0.10612459027028122,0.5782698050700253,0.47214521479974414,0.20000000000000004,0.19999760732915922,147.51617288533407,36.87849172666201,-5.981555531997529e-05,6.040301592236119e-09,0.6208040258347872,0.6208045905648794,0.4724721851701775,47.05159754828923,21.253263483215342,13.644539249149155,73.28939304875084,47.02159478856636,21.26682441326208
-60.33964892127,0.016619493205379168,0.10617578843162315,0.576764037707045,0.47058824927542187,1.21516694789e-15,0.733768927808,146.15586705298924,36.665486731305336,0.2005536332181734,0.20055609477029893,182.82135378429456,183.05360415101399,-0.12687560444197832,1.586760668254477,0.20055363323029188,0.061686218792322896,0.24836710489177688,0.20055397157358884,0.06168633532226559,0.24836733948380893,0.10640260369248243,0.5771577513815292,0.4707551476890468,0.20000000000000007,0.19999757281947309,146.25752676786547,36.56382701642911,-5.9815562769571784e-05,6.0712990190836535e-09,0.6202748057076071,0.6202753915803806,0.4710811554091263,47.3634351733802,21.113333446768927,13.64696071919128,73.27638882947265,47.33279983244237,21.12699868885825
-59.88964892127,0.016681993205379164,0.10645569665668612,0.5756483533560519,0.4691926566993658,1.28272321404e-15,0.7329402215,144.90137133057988,36.35077684525624,0.20055363321813802,0.20055612941191933,181.2521481758361,181.48240507419152,-0.12687560442085077,1.5867606682549742,0.20055363323028924,0.06158106797880964,0.2481553303453497,0.2005539886370146,0.06158118863975359,0.2481555734609916,0.10668163959990176,0.5760416077518398,0.46935996815193803,0.2000000000000002,0.19999753837066353,145.00216471627417,36.249983459561975,-5.98155314279758e-05,6.069988955914596e-09,0.6197459175696383,0.619746524729371,0.46968500968120214,47.680437170735736,20.972962064487074,13.650790914896392,73.25582863544943,47.649195520518674,20.986713187411116
-59.43964892127,0.016744493205379168,0.10673664737845238,0.57452850656896,0.46779185919050764,1.35316733864e-15,0.732082556876,143.6502688645727,36.036918210653326,0.20055363321796826,0.20055616537879709,179.68718707522603,179.91545589734153,-0.1268756044204178,1.5867606682552837,0.20055363323020475,0.061476061179727155,0.24794366533494488,0.20055400432889692,0.06147618595349149,0.24794391695198228,0.10696171456739248,0.5749213078814557,0.4679595933140632,0.2,0.19999750259708135,143.75019841148628,35.93698866373976,-5.9815511921357256e-05,6.0278670943603174e-09,0.6192173029881656,0.6192179313793792,0.46828366505465824,48.00263342361206,20.832190417038852,13.65607550815323,73.22748028179542,47.970794456046534,20.846017068077842
-58.98964892127,0.016806993205379168,0.10701865901399553,0.5734044348514165,0.4663857758374209,1.42657473903e-15,0.731197208509,142.4026710446564,35.72393877144572,0.20055363321812,0.2005561998193975,178.1266098161021,178.3528961311046,-0.1268756044399355,1.58676066825618,0.2005536332300597,0.06137118752203802,0.24773208819617618,0.20055402083944168,0.061371316395982964,0.24773234830353294,0.10724284459147772,0.5737967877843898,0.4665539431929121,0.19999999999999982,0.1999974683565867,142.50173880594016,35.62487101016195,-5.9815455444311993e-05,5.955547166536235e-09,0.6186889078583068,0.6186895574533396,0.4668770414915947,48.33007105309625,20.69105172432672,13.662707195694436,73.19193668405136,48.297609373609575,20.704958547004455
-58.53964892127,0.016869493205379164,0.10730174692641165,0.5722760736834861,0.46497432675707445,1.50302056216e-15,0.730285427969,141.15868927991653,35.41186647622941,0.20055363321807307,0.2005562343376618,176.57055575614595,176.79486531009957,-0.1268756044244701,1.5867606682569342,0.20055363322999278,0.061266437031839927,0.2475205790067564,0.20055403751067075,0.06126657011403041,0.24752084783716788,0.10752504562571594,0.5726679836470998,0.46514293802138384,0.19999999999999987,0.1999974340398061,141.25689767793423,35.3136580782117,-5.981540791566431e-05,5.9221738624160025e-09,0.6181606824259175,0.6181613538060056,0.46546505916967046,48.662776291906475,20.549587923250456,13.670644670794362,73.14943984583083,48.62967664092284,20.563574941777016
-58.08964892127,0.016931993205379168,0.10758592672348352,0.5711433601346239,0.4635574334111403,1.5825795805e-15,0.729348442304,139.91843498151525,35.10072927427453,0.20055363321798847,0.20055626821791134,175.01916425578975,175.24150297186975,-0.12687560441415613,1.5867606682562303,0.20055363323009348,0.06116179960990784,0.24730911752280352,0.20055405419929356,0.061161936585003816,0.24730939445359496,0.10780833331421151,0.5715348328936186,0.4637264995794071,0.20000000000000015,0.1999974003602978,140.01578639139984,35.003377864389904,-5.981545226907414e-05,5.972378147589552e-09,0.6176325761336987,0.6176332677437669,0.46404763981464503,49.00051899429143,20.407947110039796,13.679991004192248,73.09946327402912,48.96673969646943,20.422025362495216
-57.63964892127,0.016994493205379164,0.1078712122365561,0.5700062453828195,0.4621350331462634,1.66532609016e-15,0.728387453413,138.68201954617646,34.790555111220684,0.20055363321799385,0.20055630244422865,173.47257465739716,173.69294863581078,-0.12687560441828616,1.5867606682553093,0.20055363323019443,0.06105726384477181,0.24709768077578512,0.20055407217135734,0.06105740506871852,0.24709796654104324,0.10809271986052091,0.570397286708894,0.46230456684837307,0.19999999999999998,0.19999736633735582,138.7785165941574,34.69405806323977,-5.981551031153387e-05,6.022715659526057e-09,0.6171045316197787,0.6171052452931436,0.462624722365653,49.343102952816366,20.266256886119134,13.69077584171484,73.04187955171025,49.30862282783628,20.280428506217948
-57.18964892127,0.017056993205379168,0.10815761617146387,0.568864678732674,0.46070706256121013,1.75133381394e-15,0.727403638994,137.44955433935573,34.48137192482517,0.20055363321804434,0.20055633613697949,171.9309262641809,172.14934178208497,-0.12687560442755652,1.5867606682548734,0.2005536332302126,0.06095281932955981,0.24688624775300833,0.20055409141732722,0.060952965248684036,0.24688654327177095,0.10837821812207277,0.5692552936627735,0.46087707554070073,0.20000000000000007,0.19999733285182905,137.54519957660025,34.385726687580664,-5.981553778955373e-05,6.031775079406998e-09,0.6165764964068218,0.6165772344386986,0.4611962424905928,49.6908021083788,20.12444874242393,13.702900825434115,72.9772485942457,49.655636567922336,20.138700641409205
-56.73964892127,0.017119493205379165,0.10844515209226169,0.5677185990359062,0.45927344694364447,1.84067579071e-15,0.726398150967,136.22115067837234,34.17320764077192,0.20055363321810446,0.2005563699977016,170.39435831914423,170.6108218305313,-0.12687560441041468,1.5867606682558237,0.20055363323019615,0.060848456299829136,0.24667479867191366,0.2005541105174119,0.06084860673005964,0.24667510358781577,0.10866484314097999,0.5681087935870619,0.4594439504460819,0.2000000000000001,0.1999972991914993,136.3159468578468,34.07841146129743,-5.981547789302155e-05,6.023581633485264e-09,0.6160484210896408,0.6160491825900396,0.4597621249270717,50.0438730216803,19.982466176564195,13.716335491256602,72.90576995856102,50.00802360473151,19.996791073050623
-56.28964892127,0.017181993205379168,0.10873383510242536,0.5665679471628542,0.45783411206042884,1.93342427865e-15,0.725372110511,134.99691981541955,33.86609016842016,0.20055363321819952,0.2005564035022743,168.8630099838397,169.07752811957195,-0.12687560441535517,1.5867606682541555,0.20055363323041323,0.06074416495093381,0.24646331360049067,0.20055412968737288,0.06074431990573611,0.24646362795701948,0.10895260978174376,0.5669577270250922,0.4580051172433484,0.1999999999999996,0.19999726588378494,135.0908696781655,33.77214030567422,-5.981558303114198e-05,6.1318061739257246e-09,0.6155202558898084,0.6155210409673347,0.45832229530245244,50.402366071200035,19.840338419576717,13.731086325009288,72.82744979751801,50.36580488058635,19.854740778409617
-55.83964892127,0.017244493205379165,0.10902367970807715,0.5654126641265236,0.45638898441844644,2.02965064538e-15,0.724326612973,133.77697292096508,33.56004739657396,0.20055363321810288,0.2005564375422293,167.33702031753904,167.5495998851268,-0.12687560443803703,1.5867606682532787,0.20055363323036435,0.060639935555089286,0.2462517726943083,0.2005541486939163,0.060640094849069716,0.24625209613132173,0.10924153250637672,0.5658020361263135,0.45656050361993683,0.20000000000000004,0.19999723202417335,133.87007943885837,33.466940878680674,-5.981563828694192e-05,6.107447880765449e-09,0.614991951247619,0.6149927590028499,0.4568766812540937,50.76636680795102,19.69808089247348,13.747196456457203,72.74210441142634,50.7290680788777,19.712563977030253
-55.38964892127,0.017306993205379165,0.10931470147915416,0.5642526905521338,0.4549379890729796,2.12942527083e-15,0.723262723562,132.56142106676268,33.25510718934257,0.20055363321791259,0.20055647138226754,165.81652825610524,166.0271762395368,-0.12687560446588142,1.5867606682522528,0.20055363323040726,0.06053575779054985,0.24604015483361624,0.20055416807659168,0.060535921423268094,0.2460404873659376,0.10953162635019753,0.5646416607512469,0.45511003440104936,0.2000000000000001,0.19999719836943688,132.65368716153762,33.16284109456762,-5.981570293522864e-05,6.128830776219729e-09,0.61446345441837,0.6144642848883255,0.4554252075551375,51.135945126028794,19.555715603484334,13.764677229257277,72.64972387979188,51.097913009117015,19.57027089974453
-54.93964892127,0.01736949320537917,0.10960691637999115,0.5630879691809089,0.4534810528009177,2.23281745427e-15,0.722181478018,131.3503752091375,32.95129738193855,0.2005536332180241,0.20055650434806566,164.30167259107603,164.51039615050436,-0.1268756044070063,1.5867606682519588,0.20055363323065323,0.06043162189690767,0.24582843996760764,0.20055418911474973,0.06043179046229521,0.2458287828190491,0.10982290606661121,0.5634765418868235,0.4536536358202123,0.20000000000000007,0.19999716557821817,131.44180377310045,32.85986881797563,-5.9815721464850924e-05,6.2514882159803165e-09,0.6139347153269509,0.613935571567993,0.45396780038802537,51.51114106164818,19.413276029028495,13.783479127130947,72.55062316100097,51.47232532415198,19.427915752832277
-54.48964892127,0.017431993205379165,0.10990033925562462,0.5619184419678518,0.4520181027122272,2.33989530273e-15,0.72125280206,130.14394617193946,32.64864577616521,0.20055363321798456,0.20055653735360016,162.79259194810464,162.99939842005725,-0.12687560442380397,1.5867606682502495,0.20055363323080724,0.06032751844095628,0.24561660864232346,0.20055421203486168,0.06032769260004484,0.2456169631764973,0.11011538566492225,0.5623066234943498,0.45219123782942755,0.19999999999999976,0.19999713274692132,130.23454032604417,32.55805162206048,-5.9815829189791e-05,6.328271240363392e-09,0.6134056853888249,0.6134065708064546,0.45250438965624956,51.8919864343706,19.270798223628052,13.803571138224429,72.44502092873854,51.852334438387054,19.28553479473983
-54.03964892127,0.017494493205379165,0.11019498293102689,0.56074405108881,0.45054906815778306,2.45072564051e-15,0.720511215693,128.94224463019145,32.34718013656555,0.2005536332176972,0.20055657103083788,161.28942476675698,161.49432166353762,-0.12687560446089652,1.5867606682493702,0.20055363323068476,0.06022343826523979,0.24540464189831412,0.20055423549291768,0.06022361813886665,0.24540500838179047,0.11040907936226395,0.5611318487043716,0.45072276934210764,0.19999999999999987,0.19999709924302922,129.03200767482878,32.2574170919282,-5.981588460102216e-05,6.267208974009009e-09,0.6128763172544491,0.6128772325144015,0.4510349042239936,52.278507036714494,19.12831977580602,13.824942992646742,72.33302882564386,52.238019993952555,19.143145167365976
-53.58964892127,0.01755699320537917,0.11049086188387323,0.5595647411036654,0.44907387921979214,2.56537390862e-15,0.719741259487,127.74538109301916,32.046928186258846,0.2005536332180332,0.20055660480909057,159.792309279278,159.9953042886262,-0.12687560441274615,1.5867606682484783,0.20055363323106798,0.060119372223523496,0.24519252073324646,0.20055425994471843,0.0601195579934648,0.245192899557603,0.11070400118997506,0.5599521613954411,0.4492481602054661,0.19999999999999984,0.19999706563874337,127.83431631178387,31.957992967494146,-5.98159408116139e-05,6.458278356546998e-09,0.6123465634671827,0.6123475095473884,0.4495592738898888,52.67075041047681,18.98586961846453,13.847627570125796,72.21453602329339,52.629436894290066,19.000773312634344
-53.13964892127,0.017619493205379165,0.11078798944393892,0.5583804564920644,0.44759246704812544,2.68390407468e-15,0.71894402883,126.55346588702874,31.74791760219525,0.20055363321797134,0.2005566389113591,158.30138348922398,158.5024844744044,-0.12687560440916013,1.586760668250416,0.20055363323079436,0.06001531079604129,0.244980225316333,0.20055428491143568,0.060015502837214504,0.24498061726841677,0.11100016508741785,0.5587675058043053,0.4477673407168875,0.19999999999999973,0.19999703170497846,126.6415766765877,31.65980681263628,-5.981581869818342e-05,6.321854151281059e-09,0.6118163745013936,0.6118173533669331,0.4480774289030492,53.06877667292737,18.843471862243668,13.87164941418638,72.08948050383331,53.026615438151964,18.858454225998234
-52.68964892127,0.01768199320537917,0.1110863796781599,0.5571911425708047,0.4461047628926448,2.80637854228e-15,0.718120599452,125.36660913959163,31.450176011641023,0.20055363321796685,0.20055667378200065,156.81678515123266,157.01600015045926,-0.12687560441975165,1.5867606682510915,0.20055363323066144,0.05991124460266156,0.24476773603287988,0.20055431067211912,0.05991144311842656,0.2447681415511965,0.11129758451982918,0.5575778280739959,0.44628024355416673,0.20000000000000012,0.19999699699616127,125.45389904239393,31.36288610883874,-5.9815776121130426e-05,6.255573836710937e-09,0.6112857013711243,0.6112867141171265,0.44658930189464763,53.47264758216225,18.701149937703597,13.896984381016596,71.95805741611171,53.42957473016336,18.71622607985041
-52.23964892127,0.017744493205379165,0.11138604642907407,0.5559967454864934,0.4446106990574193,2.93285805781e-15,0.717272026452,124.18492076226899,31.153730987633775,0.2005536332180331,0.20055671001129813,155.33865174990274,155.53598897603794,-0.12687560444007984,1.5867606682526292,0.20055363323041828,0.05980716462173635,0.2445550339325207,0.20055433749264961,0.059807369813098234,0.2445554534519691,0.11159627272497598,0.5563830752521883,0.44478680252721237,0.20000000000000007,0.19999696092951985,124.27139348503316,31.06725826486959,-5.981567922086484e-05,6.13433748242187e-09,0.6107544967495164,0.6107555444621029,0.4450948266287547,53.8823756474231,18.558944144249594,13.923682966810334,71.82007823531205,53.83838703881589,18.57410771387021
-51.78964892127,0.01780699320537917,0.1116870029676335,0.5547972137281254,0.4431102107604919,3.06340163048e-15,0.716399343499,123.00851043427697,30.85861004488002,0.20055363321795683,0.20055674572393253,153.86712047915697,154.062588319256,-0.1268756044095376,1.5867606682537763,0.20055363323036485,0.059703060854436794,0.24434209799876236,0.20055436565162443,0.05970327291107466,0.24434253193227465,0.1118962430465009,0.5551831939658223,0.44328695091932135,0.2,0.19999692537971395,123.09416946629558,30.772951012861416,-5.981560692314147e-05,6.107692129830866e-09,0.6102227081497432,0.6102237918601752,0.44359393634246463,54.29797602799264,18.416892730669417,13.951831224037635,71.67517897414773,54.25305668364983,18.432141175584096
-51.33964892127,0.017869493205379165,0.111989260668268,0.5535924948396327,0.4416032341713647,3.19806644516e-15,0.715503563382,121.8374875855774,30.56484063556586,0.20055363321756328,0.20055678417473888,152.40232822114325,152.59593523636448,-0.1268756044657149,1.5867606682551199,0.20055363322988687,0.05959892313491793,0.24412890679908827,0.20055439372196115,0.05959914217101662,0.24412935540613837,0.11219750783277709,0.55397813481833,0.4417806269855529,0.1999999999999999,0.19999688708723126,121.92233699206813,30.47999122907515,-5.9815522257533615e-05,5.86937165536483e-09,0.6096902820459963,0.609691402402287,0.442086569248077,54.719514143940856,18.275016064095134,13.981461865772024,71.52327915352664,54.6736124630757,18.290359004087367
-50.88964892127,0.017931993205379165,0.11229283659243774,0.5523825422342129,0.4400897056417752,3.33690778487e-15,0.714585675789,120.67196138082649,30.272450145592927,0.20055363321810968,0.20055682095430874,150.94441152641943,151.13616645108124,-0.12687560440662882,1.5867606682575623,0.20055363322990916,0.059494741126174186,0.2439154384744315,0.20055442600078385,0.0594949682311108,0.24391590401429505,0.11250007979887149,0.5527678469540579,0.4402677671551864,0.2000000000000001,0.199996850470096,120.75600462507349,30.18840690134593,-5.981536832511125e-05,5.880473885611082e-09,0.6091571638471958,0.6091583264916856,0.44057266173084714,55.14697978275502,18.133359323382376,14.012502909411127,71.3648379925314,55.10007330407691,18.148796181837547
-50.43964892127,0.017994493205379165,0.11259774072219865,0.5511673074280623,0.43856956670586367,3.47997895887e-15,0.713646650135,119.51204070271577,29.981465889590126,0.20055363321802772,0.20055685772792078,149.4935065923059,149.6834183339898,-0.12687560439069712,1.5867606682596218,0.20055363322970318,0.059390505883019466,0.243701673943819,0.20055446074391595,0.05939074165084348,0.24370215766554773,0.11280397054967774,0.5515522839498064,0.43874831340012865,0.20000000000000007,0.19999681385559848,119.5952815817438,29.898225010562086,-5.981523852893744e-05,5.777778255833255e-09,0.6086233059003046,0.6086245139523893,0.4390521557224962,55.58036063583311,17.991966740771595,14.044894175365018,71.20025167252716,55.532402117841556,18.0075048415512
-49.98964892127,0.018056993205379165,0.1129039845612905,0.54994674378881,0.43704275922751956,3.62733122732e-15,0.712687432456,118.35783413545873,29.691915107812566,0.20055363321840974,0.2005568959364264,148.0497492432713,148.2378268820127,-0.12687560435644674,1.5867606682613202,0.2005536332297112,0.05928620810766421,0.24348759333416603,0.20055449779616777,0.0592864532286769,0.2434880966878605,0.11310919143045715,0.5503314004267231,0.43722220899626596,0.20000000000000015,0.19999677580645234,118.44027673566329,29.609472507608018,-5.981513149233564e-05,5.781775058721905e-09,0.6080886585740569,0.608089915655234,0.4375249944596278,56.01958338345287,17.850900338815823,14.078780090277784,71.02888130844221,55.97056717519794,17.866533259700944
-49.53964892127,0.01811949320537917,0.11321157614549446,0.5487208097167103,0.43550923357121585,3.77901372769e-15,0.711708946494,117.20944994876028,29.40382496117161,0.20055363321796812,0.20055693499027324,146.6132749099319,146.79952769796262,-0.12687560440516332,1.586760668261298,0.20055363322941408,0.059181836856163066,0.2432731733179042,0.2005545352381748,0.05918209122467933,0.24327369612163033,0.11341575274034676,0.5491051551856885,0.4356894024453417,0.19999999999999993,0.19999673690874456,117.29109834044081,29.32217656949109,-5.981513289121665e-05,5.633626898315924e-09,0.6075531636099207,0.607554469265826,0.43599112640832177,56.46418653550727,17.710341038405897,14.114260213245394,70.85033043825842,56.41417262519982,17.726042117886294
-49.08964892127,0.01818199320537917,0.11352052114328454,0.5474894826140663,0.43396896147078173,3.93507341749e-15,0.710712095419,116.06699608129492,29.11722252797746,0.20055363321780384,0.2005569734451567,145.18421860927236,145.36865597017496,-0.12687560442219414,1.5867606682626552,0.20055363322911407,0.05907738151137807,0.24305839115607195,0.20055457307000724,0.05907764510404809,0.24305893339691936,0.11372366056488618,0.5478735238860287,0.4341498633211425,0.20000000000000018,0.19999669861103764,116.14785419699471,29.036364412277646,-5.981504737073706e-05,5.484035447977931e-09,0.6070167642193572,0.6070181184177482,0.43445052112129395,56.91423406862903,17.57029706828994,14.15126421382811,70.66506461117697,56.86320349028293,17.586065128583286
-48.63964892127,0.018244493205379166,0.11383083067639323,0.5462527250584787,0.43242189438208545,4.09555501087e-15,0.709697766042,114.93058012465579,28.832134799225443,0.20055363321770417,0.20055701177021001,143.76271492388125,143.94534645222947,-0.12687560442175005,1.5867606682639235,0.2005536332289445,0.058972832331435826,0.2428432258298259,0.2005546126776023,0.058973105594615015,0.24284378846207907,0.11403292412384212,0.5466364696493561,0.43260354552551394,0.2000000000000003,0.19999666043999687,115.01065204331769,28.752062880563546,-5.981496743467929e-05,5.399480862422479e-09,0.6064794079096703,0.6064808130337876,0.43290313246846596,57.37009236336372,17.430684853465486,14.189635973417923,70.4739714164158,57.31800730670939,17.44652417256914
-48.18964892127,0.01830699320537917,0.11414250940423264,0.5450104981822887,0.4308679887780561,4.26050093328e-15,0.708666815669,113.80030930713149,28.548588674948377,0.2005536332184484,0.20055705157690396,142.34889798207988,142.52973344276043,-0.12687560434762046,1.586760668264569,0.20055363322930234,0.05886818115589533,0.24262765950298273,0.2005546499911969,0.05886846319899865,0.2426282407284829,0.11434355235412176,0.5453939567300311,0.43105040437590936,0.2,0.19999662077994282,113.87959941391506,28.469298568164795,-5.981492675610767e-05,5.5778937024797415e-09,0.6059410501365746,0.6059425016956765,0.43134891573634754,57.83176834150078,17.291534197863836,14.229274114306621,70.27765379785356,57.77863429638592,17.307435736025184
-47.73964892127,0.018369493205379166,0.11445556904325026,0.5437627696521364,0.42930720060888616,4.42995126262e-15,0.707620079573,112.67629047782977,28.26661095955083,0.20055363321798353,0.20055709120333115,140.9429014373806,141.1219507653651,-0.1268756044070063,1.586760668266064,0.20055363322879521,0.05876341987653789,0.242411674381697,0.20055468789200345,0.05876371071776246,0.24241227427208065,0.11465555404935648,0.5441459499465496,0.4294903958971932,0.19999999999999993,0.1999965812923304,112.7548029924826,28.188098444898,-5.98148325425818e-05,5.325051510851608e-09,0.6054016464615203,0.6054031446345125,0.42978782691934947,58.29930264238121,17.152863836711504,14.27026219269044,70.07579724163885,58.24503398050935,17.168845679352373
-47.28964892127,0.01843199320537917,0.11477001879943954,0.542509507847709,0.4277394890482695,4.6039436859e-15,0.706558369155,111.5586300905339,27.986228358917757,0.20055363321791903,0.20055713168840653,139.54485844945165,139.7221317486102,-0.12687560441568824,1.5867606682674606,0.20055363322852932,0.05865853923891202,0.24219525024019778,0.20055472739884586,0.05865883925767174,0.2421958696131537,0.11496893663156353,0.5428924196163947,0.4279234829848311,0.20000000000000007,0.19999654093800112,111.63636945387833,27.908488995573332,-5.9814744512998175e-05,5.192468677250872e-09,0.6048611463724389,0.6048626932014267,0.42821982888724175,58.77264794817089,17.014717473370567,14.312616399829269,69.86842741149192,58.71716328661764,17.03079549532517
-46.83964892127,0.018494493205379166,0.1150858651786909,0.5412506826866289,0.426164817507938,4.78251346432e-15,0.70561932673,110.4474341879257,27.707467475449494,0.20055363321788483,0.20055717387639435,138.15490166337517,138.33040920614286,-0.12687560441329016,1.5867606682680815,0.20055363322840572,0.05855353103602389,0.24197836894239924,0.20055476767954394,0.058553840504782524,0.2419790083969734,0.11528370746006135,0.5416333363017833,0.426349628841722,0.1999999999999998,0.19999649888366416,110.52440502708323,27.63049663629195,-5.981470538873879e-05,5.1308290949236834e-09,0.6043195045760658,0.604321101557113,0.4266448848174405,59.25178077090169,16.877129885201626,14.356235119926838,69.65614533659826,59.19511074705567,16.893287087054556
-46.38964892127,0.018556993205379166,0.11540311424371252,0.5399862655809602,0.42458315133724767,4.96569338837e-15,0.704885850205,109.34280838574021,27.430354804515808,0.20055363321793818,0.20055721683133843,136.773163190256,136.94691541690887,-0.12687560440767243,1.586760668268986,0.20055363322838204,0.05844838764243812,0.2417610134873655,0.20055480784751864,0.058448706470932074,0.24176167287420078,0.11559987392668884,0.5403686704351548,0.42476879650846594,0.20000000000000015,0.19999645606448752,109.419015267475,27.354147922781017,-5.981464837878647e-05,5.119038526402164e-09,0.6037766786140718,0.6037783253741725,0.4250629577249506,59.73667708038017,16.740134350868313,14.401116671992385,69.43905967686675,59.67887480927376,16.756348091278117
-45.93964892127,0.018619493205379166,0.11572177191536893,0.5387162320567661,0.4229944601413972,5.15351374768e-15,0.704127066698,108.24485785711373,27.154916730428695,0.20055363321799138,0.20055726044468564,135.39977458754242,135.57178210548307,-0.12687560439886836,1.5867606682711555,0.20055363322813402,0.05834310100874356,0.24154316593260006,0.20055484772780932,0.05834342938524609,0.24154384567868023,0.11591744238727626,0.5390983965915659,0.42318095420428964,0.20000000000000034,0.1999964125889772,108.32030540467778,27.079469182864646,-5.981451166592322e-05,4.995359681458922e-09,0.6032326236766641,0.6032343212821725,0.42347401580699,60.22735651461447,16.60375048599958,14.447503280115003,69.21611164306584,60.16834780541641,16.620034228528027
-45.48964892127,0.018681993205379166,0.11604184721235491,0.5374405603800796,0.4213987131677247,5.34600232057e-15,0.703343827771,107.15368731692575,26.881179522549676,0.20055363321801528,0.20055730321288615,134.03486683947543,134.20514042251483,-0.12687560439438306,1.5867606682722257,0.20055363322800823,0.05823766011431416,0.24132480211183052,0.20055489017153882,0.05823799831584792,0.2413255028293693,0.11623641810465968,0.5378224937214001,0.42158607561674044,0.20000000000000004,0.19999636994210307,107.22838002590719,26.806486813568252,-5.9814444219874474e-05,4.9326320805676005e-09,0.6026872794107219,0.6026890293905872,0.4218780327328841,60.72372244368557,16.468028634565144,14.495633185513045,68.98629312718822,60.663470916203664,16.484384834842885
-45.03964892127,0.018744493205379166,0.11636334024854497,0.5361592302906831,0.41979589004213813,5.54318434319e-15,0.702536970482,106.06940100629629,26.60916933141097,0.20055363321810413,0.2005573458148396,132.67857033770727,132.8471209252931,-0.12687560438786605,1.586760668273347,0.2005536332279278,0.05813205360015765,0.2411058970663257,0.20055493120652335,0.05813240074464644,0.24110661696570346,0.1165568058357279,0.53654094279673,0.4199841369610021,0.19999999999999982,0.1999963274542486,106.1433435382856,26.53522679942166,-5.981437355417896e-05,4.89253082491814e-09,0.6021405834840288,0.6021423813688348,0.42027498470134517,61.22566641313115,16.33301944404036,14.545422256475137,68.75015261621803,61.16429890898706,16.349406726430523
-44.58964892127,0.018806993205379166,0.11668625333751596,0.5348722239505929,0.4181859706130769,5.74508249669e-15,0.701707319194,104.99210267718897,26.338912184792793,0.20055363321811573,0.2005573875806326,131.33101486198177,131.497853558433,-0.1268756043817154,1.5867606682728168,0.20055363322801464,0.05802627184929669,0.24088642935893398,0.20055496910481205,0.05802662687880431,0.24088716628082185,0.11687861044229642,0.5352537243708846,0.41837511392858817,0.19999999999999996,0.1999962858046543,105.06529967862956,26.265715183352206,-5.981440696078977e-05,4.935829522878521e-09,0.6015924823592006,0.6015943227562152,0.41866484738705256,61.73325903453003,16.19872359955365,14.5966325804867,68.50895194394602,61.67076500488816,16.215138565586756
-44.13964892127,0.018869493205379166,0.11701059226805695,0.5335795279210795,0.4165689356530226,5.9517168965e-15,0.700855683808,103.9218955770431,26.070433983911375,0.20055363321792563,0.200557430849324,129.99232956095446,130.1574676346904,-0.1268756044020436,1.5867606682718602,0.20055363322795353,0.057920307126428865,0.2406663813797616,0.20055500579899474,0.0579206698813921,0.24066713502552045,0.11720183500172411,0.5339608261328743,0.4167589911311502,0.20000000000000015,0.19999624265396804,103.99435207492724,25.997977486027235,-5.9814467245900005e-05,4.905365003082807e-09,0.6010429320570904,0.6010448142204888,0.41704760539100116,62.246476352816764,16.06516639322586,14.649207509563247,68.26307835063318,62.18272086021236,16.08163789178692
-43.68964892127,0.01893199320537917,0.11733636294391542,0.5322811340955923,0.4149447711516769,6.16310509465e-15,0.699982858744,102.85888243359615,25.803760499723367,0.2005536332181236,0.2005574734301145,128.66264293331952,128.82609181590425,-0.12687560437547596,1.5867606682743152,0.20055363322783618,0.05781415078773465,0.24044573356109825,0.20055504438324756,0.05781452161739813,0.2404465046895008,0.11752648185291277,0.5326622387275298,0.41513575687461707,0.2000000000000001,0.19999620018550163,102.93060324083163,25.732039692487888,-5.981431253632152e-05,4.846856249685061e-09,0.600491883709078,0.6004938095338278,0.4154232470110214,62.76517828720246,15.932401170346003,14.703271331502053,68.01207550713426,62.70008433118862,15.948941866136765
-43.23964892127,0.018994493205379166,0.11766356455850163,0.5309770345885851,0.4133134700300835,6.37926208528e-15,0.699089628226,101.80316543976862,25.538917368809457,0.2005536332180134,0.20055751779203312,127.34208280857808,127.5038540940729,-0.12687560438405798,1.5867606682741764,0.20055363322776057,0.05770779344867503,0.2402244647172203,0.20055508263098049,0.05770817231052609,0.24022525327393474,0.11785255226612232,0.5313579570743153,0.413505404808193,0.19999999999999998,0.1999961559321251,101.87415575847211,25.46792705010597,-5.981432128487896e-05,4.8091530757687906e-09,0.5999392844056988,0.599941253756111,0.41379176589191946,63.28924978135125,15.800471698665309,14.758848761967856,67.75596227917887,63.22279955979754,15.817078758971716
-42.78964892127,0.01905699320537917,0.11799220022991366,0.5296672292470763,0.4116750290171627,6.60020031315e-15,0.698176761489,100.75484623863781,25.275930089991135,0.20055363321799596,0.20055755975914005,126.03077632862893,126.19088177256616,-0.1268756043925512,1.5867606682756807,0.20055363322753783,0.05760122626745166,0.24000255471026066,0.20055512300443007,0.057601613194837344,0.2400033607990466,0.11818004705589114,0.5300479779141267,0.4118679308582356,0.20000000000000007,0.1999961140568083,100.82511081134037,25.20566551728857,-5.9814226471832654e-05,4.69808636438529e-09,0.5993850838544162,0.5993870969896213,0.41215315795723195,63.81850778699943,15.669435633587652,14.815862681640356,67.49522599444637,63.75075597347196,15.68608849777595
-42.33964892127,0.019119493205379166,0.11832226443354361,0.5283517195740727,0.4100294551405291,6.82592967898e-15,0.697245015926,99.71402590860215,25.014824020354578,0.20055363321799696,0.20055760073252132,124.72884992895675,124.88730144747697,-0.12687560439190726,1.5867606682775908,0.20055363322733094,0.05749444113157656,0.23977998484355728,0.20055516138837212,0.05749483515164524,0.2397808064705039,0.11850896541876076,0.5287323044616135,0.4102233390428527,0.20000000000000007,0.1999960731760016,99.78356973140659,24.94528019755015,-5.9814106101452325e-05,4.59492444093712e-09,0.5988292353619761,0.5988312873023588,0.4105074272278492,64.35272083574345,15.539358507504932,14.874324409698447,67.2299441948418,64.28364617830336,15.556056002584281
-41.88964892127,0.019181993205379166,0.11865375559032698,0.527030517145811,0.40837676155548397,7.05643873499e-15,0.696295136164,98.68080494854996,24.755624371614584,0.20055363321798964,0.20055764199417828,123.43642932016455,123.59323898911437,-0.12687560438773282,1.5867606682787567,0.2005536332271285,0.057387429193219715,0.23955673481081619,0.20055519884207632,0.05738782983713802,0.2395575710286319,0.1188393041012824,0.5274109497305122,0.40857164562922976,0.20000000000000018,0.19999603200625832,98.74963325111067,24.68679606905387,-5.9814032626892555e-05,4.493982963538201e-09,0.598271688215211,0.5982737765949946,0.4088545899822221,64.89193640977658,15.410235159038045,14.934418562003048,66.95941966862064,64.82144214432932,15.426994014934632
-41.43964892127,0.019244493205379166,0.11898667473054371,0.5257036320174278,0.40671695728688406,7.29146528239e-15,0.695327857227,97.65528326321179,24.498356206439603,0.2005536332179945,0.20055768241211067,122.15363946965141,122.30881952364304,-0.12687560438896517,1.5867606682794548,0.20055363322704417,0.05728017985171572,0.23933278056237034,0.20055523820579646,0.05728058767312863,0.23933363255741685,0.11917106113208743,0.5260839216068754,0.40691286047478803,0.2000000000000001,0.19999599168322804,97.72340120620296,24.43023826344844,-5.981398862875409e-05,4.4519277153654e-09,0.5977123823522118,0.5977145101342292,0.4071946560845984,65.43614019670845,15.28207496643119,14.995986844146701,66.68450768815687,65.36424302347393,15.298884431980266
-40.98964892127,0.019306993205379167,0.11932101854211331,0.5243710791716673,0.40505006062955395,7.53127562822e-15,0.694343898448,96.63756014865012,24.243044434798367,0.2005536332179946,0.20055771923802393,120.8806045834485,121.03416741486916,-0.126875604385579,1.5867606682818214,0.20055363322675726,0.057172686695894245,0.23910810671303942,0.20055527983653912,0.057173102063555414,0.23910897528858135,0.11950423339775271,0.5247512325427757,0.40524699914502293,0.19999999999999987,0.19999595493971753,96.70497263609131,24.175631947357175,-5.981383948139296e-05,4.308886580872695e-09,0.5971512793498555,0.5971534485401889,0.4055276411112529,65.98516972565254,15.154920479218497,15.058803903835724,66.40633654478253,65.91183578398757,15.17178194334161
-40.53964892127,0.019369493205379167,0.11965678199185603,0.5230328752545367,0.40337609326268065,7.77586923331e-15,0.693343966901,95.6277342777951,23.989713810338973,0.20055363321798475,0.200557755715305,119.61744808813408,119.76940624617878,-0.12687560438627843,1.5867606682831878,0.20055363322658237,0.05706494250905455,0.2388826961273138,0.20055532304896237,0.05706536591286209,0.2388835823426593,0.11983881588641127,0.5234129025872694,0.4035740867008581,0.19999999999999996,0.199995918546994,95.69444668350033,23.923001404633744,-5.981375337249517e-05,4.221667460058143e-09,0.5965883364137274,0.596590549657905,0.4038535701404644,66.53892076561968,15.0287980101519,15.122981020038381,66.12452919665584,66.46405265457649,15.045727127070446
-40.08964892127,0.019431993205379167,0.11999395948389113,0.5216890425050029,0.4016950830211118,8.02524320595e-15,0.692328757624,94.62590368618203,23.738388926812604,0.20055363321798356,0.2005577917696919,118.36429261299462,118.51465880262852,-0.12687560437929513,1.5867606682844844,0.20055363322639375,0.05695693943166686,0.23865653025146172,0.20055536782957376,0.05695737115432456,0.23865743473507076,0.12017480293948266,0.5220689543740393,0.40189415143455665,0.19999999999999996,0.1999958825877723,94.69192144498142,23.672371168013196,-5.981367166008056e-05,4.127631569872392e-09,0.596023507207529,0.5960257660750737,0.4021724714840891,67.09720031693139,14.903751501948417,15.188658902918192,65.83859749512646,67.02079359261143,14.920742450149724
-39.63964892127,0.019494493205379167,0.12033254194796068,0.5203396074141593,0.40000706546619863,8.27939235376e-15,0.691298951426,93.63216575773609,23.48909421450127,0.2005536332179928,0.2005578274805846,117.12125997223735,117.27004705319264,-0.12687560437986134,1.5867606682852236,0.20055363322631034,0.056848668396360866,0.23842958792138375,0.2005554122400739,0.056849108110665125,0.23843051002475568,0.12051218771725285,0.5207194152625415,0.40020722754528865,0.19999999999999976,0.19999584697627498,93.69749438516125,23.4237655870761,-5.9813625075122445e-05,4.086042615369934e-09,0.5954567388757996,0.5954590417471388,0.4004843793649806,67.65986964913922,14.779809733386356,15.255792296663614,65.54887353957332,67.58195957118568,14.79684824685612
-39.18964892127,0.019556993205379167,0.12067252191795788,0.5189846013337394,0.3983120794157815,8.53830924426e-15,0.690255223163,92.6466172107718,23.241853936704718,0.20055363321799086,0.2005578619376989,115.88847114747651,116.03569213316862,-0.12687560438141565,1.586760668287869,0.2005536332259847,0.056740122349579404,0.2382018521119838,0.20055545659940585,0.05674057001934956,0.23820279179587622,0.12085096276242253,0.5193643150802372,0.39851335231781465,0.2000000000000001,0.1999958126261933,92.71126218632979,23.177208961146718,-5.981345835293084e-05,3.923661395788258e-09,0.5948879888998728,0.5948903356770019,0.39878933109372,68.22680320267065,14.656996269185543,15.324158986562239,65.25643598953133,68.14734648514158,14.674085662572844
-38.73964892127,0.019619493205379167,0.12101389086710392,0.5176240614600438,0.3966101705929399,8.80198425593e-15,0.689268800792,91.6693540840425,22.996692186252126,0.2005536332180108,0.20055789695227053,114.66604627029461,114.81171432674368,-0.1268756043782293,1.5867606682906288,0.20055363322568692,0.056631295536087194,0.2379733084530431,0.20055550155073235,0.05663175151342406,0.2379742664941402,0.12119111841834457,0.5180036924550523,0.3968125740367077,0.19999999999999982,0.19999577772517702,91.7333211677959,22.932725102498704,-5.98132844253918e-05,3.77518016847489e-09,0.5943172213914022,0.594319614014021,0.3970873749883184,68.7978117659325,14.5353460281884,15.393759488238516,64.96138911122019,68.71679540828238,14.552483043751932
-38.28964892127,0.01968199320537917,0.12135663630248525,0.516258027298887,0.39490139099640176,9.07040565127e-15,0.688546465755,90.70047172296104,22.753632882023364,0.20055363321798866,0.2005579311834473,113.4541046049844,113.5982330497242,-0.12687560437381062,1.5867606682907147,0.20055363322562816,0.05652218103638819,0.2377439400623877,0.20055554502965076,0.056522644729443065,0.23774491525465496,0.12153264489503,0.5166375865480184,0.3951049416529884,0.19999999999999984,0.19999574360361275,90.76376658962847,22.690338015355923,-5.981327901860567e-05,3.745892485085278e-09,0.5937443941886563,0.5937468296448007,0.3953785600336959,69.37272544053558,14.4148870272824,15.464480447542769,64.66431273860837,69.29018347190923,14.43205876926863
-37.83964892127,0.019744493205379167,0.12170075192516591,0.5148865502946706,0.3931857983695046,9.34355964616e-15,0.687800431622,89.74006476592284,22.51269976555286,0.20055363321800682,0.20055795967145784,112.25276453147568,112.39536683243169,-0.12687560437310008,1.586760668291881,0.20055363322545625,0.05641277483128243,0.23751373608968898,0.20055559231789205,0.056413246873037184,0.23751472980225286,0.1218755306006559,0.5152660437246609,0.39339051312400497,0.2,0.19999571521023637,89.80269260467695,22.450071926798735,-5.981320552184144e-05,3.6601610631237236e-09,0.5931694801939023,0.5931719619028442,0.3936629442273376,69.95135759814212,14.295648209500362,15.536157711298198,64.3659789365282,69.86710355372976,14.312887598538731
-37.38964892127,0.019806993205379163,0.12204622193464104,0.5135096792909161,0.391463457356275,9.62143046736e-15,0.68703138059,88.78822713082305,22.273916397605543,0.20055363321800182,0.20055798881667486,111.06214352842859,111.20323330276496,-0.12687560437404377,1.5867606682917959,0.2005536332254956,0.056303072445351134,0.23728268467242006,0.2005556405795226,0.056303552415664954,0.23728369605951638,0.12221976104845068,0.5138891219336782,0.3916693608852275,0.1999999999999998,0.1999956861452366,88.85019392869977,22.211949599728825,-5.981321088421865e-05,3.6797898061990963e-09,0.5925924497815319,0.5925949756310502,0.3919406000548766,70.53339322611757,14.177681722956063,15.609038067173827,64.0654469350692,70.44731318707147,14.195005526250794
-36.93964892127,0.019869493205379167,0.12239303041980233,0.5121274748122863,0.38973444439248395,9.90400042241e-15,0.686239991546,87.84505200163406,22.037306154844376,0.20055363321800992,0.2005580178380645,109.88235815647843,110.02194916943293,-0.12687560437556478,1.5867606682945417,0.20055363322512093,0.0561930665020906,0.2370507677736788,0.20055568923291767,0.05619355430684496,0.23705179667499876,0.12256532163962516,0.5125068795671078,0.38994155792748264,0.20000000000000004,0.19999565719754306,87.90636372255773,21.97599443392071,-5.98130378337558e-05,3.4929836800756675e-09,0.5920132579059825,0.5920158274957202,0.390211600557687,71.11855680199827,14.061027739695392,15.683281391964504,63.76216653948201,71.03069089035482,14.078421418477134
-36.48964892127,0.019931993205379167,0.12274116298533408,0.5107400035517834,0.3879988405664493,1.01912500328e-14,0.685426939307,86.91063181518092,21.80289222648779,0.2005536332179884,0.2005580458456819,108.71352404166869,108.85163020535931,-0.12687560437089074,1.586760668297557,0.20055363322474182,0.05608275041704654,0.2368179689488248,0.20055574014530198,0.05608324672850331,0.23681901682192524,0.12291219612251227,0.5111193816336621,0.38820718551114985,0.2,0.19999562925732095,86.97129439217427,21.742229649494423,-5.9812847796880675e-05,3.303934903442496e-09,0.5914318634982239,0.5914344804682999,0.38847602705242296,71.70675521538777,13.945687501773989,15.759033165059208,63.455669489749624,71.6170381630618,13.963157729633307
-36.03964892127,0.019994493205379167,0.12309060363461513,0.509347333238126,0.3862567296035109,1.04831580961e-14,0.684592897329,85.9850582479909,21.57069761103433,0.20055363321798725,0.2005580724116453,107.55575585902524,107.69239123125995,-0.12687560436958067,1.5867606682977866,0.20055363322469946,0.0559721149361046,0.2365842660366589,0.20055579411149704,0.05597262017896327,0.23658533382051236,0.12326036741332949,0.5097266964701834,0.38646632905685396,0.20000000000000026,0.19999560275729727,86.04507763598276,21.51067822304246,-5.9812833330674664e-05,3.2828184615141254e-09,0.5908482112126276,0.5908508779080426,0.3867339650188648,72.29788041796053,13.83166414034423,15.836618672281574,63.144792502346114,72.20627106861237,13.849212612707458
-35.58964892127,0.020056993205379167,0.12344133290831973,0.5079495333772464,0.38450820046892664,1.0779701788e-14,0.683738536204,85.06842220336908,21.340745112997872,0.20055363321798517,0.20055809905169772,106.40916731636696,106.54434609939679,-0.12687560436451806,1.5867606682994577,0.20055363322450495,0.05586114910034329,0.23634963317158605,0.2005558495144728,0.05586166337797696,0.2363507211285317,0.12360981792619283,0.5083288944177566,0.3847190764915638,0.19999999999999984,0.1999955761824984,85.12780458783027,21.28136272853669,-5.981272801491855e-05,3.1858293780828717e-09,0.5902622364521654,0.5902649535280879,0.3849855024448726,72.89166330095746,13.718990001245652,15.916389779670567,62.82831809492779,72.79806690191563,13.736628492448137
-35.13964892127,0.020119493205379167,0.12379332901926458,0.5065466813618679,0.38275335234260327,1.10808567484e-14,0.682864524976,84.16081379852736,21.113057339692684,0.2005536332179915,0.20055812734158399,105.27387113822004,105.40760767750854,-0.12687560436591694,1.5867606683010511,0.20055363322429795,0.05574983895874104,0.23611403803827727,0.20055590445793978,0.055750361926478184,0.2361151454830422,0.12396052698200961,0.5069260581934524,0.3829655312114428,0.20000000000000018,0.1999955479460009,84.21956559553503,21.054305542685007,-5.981262759524597e-05,3.082623045713717e-09,0.5896738585121702,0.5896766242571923,0.3832307427982139,73.48765074743196,13.60772850715935,15.998287426276278,62.506690457227116,73.39208646581856,13.625447213109785
-34.68964892127,0.020181993205379167,0.124146569221949,0.5051388673336027,0.3809922981116537,1.13865971801e-14,0.681971529892,83.26232235193295,20.887656698052936,0.20055363321799696,0.20055815328569124,104.14997904998587,104.28228783291999,-0.12687560436543954,1.5867606683024815,0.20055363322412273,0.055638174618991725,0.2358774567842203,0.2005559588363148,0.055638705883317194,0.23587858292629535,0.12431247330685845,0.5055182728931797,0.3812057995863213,0.20000000000000032,0.19999552204769644,83.3204496186273,20.829529431358573,-5.98125374562386e-05,2.9952484936757173e-09,0.5890830178231097,0.5890858302630047,0.38146979252238217,74.08555288514755,13.497908310818275,16.08190781997186,62.181677148908676,73.9880826141021,13.515690158044459
-34.23964892127,0.020244493205379167,0.12450103152855682,0.503726184159403,0.3792251526308461,1.1696895958e-14,0.681060215101,82.3730363707437,20.664565391487674,0.20055363321802688,0.200558177686844,103.03760176223138,103.16849741683258,-0.12687560435463707,1.5867606683065358,0.20055363322360067,0.055526147989472405,0.235639869269766,0.2005560136963336,0.05552668723615198,0.23564101348481759,0.12466563349697765,0.5041056321300962,0.3794399986331185,0.19999999999999996,0.19999549771686476,82.43054531424181,20.607056447989567,-5.9812281938409484e-05,2.734945603322103e-09,0.5884896640879967,0.588492521663547,0.3797027687153334,74.68512319821656,13.389547438329451,16.166671926232098,61.855649979350204,74.58575734284072,13.40738547982294
-33.78964892127,0.020306993205379167,0.12485669397195735,0.502308735984594,0.37745204201263666,1.20117247687e-14,0.680131239303,81.49304353840232,20.44380541674337,0.20055363321794525,0.2005581947516853,101.93684895514569,102.06634624879655,-0.12687560435953316,1.5867606683095055,0.20055363322321249,0.05541375740550428,0.23540126891226454,0.20055607236312462,0.05541430487775531,0.2354024317583727,0.1250199831279797,0.5026882336041424,0.3776682504761627,0.20000000000000012,0.19999548072747672,81.54993984451714,20.386909110628547,-5.981209479921645e-05,2.5413893212089533e-09,0.587893780867248,0.5878966849722087,0.3779297935859695,75.28597402028218,13.282686622751246,16.252358244251738,61.52953220519169,75.1847088263861,13.300576880721385
-33.33964892127,0.020369493205379167,0.12521352789113213,0.5008866285936946,0.37567310070256243,1.23310542077e-14,0.6791852564,80.62243070239863,20.225398560901937,0.2005536332179848,0.2005582075190135,100.84782926330058,100.97594310136718,-0.12687560435854506,1.586760668311176,0.2005536332230181,0.05530099798926244,0.23516164225753833,0.20055613313929788,0.05530155366717937,0.23516282373534167,0.12537549474747367,0.5012661871251962,0.37589069237772255,0.20000000000000018,0.19999546804024707,80.67872044894385,20.169108814356722,-5.981198951676703e-05,2.444466851159177e-09,0.5872953345602483,0.5872982851962146,0.376151004491616,75.88757915032969,13.17738701374368,16.339362658936114,61.20189758154935,75.78436027082486,13.195334715848697
-32.88994387278,0.020431952239891665,0.12557127483041441,0.4994609175652471,0.37388964273483266,1.26546396988e-14,0.678223553347,79.76184518015744,20.009507213652626,0.20055363321800618,0.20055821388969117,99.77135239381006,99.8980987102831,-0.12687560435018508,1.5867606683120046,0.20055363322288652,0.05518793660190492,0.23492112847061017,0.20055620110346709,0.055188502241339976,0.23492233235973964,0.12573190604484752,0.4998405419350444,0.3741086358901969,0.20000000000000034,0.19999546175946167,79.81753470144406,19.953817692366016,-5.981193729187595e-05,2.3788526704038304e-09,0.5866946727192938,0.5866976793255583,0.3743677138929491,76.48830065378375,13.073894849963981,16.426844842340905,60.87596307128053,76.38322979964147,13.091878971641677
-32.44239230898,0.020494112179308334,0.12592841416934222,0.4980376510370621,0.3721092368677199,1.29810735115e-14,0.677250893444,78.91485073334312,19.797025400382676,0.2005536332179877,0.20055821166119575,98.7118761337258,98.83727652563398,-0.12687560434312406,1.586760668312458,0.20055363322282932,0.05507504788227282,0.23468073606982065,0.20055627357713626,0.055075624179919604,0.234681963899912,0.1260877053184594,0.49841734484030586,0.3723296395218465,0.19999999999999984,0.19999546407878366,78.9699486562739,19.7419274774519,-5.9811908725837526e-05,2.350319938670964e-09,0.5860943140294492,0.5860973804261417,0.37258748553265364,77.08734981531575,12.972297042196663,16.514347289725183,60.55340743755433,76.98036080060706,12.99032622866213
-31.99739087403,0.020555917934162497,0.12628457974758672,0.4966182808811954,0.3703337011336087,1.33099654353e-14,0.676269015395,78.0821312992679,19.588124697479653,0.20055363321799774,0.2005582061089637,97.67025599674756,97.79433314795634,-0.12687560435742373,1.5867606683144129,0.20055363322258465,0.05496243569489377,0.23444068694425413,0.20055634901300046,0.05496302317117849,0.23444193987249484,0.12644252799252573,0.4969980541428228,0.3705555261502971,0.20000000000000004,0.19999546970839108,78.13664727213921,19.533608724608325,-5.981178552438848e-05,2.2283286327251517e-09,0.5854948126390137,0.5854979417161073,0.37081214355073583,77.68321420798165,12.872793822906132,16.60296882782181,60.23019198375455,77.57419959015047,12.890883892883494
-31.55478207583,0.020617391378356945,0.12663984771234216,0.4952025063686646,0.36856265865632243,1.36413290144e-14,0.675278426519,77.26331517993655,19.382711858677013,0.20055363321797925,0.20055819612642592,96.64602703861358,96.7688030422933,-0.12687560434745393,1.5867606683159758,0.20055363322239278,0.05485005342229012,0.23420088262491695,0.20055642797434556,0.054850652760831314,0.23420216216088038,0.12679644985900124,0.4955823666759606,0.3687859168169594,0.1999999999999997,0.19999547976844098,77.31725849331234,19.328768545301237,-5.981168702540174e-05,2.132671816923448e-09,0.5848959226304132,0.5848991181579332,0.36904130872616975,78.27532997006078,12.775417240431768,16.693017520738,59.905286671968334,78.16444279564986,12.79354095332531
-31.11440996652,0.020678554171316667,0.12699429015802743,0.49379002129816835,0.3667957311401409,1.3975183524e-14,0.674279597664,76.45804430369061,19.180697056101803,0.20055363321798775,0.20055818135274553,95.63874135979242,95.76023774014051,-0.12687560433776168,1.586760668319003,0.20055363322200473,0.054737860977830476,0.23396123819519865,0.20055650668703087,0.05473847187325582,0.23396254373992392,0.12714954763048744,0.49416997558807385,0.3670204279575864,0.19999999999999973,0.1999954946095558,76.51142397770536,19.127317382087064,-5.981149624467719e-05,1.939182148191776e-09,0.5842974319319482,0.5843006924140429,0.36727459722908223,78.86362980768068,12.680116327876759,16.78403857913356,59.58041595800614,78.75088861186242,12.698269411646585
-30.67612773309,0.0207394267037375,0.1273479766601781,0.4923805477667704,0.3650325711065923,1.43115485698e-14,0.673272970146,75.66598786533072,18.981997302088697,0.20055363321799322,0.2005581650697876,94.6479851674194,94.7682229229822,-0.1268756043473651,1.586760668320292,0.20055363322182304,0.05462582025828587,0.23372167263282598,0.20055658503851062,0.05462644246929434,0.23372300372298474,0.1275018899722195,0.4927606062202368,0.3652587162480173,0.20000000000000012,0.19999551095053855,75.71881301342238,18.92917215399704,-5.9811415009658475e-05,1.8485879493823631e-09,0.5836991381976805,0.5837024624772287,0.3655116654975534,79.44789567906301,12.586865787353146,16.875731046770444,59.25669218290682,79.33322246375901,12.605059632574736
-30.23979165099,0.0208000289373625,0.1277009699372472,0.49097381370830034,0.3632728437710532,1.46504472854e-14,0.672323729645,74.88683077663035,18.786533551824153,0.20055363321799155,0.20055814837810912,93.67336432845448,93.7923639570543,-0.1268756043448449,1.5867606683234567,0.20055363322143863,0.05451389786470092,0.23348211465699234,0.20055665860496363,0.05451452969507524,0.2334834677125454,0.12785354402551857,0.4913539900051232,0.3635004459796046,0.19999999999999984,0.19999552769289944,74.93911039881601,18.734253929638477,-5.981121556919433e-05,1.6568968419505836e-09,0.5831008634101209,0.5831042425462923,0.36375217759045037,80.02785437503154,12.495649268737575,16.968230451172737,58.93366446651992,79.91132493188489,12.513870854379947
-29.80526401262,0.020860379998247223,0.12805333695804755,0.4895695727473323,0.36151623578928477,1.49919040305e-14,0.671633235088,74.12027862414752,18.59423194708997,0.20055363321799594,0.20055812681182777,92.71451057123747,92.83229210285879,-0.12687560433261025,1.5867606683267652,0.20055363322103614,0.0544020557528788,0.23324248273605475,0.2005567315128828,0.05440269652605237,0.23324385635221428,0.12820457299789118,0.48994987411361984,0.36174530111572867,0.1999999999999998,0.19999554930060415,74.17202110140617,18.54248946983131,-5.981100705820808e-05,1.4562129280193403e-09,0.5825024039512257,0.5825058344356873,0.3619958172522917,80.60362340937766,12.40639015594995,17.062268351789108,58.60885430835124,80.48516393243568,12.424650098736992
-29.37241339671,0.020920498139345836,0.12840513931330502,0.48816758245520153,0.35976244314189654,1.53359442326e-14,0.670924356586,73.36605763617918,18.405023807967684,0.20055363321798966,0.20055810466461485,91.77108144414684,91.88766447374677,-0.12687560432361744,1.5867606683282973,0.20055363322084027,0.054290253655969435,0.23300269023333064,0.2005568043807926,0.0542909030922876,0.23300408385323979,0.1285550365623157,0.4885480198549398,0.3599929832926241,0.2000000000000001,0.19999557148409017,73.41727156501172,18.353809879135135,-5.9810910502111625e-05,1.3585577107733116e-09,0.5819035434535679,0.5819070238956191,0.3602422859126888,81.1753648650591,12.319008379726265,17.15749625522052,58.28356218907695,81.0548043154017,12.337331617121482
-28.9411146267,0.020980400746291667,0.1287564308594351,0.48676761440132005,0.35801118354188494,1.56825940084e-14,0.670197683289,72.6239140742534,18.218845480192748,0.20055363321799327,0.20055808573922296,90.84275955444618,90.9581632737985,-0.1268756043423469,1.5867606683297941,0.20055363322062617,0.05417846103872288,0.23276267105943532,0.20055687445143405,0.05417911808378173,0.23276408246072186,0.12890499089224952,0.4871482025341369,0.3582432116418873,0.20000000000000018,0.19999559045018753,72.67460821923028,18.16815133521587,-5.981081617756345e-05,1.2517986647253565e-09,0.5813041168647735,0.5813076417142369,0.35849130250873107,81.74257025665295,12.233527730535375,17.253281886791456,57.959987355539994,81.61991552272063,12.251911725167478
-28.51124452213,0.021040104927481946,0.1291072641400827,0.48536946078377224,0.3562621966436895,1.60318833152e-14,0.669453776016,71.893606520121,18.035636400217726,0.20055363321799657,0.20055806540962923,89.92924292033871,90.0434861375323,-0.1268756043264374,1.586760668331437,0.20055363322041683,0.0540666476282705,0.23252235941575705,0.20055694205519842,0.05406731141755341,0.23252378677794108,0.1292544884867071,0.4857502121552573,0.3564957236685502,0.20000000000000023,0.19999561082878206,71.94378905111564,17.98545386922307,-5.9810712638164176e-05,1.1474154959500993e-09,0.5807039598586483,0.580707524569037,0.35674260436366695,82.30469162294322,12.14997566094082,17.350416772008558,57.63550312020752,82.1799987096832,12.168410996606292
-28.08273644484,0.021099619938216664,0.1294576481420455,0.4839730976090647,0.3545154494670192,1.63838007413e-14,0.668693267415,71.17499666637855,17.85536187146569,0.20055363321799818,0.20055804282063192,89.03035853784424,89.14345984126324,-0.1268756043577346,1.5867606683350155,0.2005536332199596,0.05395478744484107,0.23228169847157798,0.20055700956456793,0.053955457665541565,0.23228314115652382,0.12960353610437356,0.48435402168230973,0.3547504855779362,0.1999999999999999,0.19999563353678296,71.22467557806115,17.80568295978309,-5.9810487118561184e-05,9.194200956130771e-10,0.5801029305055174,0.5801065334831441,0.35499615765941656,82.86088924165296,12.068419843813535,17.449289045528904,57.30892515968917,82.73418482412251,12.086902193160107
-27.6564085173,0.021158832150375,0.1298068618175483,0.48258139050329935,0.35277452868575104,1.67375989908e-14,0.667918403517,70.46940483107623,17.67835311638405,0.20055363321800063,0.20055801999396553,88.14775794746028,88.25973802345368,-0.12687560432554923,1.5867606683363495,0.2005536332198228,0.05384309073562077,0.23204114017910868,0.20055707525224337,0.053843766822465874,0.23204259699991697,0.12995141722564105,0.4829624971965526,0.3530110799709115,0.20000000000000012,0.19999565656752288,70.51858922180288,17.6291687256574,-5.981040304137153e-05,8.512301974406e-10,0.579502157515923,0.5795057957966118,0.3532555474778715,83.41067161145644,11.98887361389679,17.549097966234008,56.982985787878505,83.28188699780866,12.00741284868236
-27.23245853614,0.02121771409220278,0.1301546932952842,0.481195197475242,0.3510405041799578,1.70930278535e-14,0.667130381609,69.77707127551615,17.50467040827956,0.2005536332179928,0.20055799847321526,87.28174168379572,87.39262160058628,-0.12687560432428358,1.586760668338879,0.2005536332194868,0.05373161352659345,0.2318008057073863,0.20055714181525022,0.05373229571054238,0.231802277190157,0.13029791743341412,0.48157649636378136,0.35127857893036724,0.20000000000000004,0.1999956783087657,69.82577055177453,17.45597113202119,-5.981024362444742e-05,6.836753385641714e-10,0.5789019434987833,0.5789056183964223,0.3515218466443626,83.95331080712589,11.911382533768053,17.649792086591553,56.65789121446333,83.82234631640299,11.929992942756751
-26.81073833977,0.02127628634169861,0.13050120833141376,0.4798142388200687,0.3493130304886549,1.745012717e-14,0.666329751366,69.09766331932151,17.334230289079233,0.20055363321803274,0.2005579795303645,86.43189360840076,86.5416939055477,-0.12687560433791711,1.5867606683388016,0.20055363321949107,0.05362031489533313,0.23156060739109563,0.20055720572631458,0.053621002526675406,0.23156209216250273,0.1306431057045461,0.4801957432792734,0.3495526375747273,0.19999999999999982,0.1999956974461649,69.14588676459593,17.28600684380483,-5.981024850942873e-05,6.858069667714517e-10,0.5783020695177526,0.5783057776025818,0.3497947100384761,84.4884270234246,11.835940556956372,17.751353394755373,56.333732857543666,84.35535854203432,11.854611458994622
-26.39110348855,0.021334568959923608,0.13084647468974245,0.478438249172775,0.3475917744830326,1.78089404049e-14,0.665517028592,68.43086528086118,17.166953565082586,0.2005536332179109,0.2005579614008548,85.59781884594376,85.70655956132917,-0.12687560432010914,1.586760668340297,0.20055363321929984,0.05350916086995484,0.23132047222404428,0.20055726793897583,0.05350985348047261,0.2313219692992272,0.13098704942541803,0.4788199683948291,0.34783291896941104,0.1999999999999999,0.19999571575132116,68.4786217990973,17.119197046846452,-5.981015426259617e-05,5.904610134166433e-10,0.5777023532463437,0.5777060920587612,0.34807380049229714,85.01580732402141,11.762518424234827,17.85354182811643,56.01129510477088,84.88058902594294,11.781256603843307
-25.97341827564,0.02139258079505,0.13119055170023416,0.47706698734306147,0.34587643564282733,1.81695100668e-14,0.664692707899,67.77638596103802,17.002767184477438,0.2005536332179892,0.20055794636052263,84.77915314551545,84.88685385432409,-0.1268756043114272,1.586760668342969,0.20055363321895847,0.05339811628262156,0.23108032430871642,0.2005573275128911,0.0533988129736205,0.23108183176879246,0.13132980758573098,0.4774489357518715,0.3461191281661405,0.19999999999999996,0.19999573094154444,67.82368444357294,16.9554687019425,-5.9809985875070026e-05,4.2024161928111425e-10,0.5771026051372453,0.577106369885012,0.34635882285329,85.53526117209266,11.691084896415411,17.956241684617872,55.69094120940938,85.39787766852318,11.709892883773506
-25.55754861949,0.02145034046951528,0.13153350038966535,0.4757002176117494,0.34416671722208403,1.85318835261e-14,0.663857258677,67.13394687317721,16.841601284493315,0.20055363321799238,0.200557930587572,83.97554815767053,84.08222799254719,-0.12687560430262312,1.5867606683467914,0.20055363321851027,0.05328715075239207,0.23084009780017004,0.20055738596126335,0.05328785107060852,0.2308416146854993,0.13167144053967297,0.47608240393386225,0.3444109633941893,0.19999999999999996,0.19999574684565335,67.1807956871041,16.79475247056645,-5.980974497887814e-05,1.9677592888456275e-10,0.5765026607485577,0.5765064490350579,0.34464947514174576,86.0465201930142,11.621620464800461,18.059303667092685,55.373120604986596,85.90711257137018,11.640479700318375
-25.14337094229,0.021507865146904163,0.1318753734116884,0.4743377394705806,0.34246236605889224,1.88961050227e-14,0.663011128754,66.50329557636618,16.683392536382854,0.20055363321798106,0.20055791251791255,83.18668811274902,83.29236580521027,-0.12687560431213774,1.5867606683492814,0.2005536332181442,0.05317623359002172,0.23059972591055203,0.20055744516522542,0.053176937738563156,0.23060125268212042,0.13201199905530936,0.4747201698694825,0.34270817081417315,0.20000000000000015,0.1999957650315556,66.54970278319837,16.636985329550654,-5.980958805995584e-05,1.4233059175694507e-11,0.575902353283544,0.5759061662600491,0.34294550334249113,86.54947699508118,11.554084839320664,18.162985907727972,55.05702669595316,86.40801950494573,11.572999887386183
-24.73076259112,0.021565171862344447,0.1322162208064122,0.47297934521261237,0.34076312440620016,1.92622236989e-14,0.662154748823,65.88419033508325,16.528080297010277,0.20055363321798592,0.200557895096955,82.41227063209352,82.51696452951062,-0.12687560432453893,1.5867606683503046,0.20055363321803626,0.05306533372108262,0.2303591407369862,0.20055750347278783,0.05306604136551614,0.23036067669095814,0.13235153434107363,0.4733620287258889,0.34101049438481523,0.2,0.1999957825533577,65.93016407502888,16.482106557064643,-5.980952357820257e-05,-3.957945082788683e-11,0.5753015131607963,0.5753053490695395,0.3412466512369353,87.04404836513514,11.488436243281887,18.26695424922763,54.743663686697104,86.90053074115191,11.507409580485428
-24.31960541173,0.02162227702614861,0.13255608716135384,0.4716248402861374,0.3390687531247836,1.96302903228e-14,0.661288526561,65.27640534706387,16.375607920341402,0.200553633217987,0.20055788080688444,81.65201326740528,81.75574135830705,-0.12687560430426625,1.586760668353643,0.20055363321762074,0.05295442544550433,0.23011828576952403,0.2005575575112221,0.05295513538229201,0.23011982831188627,0.13269009448111238,0.47200778816365596,0.3393176936825436,0.19999999999999982,0.1999957969275888,65.3219538032485,16.33005946415677,-5.9809313179837176e-05,-2.4676927168343354e-10,0.5746999992517324,0.5747038516143959,0.3395526782350081,87.52983150595644,11.424676396548868,18.371402349724875,54.43242605891628,87.38444093584293,11.443684817234148
-23.90984779675,0.021679187806006944,0.13289496983817892,0.47027426073276407,0.3373792908945852,2.00003006763e-14,0.660412985843,64.67981997486103,16.225945142585722,0.20055363321799563,0.20055786377237275,80.90576511744675,81.0085451987073,-0.12687560430623135,1.5867606683590079,0.20055363321695935,0.052843493943900754,0.22987712792685738,0.20055761239959902,0.05284420643233953,0.2298786776374432,0.13302767296921447,0.4706574742079386,0.3376298012387241,0.20000000000000018,0.19999581404044314,64.72495076221809,16.18081435522865,-5.980897508361949e-05,-5.7654991891809e-10,0.574097728938721,0.5741015992033868,0.337863616890604,88.00602696534877,11.362858141451348,18.476866012501613,54.12173251261285,87.85895532366405,11.381879016385922
-23.50229526828,0.02173579232385,0.1332321512854466,0.46893046072398,0.3356983094385334,2.03714689604e-14,0.659530503324,64.09553596228673,16.07936835341968,0.20055363321799066,0.2005578420775387,80.17490431570643,80.27675593489631,-0.12687560428139566,1.586760668363201,0.2005536332164587,0.05273275674053308,0.22963613988336654,0.20055766690848145,0.05273347150887894,0.2296376961844003,0.1333635564047682,0.4693139404632226,0.3359503840584544,0.1999999999999997,0.19999583579232527,64.14025731751701,16.034646998189412,-5.9808710828335165e-05,-8.261946682353027e-10,0.573495882684084,0.5734997694078087,0.33618303667904575,88.47243046353537,11.30295612724416,18.583191217904275,53.812070718861996,88.32357028179818,11.32200608296833
-23.0971053041,0.021792068707763887,0.1335674493787111,0.4675941534193643,0.33402670404065316,2.07435855071e-14,0.658642099445,63.52367431359619,15.93590790865779,0.20055363321800443,0.20055782247893642,79.45958222225397,79.56052511929448,-0.126875604314014,1.5867606683634583,0.20055363321639127,0.05262226008691402,0.2293954229859742,0.20055771846589904,0.052622976405605044,0.22939698429928201,0.13369756480633957,0.4679779068566017,0.33428034205026214,0.20000000000000012,0.19999585543168844,63.567995103469705,15.891587118784265,-5.9808694607976776e-05,-8.598011191907062e-10,0.5728947135927681,0.5728986128342024,0.33451183813206636,88.92835701368158,11.245007032415437,18.6909971603654,53.50169343134449,88.77766165523516,11.264094833714632
-22.69413521396,0.021848036775838887,0.13390093486922228,0.4662650676412746,0.33236413277205235,2.11167176226e-14,0.657748118823,62.963926933965,15.795486517886276,0.2005536332179858,0.2005578013138843,78.75941345185127,78.85946687699808,-0.1268756042985597,1.5867606683658348,0.20055363321609293,0.05251195778600376,0.22915487729045558,0.20055776924800156,0.05251267534339142,0.22915644294540666,0.13402976723897378,0.46664909712457,0.33261932988559617,0.20000000000000012,0.1999958766252914,63.0078555160545,15.751557935796761,-5.9808544838890754e-05,-1.0085710044904772e-09,0.5722939720629402,0.5722978821472433,0.33284967568196755,89.37370202199759,11.188973684382791,18.80048824635945,53.190107985288165,89.22129490033163,11.208086602162542
-22.29324811695,0.0219037155393125,0.1342326742348288,0.46494293646346385,0.3307102622286351,2.14909335808e-14,0.656848887133,62.416004922297724,15.658031705749606,0.20055363321799363,0.2005577791369857,78.07403662804734,78.17321937253332,-0.12687560430809652,1.5867606683695026,0.20055363321561184,0.052401813311095904,0.22891442355407818,0.20055781886725688,0.052402531774652365,0.2289159928328564,0.13436023050343682,0.4653272440643116,0.33096701356087477,0.19999999999999993,0.1999958988186409,62.45954949822152,15.614487129825818,-5.980831369045703e-05,-1.2484457911909885e-09,0.5716934601929075,0.5716973793273974,0.33119621509386316,89.80876450700426,11.134770704055384,18.910195453414424,52.88152639477029,89.65461377379644,11.153915653722578
-21.89431582836,0.021959122801616666,0.13456272992645035,0.463627517671457,0.32906478774500664,2.18662995452e-14,0.655944710184,61.87964181563685,15.523476625841555,0.2005536332179985,0.20055775603901296,77.4031184414784,77.50144887308234,-0.12687560430640898,1.586760668373748,0.2005536332150919,0.05229180120691036,0.22867400640849053,0.20055786867282094,0.05229252051347566,0.2286755791803656,0.13468901505099312,0.464012105871483,0.3293230908204899,0.19999999999999982,0.19999592192124638,61.92281040919549,15.480308032282899,-5.980804612670809e-05,-1.507705071901455e-09,0.5710930397051254,0.5710969675633146,0.32955115390282674,90.23320007104013,11.082395384544771,19.0203619089399,52.5752351499675,90.07728777921209,11.101577596908715
-21.49721396836,0.02201427583772778,0.13489115745683913,0.4623185871562689,0.32742742969942973,2.22428838142e-14,0.655035882665,61.35458625027081,15.391758219640012,0.20055363321799002,0.2005577312816781,76.74634446991084,76.84384055698247,-0.12687560429692768,1.5867606683770197,0.20055363321467817,0.052181884901711155,0.22843354592027668,0.20055791809828738,0.05218260500283277,0.22843512208684716,0.1350161770366315,0.4627034579268641,0.32768728089023264,0.19999999999999998,0.19999594667159276,61.39738665406685,15.348957815843974,-5.980783994719019e-05,-1.7139956121070554e-09,0.5704925109729803,0.5704964473091202,0.3279142111402076,90.64647563825677,11.031868508497823,19.13133348710371,52.27027173375513,90.4889645421786,11.051071310843447
-21.10182061182,0.02206919158169167,0.13521801228926617,0.4610159309083096,0.32579791861904345,2.26207578712e-14,0.654210460428,60.84059984086236,15.262816684455759,0.20055363321800562,0.2005577032705074,76.10341652531812,76.20009585742335,-0.12687560431172695,1.5867606683785218,0.200553633214504,0.052072036072860824,0.22819297989390652,0.20055796856317878,0.05207275733628198,0.22819456026882406,0.13534177117688462,0.4614010813649816,0.326059310188097,0.2000000000000001,0.19999597466352606,60.883039562112835,15.220376963205297,-5.980774528957511e-05,-1.8008372570932352e-09,0.5698917186686547,0.569895665514768,0.32628511303453833,91.04848767541526,10.983158814948863,19.242623440963197,51.96796596202293,90.8894245639814,11.002380142654026
-20.70801951604,0.02212388617832778,0.13554334179352398,0.4597193443505783,0.32417600255705437,2.29999975233e-14,0.653584329909,60.33746103832535,15.136596441228395,0.2005536332179963,0.20055767799581783,75.47405747955375,75.56993729417215,-0.12687560430963973,1.5867606683813815,0.200553633214138,0.05196222545826159,0.22795224381054377,0.20055801690842728,0.051962947664827855,0.22795382792317362,0.13566584723437225,0.4601047771332024,0.32443892989883016,0.1999999999999998,0.19999599990443082,60.379547887085906,15.094509592467839,-5.980756505596929e-05,-1.9833357178811184e-09,0.5692905016620801,0.5692944578427982,0.32466361059825655,91.43928203610092,10.936218851818985,19.354284166576917,51.66814703108001,91.27848532666958,10.95548415841013
-20.31569891204,0.022178375151105555,0.13586719468850297,0.458428638142489,0.3225614434539861,2.33806788363e-14,0.652944916848,59.84496303617649,15.013045609317864,0.20055363321799355,0.20055765475971432,74.85800864549435,74.95310585147831,-0.1268756042910435,1.5867606683808935,0.2005536332141933,0.051852426361263186,0.2277112785113271,0.20055806410923993,0.051853149221022236,0.22771286573450836,0.13598845202260798,0.4588143579805372,0.32282590595792926,0.20000000000000012,0.19999602309086217,59.8867046198941,14.971304025600247,-5.9807595820249304e-05,-1.9557577779494295e-09,0.5686887122092497,0.5686926761582939,0.3230494696047647,91.81876688001837,10.891019711762436,19.46572235024225,51.37235505609455,91.65607499001517,10.910351551808628
-19.92475262415,0.022232673246645834,0.1361896133002481,0.457143639273646,0.3209540259733979,2.37628736441e-14,0.652292637949,59.36291468339725,14.892116235497886,0.20055363321798034,0.20055763592346734,74.25503091889514,74.34936212137852,-0.12687560429821554,1.5867606683834934,0.20055363321384323,0.05174261845244059,0.22747003858187695,0.20055810930515078,0.051743341590448834,0.2274716280999651,0.1363096281663178,0.45752965340394375,0.32122002523762594,0.2000000000000002,0.1999960418649968,59.40431864655316,14.850712272341985,-5.980743197353533e-05,-2.1303070418809966e-09,0.5680862368917803,0.5680902065721509,0.3214424767786992,92.18662496856345,10.847560590714867,19.576821318882512,51.08081560899092,92.02214260683135,10.866949754392744
-19.53507537945,0.0222867950861875,0.13651063934869134,0.45586418176606286,0.3193535424173715,2.41466575412e-14,0.651627886389,58.891134277568206,14.77376273687651,0.20055363321799757,0.2005576194789489,73.66489701444472,73.75847852979018,-0.126875604284149,1.5867606683846973,0.20055363321368716,0.05163277751455562,0.22722846985920497,0.20055815256153206,0.05163350064979871,0.22723006106102842,0.1366294182888169,0.4562504929131698,0.31962107462435296,0.2000000000000001,0.19999605823409508,58.93220798133521,14.732689033109503,-5.98073560897916e-05,-2.20813367590722e-09,0.5674829404424149,0.5674869143277649,0.3198424188589071,92.5427521619982,10.805816518720745,19.688724041117492,50.79049297006867,92.37661233926676,10.82525083651425
-19.14658616181,0.022340751921970832,0.13683029744620534,0.4545901743729485,0.3177598769267432,2.45320864076e-14,0.650951077851,58.429476999062096,14.657948783178064,0.20055363321798458,0.20055760313310186,73.08742578224016,73.18027369670652,-0.12687560427987465,1.5867606683879174,0.20055363321331393,0.051522876913274784,0.22698651262415304,0.20055819525476298,0.05152359990746298,0.22698810521140306,0.13694784531626084,0.4549767848015264,0.31802893948526556,0.1999999999999999,0.19999607449139672,58.47022753111083,14.617198251129334,-5.9807153163227156e-05,-2.394229259294889e-09,0.5668786737178549,0.5668826510631849,0.31824918113315803,92.88683433486123,10.765788361297306,19.80175136168774,50.50058359660002,92.71909631180678,10.785264738097547
-18.75994548804,0.02239445201555,0.13714800022431625,0.4533239498268259,0.3161759496025096,2.49184759899e-14,0.650263944887,57.97866053715706,14.544854417995193,0.2005536332179924,0.20055758686245165,72.52351495515227,72.61564649545846,-0.12687560429827105,1.5867606683886821,0.20055363321319958,0.05141310507301877,0.2267445811326453,0.20055823565324854,0.05141382730223042,0.22674617373228248,0.1372643263664524,0.4537108606001926,0.31644653423374025,0.2,0.19999609066169308,58.01909548307698,14.504419472075286,-5.980710496844566e-05,-2.451250313839637e-09,0.5662744712855123,0.5662784486617781,0.31666568003312034,93.21864895872127,10.72746720930075,19.915337641250673,50.212555670093096,93.04935944598834,10.746984245286098
-18.37535585539,0.02244786724230694,0.13746354238997083,0.452066328963289,0.3146027865733182,2.53055880353e-14,0.649567461466,57.538823813784376,14.434514492065633,0.20055363321798836,0.20055757236953847,71.97333830585,72.06477091943665,-0.12687560429334166,1.5867606683890203,0.20055363321317507,0.05130352408354425,0.22650281252899324,0.200558274257753,0.0513042452365805,0.22650440445293885,0.13757865609241415,0.45245354169622154,0.3148748856038074,0.19999999999999984,0.19999610504060022,57.57895097791057,14.394387327939432,-5.9807083652163584e-05,-2.46347386934076e-09,0.5656706756511354,0.5656746513399215,0.315092943003859,93.53786461345534,10.690857698457132,20.029884304188194,49.92540070692784,93.3669209099634,10.71043138462637
-17.99269159166,0.02250101505671389,0.1377769893215473,0.45081705316610565,0.31304006384455835,2.56935147467e-14,0.648862006075,57.109722381458226,14.326867681912942,0.20055363321798567,0.20055756058693283,71.43659006337118,71.52734080924617,-0.12687560427697697,1.5867606683928341,0.20055363321269973,0.05119409593887938,0.2262611233483989,0.20055831146836328,0.05119481583363035,0.22626271419222024,0.13789089878665897,0.45120457091686483,0.3133136721302059,0.2000000000000002,0.1999961166972478,57.149549460603744,14.287040602767432,-5.980684329998098e-05,-2.7004842806377383e-09,0.5650670783687975,0.5650710513600692,0.3135306483574916,93.84428599815294,10.655949793466192,20.145196665126466,49.639624602479515,93.6718077265553,10.675570636142501
-17.61182916951,0.022553912615345832,0.13808840309734643,0.4495758678274373,0.31148746473009087,2.60823516029e-14,0.648147935855,56.691124407249085,14.221855828618212,0.20055363321798306,0.20055755015643142,70.9129802358673,71.00306580466392,-0.12687560427948608,1.5867606683948696,0.2005536332124609,0.051084791755945345,0.22601944995054152,0.20055834585082427,0.05108550978495502,0.22602103836801346,0.1382011188972511,0.44996369047330437,0.31176257157605325,0.19999999999999993,0.19999612699393118,56.73065883509664,14.182321400770647,-5.980671502481272e-05,-2.8195668022590326e-09,0.5644635205024449,0.5644674874341241,0.3119784736339799,94.13786900582427,10.622717622151935,20.260755545407065,49.3565009339788,93.9639455488941,10.642379842166699
-17.23265462007,0.022606575747212497,0.13839784088452578,0.4483425498507388,0.309944708966213,2.64721893829e-14,0.647425596353,56.2828183395046,14.119425861138453,0.20055363321798036,0.20055754131971962,70.40224420064305,70.49168094681453,-0.12687560428434885,1.586760668398117,0.2005536332120162,0.0509755819620221,0.22577772689532974,0.20055837836438828,0.05097629771501959,0.22577931197304058,0.13850937176203065,0.44873067901195823,0.3102213072499276,0.2000000000000001,0.1999961356872674,56.322067416803115,14.080176783839942,-5.980651036630036e-05,-3.041311646967415e-09,0.5638598386212559,0.5638637972121782,0.3104361419502874,94.41863147509036,10.591129996030721,20.376186307177782,49.07689716439905,94.24324819267567,10.610839706580883
-16.8550566307,0.022659019912402777,0.13870535773801337,0.4471168819193182,0.3084115241813048,2.68631212066e-14,0.646695317393,55.884604650110475,14.019527724724583,0.2005536332179913,0.20055753372999485,69.90413237483506,69.99293633576403,-0.12687560427949718,1.5867606683988227,0.2005536332119205,0.05086644456781931,0.2255359052741255,0.2005584094388716,0.050867157723591655,0.22553748629350212,0.13881571227259207,0.4475053169692341,0.3086896046966421,0.19999999999999998,0.19999614312772357,55.923575511178214,13.980556863656847,-5.980646589076599e-05,-3.0890290325658043e-09,0.5632559105802469,0.5632598590358396,0.30890337866116147,94.68660096139186,10.56115638164841,20.491021484159965,48.801861867795274,94.50985961587985,10.580906627777667
-16.47892729928,0.022711260097322224,0.13901100595473234,0.44589865546896723,0.30688764951423486,2.72552413191e-14,0.645957413488,55.496296319837406,13.922114502673438,0.2005536332179879,0.20055752710660757,69.41841082251084,69.50659773839833,-0.1268756042690944,1.586760668399225,0.20055363321189054,0.05075735606326341,0.22529393259309805,0.20055843905453946,0.05075806630084398,0.22529550883416202,0.13912019264917228,0.4462873954627662,0.3071672028135939,0.19999999999999998,0.199996149591237,55.53499594726602,13.88341487524482,-5.980644053327211e-05,-3.1039615322470127e-09,0.5626516052807337,0.5626555418029145,0.3073799224831802,94.94189301691067,10.532758176855438,20.606091692212832,48.529338553700896,94.76379988697661,10.552552780625991
-16.10416010327,0.022763311096768053,0.13931483739268855,0.4446876620885463,0.3053728246958578,2.76486476202e-14,0.645212186851,55.11771644253804,13.827141815311382,0.20055363321799494,0.20055752230965063,68.94485825784942,69.03244358779203,-0.12687560426747346,1.5867606684000684,0.20055363321176756,0.050648286325143475,0.22505174143992637,0.2005584668714846,0.0506489932151792,0.2250533119400361,0.13942286473625817,0.445076707113803,0.3056538423775448,0.19999999999999993,0.1999961542214908,55.156151752933745,13.788706504915675,-5.980638738689592e-05,-3.16527914989706e-09,0.5620467543664263,0.5620506765510834,0.30586551401358786,95.18448402471935,10.505913965350704,20.721560931122987,48.2589127008303,95.0051463656367,10.525745585943325
-15.73065383485,0.022815186967381947,0.13961689985123155,0.44348371356079874,0.3038668137095672,2.8043436882e-14,0.644459925291,54.74870192987041,13.734568749372851,0.20055363321798367,0.20055751719859444,68.48327067924328,68.57026962318375,-0.12687560427947497,1.5867606684010012,0.20055363321166772,0.05053921151022071,0.22480927807859868,0.2005584933550572,0.05053991473731561,0.22481084212580943,0.1397237764277334,0.4438730603474044,0.304149283919671,0.2000000000000003,0.19999615915814553,54.78687957680697,13.696391102436298,-5.980632860058677e-05,-3.215061550321252e-09,0.5614412236364036,0.5614451297055181,0.30435991361772363,95.41429240792267,10.480610134640223,20.836690603329302,47.99226609623983,95.23381995330575,10.50047137130813
-15.35831308121,0.022866900960943057,0.13991723753733143,0.44228663870631874,0.3023694011689873,2.84397045211e-14,0.64370090936,54.38910339540418,13.644357828936279,0.2005536332179835,0.200557512146365,68.03346122434047,68.11988874482086,-0.12687560428078504,1.5867606684011766,0.20055363321162675,0.050430111978689664,0.22456649789915162,0.20055851951571713,0.0504308115206117,0.22456805543222683,0.1400229706010811,0.44267628365381073,0.30265331305272963,0.19999999999999973,0.19999616402666603,54.427029954015445,13.60643127032502,-5.980631755386767e-05,-3.235489653974355e-09,0.5608349016812405,0.5608387914818795,0.3028629067598769,95.63137200703912,10.456819545853564,20.951272725193004,47.72979728327163,95.4498510043393,10.476705720101528
-14.98704274217,0.022918466285809725,0.140215892644185,0.44109626438948124,0.30088037174529625,2.88375501083e-14,0.642935405242,54.038779416294176,13.55647357586901,0.2005536332180118,0.20055750643791823,67.59525299216318,67.6811238270034,-0.12687560428179534,1.5867606684038458,0.2005536332113087,0.05032096725078174,0.22432335422505997,0.20055854436169043,0.05032166286481901,0.22432490469142968,0.1403204908487626,0.4414862026614922,0.30116571181272955,0.20000000000000026,0.19999616954068372,54.07646131459711,13.518791677566076,-5.980614933287498e-05,-3.3940739108118123e-09,0.5602276719304571,0.5602315440826262,0.3013742753251121,95.83581847051767,10.434512022325283,21.06540394327002,47.471199825697155,95.65325550966793,10.45442724005277
-14.61675094221,0.022969895702470836,0.14051290457105559,0.4399124241054509,0.2993995195343953,2.92370745703e-14,0.64216367454,53.697599167708844,13.470883170708907,0.2005536332180024,0.20055750479148352,67.16848233841776,67.25381101753644,-0.12687560426341005,1.5867606684050677,0.20055363321116562,0.0502117571220936,0.22407980079001677,0.20055856599740282,0.0502124482298925,0.22408134288666806,0.14061637765468646,0.4403026554370837,0.2996862777823972,0.20000000000000007,0.1999961709894994,53.73504305955838,13.433439278859366,-5.980607232780599e-05,-3.465416842374225e-09,0.5596194188380571,0.5596232700875973,0.2998938167559773,96.0276385510346,10.413668555106065,21.178872815632477,47.2168660110128,95.84400593274616,10.433620655439851
-14.24734650591,0.023021201874179168,0.14080831634337065,0.4387349599301034,0.29792664358673276,2.96383819165e-14,0.64138595832,53.36543984236767,13.387555805331573,0.20055363321800224,0.2005575039421014,66.75299564769924,66.83779650590195,-0.1268756042776209,1.586760668405758,0.20055363321108216,0.05010246388800658,0.22383579670822668,0.2005585871471345,0.050103150500939386,0.22383733044543616,0.14091067152424877,0.4391254799584147,0.2982148084341659,0.2,0.19999617163403174,53.4026520730562,13.35034357464303,-5.980602881816566e-05,-3.507039103567422e-09,0.5590100402953948,0.5590138706679708,0.29842132838465146,96.20671015598113,10.39428537134975,21.29236920466727,46.965182239128225,96.0221273572917,10.414266248018743
-13.87897139505,0.023072365084020833,0.1411019813649031,0.43756444882549084,0.29646246746058774,3.00413250508e-14,0.640602985068,53.04238784888656,13.306513156690007,0.2005536332180032,0.20055750450513676,66.34890100557656,66.43318851493828,-0.12687560426631883,1.5867606684090918,0.20055363321064837,0.04999312885510981,0.2235914328750317,0.20055860632689873,0.04999381064545142,0.2235929575041473,0.14120322812965033,0.4379552535346438,0.29675202540499346,0.2000000000000001,0.19999617086043378,53.07937486366327,13.2695261419133,-5.980581871956048e-05,-3.723332753224895e-09,0.5583997633055212,0.5584035709314409,0.29695753234784084,96.37306440626968,10.37634328804163,21.407230671583278,46.71318842410736,96.18760168703466,10.396350282791095
-13.51169977555,0.023123375031173614,0.1413938118225191,0.4364012450790714,0.2950074332565523,3.04458290754e-14,0.639815339387,52.72845905630274,13.227759205781112,0.200553633218012,0.20055750605645772,65.95621826208385,66.04000691991763,-0.1268756042611896,1.5867606684110789,0.2005536332103851,0.049883769912772165,0.22334674815804273,0.20055862438844146,0.04988444681740102,0.2233482635200037,0.14149395917206026,0.4367923293636862,0.29529837019162597,0.19999999999999984,0.1999961690924357,52.765227281842535,13.190990980241319,-5.98056934864033e-05,-3.854594421426327e-09,0.5577886849368455,0.5577924694188688,0.2955028704480373,96.52675423836645,10.359822081353382,21.523539930314254,46.46075892895187,96.3404830188801,10.37985246351762
-13.14543258816,0.023174245473866668,0.1416838585694779,0.43524514850514123,0.2935612899356633,3.08520116137e-14,0.639023229257,52.42351973502348,13.151260404440446,0.20055363321799094,0.20055750825370394,65.57478013946393,65.65808423058034,-0.12687560426508648,1.5867606684122295,0.2005536332102258,0.04977435640638091,0.22310167280049897,0.20055864183823546,0.049775028410378744,0.2231031788441813,0.14178291505227328,0.43563650584203545,0.29385359078976214,0.2,0.19999616667481332,52.46007548102747,13.114704658436466,-5.980562097773756e-05,-3.9340419810685034e-09,0.5571766309780477,0.557180392188497,0.29405709050642126,96.66785838439911,10.344700055560416,21.639957649536044,46.21081132390478,96.48092065698908,10.364743549195806
-12.78042871179,0.023224940456695833,0.14197188894897736,0.43409707838393696,0.2921251894349596,3.12595934546e-14,0.638227627126,52.12773034009862,13.077057005340915,0.2005536332180912,0.20055751085008092,65.20478734543953,65.28762140960876,-0.1268756042581698,1.586760668411599,0.20055363321034136,0.04966497491526763,0.2228563997628689,0.20055865704468234,0.04966564163347884,0.22285789560497704,0.14206986604505684,0.4344887018714816,0.29241883582642475,0.19999999999999996,0.1999961638514001,52.164080011605314,13.040707333834225,-5.980566071261961e-05,-3.8764103038602116e-09,0.5565640833307753,0.5565678190636983,0.29262134194546363,96.79668454140675,10.330932353083123,21.755344220293725,45.96571719914155,96.60918227211114,10.350982965401593
-12.41717628577,0.023275392182531943,0.14225749749614375,0.432958651043648,0.29070115354750425,3.1668030427e-14,0.637430022791,51.841405864748666,13.005228029435695,0.20055363321799255,0.20055751335670338,64.84663389418436,64.92901297173937,-0.12687560427088185,1.586760668411769,0.2005536332102927,0.04955578262942624,0.22261128145138162,0.20055867002075717,0.04955644362782273,0.22261276609355252,0.14235440814953756,0.4333505334533129,0.2909961253037754,0.19999999999999996,0.19999616111270638,51.87755605426638,12.969077839917981,-5.9805649998967425e-05,-3.900668676948271e-09,0.555951922098315,0.5559556298603886,0.2911976461662194,96.9131610337211,10.318515971757936,21.869663638614362,45.72544034167683,96.72511887362842,10.338576076670448
-12.05555405294,0.02332561749264722,0.14254076156543302,0.4318295657423048,0.28928880417687175,3.20774572809e-14,0.636630569386,51.564357387311475,12.935726082793,0.20055363321798886,0.20055751434771346,64.50008347010447,64.5820223011414,-0.12687560425846955,1.5867606684110136,0.20055363321040864,0.049446753748426844,0.22236626036435214,0.20055868229239215,0.04944740890337288,0.22236773350325106,0.1426366168806128,0.4322216985295914,0.2895850816489786,0.19999999999999965,0.19999615988486272,51.60031446383048,12.899769006274006,-5.980569760533072e-05,-3.842859364056039e-09,0.5553400036753109,0.5553436827089835,0.28978562533437613,97.01700233772958,10.307471638000749,21.983592822794165,45.488469881189225,96.82842864727449,10.327545473683031
-11.69544506706,0.023375632629575,0.1428217526653126,0.4307095316921703,0.2878877790268577,3.24880096912e-14,0.635829411645,51.29640932950568,12.868507118846425,0.20055363321800004,0.20055751640940114,64.1649164483521,64.2464294939869,-0.1268756042581698,1.5867606684124755,0.2005536332102232,0.04933785649177199,0.2221212652849159,0.20055869270820947,0.04933850556968158,0.22212272636918892,0.14291656450803086,0.43110190801899106,0.2881853435109602,0.2000000000000003,0.19999615758680267,51.33217970680345,12.832736741548654,-5.980560546792191e-05,-3.935329839777069e-09,0.5547281502039632,0.5547317991322771,0.2883849178486165,97.10836010794077,10.297774557087054,22.097682345356414,45.253614581446776,96.91933528264417,10.317858630413811
-11.33673539109,0.023425453417904165,0.14310054163556987,0.4295982703863603,0.2864977287507904,3.28998241866e-14,0.635026679852,51.037398027558275,12.803530079973214,0.20055363321797864,0.20055751668318267,63.8409281075315,63.92202956880017,-0.12687560425687083,1.5867606684136577,0.2005536332100592,0.049229061186336756,0.22187622943059213,0.20055870204523982,0.04922970394685366,0.22187767789224236,0.14319432122175535,0.4299908811632762,0.28679655994152087,0.1999999999999999,0.19999615706921794,51.07298782229297,12.767940285238518,-5.9805530971956955e-05,-4.017097765540711e-09,0.5541161949009519,0.5541198123053855,0.2869951725177023,97.18746723473646,10.289392536433782,22.211311072011306,45.02210593322922,96.99804592401081,10.309486036279633
-10.97931827792,0.023475094683622223,0.14337719350945796,0.42849552232403587,0.2851183288145779,3.33130346671e-14,0.63422250966,50.78717425860464,12.740757531289335,0.20055363321801284,0.20055751719363996,63.52793178989397,63.60863563070888,-0.12687560425513889,1.5867606684134834,0.20055363321008454,0.049120344698533484,0.221631100476746,0.20055871025026983,0.04912098098104941,0.22163253592613474,0.14346995159845777,0.42888835965659294,0.2854184080581352,0.19999999999999976,0.1999961563132625,50.82258961338407,12.705342176509916,-5.980554195206267e-05,-4.004463427520477e-09,0.5535040070901447,0.5535075919976099,0.2856160662355052,97.25460687123781,10.282289262903197,22.323809524805192,44.79522184100549,97.06477394689125,10.30239869045744
-10.62308790449,0.023524571124376385,0.14365177324742917,0.42740103157680653,0.28374925832937736,3.37277785895e-14,0.633417020136,50.545598252149546,12.680154409169152,0.20055363321798506,0.20055751774409825,63.225752661318694,63.306072623491765,-0.12687560425800326,1.5867606684125808,0.2005536332101981,0.049011685733658515,0.22138583002003204,0.20055871792829483,0.049012315501511125,0.2213872523464509,0.14374351974617505,0.42779408706629474,0.2840505673201197,0.20000000000000023,0.19999615551711877,50.58084519937871,12.64490746193998,-5.980559883989045e-05,-3.94785315549484e-09,0.5528914658884813,0.5528950180224937,0.28424727823936063,97.3097852010147,10.276458815876333,22.434677765138492,44.57385171602115,97.11962576340818,10.296580038684318
-10.26794446477,0.023573896602115278,0.14392433805803176,0.4263145626235317,0.2823902245654999,3.41441914126e-14,0.632826913936,50.312542860607586,12.62168881666008,0.20055363321801117,0.20055751907776262,62.934231677267654,63.01418130055929,-0.12687560425531652,1.5867606684093194,0.2005536332106375,0.04890306741734822,0.22114037943656564,0.20055872357989252,0.04890369039041659,0.22114178797870065,0.14401508445694447,0.42670782822541176,0.2826927437684673,0.1999999999999999,0.1999961539354294,50.347627390932864,12.5866042863348,-5.9805804375479e-05,-3.728761743815312e-09,0.5522784748362372,0.5522819925452238,0.2828885143666889,97.35309234918589,10.271887372752392,22.543771688218055,44.35814972889498,97.16269921578031,10.292015434639024
-9.913788474806,0.023623084934054718,0.14419494752328504,0.42523588142249,0.281040933899205,3.45624130074e-14,0.632251941061,50.08788933928483,12.565330964789514,0.20055363321799421,0.20055752073842018,62.653220304074345,62.73281293955517,-0.1268756042511754,1.5867606684107909,0.20055363321043165,0.04879447105421765,0.22089470580848616,0.2005587278997482,0.04879508704331677,0.22089610010889005,0.14428470442809918,0.425629348339764,0.2813446439116648,0.2000000000000001,0.19999615202428692,50.12281733132955,12.530402972744792,-5.980571163854975e-05,-3.8313907602116615e-09,0.5516649267498636,0.5516684088913906,0.28153948092272774,97.38478492296029,10.268544524599871,22.65134250797702,44.147493670533414,97.19420372619983,10.288679382744286
-9.560522202392,0.023672149694112223,0.14446365889368923,0.4241647589611665,0.2797011000674773,3.49825862296e-14,0.631668942833,49.87152816362031,12.511053377611104,0.200553633217984,0.2005575227503469,62.38258154123141,62.461830365936564,-0.12687560425442834,1.5867606684107616,0.2005536332104186,0.0486858772909283,0.22064876453524115,0.20055873072728775,0.04868648614328012,0.2206501442176735,0.14455243689444766,0.4245584184743023,0.2800059815798547,0.20000000000000018,0.1999961497611819,49.90630542082215,12.47627612040926,-5.98057134926222e-05,-3.837896667135965e-09,0.5510507102434385,0.5510541558778788,0.2801998915394411,97.405028239488,10.266410452048921,22.758045336728514,43.94050478430722,97.21434945061192,10.28654726026874
-9.208050641755,0.023721104077534028,0.14473052723404867,0.42310097526867746,0.2783704480346288,3.54048554428e-14,0.631078165111,49.66335939795151,12.458830984699727,0.20055363321797948,0.2005575239975791,62.12219038265123,62.20110841479984,-0.12687560424539113,1.5867606684103877,0.20055363321049663,0.04857726194196353,0.22040249985416122,0.20055873196790974,0.048577863399990165,0.22040386430366907,0.14481833708661995,0.4234948177060039,0.27867648061938394,0.19999999999999998,0.19999614825856,49.69799158473602,12.424198797915205,-5.9805737051554786e-05,-3.798994452353099e-09,0.5504356860546432,0.5504390936462062,0.2788694698719338,97.41405705837055,10.26545891011191,22.86405404804928,43.73677554726207,97.22334692939052,10.285595297663026
-8.856279079781,0.023769961238919307,0.14499560794375932,0.4220443109389912,0.2770487029952319,3.58293698401e-14,0.630479842014,49.463291038084485,12.408640705364556,0.20055363321799588,0.20055752477466016,61.87193174344905,61.95053185507742,-0.12687560425186373,1.586760668411658,0.2005536332103223,0.048468604435729534,0.22015586395944473,0.20055873190778706,0.04846919830016121,0.2201572126916609,0.14508245981490034,0.4224383267920082,0.2773558669771079,0.2000000000000002,0.1999961472234738,49.497783773485494,12.374147969963559,-5.980565699337248e-05,-3.885913812951003e-09,0.5498197347927302,0.5498231031317518,0.2775479416772737,97.41199768899885,10.26567593031648,22.96885390269637,43.53721801864078,97.22128341732237,10.285813608399922
-8.505119691462,0.023818733376185834,0.14525895075230671,0.42099457086868364,0.2757356201163769,3.6256275181e-14,0.629874204779,49.27124251523184,12.360462327660883,0.20055363321798933,0.20055752457511428,61.631704842892724,61.709999777992834,-0.12687560424856636,1.5867606684157667,0.200553633209806,0.04835988723464315,0.21990881572743542,0.200558731174262,0.048360473417209046,0.2199101485089059,0.1453448540613301,0.42138874980371055,0.2760438957423804,0.2000000000000001,0.19999614716032843,49.30560133139163,12.326103511501099,-5.980539805605645e-05,-4.1433634301313305e-09,0.5492027537550168,0.5492060822584665,0.27623506187520896,97.39887023357224,10.267059541880721,23.0720898813804,43.34241090171109,97.20814370417693,10.287203951175039
-8.154484449218,0.02386743271538639,0.14552060444135312,0.4199515602305912,0.2744309557892381,3.66857229467e-14,0.629261472651,49.08714030153367,12.314277405977041,0.20055363321799557,0.20055752524083834,61.40141770751071,61.47942009324462,-0.12687560425196365,1.5867606684199427,0.20055363320925748,0.048251094708187406,0.2196613181882222,0.20055872969237157,0.04825167320430928,0.21966263497533958,0.1456055682176448,0.4203458931757086,0.2747403249580638,0.2,0.19999614623265435,49.121370792787104,12.280046914723604,-5.980513487768846e-05,-4.4168557700174915e-09,0.5485846506124309,0.5485879391714029,0.27493058834104145,97.37474653583814,10.26960311143872,23.17396683774071,43.151869811577434,97.18402294461211,10.289757201859485
-7.80428557717,0.02391607144761528,0.14578061660224526,0.4189150867276418,0.2731344701253966,3.71178692404e-14,0.628641854345,48.91091816166778,12.270069324138522,0.20055363321791955,0.20055752675394042,61.1809874858063,61.25870984408169,-0.12687560425810318,1.58676066842121,0.20055363320902989,0.048142206938401766,0.21941332443222714,0.20055872694294466,0.04814277758920313,0.21941462482980284,0.14586465040862626,0.4193095644106501,0.27344491400202386,0.20000000000000018,0.19999614445661776,48.94502587459646,12.235961611209841,-5.980505500824407e-05,-4.530342767594675e-09,0.5479653082124638,0.5479685558400099,0.27363428028600134,97.33983193577303,10.273286691719603,23.275642855764147,42.963367594049195,97.14918700900729,10.293446922075466
-7.454435394508,0.023964661750762777,0.14603903668097418,0.41788495911844326,0.2718459224374691,3.75528751551e-14,0.62801555088,48.74251705964268,12.227823272061007,0.20055363321799793,0.20055752751595293,60.97034033170369,61.04779509060268,-0.1268756042442587,1.5867606684253297,0.20055363320859743,0.0480331971512248,0.21916477169295434,0.20055872410130662,0.04803376001978077,0.21916605581106935,0.14612214877015156,0.4182795709623858,0.27215742219223427,0.2000000000000002,0.19999614342901298,48.77650740180854,12.193832929895144,-5.980479538258976e-05,-4.745970283437373e-09,0.5473445698013618,0.5473477767723993,0.2723458968613848,97.29429575716077,10.278094848396094,23.378884198448333,42.77364101347362,97.10376969225668,10.298261366878148
-7.104848328687,0.02401321550990458,0.1462959099772211,0.41686099390124026,0.2705650839240191,3.79909050838e-14,0.62738275587,48.581886061695855,12.187526472195442,0.2005536332180012,0.20055752832282414,60.769412533891305,60.84661204058328,-0.126875604249721,1.5867606684239592,0.2005536332087379,0.04792402938374737,0.21891557592767896,0.2005587205801163,0.047924584432060754,0.218916843646305,0.14637810902294135,0.4172557299519278,0.27087762092898643,0.19999999999999998,0.19999614235598592,48.61576445387354,12.15364808001776,-5.9804881746838845e-05,-4.675926312813772e-09,0.546722225489877,0.546725391504646,0.27106520930917327,97.23829023705133,10.284014636231886,23.482959863435138,42.5840697175947,97.04792597872,10.304187234452316
-6.755438770527,0.024061744615204585,0.14655128228335867,0.41584300752216946,0.2692917252388108,3.84321288757e-14,0.626743654037,48.42898120302438,12.149167895289587,0.20055363321801667,0.20055752917633812,60.578149098313965,60.655105630086915,-0.12687560424391453,1.5867606684225055,0.20055363320895053,0.04781468419995235,0.2186656904956796,0.20055871617555016,0.04781523133890836,0.21866694157761563,0.14663257705357424,0.4162378578304602,0.26960528077688595,0.19999999999999982,0.19999614123486048,48.46275303550113,12.115396062812835,-5.980497336244284e-05,-4.569911116192316e-09,0.5460981587969465,0.5461012832630584,0.26979198803508364,97.17190458179336,10.291040443261677,23.586101258383007,42.397850710684054,96.98176718119298,10.311216521056787
-6.406123023396,0.024110260691195002,0.1468051969768955,0.41483082697322404,0.2680256299963285,3.88767198608e-14,0.626098423894,48.283766295243666,12.11273846291617,0.20055363321798328,0.20055752972486432,60.396504758159836,60.473230534805516,-0.12687560424197164,1.586760668424896,0.20055363320867037,0.04770514248363407,0.2184150692686612,0.20055871086819793,0.04770568159805835,0.21841630341633922,0.14688559621760808,0.4152257811729215,0.2683401849553134,0.2000000000000001,0.19999614041784128,48.31743691180009,12.079067846359754,-5.9804822716280626e-05,-4.709599377150653e-09,0.5454722545212461,0.5454753366955515,0.2685260161083713,97.09519247987629,10.299171096522183,23.687844484218946,42.21574490098536,96.90530809689284,10.319352155612865
-6.056819932749,0.024158775009340418,0.14705769548866535,0.41382428717243425,0.2667665916837689,3.93248541887e-14,0.625447240375,48.14621297448505,12.078231059564255,0.2005536332180259,0.2005575310516797,60.22444403404931,60.300951230283005,-0.1268756042363539,1.5867606684248874,0.20055363320867722,0.04759539017019719,0.21816367747679077,0.20055870467203382,0.047595921200359805,0.21816489451870988,0.14713720763799784,0.41421933549139994,0.26708212785340213,0.20000000000000015,0.19999613882480588,48.17978776436883,12.044656269680479,-5.980482326028991e-05,-4.706179890234807e-09,0.5448444258282038,0.5448474652823941,0.26726708777577984,97.0083965547957,10.30838603166835,23.788043654677285,42.03792520800157,96.81883010798076,10.328569338058653
-5.707454946011,0.024207297924165136,0.14730881446025923,0.4128232429703894,0.2655144285101302,3.97767050261e-14,0.624790284221,48.016301905936764,12.045640834792463,0.20055363321812883,0.2005575316016563,60.06194274072923,60.1382435005539,-0.12687560424667899,1.5867606684285742,0.20055363320817393,0.047485412048202356,0.21791147755040888,0.20055869776980112,0.04748593490100145,0.21791267723792815,0.1473874479605475,0.41321837419868596,0.2658309262381384,0.19999999999999996,0.19999613800735358,48.04978615136457,12.01215658936465,-5.9804590912815314e-05,-4.957134702721078e-09,0.5442145788909286,0.5442175750040453,0.2660150196774029,96.91176741104039,10.31866435536783,23.887129382655328,41.86354852358733,96.72260815484756,10.338844444714054
-5.358162611425,0.024255810748413195,0.14755844114974395,0.41182814380889826,0.2642697026591543,4.02321777713e-14,0.624128131697,47.89409070209289,12.014982241572536,0.20055363321797082,0.20055753155447803,59.90907294366542,59.98517950261551,-0.1268756042428265,1.5867606684282367,0.20055363320820827,0.04737525760098929,0.21765858035232447,0.20055869016747044,0.0473757722226826,0.2176597625255587,0.14763620481371162,0.4122233467861984,0.2645871419724868,0.2000000000000003,0.1999961377857663,47.92748973660659,11.981583207058835,-5.9804612184688466e-05,-4.940015063681358e-09,0.5435829905794485,0.5435859429521924,0.2647703740653067,96.80534005586873,10.33000864851955,23.985378385308824,41.692066889072116,96.61660734227465,10.35018748337326
-5.008945523424,0.02430431312174667,0.14780655879757357,0.41083905774445345,0.26303249894687986,4.06913493183e-14,0.623461108249,47.77958286076986,11.986256157419962,0.20055363321799813,0.2005575311877701,59.76583901818983,59.84176361736559,-0.1268756042372532,1.5867606684274653,0.20055363320834937,0.047264933487459,0.2174049987637336,0.20055868211577985,0.04726543985753245,0.21740616333842158,0.14788346119490783,0.4112343212621163,0.2633508600672084,0.19999999999999982,0.19999613788539852,47.812902037071396,11.952936981118423,-5.9804660790252484e-05,-4.869660230610862e-09,0.5429496930634076,0.5429526014853439,0.2635332360091242,96.6891115630755,10.342426192918799,24.082206065764826,41.52443498195941,96.50086139006125,10.362601800598966
-4.659715183886,0.02435281733557139,0.14805321467032712,0.40985579300590325,0.26180257833557613,4.11544208052e-14,0.622789362053,47.67275431246839,11.959456544108006,0.20055363321799574,0.20055753057219658,59.6322108565764,59.707965698836766,-0.12687560424092803,1.5867606684319566,0.20055363320776545,0.04715442412951551,0.2171506945176909,0.2005586729413661,0.04715492212415502,0.21715184117146008,0.1481292650380028,0.41025110588682034,0.2621218408488175,0.20000000000000012,0.19999613823410134,47.705998970899465,11.926211885676931,-5.9804377749994586e-05,-5.160805116588563e-09,0.5423145907745055,0.5423174544405372,0.2623033656693907,96.56334012363371,10.355896955507774,24.176789300813777,41.36198514855488,96.37563365494586,10.376066668264976
-4.310493603413,0.024401320332859307,0.14829837945681307,0.40887846768607106,0.260580088229258,4.16214515779e-14,0.622113247846,47.57361846220262,11.934586764496297,0.2005536332179908,0.20055752967957097,59.50820522669891,59.583802536197,-0.12687560424187172,1.5867606684326863,0.2005536332076865,0.04704374957858708,0.21689571129597532,0.2005586628954559,0.047044239117140646,0.21689683980441174,0.14837358686073257,0.4092738185955052,0.2609002317347726,0.2,0.19999613886079556,47.60679395082332,11.901411275875596,-5.9804331764556906e-05,-5.200184727272017e-09,0.541677792804109,0.5416806111537824,0.26108091056565447,96.428379628281,10.370390997493388,24.26881162743891,41.20514903454834,96.2412404252478,10.390556019243299
-3.961673671393,0.024449767545639864,0.1485417671785808,0.40790822331855586,0.25936645613997505,4.20919998711e-14,0.621433839989,47.4822793331368,11.911672914424717,0.20055363321799763,0.20055752852296108,59.39395224756152,59.469404413747185,-0.1268756042362873,1.5867606684320115,0.20055363320776687,0.046933049284541825,0.2166403685478351,0.20055865229232936,0.04693353035782612,0.2166414788488717,0.1486161413336834,0.4083036007040991,0.2596874593704157,0.20000000000000007,0.19999613975251623,47.51539107340393,11.87856117415759,-5.980437428609875e-05,-5.160105676083049e-09,0.5410400969483695,0.5410428698266774,0.25986729833123895,96.28443239438597,10.385894948250291,24.35899153059404,41.05260263931842,96.09790804251148,10.406053787951588
-3.613206362613,0.024498165782970416,0.14878340416908378,0.4069449524689861,0.25816154829990234,4.25662130755e-14,0.62075136086,47.398704739822165,11.890706919666945,0.20055363321797898,0.2005575273612857,59.28941165948911,59.36473102067548,-0.12687560423736421,1.5867606684336648,0.20055363320754724,0.04682231454688024,0.2163846448962593,0.20055864063780857,0.046822787054240506,0.21638573671626443,0.148856955278305,0.4073403449245202,0.2584833896462152,0.2000000000000002,0.19999614065146276,47.43175814609545,11.857653513393661,-5.980427009166789e-05,-5.269618075232074e-09,0.5404014498200989,0.5404041765436706,0.2586623947637389,96.13155246284067,10.402411844815953,24.448070998718006,40.90302257599127,95.94571797944297,10.42255997515446
-3.264991132616,0.024546529009358893,0.14902335165934058,0.4059884111937119,0.2569650595343713,4.30443145519e-14,0.620065925821,47.322855683525425,11.871678996785956,0.20055363321801026,0.20055752579484676,59.19453468031137,59.269733512833895,-0.12687560423438882,1.5867606684333666,0.20055363320760716,0.04671152118625692,0.21612848305176466,0.20055862795904092,0.046711985015034145,0.21612955608855108,0.14909608978776778,0.4063838068869728,0.257287717099205,0.1999999999999999,0.19999614195728604,47.355856119292326,11.838678561019046,-5.9804288887743695e-05,-5.239741973639411e-09,0.5397617083438964,0.5397643881580461,0.2574658941886489,95.96993249951325,10.419930221427132,24.535627850440775,40.75705769974969,95.78485607978556,10.440063710771081
-2.916928392336,0.02459487105662,0.14926167067175897,0.40503835746722444,0.2557766867954655,4.3526533922e-14,0.619377640666,47.25470172055887,11.85458150849761,0.20055363321797526,0.20055752341453964,59.10928322905647,59.18437376088226,-0.12687560424169408,1.5867606684321294,0.20055363320775946,0.04660064800091081,0.2158718323471379,0.2005586145010459,0.046601103069107405,0.21587288636859286,0.14933360548379931,0.4054337441036005,0.2561001386198012,0.20000000000000026,0.19999614407777674,47.287654504043985,11.821628725012493,-5.9804366858706715e-05,-5.163802718755051e-09,0.5391207459828926,0.5391233783079394,0.25627749328647526,95.79988425709031,10.438425972586582,24.621187201584856,40.615425723079284,95.61558571752703,10.45854598385515
-2.568919978128,0.024643205558593333,0.1494984196897925,0.40409455799286265,0.25459613830307015,4.40131071023e-14,0.618686605156,47.1942209364571,11.839408957224947,0.2005536332180047,0.200557521072146,59.033629893682054,59.108624317941896,-0.12687560423746413,1.5867606684356246,0.20055363320730193,0.046489675596504826,0.21561464606214678,0.20055860022974697,0.04649012184599291,0.2156156808907759,0.14956956054696893,0.40448992384863713,0.25492036330166823,0.19999999999999996,0.1999961461634745,47.227131420904755,11.806498472777292,-5.980414659045863e-05,-5.391931345855028e-09,0.5384784460574534,0.5384810304501207,0.2550969009494237,95.62134388273213,10.45791618685445,24.704579639107813,40.478324853460826,95.43783504573558,10.478024774145196
-2.220867170647,0.024691546226299026,0.1497336560692004,0.40315678470254035,0.25342312863333993,4.45042788522e-14,0.61799291642,47.14139951654809,11.826157877324365,0.20055363321786948,0.20055751843180458,58.96755739387245,59.04246788174922,-0.12687560422913746,1.5867606684340343,0.20055363320742234,0.04637858431614678,0.21535687664002462,0.20055858525805595,0.046379021707420635,0.21535789214101403,0.14980401204335816,0.40355211786368406,0.2537481058203259,0.1999999999999999,0.19999614854880812,47.17427302576717,11.793284368105283,-5.980424681029106e-05,-5.331890484683299e-09,0.537834689798774,0.5378372259223761,0.25392383165542104,95.43445509763754,10.478395868420009,24.78549468910922,40.34617878494075,95.25179281697737,10.498490059094859
-1.872670913262,0.0247399068176025,0.14996743692962491,0.40222480957630624,0.25225737264668135,4.50003030738e-14,0.617296658901,47.096231842924816,11.81482685948608,0.2005536332179779,0.20055751546014744,58.911058702410905,58.98589741617202,-0.12687560423655375,1.5867606684362316,0.2005536332072191,0.0462673570292643,0.21509848216401783,0.20055856951993825,0.046267785512554185,0.21509947817824707,0.1500370170548439,0.402620097816722,0.2525830807618781,0.2000000000000001,0.1999961512684831,47.12907369477704,11.781985007633859,-5.98041083321732e-05,-5.4332316423710836e-09,0.5371893725234815,0.5371918599806293,0.2527579997929159,95.23948106347112,10.49984721497551,24.86357309917677,40.21948076453701,95.0577264921155,10.519923386584932
-1.524237435846,0.0247883003561325,0.15019981472166358,0.40129842304391233,0.25109860832224873,4.55014351409e-14,0.616597919028,47.05872108860416,11.805416699684885,0.2005536332179754,0.20055751228974059,58.86413778828905,58.93891689523078,-0.1268756042372865,1.5867606684380957,0.20055363320698577,0.04615597866139369,0.21483942529571637,0.20055855291666763,0.046156398190795145,0.21484040167248605,0.15026862799547844,0.40169365405301954,0.25142502605754113,0.19999999999999984,0.19999615418964606,47.091536610941816,11.772601177347228,-5.9803990848372734e-05,-5.549571913121554e-09,0.5365424009822103,0.5365448393965454,0.2515991431116367,95.03656641049609,10.522265668570675,24.939208361361022,40.09750371825461,94.85574007934746,10.542324577969593
-1.175471457741,0.02483674007531375,0.15043084234936435,0.40037741509812297,0.24994657274875862,4.60079418392e-14,0.615896775821,47.028878143861895,11.797930129927048,0.20055363321799954,0.20055750872734007,58.82680827378894,58.90153995851446,-0.12687560423404465,1.5867606684374234,0.20055363320709557,0.04604442959443529,0.21457965792319478,0.200558535624515,0.04604484012937187,0.2145806145237073,0.150498897312282,0.4007725767863512,0.2502736794740692,0.2,0.1999961575053381,47.06167266072792,11.76513561306102,-5.9804033225585584e-05,-5.494826815777287e-09,0.5358936550196957,0.5358960440445834,0.2504469991967356,94.82533477356753,10.545704925670867,25.01294008945889,39.9793065678603,94.64547328476644,10.565745674821978
-0.8262764532051,0.02488523938149929,0.15066056947513523,0.3994615864286409,0.24880101695350565,4.65201014173e-14,0.615193302226,47.00672181640536,11.792371868418591,0.20055363321802702,0.20055750495068822,58.79909368482395,58.87379016182744,-0.12687560423437771,1.5867606684368167,0.20055363320715186,0.04593268894087984,0.21431912873301776,0.20055851737350033,0.04593309042461917,0.21432006538030723,0.1507278748897249,0.3998566664768632,0.2491287915871383,0.19999999999999982,0.19999616103794088,47.039500675348926,11.759593009475022,-5.980407145056432e-05,-5.466760377714763e-09,0.5352430064851861,0.5352453456786698,0.24930131845115705,94.6055545110343,10.570203886742878,25.084630822710647,39.86504752920816,94.42672062629478,10.590222697213234
-0.4765557116694,0.024933811706712584,0.15088904627589428,0.398550738472003,0.24766169219610873,4.70382027882e-14,0.614487563035,46.99227902411787,11.788748667926052,0.20055363321797914,0.20055750067248773,58.78102769204393,58.855701218593346,-0.12687560423768618,1.5867606684404525,0.2005536332066861,0.04582073779934994,0.2140577907933975,0.20055849845473597,0.045821130194950536,0.21405870735606747,0.15095561047087672,0.39894572414992496,0.24799011367904825,0.20000000000000023,0.19999616507394868,47.02504757452956,11.755980117514365,-5.98038423227365e-05,-5.6989968300058536e-09,0.5345903381707061,0.5345926272046347,0.24816185198495874,94.37756202056588,10.5957388450243,25.154194299395623,39.75480144971397,94.1998001864961,10.615733770349905
-0.1262134337938,0.02498247035641753,0.1511163210522961,0.3976446781802039,0.24652835712790777,4.75625441691e-14,0.613779615607,46.98558485076444,11.787069329766496,0.2005536332179309,0.20055749593482208,58.772654180530935,58.8473170696402,-0.1268756042368202,1.586760668441158,0.20055363320659017,0.04570855626952849,0.2137955945980377,0.20055847876554572,0.04570893953355581,0.21379649092900427,0.15118215233516916,0.39803955669227803,0.24685740435710887,0.20000000000000018,0.1999961695713592,47.018348468882614,11.754305711648318,-5.9803797869406594e-05,-5.746825237906705e-09,0.5339355264386737,0.5339377649457183,0.247028358238281,94.14222576522006,10.622226018894917,25.221715128765716,39.648374224141726,93.96557833660789,10.642194915437578
0.2248418130985,0.025031228029597015,0.15134244171828523,0.3967432144260562,0.24540077270777097,4.80934283955e-14,0.613069485327,46.98668242516233,11.787344673477863,0.20055363321787043,0.20055749076082904,58.77402709864019,58.848691731833,-0.12687560419023525,1.5867606684461908,0.20055363320597325,0.0455961263994198,0.21353249494964413,0.2005584582793014,0.04559650049110848,0.2135333709074731,0.1514075482885852,0.39713797287552693,0.24573042458694175,0.20000000000000018,0.1999961745068962,47.0194465185475,11.754580580092687,-5.980348068979069e-05,-6.0544347313395974e-09,0.5332784584128569,0.5332806460397983,0.24590059801120914,93.89897163078457,10.649743896366083,25.287065598940714,39.545909195643894,93.72347753287978,10.669685187995539
0.5765076488133,0.025080070506779628,0.15156732465602107,0.39584668069076184,0.24427935603474077,4.86308715074e-14,0.612357727293,46.99561554135546,11.789585685496851,0.2005536332180066,0.20055748513663751,58.785201226852315,58.85988005532569,-0.12687560423700894,1.5867606684450821,0.2005536332061279,0.04548349279745862,0.21326859308735222,0.2005584370289434,0.04548385768556602,0.21326944855174645,0.15163171497264347,0.3962413061400651,0.24460959116742162,0.20000000000000012,0.1999961798945563,47.02838554714907,11.756815679703248,-5.980355055612563e-05,-5.97732974227938e-09,0.5326193869290132,0.5326215233754198,0.24477898839125983,93.64781841561458,10.678305345693593,25.350203822435255,39.44741458508461,93.47352421809983,10.698216509593891
0.9288036375985,0.02512900050522201,0.1517909722396264,0.39495506687364035,0.24316409463401395,4.91750784299e-14,0.61164495025,47.01242563560003,11.793802760730976,0.20055363321798758,0.200557479088955,58.806228396331015,58.88093393704391,-0.1268756042368091,1.5867606684495639,0.20055363320553798,0.045370660931583734,0.21300389886474785,0.20055841488664022,0.0453710165771146,0.21300473369649464,0.15185465493723724,0.39534954627874325,0.243494891341506,0.20000000000000023,0.19999618570731031,47.04520702123189,11.761021375099123,-5.9803268115388164e-05,-6.271472230423569e-09,0.5319583365955989,0.5319604215137993,0.243663516612556,93.38958123223567,10.707832574099024,25.41109534206496,39.35288843470759,93.21652857478404,10.727711225565951
1.281828578946,0.025178031747075835,0.15201343373732223,0.39406817713616776,0.24205474339884553,4.97263859636e-14,0.610930705908,47.03716190786767,11.800008241775428,0.20055363321798042,0.20055747256745426,58.83717014964309,58.911914997764825,-0.1268756042382413,1.586760668453765,0.20055363320502959,0.04525761121448872,0.2127383632880744,0.20055839196360645,0.045257957600301185,0.21273917739876025,0.15207641717756765,0.3944624973148779,0.24238608013731028,0.19999999999999998,0.19999619199549676,47.06996017192336,11.76720997771973,-5.980300334940125e-05,-6.524969453636231e-09,0.5312951850550544,0.5312972182242437,0.24255393753356497,93.12388182650211,10.738383971826764,25.469578803218834,39.262526001161056,92.95210387879358,10.758228789570664
1.635685206155,0.025227178500854857,0.15223476043392964,0.39318580684525495,0.2409510464113253,5.02851503334e-14,0.610215051367,47.06988239428627,11.80821668790269,0.20055363321800515,0.20055746565156693,58.87809908218895,58.95289592510628,-0.12687560423215727,1.5867606684546616,0.2005536332049167,0.045144323959041645,0.2124719368741238,0.20055836821940115,0.04514466106901937,0.21247273017735563,0.15229705286911147,0.39357995454813494,0.24128290167902347,0.19999999999999984,0.19999619867960727,47.10270308026989,11.775396001919065,-5.980294685015153e-05,-6.581257760984727e-09,0.5306298087274581,0.5306317899318775,0.2414499951012764,92.85097514519221,10.769946125350733,25.525374678003868,39.17670210975339,92.68051233762216,10.78975476912708
1.990481013464,0.025276455696314443,0.1524550050355466,0.39230774542234076,0.23985274038679416,5.08517494968e-14,0.60949815362,47.11065454704055,11.818445020545468,0.2005536332180139,0.2005574583328502,58.92909956758602,59.003961199877565,-0.1268756042292596,1.5867606684586624,0.20055363320440414,0.04503077942920132,0.21220456976512386,0.20055834355741428,0.045031107228207,0.21220534212928524,0.1525166146816927,0.39270170729525405,0.24018509261356136,0.20000000000000023,0.19999620576734498,47.143503244782735,11.785596322803293,-5.9802694707400406e-05,-6.836831101253438e-09,0.5299620830974485,0.5299640120083974,0.2403514257802286,92.57077208719653,10.802545743683066,25.57868980927777,39.095043860975444,92.40166493529317,10.822315817580536
2.346321877282,0.02532587803851139,0.15267421747768403,0.39143379492721453,0.2387595774495305,5.14265739163e-14,0.60877988705,47.15955486138867,11.830712429734202,0.20055363321797567,0.20055745040513998,58.99026729112287,59.06520662892456,-0.12687560423260136,1.586760668462748,0.2005536332038748,0.04491695529896032,0.21193620572936642,0.20055831820077627,0.04491727377962348,0.2119369570877705,0.15273515218851635,0.3918275572653122,0.23909240507679586,0.1999999999999999,0.19999621346451876,47.19243720163844,11.797830089484428,-5.9802437224476535e-05,-7.1007755231278225e-09,0.5292918677313239,0.5292937441822578,0.23925798153464245,92.28327513469497,10.836199718100797,25.62958643099538,39.017406804139476,92.11556699601292,10.855928401800789
2.70331750213,0.02537546076418472,0.15289244859637058,0.390563752098855,0.23767130350248444,5.20100362597e-14,0.608060316349,47.21666967130204,11.845040573703457,0.20055363321798023,0.20055744185871766,59.0617102450055,59.13674034163991,-0.126875604236798,1.5867606684649465,0.20055363320359942,0.044802830820623724,0.21166679196469088,0.20055829202544698,0.04480313997158048,0.21166752224084942,0.1529527162429044,0.390957301046381,0.23800458480347658,0.19999999999999984,0.19999622178097032,47.24959134408197,11.812118900923528,-5.980229867974529e-05,-7.2380768045832156e-09,0.5286190307603735,0.5286208545602701,0.2381694079231836,91.98840697809112,10.870935075962018,25.677858847752837,38.94405705433316,91.82213272509651,10.89062048900421
3.061577866706,0.02542521914815361,0.15310974747137374,0.3896974236675313,0.23658767619615756,5.26025671594e-14,0.607339475617,47.28209494249676,11.861453526951122,0.20055363321797406,0.200557432929668,59.14354846944788,59.218682530729986,-0.12687560423708666,1.5867606642472025,0.20055363373667875,0.04468838449122076,0.2113962735982372,0.2005582655071113,0.04468868428988132,0.21139698268868767,0.15316935581137708,0.390090745437886,0.23692138962650894,0.20000000000000012,0.19999623048029538,47.31506171832966,11.82848675111822,-6.006810696623788e-05,2.585657910003647e-07,0.5279434351444988,0.5279452060349693,0.23708546261105168,91.68607567333143,10.906781565860696,25.723868126166174,38.87440236807954,91.52128728678893,10.926419739556588
3.421217951234,0.02547516915989361,0.15332616340160735,0.3888346077383288,0.23550844433672144,5.32046227171e-14,0.606617352198,47.355937382949136,11.879978058845955,0.2005536332179953,0.20055742328106974,59.235915441795086,59.31116684310576,-0.12687560423442212,1.586760664248655,0.20055363373651683,0.0445735910239581,0.2111245864980157,0.20055823756685498,0.044573881467953956,0.21112527434666356,0.153385120185681,0.3892276879398592,0.23584256775417817,0.1999999999999998,0.19999623989947182,47.388955086433015,11.846960355362077,-6.006801543945173e-05,2.5848505558201396e-07,0.527264920719746,0.5272666385606994,0.23600589363216096,91.3763576787735,10.943749842989172,25.767527092819765,38.80853589084435,91.2131048243087,10.96333692319939
3.782348690226,0.025525326206975833,0.15354174298676265,0.3879751208731507,0.23443337788638807,5.38166726032e-14,0.605894012392,47.43831290585198,11.90064324801425,0.2005536332178783,0.20055741317162915,59.33895615386623,59.41433845473,-0.12687560414598176,1.5867606642516738,0.20055363373624685,0.044458429781982466,0.21085167720931808,0.20055820866941745,0.044458710853517394,0.21085234372308362,0.15360005586738218,0.38836794521169826,0.23476788934431608,0.19999999999999982,0.1999962497790934,47.47138745728693,11.867568696579301,-6.0067825180532e-05,2.583504521425084e-07,0.5265833539877246,0.5265850185467025,0.23493047098517275,91.0591980868548,10.981866972364198,25.8083531097087,38.747144994068435,90.89749986623373,11.001402695031398
4.145084520349,0.025575706183381806,0.15375653252707921,0.38711877829497987,0.23336224576790066,5.44392126346e-14,0.605169467038,47.52934821393449,11.923480879846784,0.20055363321800226,0.20055740270680222,59.45282909378127,59.528356055220364,-0.1268756042398289,1.5867606642493313,0.20055363373642537,0.04434288041759203,0.21057749266622022,0.20055817877174428,0.04434315207821291,0.2105781377024047,0.15381420905490786,0.38751133246249536,0.2336971234075875,0.20000000000000012,0.19999626001394918,47.56248562777651,11.890343466004762,-6.006797281798981e-05,2.5843946982462285e-07,0.5258986024209977,0.5259002133416227,0.233858963520787,90.73451349076771,11.021164510919547,25.84636438328964,38.690161028857375,90.57444658978689,11.04064156780351
4.509544595697,0.02562632563829125,0.15397057919536558,0.3862653921457292,0.2322948129503636,5.5072768159e-14,0.604443713484,47.629181617275556,11.948525651562932,0.20055363321798197,0.20055739079766693,59.57770726883848,59.6533928714908,-0.12687560423489952,1.5867606642497931,0.20055363373636723,0.04422692003085638,0.21030197343547774,0.20055814791025228,0.044227182241915505,0.2103025968501471,0.15402762699125055,0.38665766071683283,0.23263003372558227,0.20000000000000004,0.1999962716900272,47.662387939230946,11.915319329607529,-6.0067943707942106e-05,2.5841047079921964e-07,0.5252105175903115,0.5252120745131211,0.23279113485700736,90.40218905095574,11.06167904226682,25.88227986488508,38.63647272266446,90.24378785608802,11.081095150778715
4.875849409958,0.025677201306938614,0.1541839289592735,0.38541478026171344,0.23123085130243995,5.5717891171e-14,0.60371673876,47.73796261009575,11.975815066141122,0.20055363321799857,0.2005573783211168,59.713777676236866,59.78963613836018,-0.1268756042397956,1.5867606642527505,0.20055363373600413,0.044110520484855545,0.21002504727973648,0.20055811630006898,0.04411077325614165,0.21002564904349574,0.15424035509270986,0.3858067483091816,0.23156639321647174,0.20000000000000015,0.19999628393228597,47.7712440414308,11.94253363480607,-6.006775732370073e-05,2.5822941562836377e-07,0.5245189190892836,0.5245204219408666,0.2317267577547463,90.06203610653566,11.10345760801017,25.916489541644022,38.585472712002364,89.90533332335411,11.122810661336334
5.244122644351,0.025728350367270968,0.15439662684465746,0.38456676247641997,0.2301701356317625,5.63751636765e-14,0.602988546142,47.855852722664004,12.005389645974137,0.200553633218008,0.2005573643675059,59.86124236863815,59.937288165161696,-0.1268756042382191,1.5867606642525316,0.20055363373604332,0.04399365453991592,0.20974664369165938,0.200558083803889,0.04399389783066948,0.20974722365425838,0.15445243863225233,0.3849584141512071,0.23050597551895474,0.19999999999999993,0.19999629764802265,47.889215522299565,11.972026846338577,-6.006777112377293e-05,2.5824895555359717e-07,0.5238236308320965,0.5238250792372161,0.23066560569594277,89.7140327748726,11.146528241678633,25.94919733134202,38.536837468655634,89.55906553726304,11.165815476088547
5.614491237212,0.025779790449612778,0.15460871785809036,0.38372115663446754,0.2291124387763772,5.7045201252e-14,0.602259137437,47.98302600610731,12.037293054511084,0.20055363321800815,0.20055735032893252,60.0203190606184,60.096566943056416,-0.12687560424251565,1.586760664252961,0.20055363373597285,0.04387629082800788,0.2094666819043255,0.20055804987013112,0.04387652458540282,0.2094672398858657,0.15466392286194466,0.3841124772320865,0.22944855437014186,0.1999999999999999,0.1999963114468744,48.01647663663019,12.003842423988209,-6.006774405653559e-05,2.5821382809709803e-07,0.5231244511105317,0.5231258446199075,0.2296074522610156,89.3581552784729,11.190920368528557,25.97989123358381,38.491308181741545,89.20493354967475,11.210142311726951
5.987085433988,0.025831539643609448,0.1548202465473575,0.38287778351171353,0.22805753696435604,5.77286537581e-14,0.601528500533,48.11966952910931,12.071572220859919,0.2005536332180103,0.20055733594460085,60.19124174996923,60.26770676709228,-0.12687560424117228,1.5867606642558487,0.2005536337356135,0.04375840532937494,0.20918509824883544,0.2005580141683097,0.04375862940868675,0.20918563384871044,0.15487485264719636,0.3832687580892828,0.22839390544208643,0.20000000000000026,0.19999632558741923,48.15321456743133,12.038027182537906,-6.006756206877739e-05,2.5803463810092353e-07,0.5224212209171627,0.5224225585303158,0.22855207296666633,88.99423578434505,11.236682816438204,26.00791769686567,38.44982945791598,88.84280610757081,11.255835377252724
6.362041990056,0.025883616943063337,0.15503125907627088,0.3820364586064438,0.22700519953017292,5.84262146106e-14,0.600796613086,48.26598515893888,12.10827778658295,0.20055363321799463,0.20055732136635954,60.37426294552183,60.45096046688455,-0.12687560424244904,1.5867606642565573,0.200553633735517,0.043639970288891196,0.2089018197357103,0.20055797660142297,0.043640184533092444,0.2089023325219047,0.1550852741221106,0.38242707218914346,0.22734179806703286,0.20000000000000012,0.1999963399153097,48.299631331332954,12.07463161418887,-6.006751741560734e-05,2.579865210350363e-07,0.5217137579672427,0.5217150386052528,0.2274992369853972,88.62219051624267,11.283855591638982,26.03324995803453,38.412414954413876,88.47257358424507,11.30293784262739
6.739495415743,0.02593604102996431,0.1552417983758495,0.38119701214120116,0.22595521376535166,5.91386066131e-14,0.600063457824,48.422186717806895,12.147463392329096,0.20055363321797176,0.20055730668562521,60.569650110135996,60.64659584506619,-0.1268756042412833,1.5867606642620333,0.2005536337348274,0.04352096146287337,0.20861678135488854,0.20055793744103445,0.04352116578726606,0.20861727106657793,0.15529522982372287,0.3815872493792476,0.22629201955552472,0.2,0.19999635434063226,48.455940904421126,12.113709205714875,-6.0067172313882367e-05,2.5764268496430986e-07,0.5210018999039115,0.5210031229153929,0.22644873148045988,88.24177883675026,11.33250046840089,26.05544096965657,38.37969970128587,88.0939870527281,11.351512554443204
7.119585599047,0.025988831333200974,0.15545190726971853,0.3803592748283441,0.22490736755862556,5.98665988683e-14,0.599412244748,48.58850326706591,12.189186501734588,0.20055363321808523,0.20055729187875643,60.77768976880049,60.85489979062311,-0.12687560424594624,1.5867606642687961,0.20055363373397309,0.04340135515893025,0.20832991902012118,0.20055789697111606,0.04340154946478463,0.2083303853612925,0.1555047621425967,0.38074912009948025,0.22524435795688355,0.1999999999999999,0.19999636888665293,48.62237250572092,12.155317263079576,-6.006674611036544e-05,2.572166923897612e-07,0.5202854866774491,0.5202866513231353,0.22540034435439565,87.85267727658346,11.382692377737511,26.074572513553147,38.351539588241224,87.706827934141,11.401620872104727
7.502459040359,0.02604200820004986,0.1556616288365746,0.37952307372271993,0.22386144488614532,6.06110111108e-14,0.598779974761,48.76518046233672,12.23350874133091,0.2005536332179963,0.20055727607813084,60.998689203667645,61.07617997606141,-0.12687560424397004,1.5867606642721812,0.2005536337335556,0.0432811236881144,0.20804115863961728,0.20055785494592182,0.04328130794358423,0.20804160147332126,0.1557139147836596,0.3799125095331413,0.22419859474948173,0.19999999999999976,0.19999638442257017,48.799171908418046,12.199517295249594,-6.006653278101126e-05,2.57008525572644e-07,0.519564333250182,0.5195654391880545,0.22435385693424617,87.45477364592692,11.43448159901073,26.09107610989579,38.327280783206994,87.31107192022023,11.453301145056857
7.888267264989,0.026095592675692912,0.15587100659360373,0.3786882342889635,0.22281722769535975,6.13727160309e-14,0.59814130159,48.95248069854908,12.280495937014289,0.20055363321798608,0.2005572587883631,61.232976635563375,61.31076503917094,-0.12687560423991773,1.5867606642736976,0.20055363373337046,0.043160236882755436,0.20775041969333163,0.2005578111514676,0.04316041098599026,0.207750838713085,0.15592273175505048,0.37907724164665496,0.22315450989160449,0.19999999999999984,0.19999640144130215,48.98660165891136,12.246374976652007,-6.00664372130133e-05,2.5691622163037664e-07,0.5188382385304423,0.5188392849950862,0.22330904902591317,87.04798053812922,11.48791728214734,26.10479209471773,38.30714285605625,86.90690204407635,11.506565951376711
8.277168359338,0.02614960671657472,0.15608008517075586,0.37785458016300794,0.22177449499225207,6.21526446416e-14,0.59749619306,49.150684673208076,12.33021850614317,0.2005536332180031,0.20055724014586807,61.480903179351245,61.559006540867806,-0.12687560424600175,1.5867606642735612,0.20055363373337506,0.043038666114634964,0.20745762486501904,0.20055776589653931,0.043038830019116674,0.20745801989587356,0.15613125905937839,0.37824313242936636,0.22211187336998797,0.20000000000000012,0.19999641980753322,49.184942656947406,12.295960522403835,-6.006644580613951e-05,2.5691850868980737e-07,0.5181070094277681,0.518107995982266,0.22226569045684383,86.63202837556749,11.54307498913446,26.11558056015457,38.29131800063193,86.4939910610505,11.561496789923417
8.669326649492,0.026204073145762778,0.15628890878585547,0.37702193508933074,0.22073302630347527,6.29517901859e-14,0.596844605905,49.36009217646006,12.382751655763768,0.20055363321799508,0.2005572203491436,61.74284383222383,61.821279954719515,-0.12687560424684552,1.5867606642771115,0.20055363373293442,0.0429163798584408,0.20716268934931503,0.2005577191822202,0.04291653356380606,0.2071630603264155,0.15633954093868632,0.3774100049099296,0.22107046397124328,0.20000000000000004,0.19999643932149358,49.39449491219602,12.348348920027806,-6.006622206289336e-05,2.5669879555323405e-07,0.517370434148287,0.5173713606306685,0.22122355986045442,86.20650713792372,11.600052399757685,26.123353709165176,38.279924206253725,86.0714888150085,11.618249129503004
9.064911256756,0.02625901545232722,0.15649751964500028,0.3761901275094744,0.21969260786447412,6.37712098534e-14,0.596186488542,49.58102221363448,12.438175413356225,0.20055363321796896,0.20055720003750002,62.01919762699071,62.09798482045697,-0.12687560424715638,1.5867606642741934,0.20055363373328117,0.04279334831919932,0.20686553197475727,0.20055767034335065,0.04279349166910922,0.2068658784553635,0.1565476198462379,0.37657768928145535,0.22003006943521744,0.20000000000000015,0.1999964593423457,49.615577690339364,12.40361993665135,-6.006640597133739e-05,2.5687170168708917e-07,0.5166283099734744,0.5166291752780352,0.2201824448295974,85.77131388900911,11.658909659400027,26.127835629756262,38.27335773886789,85.63925318403457,11.676888375603285
9.463721226515,0.02631440572590486,0.15670576582146875,0.3753597665556825,0.21865400073421373,6.46112303414e-14,0.595522407316,49.81359054554156,12.496518819337979,0.2005536332180074,0.2005571786595259,62.31010936487954,62.38926612326107,-0.12687560425080902,1.5867606642734817,0.20055363373336807,0.042669657263402626,0.20656635075297872,0.2005576200863681,0.0426697901987512,0.20656667252669586,0.15675534353742707,0.37574679451713344,0.21899145097970638,0.19999999999999993,0.19999648042319618,49.84830679711919,12.461802567760342,-6.0066450813245353e-05,2.5691502258951004e-07,0.5158811314198133,0.5158819350211109,0.21914310710922777,85.32670604518196,11.719660190216212,26.128833860368918,38.271895536706545,85.19754689220154,11.737427149930461
9.865513884527,0.026370210261739857,0.15691347850887233,0.3745315249401863,0.217618046431314,6.54720958275e-14,0.59485299988,50.057867522301244,12.557799522128935,0.200553633217998,0.20055715747326922,62.61566704443018,62.695211973458946,-0.12687560425258537,1.5867606642748944,0.20055363373319968,0.042545406591871414,0.20626537904328834,0.20055756837447475,0.04254552913640009,0.20626567609856974,0.1569625434207623,0.3749179949829506,0.2179554515621883,0.19999999999999998,0.19999650130582844,50.09275270861349,12.5229143358167,-6.006636178446101e-05,2.568310675243879e-07,0.5151294812814705,0.5151302231506684,0.21810639024058937,84.87271347198019,11.782349816471218,26.126611848711136,38.275150478393606,84.746323111374,11.799921970488272
10.27047003446,0.026426454171452778,0.15712070917166077,0.37370519790637097,0.2165844887347102,6.63549846185e-14,0.594178198343,50.31417274056338,12.622097697559347,0.20055363321805125,0.20055713661000743,62.936270438122726,63.01622265138755,-0.12687560425056477,1.586760664276397,0.20055363373302557,0.04242056093522378,0.2059625231327869,0.2005575152860806,0.04242067319399801,0.20596279565493864,0.15716927031723651,0.37409108739618496,0.21692181707894845,0.20000000000000012,0.19999652186403005,50.3492352514042,12.58703518671852,-6.006626709353924e-05,2.567442480838622e-07,0.514373125518796,0.5143738061186794,0.21707203994399532,84.40923584303532,11.847044816986232,26.121770917089172,38.282243695269074,84.28520864465405,11.86447795622117
10.67877091851,0.026483162627570833,0.15732750728213007,0.37288059428864256,0.2155530870065125,6.72611412682e-14,0.593497933065,50.58284422107835,12.68949814341045,0.20055363321798483,0.2005571145781496,63.27234236448881,63.352721512717494,-0.12687560425095334,1.586760664279732,0.20055363373259397,0.04229508410787706,0.20565768672207965,0.2005574620326384,0.04229518629100856,0.20565793515205913,0.15737557074253175,0.37326588569284114,0.2158903149503094,0.2,0.19999654358121477,50.61809258730378,12.654249777185028,-6.0066056906116216e-05,2.5652904245276886e-07,0.5136118236325964,0.5136124440644174,0.2160398234787019,83.93576431167718,11.91387256910794,26.11426373359684,38.29324886205648,83.81376204727907,11.931214821688869
11.09060731769,0.026540362127456946,0.15753392027874408,0.3720575229685337,0.21452360268978965,6.81919040933e-14,0.592812117777,50.864244982345504,12.760091928570318,0.20055363321800074,0.20055709182738882,63.624336910915815,63.70516322169666,-0.1268756042576369,1.5867606642811691,0.20055363373241694,0.04216893985314339,0.2053507727113375,0.20055740820919543,0.0421690321115683,0.20535099734739126,0.15758149230688662,0.3724421994345384,0.21486070712765176,0.20000000000000018,0.19999656600854943,50.899688014161654,12.724648896754163,-6.00659663452241e-05,2.5644077972231116e-07,0.5128453331246647,0.5128458941332675,0.2150095026312362,83.4516213087146,11.98299067552775,26.103693838438513,38.308754545974196,83.331699905153,12.000235218268514
11.50617761126,0.026598080223786114,0.15773999432452157,0.37123579487082276,0.21349580054630118,6.91487070175e-14,0.592120652225,51.15876304833487,12.83397639491613,0.2005536332179895,0.20055706810441284,63.992739443251004,64.07403376076036,-0.12687560426254407,1.5867606642874221,0.2005536337316193,0.04204209241859132,0.20504168458777186,0.20055735280086529,0.042042174746138423,0.2050418853457469,0.15778708238407527,0.37161983912179963,0.21383275673772437,0.19999999999999982,0.19999658940097143,51.194409808175784,12.79832963507522,-6.006557227156151e-05,2.5604305342596945e-07,0.5120734129628753,0.5120739143380955,0.21398084036430728,82.95631512810617,12.05453736048593,26.089752801309615,38.32922479625041,82.83863903898303,12.07166138412064
11.92568736399,0.026656345467220833,0.15794577548007432,0.3704152264059929,0.21246945092591857,7.01330859038e-14,0.591423424487,51.466812328482845,12.911255378110921,0.20055363321798672,0.20055704324651283,64.37806770659375,64.45985153273445,-0.12687560426533073,1.5867606642851084,0.2005536337319111,0.04191450608452524,0.20473032526844975,0.20055729581109732,0.041914578526728995,0.2047305021894124,0.1579923873501418,0.37079861925898777,0.21280623190884598,0.19999999999999996,0.19999661391914605,51.502672154617485,12.875395551976277,-6.006571808825356e-05,2.561885592555768e-07,0.5112958206912179,0.5112962625356148,0.21295360464565807,82.44937432875653,12.128654803523741,26.072339109356857,38.35482485118182,82.33408601649403,12.145637953637689
12.34935113538,0.02671518765769167,0.1581513090791748,0.3695956347528092,0.21144432567363441,7.11466915436e-14,0.590720307524,51.78883517738323,12.99203984972244,0.2005536332179258,0.2005570175054936,64.78087502710567,64.8631705667061,-0.1268756042626884,1.5867606642846472,0.20055363373194374,0.04178614341817029,0.2044165928151878,0.200557236816336,0.04178620595906104,0.20441674578923577,0.1581974530674098,0.3699783563900781,0.2117809033226683,0.2000000000000002,0.19999663930941494,51.82491773016133,12.955957296944337,-6.0065747153892346e-05,2.562048351251178e-07,0.5105123017281249,0.5105126837672272,0.21192756599813245,81.93037725808226,12.205485113903245,26.051720739926512,38.3851803872369,81.81752978460004,12.22231962554586
12.77738918814,0.026774637387241666,0.15835663868986377,0.3687768454628212,0.21042020677295742,7.21912912148e-14,0.590011164233,52.1253011872652,13.07644761432819,0.20055363321801928,0.20055699172962643,65.2017488015934,65.28457900569566,-0.12687560426030142,1.5867606642805725,0.20055363373251356,0.041656964026268235,0.20410037733004865,0.20055717566066783,0.04165701665571906,0.20410050626032034,0.15840232315259722,0.36915887605217945,0.21075655289958223,0.19999999999999987,0.19999666472229724,52.16161650721368,13.040132294379719,-6.006600394847794e-05,2.564889634015799e-07,0.5097225816132495,0.509722903605154,0.2109025061910967,81.3989449985902,12.285171509499536,26.02859896097395,38.41927879020122,81.28851240567367,12.301861239746383
13.21003607402,0.026834727232502777,0.15856181076590503,0.3679586770212911,0.20939686625538606,7.32687993596e-14,0.589295835288,52.476715296883924,13.16460534369506,0.20055363321798858,0.20055696617816607,65.64132064057898,65.72470926260034,-0.12687560425438393,1.5867606642775358,0.20055363373287274,0.04152692001901999,0.20378154975124707,0.20055711307788446,0.041526962874036885,0.2037816549006237,0.15860704304625184,0.36833999647935517,0.20973295343310333,0.20000000000000012,0.1999966899007886,52.51327379174688,13.128046848832108,-6.0066195317620696e-05,2.5666804237545193e-07,0.5089263380262352,0.5089266006274645,0.2098781978607212,80.85453069526883,12.36789072178134,26.00306903226755,38.456999008812645,80.74653949814468,12.384431657569387
13.64753588231,0.02689549109476528,0.1587668694768407,0.36714095370654576,0.20837408422970505,7.43812784678e-14,0.588574146162,52.8436159259974,13.256648108859384,0.20055363321799638,0.20055693978517225,66.10026403485678,66.18423568380628,-0.1268756042612229,1.5867606642717755,0.20055363373360613,0.041395965465100645,0.20345998492357323,0.20055704913758116,0.04139599871468498,0.2034600666339343,0.1588116570104701,0.367521540626151,0.2087098836156809,0.20000000000000012,0.19999671590863619,52.880428307191686,13.219835727665092,-6.006655833834529e-05,2.5703372763530297e-07,0.5081232584030512,0.508123462467419,0.20885441954619516,80.29644514903354,12.453851451878826,25.974965939927912,38.49860678596044,80.19095556090538,12.470234242819263
14.09013936924,0.026956963801283335,0.15897185626256147,0.366323511822116,0.2073516555595545,7.55309438452e-14,0.587845911974,53.22657405213789,13.3527191484667,0.20055363321798447,0.20055691394335848,66.5792932006046,66.66387339279744,-0.12687560426392075,1.5867606642701797,0.20055363373380328,0.0412640520559967,0.20313555094073688,0.20055698413879383,0.04126407590766606,0.20313560964948035,0.15901620610055003,0.3667033442668139,0.20768713816626386,0.19999999999999993,0.19999674135351647,53.263651518863334,13.315641681741253,-6.006665891344909e-05,2.571320267819033e-07,0.5073130133194421,0.5073131599393111,0.20783096582430605,79.72385297925948,12.543297427686474,25.944093442433143,38.54441868315349,79.62093212329573,12.559511341206932
14.53811470485,0.02701918259789583,0.15917681294025818,0.3655061845085943,0.2063293715683361,7.67202071606e-14,0.587110920731,53.626204191470904,13.452972623519235,0.20055363321800498,0.2005568877103058,67.07917681499013,67.16439204324816,-0.12687560426832833,1.5867606642672676,0.20055363373418048,0.04113113164482816,0.2028081153327651,0.2005569180478753,0.04113114630511133,0.20280815147599796,0.1592207323806559,0.3658852391482756,0.2066645067676197,0.19999999999999998,0.19999676717830608,53.66355830701013,13.41561850798001,-6.006684244441729e-05,2.5732012076673527e-07,0.5064952719434055,0.5064953622079141,0.20680762623217236,79.13926253068855,12.635952977350792,25.90959417471296,38.59574153330321,79.03893441159575,12.651992431887983
14.98811470485,0.027081682597895833,0.15938015687094506,0.3646952866875682,0.20531512981662312,7.79416816767e-14,0.586374387629,54.03977903235808,13.556724345203031,0.2005536332180051,0.20055686110083118,67.5965033775611,67.68237580084188,-0.12687560426877242,1.5867606642654177,0.20055363373441293,0.040998229541660214,0.2024801954307142,0.2005568521102952,0.040998235388294196,0.20248020986825896,0.15942365559711044,0.36507354628362537,0.20564989068651493,0.19999999999999993,0.1999967933749354,54.07741945869089,13.51908391887021,-6.0066959017834876e-05,2.5743600584604565e-07,0.5056763210858798,0.5056763571423585,0.20579230750835198,78.54450837844726,12.731634848126461,25.871545782757334,38.65250296201753,78.44660575365789,12.747524133042186
15.43811470485,0.027144182597895833,0.15958096610263353,0.363894494818814,0.20431352871618044,7.91909664265e-14,0.585638731021,54.46547805907198,13.66351760865434,0.20055363321797717,0.20055683779303654,68.12899566772633,68.21554455208273,-0.12687560426981603,1.586760664264426,0.20055363373450724,0.040865958634852026,0.20215330478340449,0.20055678660224877,0.040865956001529195,0.20215329827022163,0.15962405492109827,0.3642719489881434,0.20464789406704514,0.2000000000000001,0.1999968162740861,54.503413438230055,13.625582229496269,-6.006702151228893e-05,2.5748303489336877e-07,0.5048599407007398,0.5048599244346353,0.20478961698540596,77.94069241442035,12.830268362037069,25.83110875584464,38.713011100374715,77.84528177666371,12.84599370927806
15.88811470485,0.027206682597895836,0.15977924575007757,0.36310378762690654,0.20332454187682897,8.04690287803e-14,0.584904287628,54.903258276577255,13.773341627902113,0.20055363321799743,0.20055681555394014,68.67659990447937,68.76384444764334,-0.12687560427253608,1.586760664265488,0.2005536337344145,0.040734325145164764,0.20182746380303343,0.20055672134586028,0.04073431443492935,0.20182743726988497,0.15982193652847715,0.36348042255816504,0.2036584860296879,0.20000000000000007,0.19999683810536578,54.94149707175623,13.73510283272314,-6.006695459914724e-05,2.574368052066234e-07,0.5040461817656373,0.5040461155014452,0.2037995237624271,77.3283736397512,12.931863854510743,25.789025643079427,38.77618386363323,77.23549822910014,12.947414374589071
16.33811470485,0.027269182597895836,0.15997500235228998,0.3623231410359448,0.20234813868365484,8.17768702684e-14,0.584171369285,55.353075482066714,13.886185313972732,0.20055363321797676,0.20055679419838104,69.23926079603945,69.3272201255021,-0.12687560427694367,1.5867606642654877,0.2005536337344109,0.04060333283870091,0.2015026869267527,0.20055665674019219,0.04060331437150987,0.20150264110306315,0.16001730561092728,0.3626989462283468,0.20268164061741953,0.20000000000000004,0.1999968590565942,55.39162611343118,13.84763468260827,-6.006695461024947e-05,2.574350066453235e-07,0.5032350803360774,0.5032349658954707,0.20282200186441604,76.70751232756274,13.036532793942236,25.745173453050523,38.84223199442111,76.61721921959803,13.051896299366195
16.78811470485,0.027331682597895833,0.16016823924709742,0.36155253298930856,0.20138429374221115,8.31155298183e-14,0.583440240107,55.81488427055188,14.002037276320316,0.20055363321798605,0.20055677367596678,69.81692154687221,69.90561471796785,-0.1268756042750785,1.5867606642661365,0.20055363373432744,0.04047298899880071,0.20117899740977116,0.20055659103013618,0.04047296284163253,0.20117893240007148,0.16021016815597056,0.3619274960477569,0.20171732789178637,0.20000000000000032,0.19999687917512038,55.853755123883545,13.963166422988659,-6.006691372073547e-05,2.5739339548636053e-07,0.502426694489881,0.5024265321339164,0.20185702133218603,76.07814928073103,13.14437863505282,25.699283927439943,38.91159002030668,75.990350536632,13.15956556244518
17.23811470485,0.027394182597895833,0.1603589647175687,0.360791940226151,0.20043297550858233,8.44850659298e-14,0.582711123076,56.288638040637025,14.120885824251951,0.20055363321798564,0.20055675725778996,70.40952386488898,70.49896985890861,-0.12687560427995237,1.5867606642674348,0.20055363373416468,0.04034329992089486,0.20085641618055136,0.20055652617250683,0.04034326651328299,0.20085633301761482,0.16040052887282857,0.3611660531795092,0.20076552430668065,0.19999999999999993,0.19999689519637054,56.32783769965643,14.08168616523255,-6.0066831908400786e-05,2.5731223818326043e-07,0.5016210764940259,0.5016208688019631,0.20090455860332315,75.44029233033804,13.255515973098285,25.651501998286342,38.98407196844868,75.35484876869873,13.270546173737197
17.68811470485,0.027456682597895833,0.16054718389551317,0.36004134241775065,0.19949415852223748,8.58860694736e-14,0.581984198012,56.77428900046157,14.242718968433532,0.20055363321799943,0.20055674235033566,71.0170079688951,71.1072256911844,-0.12687560428965572,1.5867606642697951,0.20055363373386575,0.0402142712083918,0.20053496255863165,0.20055646219291556,0.04021423093399724,0.20053486214121782,0.16058839350782636,0.36041459463802655,0.1998262011302002,0.2,0.19999690971223166,56.813825838107164,14.203182130787953,-6.006668314961772e-05,2.5716317963997426e-07,0.5008182745973451,0.5008180238137563,0.1999645849260278,74.79361463921171,13.370125308474321,25.60220897879544,39.05912965667266,74.71077464647243,13.384950226148089
18.13811470485,0.027519182597895837,0.1607329012361462,0.35930072084849973,0.19856781961235354,8.73211886108e-14,0.58125961046,57.27178817383196,14.367524422407492,0.20055363321788325,0.20055672726885962,71.63931259623945,71.73032087428332,-0.12687560425580502,1.5867606642736127,0.20055363373336726,0.040085905135139696,0.20021464765381103,0.20055639889955706,0.04008585836869997,0.20021453086302196,0.16077376704840213,0.3596731004732308,0.19889933342482868,0.19999999999999996,0.19999692440523173,57.311670410486585,14.327642185752866,-6.006644256428828e-05,2.569146229092212e-07,0.5000183165455755,0.500018024870935,0.19903707534551393,74.13810235522604,13.488340923653402,25.552140720407102,39.135664245984465,74.05793890419325,13.502941275393486
18.58811470485,0.027581682597895833,0.16091612333559224,0.35857005715799,0.19765393382239776,8.87916205429e-14,0.580537475806,57.781085406313615,14.495289604183899,0.20055363321802713,0.2005567141008028,72.2763750104975,72.36819259216173,-0.12687560428885636,1.5867606642761576,0.2005536337330746,0.03995819979655559,0.1998954721762241,0.20055633788350904,0.0399581471106437,0.19989534039252566,0.160956654252531,0.3589415516552483,0.19798489740271732,0.20000000000000015,0.19999693719091685,57.821321377135895,14.455053633361624,-6.006628218147014e-05,2.5676869519486445e-07,0.49922120411221554,0.49922087499411427,0.19812200605745914,73.47373904505814,13.610305028668066,25.50128348049154,39.213712547644874,73.396298779951,13.624665230028752
19.03811470485,0.027644182597895833,0.1610968537201201,0.3578493323159075,0.1967524785957874,9.02986066987e-14,0.579817878312,58.30212937196233,14.62600163780656,0.20055363321798794,0.20055670232599962,72.92813100976889,73.02077656128843,-0.12687560429022193,1.5867606642802674,0.20055363373254215,0.039831157539211084,0.19957744747142922,0.20055627814714932,0.03983109929353338,0.199577301548882,0.1611370598502065,0.3582199292618887,0.19708286941168224,0.20000000000000004,0.19999694858649864,58.34272734169869,14.585403668070184,-6.006602317754073e-05,2.565031964607556e-07,0.49842696563179023,0.49842660120316884,0.19721935339329993,72.80051901472355,13.736165806699193,25.44932811076881,39.29376821452716,72.72592787154856,13.750254266487186
19.48811470485,0.027706682597895833,0.1612750975312326,0.3571385269419697,0.1958634294107371,9.18434339377e-14,0.579100885436,58.83486757960717,14.75964735506446,0.20055363321799596,0.20055669149440575,73.59451493467164,73.68800703889195,-0.12687560429063272,1.5867606642817085,0.20055363373236162,0.03970477948914534,0.19926058187495424,0.20055621991409203,0.03970471596875681,0.19926042248463896,0.1613149889044915,0.35750821304384484,0.19619322413935333,0.19999999999999998,0.19999695904609957,58.875835745264546,14.718679189407087,-6.0065932350195084e-05,2.564132017823795e-07,0.4976356219215409,0.49763522385836384,0.19632909202313686,72.11848399067671,13.866070730622644,25.396298424852375,39.37581702935958,72.0468571956802,13.879855956575412
19.93811470485,0.02776918259789583,0.16145085856890273,0.3564376216083635,0.19498676303946078,9.34274376122e-14,0.578386547276,59.37924637975902,14.89621329713795,0.20055363321798933,0.2005566822600851,74.27545967689696,74.36981683141336,-0.12687560429293088,1.5867606642843246,0.20055363373202725,0.03957906766388283,0.19894488599580246,0.20055616232588153,0.039578999133414276,0.1989447137609197,0.16149044622134498,0.3568063837747569,0.1953159375534119,0.20000000000000007,0.19999696791095056,59.42059295132549,14.854866725571465,-6.006576748207593e-05,2.5624646848854127e-07,0.49684719947651185,0.49684676933516725,0.19545119789800836,71.42762211568682,14.000186067798296,25.3423758950184,39.459599373891855,71.35901846317866,14.013645668570977
20.38811470485,0.027831682597895833,0.16162414167797376,0.3557465973771627,0.19412245569918893,9.50520019658e-14,0.5776748937,59.93521097147939,15.035685716357031,0.20055363321800151,0.2005566736153793,74.97089668783643,75.06613730316116,-0.1268756042955732,1.5867606642901944,0.2005536337312818,0.039454021317246374,0.1986303635329865,0.20055610545764652,0.039453948058474395,0.198630179123099,0.16166343643605857,0.3561144229121785,0.1944509864761199,0.19999999999999957,0.19999697618774318,59.976944048185445,14.993952639650976,-6.006539756686635e-05,2.5587476581989677e-07,0.49606170753465884,0.49606124698732024,0.19458564782412532,70.72791523349028,14.13868904093601,25.288142252125553,39.544225512095366,70.66232655472835,14.151812553546403
20.83811470485,0.027894182597895834,0.1617949529084614,0.35506543801854595,0.19327048511008454,9.67185629894e-14,0.57696593518,60.502705409463665,15.178050577962058,0.20055363321798578,0.20055666490795815,75.68075598742571,75.77689838517121,-0.12687560429934797,1.5867606642939729,0.200553633730821,0.03932963667711825,0.1983170105591506,0.20055605089109155,0.039329559057591744,0.19831681486346978,0.16183396384113127,0.3554323132895851,0.1935983494484538,0.20000000000000018,0.1999969845373047,60.54483300243702,15.13592298498871,-6.00651594351298e-05,2.5564501626718084e-07,0.49527913628775944,0.49527864755515344,0.19373242032760335,70.01937223355264,14.281761862480812,25.23378722752765,39.62940604132128,69.95684328846069,14.294527211249239
21.28811470485,0.027956682597895834,0.16196329484330954,0.3543941227008063,0.19243082785749674,9.84286101995e-14,0.57625966692,61.08167261126963,15.323293561933001,0.20055363321798458,0.2005566560057462,76.40496617320264,76.50202858426981,-0.12687560429887057,1.5867606642965515,0.20055363373048038,0.03920591114020186,0.19800482605280575,0.20055599651327505,0.03920582933185958,0.19800461947101028,0.1620020332594992,0.354760035614411,0.1927580023549118,0.19999999999999998,0.1999969930799983,61.12420268218312,15.28076349101951,-6.0064996931785686e-05,2.554751743488737e-07,0.49449948318473536,0.49449896726502407,0.1928914912762402,69.30280996153449,14.429429348608451,25.179119912215942,39.71544690546703,69.24331413121699,14.441827525831402
21.73811470485,0.028019182597895837,0.1621291774306634,0.35373262017342894,0.19160344274276553,1.0018368902e-13,0.575556078429,61.672054364716196,15.471400064832942,0.20055363321799544,0.20055664658361824,77.14345442954915,77.2414549923415,-0.12687560430092448,1.5867606642982357,0.20055363373026242,0.03908284283899242,0.19769381082621787,0.2005559440098012,0.03908275733150535,0.19769359456367155,0.1621676524339984,0.354097558915318,0.19192990648131963,0.20000000000000012,0.19999700215065472,61.714994808093664,15.428459621455476,-6.00648907833623e-05,2.553664835147629e-07,0.49372275025414875,0.49372221015762124,0.19206282192905122,68.57829516176211,14.581873136991891,25.124201444183903,39.80226007268755,68.5216404317987,14.5939296505215
22.18811470485,0.028081682597895834,0.1622926038791239,0.35308090961642413,0.19078830573730024,1.01985403581e-13,0.574855139294,62.27379133545897,15.622355201709805,0.2005536332179856,0.20055663826496825,77.89614653716878,77.99510329579961,-0.12687560429984757,1.586760664301234,0.20055363372988624,0.03896042858906873,0.1973839623400765,0.20055589177024366,0.03896033954063823,0.1973837367683524,0.16233082552541658,0.35344486654776747,0.19111404102235088,0.20000000000000012,0.19999701011418858,62.31715013031831,15.578996406850457,-6.006470183450574e-05,2.551789224369827e-07,0.492948931154297,0.4929483678089241,0.1912463914663019,67.84487819708933,14.739506158372054,25.069155802866625,39.88965595266081,67.79097145093087,14.751226875747458
22.63811470485,0.028144182597895834,0.16245357793522344,0.35243897734323254,0.1899853994080091,1.038354193e-13,0.5741568095,62.88682307468882,15.776143808037629,0.2005536332179953,0.2005566306994426,78.66296688272644,78.7628977852598,-0.12687560430523215,1.5867606643030783,0.20055363372964585,0.038838665334644196,0.19707527834470814,0.2005558400448718,0.03883857294908693,0.1970750439530255,0.16249155600683876,0.3528019446208761,0.19031038861403735,0.1999999999999999,0.19999701732952882,62.93060813188965,15.732358750836791,-6.006458559415506e-05,2.5505906275924417e-07,0.4921780202668202,0.4921774348943834,0.1904421825119991,67.10247453464818,14.902580075249725,25.01387794103669,39.977807613726426,67.05135343347374,14.91394205774189
23.08811470485,0.028206682597895834,0.16261210378345006,0.35180680635528133,0.18919470257183127,1.05735463603e-13,0.573461058535,63.51108802705478,15.932750441687654,0.20055363321796785,0.20055662205995128,79.44383846874243,79.54476136541933,-0.1268756043069752,1.5867606643013124,0.20055363372986706,0.03871755094322268,0.19676775890176387,0.20055578876982386,0.03871745532615639,0.19676751593227068,0.1626498481046216,0.35216877623085147,0.18951892812622986,0.19999999999999993,0.199997025624312,63.55530707081564,15.888531397926785,-6.006469689401328e-05,2.5516935231451043e-07,0.49141001774568654,0.49140941095092905,0.1896501739213606,66.35147149304998,15.071255806357595,24.95864176453711,40.06628283037686,66.3030764218675,15.08225641955565
23.53811470485,0.02826918259789583,0.16276818694885256,0.3511843764622456,0.18841618951339303,1.07687330944e-13,0.572767794974,64.14652353867389,16.092159384960922,0.20055363321798586,0.20055661431514302,80.2386829236348,80.34061556513761,-0.12687560430771905,1.5867606643031567,0.20055363372964116,0.038597079740816755,0.19646139503937346,0.20055573831285214,0.038596981055560906,0.19646114388234867,0.16280570649313394,0.35154534267567045,0.1887396361825365,0.19999999999999993,0.19999703302527896,64.19118440505173,16.04749851858308,-6.006458066476483e-05,2.5505670908643197e-07,0.49064490118444604,0.49064427394205495,0.18887034230180585,65.5918833101427,15.245788800904371,24.903768313206932,40.15456566344947,65.54625247131968,15.256402346382176
23.98811470485,0.028331682597895834,0.1629218309227935,0.3505716706958823,0.1876498397730888,1.09692883759e-13,0.572076913548,64.79306586537191,16.254354646627057,0.2005536332179828,0.20055660589652896,81.04742051199898,81.15038054771983,-0.12687560431132727,1.5867606643082548,0.20055363372900417,0.03847724655048151,0.19615617897604323,0.20055568806205895,0.03847714480590421,0.19615591963003362,0.1629591357210687,0.3509316257607499,0.18797249003968117,0.20000000000000004,0.199997041100397,64.83817622077956,16.209244291219417,-6.0064259366221506e-05,2.547390964835472e-07,0.4898826511495089,0.48988200345585486,0.18810266489430852,64.82401400535478,15.426381956498329,24.849438112652678,40.24235861859695,64.78118340377917,15.436581233273095
24.43811470485,0.028394182597895834,0.16307304433836353,0.349968666039954,0.1868956217015905,1.11754054868e-13,0.57138838393,65.45065018105952,16.41931996404397,0.2005536332179301,0.20055659827240366,81.8699701451035,81.97397512140522,-0.12687560429721634,1.5867606643078567,0.2005536337290121,0.03835804406128662,0.19585209741354986,0.2005556403031415,0.03835793972723844,0.1958518310540865,0.16311014164929424,0.35032760204788665,0.1872174603985924,0.20000000000000007,0.19999704839915758,65.49621776355563,16.373752381547845,-6.006428445726186e-05,2.5474307108197536e-07,0.4891232344297423,0.4891225692206098,0.187347112379507,64.05183125800734,15.612356124087967,24.798981295132783,40.32423703615063,64.01167124659318,15.622151094097887
24.88811470485,0.028456682597895834,0.16322174845246526,0.34937517224675596,0.1861534237942907,1.13872731347e-13,0.570701982913,66.11921058619245,16.587038805295606,0.20055363321798395,0.2005565935559033,82.70624939148807,82.81131675005582,-0.1268756043148911,1.5867614335441398,0.2005535365038968,0.038239435367219216,0.19554906127930968,0.20055549393037717,0.03823932842622583,0.19554878784136154,0.16325864906751492,0.3497330862494292,0.1864744371819143,0.19999999999999982,0.1999970528065769,66.16524326450472,16.54100612698336,-1.1585907200295509e-05,-4.822361844292189e-05,0.48836642857427237,0.4883657456872523,0.18660357460381444,63.268321857806875,15.805698185696494,24.7454216336489,40.41151590806588,63.23080342115076,15.815076606562602
25.33811470485,0.02851918259789583,0.16336811391257144,0.3487914933875905,0.18542337947501908,1.16051241595e-13,0.570088613974,66.79868011661866,16.757494371361307,0.20055363321799718,0.2005565896657813,83.55617448797996,83.66232156404946,-0.1268756043163899,1.5867614335470053,0.2005535365035104,0.03812148005691705,0.19524722803900968,0.20055544634984596,0.038121370696382814,0.1952469479822484,0.16340482569653317,0.3491483797314208,0.18574355403488765,0.19999999999999998,0.19999705636988163,66.84518554885577,16.710988939124192,-1.1585726611418323e-05,-4.822381109992335e-05,0.4876126268396797,0.48761192742276116,0.1858721853050238,62.47326429655499,16.00684726914684,24.688892740850175,40.50404408559817,62.43851262272483,16.015756269569508
25.78811470485,0.02858168259789583,0.16351206298261445,0.3482174466173847,0.18470538363477024,1.18291635513e-13,0.569507416812,67.48899075228833,16.93066959834883,0.2005536332179882,0.20055658671647691,84.41966035063717,84.52690437137373,-0.12687560432282918,1.5867614335520241,0.20055353650288266,0.03800413993261539,0.194946505310086,0.20055539874549075,0.03800402830284408,0.19494621900114933,0.16354859576710637,0.34857329944598975,0.18502470367888338,0.20000000000000012,0.19999705898636583,67.53597655988182,16.88368379075535,-1.1585410308878608e-05,-4.8224124105100685e-05,0.4868615985087086,0.4868608834775368,0.18515283713021333,61.67377170127964,16.214348051284357,24.636321943696874,40.59047459622303,61.641868219208376,16.222739979973344
26.23811470485,0.028644182597895834,0.16365360373401847,0.3476530092301627,0.1839994054961442,1.20596165681e-13,0.568931165076,68.19007342635409,17.106547159762137,0.20055363321799147,0.20055658339417554,85.29662058611622,85.40497866892211,-0.1268756043203867,1.5867614335547646,0.20055353650253355,0.03788740836613989,0.1946468812134936,0.2005553530162205,0.03788729481096116,0.19464658951792904,0.16368996524342225,0.3480078215389788,0.18431785629555655,0.20000000000000007,0.1999970619835962,68.23754707176344,17.05907351435278,-1.1585237602584897e-05,-4.8224298176968716e-05,0.48611331391449814,0.4861125854307012,0.18444550024038825,60.866810504833815,16.429314953517792,24.58465839461362,40.675773645042604,60.837666767763956,16.43718526907527
26.68811470485,0.028706682597895834,0.16379274190015922,0.3470981545755956,0.1833054126754364,1.22967173683e-13,0.568359655421,68.90185803431349,17.28510946878873,0.2005536332179986,0.20055658051319708,86.18696750310222,86.29645665399153,-0.12687560432325107,1.586761433556825,0.20055353650226956,0.037771276574463934,0.19434833823437733,0.2005553084007424,0.03777116136051787,0.19434804182321433,0.1638289402281525,0.34745192159873917,0.18362298137058666,0.20000000000000012,0.19999706454110244,68.94982700078239,17.237140502319836,-1.1585107762002167e-05,-4.8224429805010516e-05,0.4853677293152518,0.4853669890546662,0.18375014410009624,60.052323706305145,16.652144967622725,24.533819488494053,40.760061859466404,60.025933557526,16.659466012996656
27.13811470485,0.028769182597895838,0.16392948373990673,0.3465528613194699,0.18262337757956315,1.25407092486e-13,0.567792686329,69.62427344338,17.466338680653955,0.2005536332179925,0.2005565768843298,87.09061212403397,87.20124923598065,-0.12687560432453893,1.5867614335545397,0.20055353650258045,0.037655738850234335,0.1940508666567463,0.20055526562402912,0.037655622254640704,0.19405056623117775,0.1639655264344381,0.34690557677514916,0.18294005034071106,0.20000000000000018,0.1999970678520262,69.67274506178904,17.417867062244916,-1.1585251780132921e-05,-4.822427479567182e-05,0.4846248204461444,0.4846240701599372,0.18306674012629404,59.23043986292415,16.883210766529515,24.48350714585066,40.843821681383375,59.20692851936233,16.889915167157707
27.58811470485,0.028831682597895834,0.16406383428721266,0.3460171011235804,0.18195326683636776,1.2791845112e-13,0.567230055867,70.3572475019581,17.650216695004126,0.20055363321800337,0.2005565734023932,88.0074641969622,88.11926604829011,-0.12687560432770306,1.5867614335556168,0.20055353650246377,0.03754078935601913,0.1937544563513808,0.2005552230271312,0.03754067139185126,0.1937541519344844,0.16409973076840442,0.3463687594387007,0.1822690286702963,0.2,0.19999707101894074,70.40622912976548,17.601235067196736,-1.1585183901097196e-05,-4.822433297135831e-05,0.48388456201034863,0.48388380175615425,0.1823952537594315,58.40210047280949,17.12267182009274,24.433874985119832,40.926787118662,58.38141400539045,17.128738949482596
28.03811470485,0.028894182597895834,0.1641958032183622,0.3454908367218007,0.1812950335034385,1.30503880021e-13,0.56667156135,71.10070704932383,17.836725158322338,0.20055363321799244,0.2005565715755856,88.93743220764617,89.05041546042011,-0.12687560433017886,1.586761433554734,0.20055353650257993,0.037426421049709946,0.19345909399588831,0.2005551808718539,0.037426301818078364,0.193458785838427,0.16423156200340575,0.3458414344992782,0.18160987249587243,0.19999999999999996,0.1999970725287663,71.15020612789134,17.787226079754852,-1.158523953437296e-05,-4.822427505102311e-05,0.4831469207363712,0.4831461511404479,0.18173564110566237,57.56799863288892,17.370761946702352,24.38509943229581,41.00864967872931,57.550083445541084,17.37616941852547
28.48811470485,0.028956682597895834,0.1643254010311932,0.34497403190036047,0.18064863086916727,1.33166113214e-13,0.566116966281,71.85457792542921,18.025845466402956,0.20055363321798778,0.20055657072799257,89.88042339183217,89.99460459027044,-0.12687560432997902,1.586761433551097,0.2005535365030213,0.037312626563892885,0.19316476532714988,0.2005551402878601,0.037312506308628125,0.19316445405050103,0.16436102972629513,0.3453235636099264,0.18096253388363126,0.2000000000000001,0.1999970730723866,71.90460178695886,17.975821604873303,-1.1585468751018624e-05,-4.822405498261517e-05,0.48241186100333827,0.48241108361752094,0.18108785419798326,56.728198241442236,17.62791752602253,24.337462176506662,41.088918505451886,56.71306185950772,17.63262231330848
28.93811470485,0.02901918259789583,0.16445263578673677,0.34446664895629625,0.18001401316955948,1.35907994748e-13,0.565565444038,72.61878498088355,18.217558766845457,0.20055363321799166,0.20055657139642227,90.836343747729,90.95173931663818,-0.12687560433279899,1.5867614335505351,0.20055353650307786,0.03719939637395386,0.1928714503858823,0.20055510015804331,0.03719927519455347,0.1928711362401162,0.16448814276015888,0.3448151114747566,0.1803269687145977,0.2000000000000001,0.19999707209793233,72.6693409581019,18.167002789627123,-1.1585504156030879e-05,-4.8224026771848116e-05,0.4816793329647111,0.48167854841352803,0.18045184888686577,55.88268545153414,17.894630365737857,24.291175218465334,41.16721364884123,55.87031473326393,17.898592566986604
29.38811470485,0.029081682597895835,0.1645775173055978,0.3439686539705906,0.17939113666499282,1.38732481226e-13,0.565016705433,73.39325208710068,18.41184596160133,0.2005536332179937,0.2005565727115184,91.80509804870202,91.92172429191379,-0.1268756043363628,1.5867614335487383,0.20055353650332108,0.03708672130873827,0.1925791299926819,0.20055506153086844,0.03708659939336216,0.19257881345922287,0.16461291000651132,0.3443160424905631,0.17970313248405176,0.2000000000000001,0.19999707048899065,73.44434738300707,18.360750665694955,-1.158561738767716e-05,-4.8223905502187137e-05,0.48094928872163084,0.48094849820739655,0.17982758063676949,55.03150324248749,18.17140984853095,24.24608433962769,41.2437730559901,55.022052064064496,18.174531164989226
29.83811470485,0.029144182597895835,0.164700053141917,0.34348001045586624,0.17877995731394924,1.41642650114e-13,0.564470721985,74.17790214658716,18.608687709557678,0.2005536332179936,0.20055657340859637,92.78658985614484,92.90446295497547,-0.12687560433749523,1.5867614335486,0.20055353650332278,0.036974593460596276,0.19228778812133723,0.20055502312778728,0.03697447084569921,0.19228746928934087,0.1647353406988733,0.34382631972111954,0.17909097902224624,0.20000000000000023,0.19999706949626248,74.22954379636423,18.5570460597806,-1.1585626102927904e-05,-4.822390465841764e-05,0.48022168825005657,0.4802208919954292,0.17921500324597373,54.17490725780633,18.458730261248487,24.202119508124987,41.318695235113026,54.16841770161613,18.460941678386238
30.28811470485,0.029206682597895835,0.16482025327800204,0.34300068167128517,0.17818042839328313,1.44641703063e-13,0.563927439931,74.97265710339278,18.808064429156364,0.2005536332179798,0.2005565743979803,93.78072153254914,93.89985754428082,-0.1268756043378394,1.586761433549654,0.2005535365031831,0.036863004478603044,0.19199740747885904,0.2005549855606108,0.03686288124566614,0.191997086555151,0.16485544383371287,0.34334590718106456,0.1784904633473517,0.20000000000000023,0.19999706821355587,75.02485217108742,18.75586936146172,-1.158555967828434e-05,-4.822397429160574e-05,0.479496488362282,0.47949568688379035,0.17861407170149812,53.313844982285744,18.756853877867254,24.159391792985414,41.391770478690034,53.310207647145106,18.75813365085537
30.73811470485,0.02926918259789583,0.16493813004475721,0.3425306176731746,0.1775924876284174,1.47732971494e-13,0.563386784289,75.7774379537136,19.009956301062108,0.20055363321799852,0.20055657776196,94.78739425477572,94.90780911115365,-0.12687560434243572,1.5867614335466533,0.20055353650357033,0.03675194559461902,0.1917079695646976,0.20055494867085888,0.036751821911195276,0.1917076469815309,0.16497323162487854,0.34287475601834166,0.17790152439346313,0.19999999999999996,0.19999706455656957,75.83019364685433,18.95720060792139,-1.1585748793674355e-05,-4.822378122382176e-05,0.4787736428548259,0.4787728372319835,0.1780247248951483,52.449513007853795,19.06595395557362,24.11778863967904,41.46317122767969,52.44869955473027,19.066249658992955
31.18811470485,0.02933168259789583,0.16505369787916194,0.3420697627497931,0.17701606487063118,1.50919921872e-13,0.562848662681,76.59216475668498,19.214343270851817,0.20055363321799824,0.20055658213044847,95.80650802753678,95.92821753326841,-0.1268756043438679,1.586761433543712,0.20055353650391952,0.03664140965939548,0.19141945998094206,0.2005549128269194,0.03664128574004404,0.19141913629531412,0.16508871813268433,0.3424128099888669,0.1773240918561826,0.2000000000000001,0.19999705989830166,76.6454881029064,19.16101992463039,-1.1585934156510547e-05,-4.822360710754481e-05,0.47805311577018345,0.478052307394042,0.1774468924738391,51.58248997607758,19.386423580245353,24.07736828662197,41.53277833755722,51.58470856167904,19.385589797494262
31.63811470485,0.029394182597895835,0.1651669706593544,0.341618059166104,0.1764510885067496,1.54206163911e-13,0.562312967634,77.41675664526994,19.421205051765075,0.20055363321799155,0.20055658498898865,96.83796169703501,96.96098152832725,-0.126875604344312,1.5867614335428384,0.20055353650406715,0.03653138753543529,0.19113185902783264,0.20055487754465193,0.0365312634489459,0.1911315344179131,0.1652019184936383,0.3419600085457825,0.1767580900521442,0.20000000000000015,0.19999705675106166,77.47065437585596,19.367307321179045,-1.1585989212470338e-05,-4.8223533499758275e-05,0.4773348579099527,0.477334047225475,0.17688049870179232,50.712463913736954,19.719018222049367,24.03829915753628,41.600281011832266,50.71776754814327,19.716956174199925
32.08811470485,0.029456682597895835,0.16527796041577175,0.3411754592592905,0.17589749884351874,1.57595454689e-13,0.561779579282,78.25113183734645,19.630521127479554,0.2005536332180028,0.20055658878413038,97.881652964826,98.00599866793273,-0.12687560434748724,1.5867614335407982,0.20055353650431126,0.036421870696288085,0.19084514847458944,0.20055484288279857,0.03642174650616324,0.19084482310548337,0.16531284398650434,0.3415163065755376,0.17620346258903327,0.20000000000000012,0.19999705267246348,78.30561086115192,19.576042103674098,-1.158611778739882e-05,-4.8223411774905856e-05,0.4766188237443786,0.4766180111638999,0.17632548714764035,49.839009290285844,20.064604297720475,24.000610704533834,41.66560644271836,49.84730406394844,20.06126547419923
32.53811470485,0.02951918259789583,0.16538667924232459,0.34074191637262397,0.17535523713029938,1.61091705038e-13,0.56124836737,79.09520764695267,19.842270754923124,0.20055363321799521,0.20055659231047634,98.9374784018758,99.06316539165252,-0.1268756043477981,1.5867614335429516,0.20055353650405805,0.03631284991793275,0.19055930813773636,0.20055480915260954,0.036312725780482,0.19055898241878289,0.1654215065227448,0.341081656429308,0.1756601499065632,0.20000000000000026,0.19999704886847247,79.15027469901241,19.787203702863394,-1.158598207373629e-05,-4.8223538040570446e-05,0.47590496286702044,0.47590414941282894,0.1757817982098499,48.96306619143682,20.42355754621614,23.96430458386687,41.728730182857674,48.974339751680375,20.41885618204151
32.98811470485,0.029581682597895835,0.1654931417125444,0.3403173682155709,0.1748242265030265,1.64698988855e-13,0.560719166852,79.94890049564393,20.056432967137916,0.20055363321799385,0.20055659638193882,100.00533346278183,100.1323770212758,-0.12687560434820888,1.5867614335420948,0.20055353650416638,0.03620431683715723,0.1902743199624091,0.20055477551225134,0.036204192857702884,0.19027399417078228,0.16552792119171647,0.3406559977539667,0.17512807656225024,0.20000000000000015,0.19999704451325176,80.00456233466326,20.00077112811856,-1.1586036074984207e-05,-4.822348401711807e-05,0.47519323018745685,0.4751924165517701,0.17524935639369177,48.08525368022072,20.796396472196168,23.929601647872925,41.78924558440733,48.0995243090931,20.790226397539495
33.43811470485,0.029644182597895835,0.16559736242094378,0.3399017606980725,0.1743043982771287,1.68421547304e-13,0.560191793652,80.81212592404621,20.272986576166886,0.20055363321798894,0.20055659846574017,101.0851125002131,101.21352777526212,-0.12687560435020728,1.58676143354409,0.20055353650392044,0.03609626041814217,0.18999015874024153,0.2005547427812967,0.0360961366952454,0.18998983313652706,0.165632102032972,0.3402392743877173,0.1746071723547453,0.19999999999999984,0.19999704215359024,80.86838899440757,20.21672350580553,-1.1585910331124438e-05,-4.822360665235337e-05,0.4744835627500302,0.4744827495836379,0.17472809144920096,47.20532481491264,21.184050823098875,23.89661724742529,41.84692710461953,47.22261081275998,21.176296328999047
33.88811470485,0.029706682597895835,0.1656993550926244,0.33949503982078727,0.17379568472816287,1.72263797834e-13,0.559666071918,81.68479860353683,20.491910175991546,0.20055363321799619,0.20055660083251278,102.17670877952838,102.30651078337752,-0.1268756043532604,1.5867614335452334,0.20055353650379204,0.0359886714523936,0.189706803916975,0.20055471110246628,0.03598854819993527,0.18970647906683438,0.16573406231022117,0.33983143327807597,0.1740973709678548,0.20000000000000018,0.19999703951420386,81.74166951631774,20.43503926321064,-1.158583827765014e-05,-4.822367066781297e-05,0.4737759092223034,0.4737750979378949,0.1742179370142585,46.3235977717277,21.587269730813563,23.864922879744483,41.90250289259291,46.3438737390133,21.57782505691098
34.33811470485,0.029769182597895832,0.1657991337351262,0.33909714767868876,0.17329801394356256,1.76230344057e-13,0.559141832105,82.56683234808875,20.71318214549566,0.2005536332179962,0.2005566025468151,103.28001449358439,103.41121810152214,-0.12687560435554746,1.5867614335457758,0.200553536503757,0.03588154296421703,0.18942424069853633,0.20055468006097102,0.035881420288353304,0.1894239168857864,0.16583381652301132,0.3394324164267375,0.17359859990372617,0.19999999999999998,0.19999703753329598,82.62431755847163,20.65569693511275,-1.1585804093883212e-05,-4.8223688142723375e-05,0.4730702326573914,0.4730694239637741,0.17371882054080562,45.44064340132559,22.006730652295918,23.834195143776356,41.956524815192786,45.46376331130675,21.99553946189276
34.78811470485,0.029831682597895832,0.1658967137809914,0.33870802335397554,0.17281130957298413,1.80325984854e-13,0.558618907575,83.45814012624544,20.936780651477832,0.20055363321800146,0.20055660583471524,104.39492077772326,104.52754072674247,-0.12687560435953316,1.5867614335472062,0.20055353650357333,0.0357748688071252,0.18914245638440144,0.20055464977701323,0.035774746766004735,0.18914213376718772,0.1659313791477489,0.33904216592686903,0.17311078677912015,0.2,0.19999703397346877,83.51624626028338,20.8786745174399,-1.1585713943773612e-05,-4.822377972502068e-05,0.47236650133686237,0.47236569562899067,0.17323066959547612,44.55740226414356,22.44296007365592,23.804683931412313,42.00853928080997,44.583352851852496,22.429896722279572
35.23811470485,0.029894182597895835,0.1659921133580271,0.338327596616658,0.1723354832586309,1.84555719206e-13,0.558097136036,84.35863407327513,21.162683651692674,0.20055363321799466,0.20055660875019207,105.52131772496782,105.65536861243223,-0.12687560435867828,1.586761433549148,0.2005535365033257,0.03566863990651322,0.1888614304364796,0.20055462065792393,0.0356685186636699,0.18886110945260778,0.16602676856099913,0.33866060827263006,0.17263383971163093,0.2000000000000002,0.19999703079213607,84.41736749470064,21.10395023026716,-1.1585591574991838e-05,-4.8223903204025476e-05,0.471664663968657,0.47166386233991187,0.1727533922322337,43.674825888029815,22.89648509564122,23.776592970672567,42.05817045501255,43.703653380160105,22.88138227944953
35.68811470485,0.029956682597895835,0.16608535102727295,0.3379557932186559,0.17187044219138292,1.88924756254e-13,0.557576359148,85.26822550342739,21.39086889793452,0.20055363321799766,0.2005566141067268,106.65909440136191,106.79459068371533,-0.12687560435967749,1.5867614335501772,0.2005535365032207,0.03556284844807009,0.18858114552645525,0.20055459265153866,0.035562728121258665,0.18858082649426125,0.16612000280240846,0.338287671306471,0.17216766850406257,0.1999999999999998,0.1999970251782252,85.32759281288604,21.331501588475877,-1.158552671576274e-05,-4.822395556214332e-05,0.470964677276845,0.470963880522242,0.17228689819141904,42.79308417519205,23.36826193471044,23.749562103118933,42.10603949908929,42.824593437493604,23.351068153386933
36.13811470485,0.030019182597895832,0.16617644603947837,0.33759254459183663,0.17141609855235826,1.93438527843e-13,0.557056417491,86.18682492238923,21.62131393915216,0.20055363321799421,0.2005566212782039,107.8081388615414,107.9450948530148,-0.12687560436153156,1.5867614335521145,0.20055353650298913,0.03545748872567725,0.18830158981186867,0.20055456739620706,0.03545736968314359,0.18830127371620084,0.16621109910293824,0.33792328610319444,0.1717121870002562,0.19999999999999976,0.1999970177769375,86.24683259715117,21.561306264390243,-1.1585404613434491e-05,-4.822407102533788e-05,0.4702665116859339,0.47026572226504443,0.1718311012572083,41.91202757101321,23.859499479133056,23.723419433852225,42.152439398050944,41.94630753260078,23.840000677599512
36.58811470485,0.030081682597895832,0.16626541502705988,0.3372377819433361,0.1709723669162762,1.98102786573e-13,0.556537142797,87.11434203984389,21.85399612460851,0.20055363321799938,0.20055662581894607,108.9683381644524,109.1067680358011,-0.12687560436513978,1.5867614335523266,0.2005535365029441,0.03535255458319041,0.1880227501745212,0.20055454439199932,0.03535243684270434,0.1880224370725588,0.1663000752529412,0.33756738150295795,0.17126730625001677,0.19999999999999993,0.199997013005895,87.17499601934564,21.793342145106752,-1.1585391257451505e-05,-4.8224093474047436e-05,0.46957013443438667,0.4695693524900109,0.17138591241780657,41.03195058968655,24.37125180813002,23.698378509535015,42.19697983124251,41.06916152694428,24.349170102825916
37.03811470485,0.03014418259789583,0.16635227497454433,0.3368914322517777,0.17053915727723337,2.02923499198e-13,0.556018362408,88.05068578221491,22.0888926070673,0.2005536332179822,0.20055663035226912,110.1395783892822,110.27949616652289,-0.1268756043547925,1.5867614335534306,0.2005535365028545,0.035248038544836394,0.18774460989556102,0.2005545225724259,0.03524792216967939,0.18774429996588282,0.1663869492291271,0.33721988559776733,0.17083293636864022,0.1999999999999998,0.19999700825150352,88.11199222134381,22.02758616793839,-1.1585321679774552e-05,-4.8224138138319717e-05,0.4688755037683544,0.4688747297464769,0.1709512417262628,40.1535558599206,24.904394606758927,23.674598937972068,42.23936391150787,40.19366979651436,24.879539615631742
37.48811470485,0.030206682597895836,0.16643704402432283,0.3365534173760401,0.17011637335171728,2.07906854785e-13,0.555499903542,88.99576430544657,22.325980346018838,0.20055363321800895,0.20055663640823612,111.3217446514654,111.46316421471394,-0.12687560437107948,1.5867614335543252,0.20055353650272112,0.03514393318289817,0.18746715227713406,0.20055450076988135,0.03514381824671735,0.18746684572669736,0.1664717401902314,0.3368807217526794,0.17040898156244802,0.19999999999999996,0.19999700198664444,89.05772946524955,22.26401518621585,-1.1585265302649361e-05,-4.822420465178112e-05,0.4681825779864282,0.46818181240390655,0.17052699332255933,39.27796994989373,25.459564261485095,23.65205224236465,42.2796292580835,39.32099957351085,25.43170343700174
37.93811470485,0.030269182597895832,0.1665197462565845,0.3362236516621894,0.16970390540560493,2.1305930897e-13,0.554981599199,89.94948500816076,22.565236110946827,0.2005536332179979,0.2005566394856584,112.51472111910758,112.65765620127954,-0.1268756043677821,1.5867614335516875,0.20055353650305136,0.035040231421154304,0.18719036145366647,0.2005544810569617,0.03504011792976557,0.1871900583091035,0.16655447024416256,0.33654980153860853,0.16999533129444597,0.20000000000000026,0.1999969986934424,90.01211458645638,22.502606532651193,-1.1585431525240608e-05,-4.822403999460434e-05,0.46749131746574524,0.46749056038909104,0.17011305659315276,38.40560686553648,26.03786482273651,23.63063198414215,42.31795411443383,38.45161827774742,26.006707774343955
38.38811470485,0.030331682597895836,0.16660039852894418,0.3359020512408765,0.16930165271193234,2.18387596267e-13,0.554463283007,90.9117545446282,22.806636484620125,0.20055363321799258,0.20055664315727958,113.71839102924831,113.86285521495546,-0.1268756043702135,1.5867614335516371,0.20055353650307534,0.03493692690820523,0.18691422339727182,0.20055446009013228,0.034936814920851114,0.18691392382819189,0.16663515966976625,0.3362270438363165,0.16959188416655027,0.19999999999999993,0.1999969948133008,90.97505456839482,22.743336460853484,-1.1585434700478459e-05,-4.8224028037502364e-05,0.46680168717290393,0.4668009390257013,0.1697093300697391,37.53636399177544,26.640832879261005,23.61042672484114,42.354168844728,37.58528948801468,26.60615399327663
38.83811470485,0.030394182597895836,0.16667902312533434,0.33558853520763093,0.1689095120822966,2.23898743222e-13,0.553944794152,91.88247883816085,23.050157866429178,0.2005536332179929,0.200556648021159,114.93263670459002,115.07864342894227,-0.12687560437084633,1.5867614335514668,0.20055353650309735,0.03483401193206043,0.18663872034511067,0.20055443945851661,0.03483390155075715,0.18663842463639996,0.1667138286986912,0.3359123677207256,0.16919853902203438,0.1999999999999999,0.19999698973994506,91.94645534079729,22.986181363792724,-1.1585445436335107e-05,-4.822401705739665e-05,0.4661136427467889,0.4661129042405159,0.16931571252553856,36.670418419966175,27.26993699792429,23.591520713003057,42.38811105758117,36.7222248096812,27.231465554787594
39.28811470485,0.030456682597895836,0.16675563958015982,0.3352830228912026,0.16852738331104278,2.29600081894e-13,0.553425976938,92.86156309448666,23.295776475746298,0.2005536332179924,0.20055665308343607,116.15733957023296,116.30490211770986,-0.1268756043726782,1.5867614335523088,0.2005535365029842,0.03473147954700402,0.1863638364785508,0.2005544185999109,0.0347313707008862,0.1863635444524658,0.1667904976570449,0.33560569188674666,0.16881519422970176,0.19999999999999998,0.19999698446473574,92.92622193274005,23.23111763749292,-1.158539236767453e-05,-4.822407349003299e-05,0.4654271446817699,0.4654264153725278,0.16893210225897295,35.80833923840128,27.92645571586823,23.573594732357172,42.420344090644676,35.862993490195805,27.88389653734229
39.73811470485,0.030519182597895832,0.16683027246888454,0.334985427938079,0.16815515546919446,2.3549926434e-13,0.552906681164,93.848911815314,23.543468355330376,0.20055363321799102,0.20055665860194757,117.39238017064437,117.54151167397085,-0.12687560437382173,1.5867614335530773,0.20055353650291166,0.0346293249554271,0.18608956165090804,0.2005543998425683,0.03462921783740102,0.18608927383758855,0.16686518833451097,0.3353069291765153,0.1684417408420043,0.2,0.19999697875498573,93.9142588076588,23.47812136298557,-1.1585343939746195e-05,-4.8224109649996905e-05,0.4647421676374035,0.4647414488491695,0.16855839024704575,34.95064542282394,28.611774915806464,23.556434826173167,42.45124558869649,35.00810956127248,28.56481005493208
40.18811470485,0.030581682597895832,0.1669029409946194,0.33469566267804357,0.16779272168342418,2.41604277357e-13,0.552386755483,94.84442881201264,23.79320937475813,0.20055363321798916,0.2005566642166106,118.63763818677077,118.78835162582276,-0.1268756043746877,1.5867614335544311,0.20055353650273688,0.034527543179534236,0.18581588516468187,0.2005543809557654,0.0345274377906206,0.18581560158022414,0.16693792237562335,0.33501599301119156,0.1680780706355682,0.2,0.1999969729501615,94.91046967146013,23.72716851531064,-1.1585258619106753e-05,-4.822419679140211e-05,0.46405868489763147,0.4640579766706045,0.16819446819143616,34.098238096535475,29.32702848660102,23.540078933606203,42.48074115726025,34.158539485841374,29.275256350304364
40.63811470485,0.030644182597895836,0.16697367158045856,0.3344136280055683,0.16743995642510973,2.47923458466e-13,0.551866040752,95.84801721942902,24.044975233891268,0.2005536332179969,0.20055666861110327,119.8929924533203,120.04530065405324,-0.12687560437859569,1.5867614335551201,0.20055353650266255,0.034426129186711674,0.1855427961056739,0.20055436318737713,0.034426025511054906,0.18554251672070987,0.1670087247753814,0.3347327834117899,0.16772405863640852,0.2,0.19999696836049402,95.91475743498864,23.97823501833165,-1.158521519828426e-05,-4.82242338617489e-05,0.4633766692052118,0.4633759714660477,0.16784021103161217,33.25235893554262,30.073054424151692,23.524761672077723,42.508400890068586,33.31550202206384,30.016056769540214
41.08811470485,0.030706682597895836,0.16704248790510895,0.33413921907245725,0.1670967311673483,2.5446551261e-13,0.55134438266,96.85957950985328,24.29874146637395,0.20055363321799138,0.20055667389146772,121.15832097622723,121.31223660960933,-0.12687560437733003,1.5867614335568916,0.20055353650246568,0.03432507608079363,0.1852702784603986,0.20055434443957007,0.034324974041879015,0.18527000308166192,0.16707762142201893,0.3344571968242548,0.16737957540223586,0.2,0.19999696288049515,96.9270247532816,24.231296222945634,-1.1585103554256904e-05,-4.822433201656651e-05,0.46269608056788525,0.4626953928339185,0.16749548923564295,32.413596333163305,30.851251114547587,23.510622624505395,42.533965006851346,32.479549470953536,30.7886044076535
41.53811470485,0.030769182597895833,0.167109418926314,0.3338723314721217,0.1667629125458077,2.61239529536e-13,0.550821629491,97.8790175070583,24.554483443166465,0.20055363321799535,0.20055667929493806,122.43350095022475,122.58903653122712,-0.12687560437980583,1.5867614335567486,0.20055353650245544,0.03422437774734571,0.1849983182284253,0.20055432692339045,0.03422427750942272,0.18499804731245872,0.1671446387334741,0.33418912757838376,0.16704448884490966,0.19999999999999984,0.19999695729398878,97.94717328932911,24.486327660895636,-1.1585112569267864e-05,-4.822433712359242e-05,0.46201688402081864,0.46201620743222416,0.1671601706239141,31.581519228095228,31.664087872960533,23.497390345952518,42.55791750815649,31.65018941041971,31.5953875356836
41.98811470485,0.030831682597895833,0.16717448791500203,0.333612873331234,0.166438385416232,2.68255001457e-13,0.550297641688,98.90623240054131,24.81217637610503,0.2005536332179912,0.20055668403218158,123.71840877664633,123.87557666321834,-0.12687560438108259,1.586761433558003,0.2005535365023138,0.03412402973914957,0.18472690583439536,0.2005543108171631,0.03412393133763474,0.1847266394909915,0.16720979966443308,0.33392848385383633,0.16671868418940325,0.20000000000000023,0.19999695237575657,98.975104068539,24.743304708107317,-1.158503352138851e-05,-4.8224407744879016e-05,0.46133905565040334,0.4613383904813785,0.1668341403419149,30.75557797789313,32.51442716240911,23.48492730138637,42.580502258611105,30.8269989566971,32.43909669587711
42.43811470485,0.03089418259789583,0.16723771705346313,0.33336074916059566,0.16612303210713253,2.7552184274e-13,0.549772287423,99.94112475982666,25.07179532149993,0.20055363321798728,0.20055669069158513,125.01292008132658,125.1717324734142,-0.12687560437923961,1.5867614335598181,0.20055353650206817,0.03402402721924056,0.1844560305851792,0.20055429470373712,0.03402393075716591,0.18445576910784306,0.16727312802248176,0.3336751704204172,0.16640204239793546,0.19999999999999982,0.1999969455487193,100.01071791093511,25.00220217039147,-1.1584919124008053e-05,-4.822453022468309e-05,0.46066256875149714,0.46066191573504467,0.16651727926942805,29.93615590597457,33.404422503038305,23.473262882011564,42.6016615170419,30.01031149439107,33.321880054024106
42.88811470485,0.030956682597895836,0.16729913030021853,0.33311586387668096,0.16581673357646243,2.83050409485e-13,0.549245443018,100.98359454890843,25.333315183746212,0.20055363321793812,0.20055669950613594,126.31690973265464,126.47737867125963,-0.12687560438936485,1.586761433560076,0.20055353650198857,0.03392436557813988,0.18418568233752558,0.2005542786673095,0.03392427109009647,0.1841854258352068,0.16733464733896267,0.3334290931540943,0.16609444581513164,0.2,0.19999693656244202,101.05391475008919,25.262994982565445,-1.1584902881445203e-05,-4.8224569915156223e-05,0.45998739799223004,0.45998675740044204,0.1662094696696001,29.12358300578882,34.33643449026284,23.462415675072673,42.6213572314481,29.20042117563165,34.24608138304938
43.33811470485,0.031019182597895833,0.16735875138364678,0.33287812071955075,0.16551936933590397,2.90851521193e-13,0.548716992431,102.03354114084682,25.596710719014,0.20055363321792563,0.20055670853074753,127.63025185986083,127.79238922606069,-0.12687560439381684,1.5867614335613796,0.2005535365017995,0.03382503991273151,0.1839158500856615,0.20055426227190173,0.033824947339939855,0.18391559841389163,0.16739438183924613,0.3331901551520122,0.1657957733127661,0.20000000000000004,0.19999692736063382,102.10459364962483,25.525658210235985,-1.158482072494138e-05,-4.8224664195295475e-05,0.4593135158866607,0.45931288735873993,0.16591059033032152,28.318164125459383,35.3130236681181,23.452447891016266,42.63947220550319,28.3977644874661,35.21403948685359
43.78811470485,0.031081682597895833,0.16741660539710634,0.33264742340416886,0.16523081800706252,2.98936482373e-13,0.5481868191,103.09086333243022,25.86195653891114,0.2005536332180568,0.20055671737107275,128.95281987134135,129.11663738537612,-0.1268756043776409,1.5867614335627622,0.2005535365017335,0.03372604517962496,0.18364652237280443,0.20055424626801457,0.033725954565520924,0.18364627566471617,0.16745235607242462,0.33295825821896624,0.16550590214654162,0.1999999999999997,0.19999691834582017,103.16265328506944,25.790166586271912,-1.1584733583536178e-05,-4.8224697102305925e-05,0.45864089382249124,0.45864027769092486,0.1656205184222921,27.52089622076702,36.33602597743198,23.443187856096554,42.656314752856595,27.60322077432696,36.22765648166949
44.23811470485,0.031144182597895836,0.16747272013549666,0.3324236625848139,0.1649509424493172,3.07317105808e-13,0.547654797737,104.15545935897553,26.12902711410015,0.20055363321787298,0.20055672594622237,130.28448647307567,130.44999569355699,-0.1268756044040753,1.5867614335640996,0.2005535365014424,0.03362737801541624,0.1833776922513102,0.20055423094642016,0.03362728941447039,0.18337745067066014,0.1675085971145889,0.3327332940488578,0.16522469693426892,0.20000000000000018,0.1999969096044497,104.22799180905781,26.05649466401787,-1.1584649295404148e-05,-4.8224842252864164e-05,0.45796951444859696,0.4579689111223525,0.16533911846956767,26.732348444135866,37.40786194261076,23.434379874184724,42.67234743862791,26.817275459472555,37.289395841544156
44.68811470485,0.031206682597895836,0.1675271208055284,0.33220673428736286,0.16467961348183446,3.1600573678e-13,0.547142856892,105.22722690926557,26.397896778325226,0.20055363321807795,0.2005567353072974,131.6251236875908,131.79233601042438,-0.12687560437533163,1.5867614335643223,0.2005535365015529,0.03352903560417891,0.1831093542235866,0.20055421560625888,0.03352894899461133,0.18310911772659308,0.1675631307355489,0.3325151595655725,0.16495202883002358,0.19999999999999998,0.1999969000810242,105.30050697729123,26.324616710299544,-1.1584635262185117e-05,-4.822478716359768e-05,0.457299364035229,0.45729877340496566,0.16506626153699525,25.95242846199495,38.53203955323149,23.425971005003966,42.68766489066312,26.039900368553834,38.40260468921051
45.13811470485,0.03126918259789584,0.16757983476998564,0.3319965345520343,0.16441669978204868,3.25015278854e-13,0.546746466823,106.30606314053172,26.66853973177336,0.20055363321808933,0.2005567454518347,132.97460287230507,133.1435295300885,-0.12687560437943946,1.5867614335661493,0.20055353650133512,0.03343101508012492,0.18284150261941332,0.20055420127300322,0.03343093058294451,0.18284127155252589,0.16761598311578613,0.33230375004353496,0.16468776692774884,0.20000000000000004,0.19999688978921817,106.38009587688762,26.59450699541745,-1.1584520120955233e-05,-4.822489574340949e-05,0.4566304284215154,0.4566298513524602,0.16480181662786292,25.181387690956168,39.711870222273234,23.4178419231354,42.70248314436101,25.271421600872973,39.57038965965635
45.58811470485,0.03133168259789583,0.1676308870196091,0.3317929578074708,0.1641620707878617,3.34359220035e-13,0.546348976864,107.39186469364103,26.940930045194747,0.20055363321795086,0.2005567564436021,134.3327947388358,134.50344679990124,-0.12687560439944567,1.5867614335667852,0.20055353650117397,0.03333331466953686,0.18257413472213652,0.20055418675269696,0.0333332323046356,0.1825739091563622,0.16766718061223698,0.3320989600569204,0.16443177944468343,0.2000000000000001,0.19999687864470553,107.46665509144869,26.866139647387076,-1.1584480053006274e-05,-4.822497609024978e-05,0.45596270082285423,0.4559621374923409,0.16454565186814715,24.41943768174637,40.95098392652604,23.409908954384164,42.71695383132713,24.512045660905375,40.7962686523106
46.03811470485,0.03139418259789583,0.16768030355476232,0.33159589810087536,0.16391559454611304,3.4405166187e-13,0.545950238709,108.48452770829608,27.215041663655484,0.2005536332179452,0.20055676805759468,135.69956937195158,135.8719577395422,-0.12687560439887946,1.586761433565819,0.2005535365012622,0.0332359322410658,0.1823072468144528,0.20055417158206526,0.03323585195697822,0.1823070266253559,0.16771674951403756,0.33190068445016474,0.16418393493612718,0.1999999999999999,0.1999968668723492,108.56008066163426,27.139488710317313,-1.1584540948739175e-05,-4.822493210321355e-05,0.45529617195561,0.45529562205287144,0.16429763572211956,23.666929700798974,42.25305152134884,23.402418097930877,42.7306270580823,23.762060499193264,42.083892515716414
46.48811470485,0.03145668259789584,0.16772811218989997,0.33140524911380725,0.16367713692390728,3.54107348538e-13,0.545550093135,109.58394783837743,27.490848410283018,0.20055363321797876,0.20055678021214737,137.07479624866045,137.24893166023304,-0.12687560439718082,1.5867614335660496,0.20055353650129776,0.03313886400953412,0.18204083061097617,0.20055415667470614,0.03313878585984353,0.18204061596205262,0.1677647166343781,0.3317088159689783,0.16394409933460016,0.2000000000000001,0.1999968545587811,109.66026815964256,27.414528089017903,-1.1584526404817552e-05,-4.8224914372951844e-05,0.4546308211277666,0.4546302850611194,0.16405763402945572,22.924205993666774,43.62201248218883,23.395462538733828,42.743331034570794,23.021816150750976,43.43705958955718
46.93811470485,0.03151918259789584,0.167774340241599,0.3312209027634591,0.1634465625218601,3.64541697939e-13,0.545148353338,110.69002026740837,27.768323990221393,0.20055363321803713,0.20055679233106524,138.45834425762976,138.63423728407648,-0.12687560439076373,1.586761433566641,0.20055353650125043,0.033042107120238876,0.18177488033344671,0.2005541421923567,0.033042031090023155,0.18177467120042648,0.16781110898762838,0.33152324655573817,0.1637121375681098,0.19999999999999993,0.19999684228724185,110.76711261778394,27.69123163984582,-1.1584489145732846e-05,-4.822493796519112e-05,0.45396663390863246,0.4539661116174643,0.16382551162462286,22.19155459177046,45.06218777348934,23.388853133263723,42.755409780131366,22.291533154836227,44.860081765306774
47.38811470485,0.03158168259789583,0.16781901566998347,0.33104275047580806,0.16322373480582458,3.75370833972e-13,0.544744851874,111.8026397240732,28.04744199448084,0.200553633217933,0.20055680563326422,139.85008171855404,140.0277427635188,-0.12687560440419743,1.586761433567563,0.20055353650106306,0.03294565940842881,0.18150939206671596,0.20055412871269188,0.032945585580723837,0.1815091886950185,0.16785595359502425,0.3313438681252219,0.16348791453019762,0.2000000000000001,0.1999968288412347,111.88050886165571,27.96957285689834,-1.1584431025557507e-05,-4.822503140156087e-05,0.4533036005204717,0.453303092617696,0.16360113330759854,21.46936392802285,46.577998461088626,23.382513311708877,42.76700227512525,21.57161743496812,46.35721002445443
47.83811470485,0.03164418259789583,0.16786216625831962,0.33087068011552684,0.16300851385720722,3.86611621038e-13,0.5443394428,112.9217004978526,28.32817590399455,0.2005536332180755,0.2005568200538136,141.24987640184713,141.42931570092983,-0.12687560439176293,1.5867614335667466,0.20055353650120505,0.03284951869144712,0.18124436181974635,0.2005541159578612,0.03284944713657414,0.18124416442074526,0.16789927845181563,0.3311705686987617,0.1632712902469461,0.20000000000000015,0.1999968142848079,113.00035110335483,28.24952529849229,-1.1584482484394698e-05,-4.822496059153636e-05,0.45264171099602224,0.4526412180095257,0.16338435900753032,20.758179560480965,48.173781187623085,23.37633812697424,42.778299773397265,20.862713654990355,47.932403067843495
48.28811470485,0.03170668259789583,0.1679038210851152,0.33070457644651063,0.16280075536139543,3.98281699529e-13,0.54393199531,114.04709645476754,28.610499093308633,0.20055363321798583,0.20055683508048705,142.65759554807616,142.83882316829698,-0.12687560440572954,1.5867614335679867,0.2005535365010337,0.03275368369741726,0.1809797880908729,0.20055410406347574,0.032753614456863346,0.18097959679716205,0.1679411125449791,0.33100323232524925,0.16306211978027016,0.20000000000000004,0.19999679913453772,114.12653306623145,28.53106248184471,-1.1584404324693764e-05,-4.8225046045402564e-05,0.45198096158500894,0.4519804838459331,0.16317504368596053,20.05821119816951,49.854894343283156,23.370195289109677,42.78954401660443,20.165056358700113,49.590736678926014
48.73811470485,0.03176918259789584,0.1679440073045679,0.3305443257052776,0.16260031840070968,4.10399523998e-13,0.543522388871,115.17872105318585,28.894384834837872,0.200553633217952,0.2005568502798477,144.07310588802375,144.25613172703092,-0.1268756043961594,1.586761433569007,0.20055353650095634,0.032658153349740295,0.18071566990645913,0.20055409192222634,0.03265808638164637,0.18071548462056694,0.16798148417209494,0.33084174581640163,0.1628602616443067,0.19999999999999976,0.1999967838060139,115.25894807747571,28.814157810548032,-1.1584340031678408e-05,-4.822508461455044e-05,0.45132134985586114,0.4513208871207793,0.16297304575904414,19.369276571998366,51.628154323826045,23.364118161286008,42.80067379803724,19.478400987708238,51.33891640443411
49.18811470485,0.03183168259789583,0.16798275371341828,0.33038981925298117,0.16240706553956288,4.22984402833e-13,0.543110505777,116.31646735964958,29.179806302661,0.20055363321802896,0.20055686653253366,145.49627366231056,145.6811074478779,-0.12687560439741397,1.5867614335695874,0.20055353650082958,0.03256292611606949,0.1804520050209182,0.20055408076765605,0.03256286153955272,0.18045182609093408,0.16802042068972978,0.33068599974522894,0.16266557905549917,0.19999999999999996,0.1999967674369069,116.39748925573286,29.09878440657769,-1.1584303449829747e-05,-4.822514781954723e-05,0.450662870200425,0.4506624233386595,0.1627782283484992,18.691227244918434,53.501034838248465,23.35810618316001,42.8116899614468,18.80257585379928,53.18420240798754
49.63811470485,0.03189418259789584,0.16802008565956592,0.33024094757693423,0.16222086191736831,4.36056539222e-13,0.542696231497,117.46022806500223,29.46673657654918,0.20055363321795527,0.20055688266881036,146.9269646415514,147.11361593093486,-0.12687560441114742,1.5867614335690767,0.20055353650088512,0.032468000936700436,0.18018879248360714,0.20055406890084226,0.032467938623941914,0.18018861957388407,0.16805794908881563,0.3305358861491643,0.16247793706034866,0.20000000000000015,0.1999967511692034,117.5420490540887,29.3849155874627,-1.1584335635195231e-05,-4.822512011948277e-05,0.4500055202445539,0.4500050884178563,0.16259045640736863,18.023878762833384,55.48195331085318,23.35201765471641,42.82285217431865,18.137384892965656,55.134739980504946
50.08811470485,0.03195668259789584,0.16805603054549084,0.3300976073025586,0.16204157675706776,4.49637075787e-13,0.542279455472,118.60989550034621,29.755148646114005,0.20055363321794906,0.20055689777445607,148.36504414646024,148.55352232576374,-0.12687560439678114,1.5867614335692306,0.2005535365008848,0.03237337744103647,0.17992603324987874,0.20055405749648572,0.03237331732072848,0.17992586618029238,0.16809409534703032,0.3303913011163022,0.1622972057692719,0.19999999999999993,0.19999673592874215,118.69251959124445,29.672524555215773,-1.1584325931845996e-05,-4.822512027491399e-05,0.4493493023741569,0.44934888513268245,0.16240959995611798,17.367636711419706,57.57835775908832,23.34573654163561,42.834373557525794,17.483274504241905,57.19752325328837
50.53811470485,0.03201918259789584,0.16809061630094765,0.32995968609424736,0.1618690697932997,4.63748139929e-13,0.541860071961,119.76536165312847,30.04501541470846,0.200553633217968,0.20055691362105754,149.81037706783695,150.0006913515993,-0.12687560440389767,1.5867614335696703,0.2005535365008277,0.03227905550785253,0.17966372897124375,0.20055404635360652,0.03227899762939334,0.17966356789675902,0.16812888770493079,0.3302521316844152,0.1621232439794844,0.19999999999999998,0.19999671995789178,119.84879303861459,29.961584029222358,-1.1584298231781531e-05,-4.822514875213457e-05,0.4486942207137354,0.4486938184444953,0.16223551769417685,16.72310766322396,59.79749817667653,23.339223370887506,42.84632715102952,16.840849567324266,59.37942714839436
50.98811470485,0.03208168259789583,0.1681238698885095,0.3298270705957359,0.1617032007072264,4.78412891728e-13,0.54143797909,120.92651818349249,30.336309703594083,0.20055363321806516,0.2005569286226719,151.26282788708656,151.4549873176495,-0.12687560440642898,1.5867614335703593,0.20055353650077204,0.032185035074108415,0.1794018814675822,0.20055403429333374,0.03218497927417848,0.17940172595094642,0.1681623540464948,0.3301182663178866,0.1619559122713918,0.19999999999999976,0.19999670481601692,121.01076074851696,30.25206713856963,-1.1584254810959038e-05,-4.822517650771019e-05,0.44804027980827826,0.44803989141927275,0.16206807010539995,16.090889324918745,62.14696899638577,23.332480224186934,42.85870984960181,16.210591439553387,61.688063864223246
51.43811470485,0.03214418259789583,0.16815582466697396,0.3296996445065921,0.16154381983961816,4.93655575619e-13,0.541013078963,122.09325644050678,30.62900425593742,0.20055363321799333,0.20055694399441892,152.72226069644418,152.9162741434791,-0.126875604393073,1.5867614335712994,0.2005535365006649,0.03209131598768363,0.17914049231729723,0.20055402465972227,0.03209126252553757,0.17914034309874916,0.1681945240238629,0.3299895864078741,0.16179506238401123,0.20000000000000012,0.19999668934517464,122.17831416784466,30.54394652859952,-1.1584195558356214e-05,-4.82252299205399e-05,0.4473874835997073,0.447387110939617,0.16190710882613057,15.471803317651316,64.63370684522147,23.32564471706757,42.871269460273126,15.593432520279125,64.12956215377908
51.88811470485,0.03220668259789584,0.16818650905391722,0.32957728195772196,0.16139077290380474,5.09501571131e-13,0.540585277558,123.26546747833754,30.923071741018084,0.20055363321800143,0.20055695907664425,154.18853921935565,154.3844153794772,-0.12687560440611811,1.5867614335723579,0.20055353650049715,0.03199789707040317,0.1788795602364987,0.20055401492763675,0.03199784585242701,0.17887941707314178,0.1682254287690169,0.32986596742642355,0.16164053865740666,0.1999999999999999,0.19999667415806124,123.35134418219474,30.837195037160917,-1.1584128856156894e-05,-4.822531357584481e-05,0.44673582888162094,0.44673547134383323,0.161752478088635,14.865398769507593,67.27031111006815,23.318705173198246,42.88402776108543,14.988978388447414,66.715687626232
52.33811470485,0.03226918259789584,0.16821594961618475,0.3294598715109195,0.16124392189473474,5.25977451162e-13,0.540154483847,124.44304207298154,31.21848475823882,0.20055363321784833,0.20055697571299927,155.66152683122036,155.8592742274007,-0.1268756043941388,1.58676143357223,0.200553536500579,0.03190477825922818,0.17861908705182708,0.20055400398646875,0.031904729188688266,0.1786189496909224,0.16825509582905127,0.329747299186694,0.16149220335764272,0.20000000000000023,0.19999665740217798,124.52974177885683,31.131785052363515,-1.1584136916376053e-05,-4.822527275294419e-05,0.4460853202158915,0.4460849771692134,0.1616040400635942,14.27089858079256,70.07267232253453,23.311515418562074,42.89725408429424,14.396386197730214,69.46187649214798
52.78811470485,0.03233168259789583,0.16824417656472504,0.3293473071829265,0.16110313061820145,5.43111040554e-13,0.539720609174,125.62587073831222,31.51521584136934,0.20055363321793573,0.20055699142246447,157.14108657968157,157.3407135609894,-0.12687560440638457,1.586761433571461,0.2005535365006113,0.031811959539643074,0.17835907473308746,0.20055399473298902,0.031811912760496094,0.17835894359548135,0.16828355244575638,0.32963347272003046,0.16134992027427408,0.2000000000000001,0.19999664159227523,125.7133970075843,31.427689572097268,-1.1584185366508848e-05,-4.8225256654710336e-05,0.44543596252193246,0.44543563501739036,0.16146165844623428,13.688421027810842,73.05444491868671,23.304064817648957,42.91096887280652,13.815748417855689,72.38116747317028
53.23811470485,0.03239418259789583,0.1682712157597334,0.3292394767205215,0.16096826096078812,5.6092594431e-13,0.539283565406,126.81384374303758,31.81323746253093,0.20055363321792086,0.20055700694202575,158.62708120556852,158.82859594665052,-0.12687560440923784,1.5867614335715126,0.2005535365005801,0.03171944091750339,0.17809952531521073,0.20055398532818963,0.03171939641708173,0.17809940038383545,0.16831082608432685,0.32952437816559055,0.1612135520812637,0.19999999999999996,0.1999966259751663,126.90220017616609,31.72488102940241,-1.1584182124657616e-05,-4.822527220893491e-05,0.44478776088180316,0.4447874488767719,0.16132519581541707,13.117793756650885,76.23233133185887,23.296327563405917,42.92522060733766,13.246879177129843,75.48947843703868
53.68811470485,0.03245668259789583,0.1682970931213529,0.3291362754947339,0.160839182373381,5.79457853509e-13,0.538843269421,128.00685112690428,32.112522036526336,0.20055363321807243,0.20055702253332244,160.11937316343062,160.3227836642037,-0.12687560440514112,1.5867614335713376,0.20055353650063765,0.0316272225659956,0.17784044131185572,0.20055397551015847,0.03162718025430572,0.17784032235211936,0.16833694280258632,0.32941991129284376,0.16108296849025744,0.2000000000000002,0.19999661028624605,128.09604128958597,32.02333187384463,-1.158419314917225e-05,-4.8225243520771954e-05,0.44414072157314355,0.44414042448175056,0.16119452179256108,12.558742921199697,79.62580381448505,23.288282506600773,42.94004934526891,12.689555276336145,78.80496819812349
54.13811470485,0.03251918259789584,0.16832183560636144,0.32903759993303894,0.1607157643266775,5.98738740526e-13,0.538399641996,129.20478271755297,32.41304192481192,0.20055363321797542,0.20055703784942863,161.6178246423649,161.82313872768646,-0.1268756044010888,1.5867614335713158,0.20055353650066648,0.03153530463958237,0.17758182519498547,0.20055396605748063,0.031535264537326316,0.17758171228289898,0.16836192875132874,0.32931996749802306,0.16095803874669432,0.19999999999999993,0.1999965948765334,129.2948100425392,32.32301459982567,-1.1584194525848801e-05,-4.8225229132281555e-05,0.4434948507694618,0.44349456878153776,0.161069505532555,12.011656677033844,83.25246274412663,23.279861727703,42.95558159651788,12.144246129947678,82.34352213382786
54.58811470485,0.03258168259789583,0.1683454713907414,0.32894334183934537,0.16059787044860396,6.18802061398e-13,0.5379526079,130.4075281469177,32.71476943992247,0.20055363321808511,0.20055705157982015,163.12229758684015,163.32952290620946,-0.12687560441128065,1.5867614335704254,0.200553536500737,0.03144368782493503,0.17732368094796314,0.20055395779629612,0.031443650048011945,0.17732357442825233,0.1683858114816395,0.32922443657712874,0.16083862509548924,0.2,0.19999658106455018,130.498395774078,32.623901812762156,-1.1584250636520466e-05,-4.8225193971518365e-05,0.4428501584188541,0.44284989239532113,0.16095000918491556,11.477009381054076,87.13071208696334,23.271132317631277,42.97169498891784,11.611348709625625,86.12263958372172
55.03811470485,0.03264418259789583,0.1683680268902152,0.3288533894847296,0.16048536259451437,6.39682862715e-13,0.537502095084,131.6149768682526,33.01767684938944,0.20055363321797234,0.20055706432548667,164.63265371764206,164.84179774486176,-0.1268756044164321,1.5867614335710398,0.20055353650067556,0.031352371725822566,0.1770660095157243,0.200553949436849,0.03135233620584527,0.17706590921418294,0.16840861835794707,0.32913320907159266,0.1607245907136456,0.19999999999999993,0.19999656823354345,131.70668795493233,32.92596576270973,-1.1584211911941367e-05,-4.8225224613673845e-05,0.4422066468812131,0.4422063963870066,0.16083589583189334,10.95492185013152,91.28317058583075,23.262364080917774,42.98789222460432,11.090831882751658,90.16456209702261
55.48811470485,0.03270668259789584,0.16838952846795852,0.32876763228129086,0.16037810381333234,6.6141786159e-13,0.537048035136,132.82701817252973,33.321736380190266,0.20055363321797923,0.20055707734542363,166.14875455272002,166.35982458565806,-0.12687560440974854,1.5867614335720377,0.2005535365005613,0.031261354897137585,0.1768088088787931,0.20055393987633288,0.031261321454705795,0.1768087143064668,0.16843037643670344,0.32904617675599124,0.1606158003192878,0.19999999999999965,0.19999655510930497,132.91957600647456,33.22917854624545,-1.1584149028909252e-05,-4.822528159031947e-05,0.44156431111307715,0.44156407492707683,0.16072703009792724,10.445090784894383,95.73875618641755,23.253442667267276,43.00438495533613,10.582451330184497,94.49606417254986
55.93811470485,0.03276918259789584,0.16841000522959237,0.32868596903044817,0.1602759638008558,6.84045526389e-13,0.536590347895,134.04354120536445,33.626920222739564,0.20055363321796885,0.20055708986824294,167.670461428104,167.8834645885225,-0.12687560442032897,1.5867614335724456,0.2005535365004615,0.03117063783535582,0.17655208250076185,0.20055393208736533,0.031170606653067416,0.1765519941917038,0.16845111175023925,0.32896323550134815,0.1605121237511089,0.20000000000000004,0.19999654250975374,134.13694886146817,33.53351256663582,-1.1584123327246232e-05,-4.82253313394132e-05,0.44092315976446056,0.440922939220417,0.16062328173157092,9.946986358385079,100.53296184095228,23.243980304362413,43.02189155668493,10.085749760551206,99.14979290001223
56.38811470485,0.03283168259789583,0.16842948022701157,0.32860829810806946,0.1601788178810579,7.07606164789e-13,0.536128910842,135.26443498381713,33.93320053528151,0.20055363321818528,0.20055710266950985,169.19763551909864,169.41257875230457,-0.12687560439073042,1.5867614335725306,0.2005535365005907,0.031080222108332653,0.17629583690017372,0.20055392411765194,0.031080193148856378,0.17629575476697212,0.16847084918823474,0.3288842857500131,0.16041343656177837,0.19999999999999998,0.19999652962808642,135.35869559400106,33.838939925097584,-1.1584117964869023e-05,-4.822526691317108e-05,0.44028320911484664,0.44028300399445647,0.16052452619931148,9.460831477973903,105.69895493098417,23.23387350260069,43.04060620318281,9.600941840347401,104.15644804737364
56.83811470485,0.03289418259789583,0.168447981016256,0.3285345138646479,0.1600865328483919,7.32142015663e-13,0.535666791917,136.48958841309675,34.240549447818616,0.20055363321801184,0.20055711639943732,170.7301378609154,170.94702793582232,-0.1268756044055741,1.5867614335715385,0.20055353650063024,0.030990108976884166,0.17604007775754976,0.20055391680827567,0.030990082304506436,0.17604000200098396,0.16848961533049228,0.32880922118118006,0.16031960585068777,0.19999999999999996,0.19999651583114525,136.5847051413612,34.14543271955417,-1.158418049262977e-05,-4.8225247206712396e-05,0.4396444733508325,0.4396442841555245,0.16043063050850404,8.986613618709775,111.27662125342069,23.223165439235395,43.06045197053569,9.128002915005586,109.55298867796078
57.28811470485,0.03295668259789583,0.1684655315745644,0.3284645173363685,0.1599989857618041,7.57697344432e-13,0.535322471525,137.7188903034205,34.548939066763474,0.20055363321796857,0.20055713079431617,172.267829370184,172.48667287892548,-0.12687560440981516,1.586761433572481,0.20055353650051738,0.030900299624945067,0.17578481056378298,0.20055390948028404,0.03090027519634242,0.1757847410793736,0.16850743467008164,0.32873794382225857,0.16023050915217693,0.20000000000000007,0.19999650136793934,137.81486619789803,34.45296317228594,-1.1584121095697952e-05,-4.8225303483917514e-05,0.43900696618543633,0.43900679265428244,0.16034147210867844,8.524396395677998,117.31035883162538,23.211845528628785,43.0814516134286,8.667040798701686,115.37963455182984
57.73811470485,0.03301918259789584,0.16848215940212427,0.32839820296608613,0.15991604356396186,7.84318543721e-13,0.534975025205,138.95222938683932,34.85834147879337,0.20055363321797745,0.20055714460244964,173.81057086563268,174.031374223574,-0.126875604428478,1.5867614335732265,0.20055353650034677,0.030810795349479038,0.1755300411595663,0.20055390294872263,0.030810773214650762,0.17552997810815896,0.16852433393420982,0.3286703467648958,0.160146012830686,0.20000000000000018,0.1999964874987782,139.04906720234865,34.761503663284,-1.158407411105955e-05,-4.822538854920566e-05,0.43837070220527036,0.43837054473996817,0.1602569172717294,8.074904916089302,123.84046752148045,23.199816621058723,43.10378897962018,8.218747845299738,121.6730357011616
58.18811470485,0.03308168259789583,0.16849789065193893,0.3283354608163353,0.15983757016439637,8.12054239831e-13,0.534624304932,140.18949433413735,35.168728755248644,0.20055363321811234,0.20055715846143565,175.35822308938603,175.58099253492713,-0.1268756044289887,1.5867614335737474,0.20055353650028995,0.030721598035202365,0.175275777091994,0.20055389607316335,0.030721578111560385,0.17527572025685811,0.16854034011815863,0.32860632202882,0.16006598191066138,0.19999999999999993,0.19999647357374947,140.28719685934996,35.071026230036054,-1.1584041281764712e-05,-4.822541688209725e-05,0.4377357002585328,0.437735558317817,0.16017683092862994,7.638204088097984,130.92082752256147,23.187063103664077,43.127497239699046,7.783137971350199,128.4828823131504
58.63811470485,0.03314418259789583,0.16851275364902096,0.32827618615701276,0.1597634325079918,8.4095540371e-13,0.534270184143,141.43057377159585,35.48007295619688,0.20055363321795458,0.20055717235813078,176.91064672779274,177.13538832243475,-0.1268756044573771,1.5867614335735503,0.20055353650023772,0.030632709046440117,0.17502202446103782,0.20055389049387043,0.03063269144186808,0.17502197416858284,0.16855547974372054,0.32854576352630377,0.15999028378258323,0.2000000000000001,0.19999645962913737,141.52914371153315,35.38150301625958,-1.1584053705160358e-05,-4.822544292792941e-05,0.437101975579362,0.43710184997841117,0.16010108037802542,7.213948210058157,138.62034642912113,23.173620159647946,43.1525153649188,7.3599426849622,135.87062329210733
59.08811470485,0.03320668259789583,0.16852677228783564,0.3282202749238264,0.15969350263599075,8.71075467737e-13,0.533912594344,142.67535629788998,35.79234613497793,0.20055363321798533,0.20055718507970252,178.4677024328679,178.69442206092896,-0.12687560442360413,1.5867614335742342,0.2005535365002424,0.030544129942952303,0.1747687899567663,0.20055388444278868,0.03054411455359344,0.17476874592899452,0.16856977848580654,0.32848856855798375,0.1599187900721772,0.19999999999999996,0.19999644684924878,142.77479606894528,35.69290636392261,-1.1584010606302542e-05,-4.8225440585358825e-05,0.4364695448756103,0.4364694349201499,0.16002953715673962,6.802020014795567,147.01515106171806,23.159450039544872,43.17891825118883,6.948983153137072,143.9059468072759
59.53811470485,0.03326918259789583,0.1685399739816174,0.32816762496388624,0.15962765098226883,9.02470449292e-13,0.533551460554,143.92373050076773,36.10552034199456,0.20055363321779943,0.20055719738059122,180.0292508427623,180.25795421170582,-0.1268756044323638,1.5867614335748859,0.2005535365001265,0.030455862325883085,0.17451608042207195,0.20055387934813407,0.030455849199574538,0.17451604281433422,0.16858326192041245,0.328434634818983,0.15985137289857054,0.20000000000000012,0.199996434506931,144.02404256725595,36.005208275506355,-1.158396953915286e-05,-4.822549838356949e-05,0.43583842523679456,0.4358383313147996,0.15996207329533957,6.402447284486351,156.1902746818519,23.144526118571186,43.206760634325505,6.550309265497483,152.66454749965948
59.98811470485,0.03333168259789583,0.16855238363529781,0.32811813374462057,0.15956575010932275,9.35199078749e-13,0.533186708217,145.17558497404497,36.419567629404305,0.20055363321802974,0.20055720882067093,181.59515260344924,181.82584524359444,-0.12687560442034007,1.5867614335743963,0.20055353650026228,0.03036790790324318,0.17426390304145944,0.20055387455688253,0.030367897056475933,0.174263871919787,0.16859595570586722,0.32838385967784184,0.15978790397197462,0.20000000000000007,0.19999642302799933,145.2767716435357,36.31838095991353,-1.1584000392250715e-05,-4.8225430682169446e-05,0.4352086346055778,0.43520855688195537,0.15989856041519337,6.014862497309531,166.2548396488371,23.128870647472134,43.236006428584304,6.163609911704166,162.2425841877316
60.43811470485,0.03339418259789583,0.16856402496333808,0.3280717037558442,0.15950767879250613,9.69322936128e-13,0.532818265365,146.43080833444745,36.73446005481039,0.20055363321797076,0.2005572188684042,183.16526838925788,183.39795565400652,-0.12687560443020995,1.5867614335744997,0.20055353650021182,0.030280268052225418,0.17401226408568282,0.20055386947134002,0.030280259344792282,0.1740122390660849,0.16860788397189416,0.3283361466134799,0.1597282626415857,0.19999999999999984,0.19999641293434148,146.53287173725033,36.63239665200749,-1.158399386413933e-05,-4.8225455839823184e-05,0.4345801886426117,0.43458012615837893,0.15983887778194406,5.638944529980387,177.33815161389398,23.112493933443307,43.2666419677463,5.788504396384681,172.75619599158787
60.88811470485,0.03345668259789584,0.1685749229951238,0.32802823993265895,0.15945331693753514,1.00490659335e-12,0.532446063036,147.6892892381775,37.050169686039446,0.20055363321832623,0.2005572288921089,184.73945892421693,184.97414598995869,-0.1268756044179753,1.5867614335746958,0.2005535365002132,0.03019294434874624,0.17376117042868422,0.20055386503565958,0.030192937859391533,0.17376115175548168,0.16861907066686,0.3282913998336274,0.15967232916676738,0.2000000000000001,0.19999640287160123,147.7922316709276,36.94722725328932,-1.1583981518459296e-05,-4.822545515148491e-05,0.4339531045149569,0.4339530578802834,0.15978290557203237,5.274498778369421,189.5914743787549,23.095345277833108,43.29876812709092,5.4248440941130625,184.33709479046246
61.33811470485,0.03351918259789584,0.1685851006846434,0.3279876487558327,0.15940254807118928,1.04201776374e-12,0.532070034366,148.95091639801254,37.36666860469274,0.20055363321798203,0.2005572374933048,186.31758500270524,186.55427686906458,-0.12687560442553591,1.5867614335748383,0.20055353650019064,0.030105938500236407,0.17351062935807826,0.2005538608445252,0.03010593416772172,0.17351061687320957,0.16862953915185197,0.32824952589354717,0.1596199867416952,0.1999999999999999,0.19999639422334317,149.05473982176298,37.26284518094229,-1.1583972525652797e-05,-4.822546639804415e-05,0.4333274004227841,0.4333273692429253,0.15973052689874337,4.921446329902593,203.19230018298146,23.07739926570866,43.33243917506456,5.07250376337992,197.1413027269354
61.78811470485,0.03358168259789583,0.16859458162525787,0.32794983611127476,0.1593552544860169,1.08072745948e-12,0.531690115297,150.2155785995333,37.68392891112696,0.20055363321795297,0.20055724562871494,187.89950751066027,188.13820900048756,-0.1268756044268904,1.5867614335745996,0.20055353650021035,0.030019252217925986,0.17326064820935533,0.20055385688480049,0.03001925000821322,0.17326064183250972,0.16863931271107882,0.328210431656738,0.1595711189456592,0.19999999999999996,0.19999638604047681,150.3202850697428,37.57922244091749,-1.158398756917478e-05,-4.822545657257038e-05,0.43270309468582974,0.43270307876021663,0.15968162526074334,4.579700516109037,218.35488946984916,23.058654001835972,43.36766577617142,4.731386745614944,211.35452537816772
62.23811470485,0.03364418259789583,0.16860338793659604,0.32791471013051765,0.1593113221939216,1.1211101567e-12,0.531306244456,151.483164718286,38.001922727969585,0.20055363321796088,0.20055725373150576,189.4850874462556,189.72580320584908,-0.12687560443864765,1.5867614335745623,0.2005535365001886,0.029932887165999254,0.1730112342190508,0.20055385241534393,0.029932887032629522,0.17301123383361416,0.16864841416697715,0.328174025833034,0.15952561166605686,0.19999999999999993,0.19999637788417773,151.5887562939378,37.8963311523178,-1.1583989922847593e-05,-4.822546741944933e-05,0.4320802053766987,0.4320802044140979,0.15963608646640443,4.249438750971276,235.32519436159288,23.03905423148398,43.4045594907039,4.401647323561516,227.1876700904941
62.68811470485,0.03370668259789583,0.1686115444560255,0.32788217512006845,0.15927063066404296,1.16324396983e-12,0.530918363117,152.75356373627426,38.3206222046282,0.20055363321804456,0.20055726135551438,191.07418594090242,191.31692044008724,-0.12687560442978807,1.5867614335746185,0.20055353650021124,0.02984684541081993,0.17276239582391745,0.20055384810062898,0.029846847203705888,0.17276240101279527,0.16865686727603937,0.3281402133968984,0.15948334612085904,0.2000000000000002,0.1999963701998822,152.8600423138246,38.21414362707786,-1.1583986381236144e-05,-4.822545612848117e-05,0.43145875356543256,0.43145876652418746,0.15959379165143847,3.9311512384025975,254.37840961986106,23.018601092307502,43.44312653883151,4.083735033755912,244.87386956647757
63.13811470485,0.03376918259789584,0.16861907691628594,0.3278521337286564,0.15923305681237046,1.20721083094e-12,0.530526415215,154.02666475849722,38.63999952132265,0.20055363321806285,0.2005572675843529,192.66666427981988,192.9114218122574,-0.12687560442932178,1.5867614335743911,0.20055353650023436,0.029761128548080475,0.17251414013952732,0.2005538449884244,0.0297611321134042,0.17251415047295163,0.16866469651909774,0.3281088964247833,0.15944419990568556,0.2000000000000002,0.19999636390347006,154.1340319784453,38.532632301374555,-1.1584000714215392e-05,-4.8225444604366174e-05,0.430838757022541,0.43083878282934424,0.15955461832669768,3.6241431053323194,275.92729396603227,22.99736294024688,43.483246431265165,3.7770649140416133,264.75584157486963
63.58811470485,0.03383168259789583,0.16862600480705708,0.3278244993670561,0.15919849455999902,1.25309668364e-12,0.530130346877,155.3023570295928,38.960026893331914,0.2005536332179968,0.20055727398420453,194.2623839229247,194.5091686062693,-0.1268756044318642,1.5867614335742892,0.2005535365002442,0.02967573807520177,0.17226647403137318,0.20055384129389972,0.029675743318594634,0.17226648925021557,0.1686719231953692,0.3280799897197459,0.1594080665243767,0.19999999999999984,0.19999635743077115,155.41061475252175,38.85176917040294,-1.1584007131304475e-05,-4.8225439686078175e-05,0.430220232893983,0.43022027090168435,0.15951845992227157,3.327555464981384,300.5209110783656,22.975331227390516,43.52494378004132,3.480817762321754,287.2888120787415
64.03811470485,0.03389418259789583,0.16863234980858924,0.32779918828993726,0.15916683848134802,1.300991685e-12,0.529730106648,156.58052995029095,39.28067657513068,0.2005536332179812,0.2005572794573303,195.8612065254216,196.11002230155555,-0.1268756044254138,1.5867614335743172,0.2005535365002681,0.029590675596810223,0.1720194047100798,0.2005538375538433,0.029590682419304695,0.17201942454067418,0.16867856840614626,0.32805340887675677,0.1593748404706105,0.1999999999999999,0.19999635187843362,156.68967974582884,39.17152677959278,-1.1584005377152096e-05,-4.822542777338512e-05,0.429603199187654,0.42960324871279676,0.15948521085877285,3.041351065595774,328.8012394597099,22.95251939645835,43.56820193578851,3.1948792758953433,313.0008722222397
64.48811470485,0.03395668259789583,0.1686381336267641,0.3277761173757717,0.15913798374900762,1.35099041581e-12,0.529325643799,157.86107309385594,39.601920864439386,0.20055363321799632,0.200557283656149,197.46299395829533,197.71384459366212,-0.12687560442836698,1.5867614335743057,0.20055353650025323,0.029505942457302134,0.17177293866410429,0.20055383445061364,0.02950595072192081,0.17177296272091488,0.1686846528915472,0.32802907093507694,0.15934441804352975,0.19999999999999976,0.19999634759124232,157.9711163822047,39.491877576090616,-1.1584006098797062e-05,-4.8225435189674926e-05,0.42898767210790006,0.4289877321876428,0.1594547673635293,2.765222922327834,361.6344967798021,22.928894607629125,43.61309243696686,2.919087546890961,342.57280192403687
64.93811470485,0.03401918259789583,0.168643373527451,0.3277552050422241,0.1591118315147731,1.40319210174e-12,0.528916900883,159.1438762225259,39.92373210636434,0.20055363321793773,0.20055728878820586,199.0676083288902,199.32049741475774,-0.1268756044398689,1.5867614335744231,0.2005535365002123,0.029421540449649168,0.17152708372047012,0.20055382942569952,0.029421550238136973,0.17152711225382702,0.16869019701220694,0.3280068944522367,0.15931669744002974,0.20000000000000026,0.19999634237315464,159.25481477814046,39.81279355074978,-1.1583998693609487e-05,-4.822545560667635e-05,0.4283736712020177,0.42837374246153764,0.15942702756293542,2.4990729896590103,400.1483766732425,22.904348317329216,43.659832017285964,2.653288450110478,376.89079751519733
65.38811470485,0.03408168259789583,0.16864809148680537,0.32773637082005036,0.159088279333245,1.45770084892e-12,0.528503819732,160.4288293037595,40.246082697568326,0.200553633217998,0.2005572933248512,200.67491200132784,200.9298429540529,-0.1268756044284336,1.586761433574295,0.20055353650026292,0.02933747166097804,0.1712818486033416,0.20055382390948692,0.029337482930542093,0.1712818815010569,0.16869522080657756,0.3279867992750083,0.15929157846843073,0.20000000000000034,0.19999633774662712,160.54066452343562,40.13424747789224,-1.1584006776033107e-05,-4.822543036020477e-05,0.4277612182578331,0.4277613004169508,0.1594018911959267,2.242924504640696,445.84648209556855,22.87886120316427,43.70846918996539,2.397322303449909,417.1320637867225
65.83811470485,0.03414418259789583,0.16865230724437177,0.3277195355338059,0.15906722828943412,1.51462588638e-12,0.528086347848,161.71582252642636,40.56894509016602,0.20055363321799793,0.20055729750971776,202.28476761659238,202.54174367812377,-0.12687560443824797,1.5867614335744056,0.2005535365002279,0.0292537379632642,0.17103724145128218,0.2005538178037349,0.02925375066321223,0.17103727857754353,0.1686997439185143,0.3279687068270817,0.15926896290856737,0.19999999999999993,0.19999633346617815,161.82855577721602,40.45621183937637,-1.1583999803832512e-05,-4.8225447824012946e-05,0.42715033360068627,0.42715042632022265,0.15937925997431832,1.9966275681895223,500.8445320159372,22.85249407194454,43.75889987551407,2.1510333327867652,464.89284231800013
66.28811470485,0.03420668259789583,0.1686560423046074,0.3277046215866604,0.15904857928205302,1.57408182276e-12,0.527664439117,163.00474631703298,40.89229179600164,0.20055363321821348,0.2005572999952249,203.89703811303463,204.15606235113296,-0.12687560443481738,1.5867614335742544,0.20055353650025887,0.029170340935504857,0.17079326958491325,0.20055381273781836,0.029170354848704255,0.17079331031601985,0.16870378569243455,0.32795253973155697,0.15924875403912242,0.19999999999999973,0.1999963308781294,163.1183786135096,40.778659499525034,-1.1584009329546063e-05,-4.822543238081067e-05,0.4265410355131797,0.4265411372354972,0.1593590371098114,1.7598929040686502,568.2163941272371,22.82524642090649,43.81113708739911,1.9142658337204552,522.3934849510731
66.73811470485,0.03426918259789584,0.16865931400419454,0.32769155348151285,0.15903223947731832,1.63618891657e-12,0.527238051554,164.29549135585094,41.21609539033585,0.20055363321796066,0.200557301948953,205.5115867461868,205.77266205494257,-0.12687560444062385,1.5867614335735447,0.20055353650031624,0.029087282394177794,0.17054994105592003,0.20055380743016,0.0290872974867432,0.1705499853026766,0.16870736508510978,0.3279382221611438,0.15923085707603404,0.19999999999999982,0.19999632881773824,164.4100238674413,41.10156287874551,-1.1584054060431725e-05,-4.822540378146556e-05,0.4259333441036826,0.42593345460602394,0.15934112775270426,1.5324670867773436,652.5425626614406,22.79707799815609,43.86527080711324,1.6868547594750523,592.8192657862252
67.18811470485,0.03433168259789583,0.16866214099922786,0.3276802561100892,0.15901811511086136,1.70107336228e-12,0.526807148493,165.58794859254556,41.54032851638819,0.20055363321803296,0.20055730404092387,207.12827710893376,207.39140620911093,-0.12687560443649382,1.5867614335735218,0.20055353650033808,0.029004564153125113,0.1703072639470352,0.20055380173219492,0.029004580349690903,0.1703073114980414,0.16871050072250118,0.32792567961168667,0.1592151788891855,0.19999999999999993,0.19999632661691563,165.70338254865644,41.42489456027732,-1.1584055492619427e-05,-4.822539289017769e-05,0.42532727955810273,0.42532739831251437,0.15932543870838559,1.3141610036218772,760.9417698774826,22.76797735106353,43.921336734520615,1.4685859364061662,680.9271253455817
67.63811470485,0.03439418259789583,0.168664540065539,0.32767065744252644,0.15900611737698744,1.76886758726e-12,0.526411877382,166.8820092624644,41.864963888735986,0.20055363321801173,0.20055730703329008,208.7469731512004,209.0121585907677,-0.12687560444104573,1.5867614335734421,0.20055353650034122,0.028922188051259665,0.1700652464534117,0.20055379460938438,0.028922205428533555,0.17006529754342464,0.16871321065350714,0.3279148398876801,0.15920162923417297,0.20000000000000004,0.19999632351352536,166.99834597638375,41.74862717481667,-1.1584060521929729e-05,-4.822539132476322e-05,0.42472286234310735,0.42472298993587426,0.15931187966995547,1.1050031391874873,904.9748046284317,22.73794465834731,43.97934883850158,1.2593543654553219,794.0576754489974
68.08811470485,0.03445668259789583,0.16866653289581926,0.32766268508398605,0.1589961521881668,1.83971056446e-12,0.526080251074,168.17756490215018,42.18997429765732,0.200553633218028,0.20055730709106384,210.3675391998075,210.63478335436048,-0.1268756044453312,1.5867614335733553,0.20055353650033145,0.028840155840591263,0.16982389655343344,0.20055378888484238,0.028840174212766016,0.1698239506452668,0.1687155130362313,0.3279056303567332,0.1591901173205019,0.19999999999999984,0.19999632333286313,168.29480481126407,42.072734388543466,-1.158406599532924e-05,-4.822539618754007e-05,0.42412011238400227,0.42412024747354937,0.159300359784045,0.9048403585438783,1105.167326542837,22.707002660215615,44.03927788109505,1.0590372047722942,944.2538897535824
68.53811470485,0.03451918259789583,0.1686681343331055,0.3276562683330852,0.15898813399997969,1.91374813856e-12,0.525744522857,169.47450736510825,42.515332612885445,0.20055363321798295,0.20055730746646913,211.98983997799368,212.25914505126545,-0.12687560444413215,1.5867614335736413,0.20055353650031113,0.028758469136394342,0.1695832218599303,0.20055378224534942,0.02875848851487272,0.169583278995521,0.1687174253857083,0.3278979809587216,0.15918055557301328,0.2000000000000001,0.19999632283818933,169.59265150333877,42.397188474654925,-1.158404796530732e-05,-4.8225406323876285e-05,0.42351904869315465,0.42351919138421557,0.15929079141484762,0.7133234857157327,1401.8885120495122,22.675156862426583,44.10112821124647,0.8673817047171176,1152.8949648830023
68.98811470485,0.03458168259789583,0.16866936250617098,0.3276513383651797,0.1589819758590087,1.99113337461e-12,0.525404628219,170.7727288372254,42.84101178759534,0.20055363321800027,0.2005573072914057,213.61374062482074,213.88510864925817,-0.12687560445474588,1.5867614335737499,0.20055353650028773,0.028677129593474265,0.16934323013771252,0.2005537753808725,0.028677149935541796,0.16934329019935154,0.16871896481394272,0.32789182324567234,0.15917285843172962,0.19999999999999998,0.19999632289130026,170.89177798080064,42.72196264402011,-1.1584041126333489e-05,-4.8225417992320274e-05,0.42291969066248897,0.42291984066109595,0.1592830889431337,0.5304396967336085,1885.2284362537234,22.64240651278724,44.164916809317624,0.6842221363694273,1461.51366178553
69.43811470485,0.03464418259789583,0.16867023315516833,0.32764782580242596,0.15897759264725764,2.07202691886e-12,0.525060506204,172.07212185243023,43.166984862193935,0.20055363321790354,0.2005573095737162,215.23910671462417,215.51253955183387,-0.1268756044443209,1.5867614335745601,0.20055353650017319,0.02859613877638096,0.16910392892059298,0.2005537669608115,0.028596160062269574,0.1691039918578789,0.16872014814062794,0.3278870899383521,0.15916694179772414,0.2,0.19999632048324742,172.1920773475983,43.047029367025864,-1.1583990067176586e-05,-4.822547510219266e-05,0.42232205710703447,0.42232221428731437,0.15927716821173624,0.3558260353226924,2810.3620891403225,22.60874592023041,44.23067088852528,0.5093020953026435,1963.4712074093634
69.88811470485,0.03470668259789583,0.16867076358743083,0.3276456683629257,0.15897490477549486,2.15659737816e-12,0.524712099662,173.37257930764517,43.493224968276515,0.20055363321798497,0.20055731102113275,216.86580427592168,217.14130361737517,-0.12687560444002433,1.5867614335748796,0.2005535365001537,0.02851549832464087,0.16886532599868118,0.20055375833063932,0.02851552054708053,0.1688653917979659,0.1687209914260548,0.3278837167965478,0.15916272537049303,0.19999999999999998,0.19999631890454406,173.49344172446405,43.37236255145767,-1.158396992773092e-05,-4.8225484816644126e-05,0.4217261674818983,0.4217263318097663,0.15927294886454169,0.18922062511528265,5284.83615034434,22.574176692813786,44.29840403961832,0.3423430259825719,2921.046798397197
70.33811470485,0.03476918259789583,0.168670970373112,0.3276448028349063,0.15897383246179433,2.24502171924e-12,0.524359354721,174.67399447832798,43.819705332257655,0.20055363321800765,0.200557312153305,218.4936998105856,218.77126717815642,-0.1268756044388475,1.586761433574667,0.20055353650019825,0.028435209736213655,0.16862742877780487,0.2005537500599164,0.02843523286424577,0.1686274973551045,0.16872151035381872,0.32788164108571505,0.15916013073189633,0.20000000000000023,0.19999631764841633,174.79576441909003,43.697935391495605,-1.1583983328122827e-05,-4.8225462612183634e-05,0.4211320402824782,0.4211322115481919,0.15927035242910384,0.030527094143195627,32757.785438379047,22.53878244715144,44.36796895949385,0.1831550711557382,5459.854284622521
70.78811470485,0.03483168259789583,0.16867086801136316,0.3276451661577799,0.15897429814641673,2.33748568662e-12,0.524002220887,175.97626103328443,44.14639927930993,0.20055363321803393,0.20055731305231078,220.12266031259435,220.40229705918242,-0.12687560443753743,1.5867614335744094,0.20055353650021882,0.028355274002928185,0.16839024319398135,0.20055374109291405,0.028355297903234135,0.16839031416098177,0.16872172020428505,0.3278808016839542,0.15915908147966917,0.19999999999999984,0.19999631661613118,176.09893904633165,44.02372126626271,-1.1583999559583447e-05,-4.8225452353722886e-05,0.4205396903334506,0.42053986756723005,0.15926930245024773,-0.12051714528205071,nan,22.502596188902025,44.43931676173376,0.03155005029320532,31695.67055223877
71.23811470485,0.03489418259789583,0.16867047201375357,0.3276466993776449,0.15897622736389133,2.43418424558e-12,0.52364065127,177.27927304965183,44.47328023697905,0.2005536332178966,0.20055731384330075,221.7525532866309,222.03426059685162,-0.12687560445107104,1.5867614335738573,0.20055353650021648,0.028275692340794592,0.16815377587433056,0.20055373200685644,0.028275716949691748,0.16815384904810163,0.16872163589134287,0.32788113893571075,0.15915950304436788,0.20000000000000012,0.19999631569277818,177.40285963383823,44.34969365279265,-1.1584034353973038e-05,-4.822545351945706e-05,0.4199491341854595,0.4199493169304528,0.15926972430688874,-0.2641790613218118,nan,22.465573055868028,44.51255249590881,-0.11265096538437537,nan
71.68811470485,0.03495668259789583,0.16866979715070207,0.32764934509390603,0.15897954794320396,2.53532204131e-12,0.523274602365,178.58292502757962,44.800321739100404,0.2005536332180433,0.20055731367841237,223.38324676668006,223.66702565743913,-0.1268756044503827,1.5867614335743387,0.2005535365002157,0.02819646601452972,0.167918033619173,0.20055372309807304,0.028196491297613535,0.1679181089031601,0.16872127196552147,0.3278825946389925,0.15916132267347102,0.2,0.19999631572382096,178.7074204189189,44.67582634776115,-1.1584004011577775e-05,-4.822545390803512e-05,0.4193603888217019,0.4193605768367725,0.15927154519612283,-0.4006527250144161,nan,22.427672759784812,44.58777380563112,-0.24966726163098954,nan
72.13811470485,0.03501918259789584,0.1686688571500956,0.3276530464956979,0.15898418934560227,2.64111388439e-12,0.522904033731,179.88711190532163,45.127497429141926,0.2005536332179394,0.2005573134591151,225.01460933446356,225.30046065539287,-0.1268756042920538,1.5867614335770126,0.20055353650029786,0.028117596476542606,0.16768302381738767,0.200553713947564,0.028117622403140002,0.16768310112572465,0.16872064245299034,0.32788511268952786,0.15916447023653751,0.20000000000000012,0.19999631580856225,180.0125164644679,45.00209286999563,-1.1583835501927098e-05,-4.822541294080551e-05,0.41877347269524745,0.4187736657659523,0.15927469493894214,-0.5301418540710752,nan,22.388860457573024,44.665069126452586,-0.3797565577112746,nan
72.58811470485,0.03508168259789583,0.16866766670681552,0.3276577502131378,0.1589900835063223,2.75178525854e-12,0.522528908592,181.19172907195363,45.45478106392826,0.20055363321798625,0.2005573139461845,226.64651013588187,226.93443457143687,-0.1268756044444097,1.5867614335747657,0.20055353650017527,0.02803908518683384,0.16744875391245478,0.20055370559963884,0.028039111899425408,0.16744883367591848,0.16871976086571522,0.32788863903801535,0.15916887817230013,0.20000000000000023,0.1999963151970833,181.3180432564271,45.328466879454766,-1.1583977099771658e-05,-4.822547406968525e-05,0.41818840439552757,0.41818860359769355,0.15927910592729186,-0.6528311446718861,nan,22.349163461373834,44.744404045740005,-0.5031040110594907,nan
73.03811470485,0.03514418259789583,0.16866623775097345,0.3276634013547329,0.15899716360375943,2.86757285384e-12,0.522149192642,182.49667238478793,45.78214651755984,0.20055363321791297,0.20055731335285615,228.27881890234778,228.56881697047453,-0.12687560445492352,1.5867614335745077,0.2005535365001886,0.02796093335536331,0.16721523063215057,0.2005536965830498,0.027960960667078684,0.16721531229848147,0.16871864048284665,0.3278931205695549,0.15917448008670823,0.19999999999999987,0.19999631565468962,182.6238961798741,45.65492272247367,-1.158399336453897e-05,-4.822546741944933e-05,0.41760520072456636,0.4176054046789743,0.15928471172114206,-0.7688038848119298,nan,22.308659366744955,44.82564297389734,-0.6198432225517075,nan
73.48811470485,0.03520668259789583,0.16866458390494032,0.32766994716967773,0.1590053632647374,2.9887251322e-12,0.521764855509,183.80183818052873,46.10956778455888,0.20055363321800868,0.2005573137178258,229.91140596508762,230.20347801928642,-0.12687560444865076,1.5867614335745996,0.20055353650017635,0.027883141851794427,0.16698245971297232,0.20055368720883232,0.02788316968015931,0.16698254304016127,0.16871729427640236,0.3278985053952742,0.15918121111887185,0.20000000000000007,0.19999631515098207,183.9299719608886,45.981434004199045,-1.158398756917478e-05,-4.8225473525675966e-05,0.41702387600875673,0.41702408411101033,0.1592914474146853,-0.8783961340199645,nan,22.267373127551316,44.90875480784506,-0.730186855502523,nan
73.93811470485,0.03526918259789583,0.16866271798334104,0.3276773403572939,0.15901462237395286,3.11550290931e-12,0.521375869748,185.10712329071913,46.437018983420465,0.20055363321798383,0.20055731292996148,231.5441422741396,231.83828850401625,-0.12687560444595292,1.5867614335739888,0.20055353650024088,0.02780571166961443,0.1667504472846008,0.20055367823522155,0.027805740036968556,0.16675053234388357,0.16871573467246298,0.32790474381135515,0.15918900913889217,0.20000000000000015,0.19999631580377147,185.23616687336738,46.30797540077222,-1.1584026071709275e-05,-4.822544135141271e-05,0.41644444555643256,0.4164446579844367,0.1592992508349965,-0.9818154660443659,nan,22.22524321547146,44.993883320200474,-0.8343368007448496,nan
74.38811470485,0.03533168259789583,0.16866065197055824,0.3276855306734108,0.15902487870285253,3.24817997233e-12,0.520982210919,186.41242505513353,46.76447436029802,0.20055363321810757,0.2005573121844267,233.17689941543154,233.4731198474403,-0.1268756044388808,1.586761433573717,0.20055353650032834,0.027728644065814913,0.1665192002917829,0.20055366916648387,0.027728672928085278,0.16651928695525114,0.1687139738348493,0.3279117871622486,0.15919781332739932,0.2000000000000001,0.19999631641179186,186.54237846002232,46.63452095540921,-1.1584043191348314e-05,-4.8225397741852305e-05,0.4158669267114829,0.4158671431457979,0.1593080611205871,-1.0790064510288735,nan,22.18226666678367,45.08105573797953,-0.9323367190372515,nan
74.83811470485,0.03539418259789583,0.16865839832674306,0.32769446937253555,0.15903607104579248,3.3870437294e-12,0.520583857515,187.7176413355673,47.091908292106396,0.20055363321797512,0.2005573112423862,234.80954962767368,235.10784412601018,-0.12687560444670787,1.5867614335727636,0.20055353650040023,0.027651940011408756,0.1662887248475036,0.2005536601876882,0.027651969360071783,0.1662888130935806,0.16871202401243965,0.32791958645224195,0.1592075624398023,0.2000000000000002,0.19999631721602204,187.8485044549862,46.96104517268749,-1.1584103287720637e-05,-4.822536190385307e-05,0.41529133474054525,0.4152915551272853,0.15931781698445296,-1.1698272126032794,nan,22.138512736930217,45.17015266033912,-1.0239873143333957,nan
75.28811470485,0.03545668259789583,0.16865597007119137,0.32770410442814446,0.15904813435695309,3.53239588687e-12,0.52018079107,189.02267052905103,47.419295290256215,0.2005536332179491,0.20055731045244576,236.44196581930728,236.7423340866692,-0.12687560445017176,1.5867614335725828,0.2005535365004242,0.027575600241859503,0.16605902637875336,0.20055365127301422,0.027575630089034804,0.16605911624790373,0.16870989816057771,0.3279280898598135,0.15921819169923576,0.1999999999999999,0.1999963178673178,189.1544432661356,47.28752255317167,-1.158411467860887e-05,-4.8225349935648865e-05,0.4147176831970469,0.4147179076372687,0.1593284536048694,-1.2546168634735,nan,22.0939625455294,45.2612336034916,-1.1096644233230526,nan
75.73811470485,0.03551918259789583,0.16865337791276047,0.3277143920814601,0.1590610141686996,3.68455316154e-12,0.519772995934,190.32741158127087,47.7466100036863,0.20055363321801084,0.2005573098621503,238.0740215849572,238.37646316343012,-0.12687560443649382,1.5867614335730642,0.2005535365003858,0.027499625819928437,0.16583011131856734,0.20055364220763422,0.027499656117765697,0.16583020267058018,0.16870760703189816,0.3279372543743374,0.15922964734243925,0.20000000000000012,0.1999963183169363,190.46009378105893,47.61392780389826,-1.1584084336213607e-05,-4.822536909809827e-05,0.4141459881469222,0.41414621629046144,0.15933991718134383,-1.3341063939176212,nan,22.048568707724293,45.354417933245216,-1.1900416326700014,nan
76.18811470485,0.03558168259789583,0.1686506323074676,0.32772529226773106,0.15907465996026346,3.84384802731e-12,0.519360459368,191.6317639995141,48.073827222131776,0.2005536332178413,0.2005573078724435,239.70559122164588,240.01010549371438,-0.12687560444261115,1.5867614335730647,0.20055353650030688,0.027424017768587237,0.16560198600435697,0.20055363331539078,0.027424048493730938,0.1656020787723721,0.16870516090120294,0.327947038896725,0.15924187799552206,0.20000000000000004,0.1999963201638183,191.76535505462425,47.94023616702165,-1.1584084314009147e-05,-4.822540844440226e-05,0.41357626541729386,0.4135764970971732,0.159352156304408,-1.408444307115174,nan,22.002316005288215,45.449760823344775,-1.2652954429341878,nan
76.63811470485,0.035644182597895833,0.16864774343433928,0.3277367636407618,0.15908902020642254,4.01062949804e-12,0.518943171402,192.93562786544678,48.400921879678,0.20055363321798605,0.2005573056801201,241.33654974512476,241.6431359344427,-0.12687560444551993,1.586761433572849,0.2005535365003898,0.027348777213282244,0.16537465710707383,0.20055362444182717,0.02734880833678608,0.165374751207027,0.16870256981988632,0.3279574032224063,0.15925483340251997,0.20000000000000004,0.19999632221319916,193.07012738047703,48.266422364647745,-1.1584097903138968e-05,-4.8225367099696825e-05,0.4130085316682716,0.41300876667454794,0.15936512068329442,-1.4777444242497482,nan,21.95520183108533,45.547292513801786,-1.335605458457677,nan
77.08811470485,0.035706682597895834,0.16864472072923925,0.32774876736501835,0.1591040466357791,4.18526395062e-12,0.518521124729,194.2389038480353,48.727869057445524,0.20055363321799433,0.2005573032998977,242.9667729054808,243.275430077873,-0.12687560445104884,1.5867614335728077,0.2005535365003916,0.027273905153270106,0.16514813094089228,0.20055361534172966,0.027273936596863696,0.1651482261390164,0.16869984334937863,0.32796830910444447,0.15926846575506584,0.2000000000000001,0.19999632444594906,194.37431136189105,48.59246154358977,-1.1584100501060846e-05,-4.8225366200416175e-05,0.4124428026689455,0.41244304041780633,0.15937876247652763,-1.542241406871979,nan,21.907285373744738,45.64691530418788,-1.4011545052774452,nan
77.53811470485,0.035769182597895834,0.168641573855752,0.32776126622786494,0.15911969237211293,4.36813598483e-12,0.518094314848,195.5414932156895,49.05464398711195,0.20055363321800695,0.2005573011317617,244.59613720280146,244.9068642671823,-0.12687560445093782,1.5867614335725493,0.20055353650041874,0.0271994022698449,0.1649224128790411,0.20055360627751134,0.027199434003381658,0.1649225090864848,0.16869699081568154,0.327979719239371,0.15928272842368948,0.20000000000000012,0.19999632646907628,195.67780829371503,48.918328909086455,-1.1584116788032617e-05,-4.8225352666797505e-05,0.41187909183847765,0.4118793321080246,0.1593930350223456,-1.6021230203016033,nan,21.858614632813893,45.748553455844906,-1.4620613720861528,nan
77.98811470485,0.035831682597895834,0.1686383120812295,0.32777422493971997,0.15913591285849046,4.55964932418e-12,0.517684447896,196.8432978486392,49.38122205379709,0.2005536332180233,0.200557298202003,246.2245199024363,246.53731561178287,-0.12687560443755963,1.5867614335721119,0.20055353650053628,0.02712526919959063,0.16469750817662857,0.20055359758046662,0.027125301256521413,0.16469760549723064,0.16869402131073952,0.32799159725972643,0.1592975759489869,0.1999999999999999,0.19999632925536953,196.98051974928336,49.24400015315294,-1.1584144354870318e-05,-4.8225294058124035e-05,0.4113174123010347,0.41131765535059595,0.15940789282986279,-1.6574564088926975,nan,21.809182227597628,45.85224652461231,-1.5184467807021194,nan
78.43811470485,0.035894182597895834,0.1686349436888833,0.3277876062205288,0.15915266253164553,4.76022778975e-12,0.517342533096,198.14422025083954,49.707578799088616,0.2005536332180318,0.20055729535971875,247.85179904992813,248.16666200237253,-0.12687560444415436,1.5867614335720082,0.20055353650051552,0.027051506641418352,0.1644734222949664,0.20055358839592777,0.027051538915506886,0.16447352040832253,0.16869094368324994,0.328003907769576,0.15931296408632606,0.19999999999999996,0.19999633194634245,198.28234837364056,49.569450676287595,-1.1584150894083933e-05,-4.8225304405402625e-05,0.410757777695758,0.41075802272515216,0.15942329162380675,-1.7083182781583146,nan,21.758984731363267,45.95802664260369,-1.570452059935333,nan
78.88811470485,0.035956682597895834,0.1686314778227549,0.3278013761583229,0.159169898335568,4.97031626021e-12,0.51699623224,199.44416356195129,50.033689924032686,0.20055363321796277,0.20055729279503515,249.47785348598396,249.79478212570916,-0.12687560445746593,1.5867614335715308,0.2005535365005326,0.026978115223012106,0.16425016049615326,0.200553579232887,0.026978147675989703,0.16425025928743522,0.16868776646666478,0.32801661663600423,0.15932885016933945,0.20000000000000015,0.19999633436104966,199.58319728452412,49.8946562014598,-1.15841809811279e-05,-4.8225295901094256e-05,0.41020020116427214,0.4102004478867259,0.15943918870826268,-1.7549357097568203,nan,21.70805828678189,46.0658427754869,-1.618233777719523,nan
79.33811470485,0.036019182597895834,0.16862792283715503,0.3278155020347895,0.15918757919763446,5.19038173122e-12,0.516645517999,200.7430315687748,50.35953129209696,0.20055363321799158,0.20055729031186925,251.10256286087176,251.4215554791081,-0.126875604451826,1.5867614335715121,0.20055353650054544,0.02690509536809379,0.16402772743683852,0.20055357020841783,0.026905127998187353,0.1640278269019844,0.1686844978908853,0.32802969093919027,0.15934519304830497,0.19999999999999998,0.1999963366963471,200.8829701536332,50.219592707238576,-1.1584182157964307e-05,-4.8225289495107404e-05,0.4096446943361456,0.4096449427415147,0.1594555429050114,-1.7974395487154722,nan,21.65647683560577,46.175562516054484,-1.6619044660988165,nan
79.78811470485,0.036081682597895834,0.16862428667815862,0.32782995131534065,0.15920566463718203,5.42091438395e-12,0.516290365674,202.04072871659721,50.68507893185805,0.2005536332180274,0.20055728824205843,252.7258076484553,253.04686238465592,-0.1268756044533026,1.586761433571466,0.2005535365005446,0.026832447179067305,0.16380612680564577,0.20055356115003628,0.026832479993784457,0.1638062269688929,0.1686811460458516,0.3280430983193148,0.15936195227346317,0.20000000000000004,0.1999963386167865,202.18157144479395,50.54423620366131,-1.1584185066748631e-05,-4.822528990588992e-05,0.40909126642338856,0.4090915165722036,0.1594723137362812,-1.8359759774179034,nan,21.604305343852673,46.28707028918853,-1.701588619260712,nan
80.23811470485,0.03614418259789583,0.16862057733720714,0.3278446937986912,0.15922411646148404,5.66242873548e-12,0.515930753008,203.33716012043303,51.01030903989254,0.2005536332179451,0.2005572851881811,254.34746916032557,254.6705840031354,-0.1268756044497943,1.5867614335714797,0.20055353650052674,0.026760170621301912,0.16358536187966793,0.20055355238947542,0.02676020362189513,0.1635854627462206,0.1686777186707507,0.3280568078196322,0.1593790891488815,0.19999999999999968,0.19999634152183213,203.47890585292345,50.86856330740214,-1.1584184200774672e-05,-4.822529882098081e-05,0.40853992561024977,0.408540177515508,0.1594894624793418,-1.8706460819650756,nan,21.551500756343582,46.40048093660738,-1.7374314933853425,nan
80.68811470485,0.036206682597895834,0.16861680210103552,0.32785969827258443,0.1592428961715489,5.91546484214e-12,0.51556666037,204.63223157567077,51.33519798357954,0.20055363321799766,0.20055728208301568,255.9674295592503,256.2926023476591,-0.12687560445764356,1.5867614335710472,0.20055353650058463,0.02668826606635704,0.16336543718411506,0.20055354349239615,0.026688299191924572,0.16336553856895453,0.1686742232823121,0.32807078937367623,0.15939656609136413,0.1999999999999999,0.19999634447643674,204.7748793423704,51.19255021687989,-1.1584211456749927e-05,-4.822526994407994e-05,0.40799068319803977,0.40799093639767336,0.1595069515249702,-1.9015906121405728,nan,21.49797878424543,46.51600087785181,-1.7695835750969449,nan
81.13811470485,0.036269182597895834,0.16861296843627377,0.32787493678189,0.15926196834561623,6.18058955784e-12,0.515198070825,205.92584956923284,51.65972230367456,0.2005536332181037,0.20055727842507012,257.5855718729074,257.9128002970049,-0.12687560435954426,1.5867614335731481,0.2005535365006171,0.026616734021121455,0.16314635767041033,0.20055353482145413,0.02661676726921878,0.16314645956691423,0.16867066702550534,0.32808501440106325,0.1594143473755579,0.2,0.19999634798467308,206.06939820478243,51.51617366812501,-1.158407905155201e-05,-4.822525375702824e-05,0.4074435515524987,0.40744380602996877,0.1595247451230727,-1.9290161217675443,nan,21.443732047542223,46.633673550057964,-1.7982080505269933,nan
81.58811470485,0.036331682597895834,0.16860908335060965,0.3278903819161488,0.15928129856553913,6.45839784898e-12,0.514824969841,207.21792128885963,51.98385871667086,0.20055363321795744,0.20055727411186378,259.20178000553045,259.53106160865,-0.12687560443769286,1.5867614335718576,0.200553536500507,0.026545574880456925,0.16292812795971395,0.20055352648160246,0.026545608259804468,0.16292823039548568,0.16866705677212537,0.3280994554140339,0.15943239864190853,0.19999999999999996,0.19999635215067088,207.3623695334637,51.839410472066795,-1.1584160375388564e-05,-4.822530865755681e-05,0.406898542214564,0.40689879803880763,0.1595428088903003,-1.9529666462859652,nan,21.388773406124276,46.7534991844679,-1.8234387412815354,nan
82.03811470485,0.03639418259789583,0.1686051542421889,0.3279060064978233,0.15930085225563442,6.7495142248e-12,0.514447345441,208.50835463494678,52.30758411810144,0.20055363321805464,0.2005572706892456,260.8159387530483,261.14727093150077,-0.12687560443218615,1.5867614335717215,0.20055353650058497,0.026474789039767604,0.1627107526863778,0.20055351893678908,0.026474822605319574,0.16271085583119393,0.16866339913979822,0.328114085943734,0.15945068680393576,0.20000000000000018,0.19999635544797795,208.65370155969552,52.16223719335268,-1.1584168957412544e-05,-4.822526977754649e-05,0.4063556667581183,0.40635592435313744,0.15956110971725967,-1.9737110330454413,nan,21.333129823001784,46.87544717052165,-1.8454487650442117,nan
82.48811470485,0.03645668259789583,0.16860118690258566,0.3279217872231117,0.15932060032052606,7.05459493332e-12,0.514065188076,209.79705822914661,52.63087558412095,0.20055363321791353,0.20055726690723621,262.42793381326754,262.7613138183107,-0.1268756044026098,1.5867614335718607,0.2005535365006244,0.02640437669126723,0.16249423587089862,0.2005535121433264,0.026404410587348513,0.1624943401701995,0.1686597003156976,0.3281288812403294,0.1594691809246318,0.19999999999999993,0.1999963591083358,209.9433025222907,52.484631290976836,-1.158416018665065e-05,-4.822525011549672e-05,0.4058149352239955,0.40581519570223784,0.15957961664551853,-1.9914149189330645,nan,21.27683871862491,46.99946327668684,-1.8644013811852789,nan
82.93811470485,0.03651918259789584,0.16859718512125335,0.32793769657452543,0.15934051145327208,7.3743317194e-12,0.513678489685,211.08394142408784,52.95371037457101,0.20055363321800299,0.2005572627469584,264.0376517986588,264.37307673778787,-0.12687560445563406,1.5867614335703748,0.20055353650066204,0.026334337961168776,0.16227858133829237,0.200553503612022,0.026334371917795446,0.16227868596274572,0.16865596627177556,0.3281438174162096,0.15948785114443406,0.20000000000000015,0.19999636311602437,211.23108171323187,52.806570085426976,-1.1584253822860546e-05,-4.8225231352727604e-05,0.40527635716483346,0.40527661845511526,0.1595982997948359,-2.006104598894496,nan,21.219918324725608,47.12553482521149,-1.88042499086361,nan
83.38811470485,0.036581682597895834,0.1685931561054731,0.32795371315925165,0.15936055705377855,7.70944885417e-12,0.513287245835,212.36891431386647,53.27606593503156,0.20055363321796693,0.20055725930504836,265.64498024889804,265.9824470863825,-0.1268756044547681,1.5867614335698663,0.2005535365007401,0.02626467290257737,0.16206379269465887,0.20055349481424772,0.026264706886784034,0.16206389754286435,0.16865220268885092,0.3281588717482971,0.1595066690594462,0.19999999999999996,0.19999636640095336,212.5169494464654,53.128030802432626,-1.1584285874999267e-05,-4.822519243941059e-05,0.4047399415865465,0.4047402034356294,0.15961713074164513,-2.018038772032437,nan,21.162396690083174,47.253627017993004,-1.893697437237766,nan
83.83811470485,0.036644182597895834,0.16858910554459777,0.32796981648417284,0.15938071093957507,8.0607061947e-12,0.51289145407,213.6518877419293,53.597919899257164,0.20055363321802094,0.20055725541302372,267.24980764118646,267.58931319975613,-0.12687560445143742,1.586761433569595,0.20055353650077912,0.02619538144029076,0.1618498731550036,0.2005534861884007,0.02619541544773165,0.16184997821356556,0.168648414834795,0.32817402316471844,0.15952560832992344,0.19999999999999993,0.19999637013657728,213.80081619325068,53.44899144793581,-1.1584302972433846e-05,-4.822517297720097e-05,0.4042056965183256,0.4042059588927552,0.15963608312796065,-2.02738331622143,nan,21.104295241082465,47.38371921813148,-1.904369722335984,nan
84.28811470485,0.036706682597895834,0.1685850385621058,0.32798598635046633,0.15940094778836053,8.42890118376e-12,0.512491113952,214.93277331070786,53.919250091292255,0.20055363321803857,0.20055725083164416,268.8520234020001,269.19356436392536,-0.12687560444927248,1.5867614335691456,0.20055353650085728,0.0261264634719301,0.16163682585330022,0.20055347777946037,0.02612649751477393,0.1616369311598495,0.16864460779325893,0.32818925133124965,0.15954464353799072,0.20000000000000004,0.19999637456130662,215.08259342812855,53.76942997387158,-1.1584331294223205e-05,-4.8225134008372805e-05,0.4036736297869919,0.4036738927807478,0.15965513151830502,-2.0341776953324286,nan,21.045612519343933,47.51584203504919,-1.9125161100729193,nan
84.73811470485,0.03676918259789583,0.1685809600457878,0.32800220222403575,0.15942124217824796,8.81487072119e-12,0.512086227365,216.21148339001115,54.24003452774597,0.20055363321806194,0.20055724646521503,270.4515179177571,270.79509082607984,-0.12687560445597823,1.586761433568843,0.2005535365008872,0.026057918918372232,0.16142465399799447,0.20055346937677218,0.026057952971098863,0.16142475947356671,0.16864078654071402,0.3282045363415794,0.1595637498008654,0.19999999999999984,0.1999963787717161,216.36219370089182,54.08932421686532,-1.1584350367854768e-05,-4.8225119086975354e-05,0.4031437494053538,0.4031440128212296,0.15967425101266366,-2.0385087512799753,nan,20.986343808386803,47.65003419034661,-1.9182387137597328,nan
85.18811470485,0.036831682597895835,0.16857687479133596,0.32801844528346386,0.1594415704921279,9.2194930627e-12,0.511676798372,217.48793112553525,54.56025141980974,0.20055363321795264,0.20055724167854802,272.04818254534496,272.39378380506855,-0.12687560446345003,1.5867614335682054,0.20055353650095417,0.025989747694848672,0.16121336078268658,0.20055346103950836,0.025989781693876307,0.16121346622995333,0.16863695575819523,0.328219859471988,0.15958290371379277,0.20000000000000004,0.1999963834052685,217.6395299242997,54.408652621045285,-1.1584390546826029e-05,-4.8225085691466774e-05,0.4026160633491446,0.4026163266943299,0.15969341819007368,-2.040562276697129,nan,20.926512908654146,47.78627019059877,-1.9216567327368121,nan
85.63811470485,0.036894182597895835,0.1685727872874778,0.32803469827381915,0.15946191098634135,9.64368998644e-12,0.511262833352,218.76203044677857,54.8798791754109,0.20055363321788747,0.20055723672378237,273.6419096221895,273.9895355015547,-0.1268756044747854,1.5867614335675944,0.20055353650099186,0.025921949554920228,0.16100294890131742,0.2005534528956557,0.025921983557171437,0.16100305449640215,0.1686331199512187,0.32823520270008594,0.15960208274886722,0.2,0.19999638820473117,218.9145160363061,54.72739358588337,-1.1584429060462753e-05,-4.822506689539097e-05,0.40209057834624257,0.40209084206059015,0.1597126105070284,-2.040395931688364,nan,20.866145098212368,47.92452057115578,-1.9228676420244266,nan
86.08811470485,0.036956682597895835,0.16856870165685667,0.32805094282675373,0.15948224116989707,1.00884287296e-11,0.510844340436,220.03369607509669,55.198896401117466,0.2005536332180129,0.20055723171777737,275.23259247621417,275.5822391078335,-0.12687560444798462,1.5867614335679678,0.20055353650100055,0.02585452423890796,0.160793421006296,0.20055344455723031,0.02585455816940111,0.16079352651584303,0.16862928341617875,0.328250548840289,0.15962126542411023,0.20000000000000015,0.19999639305321967,220.18706673028458,55.04552574592956,-1.1584405523734631e-05,-4.822506256552117e-05,0.40156730102080385,0.4015675645215286,0.15973180646667254,-2.0380909137998042,nan,20.80526951514548,48.064746254406195,-1.9219842290727467,nan
86.53811470485,0.037019182597895835,0.16856462216603732,0.32806716306160927,0.15950254089557195,1.05547242383e-11,0.510421330025,221.3028435310302,55.51728190381569,0.20055363321798142,0.2005572259154411,276.8201254348459,277.1717888173128,-0.12687560446444923,1.5867614335676108,0.2005535365010079,0.025787471303419254,0.1605847791772908,0.20055343625014418,0.025787505081812705,0.16058488435034196,0.16862545021280284,0.3282658816538308,0.15964043144102796,0.19999999999999993,0.1999963986992925,221.45709726039033,55.36302817445561,-1.158442801685311e-05,-4.822505890178519e-05,0.40104623656661587,0.40104649922697205,0.15975098575645516,-2.033709838419993,nan,20.74390382256828,48.206933880596395,-1.9190206632906364,nan
86.98811470485,0.037081682597895835,0.1685605529158674,0.32808334181480586,0.15952278889893845,1.10436415391e-11,0.509993814728,222.56938914190084,55.835014692988096,0.20055363321803527,0.20055722029127915,278.40440383488897,278.7580798336535,-0.12687560445802104,1.5867614335674742,0.20055353650103025,0.025720790367903784,0.1603770256860495,0.20055342781062313,0.025720823943215447,0.16037713036220422,0.1686216245849876,0.32828118416520025,0.15965955958021263,0.20000000000000026,0.19999640416540831,222.72452416409695,55.67987967079201,-1.158443662108155e-05,-4.822504775514602e-05,0.4005273906571669,0.4005276520765684,0.15977012714227362,-2.027183025216315,nan,20.68203536214062,48.351140615035604,-1.9139175578342087,nan
87.43811470485,0.037144182597895835,0.1685564986720636,0.32809946229435866,0.15954296362229506,1.15562981765e-11,0.509561808992,223.83325004855732,56.15207398206793,0.20055363321802508,0.20055721515751251,279.9853240306253,280.34100837956595,-0.12687560446349444,1.5867614335672504,0.2005535365010526,0.02565448106495346,0.16017016284237667,0.20055341968088605,0.025654514490444348,0.16017026718603034,0.16861781083344524,0.3282964391714824,0.15967862833803714,0.2000000000000002,0.19999640914517636,223.98926461115158,55.99605941947372,-1.1584450732016194e-05,-4.8225036619609085e-05,0.4000107690609889,0.4000110296499985,0.1597892091056091,-2.0187068896913,nan,20.619693655367737,48.497325746625684,-1.9068810478053404,nan
87.88811470485,0.037206682597895835,0.16855246247259217,0.32811551016986323,0.15956304769727106,1.20938666482e-11,0.509125328911,225.09434421232064,56.46843919037532,0.20055363321797112,0.20055721025744164,281.56278340269597,281.92047170526405,-0.12687560445843182,1.5867614335668605,0.2005535365010938,0.02558854281925986,0.15996419230333975,0.20055341141561167,0.02558857605021953,0.1599642961733009,0.16861401238315804,0.3283116329728371,0.15969762058967907,0.2,0.19999641389037473,225.25123643716444,56.31154696553151,-1.1584475301251729e-05,-4.822501605827867e-05,0.39949637591646087,0.39949663532246543,0.15980821450977986,-2.008570338382752,nan,20.55692046060285,48.64541855461721,-1.8981852755306488,nan
88.33811470485,0.037269182597895835,0.16854844747136363,0.3281314727806717,0.15958302530930804,1.26575771821e-11,0.508684392754,226.35259042125665,56.78408994467613,0.20055363321801678,0.20055720540302363,283.1366803659328,283.49636809657085,-0.12687560445765467,1.5867614335661167,0.20055353650120475,0.025522974992700613,0.15975911552302927,0.20055340299706828,0.025523008006360842,0.15975921884624011,0.16861023244403006,0.3283267527299015,0.15971652028587147,0.20000000000000004,0.19999641858432704,226.51035832289088,56.6263220430419,-1.1584522185970059e-05,-4.822496074696758e-05,0.3989842148550447,0.3989844728955889,0.15982712729440454,-1.9968891216635125,nan,20.49371954304389,48.79543695812049,-1.8879166967398202,nan
88.78811470485,0.037331682597895835,0.16854445728226905,0.3281473386650699,0.15960288138280085,1.32487203798e-11,0.508308232459,227.60790829660303,57.09900608065364,0.2005536332180308,0.20055719973303382,284.70691437725674,285.06859688267843,-0.12687560446040802,1.5867614335657623,0.2005535365012437,0.025457776985083072,0.1595549340668695,0.2005533950156561,0.025457809807362973,0.15955503692257092,0.16860647409875565,0.3283417861111941,0.15973531201243843,0.19999999999999998,0.19999642409899088,227.76654958554778,56.940364791708916,-1.1584544512555084e-05,-4.822494132916688e-05,0.3984742897862487,0.39847454665922966,0.15984593203463254,-1.9836644918332897,nan,20.430096193393204,48.94739557434808,-1.8761227933731166,nan
89.23811470485,0.03739418259789583,0.16854049461800918,0.32816309473116095,0.15962260011315177,1.38686501417e-11,0.507943616269,228.86021829855596,57.41316764449134,0.2005536332179807,0.20055719421109885,286.2733859430473,286.63705844355667,-0.12687560446097423,1.5867614335655893,0.2005535365012716,0.02539294812448349,0.15935164926816256,0.2005533870144025,0.02539298072950285,0.15935175157337572,0.16860274037052403,0.3283567210242628,0.15975398065373875,0.2,0.1999964294658779,229.01973090333058,57.2536550397167,-1.1584555414945186e-05,-4.822492740697015e-05,0.39796660403987666,0.397966859538062,0.15986461360435483,-1.968950912141663,nan,20.366050184298583,49.10132259081637,-1.8628710915784537,nan
89.68811470485,0.037456682597895835,0.16853656222528735,0.3281787297222767,0.15964216749698934,1.4518786751e-11,0.507574797383,230.10944173185948,57.72655489428587,0.2005536332179598,0.2005571889234913,287.83599662614535,288.20165421701375,-0.12687560446585922,1.5867614335654148,0.20055353650125501,0.025328487812193462,0.15914926268190333,0.2005533789315988,0.02532852018133063,0.15914936437614394,0.1685990340751867,0.32837154620552755,0.15977251213034085,0.20000000000000004,0.1999964345966145,230.2698235523531,57.566173073792235,-1.158456641725536e-05,-4.8224935689233916e-05,0.39746116149939015,0.3974614154717258,0.15988315791438948,-1.9528924524204747,nan,20.301570367991594,49.25727329825907,-1.8482714667448288,nan
90.13811470485,0.037519182597895835,0.16853266278567666,0.3281942333765815,0.15966157059090483,1.52006199827e-11,0.507201773533,231.3555007513027,58.03914830135397,0.2005536332179849,0.20055718329156702,289.3946490526567,289.76228670540394,-0.12687560445746593,1.5867614335656917,0.20055353650127125,0.025264395447291692,0.15894777584883563,0.2005533708529729,0.025264427551415516,0.15894787683833816,0.1685953577996405,0.3283862513077937,0.1597908935081532,0.2000000000000003,0.19999644007115971,231.51674946648274,57.87789958617396,-1.1584548964549413e-05,-4.822492758460584e-05,0.3969579660126603,0.3969582182249751,0.15990155202168785,-1.9355718508347035,nan,20.23667834964014,49.41522431312363,-1.832400945627198,nan
90.58811470485,0.037581682597895835,0.1685287984966089,0.3282095955272513,0.15968079703064242,1.59157124739e-11,0.50682454452,232.59831836664054,58.35092855147497,0.20055363321802033,0.2005571781417001,290.9492469181155,291.3188594819832,-0.12687560445793222,1.5867614335652138,0.20055353650131297,0.025200670294833312,0.15874718988011507,0.20055336249625333,0.025200702138090128,0.15874729017558104,0.16859171405439316,0.3284008262889922,0.15980911223459904,0.20000000000000012,0.19999644505557324,232.7604318428962,58.1888150752193,-1.158457908490007e-05,-4.8224906790128585e-05,0.3964570203546996,0.3964572708337196,0.15991978336498028,-1.9170476207418456,nan,20.171396396395416,49.575149897837406,-1.8153425888663859,nan
91.03811470485,0.03764418259789583,0.16852497213739873,0.32822480716704555,0.15969983502964682,1.66657030631e-11,0.506443111991,233.83781844753736,58.66187654613742,0.2005536332179969,0.20055717261778064,292.4996949936748,292.87127719691335,-0.1268756044618069,1.5867614335646703,0.20055353650137717,0.025137311615080607,0.15854750586206207,0.20055335427690935,0.02513734315940256,0.1585476053411169,0.16858810509653685,0.3284152621207408,0.15982715702420394,0.2,0.19999645041793693,234.00079424661064,58.498900747064155,-1.158461333528038e-05,-4.8224874771296555e-05,0.3959583272384968,0.3959585756786025,0.15993784065097685,-1.8974284036553584,nan,20.105736568982056,49.73704875566414,-1.797187167769208,nan
91.48811470485,0.03770668259789583,0.16852118575233693,0.328239860134625,0.1597186743822881,1.7452310461e-11,0.506057479824,235.0739257279805,58.971973403707366,0.20055363321797895,0.20055716617917463,294.04589913168786,294.4194455829118,-0.12687560445757695,1.5867614335643248,0.2005535365014164,0.025074318600514303,0.15834872465705022,0.2005533461924642,0.025074349829725638,0.158348823265996,0.16858453307578394,0.32842955020394543,0.1598450171281615,0.20000000000000018,0.19999645669519425,235.2377611995978,58.80813793209008,-1.1584635106753893e-05,-4.822485520916686e-05,0.3954618888177535,0.39546213508483913,0.15995571312342746,-1.876739401319832,nan,20.0397116545765,49.900917599861195,-1.7779757598094355,nan
91.93811470485,0.037769182597895835,0.16851744146278252,0.32825474525879994,0.15973730379601742,1.82773370463e-11,0.505667653686,236.30656581046924,59.28120046042925,0.20055363321802558,0.2005571601583829,295.58776627089844,295.9632714605493,-0.12687560446191792,1.5867614335636335,0.20055353650152782,0.025011690435224998,0.1581508470898117,0.2005533380995252,0.02501172130763369,0.15815094469409183,0.16858100008690863,0.32844368216000214,0.1598626820730935,0.19999999999999998,0.19999646255695627,236.4712586416064,59.116507629292094,-1.158467867190538e-05,-4.822479965360671e-05,0.3949677071521652,0.3949679509101875,0.15997339030170085,-1.855045124773975,nan,19.97332402931094,50.066778996450246,-1.7577718519933403,nan
92.38811470485,0.037831682597895835,0.16851374179308304,0.32826945613816133,0.1597557143450783,1.91426727269e-11,0.50527364158,237.53566517016276,59.58953927139165,0.20055363321798952,0.20055715438943905,297.1252044415544,297.50266274319245,-0.1268756044593422,1.5867614335635427,0.20055353650152374,0.02494942630175128,0.15795387396879915,0.200553330732324,0.0249494569028176,0.157953970835866,0.16857750802734844,0.3284576503982275,0.15988014237087905,0.2000000000000003,0.19999646818073127,237.70121294576577,59.42399149578861,-1.1584684400656187e-05,-4.8224801685314844e-05,0.39447578426077057,0.3944760261776681,0.15999086269110535,-1.8324553380645205,nan,19.906591238819637,50.23461767024735,-1.7366537966393263,nan
92.83811470485,0.03789418259789583,0.16851008727852776,0.32828398419971805,0.1597738969211903,2.00502992569e-11,0.504875452699,238.76115115826477,59.89697161153416,0.2005536332179447,0.2005571485176815,298.658122769799,299.0375284415957,-0.12687560446811297,1.586761433563379,0.2005535365015319,0.024887525280193612,0.15775780576628723,0.20055332279946184,0.024887555511119833,0.15775790158061762,0.16857405868017042,0.3284714477869794,0.15989738910680898,0.19999999999999998,0.19999647389531877,238.92755131564397,59.730571454155005,-1.1584694714628085e-05,-4.8224797621898574e-05,0.3939861213230336,0.39398636061081527,0.16000812137075823,-1.8089648210165443,nan,19.839550019461445,50.40436900126556,-1.71466111672745,nan
93.28811470485,0.03795668259789583,0.16850648025999287,0.32829832274797677,0.1597918424879839,2.10022942736e-11,0.504473098615,239.9829520057154,60.203479476498536,0.2005536332179811,0.20055714288384302,300.18643148221383,300.567778668138,-0.12687560443569446,1.5867614335630522,0.20055353650167124,0.024825986331224195,0.15756264256232883,0.20055331482955388,0.024826016137705957,0.15756273714843227,0.16857065378639077,0.3284850673627901,0.15991441357639932,0.2,0.19999647937394469,240.15020202994324,60.03622945227065,-1.1584715309265192e-05,-4.822472814414169e-05,0.3934987185388794,0.3934989547592733,0.16002515763014746,-1.7846661948155413,nan,19.772210458071964,50.576034587561864,-1.6918376156294086,nan
93.73811470485,0.03801918259789583,0.1685029222898326,0.32831246607106535,0.15980954378123274,2.20008359733e-11,0.504066592783,241.20099682580718,60.509045083205486,0.20055363321799322,0.20055713692859126,301.71004190901266,302.0933246407087,-0.1268756044682351,1.5867614335623774,0.20055353650164703,0.024764808480955518,0.15736838462968195,0.2005533069180685,0.02476483785997005,0.15736847797437087,0.16856729495467604,0.3284985026895271,0.1599312077348511,0.19999999999999993,0.1999964851719325,241.3690939861337,60.34094792287898,-1.1584757830807035e-05,-4.822474021226597e-05,0.39301357658949687,0.3930138097095681,0.16004196341890287,-1.75962288726862,nan,19.7045695718987,50.749649534396895,-1.6682419525063832,nan
94.18811470485,0.038081682597895836,0.16849941506118124,0.3283264080876593,0.15982699302647804,2.30482077763e-11,0.503655950208,242.4152156177942,60.81365087087108,0.20055363321797826,0.2005571301879259,303.2288664886653,303.6140786862423,-0.12687560446599244,1.586761433561812,0.2005535365017246,0.024703990718095634,0.1571750321078244,0.20055329919894582,0.024704019641041408,0.15717512411651344,0.1685639836926729,0.3285117477379344,0.1599477640452615,0.2,0.19999649175757583,242.5841569913059,60.64470949735941,-1.1584793457863896e-05,-4.822470153209579e-05,0.39253069582321937,0.39253092560674946,0.1600585311949022,-1.7338160918693024,nan,19.636640505327875,50.92520789025377,-1.643891718737485,nan
94.63811470485,0.038144182597895836,0.16849596029705452,0.32834014287656355,0.15984418257950903,2.41468030468e-11,0.503241187911,243.62553926862844,61.11727950142869,0.2005536332179974,0.20055712310207086,304.74281877005717,305.1299542439013,-0.1268756044628505,1.586761433561139,0.20055353650181368,0.024643531997026166,0.1569825850119247,0.20055329186213577,0.024643560483400342,0.15698267574289954,0.16856072153979337,0.32852479634989373,0.15996407481010036,0.2000000000000001,0.1999964986948899,243.79532201363435,60.9474967564228,-1.1584835879485667e-05,-4.822465712317481e-05,0.3920500762779289,0.3920503028704812,0.1600748532552846,-1.7072783867373416,nan,19.568437486507033,51.102700493564036,-1.6188164378387868,nan
95.08811470485,0.038206682597895836,0.16849255904917712,0.32835366436182517,0.15986110531264805,2.52991303968e-11,0.502822324452,244.83189955566908,61.41991386011394,0.20055363321792694,0.20055711634863055,306.251813415783,306.6408658679105,-0.12687560447181,1.5867614335602989,0.20055353650188995,0.024583431229133042,0.15679104320442874,0.20055328452986207,0.024583459284200873,0.156791132670827,0.16855750988612517,0.32853764296495047,0.1599801330788253,0.19999999999999998,0.199996505299342,245.00252099104026,61.249292424742734,-1.1584888826021711e-05,-4.8224619086933984e-05,0.39157171761009646,0.39157194104448095,0.16009092264469424,-1.680102159445694,nan,19.499975574003496,51.28211551880894,-1.59309904438487,nan
95.53811470485,0.038269182597895836,0.16848921261634472,0.32836696804063426,0.15987775542428953,2.6507818989e-11,0.502399380193,246.0342291483269,61.72153705612517,0.20055363321810699,0.20055710976815289,307.7557662044521,308.1467292300439,-0.12687560454355262,1.5867614335589206,0.20055353650196495,0.024523687287487973,0.15660040640907663,0.20055327733744138,0.024523714939515454,0.15660049469754383,0.1685543499401855,0.32855028274907927,0.15999593280889376,0.1999999999999998,0.19999651173231178,246.2056864980568,61.5500797063953,-1.1584975689871158e-05,-4.8224581694622515e-05,0.39109561912978735,0.3910958396223936,0.16010673331640404,-1.6523521509395969,nan,19.43127622443725,51.463423629497655,-1.5668058244263394,nan
95.98811470485,0.03833168259789583,0.16848592196961953,0.3283800490475261,0.15989412707790657,2.77756239904e-11,0.501972376923,247.2324616109467,62.02213242282158,0.20055363321797326,0.20055710290687068,309.2545940337682,309.6474611217629,-0.12687560446044133,1.5867614335600064,0.2005535365019529,0.02446429896421451,0.15641067407378087,0.20055327008531032,0.02446432617150722,0.1564107610476569,0.16855124282739603,0.32856271120017877,0.16001146837278274,0.2,0.19999651844519709,247.4047519138318,61.84984211993646,-1.158490725572392e-05,-4.822458770092908e-05,0.390621779458212,0.39062199666774344,0.16012227963899375,-1.624085841083199,nan,19.362360302215702,51.646595993029145,-1.539982730333732,nan
96.43811470485,0.038394182597895836,0.16848268779391165,0.3283929034128347,0.15991021561892307,2.91054325367e-11,0.501541338275,248.4265314018278,62.32168351822255,0.2005536332179953,0.20055709600901786,310.7482149200503,311.14297945601254,-0.12687560447367519,1.5867614335597255,0.20055353650197016,0.024405265018251104,0.15622184552184468,0.20055326252495934,0.02440529176527783,0.15622193112773197,0.1685481895729454,0.3285749242180687,0.16002673464512332,0.19999999999999982,0.19999652518558367,248.5996517284173,62.14856319163301,-1.1584924963781162e-05,-4.822457909670064e-05,0.3901501969053804,0.39015041069848133,0.1601375564835451,-1.5953582507942865,nan,19.29323488125936,51.831639751162626,-1.5126818265382127,nan
96.88811470485,0.038456682597895836,0.16847951164008243,0.328405527949416,0.1599260163093336,3.05002695624e-11,0.501106289467,249.61637387694952,62.620174125298774,0.20055363321800454,0.2005570888409455,312.2365480022483,312.6332032686723,-0.12687560447093293,1.5867614335597562,0.2005535365019925,0.024346584213189165,0.1560339200724931,0.20055325525700127,0.024346610512031318,0.15603400434530712,0.16854519109430102,0.32858691813275764,0.16004172703845662,0.19999999999999984,0.19999653220028113,249.790321175612,62.44622682663628,-1.15849230319931e-05,-4.822456795006147e-05,0.3896808697711173,0.3896810802349861,0.16015255925942226,-1.5660857179007324,nan,19.223921340419263,52.01852329147069,-1.4848573966741427,nan
97.33811470485,0.038519182597895836,0.16847639441615875,0.3284179172374454,0.15994152282128665,3.19633041631e-11,0.500667257136,250.80192528939403,62.91758825213983,0.2005536332180053,0.20055708212148823,313.7195135415339,314.1180527196668,-0.12687560446854595,1.586761433559423,0.20055353650201632,0.024288255193178454,0.15584689664275786,0.20055324792038784,0.024288281022089214,0.15584697950903384,0.16854224859965053,0.3285986881114822,0.16005643951183166,0.19999999999999982,0.199996538767333,250.97669668945568,62.742816852078235,-1.1584944037412725e-05,-4.822455608177734e-05,0.38921379535080575,0.38921400230197056,0.1601672819214908,-1.536230660679648,nan,19.154463472842647,52.20715273063159,-1.4564648621551144,nan
97.78811470485,0.038581682597895836,0.16847333710267529,0.32843006676705117,0.15995672966437588,3.34978561754e-11,0.500224269508,251.98312279033848,63.213910132208376,0.20055363321818412,0.20055707539329215,315.1970329225469,315.597449093738,-0.1268756044578212,1.5867614335592413,0.20055353650209612,0.0242302764724883,0.15566077371158188,0.20055324039456487,0.024230301780455765,0.1556608550036128,0.16853936318511403,0.32861022977002424,0.1600708665849102,0.2000000000000001,0.19999654534107542,252.15871523628033,63.038317686266595,-1.158495548381211e-05,-4.8224516291384134e-05,0.38874896984574053,0.388749172865368,0.16018171898561717,-1.5059682484680192,nan,19.08486020474169,52.397554358378116,-1.427638788754926,nan
98.23811470485,0.03864418259789583,0.16847034078933792,0.3284419748015643,0.15997163401222636,3.51074031113e-11,0.499777356443,253.15990442953574,63.50912422409803,0.20055363321799,0.2005570683626883,316.6690286536338,317.07131480088043,-0.12687560446749124,1.5867614335590376,0.200553536502081,0.02417264672019085,0.15547555023279658,0.20055323320230833,0.024172671525558825,0.15547563000534464,0.1685365355204309,0.32862154042868313,0.16008500490825223,0.20000000000000007,0.19999655222104865,253.33631472771856,63.332713925915215,-1.1584968306888044e-05,-4.822452382979847e-05,0.38828639064320847,0.3882865898680623,0.16019586710004186,-1.4753874674706666,nan,19.015090366220715,52.58981055259386,-1.3984888972267115,nan
98.68811470485,0.038706682597895836,0.16846740611843541,0.32845363827248847,0.15998623215405305,3.6795587092e-11,0.499326549021,254.33220915505137,63.80321521225757,0.20055363321813677,0.2005570611410453,318.13542436730893,318.53957337644323,-0.12687560445014956,1.5867614335588534,0.2005535365021573,0.024115364597170764,0.1552912251132393,0.20055322624181104,0.024115388860069177,0.15529130323385523,0.1685337662627453,0.3286326174598059,0.16009885119706058,0.2,0.19999655930088453,254.50943410212034,63.62599026518856,-1.1584979930923112e-05,-4.822448579355765e-05,0.38782605501313283,0.3878262501124327,0.16020972297769287,-1.4444821913119095,nan,18.945157497966033,52.78393700909379,-1.3690308014257306,nan
99.13811470485,0.038769182597895836,0.16846453348270585,0.3284650546248435,0.16000052114213764,3.85662224317e-11,0.498918904702,255.49997681344252,64.09616800599079,0.20055363321796046,0.20055705401853194,319.5961448194333,320.00214948090104,-0.12687560446901225,1.5867614335585658,0.2005535365021334,0.024058428768527595,0.15510779725251594,0.20055321931452863,0.024058452461535096,0.15510787362843673,0.16853105601908178,0.32864345843433984,0.16011240241525806,0.20000000000000004,0.19999656628383336,255.67801325799587,63.91813156143739,-1.1584998049762874e-05,-4.82244977062507e-05,0.38736796020737696,0.3873681509494556,0.16022328358039048,-1.413331569098729,nan,18.87506649451785,52.97994580789658,-1.3392922160662113,nan
99.58811470485,0.038831682597895836,0.16846172354396674,0.3284762223939002,0.16001449884993343,4.04233034589e-11,0.498538130977,256.66314814906656,64.38796774035251,0.2005536332181132,0.20055704639647096,321.05111588941907,321.45896889929554,-0.1268756044583319,1.586761433558567,0.20055353650217234,0.02400183788328309,0.1549252654775298,0.20055321265589643,0.024001861031851562,0.1549253401863348,0.16852840533540153,0.3286540611692533,0.16012565583385174,0.20000000000000004,0.1999965737688362,256.84199270687367,64.20912318254538,-1.1584997983149492e-05,-4.822447828845e-05,0.38691210329623593,0.3869122898748409,0.1602365461772519,-1.3819240841709297,nan,18.804836311693656,53.177809337173386,-1.3092879077466864,nan
100.0381147049,0.038894182597902775,0.16845897659787595,0.32848713869900886,0.1600281621011329,4.23710123906e-11,0.498153577037,257.8216648035796,64.67859977499852,0.20055363321799508,0.20055703923404167,322.5002645785781,322.90995854051516,-0.12687560451489777,1.586761433558286,0.20055353650217472,0.023945590510738322,0.15474362833647892,0.20055320592445627,0.023945613101822312,0.15474370133166104,0.16852581475943074,0.32866442347315145,0.1601386087137207,0.20000000000000007,0.19999658079413757,258.00131435765775,64.49895022092034,-1.1585015680104505e-05,-4.8224477100511365e-05,0.3864584806539633,0.3864586629529471,0.16024950802725926,-1.3502529687180311,nan,18.73448253370842,53.37750846337648,-1.2790326581342797,nan
100.4881147049,0.038956682597902775,0.1684562932147813,0.3284978018505436,0.1600415086357623,4.44137279404e-11,0.497765257842,258.9754693147133,64.96804969477192,0.20055363321798586,0.200557032466107,323.94351900948516,324.3550464354449,-0.12687560452111502,1.58676143355781,0.2005535365022358,0.02388968522539564,0.154562884372011,0.20055319923737083,0.023889707269068042,0.1545629556817158,0.16852328477756032,0.32867454340093627,0.16015125862337595,0.19999999999999984,0.19999658742662518,259.15592068861605,64.78759832086912,-1.158504567833063e-05,-4.822444663599157e-05,0.38600708864095085,0.38600726673060465,0.16026216669723978,-1.3183624899486535,nan,18.664010142014558,53.57905361125473,-1.2485547211404924,nan
100.9381147049,0.039019182597902775,0.1684536737304084,0.32850820989542384,0.16005453616501544,4.65560338807e-11,0.497373189787,260.124505115485,65.25630330895002,0.2005536332180601,0.2005570256791097,325.38080842443503,325.7941617364115,-0.12687560445325818,1.5867614335588343,0.20055353650231314,0.023834120586415458,0.15438303205474188,0.20055319247133377,0.023834142037008788,0.15438310152671758,0.16852081582409054,0.3286844192152052,0.16016360339111466,0.1999999999999999,0.1999965940778005,260.30575496126676,65.07505346316829,-1.1584981129963978e-05,-4.8224408077945924e-05,0.3855579234376975,0.385558096937786,0.1602745200139866,-1.28629406479419,nan,18.593425671840063,53.78245072474786,-1.2178733245669082,nan
101.3881147049,0.039081682597902775,0.16845111854556874,0.32851836180550387,0.16006724325993513,4.88027282318e-11,0.496977391198,261.26871653178716,65.54334665070667,0.2005536332179601,0.2005570184063676,326.8120631824938,327.22723471469936,-0.12687560452220303,1.5867614335575937,0.20055353650225272,0.023778895149124867,0.1542040698202381,0.2005531857405319,0.023778916005248472,0.15420413744529837,0.16851840830776002,0.32869404928022383,0.1601756409724638,0.19999999999999998,0.19999660121213417,261.4507613108698,65.36130187162401,-1.1585059311869372e-05,-4.822443820939881e-05,0.3851109811371694,0.3851111500247505,0.16028656593161092,-1.2540606880743612,nan,18.52273819711032,53.98769822034234,-1.186997739351203,nan
101.8381147049,0.03914418259790278,0.16844862810707956,0.32852825600142216,0.1600796278943426,5.11588328157e-11,0.496577881896,262.4080487822649,65.82916597739612,0.20055363321796696,0.20055701092016762,328.2372147596611,328.6541967585628,-0.1268756045151309,1.586761433557066,0.20055353650233138,0.023724007438860995,0.15402599598399289,0.20055317908547032,0.023724027701526325,0.15402606176074984,0.1685160626256108,0.32870343200921204,0.16018736938360123,0.2000000000000002,0.19999660856077314,262.59088500429465,65.64632975536637,-1.158509257415119e-05,-4.822439898521935e-05,0.3846662575324604,0.38466642180406796,0.16029830246491672,-1.2216373616364273,nan,18.451966665330513,54.19476515090962,-1.1559426756732507,nan
102.2881147049,0.03920668259790278,0.16844620279717476,0.32853789093907876,0.160091688141904,5.36296026469e-11,0.496174683241,263.54244797479134,66.1137477692905,0.20055363321797176,0.20055700312681435,329.6561957440818,330.0749803707691,-0.12687560451168922,1.5867614335567966,0.20055353650238628,0.023669455919164598,0.15384880863745615,0.20055317250203203,0.02366947556792843,0.1538488724948234,0.1685137791269846,0.32871256600399223,0.16019878687700764,0.2000000000000001,0.19999661621808337,263.7260720799393,65.9301236641425,-1.1585109549461237e-05,-4.8224371618221795e-05,0.38422374785713603,0.3842239073352381,0.16030972786517453,-1.189044807643923,nan,18.38113017118202,54.403618857332425,-1.1247247561048104,nan
102.7381147049,0.03926918259790278,0.16844384285340228,0.3285472652472911,0.16010342239388883,5.62205366864e-11,0.495767818097,264.6718611050351,66.39707872943342,0.2005536332179979,0.20055699525611087,331.0689398344685,331.48951916583775,-0.12687560452214752,1.5867614335560252,0.2005535365024775,0.023615239023833168,0.15367250575113678,0.20055316590513253,0.023615258030202917,0.15367256759162617,0.16851155814162125,0.32872144994590075,0.1602098918042795,0.2000000000000001,0.19999662395398055,264.8562695715513,66.21267026291721,-1.1585158166127485e-05,-4.8224326121282246e-05,0.38378344704272227,0.3837836014838509,0.16032084048283923,-1.1563017498002557,nan,18.310232945574548,54.61426968036979,-1.0933524200727505,nan
103.1881147049,0.039331682597902776,0.16844154874590717,0.3285563778475325,0.16011482910162533,5.89373882634e-11,0.495357310992,265.7962360540219,66.67914578292205,0.20055363321794314,0.20055698791408552,332.47538183694394,332.8977478669801,-0.12687560451893898,1.5867614335555043,0.20055353650251165,0.023561355213670414,0.15349708535887713,0.2005531594543079,0.02356137357743992,0.15349714517684007,0.16850939998458697,0.32873008257420927,0.1602206825896223,0.2,0.19999663116592994,265.98142552394893,66.49395631299501,-1.1585190995422323e-05,-4.822430910156328e-05,0.3833453501789149,0.38334549956896313,0.16033163874102507,-1.1234498018755703,nan,18.239276172027914,54.82673712313311,-1.0618480500959617,nan
103.6381147049,0.039394182597902776,0.16843932057967523,0.3285652280721031,0.16012590749242786,6.17848017799e-11,0.494943187921,266.9155215851245,66.9599360762846,0.2005536332178996,0.2005569808614993,333.87545766140914,334.299602302745,-0.12687560452188107,1.5867614335549747,0.20055353650258687,0.023507802937932733,0.1533225454326034,0.20055315309959496,0.023507820683762802,0.15332260330350123,0.16850730489543786,0.3287384629311826,0.16023115803574473,0.20000000000000004,0.19999663808980112,267.1014885884336,66.77396907297556,-1.1585224368726443e-05,-4.822427159822951e-05,0.38290945220077954,0.38290959672820546,0.16034212144161158,-1.0904736837744007,nan,18.168281284872776,55.04097962379178,-1.0302114558910476,nan
104.0881147049,0.03945668259790278,0.1684371585892458,0.3285738143043612,0.16013665571511543,6.47697766005e-11,0.494525476034,268.02966734132673,67.23943697676593,0.20055363321808295,0.20055697396841357,335.2691043180926,335.69501940337045,-0.12687560453973346,1.5867614335549962,0.20055353650259783,0.023454580554000036,0.15314888361982937,0.2005531467043054,0.023454597654779148,0.15314893945038976,0.16850527318939512,0.32874658975540816,0.16024131656601304,0.20000000000000015,0.19999664485563032,268.2164083307218,67.05269598737084,-1.1585223014254353e-05,-4.8224266124829995e-05,0.3824757472331906,0.38247588666505483,0.16035228700687315,-1.0573502288124217,nan,18.097266529621383,55.25696371676973,-0.9984172018135388,nan
104.5381147049,0.03951918259790278,0.16843506330960284,0.32858213584629464,0.1601470725366918,6.78993151051e-11,0.494104204207,269.1386238425113,67.51763607129554,0.20055363321799477,0.2005569667187291,336.65625991380693,337.0839371968527,-0.12687560451627444,1.586761433554724,0.20055353650264027,0.023401686427468052,0.152976097569091,0.20055314055606172,0.023401702901764916,0.15297615141506507,0.16850330520730053,0.3287544616839997,0.16025115647669916,0.19999999999999993,0.1999966519816183,269.32613506239204,67.33012485141487,-1.1585240167200084e-05,-4.8224244963979146e-05,0.38204422940357535,0.38204436387911134,0.16036213373190186,-1.024109975894361,nan,18.02624120921968,55.47468207007799,-0.9664984141633499,nan
104.9881147049,0.039581682597902776,0.16843303469542623,0.32859019141604695,0.16015715672062072,7.11802810064e-11,0.493679402433,270.24234248104995,67.79452116604824,0.2005536332180149,0.20055695990667402,338.03686364709813,338.4662948047298,-0.1268756045204933,1.5867614335549751,0.20055353650259436,0.023349118885538214,0.1528041847775715,0.20055313436161368,0.023349134708433278,0.15280423655263384,0.16850140113104273,0.32876207798880597,0.16026067685776324,0.19999999999999982,0.19999665867150979,270.4306204098818,67.60624323721638,-1.1585224335419753e-05,-4.8224267856777914e-05,0.38161489246137087,0.38161502176498857,0.16037166070602762,-0.9908177542251025,nan,17.95521735793413,55.69411832032852,-0.9345091036277409,nan
105.4381147049,0.039644182597902776,0.16843107298714752,0.3285979813225124,0.16016690833536487,7.46198508875e-11,0.493251102326,271.34077551930125,68.07008028523599,0.20055363321801573,0.2005569528089912,339.4108558045372,339.8420324375906,-0.1268756045156305,1.5867614335550546,0.20055353650260363,0.02329687624806341,0.15263314269208839,0.20055312837510172,0.02329689145927047,0.15263319252138596,0.16849956108447087,0.32876943817513454,0.16026987709066368,0.1999999999999999,0.19999666564759627,271.5298163590327,67.88103944550454,-1.1585219328313912e-05,-4.822426323825013e-05,0.38118773003023054,0.3811878544744734,0.16038086731028048,-0.9574634556770425,nan,17.884205820477547,55.915258974205756,-0.9024494918126172,nan
105.8881147049,0.039706682597902776,0.16842917806057847,0.3286055040063815,0.16017632594580303,7.82255273554e-11,0.492819336434,272.43387608518515,68.344301670251,0.20055363321796732,0.20055694649221278,340.7781777554361,341.2110913903092,-0.12687560451483115,1.5867614335548645,0.20055353650261362,0.02324495680410138,0.15246296863206285,0.20055312218451485,0.023244971375796022,0.15246301641970758,0.16849778524795797,0.3287765415212355,0.1602787562732775,0.1999999999999999,0.1999966718410289,272.6236763682983,68.15450138713778,-1.1585231307620347e-05,-4.822425825334875e-05,0.3807627354156466,0.38076285476104266,0.16038975264191274,-0.9240303055882911,nan,17.81321381908617,56.138101195896425,-0.870315154860266,nan
106.3381147048,0.039769182597888884,0.16842735033501335,0.32861275962347747,0.16018540928846411,8.20051528106e-11,0.492384138823,273.52159816830914,68.61717377873177,0.20055363321802328,0.20055694002995128,342.13877194704094,342.57341403671103,-0.1268756044284003,1.5867614335545144,0.2005535365026563,0.023193358856850914,0.15229365993648886,0.2005531161563308,0.023193372794440704,0.1522937056954118,0.168496073762263,0.3287833874642292,0.1602873137019662,0.19999999999999998,0.19999667818086736,273.7121540807514,68.4266178662895,-1.1585253378854077e-05,-4.822423697037337e-05,0.3803399019719926,0.380340016250836,0.16039831599679857,-0.8906024832450222,nan,17.74224771088739,56.362644479727216,-0.8381217986482319,nan
106.7881147048,0.03983168259788889,0.1684255900278802,0.32861974864548227,0.16019415861760206,8.59669238506e-11,0.491945545007,274.60389661588385,68.88868528331459,0.20055363321799685,0.20055693322290583,343.49258189919846,343.92894382548826,-0.1268756044304431,1.5867614335544176,0.20055353650266808,0.023142080684068783,0.15212521383409386,0.20055311055894032,0.023142094100378714,0.15212525793036052,0.16849442674410217,0.3287899755369351,0.16029554879283295,0.20000000000000012,0.1999966848630667,274.7952042443033,68.69737765489512,-1.1585259473978482e-05,-4.822423109729357e-05,0.37991922277826123,0.37991933290476815,0.16040655679063684,-0.8570929850808057,nan,17.671315881778394,56.588881478325014,-0.8058762208004823,nan
107.2381147048,0.03989418259788889,0.16842389690912488,0.32862646884077307,0.1602025719316482,9.01194061783e-11,0.491503590698,275.68072712807594,69.158825070732,0.2005536332179794,0.20055692625573557,344.83955219880795,345.27762527283005,-0.12687560442873336,1.5867614335543538,0.2005535365026812,0.0230911205660964,0.15195762753510073,0.20055310476088153,0.023091133335871802,0.1519576695526481,0.16849284430626668,0.3287963052883396,0.1603034609820729,0.19999999999999998,0.199996691708927,275.87278258865854,68.96676961014944,-1.1585263492985831e-05,-4.822422455807995e-05,0.3795006908672317,0.37950079580232166,0.16041447445923224,-0.8235148383964225,nan,17.600428752644856,56.81679770725629,-0.7735835918066126,nan
107.6881147048,0.039956682597888885,0.1684222711947631,0.3286329209444746,0.1602106497497115,9.44715501313e-11,0.491058313853,276.7520462534729,69.4275822405195,0.2005536332179765,0.2005569188208401,346.1796284939923,346.61940395783074,-0.12687560442863344,1.5867614335542573,0.20055353650269217,0.023040476746538696,0.15179089810175936,0.20055309908228075,0.023040488877350405,0.15179093806071034,0.16849132654407642,0.328802376337153,0.16031104979307656,0.20000000000000012,0.1999966990237485,276.94484552592627,69.23478296806606,-1.1585269577008006e-05,-4.822421908468044e-05,0.37908429890213385,0.379084398696062,0.16042206852564517,-0.7899277710077689,nan,17.529601047031456,57.04636387998942,-0.7412404580904713,nan
108.1381147048,0.040019182597888885,0.16842071295706293,0.32863910422727616,0.16021839127021323,9.90327066886e-11,0.490609753143,277.817811384266,69.69494610385269,0.20055363321801364,0.2005569117078595,347.51275748811867,347.9542265161352,-0.1268756044255137,1.5867614335541873,0.20055353650269966,0.02299014744719726,0.15162502249693902,0.20055309343464897,0.02299015893718205,0.15162506038640858,0.16848987358338993,0.32880818817993995,0.16031831459655002,0.20000000000000012,0.19999670601882738,278.0113506909754,69.50140679714335,-1.1585273984593414e-05,-4.822421535433108e-05,0.3786700392980031,0.378670133923585,0.16042933836014597,-0.7562670646752416,nan,17.45883233080113,57.27759915740672,-0.7088413469507053,nan
108.5881147048,0.040081682597888885,0.168419222186835,0.3286450179071621,0.1602257957203271,1.03812643991e-10,0.490157948196,278.87798075123465,69.96090618222274,0.200553633217985,0.2005569050851692,348.83888693345733,349.2820406336448,-0.12687560442085077,1.5867614335540898,0.20055353650274313,0.022940130940832998,0.1514599978239568,0.20055308765378918,0.02294014174797967,0.1514600335005234,0.16848848554075446,0.328813740350699,0.16032525480994453,0.20000000000000023,0.19999671252474532,279.07225634597455,69.76663058748281,-1.158528013522897e-05,-4.822419368277764e-05,0.37825790482063093,0.37825799391968407,0.16043628337978244,-0.7225762794451233,nan,17.388119481657768,57.510531892472414,-0.676393659274372,nan
109.0381147048,0.04014418259788889,0.1684177990394273,0.3286506622143295,0.16023286317490218,1.08821564749e-10,0.48971522372,279.9325134184008,70.22545220630867,0.20055363321814176,0.20055689847642796,350.15796562470945,350.602795039987,-0.12687560440776124,1.5867614335542968,0.20055353650271013,0.022890425493708677,0.15129582113762652,0.20055308191009966,0.02289043562128383,0.15129585460707054,0.16848716251150586,0.3288190324675276,0.16033186995602172,0.20000000000000004,0.1999967190177853,280.1275213618251,70.03044426288433,-1.1585267090108431e-05,-4.8224210136282863e-05,0.37784788811467623,0.3778479717016366,0.16044290310698572,-0.6888886339985911,nan,17.317471160778997,57.745151743911826,-0.643902296632212,nan
109.4881147048,0.04020668259788889,0.1684164436747134,0.3286560372052973,0.1602395935305839,1.14070124287e-10,0.489328054602,280.9813692778345,70.48857411419253,0.20055363321799063,0.20055689145958955,351.469943392027,351.91643950175677,-0.12687560443663815,1.5867614335535636,0.20055353650278543,0.022841029355233113,0.1511324894098986,0.20055307634264596,0.02284103883609684,0.15113252077596284,0.16848590459193627,0.3288240641461835,0.1603381595542472,0.19999999999999993,0.1999967259203005,281.17710545422824,70.29283793779877,-1.1585313297590716e-05,-4.822417258854017e-05,0.3774399816178538,0.37744005995180985,0.16044919706088867,-0.6551477520986639,nan,17.246899278782255,57.98143676934644,-0.6113631007167776,nan
109.9381147048,0.040269182597888885,0.1684151561125281,0.3286611418497642,0.16024598573723609,1.19569448769e-10,0.488937651651,282.02450904398955,70.75026205068748,0.20055363321800482,0.20055688422756454,352.7747710946771,353.22292481552864,-0.12687560443185308,1.5867614335524312,0.20055353650292942,0.022791940750107938,0.15096999950357004,0.20055307076073117,0.022791949534037348,0.1509700285952061,0.16848471189335754,0.3288288349412113,0.16034412304785375,0.20000000000000012,0.19999673304053917,282.22096937661763,70.55380171805945,-1.1585384662726739e-05,-4.822410079041717e-05,0.3770341774952777,0.3770342501490511,0.16045516468433843,-0.621336401792439,nan,17.176412592147244,58.21937465901247,-0.5787703798301497,nan
110.3881147048,0.040331682597888885,0.16841393642563127,0.3286659757760826,0.16025203935045132,1.25331154472e-10,0.488544042814,283.0618942478482,71.01050636514317,0.20055363321796763,0.20055687732971084,354.0724006129914,354.522202800652,-0.12687560443529478,1.586761433551888,0.2005535365029856,0.02274315790461673,0.1508083482590295,0.20055306514795262,0.022743165965811177,0.15080837498564587,0.16848358453377593,0.3288333443798255,0.16034975984604954,0.20000000000000012,0.19999673982858596,283.25907482711204,70.8133257858793,-1.1585418890902588e-05,-4.822407277949026e-05,0.3766304678560987,0.37663053460344537,0.16046080538613408,-0.5875116117106666,nan,17.106021263026946,58.458947561430065,-0.5461281261407431,nan
110.8381147048,0.040394182597888885,0.16841278470882817,0.32867053917536937,0.1602577544665412,1.31367368035e-10,0.488147257576,284.09348723113067,71.26929761045028,0.20055363321801353,0.2005568705850412,355.36278484158095,355.8142262918306,-0.12687560442832257,1.5867614335516804,0.20055353650301974,0.02269467901273302,0.15064753238182502,0.200553059618453,0.022694686386564626,0.15064755685561126,0.16848252260783586,0.32883759208375213,0.16035506947591627,0.20000000000000004,0.1999967464627289,284.2913840593301,71.07140078225095,-1.1585431969329818e-05,-4.822405575977129e-05,0.3762288444727156,0.3762289055938189,0.1604661186930298,-0.5536716519340644,nan,17.03573544479024,58.70013673555923,-0.5134418342276058,nan
111.2881147048,0.04045668259788889,0.16841170102897604,0.32867483163964933,0.1602631306106733,1.37690747332e-10,0.487747326338,285.1192511401386,71.52662654120813,0.2005536332179765,0.20055686400533698,356.64587768134675,357.0989491314949,-0.12687560443682688,1.5867614335512343,0.2005535365030726,0.022646502270382063,0.1504875485559588,0.20055305414383343,0.022646508978532827,0.15048757084401632,0.16848152621094087,0.32884157767159766,0.1603600514606568,0.20000000000000015,0.19999675293218383,285.31786019842855,71.32801748291817,-1.1585460091279032e-05,-4.8224029403076685e-05,0.37582929906371804,0.3758293547261578,0.16047110412789825,-0.5198196447082344,nan,16.965560007638313,58.9429408489773,-0.4807124271035419,nan
111.7381147048,0.04051918259788889,0.1684106856455155,0.3286788535914973,0.16026816794598178,1.44314502248e-10,0.487344280974,286.1391499195634,71.78248411244645,0.20055363321800984,0.20055685719084093,357.9216340320098,358.3763261619712,-0.12687560443260804,1.586761433550869,0.20055353650311783,0.022598625871483077,0.1503283934307923,0.20055304901627644,0.022598631999369026,0.15032841381245604,0.1684805954331681,0.3288453007829175,0.16036470534974942,0.19999999999999982,0.19999675964037206,286.3384670204208,71.58316701158907,-1.1585483106202332e-05,-4.8224006843344824e-05,0.3754318232611835,0.37543187416257406,0.16047576123990576,-0.485931220834956,nan,16.89550900945312,59.187326019032334,-0.44793734367054544,nan
112.1881147048,0.04058168259788889,0.1684097382706428,0.32868260378430797,0.16027286551366518,1.51252416867e-10,0.486938154093,287.1531483060053,72.0368614777359,0.20055363321799344,0.2005568501411094,359.1900097837412,359.6463132174535,-0.12687560443208623,1.5867614335506584,0.20055353650316693,0.02255104796015915,0.1501700634619269,0.20055304375566688,0.022551053488676698,0.15017008186944794,0.1684797303793721,0.3288487609983431,0.16036903061897098,0.19999999999999998,0.1999967665788193,287.35316923957845,71.83684054416271,-1.1585496384469707e-05,-4.822398236292713e-05,0.37503640821329115,0.37503645418443543,0.16048008950446613,-0.4519874370956241,nan,16.82558783612363,59.43328754630812,-0.41511356015888584,nan
112.6381147048,0.04064418259788889,0.16840885929075497,0.32868608239234515,0.16027722310159018,1.58518872724e-10,0.486528979883,288.1612118214292,72.28974998775007,0.20055363321799058,0.200556842764704,360.45096180917926,360.9088671157843,-0.1268756044328856,1.5867614335506393,0.20055353650316082,0.022503766727813714,0.15001255523393273,0.20055303870586905,0.02250377168585628,0.15001257175935714,0.16847893115093807,0.32885195791205146,0.1603730267611134,0.19999999999999984,0.19999677384587491,288.3619323177008,72.08902949147853,-1.1585497594612804e-05,-4.822398540493822e-05,0.3746430453903078,0.37464308666108276,0.16048408841402,-0.417983124187083,nan,16.75579773730987,59.68083499679134,-0.38223876541112345,nan
113.0881147048,0.040706682597888885,0.1684080486955811,0.3286892883471411,0.16028123965156002,1.66128872157e-10,0.486116793328,289.16330676653246,72.5411411884835,0.20055363321798356,0.20055683570304914,361.70444795501595,362.1639456500514,-0.12687560442017354,1.586761433550701,0.20055353650317342,0.02245678033955608,0.1498558652157335,0.20055303364438345,0.022456784691520452,0.1498558797362334,0.1684781978612611,0.32885489107082355,0.16037669320956247,0.19999999999999984,0.19999678080206415,289.364722762225,72.33972519279094,-1.1585493697729987e-05,-4.822397913217813e-05,0.3742517259736837,0.3742517622373377,0.1604877574015608,-0.3838731617360477,nan,16.686156741402044,59.929917685525446,-0.34930895742313306,nan
113.5381147048,0.04076918259788889,0.16840730641099905,0.32869222046265784,0.1602849140516588,1.740980626e-10,0.485701630352,290.1594002136448,72.7910268195184,0.20055363321798045,0.20055682933865976,362.9504270331632,363.41150758000305,-0.12687560443814805,1.5867614335499445,0.20055353650324456,0.022410086913448174,0.1496999896908753,0.2005530282740908,0.022410090538239766,0.149700001797728,0.16847753062707677,0.328857560007916,0.16038002938083923,0.20000000000000004,0.1999967870646632,290.36150776278305,72.58891927038012,-1.1585541381808895e-05,-4.822394366055249e-05,0.3738624406819052,0.37386247091768937,0.16049109588320548,-0.3497716137665721,nan,16.616668639811877,60.18053447874022,-0.31632734888374253,nan
113.9881147048,0.04083168259788889,0.16840663274661918,0.32869488027985666,0.16028824753323748,1.82442763297e-10,0.485283528999,291.14946000020996,73.03939881232753,0.2005536332178789,0.20055682271361527,364.1888588125375,364.65151262329255,-0.12687560444401003,1.5867614335501181,0.20055353650320146,0.022363684621618488,0.14954492509483058,0.20055302315153717,0.022363687598874367,0.14954493504921645,0.16847692954785928,0.3288599643245698,0.16038303477671054,0.19999999999999984,0.19999679358665592,291.3522547900467,72.83660402249085,-1.1585530435009872e-05,-4.822396515447025e-05,0.3734751806128809,0.37347520547307017,0.16049410336037587,-0.315693936638439,nan,16.547338897696648,60.43267779686302,-0.2833001431952195,nan
114.4381147048,0.04089418259788889,0.1684060277329754,0.3286972670313736,0.1602912392983982,1.91179990631e-10,0.484862527378,292.133454721114,73.28624928853122,0.2005536332178651,0.2005568156925102,365.4197040096453,365.8839214465514,-0.12687560444603063,1.5867614335495688,0.2005535365032596,0.022317571579986893,0.1493906676469012,0.20055301814726295,0.0223175739160238,0.14939067546545132,0.1684763947148468,0.3288621036569104,0.16038570894206358,0.19999999999999993,0.19999680050509203,292.3369323661985,73.08277164344679,-1.158556505176378e-05,-4.8223936155444846e-05,0.3730899363246526,0.37308995585078164,0.16049677937764398,-0.2815642520683935,nan,16.478182838945987,60.68630320307601,-0.25022543446341616,nan
114.8881147048,0.040956682597888885,0.16840549149374232,0.32869938055632403,0.1602938890625817,2.00327485819e-10,0.484438664915,293.11135372179893,73.53157055797449,0.20055363321798328,0.20055680837571752,366.64292427977335,367.10869565630406,-0.1268756044304431,1.5867614335494684,0.20055353650330734,0.02227174590347921,0.1492372135342898,0.20055301332788344,0.02227174763106199,0.14923721932233255,0.16847592623441054,0.3288639775788949,0.16038805134448436,0.2000000000000001,0.19999680771941397,293.3155098509079,73.3274144288655,-1.158557138003502e-05,-4.82239123522632e-05,0.3727066982950973,0.3727067127502144,0.1604991234022271,-0.24737510198848087,nan,16.409201157073568,60.9414188069068,-0.2170955904254986,nan
115.3381147048,0.041019182597888885,0.16840502411245054,0.3287012199951905,0.16029619588273994,2.09903742591e-10,0.484011981728,294.08312709071066,73.77535511676932,0.20055363321800052,0.20055680117380786,367.85848220748,368.32579778972536,-0.12687560443761514,1.586761433549284,0.20055353650334068,0.02222620573284107,0.14908455900206793,0.2005530085877584,0.022226206842638645,0.1490845627241085,0.16847552422736242,0.328865585607254,0.16039006137989156,0.19999999999999987,0.19999681482159876,294.2879574608762,73.57052474660375,-1.1585583004070088e-05,-4.822389573222452e-05,0.37232545714661447,0.3723254664420744,0.16050113482962558,-0.21308002162475695,nan,16.34039390451693,61.19803511735251,-0.18390521348353833,nan
115.7881147049,0.04108168259790278,0.16840462554068072,0.32870278408829,0.1602981585476093,2.1992803588e-10,0.483582518715,295.0487456519356,74.01759564572853,0.2005536332180206,0.20055679445511135,369.06634129766405,369.5351913055154,-0.12687560451142277,1.5867614335488058,0.2005535365034029,0.022180949211200826,0.14893270027499275,0.20055300363556228,0.022180949603975306,0.1489327015936235,0.16847518882105958,0.3288669272327765,0.16039173841171692,0.20000000000000007,0.1999968214447533,295.2542461358867,73.81209516177731,-1.1585613135522976e-05,-4.822386470149098e-05,0.37194620345087,0.37194620674402723,0.16050281302283032,-0.1787980787636447,nan,16.271763191371118,61.45615495008543,-0.15065195372367904,nan
116.2381147049,0.04114418259790278,0.1684042959078412,0.32870407441209887,0.16029977850425767,2.3042045348e-10,0.483150318883,296.0081809574828,74.25828500820472,0.2005536332179923,0.20055678812208821,370.26646596568753,370.7368405732902,-0.12687560450569402,1.5867614335488656,0.20055353650340127,0.022135974495844195,0.14878163359717556,0.20055299889090983,0.02213597433672343,0.14878163306242956,0.16847492014483212,0.32886800193767646,0.16039308179284434,0.20000000000000015,0.19999682767577984,296.2143473778279,74.05211858785961,-1.1585609371866923e-05,-4.822386552305602e-05,0.37156892782786516,0.3715689264923784,0.1605041573342771,-0.14450411221034173,nan,16.20332002053358,61.71574706496907,-0.11733641771449743,nan
116.6881147049,0.04120668259790278,0.16840403545696084,0.32870508949860694,0.1603010540416461,2.41401926406e-10,0.482715424544,296.9614052794852,74.49741624825484,0.2005536332179729,0.20055678153144232,371.45882152774004,371.9307108655206,-0.1268756045131214,1.5867614335484332,0.2005535365034326,0.022091279697189936,0.14863135502709357,0.20055299425368328,0.022091278975722252,0.14863135260005628,0.1684747183228381,0.3288688092258091,0.16039409090297096,0.19999999999999993,0.19999683416704397,297.1682331987711,74.29058832896901,-1.1585636616739947e-05,-4.822384989111583e-05,0.37119362043399656,0.3711936143726802,0.16050516714323343,-0.11006818699144096,nan,16.135080833523205,61.97675799196125,-0.0839553121814162,nan
117.1381147049,0.04126918259790278,0.16840384412983572,0.328705828137515,0.16030198400767925,2.52894259581e-10,0.482277879104,297.90839160259884,74.7349825886632,0.20055363321797556,0.20055677459687984,372.64337419126207,373.1167683466459,-0.12687560451424273,1.5867614335486337,0.20055353650341518,0.02204686291004948,0.1484818605421197,0.2005529894346255,0.02204686151561524,0.14848185584648124,0.16847458349679834,0.3288693485298817,0.16039476503308336,0.1999999999999999,0.19999684100519405,298.1158765314932,74.52749765976888,-1.1585623982401927e-05,-4.8223858584162116e-05,0.37082027122311,0.37082025949616354,0.16050584174019494,-0.07555469968600896,nan,16.06704918435041,62.23918210034595,-0.05050468178247054,nan
117.5881147049,0.04133168259790278,0.16840372207670723,0.3287062900627521,0.16030256798604486,2.64920166383e-10,0.48183772726,298.8491136158883,74.9709774288922,0.20055363321794095,0.2005567674303991,373.8200910447805,374.2949800634124,-0.12687560451692947,1.5867614335485614,0.20055353650343127,0.02200272225399761,0.1483331461744057,0.20055298450047476,0.022002720106724556,0.14833313893639735,0.1684745158058855,0.3288696192936178,0.1603951034877323,0.20000000000000007,0.19999684807760085,299.05725108774254,74.76283995703787,-1.1585628545418558e-05,-4.822385055724965e-05,0.37044887028585655,0.3704488522095669,0.16050618042923076,-0.041019169978895285,nan,15.999224009371801,62.50303136041061,-0.01698257898574694,nan
118.0381147049,0.04139418259790278,0.16840366944374452,0.3287064753853222,0.1603028059415777,2.77503303591e-10,0.481395014617,299.7835457048455,75.20539434318776,0.20055363321796774,0.2005567601699213,374.98894004803327,375.46531393481854,-0.12687560451135615,1.5867614335481188,0.20055353650347948,0.021958855858347177,0.14818520796067056,0.2005529795903629,0.021958852963882863,0.14818519819429626,0.16847451539887087,0.3288696209219114,0.16039510552304054,0.2000000000000001,0.19999685524446087,299.99233128697296,74.99660876106032,-1.1585656434220937e-05,-4.8223826520921165e-05,0.37007940772429354,0.3700793833336343,0.16050618246594847,-0.006440149007858048,nan,15.93161002982589,62.76829511442219,0.01661471942604463,60187.59476807272
118.4881147049,0.04145668259790278,0.16840368640685335,0.3287063834395032,0.16030269703264985,2.90668306144e-10,0.48095448079,300.71166294327406,75.43822707839595,0.2005536332179971,0.20055675281626287,376.14989002167005,376.6277387419453,-0.12687560450842517,1.58676143354786,0.20055353650352428,0.021915261845121284,0.14803804188491984,0.20055297471139458,0.021915258193197514,0.14803802955050946,0.16847458242889998,0.328869352802023,0.16039477037312302,0.20000000000000026,0.19999686250612322,300.9210921853127,75.22879783635732,-1.1585672743397168e-05,-4.822380418323391e-05,0.36971187350883133,0.36971184270472984,0.16050584708393267,0.02822032633176261,35435.451321286724,15.864213419064285,63.0349563249246,0.050292031538390305,19883.86568231296
118.9381147049,0.04151918259790278,0.1684037731076662,0.3287060135755543,0.1603022404678881,3.04440823601e-10,0.480571694642,301.6334410850931,75.66946955200218,0.20055363321801678,0.20055674566119241,377.30291063709535,377.78222411767916,-0.12687560451083435,1.5867614335476152,0.20055353650354668,0.021871938338096045,0.1478916439089648,0.2005529698464894,0.02187193392264044,0.14789162898095498,0.16847471706319725,0.32886881426494396,0.16039409720174672,0.19999999999999982,0.19999686957055388,301.84350962981785,75.4594010072775,-1.158568816439498e-05,-4.822379301439028e-05,0.3693462575544518,0.3693462202730658,0.16050517344637122,0.06294948775575898,15885.752778163222,15.797043855041423,63.30298308824805,0.08405345527684453,11897.190861533625
119.3881147049,0.04158168259790278,0.16840392974843815,0.32870536541446765,0.1603014356660295,3.18847558413e-10,0.480186298112,302.54885655608626,75.89911585003937,0.20055363321801442,0.2005567381987215,378.4479724061257,378.92874053633017,-0.1268756045065378,1.5867614335471467,0.20055353650362723,0.02182888343471579,0.14774600987747788,0.20055296508132417,0.021828878256245764,0.1477459923525703,0.16847491947059834,0.32886800463574206,0.16039308516514372,0.2000000000000001,0.19999687694349375,302.759559839303,75.68841256682262,-1.1585717696327436e-05,-4.822375284652125e-05,0.368982549483593,0.36898250571668534,0.16050416070891185,0.09774153419606071,10231.065106816208,15.73010648757743,63.57236047891552,0.11790276959011681,8481.564966424885
119.8381147049,0.04164418259790278,0.16840415646956655,0.3287044384260541,0.16030028195648757,3.33916304973e-10,0.479798328192,303.4578864454131,76.12716022496362,0.20055363321798805,0.2005567306520266,379.5850466703767,380.0672593031532,-0.1268756045076369,1.5867614335468003,0.20055353650366214,0.02178609525903448,0.14760113569696703,0.200552960421809,0.02178608934382613,0.1476011156591512,0.16847518983253576,0.3288669231881658,0.16039173335563003,0.1999999999999997,0.19999688440048427,303.66921997128895,75.91582669908776,-1.15857395233121e-05,-4.8223735438224224e-05,0.3686207390731219,0.36862068903044887,0.16050280796324198,0.13263108644956378,7539.710536717004,15.663400305445649,63.84309795442902,0.1518453608824187,6585.647359844921
120.2881147049,0.04170668259790278,0.16840445333791124,0.3287032314067743,0.16029877806886308,3.49675989844e-10,0.479407822453,304.3605084972776,76.35359709358282,0.2005536332179855,0.2005567233548657,380.7141055908604,381.1977525437773,-0.1268756045095909,1.5867614335469025,0.20055353650364674,0.02174357194237099,0.1474570172706982,0.20055295568002562,0.02174356525770199,0.14745699460419634,0.16847552833848684,0.32886556916428494,0.1603900408257981,0.19999999999999976,0.19999689161009954,304.57246788056915,76.1416377102913,-1.1585733084018557e-05,-4.8223743120967555e-05,0.36826081609180866,0.36826075948422554,0.16050111426129798,0.16761672955034598,5965.991596916561,15.5969286958033,64.11518700275089,0.18588494933347005,5379.671692548064
120.7381147049,0.04176918259790278,0.16840482050828232,0.32870174387382883,0.16029692336554652,3.66156713625e-10,0.479014819819,305.256701102406,76.57842103486124,0.200553633217983,0.20055671657341825,381.8351221372672,382.32019319354754,-0.1268756045105679,1.586761433546296,0.20055353650373006,0.021701311618426256,0.147313650482317,0.20055295088290642,0.02170130417330813,0.14731362521270097,0.16847593518417542,0.32886394178194883,0.1603880065977734,0.19999999999999998,0.19999689830418765,305.4692820462131,76.3658400910541,-1.1585771308997295e-05,-4.8223701576421973e-05,0.3679027702594235,0.3679027071507937,0.1604990786245281,0.20267403526297284,4934.03113379809,15.530696154522502,64.38861400999095,0.22002483271954512,4544.9415306437295
121.1881147049,0.04183168259790278,0.16840525822516553,0.32869997529544515,0.16029471707027962,3.83389793982e-10,0.478619359864,306.14644328947327,76.80162678781328,0.2005536332179796,0.20055670984965787,382.9480700772866,383.43455498678816,-0.12687560450004298,1.586761433546484,0.20055353650371174,0.02165931242206135,0.14717103119181218,0.20055294611925836,0.021659304228663884,0.1471710033554976,0.16847641057121737,0.3288620402336883,0.16038562966247094,0.2000000000000001,0.19999690494076,306.35964130879205,76.58842876849458,-1.1585759462917622e-05,-4.8223710713557466e-05,0.3675465912366556,0.36754652171792396,0.16049670004314856,0.23782047632715708,4204.852397252593,15.464707361515686,64.66336391780197,0.2542681391304452,3932.8560920760024
121.6381147049,0.04189418259790277,0.16840576668779128,0.32869792488783295,0.16029215820004167,4.01407810187e-10,0.478221482917,307.0297147163324,77.02320924929886,0.2005536332179875,0.20055670291911862,384.0529239656313,384.5408124459889,-0.1268756045045616,1.5867614335461278,0.20055353650373944,0.02161757248948802,0.14702915523625926,0.2005529413911617,0.021617563540137427,0.14702912480232422,0.16847695470698243,0.32885986369076925,0.16038290898378682,0.19999999999999993,0.19999691178536175,307.24352521036667,76.8093987552646,-1.158578191162718e-05,-4.822369690238304e-05,0.3671922686269706,0.36719219262091235,0.16049397748033795,0.2730637114556191,3662.149007897483,15.39896737197479,64.9394193678169,0.2886175626439617,3464.7926163578577
122.0881147049,0.041956682597902785,0.16840634607252716,0.3286955919023859,0.16028924582985873,4.20244649032e-10,0.477821230173,307.90649566158305,77.24316347185257,0.20055363321791642,0.20055669577008692,385.14965913343553,385.63894087092183,-0.12687560451787316,1.5867614335458542,0.20055353650377042,0.02157608995602782,0.14688801842229277,0.20055293668946458,0.02157608024629866,0.14688798537082146,0.16847756780313874,0.328857411306295,0.16037984350315623,0.20000000000000004,0.19999691884919515,308.1209140109306,77.02874512250489,-1.1585799153390752e-05,-4.822368145918077e-05,0.3668397919578102,0.3668397094146874,0.16049090987679832,0.30840321534240583,3242.5083470344052,15.333482034306757,65.21675883942241,0.32307565090404067,3095.250283336946
122.5381147049,0.04201918259790278,0.16840699656705638,0.3286929755590814,0.160285978992025,4.3993555233e-10,0.477418643666,308.7767670156452,77.46148466165883,0.20055363321801872,0.2005566885974811,386.23825167730394,386.72891632769426,-0.12687560450600488,1.586761433545433,0.20055353650383995,0.021534862954069547,0.14674761651921148,0.20055293200781396,0.02153485248746239,0.14674758085727474,0.16847825007624334,0.32885468221422376,0.16037643213798042,0.2000000000000002,0.19999692593709187,308.99178866252635,77.2464630147776,-1.1585825698823271e-05,-4.822364678691571e-05,0.3664891506633736,0.36648906160084505,0.16048749614918126,0.3438431950222497,2908.302431098836,15.268259101682114,65.49535171890221,0.3576472281956651,2796.0513074434075
122.9881147049,0.04208168259790278,0.16840771838484586,0.3286900750669531,0.16028235668210722,4.60517166036e-10,0.47701376624,309.640510272024,77.67816817592448,0.20055363321798486,0.2005566812588235,387.3186784479485,387.8107156377419,-0.1268756045031405,1.586761433544772,0.20055353650392793,0.021493889604902568,0.14660794523115916,0.2005529273581832,0.021493878383946792,0.14660790696257414,0.16847900175640548,0.3288516754940174,0.1603726737376119,0.2000000000000001,0.1999969331911442,309.85613059071187,77.46254785723661,-1.1585867354391155e-05,-4.8223602910901775e-05,0.366140334015141,0.3661402384427397,0.16048373514604242,0.37938545066042845,2635.8417231320154,15.203305654598985,65.77516907959428,0.3923360213758046,2548.8355529866985
123.4381147049,0.04214418259790277,0.16840851173558494,0.32868688963679854,0.1602783779012136,4.82027590775e-10,0.476606641476,310.4977075184007,77.89320952114127,0.20055363321797504,0.20055667388416334,388.390917039542,388.8843163667698,-0.12687560450816981,1.586761433544256,0.20055353650397714,0.02145316803059985,0.14646900023759243,0.20055292274995704,0.021453156067698452,0.14646895939993038,0.16847982307409218,0.32884839022351814,0.16036856714942596,0.2000000000000002,0.19999694048095024,310.71392192104304,77.67699511849895,-1.1585899872823546e-05,-4.822357837497293e-05,0.3657933312229387,0.3657932292344955,0.16047962571395882,0.41503546072443376,2409.4326741491573,15.13862982005148,66.05617627795323,0.427143298004774,2341.134707418079
123.8881147049,0.04220668259790277,0.16840937679810383,0.3286834183381864,0.16027404154008254,5.04506434127e-10,0.476197313535,311.3483414279334,78.10660435059508,0.20055363321797948,0.2005566665717546,389.45494577852844,389.9496968136431,-0.12687560450934665,1.586761433543478,0.20055353650407715,0.02141269633664134,0.1463307771340033,0.20055291813949735,0.021412683637499326,0.14633073374209304,0.16848071426365566,0.32884482546576266,0.160364111202107,0.19999999999999982,0.19999694770845539,311.5651453528607,77.88980042566767,-1.1585948900272314e-05,-4.8223528514856895e-05,0.36544813128689885,0.36544802291944734,0.16047516668080378,0.45079446984525545,2218.3058286923324,15.074238415829644,66.33834309996634,0.46207264397141556,2164.161875944903
124.3381147049,0.042269182597902785,0.16841031381111188,0.328679660390983,0.16026934657987113,5.27994864597e-10,0.475785827314,312.19239525021413,78.31834846218302,0.2005536332179962,0.200556659230206,390.5107437123972,391.0068359992349,-0.12687560450700408,1.5867614335429703,0.20055353650416455,0.0213724726363875,0.14619327151544118,0.2005529135611792,0.021372459216688858,0.14619322561831946,0.1684816755689758,0.32884098024492125,0.16035930467594545,0.20000000000000015,0.19999695496466266,312.40978408893193,78.10095962346522,-1.1585980896899883e-05,-4.822348493860318e-05,0.36510472320604814,0.36510460858205335,0.16047035682602298,0.4866637847679992,2054.8066885164194,15.01013039797798,66.62167306252785,0.4971262559027853,2011.5614255456935
124.7881147049,0.04233168259790278,0.16841132294655387,0.3286756148367325,0.16026429189017866,5.52535667731e-10,0.475372228274,313.02985280236834,78.52843779615871,0.20055363321798636,0.20055665225307412,391.5582905985271,392.05571365523724,-0.12687560450850288,1.5867614335423543,0.2005535365042197,0.021332495068644187,0.14605647903685817,0.2005529089602375,0.021332480950547725,0.1460564307059012,0.16848270723212977,0.32883685359257864,0.16035414636044887,0.19999999999999987,0.1999969618555972,313.2478220894506,78.31046850907647,-1.1586019721399055e-05,-4.822345743837886e-05,0.36476309612901514,0.3647629754267328,0.16046519493828576,0.5226494787891341,1913.3282258633144,14.946304771190562,66.9061694719038,0.5323045264322992,1878.6238897917476
125.2381147049,0.04239418259790278,0.16841240441619204,0.32867128075177665,0.1602588763355846,5.78173303543e-10,0.474956562476,313.8606984600978,78.73686843294682,0.20055363321799985,0.2005566458048534,392.5975668930446,393.09631021293677,-0.12687560451076774,1.5867614335417488,0.2005535365043132,0.021292761779541737,0.14592039535151258,0.20055290432072756,0.021292746988878328,0.14592034467091397,0.16848380949772304,0.32883244453067434,0.1603486350329513,0.19999999999999993,0.19999696821659535,314.07924378522364,78.5183231078209,-1.1586057879764411e-05,-4.8223410809011824e-05,0.36442323920019803,0.3644231126298942,0.16045967979407938,0.5587491776939397,1789.7118061581466,14.882763117919128,67.19182399644465,0.5676100861524697,1761.7727809920966
125.6881147049,0.04245668259790278,0.16841355848784376,0.32866665732624534,0.16025309883840158,6.04953966041e-10,0.474538876471,314.68491714876495,78.94363659080851,0.20055363321797534,0.20055663957508915,393.6285537395735,394.12860679196353,-0.12687560450389546,1.586761433541281,0.20055353650437813,0.021253270926601585,0.1457850161251203,0.20055289969432397,0.021253255489627337,0.14578496318080042,0.1684849826173372,0.3288277520525406,0.16034276943520342,0.19999999999999996,0.19999697435816075,314.9040339706801,78.72451976889336,-1.1586087367287945e-05,-4.8223378434908426e-05,0.3640851415951069,0.36408500937136007,0.16045381013428323,0.5949660658970396,1680.768126653214,14.819507580284595,67.4786253579956,0.6030455177068456,1658.2496190380828
126.1381147049,0.04251918259790278,0.16841478539817578,0.3286617436027988,0.16024695820462304,6.32925644895e-10,0.4741192173,315.50249433418327,79.14873862366063,0.20055363321800443,0.20055663343336697,394.6512329578439,395.1525851890163,-0.1268756045041619,1.5867614335408082,0.20055353650441646,0.021214020671515788,0.14565033701133612,0.2005528950782469,0.0212140046064888,0.14565028186203005,0.16848622684485506,0.3288227751426619,0.16033654829780683,0.19999999999999993,0.19999698041074612,315.7221780508971,78.9290549069467,-1.1586117154571696e-05,-4.822335932797017e-05,0.36374879245913033,0.36374865472862616,0.16044758468861972,0.6313072023065297,1584.0148763492998,14.756542320009546,67.76655251034127,0.6386116514729417,1565.8968916297176
126.5881147049,0.04258168259790278,0.16841608534759925,0.3286565385680257,0.16024045322042643,6.62138189113e-10,0.473697632446,316.3134160138868,79.35217101871966,0.20055363321799405,0.20055662708304445,395.6655870326065,396.1682278665684,-0.12687560450487245,1.586761433540697,0.20055353650444668,0.021175009176498283,0.14551635363937032,0.20055289042945393,0.021174992482683987,0.14551629627874668,0.168487542434254,0.32881751278521815,0.16032997035096413,0.2000000000000001,0.19999698667028792,316.53366189695464,79.13192513565184,-1.1586124171181211e-05,-4.82233442511415e-05,0.3634141808766088,0.3634140376235352,0.1604410021864122,0.6677673698014525,1497.5275001791872,14.693872949534269,68.05557686761513,0.674309497098235,1482.9985404377564
127.0381147049,0.04264418259790278,0.16841745861884577,0.3286510414204803,0.16023358280163452,6.92643372139e-10,0.473274169962,317.1176687078955,79.55393039433949,0.20055363321798064,0.20055662060533685,396.671599102235,397.17551794156054,-0.12687560450281854,1.5867614335402564,0.2005535365045053,0.021136234600195737,0.14538306160002182,0.20055288581324682,0.021136217292793927,0.14538300207656302,0.16848892964246615,0.328811963952663,0.16032303431019684,0.20000000000000004,0.19999699305657462,317.3384720508449,79.33312705139004,-1.1586151926756827e-05,-4.822331503007149e-05,0.3630812958359538,0.3630811471813913,0.16043406134229254,0.7043474429337941,1419.753858741553,14.631506809323001,68.34566070548614,0.7101398266886598,1408.1733799707322
127.4881147049,0.04270668259790278,0.1684189053998091,0.32864525112209586,0.16022634572228675,7.24494960965e-10,0.472906865781,317.91523944972636,79.75401349767786,0.20055363321797004,0.2005566141377427,397.66925294740423,398.174439174084,-0.12687560450330704,1.5867614335403861,0.20055353650449245,0.02109769509265854,0.14525045642840004,0.20055288117165251,0.02109767718313761,0.14525039477790624,0.16849038872540298,0.32880612762085193,0.16031573889544895,0.19999999999999993,0.19999699943151814,318.13659559175,79.53265735565425,-1.1586143755515366e-05,-4.822332143605834e-05,0.3627501261864973,0.36274997221985367,0.16042676087531837,0.7410516970445251,1349.4335199395898,14.569454297147276,68.63675053332655,0.7461055081758865,1340.2930135777265
127.9381147049,0.04276918259790278,0.16842042596964416,0.32863916678764926,0.1602187408180051,7.57748785367e-10,0.472539338334,318.7061157773891,79.95241720245748,0.20055363321797837,0.20055660759186672,398.65853297984654,399.16497595605915,-0.12687560450401758,1.5867614335403266,0.20055353650448873,0.02105938878434887,0.14511853356600896,0.20055287655030452,0.021059370289199818,0.1451184698417118,0.16849191995047888,0.3288000027205274,0.16030808277004852,0.19999999999999993,0.19999700588416844,318.9280200137022,79.73051296614433,-1.1586147508069189e-05,-4.822332329013079e-05,0.3624206605438001,0.3624205013980166,0.16041909944789204,0.7778829174860384,1285.54050683077,14.507714250301605,68.92884590549546,0.7822093459317607,1278.4301353607698
128.3881147049,0.04283168259790278,0.16842202055590125,0.3286327873684522,0.16021076681255095,7.9246281196e-10,0.47216985357,319.4902857243027,80.14913850667891,0.20055363321801484,0.20055660110240814,399.63942423098155,400.1471132999133,-0.12687560451078994,1.5867614335399551,0.20055353650458024,0.02102131385809354,0.14498728860866922,0.2005528719208019,0.021021294791969278,0.14498722285763418,0.16849352358396194,0.3287935881870515,0.16030006460308957,0.19999999999999987,0.1999970122791927,319.71273339580847,79.92669083517312,-1.1586170922672778e-05,-4.822327765996448e-05,0.36209288790881494,0.3620927237014334,0.1604110757281859,0.8148454295788802,1227.226617098177,14.446281268389415,69.22196663774967,0.818451938268793,1221.8188426741604
128.8381147049,0.04289418259790278,0.16842368939271246,0.32862611185320434,0.16020242246049188,8.28697218805e-10,0.471798453357,320.26773781040197,80.3441745303489,0.20055363321800096,0.2005565947706399,400.6119123407508,401.1208368272641,-0.12687560450329594,1.586761433539317,0.20055353650463434,0.020983468499165117,0.14485671713512327,0.200552867267489,0.020983448877744608,0.14485664940811177,0.1684951998943693,0.3287868829456981,0.16029168305132876,0.19999999999999998,0.19999701851540774,320.4907242908447,80.12118804990604,-1.158621113495073e-05,-4.822325068154498e-05,0.3617667972398435,0.3617666280976361,0.16040268837202637,0.8519378313973639,1173.7945694462023,14.385156830922329,69.516099946189,0.8548346518679742,1169.816873725009
129.2881147049,0.04295668259790278,0.16842543273416724,0.328619139253473,0.16019370651930578,8.66514472378e-10,0.471425180181,321.0384610328138,80.5375225132409,0.20055363321796973,0.20055658862154416,401.57598354605466,402.0861327576087,-0.12687560450177493,1.5867614335387388,0.20055353650469362,0.020945850908560895,0.14472681475304047,0.20055286259526695,0.020945830749137175,0.14472674510655303,0.16849694915230276,0.3287798859142607,0.16028293676195796,0.19999999999999987,0.1999970245682731,321.26198169876596,80.31400184728872,-1.1586247572470398e-05,-4.822322112740807e-05,0.36144237756742964,0.3614422036315014,0.16039393602566845,0.8891617113082609,1124.654815071443,14.324343390720516,69.81122783246121,0.8913604143128132,1121.88064888538
129.7381147049,0.04301918259790278,0.16842725081651738,0.32861186853396973,0.16018461771745235,9.05979409326e-10,0.471050077089,321.80244485706174,80.72917981265712,0.2005536332180017,0.2005565826573482,402.53162466971884,403.042987897028,-0.12687560450496127,1.586761433538963,0.2005535365046959,0.020908459284467037,0.14459757703525686,0.20055285788538968,0.020908438605991217,0.14459750553170417,0.16849877163697,0.32877259597559966,0.16027382433862966,0.19999999999999996,0.1999970304350539,322.0264950795774,80.50512959014145,-1.1586233439331295e-05,-4.822321999498058e-05,0.3611196178351243,0.3611194392613404,0.16038481729179768,0.9265186834621623,1079.309049940857,14.263844321048312,70.1073271337068,0.9280294027078632,1077.552065788149
130.1881147049,0.04308168259790278,0.16842914389606245,0.32860429868191404,0.1601751547858516,9.47159321452e-10,0.470673187618,322.55967920810014,80.91914390105758,0.2005536332179833,0.20055657693378426,403.47882310915776,403.99138962690716,-0.12687560450800328,1.5867614335390177,0.2005535365046705,0.02087129183581203,0.14446899956673068,0.20055285313961804,0.020871270656167402,0.14446892626501867,0.16850066761854843,0.32876501204915815,0.16026434443060972,0.19999999999999993,0.19999703606012628,322.7842543742982,80.69456873485953,-1.1586229997639919e-05,-4.822323265152306e-05,0.3607985070167524,0.36079832395222516,0.1603753308187445,0.9640060621425832,1037.3378750102643,14.203659782188959,70.40438980761672,0.9648422379573945,1036.4388712055513
130.6381147049,0.04314418259790277,0.1684311123110445,0.3285964288236074,0.1601653165125629,9.90124040021e-10,0.47029455577,323.3101544611707,81.10741236396483,0.20055363321800146,0.20055657106902863,404.4175668251355,404.9313258926754,-0.12687560450089785,1.5867614335393359,0.20055353650464364,0.02083434678536948,0.14434107795554765,0.2005528484531493,0.0208343251211607,0.1443410029103328,0.16850263737768267,0.3287571330124875,0.16025449563480482,0.20000000000000007,0.19999704182675165,323.5352497973357,80.88231702779976,-1.1586209947012094e-05,-4.822324605191497e-05,0.3604790341438978,0.360478846725127,0.16036547520244387,1.001625627072399,998.3770113019666,14.143793540217318,70.70238950791664,1.0018009213954562,998.202316091956
131.0881147049,0.04320668259790278,0.16843315630137137,0.3285882579001291,0.1601551015987577,1.03494602697e-09,0.469914226059,324.0538614328563,81.29398289755105,0.20055363321800881,0.20055656512177458,405.3478443304074,405.86278519257144,-0.1268756045025854,1.5867614335389297,0.20055353650467933,0.020797622347662047,0.1442138077566155,0.20055284380540267,0.02079760021558525,0.14421373102303833,0.16850468119145076,0.3287489577575974,0.16024427656614662,0.2,0.19999704767519155,324.27947218282276,81.06837214758461,-1.1586235537652811e-05,-4.8223228255039885e-05,0.3601611881153369,0.360160996480031,0.16035524905686832,1.0393813749959815,962.1107555480935,14.08425030549863,71.00129423357309,1.0389050376264333,962.5518827829356
131.5381147049,0.04326918259790278,0.16843527613838913,0.3285797848968179,0.16014450875842876,1.08170046677e-09,0.469532243355,324.7907913722649,81.47885330651131,0.20055363321799222,0.20055655904493602,406.26964467877616,406.78575656643955,-0.12687560449994306,1.5867614335390487,0.20055353650468033,0.020761116746033884,0.14408718453087313,0.2005528392098024,0.02076109416150438,0.1440871061597962,0.16850679933754142,0.3287404851732362,0.16023368583569475,0.19999999999999996,0.19999705365330805,325.01691275424463,81.2527319245316,-1.1586228043647395e-05,-4.8223227755439524e-05,0.35984495784490866,0.35984476212009237,0.1603446509921156,1.0772734717434664,928.2694006950653,14.025029034604218,71.30110016404824,1.076155460939531,929.2337736473094
131.9881147049,0.04333168259790278,0.168437472082709,0.32857100877816586,0.16013353669545685,1.13046536382e-09,0.469148652996,325.52093595191604,81.66202150178451,0.20055363321798664,0.2005565527818066,407.1829574537005,407.70022958455263,-0.1268756045046282,1.5867614335383862,0.2005535365047553,0.020724828225379292,0.1439612038897261,0.20055283466702845,0.02072480520294842,0.14396112392916505,0.16850899209540224,0.32873171414216834,0.1602227220467661,0.20000000000000018,0.19999705981789592,325.74756315500497,81.43539429869551,-1.1586269799135351e-05,-4.8223190374230285e-05,0.35953033237248777,0.3595301326780759,0.16033367961053532,1.1153057128635067,896.6151508652606,13.966129171033666,71.60180088224028,1.113553073258505,898.0263482851128
132.4381147049,0.04339418259790277,0.16843974438418124,0.3285619284381378,0.16012218405395656,1.18132164259e-09,0.468763500641,326.2442872590409,81.84348549832835,0.20055363321799113,0.20055654655992247,408.08777275736924,408.6061943364768,-0.1268756045045838,1.586761433537754,0.2005535365048269,0.02068875503661622,0.14383586144149246,0.20055283015500147,0.02068873159099969,0.14383577994017932,0.16851125974508188,0.32872264354380626,0.16021138379872438,0.2000000000000001,0.19999706594169975,326.47141555921223,81.61635719815696,-1.1586309633937475e-05,-4.822315466945781e-05,0.3592173007302382,0.35921709718793476,0.16032233351052128,1.1534819632857483,866.9403006107286,13.907552738252043,71.90337644735648,1.1510969004505174,868.7365934254701
132.8881147049,0.04345668259790277,0.1684420932856072,0.328552542752236,0.1601104494666288,1.23435325169e-09,0.468376832362,326.96083778661426,82.02324341287796,0.20055363321798597,0.20055654070988543,408.98408119949227,409.50364141997306,-0.12687560449503588,1.5867614335376516,0.20055353650487018,0.0206528954385884,0.14371115279820282,0.20055282564230487,0.020652871583160003,0.14371106980034629,0.16851360256078457,0.32871327228121555,0.16019966972043098,0.19999999999999984,0.1999970716945861,327.188462589893,81.79561860959927,-1.1586316084333248e-05,-4.8223133086722214e-05,0.35890585195959585,0.35890564467980807,0.16031061131998528,1.1917974699623188,839.068738777921,13.84930761927117,72.20577573195862,1.188789241833499,841.1920000703196
133.3381147049,0.043519182597902786,0.16844451909959063,0.32854285077856127,0.16009833167897064,1.28964727173e-09,0.467988694508,327.6705804244413,82.20129346173523,0.200553633217982,0.20055653485175817,409.87187388617656,410.39256192994065,-0.1268756044981556,1.5867614335371387,0.200553536504928,0.020617247665806776,0.1435870734634799,0.20055282118994627,0.020617223414064773,0.1435869890138545,0.1685160208306659,0.32870359920197645,0.16018757837131054,0.19999999999999993,0.19999707745645606,327.89869697734014,81.97317690883645,-1.1586348414027725e-05,-4.8223104265332495e-05,0.35859597483125744,0.3585957639258058,0.16029851159735437,1.2302491192527771,812.8435000281693,13.79140514945043,72.50892778244925,1.2266324944824465,815.2401020665366
133.7881147049,0.04358168259790278,0.16844702211673557,0.3285328515090345,0.16008582939229893,1.34729402747e-09,0.467599133731,328.37350845059154,82.37763395858794,0.20055363321795827,0.20055652887930228,410.7511424091795,411.2729474474095,-0.12687560450269642,1.5867614335369173,0.20055353650493707,0.02058180994299156,0.1434636188829473,0.20055281682807227,0.020581785306370885,0.143463533019269,0.16851851483725588,0.32869362317566125,0.16017510833840537,0.20000000000000012,0.19999708333423777,328.6021119511375,82.14903045804203,-1.1586362369531145e-05,-4.8223099735622554e-05,0.3582876579710721,0.3582874435341487,0.16028603292869234,1.2688382014297848,788.1225509077158,13.733844163704225,72.81282560659876,1.2646251733149654,790.7481371564804
134.2381147049,0.04364418259790277,0.16844960252794355,0.32852254386058005,0.1600729413326365,1.40738720553e-09,0.467208197028,329.06961552247,82.55226331233591,0.2005536332179908,0.20055652273903768,411.6218788348059,412.1447900285807,-0.1268756045026187,1.5867614335371396,0.2005535365049061,0.02054658053501785,0.1433407846183976,0.20055281249209414,0.02054655552753376,0.1433406973874962,0.16852108486147904,0.32868334307861624,0.1601622582171372,0.19999999999999998,0.19999708937911645,329.29870114308136,82.32317769172451,-1.1586348358516574e-05,-4.822311517882483e-05,0.35798089029501046,0.3579806724435687,0.16027317390844822,1.3075676591434875,764.7787806674896,13.67661701728448,73.11749672716594,1.302766806501836,767.5970826161747
134.6881147049,0.04370668259790277,0.16845226062001076,0.32851192676885604,0.1600596661488453,1.47002397489e-09,0.466847192574,329.7588956681949,82.72518002479305,0.2005536332179898,0.20055651657997106,412.484075692988,413.0080821939203,-0.1268756045036179,1.586761433536364,0.20055353650500066,0.020511557729980798,0.14321856628936347,0.2005528081978194,0.020511532363426115,0.1432184777304455,0.1685237311829365,0.3286727577932537,0.1601490266103172,0.19999999999999998,0.19999709544331934,329.98845863776813,82.49561705521987,-1.1586397241636348e-05,-4.822306802765297e-05,0.35767566086324415,0.3576754396951989,0.16025993313846562,1.3464418219957242,742.698261197635,13.619721917413218,73.42293815275849,1.3410573400669523,745.680270427568
135.1381147049,0.04376918259790277,0.16845499670201208,0.32850099918883896,0.16004600248682688,1.53530511272e-09,0.466509098895,330.4413432778846,82.89638268864259,0.20055363321797462,0.20055651048207104,413.3377259665272,413.86281691730903,-0.126875604504173,1.58676143353679,0.20055353650495697,0.020476739825562987,0.1430969595259207,0.20055280398275777,0.02047671410997421,0.14309686967217072,0.16852645408078956,0.3286618662016263,0.16013541212083673,0.19999999999999998,0.19999710144819405,330.67137885403383,82.66634711249337,-1.1586370396443613e-05,-4.8223089821330944e-05,0.35737195876227523,0.35737173436050196,0.16024630922066832,1.3854589730630025,721.7824702446284,13.563159266234537,73.72913495821717,1.3794962399504063,724.9023020432086
135.5881147049,0.04383168259790278,0.16845781104815638,0.32848976008454217,0.1600319490363858,1.60333513624e-09,0.466169544747,331.1169530950694,83.06586998524494,0.2005536332179995,0.20055650445374693,414.18282308031434,414.70898761525086,-0.1268756044961128,1.586761433537543,0.20055353650487376,0.020442125131107665,0.14297595997617105,0.20055279985836194,0.02044209907466346,0.14297586885437508,0.16852925383114303,0.3286506671997963,0.16012141336865326,0.19999999999999984,0.1999971073858201,331.3474565353586,82.83536654495576,-1.158632293440931e-05,-4.8223131310365375e-05,0.35706977312362403,0.3570695455550184,0.16023230077405812,1.424626634975032,701.93830120095,13.506928960034818,74.03607459244549,1.41808465116525,705.1765204413524
136.0381147049,0.04389418259790278,0.16846070424841542,0.3284782085480269,0.16001750429961148,1.67422243772e-09,0.465828571936,331.78572020757997,83.23364068232185,0.20055363321809566,0.20055649844541337,415.01936088990186,415.54658813614435,-0.12687560463612302,1.5867614335348186,0.2005535365049745,0.020407711967909734,0.14285556330752308,0.20055279611419413,0.020407685566283758,0.14285547090078055,0.16853213071692066,0.3286391596571867,0.16010702894026604,0.20000000000000015,0.19999711331400483,332.01668674249834,83.00267414740355,-1.1586494630400068e-05,-4.822308107277351e-05,0.35676909312702787,0.3567688623493822,0.1602179063841554,1.4639393967676981,683.0883861776982,13.451032223679592,74.34373685014081,1.4568223197102257,686.4255074008672
136.4881147049,0.04395668259790278,0.16846367641603713,0.3284663434973256,0.1600026670812885,1.74807942721e-09,0.465486222736,332.44764004160584,83.39969363233666,0.20055363321802294,0.20055649239294795,415.8473336739425,416.37561274961797,-0.126875604502108,1.586761433536453,0.20055353650501603,0.020373498661918767,0.14273576518139652,0.200552792623763,0.02037347191441182,0.14273567148548333,0.1685350850115536,0.32862734247886555,0.16009225746731195,0.19999999999999982,0.19999711929281852,332.6790648735545,83.16826880038799,-1.1586391623907843e-05,-4.82230603671141e-05,0.35646990793726746,0.3564696739400325,0.1602031246816494,1.5033706368789965,665.1719645635783,13.395472006660457,74.65209135615251,1.4957056459952143,668.5807482759209
136.9381147049,0.04401918259790278,0.16846672732663107,0.3284541637493599,0.1599874364227288,1.82502268571e-09,0.465142539879,333.10270834827435,83.56402776950053,0.20055363321798828,0.2005564863422768,416.66673611777486,417.1960561359332,-0.1268756044965791,1.5867614335360443,0.20055353650506558,0.020339483542073912,0.14261656124754205,0.20055278897044135,0.020339456468898363,0.1426164663315508,0.16853811698206825,0.32861521459705606,0.1600770976149878,0.19999999999999993,0.1999971252646992,333.3345867007949,83.33214941697999,-1.1586417392184245e-05,-4.82230356646518e-05,0.3561722066899812,0.3561719696457096,0.16018795433081257,1.5429303858471841,648.1173805200066,13.340248184643842,74.96112412294659,1.5347343955003354,651.5785421450676
137.3881147049,0.04408168259790278,0.16846985740292614,0.3284416683377586,0.15997181093483248,1.90517312131e-09,0.464797566288,333.75092119998436,83.72664210851354,0.20055363321799205,0.20055648023232495,417.47756330849785,418.00791337545814,-0.12687560450174162,1.5867614335359206,0.20055353650508637,0.020305664957464616,0.14249794720438824,0.20055278529836848,0.02030563756466143,0.1424978510878723,0.16854122689981896,0.32860277492615375,0.1600615480263348,0.19999999999999987,0.19999713129528873,333.98324826665106,83.49431504184686,-1.1586425185949878e-05,-4.822302529516875e-05,0.3558759786423761,0.35587573859990057,0.16017239397374636,1.5826448970734917,631.8536785157081,13.285361688570406,75.2708148593587,1.5739100030351936,635.3603433941956
137.8381147049,0.04414418259790278,0.1684730672094523,0.32842885635020364,0.15995578914075134,1.98865612049e-09,0.464451345138,334.3922749798976,83.8875357420516,0.20055363321806535,0.20055647410959493,418.2798107219492,418.81117993821323,-0.12687560450090896,1.5867614335357147,0.2005535365051271,0.020272041254615875,0.14237991871965608,0.20055278187589343,0.020272013534731417,0.14237982137484026,0.16854441503620332,0.3285900223808218,0.16004560734461848,0.2,0.19999713734599822,334.6250459679334,83.65476475401582,-1.1586438153354806e-05,-4.82230049780874e-05,0.35558121297496975,0.35558096986492427,0.16015644225277675,1.6224838514524706,616.3389540701966,13.230816767773478,75.58112379242654,1.613229544840776,619.8745883362177
138.2881147049,0.04420668259790278,0.16847635642628067,0.32841572669088714,0.15993937026460647,2.07560172662e-09,0.46410392019,335.0267663740094,84.04670783864452,0.20055363321801656,0.20055646798984172,419.073474212654,419.60585167349336,-0.1268756045026853,1.5867614335357276,0.20055353650510704,0.0202386107831874,0.14226247145044052,0.20055277822744952,0.020238582766437002,0.14226237298188513,0.1685476816494623,0.3285769559276831,0.1600292742782208,0.19999999999999982,0.19999714338594796,335.2599765012985,83.81349771135551,-1.1586437342891998e-05,-4.8223014981196854e-05,0.35528789884174217,0.3552876529252568,0.16014009787539127,1.6624496666430828,601.5219708992811,13.176610657277253,75.8920503921632,1.6526904869049714,605.0739735742784
138.7381147049,0.04426918259790278,0.16847972560904576,0.32840227839723507,0.15992255278818931,2.16614481142e-09,0.463755335137,335.6543923628395,84.2041576408759,0.2005536332179749,0.20055646204447825,419.8585500037154,420.39192479956705,-0.12687560449833324,1.586761433535952,0.20055353650508786,0.02020537192566777,0.14214560114779412,0.20055277460421045,0.020205343616857337,0.14214550157095138,0.16855102699948882,0.32856357452748647,0.16001254752799765,0.1999999999999998,0.19999714925324247,335.88803691337233,83.97051309034303,-1.1586423209752894e-05,-4.822302455131933e-05,0.3549960256313242,0.3549957769469895,0.16012335954154608,1.7025648532271715,587.3491386272444,13.12274023054981,76.20359638545573,1.6922934337415525,590.9140696652495
139.1881147049,0.04433168259790278,0.16848317505660113,0.328388510549179,0.15990533549257788,2.26042525571e-09,0.463405634041,336.2751502133086,84.35988446318066,0.20055363321807448,0.20055645619859913,420.6350346764893,421.1693958934553,-0.12687560448984003,1.5867614335366378,0.20055353650500185,0.020172323069213988,0.14202930355815305,0.20055277106059222,0.020172294472723465,0.14202920288702414,0.1685544513455643,0.32854987714275047,0.15999542579718617,0.20000000000000012,0.19999715502381177,336.509224437849,84.12581023864027,-1.1586379977668315e-05,-4.822306743923477e-05,0.35470558272081754,0.3547053313036003,0.16010622595358032,1.742815007016769,573.7843637872567,13.069208200701613,76.51572954100736,1.7320377050645654,577.3546367241023
139.6381147049,0.04439418259790277,0.16848670498751767,0.32837442214222884,0.15988771715471117,2.35858814524e-09,0.463054861161,336.8890374708164,84.51388768959954,0.20055363321796485,0.20055645040651762,421.40292516041586,421.93826188079316,-0.12687560449982094,1.586761433536512,0.20055353650499516,0.020139462604014634,0.1419135744177231,0.20055276756982043,0.02013943371255937,0.1419134726252563,0.16855795494354192,0.32853586275080604,0.15997790780726412,0.20000000000000007,0.19999716074312066,337.12353659948695,84.27938856092894,-1.1586387915762941e-05,-4.822307076990384e-05,0.3544165594617745,0.35441630524411544,0.16008869583208626,1.783199130571232,560.7898651675872,13.016015792835832,76.82842552714263,1.7719220812306686,564.358901891138
140.0881147049,0.04445668259790278,0.16849031570445513,0.3283600122872321,0.15986969658277697,2.4607839678e-09,0.462703060883,337.4960519509615,84.66616677232231,0.20055363321798994,0.20055644455486227,422.16221872328384,422.6985200257756,-0.126875604499177,1.586761433536295,0.20055353650504035,0.020106788932298253,0.14179840948437417,0.20055276419558782,0.020106759737153153,0.1417983065383827,0.16856153804645327,0.32852153033938913,0.15995999229293587,0.20000000000000026,0.1999971665262411,337.7309711641958,84.43124755908802,-1.1586401593710605e-05,-4.822304824347867e-05,0.35412894525985167,0.3541286881613671,0.16007076791089214,1.8237094330756458,548.3329645959675,12.963165814084455,77.14164999058346,1.811943773539224,551.8935049771027
140.5381147049,0.04451918259790278,0.16849400743920784,0.3283452801558299,0.15985127271662208,2.56716882593e-09,0.462368195409,338.09619173178606,84.81672122910844,0.20055363321798403,0.2005564387476991,422.9129129608945,423.45016792119077,-0.1268756044976338,1.5867614335363815,0.20055353650501842,0.02007430045123463,0.1416838044775571,0.20055276095704527,0.020074270966677542,0.14168370042696352,0.16856520089730453,0.3285068789358731,0.15994167803856857,0.20000000000000004,0.19999717226730848,338.3315262533852,84.58138670750925,-1.1586396131413323e-05,-4.8223059179175465e-05,0.3538427294247573,0.35384246956762694,0.1600524409735232,1.8643385368903849,536.3832695685975,12.910662122044048,77.45536135536923,1.8520996273192465,539.9277583395518
140.9881147049,0.04458168259790278,0.16849778027652548,0.32833022479559715,0.15983244451907166,2.677904655e-09,0.46206643395,338.68945514574716,84.96555064165375,0.20055363321799452,0.20055643304670603,423.6550057874009,424.1932034785386,-0.12687560449443636,1.5867614335368228,0.2005535365049716,0.020041995564642395,0.14156975511966668,0.2005527577309387,0.0200419658095388,0.14156965002972494,0.16856894373514963,0.32849190758425983,0.1599229638491102,0.20000000000000018,0.19999717790150567,338.92520022607465,84.72980556132624,-1.1586368331428787e-05,-4.822308252716567e-05,0.3535579012735519,0.35355763882074176,0.16003371382409984,1.9050888011166098,524.9099146527345,12.858500371875783,77.76956651859716,1.8923884822791206,528.4327237056727
141.4381147049,0.04464418259790277,0.1685016343775562,0.32831484526761856,0.15981321089006237,2.79315945114e-09,0.461763559355,339.27584077195945,85.11265465349108,0.2005536332179915,0.20055642744270402,424.3884954254505,424.9276249182445,-0.12687560449798907,1.586761433536962,0.20055353650494698,0.02000987271227548,0.14145625723973995,0.2005527544577917,0.020009842699023707,0.14145615115301174,0.1685727667970799,0.3284766153364121,0.1599038485393322,0.2000000000000002,0.19999718343736286,339.5119916571403,84.87650376831026,-1.1586359549564662e-05,-4.8223094795130095e-05,0.3532744503896257,0.3532741854474298,0.16001458527657267,1.9459655587700195,513.8837095513998,12.806675085800723,78.08427974476687,1.932810352725517,517.3813346921846
141.8881147049,0.044706682597902773,0.1685055700615471,0.3282991407547298,0.15979357069318273,2.91310750844e-09,0.461459611779,339.85534742847693,85.25803296813328,0.20055363321801745,0.20055642177693211,425.1133803966102,425.6534307599609,-0.12687560449977653,1.586761433537322,0.20055353650491745,0.01997793034585671,0.14134330668926884,0.2005527512289458,0.019977900081967426,0.14134319963113692,0.16857667032068513,0.3284610012418452,0.15988433092116006,0.19999999999999973,0.19999718903573313,340.0918992958098,85.02148110080036,-1.1586336867708269e-05,-4.822310952778963e-05,0.35299236641244774,0.35299209904425727,0.15999505414204446,1.9869720202833052,503.2783500682705,12.755189389778101,78.39946310804224,1.9733630709647396,506.7491201764098
142.3381147049,0.04476918259790278,0.1685095876386521,0.3282831104103035,0.1597735227716514,3.03792966921e-09,0.461154631634,340.4279741645921,85.40168534708779,0.20055363321808575,0.20055641615981237,425.82965951167984,426.37061981296523,-0.12687560449702318,1.5867614335373703,0.2005535365049236,0.019946166909677362,0.14123089927376856,0.20055274812255883,0.019946136398253052,0.14123079125407834,0.16858065453292212,0.3284450643929298,0.1598644098600077,0.19999999999999984,0.1999971945888534,340.6649222366172,85.16473727506263,-1.1586333814594951e-05,-4.822310645247185e-05,0.3527116388666646,0.35271136909706763,0.15997511928514335,2.0280958990798146,493.07333073042497,12.704048606040525,78.71506407213522,2.014043384160999,496.51363414724824
142.7881147049,0.04483168259790278,0.16851368709474907,0.3282667533366529,0.15975306624190383,3.16781358899e-09,0.460848659651,340.9937202533795,85.54361160787565,0.20055363321797454,0.20055641058133306,426.5373318612551,427.0791911666521,-0.12687560447905977,1.5867614335377644,0.2005535365048681,0.019914580848953027,0.14111903078236127,0.20055274494727524,0.019914550099439772,0.14111892183346558,0.16858471965683522,0.32842880389700263,0.1598440842401674,0.1999999999999998,0.1999972001010719,341.2310597504224,85.30627211083274,-1.158630897890589e-05,-4.822313413033186e-05,0.3524322572359825,0.35243198514577734,0.15995477958938906,2.069340463027316,483.2457577024625,12.653248660183161,79.03108734018387,2.054849817900829,486.65357014828896
143.2381147049,0.044894182597902774,0.16851786885236406,0.3282500687417414,0.15973219988937734,3.30295400496e-09,0.460541736754,341.55258518362723,85.68381162241867,0.20055363321799777,0.20055640509787004,427.2363968060459,427.7791441811237,-0.1268756044937147,1.586761433537305,0.20055353650492755,0.01988317064819732,0.14100769712394184,0.20055274188208191,0.01988313965827246,0.14100758723654716,0.16858886591214609,0.328412218876053,0.1598233529639069,0.20000000000000007,0.19999720552201877,341.79031134754035,85.44608545850552,-1.1586337933522373e-05,-4.82231044873771e-05,0.3521542113032294,0.3521539368692062,0.15993403395628902,2.1107151146361236,473.77307959079775,12.60278420435126,79.34754604897053,2.095781685579227,477.1489353499253
143.6881147049,0.044956682597902774,0.16852213314406653,0.3282330557943438,0.15971092265027728,3.44355302327e-09,0.460233904041,342.1045686533403,85.82228531486504,0.2005536332179835,0.20055639961490132,427.92685396820536,428.4704784778787,-0.1268756045001096,1.586761433537665,0.2005535365048873,0.019851934798867814,0.14089689421299467,0.2005527389461765,0.019851903554541958,0.14089678333639116,0.1685930935175525,0.3283953084542295,0.15980221493667698,0.19999999999999976,0.19999721094695572,342.3426766852591,85.58417728294629,-1.158631525166598e-05,-4.8223124549107155e-05,0.35187749086519254,0.35187721396070815,0.1599128812905361,2.152211469249819,464.63835654056936,12.552655004112612,79.66442156439184,2.1368364105853725,467.9815427359067
144.1381147049,0.045019182597902774,0.16852648022528158,0.32821571371039104,0.15968923348510947,3.58982041524e-09,0.459925202856,342.6496705616428,85.9590326599523,0.20055363321801378,0.20055639414032703,428.6087032215951,429.1531939306001,-0.12687560449405888,1.586761433537615,0.20055353650488345,0.01982087180592486,0.14078661799306375,0.20055273618651984,0.019820840286209014,0.14078650605157092,0.16859740268094345,0.32837807180064427,0.15978066911970082,0.19999999999999993,0.1999972163697567,342.8881556654249,85.72054755617019,-1.158631839359714e-05,-4.822312648089522e-05,0.3516020857912331,0.35160180622728204,0.15989132055263405,2.1938240118862677,455.82507739086685,12.502860041789537,79.98169991966653,2.1780105400156393,459.1346008788458
144.5881147049,0.04508168259790278,0.1685309103144307,0.32819804176223555,0.15966713144780484,3.74197393418e-09,0.45961567475,343.18789100173564,86.09405368102702,0.20055363321802439,0.20055638864832528,429.2819446827627,429.8272906560462,-0.1268756044901731,1.5867614335374072,0.2005535365049099,0.019789980184955765,0.14067686442679822,0.2005527336317882,0.019789948372350166,0.1406767513569679,0.1686017936059265,0.3283605081008422,0.15975871449491572,0.2000000000000001,0.19999722181642354,343.42674837025857,85.85519631250415,-1.158633149422883e-05,-4.8223113291445685e-05,0.35132798599842546,0.35132770361655163,0.15986935072381517,2.2355269069844734,447.321835794368,12.453400809439675,80.29935077990908,2.2193018997107554,450.59214347103085
145.0381147049,0.045144182597902774,0.16853542325712467,0.3281800392792192,0.1596446160220945,3.90023964761e-09,0.459329327517,343.7192302537094,86.22734844834424,0.20055363321799674,0.20055638315838964,429.9465787020536,430.4927690050441,-0.12687560449687885,1.5867614335375857,0.20055353650487479,0.01975925845241816,0.14056762946147366,0.2005527310240468,0.019759226368432484,0.14056751533847528,0.16860626648997415,0.3283426165644787,0.15973635007450457,0.2000000000000003,0.1999972272590729,343.95845509211813,85.9881236099355,-1.158632024766959e-05,-4.822313079966278e-05,0.35105518136545005,0.3510548963533825,0.15984697081557825,2.2773378095150143,439.10920717245796,12.404276053605622,80.61736095508164,2.2607084174525296,442.33922087433376
145.4881147049,0.045206682597902774,0.16854001955223924,0.3281617054693547,0.15962168591711545,4.06485227396e-09,0.459066798261,344.24368877749123,86.35891707731882,0.20055363321799588,0.20055637773494125,430.60260585481007,431.1496295535852,-0.12687560449525792,1.5867614335370892,0.20055353650494578,0.019728705148791277,0.14045890911149522,0.20055272860329948,0.019728672777258094,0.14045879387656043,0.16861082152707463,0.32832439641643113,0.1597135748893565,0.19999999999999998,0.1999972326417385,344.4832763155268,86.11932953928327,-1.1586351533754424e-05,-4.822309539465053e-05,0.35078366193863736,0.3507833741496073,0.1598241798581413,2.3192645244485255,431.17117062693825,12.355483901272269,80.93572117373954,2.302229391498043,434.3615817315701
145.9381147049,0.045269182597902774,0.16854469922947007,0.3281430396979094,0.15959834046843935,4.23605553949e-09,0.458803357849,344.7612672057215,86.48875972659962,0.2005536332179125,0.2005563722952379,431.25002693232113,431.7978730940294,-0.12687560450048707,1.5867614335367028,0.20055353650498137,0.019698318818276966,0.14035069938649028,0.20055272626596457,0.019698286165528454,0.14035058306087814,0.16861545891032667,0.3283058468836007,0.15969038797327403,0.1999999999999998,0.1999972380422127,345.00121264022704,86.24881429209405,-1.1586375880945354e-05,-4.8223077653286595e-05,0.35051341775238587,0.3505131272394859,0.1598009768846377,2.3612841739755175,423.49837051436924,12.307023795525385,81.2544134645764,2.3438626857270584,426.6461538423286
146.3881147049,0.045331682597902774,0.1685494623924134,0.32812404124184674,0.15957457884943335,4.41410256206e-09,0.458539043965,345.2719663367817,86.61687659660727,0.2005536332179953,0.20055636689038453,431.88884293338896,432.43750062641254,-0.12687560450441726,1.5867614335365028,0.20055353650503263,0.019668098022340506,0.14024299633971213,0.20055272394989881,0.019668065093180462,0.14024287893929038,0.16862017882354527,0.3282869672309811,0.15966678840743584,0.2,0.19999724340850045,345.51226488782436,86.37657804556461,-1.1586388493078914e-05,-4.822305208485034e-05,0.3502444389500459,0.35024414575290436,0.15977736097560988,2.403410140244453,416.0754684584501,12.258892754325876,81.57343571238303,2.3856044898840953,419.1809682788554
146.8381147049,0.04539418259790278,0.16855430931510534,0.32810470945144177,0.15955040013633642,4.59925622994e-09,0.458273894597,345.775787128255,86.74326792741292,0.20055363321795963,0.20055636151859008,432.51905505566793,433.0685133498629,-0.1268756044961128,1.5867614335370932,0.2005535365049402,0.01963804133789427,0.1401357960618709,0.20055272174382682,0.019638008127830092,0.14013567756938305,0.16862498144306612,0.32826775675243697,0.15964277530937085,0.19999999999999973,0.199997248744977,346.0164340147571,86.50262104091082,-1.1586351278403129e-05,-4.822309817020809e-05,0.3499767157685129,0.34997641984403316,0.15975333124797558,2.4456332876015847,408.8920465180178,12.211089768285198,81.8927727971678,2.427450690049545,411.9548150243125
147.2881147049,0.04545668259790278,0.16855924002011002,0.3280850437125713,0.15952580369246128,4.7917896233e-09,0.458007947988,346.2727306896348,86.86793399746391,0.20055363321801567,0.20055635621428333,433.1406646870987,433.6909126541251,-0.12687560448498836,1.5867614335371945,0.20055353650494684,0.01960814734915023,0.14002909465232655,0.20055271954265672,0.01960811386503971,0.1400289750910136,0.16862986693493892,0.32824821478497573,0.1596183478500368,0.20000000000000037,0.19999725401414284,346.5137211478184,86.62694353928035,-1.1586344905722967e-05,-4.8223094872845707e-05,0.34971023846628446,0.34970993987250887,0.15972888687211845,2.487942950253339,401.93847688435676,12.163619944987037,82.21236807157294,2.4694002813170335,404.9566235032008
147.7381147049,0.04551918259790278,0.16856425459339386,0.32806504340786014,0.15950078881446628,4.99198644037e-09,0.457741242593,346.7627982760378,86.9908751215323,0.20055363321799044,0.2005563509228788,433.75367339757014,434.30470011119394,-0.12687560449674562,1.586761433536502,0.2005535365050218,0.019578414625600962,0.13992288814057893,0.20055271729127064,0.019578380879799892,0.1399227675533896,0.1686348354700795,0.32822834064478945,0.15959350517470994,0.20000000000000004,0.1999972592685581,347.0041275203868,86.74954587718331,-1.1586388548590065e-05,-4.822305749163647e-05,0.3494449971273888,0.3494446959715779,0.1597040269927228,2.530356807183052,395.2011815729898,12.116490227780819,82.53215091175407,2.51145282504339,398.17590441210984
148.1881147049,0.04558168259790278,0.1685693534062895,0.32804470792715984,0.15947535452087033,5.20014144412e-09,0.457671614891,347.2459912816197,87.11209164938477,0.2005536332179228,0.20055634568596567,434.35808293100445,434.9098774670584,-0.1268756044970898,1.5867614335361142,0.20055353650506952,0.019548841735048686,0.13981717253273535,0.20055271516416634,0.019548807720615118,0.13981705089371296,0.16863988721090473,0.3282081336817266,0.15956824647082185,0.19999999999999993,0.1999972644724975,347.4876545432854,86.8704283877191,-1.1586412984598837e-05,-4.822303369955705e-05,0.34918098177743323,0.3491806779947627,0.1596787507966575,2.572863029669888,388.6720701678027,12.069695264318218,82.85213322297471,2.553604884257294,391.60326100756424
148.6381147049,0.045644182597902774,0.1685745363706431,0.3280240367225953,0.15944950035195218,5.41656092889e-09,0.457607532005,347.7223112327329,87.23158396403315,0.2005536332180012,0.20055634046529736,434.953895196766,435.50644663355536,-0.12687560449692326,1.5867614335355968,0.20055353650513338,0.019519427290679105,0.13971194398003023,0.2005527129810215,0.019519393019273468,0.13971182132974097,0.16864502231313921,0.3281875932731091,0.15954257095996988,0.19999999999999996,0.19999726965851927,347.96430373007513,86.98959146669094,-1.158644558074684e-05,-4.822300184725847e-05,0.3489181828044674,0.3489178764962476,0.15965305750498082,2.6154491815884007,382.3435022326396,12.02322498823526,83.17236024265546,2.5958535821679596,385.2297397932735
149.0881147049,0.04570668259790278,0.16857980366019204,0.3280030292421305,0.15942322558193844,5.64156321297e-09,0.457542382522,348.1917597819491,87.34935247993502,0.2005536332180123,0.20055633529078964,435.5411122618841,436.09440968033624,-0.12687560449529123,1.5867614335354403,0.20055353650516655,0.019490169926657155,0.13960719869210597,0.20055271076998468,0.019490135407323292,0.1396070750618438,0.16865024092622094,0.32816671882094955,0.15951647789472861,0.1999999999999997,0.19999727479748564,348.4340767472416,87.10703551464259,-1.158645545062953e-05,-4.8222985316037636e-05,0.34865659074240946,0.34865628198679427,0.15962694636974978,2.658112485784364,376.206802890404,11.977077138684002,83.49282453647754,2.6381951341621535,379.0470185661923
149.5381147049,0.04576918259790278,0.16858515526550516,0.3279816850795805,0.15939652981407532,5.87547915378e-09,0.457476165849,348.6543387013931,87.46539764168304,0.20055363321800662,0.20055633014929566,436.11973634307617,436.6737688269461,-0.12687560449492485,1.5867614335351614,0.20055353650519148,0.01946106828398106,0.13950293288666393,0.20055270844206122,0.019461033552995652,0.13950280840540685,0.168655543189204,0.32814550976913953,0.15948996657993553,0.20000000000000034,0.19999727989886817,348.8969753642494,87.22276097882678,-1.1586473025460009e-05,-4.822297288153976e-05,0.34839619614530415,0.3483958852644047,0.1596004166953204,2.700859256224317,370.2525400742118,11.931252196580633,83.8134994989536,2.6806283913565188,373.0468584248468
149.9881147049,0.04583168259790278,0.16859059151839095,0.32796000372292916,0.1593694122045382,6.11865267752e-09,0.457408882111,349.1100498766522,87.57971992231853,0.20055363321800665,0.20055632509299812,436.6897697989707,437.24452643501365,-0.1268756044966568,1.586761433535751,0.2005535365051351,0.01943212101104063,0.13939914279162777,0.20055270615982917,0.019432086093425296,0.13939901754827863,0.1686609292453647,0.3281239655442178,0.1594630362988531,0.19999999999999996,0.1999972849158043,349.35300148866895,87.33676831030174,-1.1586435877397605e-05,-4.8223000992386744e-05,0.3481369895927255,0.34813667680856875,0.15957346776445883,2.7437177879613803,364.4689714035836,11.885752758618233,84.13434304990996,2.7231535281783503,367.2213078154828
150.4381147049,0.045894182597902775,0.1685961126773579,0.3279379844780804,0.1593418718007225,6.36978848181e-09,0.457340532107,349.55889530066344,87.69231982178053,0.20055363321797506,0.20055631999294646,437.251215122444,437.80668500055737,-0.12687560449485824,1.5867614335356113,0.20055353650513127,0.01940332675265169,0.13929582460595039,0.20055270399074554,0.019403291623261466,0.13929569850954288,0.16866639923300256,0.32810208559364773,0.15943568636064517,0.19999999999999998,0.19999728998062627,349.80215705721935,87.44905806522462,-1.158644467036396e-05,-4.8223002901970347e-05,0.34787896159189574,0.3478786466773014,0.15954609888585047,2.786653715386375,358.85334244385945,11.840576898891378,84.4553444092432,2.7657665511446172,361.5634152441927
150.8881147049,0.045956682597902775,0.16860171862251078,0.3279156270738891,0.15931390845137833,6.63035351893e-09,0.457271117248,350.0008770675164,87.80319786544607,0.20055363321798844,0.20055631497751297,437.8040749329624,438.36024714640473,-0.1268756044971786,1.5867614335359135,0.2005535365051181,0.019374684182843945,0.1391929746174136,0.2005527017845928,0.019374648871203277,0.13919284777316426,0.1686719532779177,0.3280798694139213,0.1594079161360036,0.2000000000000003,0.1999972949589708,350.24444422435533,87.55963070860705,-1.1586425630039088e-05,-4.822300947449065e-05,0.3476221028718793,0.3476217860896164,0.1595183094297514,2.829671431010379,353.39792070591534,11.79571862006168,84.77652207634392,2.808465636412746,356.066311453004
151.3381147049,0.04601918259790278,0.16860740977628294,0.32789293090066185,0.1592855211243789,6.90098602501e-09,0.457200639461,350.43599736671536,87.91235460254066,0.20055363321796288,0.20055630999251434,438.34835196925593,438.90521561472474,-0.12687560449443636,1.5867614335355043,0.20055353650514707,0.019346191991585,0.13909058915535946,0.20055269975679374,0.01934615647515195,0.13909046148155504,0.16867759150949233,0.3280573164877682,0.15937972497827588,0.19999999999999996,0.1999972999128737,350.67986515414674,87.6684868151092,-1.158645142051995e-05,-4.82229950304891e-05,0.3473664042655337,0.34736608541153063,0.15949009874906125,2.8727873779475543,348.0939827556761,11.75117735099929,85.09785616629831,2.8512485741048534,350.7235423393237
151.7881147049,0.04608168259790278,0.1686131861507584,0.3278698954996388,0.1592567093488804,7.18205809583e-09,0.457129101194,350.86425847704453,88.01979060478253,0.20055363321798875,0.20055630505905478,438.8840490818271,439.4415932596778,-0.12687560449500257,1.5867614335350968,0.20055353650521354,0.019317848871460937,0.13898866454305162,0.2005526978250178,0.01931781312581444,0.13898853595104324,0.1686833140432095,0.32803442635323066,0.15935111231002116,0.19999999999999984,0.1999973048194192,351.108422137228,87.77562694459911,-1.158647709997851e-05,-4.822296187922959e-05,0.3471118565905362,0.3471115354434002,0.15946146626593932,2.915943902110189,342.94212562742626,11.706951462493649,85.41933424801218,2.8941183266921104,345.5283741432126
152.2381147049,0.046144182597902775,0.16861904736888922,0.3278465206174305,0.1592274732485413,7.47395560892e-09,0.457056505348,351.2856627610754,88.12550646480874,0.2005536332179732,0.20055630012755965,439.4111692258841,439.9693830401788,-0.12687560448806368,1.5867614335355194,0.20055353650516203,0.019289653535905213,0.13888719716340026,0.20055269563700168,0.01928961761810321,0.13888706785767785,0.16868912101846997,0.3280111984519302,0.15932207743346025,0.20000000000000007,0.19999730971459806,351.5301175221614,87.88105170372282,-1.1586450465728149e-05,-4.8222987569790376e-05,0.3468584508135259,0.34685812788395237,0.15943241128212315,2.959159979299903,337.933740316597,11.663035439895635,85.74097242123688,2.937067902131379,340.4756149063893
152.6881147049,0.046206682597902775,0.16862499387334237,0.3278228058557224,0.15919781198238,7.77706314143e-09,0.456982855305,351.70021265916273,88.22950279486132,0.20055363321799058,0.20055629515617773,439.929715454024,440.4885880127779,-0.1268756044907171,1.58676143353588,0.2005535365051188,0.019261604719497873,0.13878618346037863,0.2005526934667632,0.019261568639200505,0.1387860534751259,0.1686950125214594,0.32798763243975365,0.15929261991829424,0.20000000000000012,0.19999731464979792,351.9449537285695,87.98476172545452,-1.1586427739462835e-05,-4.8223009119219284e-05,0.34660617805364147,0.34660585342700134,0.1594029333670159,3.0024609614418525,333.06011729783705,11.619426029877634,86.0627708656734,2.9800773543460197,335.5617593421332
153.1381147049,0.046269182597902775,0.16863102583731102,0.32779875101445466,0.15916772517714364,8.08505103287e-09,0.456908154965,352.1079106841795,88.33178022530468,0.20055363321798797,0.2005562902137034,440.43969090948417,440.99921132465505,-0.12687560449149426,1.586761433535783,0.20055353650512303,0.019233701166451594,0.1386856198978524,0.2005526914126296,0.019233664923456267,0.13868548923177315,0.1687009886107729,0.3279637280825257,0.15926273947175282,0.1999999999999995,0.19999731955977793,352.3529332998503,88.08675760963393,-1.15864338567917e-05,-4.822300700979554e-05,0.3463550294797013,0.3463547031527573,0.15937303222764446,3.045831073281319,328.31761707739264,11.576122100156695,86.38471427201549,3.023150925993974,330.78070677904134
153.5881147049,0.04633168259790278,0.1686371433719383,0.32777435568575564,0.15913721231381733,8.40425730547e-09,0.45683240868,352.5087594157563,88.43233940333997,0.20055363321807496,0.2005562852992828,440.9410988190963,441.5012562067335,-0.126875604488641,1.5867614335357785,0.20055353650514388,0.019205941631666168,0.1385855029635718,0.20055268948167035,0.019205905216781803,0.1385853715829409,0.16870704938779796,0.327939484974527,0.15923243558672906,0.20000000000000004,0.19999732444575655,352.75405881710503,88.18704000199119,-1.1586434134347456e-05,-4.822299661810803e-05,0.3461049963201732,0.3461046682086999,0.15934270735655073,3.0892880936779195,323.6991726496639,11.533121612375286,86.70679401550562,3.0662972753461277,326.12623963119125
154.0381147049,0.046394182597902775,0.16864334687360336,0.3277496195470052,0.15910627267340186,8.73505151435e-09,0.456755621364,352.9027614950981,88.53118099141375,0.20055363321799577,0.20055628039823684,441.43394248651185,441.99472596690794,-0.1268756044926378,1.5867614335353943,0.20055353650517807,0.019178324883837965,0.1384858291805987,0.20055268792602748,0.019178288263862565,0.13848569696493052,0.1687131949440156,0.3279149027498292,0.1592017078058136,0.19999999999999987,0.1999973293298427,353.14833291366614,88.28560957284576,-1.1586458348311623e-05,-4.82229795761846e-05,0.3458560698917127,0.3458557396948079,0.1593119582960086,3.132781774416842,319.2051256701872,11.490425113536334,87.0289819670768,3.1095114443326386,321.5939281466833
154.4881147049,0.046456682597902775,0.16864963559744053,0.32772454234161763,0.1590749067441771,9.07781421578e-09,0.456677798456,353.2899196194036,88.6283056662897,0.2005536332179848,0.20055627551659927,441.91822528569327,442.479623983389,-0.12687560449491375,1.5867614335354487,0.20055353650516908,0.019150849689766138,0.13838659505084347,0.20055268609879748,0.019150812894411624,0.13838646210670907,0.16871942535948486,0.32788998108790524,0.15917055572842037,0.20000000000000032,0.19999733418637083,353.5357583001825,88.38246698551072,-1.1586454917722477e-05,-4.822298405038339e-05,0.3456082414581514,0.34560790944196684,0.15928078464515455,3.176327231660278,314.8290232921928,11.44803243393432,87.35125496638135,3.152791635203653,317.1792226400669
154.9381147049,0.046519182597902775,0.1686560103271291,0.3276991238414179,0.15904311351428882,9.43293723669e-09,0.45659894596,353.67023653688995,88.72371411736974,0.20055363321798497,0.20055627065117174,442.3939506542597,442.9559536981682,-0.1268756044966457,1.5867614335352755,0.2005535365051808,0.019123514833330607,0.13828779712371808,0.20055268458072037,0.019123477847738463,0.13828766339677037,0.16872574071703422,0.32786471965776476,0.15913897894073054,0.19999999999999993,0.1999973390362092,353.91633771769176,88.47761293656798,-1.158646583121481e-05,-4.822297821061028e-05,0.3453615024019518,0.3453611684307605,0.15924918598988322,3.219955382315118,310.56330950803715,11.40594466756183,87.67357979948567,3.196133981052893,312.87799758337195
155.3881147049,0.046581682597902775,0.16866247087322409,0.3276733637381098,0.1590108928648857,9.80082401356e-09,0.456519070443,354.04371504157467,88.81740704557025,0.20055363321798433,0.20055626581559724,442.861122087145,443.4237186105948,-0.12687560449238244,1.5867614335352307,0.20055353650519822,0.019096319090365403,0.1381894319055021,0.20055268315851263,0.019096281902442648,0.13818929735128785,0.168732141079822,0.32783911820670275,0.15910697712688074,0.20000000000000015,0.19999734385933582,354.29007397115095,88.57104811599403,-1.1586468662283522e-05,-4.8222969528666226e-05,0.3451158439978572,0.3451155079606411,0.15921716201411246,3.2635931299116843,306.4107442912349,11.364164087987374,87.99591349240214,3.239524024001556,308.6873233817758
155.8381147049,0.04664418259790278,0.1686690168223427,0.3276472620674304,0.1589782452450877,1.01818899163e-08,0.456438179061,354.41035796816647,88.90938516202993,0.20055363321799674,0.200556260999335,443.31974313019634,443.8829222710738,-0.1268756044940922,1.5867614335351294,0.20055353650521368,0.019069261248027443,0.13809149592942876,0.20055268150886668,0.019069223889260606,0.13809136066119634,0.16873862647154556,0.32781317663988707,0.15907455016834152,0.19999999999999984,0.19999734865618998,354.6569698972139,88.66277323298247,-1.1586475046065914e-05,-4.8222961812616205e-05,0.3448712575879253,0.34487091976751216,0.15918471259923075,3.3072730858432178,302.36390344677005,11.322683611572504,88.31828516147323,3.2829709296251477,304.6021489182607
156.2881147049,0.046706682597902775,0.1686756486109735,0.3276208185062423,0.1589451698952688,1.05765625983e-08,0.456356279534,354.7701681872885,88.99964918687084,0.2005536332179884,0.20055625622803805,443.7698173741593,444.3335682748787,-0.1268756044942032,1.586761433535289,0.20055353650518992,0.01904234012994334,0.13799398584700473,0.2005526799159197,0.019042302610322345,0.13799384990035732,0.16874519699025953,0.3277868945649099,0.15904169757465036,0.2000000000000001,0.19999735340972796,355.01702837620905,88.75278899795018,-1.158646497634308e-05,-4.822297365869588e-05,0.34462773480959097,0.34462739529489655,0.15915183725443593,3.351056919763634,298.4133137525264,11.281495557437799,88.640729849041,3.3265032949218605,300.6159655775991
156.7381147049,0.046769182597902775,0.16868236629628672,0.32759403234316303,0.15891166604687632,1.09852823158e-08,0.456273380191,355.1231486004683,89.08819984800579,0.20055363321799397,0.20055625149290715,444.2113484484741,444.7756602560836,-0.12687560449792246,1.5867614335351188,0.20055353650521698,0.01901555457356615,0.13789689834643182,0.2005526782827122,0.019015516875310404,0.137896761656358,0.16875185277190677,0.32776027143845815,0.15900841866655138,0.2000000000000002,0.19999735812652278,355.37025230895904,88.84109613951507,-1.1586475712199729e-05,-4.822296016948613e-05,0.34438526739193215,0.34438492602059634,0.1591185353000017,3.3949010809184412,294.5593925020827,11.240597003983044,88.96324631562322,3.3701078611247905,296.7264079394316
157.1881147049,0.046831682597902775,0.16868916991608704,0.32756690372990893,0.1588777338138219,1.14085022789e-08,0.456189489868,355.46930213553935,89.17503787992679,0.20055363321801192,0.20055624678174652,444.6443400154661,445.2092018816113,-0.12687560449287094,1.586761433535263,0.20055353650521132,0.018988903429806935,0.13780023015150206,0.20055267666989252,0.018988865579875183,0.13780009281519073,0.16875859386015873,0.3277333070854245,0.15897471322526574,0.1999999999999999,0.19999736281955602,355.71664461973097,88.92769539573521,-1.1586466619473157e-05,-4.822296298945261e-05,0.3441438471529102,0.34414350416765355,0.15908480651699772,3.4387853690418493,290.80035323013794,11.199986631028825,89.28582086246121,3.413760996599177,292.93204796592676
157.6381147049,0.046894182597902775,0.16869605961855227,0.32753943245531436,0.1588433728367621,1.18466890444e-08,0.456104617199,355.8086317418526,89.26016402249292,0.2005536332179852,0.20055624208094558,445.0687957643455,445.63419684539764,-0.12687560448783053,1.5867614335352251,0.2005535365052211,0.018962385555588088,0.13770397799478448,0.20055267515356456,0.0189623475563562,0.13770384002037198,0.16876542029538127,0.32770600134457845,0.15894058104919717,0.20000000000000023,0.1999973675051451,356.05620825279135,89.01258751155419,-1.158646900645266e-05,-4.822295811557353e-05,0.3439034659324062,0.34390312135354845,0.1590506507036881,3.482714369331478,287.13236112783903,11.159664709075738,89.60842696167542,3.4574626931343215,289.2294404176092
158.0881147049,0.04695668259790278,0.16870303515934576,0.32751161830544623,0.15880858314610047,1.23003228872e-08,0.456018769896,356.1411403856949,89.34357901990326,0.20055363321802086,0.20055623744187634,445.4847194055981,446.05064886267525,-0.1268756044902286,1.5867614335352982,0.20055353650520427,0.01893599981358208,0.13760813861680593,0.20055267349550165,0.018935961676955403,0.13760800004707358,0.16877233211972023,0.32767835404713913,0.1589060219274189,0.20000000000000018,0.1999973721247593,356.3889462027427,89.0957732028554,-1.1586464410129338e-05,-4.82229665088596e-05,0.3436641155901751,0.3436637695245589,0.159016067649,3.5266896582742078,283.5520266587199,11.119627586862618,89.93106938054821,3.501214800822241,285.61515270789886
158.5381147049,0.04701918259790278,0.1687100967902164,0.32748346114921456,0.15877336435899816,1.27698981866e-08,0.455931954968,356.4668310459334,89.42528361946115,0.2005536332181328,0.20055623283485818,445.89211466539456,446.4585616643719,-0.12687560450531654,1.5867614335355298,0.2005535365052178,0.018909745090899273,0.13751270883412658,0.200552671870679,0.018909706811903966,0.137512569650574,0.16877932937935855,0.327650365008654,0.15887103562929547,0.2,0.1999973767134784,356.7148614350901,89.17725323030442,-1.1586449810696564e-05,-4.822295976980584e-05,0.34342578817585856,0.3434254405772808,0.15898105712213825,3.570733637504372,280.0544934230692,11.079869617814698,90.25376962849423,3.545023680452172,282.08556278880735
158.9881147049,0.04708168259790278,0.16871724479127326,0.32745496086029574,0.15873771606902248,1.32559237984e-08,0.455844179321,356.7857067098982,89.50527857041122,0.20055363321800945,0.20055622826198075,446.29098528030937,446.8579389916294,-0.12687560449287094,1.5867614335357951,0.2005535365052004,0.018883620289605857,0.13741768550519928,0.20055267047764447,0.0188835818629272,0.1374175456880496,0.16878641214012818,0.3276220339654885,0.15883562182536032,0.1999999999999999,0.19999738127525685,357.0339569374933,89.25702834281608,-1.1586433090737813e-05,-4.822296842954543e-05,0.3431884758437212,0.34318812666279086,0.15894561879340813,3.6148205491832486,276.6389054156354,11.040389611232262,90.57651362073499,3.588884359880336,278.63812252600496
159.4381147049,0.047144182597902776,0.16872447884889585,0.3274261172613725,0.15870163841247664,1.37589235138e-08,0.455755450345,357.09777036822993,89.58356462318821,0.20055363321798375,0.20055622373266252,446.68133499141817,447.2487845904348,-0.12687560448850776,1.5867614335356734,0.2005535365051629,0.018857624314883983,0.13732306548749917,0.20055266903016428,0.0188575857405043,0.13732292503622365,0.1687935804268553,0.3275933608183953,0.15879978039154,0.19999999999999984,0.19999738579192072,357.3462357110894,89.33509928032883,-1.1586440762378913e-05,-4.82229871368034e-05,0.3429521707455861,0.34295181998098273,0.15890975253865025,3.658919670151506,273.30471563990164,11.00118683561806,90.89928340843588,3.632776114969459,275.27157423198565
159.8881147049,0.047206682597902776,0.16873179898454094,0.32739693058466,0.15866513160011908,1.42794364622e-08,0.455665776236,357.4030250115663,89.66014252796455,0.2005536332179199,0.20055621923330944,447.06316753953087,447.6311022063722,-0.1268756044970898,1.5867614335351867,0.20055353650521368,0.018831756084539714,0.1372288456722555,0.20055266759194385,0.018831717377365227,0.13722870464070272,0.1688008342217114,0.3275643456392246,0.1587635114175132,0.1999999999999998,0.19999739027888855,357.6517007418111,89.4114667977197,-1.1586471426738854e-05,-4.8222961812616205e-05,0.3427168651175741,0.3427165129037798,0.15887345844760542,3.7030545521650327,270.04733144299445,10.962259019861968,91.22207367917052,3.6767053102495653,271.98263543512616
160.3381147049,0.04726918259790278,0.16873920527901412,0.32736740058747094,0.15862819530845682,1.48180175425e-08,0.455575166214,357.7014736261174,89.7350130339625,0.20055363321796937,0.20055621476928856,447.4364866600799,448.0048955794893,-0.12687560448958468,1.5867614335350115,0.20055353650523525,0.018806014526609717,0.13713502297593316,0.2005526661789348,0.018805975684576703,0.13713488135619145,0.16880817357314767,0.3275349882335862,0.1587268146604385,0.2,0.19999739473151074,357.95035502024353,89.48613163983633,-1.1586482473457949e-05,-4.822295106565733e-05,0.34248255125883,0.342482197576086,0.15883673627726405,3.7472657808643834,266.86124189710654,10.923607683202713,91.54484754498324,3.7206986154563313,268.7667299484705
160.7881147049,0.04733168259790278,0.16874669807899575,0.32733752703017654,0.1585908289511808,1.53752378676e-08,0.45548363066,357.99311918959916,89.80817688811818,0.20055363321800593,0.20055621032700738,447.8012960777173,448.3701684392803,-0.1268756044906283,1.5867614335348779,0.20055353650526161,0.018780398563770395,0.13704159428352544,0.20055266502020977,0.01878035957638656,0.13704145203691678,0.16881559856756587,0.3275052882560455,0.15868968968847966,0.20000000000000012,0.19999739917053821,358.2422015169777,89.5590945607396,-1.1586490900050705e-05,-4.8222937909514485e-05,0.3422492213899008,0.34224886614161226,0.15879958559549082,3.7914727151202436,263.7497550785581,10.885234094669611,91.867569526106,3.764697251796384,265.6256089444734
161.2381147049,0.047394182597902776,0.16875427688582173,0.32730731069718816,0.15855303381136643,1.59516852264e-08,0.455391180809,358.2779646674781,89.87963483433454,0.2005536332179747,0.20055620592854026,448.1575995018126,448.7269244997868,-0.12687560449126112,1.5867614335348317,0.20055353650525545,0.01875490713001897,0.13694855650943885,0.20055266387442444,0.018754868008646272,0.13694841367699837,0.16882310901875172,0.3274752464512732,0.15865213743252146,0.20000000000000004,0.19999740356613566,358.52724321301804,89.63035628879463,-1.158649380883503e-05,-4.822294098483226e-05,0.3420168678047907,0.34201651109343917,0.1587620073338152,3.835633388965075,260.71313355362634,10.847131957439398,92.1902677983151,3.808667507673599,262.5590178153455
161.6881147049,0.047456682597902776,0.16876194156721078,0.327276751708777,0.15851481014156624,1.65479645949e-08,0.455297829024,358.55601300896063,89.94938761253377,0.2005536332179965,0.20055620157779608,448.5054006214944,449.0751674548117,-0.12687560448878532,1.5867614335346183,0.20055353650528898,0.018729539189372264,0.13685590666599767,0.2005526626599631,0.018729499934804675,0.1368557632502361,0.16883070487799812,0.32744486301445,0.1586141581364519,0.20000000000000015,0.1999974079121177,358.8054830626096,89.69991755888478,-1.1586507253635858e-05,-4.822292426487351e-05,0.3417854830420446,0.3417851248739004,0.15872400173629406,3.8798222507150335,257.7437664356156,10.809294244698,92.51297793937877,3.852660077729549,259.5609214995475
162.1381147049,0.047519182597902776,0.1687696923141684,0.32724585007006857,0.15847615775590015,1.71646985768e-08,0.455203588621,358.8272671434183,90.01743595755775,0.20055363321800557,0.20055619725566645,448.84470310097606,449.4149009732524,-0.1268756044896402,1.5867614335344666,0.20055353650529903,0.01870429372029926,0.1367636418069483,0.2005526615305434,0.01870425432115417,0.1367634977658665,0.1688383861588014,0.32741413789129115,0.15857575173248975,0.20000000000000004,0.19999741223230233,359.07692398660475,89.76777911437127,-1.15865168126561e-05,-4.822291925776767e-05,0.34155505974365563,0.34155470001382965,0.15868556873509923,3.924025143960953,254.84036501116537,10.771719782998904,92.83568642198699,3.8966665486126506,256.62960572185347
162.5881147049,0.04758168259790278,0.16877752894485315,0.3272146061395195,0.15843707719466638,1.78025279233e-08,0.455108473776,359.0917299767134,90.08378059838628,0.20055363321799968,0.20055619298702645,449.1755105750997,449.7461286945468,-0.12687560448901847,1.5867614335341158,0.20055353650535232,0.018679169703606814,0.13667175898336428,0.20055266041268394,0.01867913015433903,0.13667161429623573,0.16884615277765253,0.32738307141614864,0.15853691863849612,0.20000000000000015,0.1999974164994024,359.3415689052797,89.83394166981994,-1.158653891719652e-05,-4.822289269013069e-05,0.34132559054494155,0.34132522920167113,0.15864670874838124,3.9682838038892463,251.99810533206252,10.734408361670935,93.15837131468496,3.9407454649591465,253.7590942860774
163.0381147049,0.047644182597902776,0.16878545160984013,0.32718301906287517,0.15839756745303504,1.8462112038e-08,0.455012499486,359.34940438761504,90.14842225720562,0.20055363321798242,0.20055618874515715,449.4978266448207,450.06885422423676,-0.12687560448951807,1.5867614335338522,0.20055353650538302,0.01865416612990859,0.1365802552710625,0.2005526592554355,0.018654126443172818,0.13658010998374842,0.16885400497856912,0.3273516626126367,0.1584976576340676,0.19999999999999973,0.19999742073855958,359.5994206882684,89.89840595655232,-1.15865555372352e-05,-4.822287738015518e-05,0.34109706814301455,0.34109670530083414,0.15860742055489147,4.0126206669059945,249.21368925985934,10.697360416476316,93.4810047588728,3.9849193924938975,250.9461049284026
163.4881147049,0.047706682597902776,0.1687934602662468,0.32715108890109273,0.15835762863484593,1.91441295277e-08,0.454915681345,359.600293224467,90.21136164857054,0.2005536332179595,0.20055618453662064,449.81165487303747,450.38308112964484,-0.12687560446855706,1.5867614335341056,0.20055353650537264,0.01862928198904816,0.1364891277320218,0.2005526580367455,0.018629242187285518,0.1364889819263281,0.1688619427657699,0.32731991146378164,0.15845796869801174,0.19999999999999984,0.1999974249425465,359.85048218928455,89.96117268375295,-1.1586539561125875e-05,-4.822288255379448e-05,0.3408694852004276,0.34086912106364003,0.15856770413342283,4.056986923103519,246.48834688257233,10.660575857237111,93.80356308999323,4.029120853628495,248.19310125667553
163.9381147049,0.047769182597902776,0.16880155497976862,0.3271188156897616,0.15831726070999297,1.98492787343e-08,0.454818035572,359.84439930140593,90.27259947848154,0.2005536332179845,0.20055618037302717,450.11699877988747,450.68881293566807,-0.12687560448992885,1.5867614335335711,0.2005535365054253,0.018604516283021663,0.13639837346178899,0.20055265681627713,0.01860447636593071,0.1363982271363184,0.16886996611438096,0.32728781806960267,0.1584178519552217,0.19999999999999993,0.1999974291016516,360.0947562289587,90.02224255092875,-1.1586573245292442e-05,-4.8222856297019945e-05,0.34064283446356647,0.3406424690286822,0.15852755960895495,4.101373330108512,243.82076916990695,10.62404746687128,94.12608547903017,4.073336090856468,245.49901547400617
164.3881147049,0.047831682597902776,0.16880973575261368,0.32708619972531083,0.15827646397269715,2.05782782744e-08,0.454719578848,360.0817253959407,90.33213644369413,0.20055363321801128,0.2005561762315026,450.4138618396348,450.9860531206841,-0.12687560448708668,1.5867614335336058,0.20055353650541413,0.018579868046075074,0.1363079896633909,0.20055265565523728,0.018579828016296235,0.1363078428275359,0.16887807497253948,0.3272553826369149,0.1583773076643754,0.19999999999999984,0.19999743324077837,360.33224557564125,90.08161626399354,-1.1586571069255314e-05,-4.822286187033953e-05,0.3404171089472388,0.34041674223771484,0.1584869872403449,4.145795804642912,241.2082136028242,10.587767761071722,94.4486149079244,4.117572500678786,242.86154034571314
164.8381147049,0.047894182597902776,0.1688180027603787,0.32705324084586634,0.15823523808548765,2.13318676477e-08,0.454620328341,360.31227424492107,90.38997323076033,0.20055363321798728,0.2005561721405397,450.7022474756814,451.2748051125733,-0.1268756044887187,1.5867614335338083,0.20055353650539073,0.01855533632555388,0.13621797357747575,0.2005526546615369,0.018555296144171146,0.13621782608811206,0.16888626934314913,0.3272226051543565,0.1583363358112074,0.19999999999999984,0.1999974373341104,360.5629529798211,90.13929449586031,-1.158655830169053e-05,-4.822287352768129e-05,0.34019230176020854,0.3401919334186046,0.15844598701331736,4.190223516221888,238.65075362415257,10.55173413628018,94.77115202909496,4.161836354112932,240.2785489178955
165.2881147049,0.047956682597902776,0.1688263555941861,0.3270199395539639,0.1581935839597778,2.21108077498e-08,0.454520301735,360.5360485418473,90.44611051543478,0.20055363321799755,0.20055616806271734,450.9821590572821,451.55507228485476,-0.12687560449132773,1.5867614335334297,0.200553536505428,0.018530920178093352,0.13612832246851994,0.20055265360909644,0.0185308798882372,0.1361281744835991,0.1688945491979099,0.3271894857355019,0.158294936537592,0.2,0.199997441412957,360.78688112293446,90.19527793434764,-1.158658216038333e-05,-4.8222854942547855e-05,0.33996840607074813,0.3399680364915341,0.15840455906984488,4.23466851628795,236.14599257383802,10.51594460492388,95.09369225202748,4.206125953158942,237.74846762469545
165.7381147049,0.048019182597902776,0.16883479457862485,0.3269862956058745,0.15815150102724965,2.2915881549e-08,0.454419517179,360.75305093388874,90.5005489617798,0.2005536332180039,0.20055616402263512,451.2535998956686,451.8268579529357,-0.12687560448804147,1.5867614335331195,0.2005535365054869,0.01850661867040254,0.1360390336278619,0.20055265270852038,0.01850657824602444,0.13603888505138684,0.16890291453141168,0.32715602440178765,0.15825310987037597,0.19999999999999998,0.1999974454588183,361.0040326624392,90.2495672332294,-1.1586601711410793e-05,-4.8222825577148853e-05,0.33974541511421563,0.3397450440576475,0.15836270343679282,4.2791477295196465,233.691394457245,10.480397911766905,95.41622450014482,4.25045078185526,235.2691635129379
166.1881147049,0.048081682597902776,0.16884331934259547,0.3269523092143494,0.15810898987175395,2.37478946792e-08,0.454317993236,360.963284018836,90.55328922149108,0.20055363321800507,0.20055616001160093,451.5165732403271,452.0901653704738,-0.12687560448847446,1.5867614335331326,0.20055353650547095,0.018482430874947477,0.1359501043579867,0.20055265170580464,0.018482390346901995,0.1359499553030526,0.16891136535121135,0.32712222112250744,0.1582108557712961,0.19999999999999996,0.19999744947275483,361.21441019758333,90.30216304274373,-1.1586600889845755e-05,-4.822283353744794e-05,0.33952332215380693,0.33952294990232973,0.15832042007587147,4.323634111699445,231.28691609081156,10.445092352291843,95.73874181979653,4.294796553436338,232.83989999477004
166.6381147049,0.04814418259790278,0.16885193006699661,0.3269179805343037,0.1580660504673071,2.46076760813e-08,0.454215748829,361.1667503424114,90.60433193320205,0.2005536332179995,0.20055615603635005,451.7710822756134,452.34499772585497,-0.1268756044892405,1.586761433532858,0.20055353650552385,0.018458355876209413,0.13586153199566614,0.2005526507766346,0.018458315240506097,0.13586138244735366,0.16891990159406314,0.3270880761513669,0.15816817455730378,0.20000000000000004,0.19999745345333803,361.4180162766323,90.35306599898114,-1.1586618198222709e-05,-4.8222807158548875e-05,0.33930212053834585,0.33930174705469995,0.15827770930425172,4.368116883247207,228.9316029603612,10.410030200689613,96.06120066143083,4.339122914623882,230.46132125682837
167.0881147049,0.048206682597902784,0.16886062658643225,0.3268833102040618,0.15802268361762956,2.54960786272e-08,0.454112802848,361.36345239549587,90.65367772178905,0.20055363321798697,0.20055615208584512,452.0171301172849,452.5913581387816,-0.12687560448748636,1.5867614335328855,0.20055353650552527,0.01843439274596028,0.13577331382109034,0.20055264991680474,0.0184343519964454,0.1357731637564854,0.16892852310648518,0.3270535901016848,0.1581250669951996,0.19999999999999987,0.19999745741136754,361.6148533874446,90.40227672984028,-1.158661645517256e-05,-4.822280644800614e-05,0.3390818034753486,0.3390814287023081,0.15823457188926518,4.4126094788303725,226.62327241908224,10.375211500438288,96.38357733312291,4.383471310015704,228.12970116061226
167.5381147049,0.04826918259790278,0.168869408902414,0.3268482979409434,0.15797888903852939,2.641397981e-08,0.454009174621,361.55339261146753,90.70132719772596,0.20055363321800795,0.2005561481729993,452.25471980919355,452.82924965697543,-0.12687560448382262,1.58676143353302,0.20055353650551008,0.018410540578204328,0.13568544718651418,0.20055264907083617,0.01841049972797852,0.13568529665361137,0.16893722998759206,0.3270187625771836,0.15808153258959154,0.2000000000000001,0.19999746133241517,361.80492397175215,90.44979583744144,-1.1586607984170882e-05,-4.822281401972717e-05,0.33886236435230666,0.33886198840973386,0.1581910073351768,4.457097191737946,224.3612730397006,10.340629783231702,96.70590872729953,4.427824465173444,225.84454462126664
167.9881147049,0.04833168259790278,0.16887827674997882,0.32681294458089444,0.15793466783091561,2.736228241e-08,0.453904883614,361.7365733637134,90.74728095636816,0.20055363321798136,0.20055614429792523,452.48385432008155,453.0586752529915,-0.12687560448741975,1.5867614335330715,0.20055353650547844,0.018386798484130475,0.135597929497948,0.2005526481945446,0.018386757537462314,0.13559777851226884,0.1689460220143655,0.3269835944699278,0.1580375724555623,0.1999999999999999,0.19999746521476597,361.9882304054578,90.49562391462374,-1.158660473121742e-05,-4.822282979599635e-05,0.33864379669096106,0.3386434196176195,0.15814701675784143,4.501560161058289,222.1452039341192,10.306278441714047,97.0282343578609,4.472149672485767,223.6061118777734
168.4381147049,0.04839418259790278,0.16888723020623728,0.32677725031601534,0.15789002010977807,2.83419151742e-08,0.453799949478,361.9129969631445,90.79153957748956,0.20055363321798797,0.20055614045103354,452.7045365406341,453.2796378211452,-0.12687560448899626,1.5867614335331461,0.20055353650546645,0.0183631655975158,0.13551075823533643,0.20055264738811504,0.01836312455455942,0.13551060679725194,0.16895489915524547,0.32694808590635144,0.15799318675110596,0.20000000000000026,0.1999974690712608,362.1647749954292,90.53976154520493,-1.1586600034974026e-05,-4.822283578009845e-05,0.3384260941976972,0.33842571599451343,0.1581026003153626,4.546055007338872,219.97094148347557,10.272151494910126,97.3505891628937,4.516497237127018,221.41051959020095
168.8881147049,0.04845668259790277,0.16889626938542776,0.32674121525037914,0.15784494586495137,2.93538335204e-08,0.453694391907,362.08266565585586,90.83410362453954,0.2005536332179947,0.2005561366399554,452.91676928039544,453.4921401745508,-0.1268756044887298,1.5867614335334248,0.20055353650543167,0.018339641066180516,0.13542393092131286,0.20055264676374093,0.018339599913225042,0.13542377898000427,0.16896386138461253,0.3269122369887076,0.15794837560409505,0.20000000000000004,0.1999974728978613,362.33455999125266,90.58220928914277,-1.1586582471245777e-05,-4.8222853121782094e-05,0.33820925068551166,0.33820887122557036,0.15805775813570141,4.590572147424606,217.83777008297716,10.238247261868372,97.67296827499267,4.560881877592591,219.255842803769
169.3381147049,0.048519182597902784,0.16890539391113876,0.32670483931917454,0.15779944540803578,3.03990203262e-08,0.453588230711,362.24558162079353,90.87497364413882,0.20055363321799796,0.20055613286358515,453.12055526493236,453.69618504227105,-0.12687560449402557,1.586761433533553,0.20055353650540989,0.018316224040577214,0.13533744507924336,0.20055264600750522,0.018316182794380825,0.13533729269636224,0.16897290872753595,0.32687604761690514,0.1579031388893692,0.19999999999999993,0.19999747668558507,362.4975875775747,90.62296768735767,-1.1586574399924388e-05,-4.8222863979763275e-05,0.3379932599692311,0.3379928794065016,0.15801249009361076,4.635097385441803,215.74519731578047,10.204564869175949,97.99535921620863,4.605284439029784,217.14185372026108
169.7881147049,0.048581682597902784,0.16891460397279828,0.3266681229890935,0.1577535190162952,3.14784865947e-08,0.453481485769,362.40174696768764,90.91415016554566,0.20055363321799682,0.20055612911995346,453.31589713323336,453.89177506658007,-0.1268756044901287,1.58676143353333,0.20055353650544774,0.018292913681367942,0.135251298261303,0.2005526453644406,0.01829287234008002,0.1352511454298263,0.1689820410813687,0.32683951820176727,0.15785747712039858,0.2000000000000002,0.19999748044427243,362.65385986125165,90.66203727198165,-1.1586588444245649e-05,-4.8222845105971857e-05,0.3377781159356298,0.3377777342525727,0.15796679670291647,4.679719416023332,213.6880250931297,10.171099182202271,98.31779064251319,4.649769563906757,215.06442120538026
170.2381147049,0.04864418259790278,0.1689238998491414,0.3266310651090694,0.157707165259928,3.25932722523e-08,0.453374177089,362.5511637347926,90.95163370009658,0.2005536332180063,0.2005561254133194,453.5027974348892,454.07891280033397,-0.12687560448289004,1.5867614335336286,0.2005535365054369,0.0182697091712185,0.1351654880922586,0.20055264482653307,0.018269667721653178,0.13516533476321943,0.16899125872457507,0.32680264762888855,0.15781138890431348,0.20000000000000015,0.19999748416897986,362.8033788843169,90.69941855057233,-1.1586569625965382e-05,-4.8222850512757987e-05,0.33756381265277374,0.3375634297270985,0.15792067656978423,4.724325556038781,211.67042536299573,10.137849003250764,98.64025393151385,4.694253093253921,213.0264346924739
170.6881147049,0.04870668259790278,0.16893328088872786,0.3265936675342766,0.15766038664554874,3.37444469008e-08,0.453266324322,362.6938338869518,90.987424740702,0.20055363321802405,0.20055612174969423,453.68125862765385,454.25760070445574,-0.12687560448259028,1.5867614335332163,0.20055353650548952,0.01824660968483692,0.13508001215885687,0.2005526442450509,0.0182465681446269,0.1350798583972714,0.16900056122099605,0.32676543764346294,0.1577648764224669,0.1999999999999999,0.19999748784990012,362.9461466175422,90.73511201011158,-1.1586595605184158e-05,-4.8222824278187915e-05,0.33735034409377707,0.33734996008785584,0.15787413187707763,4.768803009525864,209.6962273347132,10.104815561870586,98.96271672423102,4.738611044924563,211.03230261345908
171.1381147049,0.04876918259790278,0.1689427471552948,0.3265559311286065,0.15761318397331167,3.49331106131e-08,0.453157947358,362.82975931375955,91.02152376135354,0.20055363321797492,0.20055611810994176,453.8512830751131,454.42784114552836,-0.12687560448801927,1.5867614335330769,0.20055353650547658,0.018223614407731493,0.1349948680792403,0.20055264384419566,0.018223572770894536,0.13499471386278256,0.16900994835864724,0.3267278890927915,0.15771794073414425,0.20000000000000007,0.19999749151269788,363.08216494027107,90.76911813484197,-1.1586604398150513e-05,-4.822283072858369e-05,0.3371377043101619,0.33713731916823747,0.1578271636848157,4.81321167833188,207.76148377221818,10.072000922228028,99.28513785111825,4.782901045643669,209.07812862045589
171.5881147049,0.048831682597902784,0.16895229810789436,0.32651785668125105,0.1575655585733567,3.61603947576e-08,0.453049065743,362.9589418275704,91.05393121680505,0.2005536332180286,0.20055611450591948,454.0128730443754,454.58963639349923,-0.1268756044901509,1.5867614335330797,0.20055353650549962,0.01820072251364241,0.1349100534194632,0.20055264334980888,0.018200680785433007,0.13490989876741072,0.1690194199277959,0.3266900028163107,0.15767058288851482,0.2,0.19999749513695878,363.2114356755663,90.80143736880916,-1.1586604220514829e-05,-4.822281923777538e-05,0.33692588722336475,0.3369255009935812,0.15777977304289428,4.857692401879272,205.85906172509704,10.039398928963541,99.60755689416948,4.827273267784089,207.15628565586465
172.0381147049,0.04889418259790278,0.16896193429579712,0.32647944277390345,0.15751750847810633,3.74274628108e-08,0.452939700777,363.08138316198665,91.08464754185619,0.2005536332180061,0.20055611093461964,454.1660307038428,454.7429886194945,-0.1268756044822572,1.5867614335326177,0.20055353650555155,0.01817793322442275,0.1348255659154552,0.20055264291652936,0.018177891409111982,0.13482541084347557,0.16902897630730512,0.3266517772985377,0.1576228009912326,0.2,0.19999749873050962,363.3339605547104,90.83207014913239,-1.1586633341664765e-05,-4.822279334737445e-05,0.336714887179071,0.33671449990055663,0.15773195805565549,4.9023167686004685,203.98518643369584,10.006999939851205,99.93004956637074,4.871779117263042,205.26382168200567
172.4881147049,0.04895668259790278,0.16897165582516963,0.3264406894412981,0.1574690336161285,3.87355111415e-08,0.452829872798,363.1970849698041,91.11367315118733,0.2005536332179967,0.2005561073957229,454.3107581209914,454.8878998937426,-0.12687560449201607,1.5867614335320213,0.20055353650561622,0.018155245765813163,0.13474140330949935,0.20055264263621128,0.018155203855313315,0.1347412477874289,0.16903861748825572,0.3266132125750571,0.15757459508680138,0.19999999999999998,0.1999975022966423,363.4497412302991,90.86101689069228,-1.1586670922714148e-05,-4.822276109539558e-05,0.3365046985388328,0.33650431013625653,0.15768371876763393,4.947060786330222,202.1402289543747,9.974803306153737,100.25260341555526,4.916415604400366,203.40021683784516
172.9381147049,0.04901918259790278,0.16898146271478276,0.32640159521762735,0.1574201325028446,4.00857699517e-08,0.452719602515,363.3060488219664,91.14100843888866,0.20055363321799052,0.20055610388634762,454.4470572608551,455.024372183609,-0.126875604483212,1.5867614335319136,0.20055353650566304,0.01813265937050118,0.13465756336166632,0.2005526422298857,0.018132617374109157,0.13465740742383672,0.16904834383559056,0.32657430718595115,0.1575259633503606,0.19999999999999993,0.19999750582928807,363.55877927722446,90.88827798363069,-1.1586677706176829e-05,-4.8222737758507606e-05,0.3362953157086253,0.3362949262677275,0.15763505335270528,4.991794248899946,200.32876960431062,9.94281346791225,100.57515442960188,4.96105465669316,201.57004290425613
173.3881147049,0.04908168259790278,0.16899135461353085,0.3263621622510404,0.15737080763750957,4.14795040838e-08,0.45260891077,363.4082762055395,91.16665377802622,0.20055363321800912,0.20055610041251604,454.5749299835657,455.15240735173757,-0.12687560448858548,1.5867614335314302,0.20055353650570384,0.018110173251942044,0.13457404375265702,0.20055264184768623,0.01811013117738037,0.1345738874276149,0.1690581548343203,0.32653506319123615,0.15747690835691586,0.2000000000000002,0.19999750932726956,363.6610761842346,90.9138537993311,-1.1586708170696625e-05,-4.8222717408119564e-05,0.336086732896205,0.33608634248827823,0.15758596438765843,5.036320399941725,198.55766126626315,9.911032401856081,100.89766226702334,5.005479260196561,199.78106950756415
173.8381147049,0.04914418259790278,0.16900133104444165,0.32632239245708206,0.1573210614126404,4.29180139005e-08,0.45249781876,363.5037685228271,91.19060952036556,0.2005536332180098,0.20055609696668777,454.69437804319267,455.2720071543038,-0.12687560448130242,1.5867614335308058,0.200553536505788,0.018087786641703796,0.13449084222244947,0.20055264149246058,0.018087744487176476,0.13449068550340754,0.16906804999371322,0.3264954825540907,0.1574274325603775,0.2,0.19999751279804198,363.75663335130156,90.93774469189115,-1.1586747528102848e-05,-4.8222675452791464e-05,0.3358789444573675,0.33587855306546116,0.1575364543281031,5.080818365607693,196.81868707786302,9.879452713786199,101.22018182288159,5.049873186345972,198.02477470203326
174.2881147049,0.04920668259790278,0.16901139228049897,0.32628228508822893,0.15727089280772996,4.44026361632e-08,0.452386349063,363.5925270896011,91.2128759959909,0.20055363321799655,0.20055609355893936,454.80540308559205,455.3831732393762,-0.12687560448803037,1.5867614335302307,0.20055353650584745,0.018065498794480883,0.1344079565891874,0.20055264123252728,0.018065456559087215,0.1344077994726765,0.16907802952143852,0.3264555644434842,0.1573775349220457,0.2000000000000001,0.19999751623424608,363.8454520985585,90.95995098703352,-1.1586783765782371e-05,-4.8222645798734476e-05,0.33567194494312025,0.33567155255857045,0.15748652213462008,5.125514941552107,195.10234803786958,9.848064975763284,101.5427906356288,5.09447135485352,196.2912204908752
174.7381147049,0.04926918259790278,0.16902153867253297,0.32624183843571747,0.1572202997631845,4.59347449851e-08,0.452274524813,363.6745531342577,91.23345351308659,0.2005536332180079,0.20055609017968476,454.9080066473442,455.4859071453851,-0.12687560448635393,1.586761433530108,0.2005535365058742,0.018043308991989887,0.13432538476397485,0.20055264100566345,0.01804326667984167,0.13432522726517782,0.16908809384970933,0.3264153071305333,0.15732721328082397,0.1999999999999999,0.19999751964293713,363.92753365216265,90.9804729951816,-1.1586791504036853e-05,-4.822263246495595e-05,0.3354657291366311,0.3354653357973556,0.15743616564461632,5.1704198569773,193.4078909763073,9.816863870710781,101.86552581049449,5.139282910326055,194.5796753065996
175.1881147049,0.04933168259790278,0.169031770455172,0.3262010515340081,0.15716928107883607,4.75157527292e-08,0.452162351097,363.7498477964457,91.25234235752833,0.20055363321800337,0.20055608683338866,455.00219015397397,455.58021029970234,-0.1268756044842556,1.5867614335303692,0.20055353650584537,0.01802121652023434,0.13424312466653307,0.20055264080579455,0.01802117413317609,0.1342429667922163,0.16909824321988873,0.32637470964967197,0.15727646642978324,0.19999999999999996,0.19999752301967938,364.00287915465003,90.99931099932394,-1.1586775039429398e-05,-4.822264684234412e-05,0.3352602918425884,0.3352598975654857,0.15738538365032695,5.215193205716058,191.74745029656054,9.7858551589347,102.18830993906323,5.183965638668293,192.9025131919836
175.6381147049,0.04939418259790278,0.16904208668078224,0.32615992806397,0.15711784138318774,4.91471109591e-08,0.452049824557,363.8184121261162,91.26954279271374,0.2005536332179846,0.2005560835207286,455.0879549188299,455.6660840173268,-0.1268756044777053,1.5867614335302682,0.20055353650587143,0.01799922064215946,0.1341611741233635,0.2005526406135479,0.01799917818434761,0.13416101588892212,0.16910847671668008,0.32633377566263644,0.15722529894595635,0.20000000000000004,0.19999752636307463,364.0714896574335,91.0164652613964,-1.1586781401007329e-05,-4.82226338416325e-05,0.33505562763287233,0.3350552324563904,0.15733418073195446,5.259724500120906,190.12402645366936,9.755042168411157,102.51108941775841,5.228408031433314,191.26280772043347
176.0881147049,0.04945668259790278,0.16905248718440513,0.32611846883507595,0.15706598165067082,5.08303113545e-08,0.451936965752,363.8802470824359,91.28505505928187,0.2005536332179817,0.20055608024048638,455.1653021417178,455.74352949968073,-0.12687560448696455,1.586761433529812,0.2005535365058982,0.01797732063599542,0.13407953101049921,0.2005526404593967,0.017977278106209686,0.13407937241130602,0.1691187941421776,0.3262925059607783,0.1571737118186007,0.20000000000000007,0.1999975296753875,364.1333661194228,91.03193602229493,-1.1586810155783667e-05,-4.8222620507853975e-05,0.33485173120306405,0.3348513351156468,0.15728255787944137,5.304428301284854,188.5217299963838,9.724414970079911,102.83394971078475,5.2730257843318595,189.6444358325301
176.5381147049,0.04951918259790278,0.16906297266627374,0.32607667103891397,0.15701369837264023,5.2566886692e-08,0.451823796094,363.9353535331981,91.29887937492897,0.20055363321798872,0.20055607699085798,455.23423290812707,455.81254783351284,-0.12687560448577662,1.5867614335302807,0.20055353650584312,0.017955515816502066,0.1339981933329777,0.2005526403399,0.017955473216749104,0.13399803437643817,0.16912919621388103,0.3262508976736901,0.15712170145980905,0.19999999999999976,0.19999753295823022,364.18850940836927,91.04572349975781,-1.1586780623851212e-05,-4.8222647963669374e-05,0.3346485975709216,0.3346482005910636,0.1572305115023957,5.349455187541703,186.9349242010459,9.693966174094006,103.15695165848457,5.317971222293489,188.0416343375263
176.9881147049,0.04958168259790278,0.16907354351451048,0.32603453309345143,0.15696098957894095,5.43584118477e-08,0.451710338454,363.9837322537017,91.31101593415924,0.20055363321802047,0.20055607377435158,455.294748187861,455.87313998990896,-0.1268756044852326,1.5867614335302227,0.20055353650585908,0.01793380550203661,0.13391715910232194,0.20055264024806269,0.017933762833560365,0.13391699979300747,0.16913968333027182,0.3262089492082063,0.1570692658779345,0.19999999999999993,0.1999975362089156,364.2369203014301,91.05782788643084,-1.1586784276484963e-05,-4.822264000337029e-05,0.3344462217704002,0.33444582390951805,0.15717803960779128,5.394291471141339,185.38115809089143,9.663701132605942,103.48002139945496,5.362730257058241,186.4721796670333
177.4381147049,0.04964418259790278,0.16908419839739708,0.3259920602493644,0.1569078618519673,5.62065047317e-08,0.451596614124,364.0253839263092,91.3214649080968,0.2005536332179764,0.20055607059400518,455.346848834406,455.92530682341163,-0.1268756044791597,1.5867614335301181,0.2005535365058617,0.017912188990130376,0.13383642624536257,0.20055264017227323,0.017912146258700308,0.13383626660475967,0.1691502541876578,0.32616666577867504,0.15701641159101723,0.19999999999999993,0.19999753942396425,364.27859948306894,91.06824935133699,-1.1586790860107499e-05,-4.822263870440935e-05,0.3342445986239432,0.3342441999356976,0.15712514871818226,5.438957532876229,183.85876226380097,9.633615386303333,103.8031891351774,5.407320532551847,184.93447798776512
177.8881147049,0.04970668259790277,0.1690949378375535,0.3259492506641691,0.15685431282661558,5.81128273162e-08,0.45148262198,364.0603091395058,91.33022644444445,0.20055363321798308,0.2005560674483181,455.3905355839503,455.96904907124707,-0.12687560449008428,1.5867614335293503,0.2005535365059673,0.01789066562585604,0.13375599285959505,0.2005526401608415,0.01789062283228983,0.13375583289071857,0.16916090925277188,0.32612404551874696,0.15696313626597508,0.19999999999999998,0.19999754260667532,364.31354754082247,91.0769880431278,-1.1586839254729142e-05,-4.822258604653129e-05,0.3340437233802144,0.3340433238721347,0.15707183649887066,5.483816703325008,182.35474562701359,9.603699555462155,104.1265393846317,5.452105299054514,183.4153863780688
178.3381147049,0.049769182597902785,0.16910576188951537,0.32590610385268953,0.15680034196317416,6.00790866172e-08,0.451368376163,364.0885083878577,91.33730066724118,0.20055363321798678,0.20055606433678785,455.4258090550989,456.0043673526598,-0.12687560448592095,1.5867614335294398,0.20055353650595106,0.017869234755349517,0.13367585703989152,0.20055264016005261,0.017869191902478362,0.13367569675329305,0.16917164864685924,0.3260810879423213,0.15690943929546208,0.19999999999999998,0.19999754575565684,364.3417649702948,91.08404408480416,-1.1586833614796177e-05,-4.822259414005714e-05,0.33384359128132596,0.3338431909797638,0.15701810234209,5.528665766911488,180.8754665519663,9.573954283009016,104.45004962836612,5.496883448660529,181.92126672135979
178.7881147049,0.04983168259790278,0.16911667025116822,0.32586262114193976,0.15674595089077153,6.21070357395e-08,0.451253899841,364.1099820710772,91.34268767676181,0.20055363321798866,0.20055606125929967,455.45266974783897,456.0312621683544,-0.126875604484733,1.586761433528769,0.20055353650603558,0.01784789572720749,0.13359601688376602,0.20055264019452082,0.017847852815799307,0.13359585628229384,0.16918247204562686,0.3260377943476695,0.15685532230204263,0.19999999999999987,0.19999754887177415,364.3632521711655,91.08941757667343,-1.1586875892088955e-05,-4.8222551995991125e-05,0.33364419757598807,0.33364379648805675,0.1569639478715283,5.573443628398372,179.42228659220652,9.544379975999627,104.77369955037497,5.541592546231958,180.4535414066046
179.2381147049,0.04989418259790278,0.16912766279580224,0.32581880306937894,0.1566911402735767,6.41984748754e-08,0.451139202435,364.12473049393805,91.34638754946552,0.20055363321799202,0.20055605821278452,455.47111804340364,456.0497339000449,-0.1268756044857322,1.5867614335285078,0.20055353650608254,0.017826647892109276,0.13351647049000837,0.20055264027073869,0.01782660492569283,0.1335163095868547,0.16919337932419265,0.32599416523364483,0.15680078590945218,0.19999999999999962,0.19999755195833127,364.37800944699876,91.09310859640485,-1.158689234559418e-05,-4.8222528581387536e-05,0.333445537516097,0.333445135674743,0.1569093737113529,5.618164593343829,177.9940732218417,9.514973663357816,105.09750582400476,5.586246476879303,179.01107731978186
179.6881147049,0.04995668259790277,0.16913873923972558,0.3257746507048144,0.1566359114650888,6.63552523571e-08,0.45102430291,364.1327538659693,91.34840033791764,0.20055363321800002,0.2005560551982446,455.48115420388694,456.05978281011323,-0.12687560447908197,1.5867614335287752,0.20055353650604935,0.017805490618192248,0.13343721601634323,0.20055264037646242,0.017805447596080888,0.13343705480892812,0.16920437021150625,0.3259502016842216,0.15674583147271537,0.19999999999999996,0.19999755501410102,364.38603700810876,91.0951171957781,-1.1586875492408666e-05,-4.822254513481283e-05,0.33324760650073365,0.3332472038995136,0.15685438121752696,nan,nan,nan,nan,nan,nan
