crank_angle_deg_atdc,time_s,core_mean,wall_shell_mean,delta_c,tracer_min,tracer_max,core_volume_mm3,wall_shell_volume_mm3,wall_shell_volume_fraction,wall_shell_mass_fraction,total_volume_mm3,python_volume_mm3,volume_error_percent,mass_mg,tracer_mass_mean,tracer_mass_variance,tracer_mass_rms,tracer_volume_mean,tracer_volume_variance,tracer_volume_rms,mf_zone_core_mean,mf_zone_shell_mean,mf_zone_delta_c,mf_zone_shell_mass_fraction,mf_zone_shell_volume_fraction,mf_zone_core_volume_mm3,mf_zone_shell_volume_mm3,mass_error_percent,tracer_inventory_error_percent,tracer_mass_rms_normalized,tracer_volume_rms_normalized,mf_zone_delta_c_normalized,k_mix_1_s,tau_mix_ms,k_global_mix_1_s,tau_global_mix_ms,k_mf_zone_mix_1_s,tau_mf_zone_mix_ms
-180.0,0.0,0.0,1.0,1.0,0.0,1.0,377.2555772813726,78.16455464322742,0.1716317509129536,0.17163175091294466,455.42013192460007,456.06180575133493,-0.14069887428476147,1.5865419963998453,0.17163175091294466,0.14217429299150158,0.3770600654955409,0.1716317509129536,0.14217429299150747,0.3770600654955487,4.692359565564901e-17,0.8581587545647232,0.8581587545647232,0.2,0.20000000000001025,364.3361055396754,91.08402638492468,0.0,0.0,1.0,1.0,1.0,nan,nan,nan,nan,nan,nan
-179.55,6.249999999999842e-05,0.0012442390923509841,0.993994768846197,0.992750529753846,4.57104205484e-45,0.999898502653,377.25209366167667,78.16383286310977,0.17163175091298796,0.17163175109216441,455.4159265247864,456.0575944263084,-0.14069887430099293,1.586541047495928,0.17163175091293964,0.14013847728051657,0.37435074099100774,0.17163175073380046,0.14013847716477576,0.374350740836419,0.000833968569199297,0.8548228802879001,0.8539889117187008,0.2000000000000002,0.19999999134554192,364.3327451612072,91.08318136357923,-5.98095681869637e-05,-2.9309887850104133e-12,0.9928146076647696,0.9928146072547646,0.995140942367782,115.38125691793697,8.666918932173132,113.37408426166213,8.820357902005597,77.41135519978258,12.918001466570484
-179.1,0.0001250000000000008,0.002457619822156274,0.9881384710074558,0.9856808511852995,1.10656756079e-42,0.999650696468,377.2416427532301,78.1616675124826,0.17163175091300473,0.1716317516738042,455.4033102657127,456.0449603913672,-0.14069887431797934,1.5865410474956196,0.17163175091297503,0.1382011454031517,0.371754146450516,0.17163175015251,0.13820114491955893,0.37175414580009586,0.0016527714531836117,0.851547668752138,0.8498948972989544,0.20000000000000023,0.1999999909482505,364.3226523347669,91.08065793094585,-5.980958762696886e-05,1.7696955012524995e-11,0.985928186168292,0.985928184443294,0.9903702465053096,113.34499309863136,8.82262173795196,109.47243468123808,9.13471964802647,76.37981912199061,13.092463578669156
-178.65,0.00018749999999999922,0.003641287985270555,0.9824255763432826,0.9787842883580121,6.49684488118e-41,0.999263949776,377.2242244077434,78.15805856061715,0.17163175091299607,0.17163175266489955,455.3822829683606,456.0239034669817,-0.1406988742789883,1.586541047496193,0.17163175091298866,0.1363551594751814,0.36926299499839055,0.17163174916228746,0.13635515837888995,0.36926299351395875,0.0024568967712648017,0.8483311674798863,0.8458742707086215,0.1999999999999999,0.19999998979730696,364.3058310208141,91.07645194754645,-5.980955148920941e-05,2.5623947408348613e-11,0.979321410006909,0.979321406070031,0.985685068420315,111.36646428813977,8.979363818291727,105.79067054971003,9.452629374630058,75.37703400254108,13.266640339898336
-178.2,0.0002500000000000016,0.004796341813332049,0.9768507844465185,0.9720544426331865,1.75035786034e-39,0.998745326315,377.19983837743575,78.153005956147,0.17163175091291094,0.17163175404360373,455.3528443335828,455.99442335411464,-0.1406988743003934,1.5865410474960824,0.17163175091286414,0.13459395854222667,0.36687049287483814,0.17163174778513907,0.13459395661266868,0.36687049024508456,0.003246813937444851,0.845171498814548,0.8419246848771031,0.19999999999999993,0.19999998821608986,364.28228083270324,91.07056350087956,-5.9809558461410006e-05,-4.6918025020659115e-11,0.9729762614682852,0.9729762544939026,0.9810826731053343,109.44420107590777,9.137076155423026,102.31750107464623,9.773499054384109,74.40213053583054,13.440475330453348
-177.75,0.0003125,0.005923833749246135,0.9714090158453733,0.9654851820961272,2.8270489317e-38,0.998101599706,377.16848431655484,78.14650962751678,0.17163175091289845,0.17163175579891132,455.31499394407166,455.9565196344891,-0.14069887429873917,1.5865410474958417,0.17163175091288962,0.1329115106382731,0.3645703095951083,0.17163174603286271,0.13291150767102627,0.36457030552559583,0.004022974212049864,0.8420668577162508,0.8380438835042009,0.19999999999999996,0.1999999862175074,364.25200143063284,91.06299251343879,-5.980957363815875e-05,-3.206324095117452e-11,0.9668759514905979,0.9668759406978347,0.9765604313263401,107.5767571856913,9.29568827096983,99.04191210684914,10.096735601400471,73.45426086487198,13.613914131402414
-177.3,0.00037499999999999844,0.007024772894885769,0.9660954003789488,0.959070627484063,3.16126240301e-37,0.997339266972,377.13016178074434,78.13856948262392,0.17163175091289448,0.17163175789732116,455.26873126336824,455.9101917709655,-0.14069887429047911,1.586541047495672,0.17163175091292313,0.1313022678775076,0.36235654799866335,0.17163174393910416,0.1313022636963571,0.36235654222927605,0.004785811640018883,0.8390155080045364,0.8342296963645175,0.19999999999999993,0.19999998384978515,364.2149923633824,91.05373889998583,-5.980958432960648e-05,-1.2545520178264269e-11,0.9610048402300205,0.9610048249290238,0.9721158141510272,105.76283281396663,9.455117392316518,95.95332059555277,10.421734170253904,72.53265591482177,13.786893467327918
-176.85,0.0004375000000000008,0.008100129305917234,0.9609052574981473,0.9528051281922301,2.6779596726e-36,0.996464561305,377.08487022762904,78.12918540908578,0.17163175091288713,0.1716317601062048,455.2140556367148,455.855439108024,-0.14069887431071848,1.5865410475004917,0.1716317509123586,0.12976112278262955,0.3602237121326545,0.17163174173632717,0.1297611173539992,0.3602237045975725,0.005535744735786586,0.8360157756186475,0.8304800308828609,0.20000000000000007,0.19999998142343497,364.17125296568537,91.04280267102945,-5.980928053928025e-05,-3.4146019345371315e-10,0.955348351884574,0.9553483319007832,0.9677463831317533,104.09525608768477,9.606585713739431,93.18119032578578,10.73177962745205,71.68424603513972,13.950066511263834
-176.4414617955,0.0004942414172916661,0.009055317988490592,0.9562950909787675,0.947239772990277,1.48483262973e-35,0.995579276549,377.0377157436698,78.11941535015256,0.17163175091296037,0.17163176308903394,455.1571310938224,455.7984343600288,-0.14069887429667416,1.5865410474917556,0.17163175091337596,0.1284166350396302,0.3583526685258953,0.1716317387612063,0.128416627943647,0.3583526586250575,0.006205888001860544,0.8333352025594383,0.8271293145575778,0.19999999999999993,0.19999997726762858,364.12571522185885,91.03141587196352,-5.9809831176593775e-05,2.5128787939365793e-10,0.9503861620957926,0.9503861358377872,0.963841841801306,102.78261722460302,9.729271612288061,91.00557303960555,10.988338039086912,71.01510208319478,14.081511828688097
-176.170162619,0.0005319218584722229,0.009679507656221742,0.9532824582883715,0.9436029506321498,3.89541267692e-35,0.994948165621,377.00322743855753,78.11226962937437,0.17163175091292288,0.1716317676142894,455.1154970679319,455.7567416730307,-0.14069887430405714,1.5865410474848627,0.17163175091408586,0.12755012344679922,0.3571416013947398,0.17163173423981753,0.12755011381789252,0.3571415879142228,0.00664575554962125,0.8315757323719459,0.8249299768223247,0.2,0.19999997317842652,364.0924098612593,91.02308720667263,-5.981026564017e-05,6.649125694480063e-10,0.9471742941681619,0.9471742584164987,0.9612789853093641,101.56885435427608,9.84553785072697,89.03398513969768,11.231666182648821,70.39585502867773,14.20538183097033
-175.8912771403,0.0005706559527361123,0.01031223757187547,0.9502286200462357,0.9399163824743602,1.01411251953e-34,0.994261933747,376.96513377828194,78.10437690579313,0.17163175091291905,0.17163176984990458,455.06951068407506,455.71069049568416,-0.14069887430371297,1.5865410474839612,0.1716317509141701,0.1266811067257405,0.3559228943545786,0.1716317320076869,0.12668109590606774,0.3559228791551166,0.0070933686774403044,0.8297852798610901,0.8226919111836498,0.19999999999999987,0.1999999706297485,364.055621912766,91.01388877130904,-5.98103224613844e-05,7.139844271364382e-10,0.9439421644581126,0.9439421241476402,0.9586709997510158,100.47347939637243,9.952875186644574,87.36231711660199,11.446582840348725,69.83755912839123,14.318942593076217
-175.5767681914,0.0006143377511944455,0.011015029915589183,0.9468366327259436,0.9358216028103544,2.91304753141e-34,0.993443454826,376.9189617496942,78.09481040432259,0.17163175091299968,0.17163177171543192,455.0137721540168,455.65487343217956,-0.1406988744208415,1.5865410474802988,0.17163175091445426,0.1257265519148586,0.3545794014249257,0.17163173014813957,0.12572654014092238,0.35457938482224594,0.0075926419093376345,0.8277881869349222,0.8201955450255846,0.19999999999999993,0.19999996855669208,364.0110320303516,91.00274012366522,-5.981055331005791e-05,8.79563089029034e-10,0.940379090421388,0.9403790463894455,0.9557620203287509,99.28305549469414,10.072212171727951,85.59394308085163,11.68306966598565,69.23012664710792,14.444578515613257
-175.2137538196,0.0006647564139444463,0.011812355036121925,0.9429883845836768,0.931176029547555,9.55041554389e-34,0.99244220907,376.86143479172745,78.0828912457,0.17163175091291558,0.17163177447738173,454.9443260374274,455.5853294674576,-0.14069887429857264,1.5865410474800936,0.17163175091458,0.12465676730884886,0.35306765259486583,0.17163172739550522,0.12465675411140363,0.35306763390518203,0.008161784336685202,0.8255116172261632,0.8173498328894779,0.19999999999999998,0.19999996540552645,363.9554765685014,90.98884946892602,-5.981056624415615e-05,9.528156041938018e-10,0.9363697853572913,0.936369735790411,0.9524459530848176,97.9707384049809,10.207129355974715,83.68700434542326,11.949286604553778,68.5594243138993,14.585886769140599
-174.8032458179,0.0007217714141805547,0.012696704994940943,0.9387201081677911,0.9260234031728501,3.48811712972e-33,0.991240690468,376.7909145160743,78.06827996819793,0.17163175091296812,0.17163177881996494,454.8591944842722,455.5000779664204,-0.14069887430303574,1.5865410474802217,0.17163175091461302,0.12348599179391137,0.3514057367117267,0.17163172306788252,0.12348597634532227,0.3514057147305978,0.00879644793130035,0.8229729628478679,0.8141765149165676,0.2000000000000001,0.1999999604102254,363.8873735951907,90.97182088908146,-5.981055816173253e-05,9.72066871440802e-10,0.9319622226498617,0.9319621643537486,0.948748131491749,96.60948091823178,10.350950967704494,81.74184588563529,12.233636140283599,67.86239447150169,14.735701676720863
-174.3837943845,0.0007800285577083344,0.013582281214242648,0.9344459068245905,0.9208636256103478,1.20989538828e-32,0.989942154183,376.71286338106273,78.05210835241004,0.17163175091276506,0.17163178427655904,454.7649717334728,455.4057224583814,-0.14069887428064254,1.5865410474817467,0.17163175091431213,0.12232959292317355,0.34975647659932413,0.17163171762962348,0.12232957467037911,0.3497564505057471,0.009435562985388538,0.8204165026300073,0.8109809396446188,0.20000000000000012,0.19999995405736934,363.8119982798774,90.95297345359542,-5.981046203862306e-05,7.967404513919973e-10,0.9275882242784481,0.9275881550757225,0.9450243737896329,95.32001013006804,10.490976644205757,79.9188516738711,12.512692300444337,67.20081836416286,14.880771162353646
-174.0139464231,0.0008313963301249987,0.014348830961293612,0.9307461817021585,0.9163973507408649,3.32134692836e-32,0.988742159998,376.63901502165857,78.03680752071163,0.1716317509129036,0.1716317891216577,454.6758225423702,455.31644765866076,-0.14069887428508343,1.586541047482635,0.17163175091432692,0.12134109273913149,0.3483404839221699,0.1716317128008948,0.12134107205334499,0.3483404542302616,0.00999162894443029,0.8181922387939122,0.8082006098494819,0.2,0.1999999485823024,363.7406814122801,90.93514113009009,-5.9810406061178156e-05,8.053557820630886e-10,0.9238328738535939,0.9238327951077435,0.9417844956431387,94.12897708438348,10.623721100289165,78.26110411420704,12.777739482702572,66.58863087085643,15.017578630493599
-173.6825926043,0.0008774176938472225,0.015024512854244602,0.9274850279964171,0.9124605151421725,7.76380450295e-32,0.987625256047,376.5688508744397,78.02227003042712,0.17163175091304744,0.1716317932304669,454.5911209048668,455.2316266791025,-0.14069887430891992,1.5865410474778592,0.17163175091494895,0.12047899479878649,0.3471008424057575,0.1716317087071164,0.12047897210113875,0.3471008097097135,0.010484003515346887,0.8162227405133572,0.8057387369980104,0.1999999999999999,0.19999994408677813,363.67292214154764,90.91819876331915,-5.981070707594682e-05,1.1677769862217247e-09,0.9205452238745827,0.920545137161472,0.9389157107727678,93.03543339125767,10.748592912923085,76.78378481348398,13.023583070684872,66.02569520595945,15.14561863954051
-173.3557923776,0.0009228066142222206,0.01568074708870707,0.924317737775017,0.90863699068631,1.72945766241e-31,0.986486135744,376.4959457295281,78.00716462558597,0.1716317509128532,0.1716317972084485,454.503110355114,455.14349212496995,-0.14069887429701833,1.5865410474757988,0.17163175091500116,0.11964964805583704,0.3459041023981026,0.17163170474438472,0.11964962344687494,0.34590406682615765,0.010964258122560881,0.8143017220847589,0.8033374639621981,0.19999999999999993,0.19999993964196516,363.6025157170058,90.90059463810823,-5.981083693873401e-05,1.198197097096454e-09,0.9173713528732023,0.9173712585329223,0.9361175419921787,91.98673633217345,10.871132511853649,75.41044814743852,13.260761931090144,65.48502405196885,15.270667064371864
-173.0164000927,0.0009699444315694449,0.016351768831705527,0.9210790765142344,0.9047273076825288,3.86317327067e-31,0.985265107215,376.41633589347754,77.99067005866662,0.1716317509129254,0.17163180122319463,454.4070059521442,455.04725231373243,-0.14069887431094052,1.5865410474760582,0.17163175091502467,0.11880939130567356,0.3446873819937039,0.17163170074799494,0.11880936480378748,0.3446873435503362,0.011457464219177581,0.8123288976984107,0.8008714334792331,0.1999999999999999,0.19999993508614622,363.52563425902525,90.8813716931189,-5.981082059625109e-05,1.2118972492203284e-09,0.9141444919145918,0.9141443899590191,0.9332439122938884,90.93165117173965,10.997270885484445,74.06293533929292,13.502030339721976,64.94009615344015,15.398806888693308
-172.6584281503,0.0010196627569027763,0.017048212899026534,0.9177177125304863,0.9006694996314597,8.78126948795e-31,0.983937175199,376.32806615758375,77.97238122470038,0.1716317509128233,0.17163180587980165,454.3004473822841,454.9405436058156,-0.14069887428764805,1.5865410474765052,0.1716317509148968,0.11794530174215725,0.343431655125379,0.17163169611455067,0.11794527305619532,0.3434316133616638,0.011971660580112963,0.8102721122540294,0.7983004516739164,0.19999999999999996,0.1999999297740563,363.44038980950495,90.8600575727792,-5.9810792418790726e-05,1.1374012842679804e-09,0.9108141820164204,0.9108140712549632,0.9302479843357558,89.85617821353134,11.12889530671594,72.71886184249519,13.751590366828646,64.38351311472049,15.531926600808033
-172.2839620403,0.0010716719388472226,0.017764680855762115,0.9142596987936062,0.8964950179378441,2.01024838226e-30,0.982506351657,376.2310021443341,77.95227028192997,0.17163175091303126,0.17163181155423957,454.18327242626407,454.8232035537041,-0.14069887429666306,1.5865410474760595,0.17163175091515956,0.11706454368323109,0.3421469621131117,0.17163169046924376,0.11706451233910992,0.34214691630805316,0.012503109606819055,0.8081463161485232,0.7956432065417041,0.19999999999999993,0.19999992328726318,363.3466527826531,90.83661964361097,-5.981082050743325e-05,1.2905010393637895e-09,0.9074070510846975,0.9074069296052045,0.9271515349689249,88.77412180781562,11.26454398687119,71.3927987259527,14.00701496293183,63.82229284015162,15.668506340011715
-171.9032082027,0.0011245544162916666,0.018480949556612156,0.9108026428847552,0.892321693328143,4.51540736232e-30,0.981010323708,376.1273514083806,77.93079461893228,0.17163175091289856,0.17163181789678444,454.0581460273129,454.6979008552937,-0.14069887430258055,1.5865410474712243,0.17163175091554697,0.11619199523057347,0.3408694694902632,0.17163168416008373,0.11619196094056816,0.34086941919240593,0.013036923632133202,0.8060110600492025,0.7929741364170694,0.19999999999999998,0.19999991603426243,363.24655494717746,90.81159108013544,-5.981112527475574e-05,1.5162093802700838e-09,0.9040190162866619,0.9040188828918293,0.9240413061092444,87.7118079042991,11.400973527886729,70.11446313467287,14.262392597647686,63.27003931725408,15.805269141460682
-171.5293508349,0.0011764790507083351,0.019172658011167774,0.9074641221602306,0.8882914641490629,9.71593104014e-30,0.979503439747,376.02071389968506,77.90870011893476,0.1716317509130153,0.17163182476825453,453.92941401861987,454.56898746680963,-0.14069887427954342,1.5865410474657875,0.17163175091625188,0.11535662874621426,0.33964191252879006,0.17163167732415688,0.11535659129437068,0.3396418573944776,0.013554824617869197,0.8039394561097807,0.7903846314919115,0.2,0.19999990822867858,363.1435728725981,90.78584114602182,-5.981146795619452e-05,1.926925285999914e-09,0.9007634157237653,0.9007632695021827,0.9210237934271401,86.68842314980306,11.535565692225559,68.9058469109907,14.512556551140754,62.73675186825829,15.939620242053858
-171.1674501447,0.0012267430354583316,0.019831640984654827,0.9042835488865832,0.8844519079019284,1.98148117512e-29,0.978010991052,375.91289496294434,77.88636083564799,0.17163175091282198,0.17163183159156142,453.79925579859236,454.43864585774514,-0.1406988743102966,1.5865410474611064,0.17163175091654834,0.114567156130854,0.3384777040380267,0.17163167053604833,0.11456711558851145,0.3384776441487849,0.014050419998406023,0.8019570745891216,0.7879066545907155,0.19999999999999987,0.19999990049218616,363.03944979544576,90.75980600314661,-5.9811763009065544e-05,2.099653784171096e-09,0.8976758214720819,0.8976756626399639,0.9181362427402595,85.70747755573353,11.667593406301378,67.77146631321898,14.755472389785783,62.22436178798003,16.070875960244425
-170.8123372981,0.001276064264152777,0.020468374928315707,0.9012103600196225,0.8807419850913069,3.90189965584e-29,0.976515973003,375.80270639174825,77.86353058191149,0.17163175091302268,0.17163183823299846,453.66623697365975,454.3054396131264,-0.14069887431041872,1.5865410474558097,0.1716317509173089,0.11380999842624845,0.3373573749397639,0.17163166393214835,0.11380995492995719,0.33735731047356476,0.014531339591866376,0.8000333962190807,0.7855020566272143,0.20000000000000012,0.19999989294305073,362.93303814705104,90.73319882660863,-5.981209685312905e-05,2.542788202219981e-09,0.8947045996409119,0.8947044286702575,0.9153341994694653,84.7593971345553,11.7981018483709,66.69951284741558,14.992613248730006,61.72798387862231,16.200107911613177
-170.4561601864,0.0013255333074444428,0.021097403627839587,0.8981743582996132,0.8770769546717736,7.6468022306e-29,0.974987667362,375.6878167657865,77.83972630438434,0.17163175091295568,0.17163184516199817,453.52754307017085,454.1665502938986,-0.14069887430375738,1.5865410474462056,0.1716317509182879,0.11306723496453457,0.3362547173862912,0.1716316570435584,0.11306718842292099,0.33625464818039463,0.01500844649486301,0.7981249686119867,0.7831165221171237,0.20000000000000018,0.19999988507864125,362.8220865761382,90.70545649403269,-5.9812702202233226e-05,3.113198587811894e-09,0.8917802444668269,0.8917800609260336,0.9125543705655458,83.83002535437667,11.928900125851998,65.67142829566255,15.227322230572648,61.240270035509745,16.329124600857522
-170.0937413551,0.00137586925623611,0.02172781561717978,0.8951316769416279,0.8734038613244481,1.54867376164e-28,0.973404614508,375.5664197059275,77.81457373486504,0.17163175091288185,0.17163185266075445,453.38099344079257,454.01979418029595,-0.1406988742983617,1.5865410474420465,0.1716317509186817,0.11232783621368236,0.33515345174066513,0.17163164959036667,0.11232778640478,0.3351533774330493,0.015488622132226739,0.7962042660645017,0.7807156439322749,0.20000000000000007,0.19999987651855405,362.7048507367747,90.67614270401788,-5.981296435919603e-05,3.3426594825414213e-09,0.8888595807678515,0.8888593836968022,0.9097566618990804,82.91005431099455,12.061263357143789,64.67420017362485,15.46211622741978,60.756319387014656,16.459193217911228
-169.724116347,0.0014272060629166657,0.022361011486545814,0.8920755511474614,0.8697145396609156,3.46298704832e-28,0.97176277446,375.4379385493966,77.78795339318553,0.17163175091294267,0.17163186157866644,453.22589194258217,453.8644741485336,-0.1406988742948978,1.586541047441781,0.17163175091878302,0.11158999921658447,0.3340508931534003,0.17163164072299247,0.11158994552010404,0.3340508127816845,0.01597296762830299,0.7942668840807,0.778293916452397,0.20000000000000004,0.19999986632971917,362.58077413689796,90.64511780568417,-5.981298109025701e-05,3.4016789385304946e-09,0.8859354880617841,0.8859352749081514,0.9069346578503001,81.99931735377828,12.195223475893034,63.705331683802626,15.697273266913303,60.27598727226088,16.590354555008705
-169.3502207445,0.0014791360077083325,0.022991793157948668,0.8890310674772084,0.8660392743192598,9.63233031525e-28,0.970075710409,375.30317346888876,77.76003106907939,0.171631750912941,0.1716318721887363,453.06320453796815,453.7015575220236,-0.1406988742868709,1.5865410474413717,0.17163175091885374,0.11085958709195243,0.33295583354546054,0.1716316301687352,0.11085952877261859,0.332955745967266,0.016457517305403634,0.7923286853726583,0.7758711680672546,0.20000000000000018,0.199999854175047,362.450629698295,90.61257483967312,-5.9813006891840104e-05,3.4428904172045804e-09,0.8830312833789026,0.8830310511129867,0.9041114641553629,81.10395551563785,12.329854859017173,62.76951534364509,15.93130032190446,59.802512365266644,16.72170550113545
-168.9766427622,0.0015310218385833352,0.023612552354733092,0.8860349511299696,0.8624223987752364,3.64944146387e-27,0.968365483683,375.16370077334705,77.73113336207395,0.1716317509129093,0.17163188373382263,452.89483413542104,453.5329498904308,-0.14069887428552752,1.586541047441984,0.17163175091874455,0.11014509051259437,0.3318811391335675,0.1716316186830383,0.11014502720706722,0.33188104375975924,0.01693637278172124,0.7904132634668375,0.7734768906851163,0.20000000000000018,0.1999998409212106,362.31593935429873,90.57889478112226,-5.981296828938554e-05,3.3792524334330665e-09,0.8801810891784623,0.88018083623782,0.9013214473089429,80.24213091988605,12.462281204849889,61.883076671193926,16.15950682790618,59.34556449552312,16.850458977021567
-168.6146748798,0.0015812951555833343,0.024205259232250594,0.8831742234694916,0.858968964237241,1.61094515924e-26,0.966686631264,375.02396377232196,77.70218089293,0.17163175091286897,0.1716318959317161,452.7261446652519,453.3640227413411,-0.14069887421417349,1.5865410474404031,0.17163175091899846,0.10946671983719368,0.33085755218400814,0.171631606544102,0.10946665131062679,0.3308574486249732,0.01739544488065109,0.7885769750723914,0.7711815301917404,0.19999999999999987,0.19999982681104103,362.18099413937125,90.5451505258807,-5.9813067931902e-05,3.527200753694615e-09,0.8774664369433757,0.8774661622947154,0.8986466968840753,79.41738171014251,12.591701948193144,61.04809994467194,16.380526190107517,58.90711106975274,16.975879173838383
-168.2649399828,0.0016298694468333333,0.024769961294222972,0.8804486604170547,0.8556786991228318,6.58505416533e-26,0.96504553634,374.88464878988685,77.67331586305905,0.1716317509131113,0.17163190789031713,452.5579646529459,453.1956057686413,-0.1406988743004156,1.5865410474345287,0.171631750919664,0.10882374814491237,0.32988444665505584,0.17163159464372865,0.10882367457750193,0.32988433515021887,0.017834519798111338,0.786820675405876,0.7689861556077646,0.19999999999999987,0.19999981307607737,362.0464563162667,90.5115083366792,-5.981343820238294e-05,3.9149794517356895e-09,0.8748856663500395,0.8748853706283388,0.8960884585950663,78.6242541580646,12.718721604527024,60.25979423997105,16.59481272069608,58.48432321222042,17.098599164280795
-167.9174773889,0.001678128140430554,0.025323393079978784,0.8777774964438656,0.8524541033638868,2.32726313927e-25,0.963397811588,374.7420524116574,77.64377095213489,0.1716317509129736,0.17163191917833115,452.3858233637924,453.0232219373513,-0.14069887429459804,1.5865410474391324,0.17163175091911764,0.10819663900704186,0.32893257516859264,0.17163158341327173,0.10819656078077503,0.32893245625929807,0.018266449047365758,0.7850929584061273,0.7668265093587615,0.2000000000000001,0.19999980010815588,361.90874911927034,90.47707424452199,-5.9813148034493224e-05,3.596634101654672e-09,0.8723612105044909,0.8723608951454478,0.8935718540186804,77.85166196123824,12.84494094034746,59.50641936212011,16.804909633607835,58.071261689986244,17.220221687941027
-167.5646678002,0.0017271294721944446,0.025877753691474242,0.8751018456180041,0.8492240919265298,7.20814116023e-25,0.961708283722,374.5929908197323,77.61288649699713,0.17163175091295044,0.17163193115094727,452.2058773167294,452.8430223519356,-0.14069887439074336,1.5865410474374613,0.17163175091908658,0.1075713547276712,0.327980723103769,0.1716315715062843,0.10757127160709463,0.32798059638810134,0.01870072000623918,0.7833558745704733,0.7646551545642342,0.2000000000000001,0.19999978638082516,361.76479845322996,90.44107886349951,-5.981325336135157e-05,3.578537466353282e-09,0.869836806167021,0.8698364701047167,0.8910416056433332,77.08422425622256,12.972823034140815,58.77116826967634,17.01514585198337,57.659618258099755,17.343160260335658
-167.2012602299,0.001777602745847224,0.026440957994224197,0.8723835060666147,0.8459425480723906,2.03866271913e-24,0.959951939752,374.43495108138774,77.58014183657998,0.17163175091292654,0.1716319440411705,452.0150929179677,452.65196914303175,-0.14069887429625227,1.5865410474380708,0.17163175091916769,0.10693891949234301,0.3270151670677417,0.17163155869163033,0.1069388311511793,0.3270150319957468,0.01914358358631012,0.7815844202506016,0.7624408366642915,0.19999999999999998,0.1999997716530913,361.6121775506233,90.4029153673444,-5.981321494763492e-05,3.6257885582813287e-09,0.8672760575638551,0.8672756993397575,0.8884612929818774,76.31250332500743,13.104012533058949,58.043936670464426,17.228328355420604,57.24426724232654,17.46899817525479
-166.8242243542,0.0018299688396944448,0.02701711550620558,0.8696026401432015,0.842585524636996,5.53463672849e-24,0.958113872106,374.26615602829133,77.54516875478672,0.1716317509128781,0.1716319584274677,451.811324783078,452.44791390476934,-0.1406988743073989,1.586541047433405,0.17163175091961166,0.10629475990749926,0.3260287715946236,0.17163154439349912,0.10629466577449719,0.32602862723156256,0.019598374693384626,0.7797652558245195,0.7601668811311348,0.2,0.19999975511722873,361.44917046727176,90.3621543158063,-5.981350903461191e-05,3.88447052301899e-09,0.8646600407448326,0.8646596578799232,0.8858114854479437,75.53871713405978,13.238244412137472,57.325529623290336,17.444234821229074,56.826360474630484,17.59746694399757
-166.4379523392,0.0018836177306666673,0.02759900526323494,0.866794099472125,0.8391950942088902,1.27657413876e-23,0.956215521388,374.08812489262715,77.50828202538504,0.17163175091305974,0.17163197428016277,451.59640691801224,452.2326932264813,-0.14069887427408112,1.5865410474311799,0.17163175092005575,0.1056469733012061,0.32503380332083326,0.17163152863995668,0.10564687282971623,0.32503364876534896,0.020059478627645847,0.7779208400896963,0.7578613614620504,0.2,0.19999973683423405,361.2772443791241,90.31916253888812,-5.981364927798438e-05,4.143219101138129e-09,0.8620212880238761,0.8620208781276681,0.8831248966823791,74.79521777658064,13.369838737378648,56.64218688237632,17.654685580495137,56.42346531688439,17.723122718248852
-166.070509655,0.0019346514368055565,0.028144958790373157,0.8641590030927377,0.8360140443023646,1.78632362545e-23,0.954396841106,373.91397914377836,77.47220031905596,0.1716317509128229,0.17163199000757148,451.38617946283426,452.0221695668933,-0.14069887427609062,1.586541047432997,0.17163175091966384,0.10504166556532764,0.32410131990679647,0.17163151300169804,0.10504155888197841,0.3241011553234243,0.02049372136467739,0.7761838691396061,0.7556901477749287,0.1999999999999999,0.19999971863554417,361.1090705742942,90.27710888854011,-5.981353474737716e-05,3.9148906338937195e-09,0.8595482512338058,0.8595478147426631,0.8805948127374534,74.08997262791695,13.497103110322948,55.999855419160006,17.85718896084607,56.040011151802666,17.844393308401983
-165.7267163578,0.0019824005058611113,0.028649273877352662,0.861724877050154,0.8330756031728014,2.40797136733e-23,0.952684935246,373.74680876237704,77.43756385726691,0.17163175091294236,0.17163200479678253,451.18437261964397,451.8200783837188,-0.1406988742839621,1.586541047433225,0.17163175091969382,0.1044845750192245,0.32324073848948015,0.17163149829275556,0.1044844625887857,0.3232405645781261,0.0208962323841364,0.7745738250619237,0.7536775926777873,0.20000000000000012,0.19999970167429565,360.947632695611,90.23673992403305,-5.981352036998899e-05,3.932343339840827e-09,0.8572659055386039,0.8572654443087452,0.8782496113554991,73.41849261245724,13.620546600957121,55.397634160656175,18.051312391788162,55.67363580041169,17.961823143452854
-165.3864881981,0.002029654416930554,0.029142263917437204,0.8593454196256526,0.8302031557082153,3.13571464142e-23,0.950981843116,373.577341922096,77.40245158616412,0.1716317509129074,0.1716320180289943,450.9797935082601,451.6152110263454,-0.1406988743008042,1.5865410474327153,0.1716317509197213,0.10394180816642615,0.32240007469978377,0.1716314851450591,0.10394169073907017,0.3223998925853887,0.0212910044458528,0.7729947368151939,0.7517037323693412,0.2,0.19999968654950626,360.7839761664471,90.19581734181308,-5.9813552499843325e-05,3.948352755855922e-09,0.8550363833308051,0.855035900345683,0.8759495004518385,72.76891259574776,13.742131967194393,54.82518005848472,18.239794177296833,55.317965796695304,18.077309705769043
-165.0382146351,0.0020780257451250015,0.02964074239006113,0.8569394743765094,0.8272987319864483,3.93222316484e-23,0.949230150955,373.3997141344644,77.36564842738063,0.17163175091290664,0.17163203097740873,450.765362561845,451.4004779529273,-0.14069887430392392,1.5865410474365964,0.17163175091930422,0.10339474214466765,0.32155052813619767,0.17163147228892248,0.10339461992742345,0.3215503380925348,0.02169148696157942,0.7713928067502012,0.7497013197886218,0.2000000000000001,0.19999967170503197,360.61243803347634,90.15292452836871,-5.981330787330208e-05,3.7053471402259675e-09,0.8527833031419243,0.8527827991276121,0.8736161179977551,72.12432069281957,13.864948610872066,54.26488745422798,18.42812262060789,54.963770283216355,18.193802842258044
-164.679918522,0.0021277890941666655,0.030147200876829906,0.8544950104289686,0.8243478095521387,4.71512389103e-23,0.947420223152,373.2125880696841,77.32687729606995,0.17163175091286387,0.1716320445799343,450.53946536575404,451.1742624740793,-0.14069887427625716,1.5865410474375636,0.17163175091919058,0.10284064674758155,0.3206877714344305,0.17163145879144753,0.10284051954748447,0.32068757311047225,0.02209973710695528,0.7697598061681314,0.7476600690611762,0.20000000000000018,0.19999965616115659,360.4317272055719,90.10773816018212,-5.98132469109558e-05,3.639133439037323e-09,0.8504951883805976,0.850494662406136,0.8712374780123354,71.48240686260944,13.989456201747924,53.71288997385821,18.617505043699843,54.609756619588445,18.311746140273062
-164.3164422974,0.0021782719031388903,0.03065456043108389,0.8520461947658996,0.8213916343348157,5.45463005374e-23,0.945577026593,373.01820948235536,77.2866034960369,0.17163175091300983,0.1716320586694396,450.3048129783923,450.9392794684199,-0.14069887430864236,1.5865410474336115,0.1716317509196993,0.10228725589647239,0.31982378882202056,0.17163144481726642,0.10228712358815156,0.31982358197630073,0.022510079980888536,0.768118434674943,0.7456083546940545,0.20000000000000012,0.19999964002111414,360.24401248293873,90.06080049545358,-5.981349601169583e-05,3.935540782151747e-09,0.8482038223849054,0.8482032738099027,0.8688466448987556,70.85005417199346,14.11431524910948,53.17403154241672,18.80617231744604,54.25975995568376,18.42986406163135
-163.9551438497,0.002228452243097223,0.031152647239296602,0.8496421324103761,0.8184894851710796,6.27262636186e-23,0.943738763781,372.8204553853671,77.24563031527849,0.1716317509128142,0.17163207292241459,450.06608570064554,450.7002158307214,-0.1406988742854387,1.5865410474323849,0.1716317509196968,0.1017455756006489,0.31897582290927456,0.17163143068293657,0.10174543818438714,0.31897560750688625,0.022914248293018302,0.7665017614264097,0.7435875131333913,0.19999999999999987,0.1999996237257263,360.05303790880595,90.01304779183961,-5.981357332762727e-05,3.934075287759242e-09,0.8459549342359268,0.8459543629678064,0.8664917874205631,70.23444594696149,14.238027886703398,52.65403302526319,18.991897534614377,53.91782946100308,18.546740660680076
-163.5999703394,0.002277781897305557,0.031636388868573985,0.8473073074104981,0.8156709185419241,7.28913528259e-23,0.941926623042,372.6216402628167,77.20443729804673,0.17163175091288618,0.17163208693764467,449.8260775608634,450.459869526398,-0.14069887428617145,1.5865410474360606,0.1716317509193199,0.10122096347535336,0.3181524217656584,0.1716314167866463,0.10122082111084435,0.31815219802925193,0.023308029302563277,0.7649266373863496,0.7416186080837863,0.2000000000000001,0.1999996077222496,359.86103850545254,89.9650390554109,-5.981334164628649e-05,3.7144731734883862e-09,0.8437711942460289,0.843770600875281,0.8641974508084479,69.63849083151749,14.359874662123103,52.15538460482986,19.17347571256132,53.585630955768565,18.66171923636459
-163.2496854228,0.002326432580166665,0.032107872502597584,0.845031647500617,0.8129237749980194,8.56971254544e-23,0.940135344363,372.42127442968086,77.16292298513521,0.1716317509130322,0.17163210048045896,449.584197414816,450.21764857824024,-0.140698874294376,1.5865410474378923,0.17163175091927182,0.10071099062365994,0.31734994977730807,0.17163140336433966,0.1007108435656394,0.3173497180802898,0.023693019280637464,0.7633866774738121,0.7396936581931746,0.1999999999999999,0.19999959224527913,359.66754125193177,89.91665616288428,-5.981322619419416e-05,3.6864733488073398e-09,0.8416429604133219,0.8416423459302564,0.861954334508145,69.05983651465702,14.480196456702638,51.67605561636869,19.351322156314968,53.261924839702466,18.775138206319212
-162.9002893899,0.0023749598069583338,0.032572735876406265,0.8427879403941227,0.8102152045177164,1.03799000979e-22,0.938345341396,372.21717438354335,77.12063497088283,0.1716317509129352,0.1716321139262341,449.3378093544262,449.97091336421636,-0.14069887430206984,1.58654104743639,0.17163175091935262,0.10020943463369901,0.31655873804666806,0.17163139004406364,0.10020928298479446,0.3165584985193013,0.024073752105518646,0.7618637461746907,0.737789994069172,0.19999999999999998,0.19999957691308556,359.4704375924882,89.86737176193795,-5.981332088511593e-05,3.7335468050514464e-09,0.8395445898802341,0.8395439546303223,0.8597360222041842,68.4921580576475,14.600211591498319,51.210509448158305,19.527241786421307,52.94324346598335,18.88815143413931
-162.5467164517,0.00242406715948611,0.03303775478905595,0.8405434794407547,0.8075057246516988,1.34186490684e-22,0.93653136924,372.0063194331622,77.07694739070028,0.17163175091297952,0.17163212792419838,449.0832668238625,449.7160121905641,-0.14069887430057104,1.5865410474325625,0.17163175091979066,0.09970891616574229,0.31576718665140346,0.17163137618328092,0.09970875977222558,0.31576693901076086,0.02445575506854769,0.7603357343247662,0.7358799792562185,0.20000000000000015,0.19999956095551144,359.2668106266232,89.8164561972393,-5.981356213657918e-05,3.988764873952277e-09,0.8374453185234959,0.8374446617563869,0.8575103095341291,67.92937839970138,14.721171068516595,50.753300780314234,19.70315200440858,52.62615388240261,19.00195865034296
-162.1853210198,0.0024742609694722224,0.03350756591158117,0.8382758826690242,0.804768316757443,1.86276033125e-22,0.934675362908,371.7863123029758,77.03136354679427,0.17163175091298877,0.17163214306056476,448.81767584977007,449.4500470063676,-0.1406988742819082,1.586541047427923,0.17163175092027902,0.09920442485620418,0.3149673393483905,0.1716313611959593,0.09920426333958758,0.3149670829461193,0.024842854988148717,0.7587873346488007,0.7339444796606519,0.19999999999999993,0.19999954368933032,359.0543454801103,89.76333036965978,-5.9813854569323865e-05,4.273315035163705e-09,0.8353240456118133,0.8353233656080123,0.85525489981504,67.36809615753616,14.843821586727957,50.30104837252565,19.880301352649308,52.3087192119819,19.11727174866363
-161.8155932814,0.0025256120442500004,0.03398259132897056,0.8359831134279622,0.8020005220989916,2.74259421301e-22,0.932775370395,371.5565367244437,76.98375575291382,0.17163175091299068,0.17163215925150047,448.5402924773575,449.1722728088498,-0.14069887429610795,1.586541047422547,0.17163175092087826,0.09869551203103805,0.31415841868560207,0.17163134516995268,0.09869534505749245,0.314158152938122,0.025235434746124913,0.7572170156198949,0.73198158087377,0.19999999999999996,0.19999952522876294,358.8324469359155,89.70784554144197,-5.981419340939098e-05,4.622457971947824e-09,0.8331787092667264,0.8331780044785217,0.8529675622141114,66.80923229024567,14.967991185044685,49.85383165823349,20.05863875931084,51.991441094201335,19.233935027654603
-161.440437846,0.002577716965833332,0.034458927253767695,0.8336840126951902,0.7992250854414226,4.16587704008e-22,0.930847055645,371.3185316872779,76.93444287624676,0.1716317509128853,0.17163217655807148,448.2529745635247,448.88455007205323,-0.1406988742266191,1.5865410474231214,0.1716317509208522,0.09818635583089423,0.31334702141698145,0.17163132804157985,0.09818618304431519,0.31334674570564025,0.02563028733925847,0.7556376052472258,0.7300073179079674,0.19999999999999996,0.19999950547769313,358.6026013219148,89.65037324160988,-5.981415720501815e-05,4.607270120970952e-09,0.8310268047218782,0.831026073508544,0.85066698209965,66.26151446771998,15.091716632694245,49.41775997439835,20.23563999092767,51.67926479087333,19.35012047958937
-161.0695164644,0.002629233824388888,0.03492443436215185,0.8314371732299042,0.7965127388677523,6.32356331672e-22,0.928940842121,371.0784019160395,76.8846897704767,0.17163175091281951,0.17163219442154082,447.96309168651624,448.594258758673,-0.14069887427968775,1.5865410474207886,0.1716317509209408,0.09768987910015758,0.31255380192881604,0.1716313103583895,0.09768970035058495,0.3125535159786,0.026017305913724528,0.7540895309498046,0.72807222503608,0.19999999999999973,0.19999948501010728,358.37070404567754,89.59238764083872,-5.981430424295553e-05,4.658895491616022e-09,0.8289231094203804,0.8289223510525533,0.8484120463297891,65.7408850633014,15.211234211968815,49.004365456211325,20.406345244763283,51.38138960876349,19.462299630554217
-160.719617598,0.0026778308891666647,0.035358740271469194,0.8293409357019388,0.7939821954304696,9.14113579767e-22,0.927143613419,370.8474957183283,76.83684772078381,0.17163175091298255,0.17163221027798078,447.68434343911207,448.31511776311606,-0.14069887429879468,1.586541047421546,0.171631750920975,0.09722765859891547,0.3118134997060189,0.17163129466693447,0.09722747470876444,0.31181320483386277,0.02637938943345416,0.7526411968710568,0.7262618074376026,0.20000000000000004,0.19999946696894172,358.14771338094897,89.53663005816306,-5.981425650336547e-05,4.678812892677797e-09,0.8269597558580661,0.8269589738283855,0.8463023928550124,65.23909249905044,15.328232838532434,48.60801329433929,20.57273960045712,51.09314983530301,19.572095343964214
-160.3762355886,0.0027255228349166672,0.035780478291285694,0.8273053601126732,0.7915248818213875,1.20083376247e-21,0.925381326907,370.6167487353231,76.78903865907105,0.17163175091291452,0.17163222545550738,447.40578739439417,448.03616924097685,-0.1406988743008486,1.5865410474190313,0.1716317509211553,0.09677968698539452,0.3110943377584917,0.17163127964942812,0.09677949827365304,0.31109403445526407,0.026731927280729303,0.7512310454828596,0.7244991182021303,0.20000000000000015,0.19999944977429218,357.92487608968145,89.48091130471279,-5.9814414998804466e-05,4.7838621952678295e-09,0.8250524683637459,0.825051663974043,0.8442483565521767,64.75300702945123,15.44329824783544,48.227596595263456,20.73501626863596,50.81275263856136,19.680098952976394
-160.0264383812,0.0027741057803888896,0.03620560250362076,0.8252534390911951,0.7890478365875744,1.59199387331e-21,0.92358817797,370.3774712647949,76.73946214371217,0.17163175091290805,0.17163224102886973,447.11693340850707,447.74690826811974,-0.14069887429248862,1.5865410474221093,0.17163175092087807,0.09632896103585868,0.3103690722927442,0.171631264251188,0.09632876742965414,0.3103687603958461,0.027088227628469495,0.7498058440905139,0.7227176164620444,0.19999999999999993,0.1999994321095573,357.693800640239,89.42313276826818,-5.981422099843314e-05,4.622346949645362e-09,0.8231289937449359,0.8231281665639824,0.8421723983094741,64.27048820200646,15.559240764702656,47.85268335503787,20.8974696900612,50.53318512716695,19.78897624369998
-159.6651295784,0.002824287558555554,0.036640049587620495,0.8231565156176444,0.7865164660300239,2.10233836805e-21,0.921738784171,370.12584664073404,76.68732738987681,0.1716317509130181,0.17163225770303153,446.81317403061087,447.44272090200735,-0.1406988742888471,1.586541047421537,0.1716317509210359,0.09586920484668025,0.30962752598352794,0.17163124777427338,0.09586900601799667,0.3096272049061527,0.027453305580583058,0.7483455322828501,0.720892226702267,0.1999999999999999,0.1999994131790689,357.4508014238115,89.36237260679935,-5.981425708068144e-05,4.71431782500531e-09,0.8211623407443279,0.8211614892158553,0.8400452979914179,63.78666498926254,15.677257937349976,47.47843847641673,21.062192272745353,50.251644300795014,19.899846341628653
-159.294146641,0.002875812966527778,0.03708130696090367,0.821026715677763,0.7839454087168594,2.66300800248e-21,0.919843394661,369.86275377361716,76.63281650110171,0.17163175091289537,0.17163227561465744,446.49557027471883,447.12466965157006,-0.14069887428521666,1.5865410474192978,0.17163175092117444,0.09540311352803268,0.30887394439808724,0.17163123007910308,0.09540290909984117,0.3088736134729562,0.02782509817249362,0.7468583619158967,0.7190332637434032,0.2000000000000003,0.1999993928042045,357.1967273300081,89.2988429447108,-5.9814398212232334e-05,4.795031038895559e-09,0.8191637690195542,0.8191628913738747,0.8378790753094542,63.30492945163251,15.79655816162057,47.10671906845067,21.22839416064834,49.97016115583276,20.01194266477316
-158.9205917255,0.002927695593680555,0.037520812057484386,0.8189053694952929,0.7813845574378085,3.41617398083e-21,0.917939054885,369.5929917817631,76.57692381923705,0.1716317509128475,0.17163229413471323,446.1699156010001,446.79855613996153,-0.1406988743187676,1.5865410474160229,0.171631750921447,0.09493974113054843,0.30812293184790457,0.1716312117867955,0.09493953095655792,0.308122590792298,0.02819639963997771,0.7453731560473281,0.7171767564073505,0.19999999999999987,0.19999937170956825,356.93621280508904,89.23370279591113,-5.981460462489707e-05,4.9538151358774485e-09,0.817172010626377,0.8171711061136901,0.8357157141292791,62.83212709856711,15.915424897700225,46.742401757058026,21.39385145841381,49.69278314273807,20.123646468494016
-158.5519440608,0.0029788966582222224,0.037949929763011,0.8168341576985846,0.7788842279355735,4.41224451615e-21,0.916064398559,369.322005337307,76.52077743998278,0.17163175091298252,0.17163231258997014,445.84278277728976,446.4709623951107,-0.1406988742226445,1.586541047415245,0.17163175092179367,0.09448815245752734,0.307389252345503,0.1716311935620994,0.0944879366285875,0.3073889012774981,0.028559866448475385,0.7439192888150672,0.7153594223665918,0.20000000000000018,0.1999993507032328,356.67451570610933,89.16826707118042,-5.981465365234584e-05,5.1558091129777495e-09,0.815226221163265,0.8152252900967232,0.833598001024225,62.37288666431957,16.032607331160293,46.38913457462975,21.55677205814701,49.422250480466346,20.23380138051868
-158.1900817261,0.003029155315819444,0.03836679205616757,0.8148220990909193,0.7764553070347517,5.72847762812e-21,0.914229260686,369.05139829948155,76.46470967083603,0.17163175091287716,0.17163233047167392,445.5161079703176,446.14382731315885,-0.1406988743118176,1.5865410474111452,0.17163175092201932,0.09405024201920516,0.30667611908853476,0.17163117590813748,0.09405002080867374,0.3066757584300946,0.028913836996920173,0.7425034066224158,0.7135895696254956,0.20000000000000012,0.19999933034141903,356.41318471993867,89.10292325037885,-5.981491206785705e-05,5.2872817235538605e-09,0.8133349223431924,0.8133339658418824,0.8315356171917674,61.92718952925055,16.14799585774294,46.04725414987139,21.716821523065626,49.15864450808084,20.342302152688873
-157.8308638119,0.0030790466927916663,0.03877642162748686,0.8128449506017381,0.7740685289742513,7.50159774644e-21,0.912412927162,368.77825156731,76.40811569596993,0.17163175091294458,0.17163234802989424,445.18636726328,445.81362201086137,-0.14069887428566075,1.586541047411797,0.1716317509220076,0.09362066955002527,0.30597494921974455,0.1716311585819444,0.0936204431443914,0.3059745792453867,0.029262512598561528,0.7411087042157943,0.7118461916172328,0.19999999999999987,0.19999931038777904,356.14940081658347,89.03696644669651,-5.981487098960514e-05,5.280464954182662e-09,0.8114753515931881,0.8114743703851576,0.8295040839830349,61.49117656211425,16.2624957905931,45.71394643457375,21.875162351848356,48.89974787507263,20.45000318927544
-157.468595927,0.003129361676805556,0.039185381609035626,0.8108710308164415,0.7716856492074059,9.95976186383e-21,0.910587083775,368.49822590369683,76.35009645754025,0.17163175091293364,0.17163236611858426,444.8483223612371,445.4751008135425,-0.14069887433905137,1.5865410474110864,0.17163175092200425,0.09319252108571993,0.30527450120460425,0.17163114073688623,0.09319228936825212,0.30527412168123935,0.0296114535847824,0.7397129402708922,0.7101014866861097,0.20000000000000012,0.1999992898414898,355.8789738018116,88.96934855942553,-5.9814915776001953e-05,5.278510961659322e-09,0.8096176952693348,0.8096166887364082,0.8274710045302616,61.060220798164,16.37727454844167,45.38544175802764,22.033497114151654,48.642775371445595,20.55803749608873
-157.0999004258,0.003180569385305555,0.039597403709262714,0.8088823255085756,0.769284921799313,1.34609376165e-20,0.908735402858,368.20852855072684,76.29007331681849,0.17163175091280022,0.1716323853282623,444.49860186754535,445.1248875735529,-0.14069887429156713,1.586541047412045,0.17163175092184924,0.09276188960970849,0.3045683660686193,0.17163112178849535,0.09276165225991852,0.30456797641892447,0.029963847946226228,0.7383033628243437,0.7083395148781175,0.19999999999999976,0.19999926801367635,355.59920686093375,88.89939500661161,-5.981485535766495e-05,5.188183216375819e-09,0.8077449561473679,0.8077439227584284,0.8254178042353046,60.631957413735485,16.492952605443367,45.059506431843026,22.19287513751619,48.38632375952571,20.666996835095002
-156.7249564732,0.0032326449342777786,0.040012161272730454,0.8068804092907242,0.7668682480179938,1.86122799726e-20,0.906859577393,367.90905390618155,76.22802439399312,0.17163175091288735,0.17163240599632462,444.13707830017466,444.76285462994184,-0.14069887429961625,1.5865410474110808,0.17163175092199248,0.09232912948150332,0.3038570872655488,0.17163110139955629,0.09232888606370654,0.30385668671876637,0.03031942908757881,0.7368810382596507,0.7065616091720719,0.19999999999999976,0.19999924449856032,355.30999818634183,88.82708011383286,-5.981491613127332e-05,5.271649783367138e-09,0.8058585755195605,0.8058575132304842,0.8233460363991221,60.2094499643062,16.60868851306277,44.73792953694448,22.352397850110663,48.13231966262716,20.776060805073985
-156.3501268799,0.003284704600013891,0.04042261370656946,0.8048992670031332,0.7644766532965638,2.60310646747e-20,0.904992034005,367.6047625343229,76.1649774809997,0.17163175091291683,0.17163242743858023,443.76974001532255,444.3949987760128,-0.14069887429255523,1.5865410474072654,0.17163175092252878,0.09190158675693866,0.3031527449272704,0.17163108024390533,0.09190133707048731,0.3031523331107437,0.030672149067061845,0.735470158344396,0.7047980092773342,0.2,0.19999922000915496,355.0161381485926,88.75360186673001,-5.9815156616682685e-05,5.584110951417642e-09,0.8039905910716378,0.8039894988941025,0.8212909389181994,59.80575021086919,16.720800198544428,44.42979519291187,22.50741862882896,47.88882401952221,20.881698819589786
-155.9949068778,0.0033340407114166677,0.04080784997317653,0.8030398416466497,0.7622319916734731,3.18061898039e-20,0.903229614152,367.31185994606665,76.10429023946527,0.1716317509130466,0.17163244663641858,443.416150185532,444.0409107482635,-0.14069887427236027,1.5865410474054091,0.17163175092276706,0.09150098160781037,0.3024912917883924,0.17163106130603395,0.0915007264822977,0.3024908700808963,0.031003939553474722,0.7341429963999365,0.7031390568464618,0.19999999999999987,0.19999919815984005,354.73327569730236,88.6828744882296,-5.981527361198502e-05,5.7229554428772644e-09,0.8022363529557326,0.8022352345463837,0.8193577856152143,59.41642617687065,16.83036265128439,44.13226973906558,22.65915634778256,47.65317668780518,20.98495986010326
-155.6496517388,0.003381992814055555,0.04117884212004855,0.8012491720564824,0.7600703299364339,3.86003295508e-20,0.901523904332,367.02294756708926,76.04442973953712,0.17163175091293237,0.17163246452998465,443.0673773066264,443.69164645865305,-0.14069887432168748,1.586541047404867,0.17163175092271427,0.09111579735004147,0.30185393379918285,0.1716310436640088,0.09111553729064203,0.3018535030286083,0.03132413830466185,0.7328622013949235,0.7015380630902617,0.2000000000000002,0.19999917790565558,354.45426608848624,88.61311121814019,-5.981530779575195e-05,5.692180060634655e-09,0.8005460175223795,0.8005448750768642,0.8174921707185718,59.04172001443015,16.9371759453416,43.84672046208392,22.80672281669826,47.42535276663902,21.085768300356047
-155.3036347306,0.0034300507318611095,0.041547300785154055,0.7994707299601105,0.7579234291749565,4.6830273597e-20,0.899821954371,366.729216120479,75.98357076466434,0.17163175091298502,0.17163248246004237,442.7127868851434,443.336556429392,-0.14069887429820627,1.5865410474043322,0.1716317509228823,0.09073382779259641,0.3012205633627897,0.1716310259924256,0.090733562851908,0.3012201235839133,0.03164280586355439,0.7315875311601937,0.6999447252966393,0.19999999999999976,0.19999915761514964,354.17060244265946,88.54218444248394,-5.9815341491020746e-05,5.790101731406594e-09,0.7988662574672786,0.7988650911308699,0.8156354772045254,58.67259995975142,17.043730816189942,43.56603688304121,22.953660042216654,47.19988884434537,21.186490571996377
-154.9496297926,0.00347921808436111,0.041920846969591107,0.7976677297632666,0.7557468827936755,5.70682729745e-20,0.898088831543,366.4243701603971,75.92040894507146,0.17163175091294502,0.17163250102206645,442.34477910546855,442.9680301372716,-0.1406988742754134,1.5865410474028332,0.17163175092301652,0.09034717565495956,0.3005780691516924,0.1716310077104698,0.0903469057017028,0.30057762009454864,0.03196653789891725,0.7302926030194117,0.6983260651204944,0.20000000000000034,0.19999913659799315,353.87620520574484,88.4685738997237,-5.981543597100014e-05,5.86830584126119e-09,0.7971623002734747,0.7971611093301978,0.813749275883925,58.301940495103565,17.152087760852215,43.284420111182904,23.10300097428454,46.972448177802875,21.289075592030912
-154.5829668643,0.0035301434910694437,0.042304168791962846,0.7958175386094426,0.7535133698174797,7.00573988081e-20,0.896302718438,366.10400149968126,75.85403093712344,0.17163175091284208,0.17163252125775869,441.9580324368047,442.5807385538088,-0.1406988742978177,1.5865410474007708,0.17163175092314897,0.0899510233351563,0.2999183611170818,0.1716309877899727,0.089950747893238,0.2999179019219059,0.03229943335007607,0.7289610212154407,0.6966615878653646,0.19999999999999993,0.19999911364557524,353.5668176809013,88.39121475590332,-5.9815565967014095e-05,5.945466341472638e-09,0.7954126903439702,0.7954114725136453,0.8118096845830426,57.92562602005649,17.26351649015851,42.998433638718176,23.256661124035563,46.74048161834284,21.394730336016902
-154.2009190597,0.003583205686152778,0.0426997717917161,0.793908060707558,0.7512082889158419,8.67438593898e-20,0.894451718122,365.76518492165303,75.78383065779032,0.17163175091295232,0.17163254368823355,441.54901557944333,442.1711454034081,-0.1406988742780002,1.586541047399156,0.1716317509234233,0.08954283807816255,0.29923709341952,0.17163096571866454,0.08954255650959198,0.2992366229417649,0.03264372393208152,0.7275838588887914,0.6949401349567099,0.20000000000000004,0.19999908815382514,353.23961508833554,88.3094004911078,-5.981566775226099e-05,6.105316252558168e-09,0.7936059020895141,0.7936046543366907,0.8098037003761602,57.54246218909375,17.37847081888571,42.706845572356556,23.415449832410093,46.50332177735921,21.503840194204447
-153.8037071749,0.0036383740034861096,0.04310704740674491,0.791942231497678,0.7488351840909331,1.08307135927e-19,0.892538472087,365.40750179413135,75.70972136937026,0.17163175091285926,0.17163256861990978,441.11722316350154,441.7387446045541,-0.14069887431062966,1.5865410473920596,0.17163175092408817,0.08912331472888456,0.29853528221783865,0.17163094119742486,0.08912302630755331,0.29853479915673703,0.03299894200377526,0.7261629866053391,0.6931640446015638,0.20000000000000004,0.19999905983447833,352.8941932540055,88.22302990949608,-5.9816115038913154e-05,6.4926730658498855e-09,0.7917446304622496,0.7917433493371663,0.8077340479421569,57.155072036596096,17.49625998825975,42.41125587447076,23.578646266920497,46.26253421253487,21.615763533530103
-153.3962080163,0.0036949711088472234,0.04352070242827388,0.7899455965879294,0.7464248941596555,1.36480199449e-19,0.890587892101,365.03481286504444,75.63250299032904,0.17163175091286223,0.17163259633520736,440.66731585537343,441.2882033898813,-0.14069887428177497,1.5865410473856765,0.17163175092479005,0.08869796305627087,0.297822032523235,0.1716309139378435,0.08869766695804199,0.2978215354168365,0.03336051401445494,0.7247166985661306,0.6913561845516757,0.2000000000000001,0.19999902837091615,352.53428084947916,88.13303500589431,-5.981651736153282e-05,6.901634819200808e-09,0.7898530228382329,0.7898517044636548,0.8056273747418059,56.78024370011188,17.611759563441776,42.12352103899241,23.73970587772878,46.02854970777584,21.72564650306731
-153.0063120113,0.0037491233317638894,0.04391266422785211,0.7880536675802015,0.7441410033523493,1.72323802769e-19,0.888733332644,364.67277720923687,75.5574918904699,0.17163175091296837,0.17163262312454589,440.2302690997068,440.8505408478689,-0.1406988742645443,1.5865410473877126,0.1716317509246695,0.08829563442818765,0.2971458134118461,0.17163088755934858,0.08829533100529662,0.29714530284912233,0.03370384271512506,0.7233433837628483,0.6896395410477233,0.19999999999999984,0.19999899768623333,352.1846565286246,88.04561257108213,-5.98163890308534e-05,6.831402110663021e-09,0.7880596239257804,0.7880582698637181,0.8036269948647479,56.43706755880201,17.71885116033174,41.857472358165474,23.890596915246412,45.81350835310842,21.827623247983595
-152.6655811773,0.0037964470587083334,0.044252246884132894,0.7864145794209558,0.742162332536823,2.14464624355e-19,0.887122107702,364.352031298204,75.49103571911203,0.17163175091296837,0.17163264351133994,439.84306701731606,440.46279320906933,-0.14069887429949413,1.586541047381459,0.1716317509253149,0.08794766055401577,0.29655970824442046,0.17163086747908002,0.08794735189742667,0.2965591878486092,0.034001840837788205,0.722151391275424,0.6881495504376358,0.19999999999999996,0.1999989747329935,351.8749045704374,87.96816244687855,-5.9816783193333833e-05,7.207434649103561e-09,0.7865052159651937,0.786503835824826,0.8018907303307535,56.11172323385293,17.82158776041095,41.60471872126566,24.035735145803645,45.60873193996413,21.925626025216488
-152.3332669181,0.003842601816930554,0.04458078507831983,0.7848288098285836,0.7402480247502637,2.69132989307e-19,0.885559528073,364.0352879195086,75.42540884265252,0.17163175091280855,0.17163266160520757,439.4606967621611,440.07988420521747,-0.14069887429065675,1.5865410473845494,0.1716317509248327,0.08761150929862488,0.29599241425858347,0.17163084967595493,0.08761119621066668,0.2959918853797629,0.03429063764046333,0.7209962040623131,0.6867055664218498,0.2,0.19999895429106174,351.5690169577075,87.8916798044536,-5.981658840470416e-05,6.926481610491919e-09,0.785000697089424,0.7849992944512899,0.8002080766165017,55.80038091976761,17.9210246151876,41.36458635146333,24.17526894873986,45.411828813423966,22.02069430210648
-151.9869143277,0.0038907063433750015,0.044920424589356786,0.7831894507398754,0.7382690261505187,3.44510181132e-19,0.883940507284,363.7010427175691,75.35615571849186,0.1716317509128958,0.1716326814148648,439.057198436061,439.6758173616305,-0.14069887429370986,1.5865410473877795,0.17163175092460212,0.08726451239822716,0.2954056742823793,0.1716308301923284,0.08726419441559284,0.29540513606840496,0.034589704739765484,0.7197999356639486,0.6852102309241831,0.20000000000000004,0.19999893181368333,351.2462277437404,87.8109706923206,-5.981638481200591e-05,6.792122420051783e-09,0.7834446055541587,0.7834431781582881,0.798465583762222,55.483908531915766,18.023243611700035,41.12094508701837,24.31850722019747,45.210837522969136,22.118590470525017
-151.616829177,0.00394210705875,0.04528024572716826,0.7814526666771966,0.7361724209500283,4.51858875488e-19,0.882221572612,363.33924452284276,75.28119381879164,0.17163175091297572,0.17163270469244632,438.62043834163444,439.2384418848465,-0.14069887429709604,1.5865410473921417,0.17163175092417704,0.08689746625530127,0.2947837618582497,0.17163080730866534,0.08689714238432422,0.2947832125212089,0.0349071085071179,0.7185303205924166,0.6836232120852987,0.19999999999999987,0.19999890539652912,350.89683078876175,87.72360755287268,-5.981610985417163e-05,6.544453867718403e-09,0.7817952332630034,0.7817937763676778,0.7966162536348502,55.15549802481281,18.13055879851053,40.86757103197339,24.46927905790227,45.00125425322571,22.22160285517641
-151.222816153,0.003996831089861112,0.045659890024122525,0.7796201819871639,0.7339602919630414,6.07658039994e-19,0.880404217218,362.94877268866014,75.20029095382118,0.17163175091293298,0.17163273244374067,438.1490636424813,438.766403032351,-0.14069887429921657,1.5865410473921417,0.17163175092412428,0.08651084287449488,0.29412725625908065,0.17163078003430657,0.08651051180964031,0.2941266934666765,0.0352426225130874,0.7171882645682739,0.6819456420551865,0.1999999999999998,0.199998873833276,350.51974434288064,87.62931929960062,-5.981610985417163e-05,6.5137228943967784e-09,0.7800541165040428,0.7800526239237837,0.7946614055124149,54.81963611860286,18.241638777690707,40.607054613154524,24.62626283847864,44.785857617826,22.328477184323756
-150.8176911728,0.00405309844822222,0.046046635645990555,0.7777534093275377,0.7317067736815471,7.90990938457e-19,0.878549419564,362.5416075507149,75.1159293603388,0.1716317509130542,0.17163276263571647,437.6575369110537,438.27418375380915,-0.1406988742694959,1.5865410473940518,0.17163175092406896,0.08611768646087337,0.29345815112358586,0.17163075036789618,0.08611734754252698,0.29345757366700725,0.0355850590633745,0.715818518366849,0.6802334593034745,0.20000000000000007,0.199998839393711,350.1265374769327,87.53099943412097,-5.981598947268907e-05,6.481482017761664e-09,0.7782795845481979,0.7782780530771206,0.792666223685504,54.48807021439359,18.352641157326943,40.3478113538236,24.784491808754183,44.57234894752453,22.435434156214427
-150.4235183328,0.004107844676,0.04641951942150552,0.7759535477200349,0.7295340282985294,1.01700744566e-18,0.876758272152,362.1399193601199,75.03270254951819,0.1716317509128629,0.1716327914587863,437.17262190963805,437.788585520971,-0.14069887422942795,1.5865410474013921,0.1716317509231916,0.085739312848093,0.2928127607330203,0.17163072204889598,0.08573896658919224,0.2928121694690851,0.03591582758049203,0.7144954442939913,0.6785796167134992,0.19999999999999982,0.1999988065927277,349.7386192526967,87.43400265694137,-5.9815526809448016e-05,5.970313132763749e-09,0.7765679464045049,0.7765663783149739,0.7907390248063012,54.1695275381517,18.460563446777307,40.0968145396559,24.939637013084823,44.366398188466654,22.53958042192293
-150.0497781798,0.004159753030583333,0.046770043144537414,0.7742616215969456,0.7274915784524082,1.33285147588e-18,0.875072375532,361.75401426063905,74.95274587812342,0.1716317509129178,0.1716328174354807,436.7067601387625,437.3220673645719,-0.14069887429131178,1.5865410473999968,0.17163175092330135,0.08538426130731028,0.2922058543344234,0.17163069652872667,0.0853839086447466,0.2922052508849671,0.03622729494813982,0.7132495748239466,0.6770222798758068,0.2,0.19999877708229175,349.36594216744027,87.34081797132221,-5.98156147502138e-05,6.034239774521666e-09,0.7749583715538793,0.7749567711471601,0.7889242826861415,53.86526229201619,18.56484044538326,39.85613534528473,25.090239967742065,44.16875268024602,22.640440114742898
-149.6864414933,0.0042102164592638875,0.04710801950408571,0.7726302619707064,0.7255222424666207,1.77799335372e-18,0.873445155617,361.3741478684439,74.87404038202774,0.17163175091294328,0.17163284209565446,436.2481882504716,436.8628493616887,-0.14069887428403982,1.5865410474012793,0.17163175092312746,0.0850425023760197,0.29162047660618706,0.17163067230491616,0.08504214377287954,0.29161986175992805,0.03652810003142905,0.7120463544899233,0.6755182544584942,0.1999999999999999,0.19999874908701262,348.9990963089017,87.24909194156992,-5.9815533914875374e-05,5.9329430257548665e-09,0.7734058928328377,0.7734042622006883,0.7871716635940301,53.57241449608613,18.666323133019468,39.62425501871524,25.23706753673179,43.9776068312952,22.7388453363584
-149.3233481917,0.004260646084486111,0.04744305629947037,0.7710130889852227,0.7235700326857524,2.4111377063e-18,0.871830761123,360.9899024840902,74.79442759130025,0.17163175091302812,0.1716328669229896,435.7843300753904,436.39833762381306,-0.14069887428213024,1.5865410474005055,0.17163175092327648,0.0847042828902593,0.2910400022166357,0.17163064791752322,0.08470391836547206,0.29103937597079893,0.03682675836251411,0.7108517211663288,0.6740249628038146,0.19999999999999984,0.19999872083260442,348.62802150141886,87.15630857397154,-5.9815582686972846e-05,6.019762466280554e-09,0.7718664182433224,0.771864757378383,0.7854315524004585,53.28916562044461,18.76554058141128,39.3993415851828,25.38113480495515,43.79187382665377,22.835286837882546
-148.9637950499,0.0043105840208472225,0.047772203554863675,0.7694243465333396,0.7216521429784759,3.27985595435e-18,0.870243748274,360.6048380833062,74.71464510632833,0.17163175091288302,0.1716328908749277,435.3194831896346,435.93283578214874,-0.1406988742689408,1.5865410474008037,0.17163175092318558,0.08437256822880185,0.2904695650645724,0.171630624404294,0.08437219812264302,0.2904689279813643,0.037120615800329514,0.7096762914146096,0.6725556756142801,0.19999999999999993,0.19999869365385628,348.2561552296358,87.06332795999876,-5.981556389089704e-05,5.966804828005934e-09,0.7703535633847374,0.7703518737780344,0.7837194132633594,53.0078894629546,18.86511630874996,39.175298228228215,25.526289402423448,43.60662378391216,22.932295904296335
-148.5985008227,0.0043613193301805546,0.048103967443859565,0.7678229704170014,0.7197190029731418,3.79895704718e-18,0.868643400218,360.208971812102,74.63262455411413,0.17163175091294583,0.17163291565720817,434.8415963662161,435.45427563008957,-0.14069887429328798,1.5865410474027006,0.17163175092299046,0.08403877982922672,0.28989442876541577,0.17163060008945955,0.08403840397808654,0.28989378050949377,0.03741725792196751,0.7084897229270845,0.671072465005117,0.19999999999999996,0.19999866544745204,347.8738574119333,86.96773895428284,-5.981544433097952e-05,5.853117990284318e-09,0.7688282459306051,0.7688265266927771,0.7819910493665003,52.7259705821982,18.965985622607555,38.95033935663051,25.673717264539576,43.42010371064041,23.03080634408855
-148.2197454542,0.004413924242472223,0.04844518618431205,0.7661759463469715,0.7177307601626595,4.37252612654e-18,0.866996988385,359.79356404646154,74.54655514931099,0.17163175091295263,0.17163294303292798,434.34011919577256,434.95209189270565,-0.140698874276024,1.5865410473996757,0.17163175092335803,0.08369607262758381,0.28930273525769473,0.17163057323511335,0.0836956903555908,0.2893020745787883,0.037722820995944595,0.707267470633012,0.6695446496370674,0.19999999999999976,0.19999863430565454,347.4726885324628,86.86743066330972,-5.9815634989579536e-05,6.0672800117345105e-09,0.7672590171475373,0.7672572649627453,0.7802107081884575,52.43901338814424,19.069771442841194,38.720690766794625,25.825985544079227,43.22942860277406,23.132389955666206
-147.8233318299,0.004468981690291665,0.04879934053869782,0.76446646883282,0.7156671282941222,5.25842370748e-18,0.865288004238,359.3533865581617,74.45535364185227,0.1716317509129104,0.17163297402766683,433.808740200014,434.41996419939744,-0.14069887430471217,1.5865410474013357,0.1716317509230946,0.08334101750778473,0.28868844366857627,0.17163054283863238,0.08334062785063263,0.28868776879291685,0.03804046525585633,0.7059968935920484,0.6679564283361921,0.19999999999999982,0.19999859896777283,347.04759994003666,86.76114025997734,-5.9815530362161695e-05,5.913780576349836e-09,0.7656298560527097,0.7656280662167468,0.7783599768494981,52.14648462316937,19.1767481015525,38.48549633476506,25.983814559685726,43.03432224349008,23.237266160297732
-147.4118918243,0.004526126135513888,0.04916376720939134,0.7627073931249557,0.7135436259155644,6.61077886123e-18,0.863529648273,358.8906787376761,74.35948401688262,0.17163175091294341,0.17163300846798946,433.2501627545587,433.86059973432543,-0.14069887427908823,1.5865410474036823,0.17163175092289487,0.08297636127325761,0.28805617728710076,0.17163050907804955,0.08297596333420339,0.2880554865545931,0.03836784608965797,0.7046873702558447,0.6663195241661868,0.20000000000000004,0.1999985597399582,346.6007541965445,86.64940855801423,-5.9815382458250355e-05,5.7974069989086274e-09,0.7639530240587287,0.7639511921688606,0.7764525160663991,51.864666933993696,19.280949037476017,38.256647592882125,26.139248024075584,42.84554580167177,23.339648994761585
-147.0239751665,0.004580003449097221,0.04950451989381562,0.7610626021296988,0.7115580822358831,8.45685953818e-18,0.861886035458,358.4489715055558,74.26796555787685,0.17163175091292945,0.1716330387143702,432.7169370634326,433.3266227436802,-0.14069887430115946,1.5865410474025914,0.17163175092297575,0.08263606391926406,0.287464891628985,0.17163047942420648,0.08263565898840922,0.2874641873145405,0.03867442166706,0.7034610679466378,0.6647866462795777,0.2,0.19999852523256909,346.1741878075917,86.54274925584095,-5.981545121436227e-05,5.8445470685342116e-09,0.7623848769325177,0.7623830090220309,0.7746662756086103,51.59482692365119,19.381788051731938,38.035252914880495,26.29139872522764,42.66390010818977,23.43901981450683
-146.6616426974,0.004630327403138889,0.04982035691898786,0.759538090193087,0.7097177332740991,1.09165447632e-17,0.860363305045,358.0316140704126,74.18149219602157,0.1716317509129235,0.171633064520275,432.2131062664342,432.8220820634053,-0.1406988742505777,1.5865410474081272,0.17163175092247587,0.08232123716640363,0.2869167774223104,0.17163045413477215,0.08232082657410329,0.28691606189633806,0.038958973490902236,0.7023228606487728,0.6633638871578705,0.19999999999999996,0.19999849591223334,345.77113509959304,86.4419711668411,-5.981510229347009e-05,5.553291160254048e-09,0.7609312246982133,0.7609293270536632,0.7730083549568204,51.3397395781287,19.478088673944328,37.82531667072764,26.43731997553593,42.49141734528111,23.53416436722027
-146.3089082217,0.004679318302541668,0.05012558176140102,0.7580648063176252,0.7079392245562242,1.4372552794e-17,0.858892603668,357.62087453506615,74.0963900138711,0.17163175091292168,0.17163308873591,431.71726454893724,432.3255417193717,-0.1406988742824078,1.5865410474117851,0.1716317509219932,0.08201752655242436,0.286387022318443,0.17163043041192136,0.08201711080480872,0.2863862964682646,0.03923432320492464,0.7012214617902672,0.6619871385853426,0.20000000000000007,0.19999846842628158,345.374472845966,86.34279170297127,-5.9814871733454567e-05,5.272071668116496e-09,0.759526262591788,0.7595243375664386,0.7714040497333351,51.09382322494427,19.571837394070656,37.62286514108048,26.57958122673911,42.32438207175668,23.6270431144063
-145.9529597156,0.0047287555950555555,0.050431363274680945,0.7565888344276922,0.7061574711530113,1.94503300013e-17,0.857420289695,357.2019537639848,74.0095927404502,0.17163175091298025,0.17163311318848723,431.21154650443503,431.8191111328813,-0.14069887431621408,1.5865410474148467,0.1716317509216151,0.08171379352232398,0.28585624625381895,0.17163040646895436,0.08171337263031825,0.28585551005764825,0.03951052699938242,0.7001166466105502,0.6606061196111678,0.19999999999999984,0.1999984406828853,344.96990959909255,86.24163690534247,-5.9814678765590656e-05,5.05175901110988e-09,0.7581185927980472,0.758116640334119,0.7697947682724994,50.84901696765518,19.666063566894426,37.42104976433199,26.722927504646158,42.15730468469799,23.720681563472297
-145.5846963195,0.0047799032889583315,0.05074539956239665,0.7550730083497741,0.7043276087873774,2.62087174295e-17,0.855909570936,356.7638460414225,73.91882007318966,0.17163175091313884,0.1716331399445262,430.68266611461223,431.28948556586937,-0.1406988743212656,1.586541047417246,0.17163175092157323,0.08140241747724589,0.28531108894896795,0.17163038027503855,0.0814019908771527,0.2853103413428134,0.03979455155376837,0.6989805483927941,0.6591859968390258,0.2000000000000001,0.19999841023381554,344.5468175764285,86.13584853818361,-5.981452753101024e-05,5.027378513489111e-09,0.7566727825552294,0.7566707998309133,0.7681399197207739,50.599380806415084,19.763087691247364,37.214695291937936,26.871105410250035,41.98629259959343,23.817296981579254
-145.1973910803,0.004833695683291665,0.05107315644422543,0.7534909370637657,0.7024177806195403,3.2129722532e-17,0.854334540266,356.29793473603524,73.82228670979532,0.1716317509129073,0.1716331708650546,430.12022144583057,430.72624842872693,-0.1406988743098747,1.5865410474205974,0.1716317509210367,0.08107804361015761,0.28474206505214084,0.17163035000431542,0.08107761023047276,0.2847413040471522,0.04009137852117537,0.6977932405204837,0.6577018619993084,0.20000000000000015,0.19999837500745557,344.0968760988175,86.02334534701305,-5.9814316288875347e-05,4.71476191421516e-09,0.7551636757871093,0.755161657527781,0.7664104788314011,50.34554121801711,19.862732146816825,37.003759513836435,27.024281130842404,41.81178017739029,23.916704712342042
-144.7973639291,0.004889255009847224,0.05140902408495858,0.7518697018909354,0.7004606778059768,3.94450021654e-17,0.852722590063,355.8111759664896,73.72143390679047,0.17163175091302063,0.17163320492489686,429.53260987328014,430.1378089289858,-0.14069887444040363,1.5865410474235326,0.17163175092055308,0.08074629847560887,0.284158931718869,0.17163031666251954,0.08074585753443307,0.2841581558471146,0.04039596036717711,0.6965749131340572,0.6561789527668801,0.2,0.1999983360864941,343.62680260373486,85.90580726954522,-5.981413128131052e-05,4.432987310565295e-09,0.7536171494200027,0.7536150917325642,0.7646358547023252,50.09452011598686,19.962263291167172,36.79328970340435,27.17886897478139,41.63849162294266,24.016239806559266
-144.405668857,0.004943657103194445,0.051735350900905266,0.7502945253232817,0.6985591744223764,4.80691182805e-17,0.851158669697,355.32909706560747,73.62155073775021,0.1716317509129868,0.17163323717341059,428.9506478033577,429.55502689063394,-0.14069887428650452,1.5865410474286108,0.17163175092025298,0.08042463280284409,0.2835923708473909,0.17163028512334855,0.08042418489982894,0.28359158115118466,0.040692276214899015,0.6953896497416696,0.6546973735267706,0.2000000000000001,0.19999829939482786,343.1612477183764,85.7894000849813,-5.9813811204012524e-05,4.258149388647325e-09,0.7521145748348804,0.75211248048365,0.7629093918162582,49.84562535351359,20.061941101306907,36.58304753612329,27.335065483884783,41.465915100098556,24.116192723252432
-144.0166948242,0.0049976812744166686,0.052056953567800685,0.7487421507564678,0.6966851971886671,5.84425956009e-17,0.849619786335,354.84502170238727,73.5212539165515,0.17163175091298202,0.17163326921148472,428.36627561893874,428.9698313426607,-0.14069887428513894,1.586541047430032,0.171631750920056,0.08010826204297096,0.2830340298320521,0.17163025379644734,0.08010780731982374,0.2830332265297199,0.040984671318287376,0.6942200693271331,0.6532353980088457,0.19999999999999998,0.1999982629508695,342.6937645884176,85.67251103052115,-5.9813721620116667e-05,4.143374532361577e-09,0.750633800108432,0.750631669672431,0.7612057728644636,49.60189814714384,20.16051879775858,36.37636238081405,27.490379316416448,41.29616760911948,24.21532209635765
-143.625478607,0.00505201686013889,0.05237797610278807,0.7471925722941507,0.6948145961913627,7.11750713133e-17,0.848086284693,354.35278291186216,73.41926569384594,0.1716317509130171,0.17163330193300144,427.7720486057081,428.37476708076076,-0.14069887429645211,1.5865410474272978,0.17163175092041272,0.07979310042141899,0.28247672545082186,0.17163022180703272,0.07979263878486641,0.28247590832647373,0.041276900738663476,0.6930511516474106,0.6517742509087471,0.20000000000000012,0.1999982256958875,342.2183978822716,85.55365072343658,-5.981389396003678e-05,4.351208282571406e-09,0.7491557746365544,0.7491536075432216,0.7595031192559949,49.36037101714388,20.259167007733375,36.17068221702774,27.646699998631465,41.127265747216924,24.314769820740388
-143.2279519046,0.005107228902138891,0.05270171293778606,0.7456298830762725,0.6929281701384865,8.3727098797e-17,0.846542680686,353.8470844958828,73.31448873666672,0.17163175091302943,0.17163333647970336,427.16157323254953,427.7634315654607,-0.1406988743073656,1.5865410474224666,0.17163175092088848,0.07947592697813392,0.2819147512602594,0.1716301880356157,0.079475458025717,0.2819139195316843,0.04157196395367571,0.6918708987897391,0.6502989348360634,0.19999999999999973,0.19999818632893368,341.7300333166256,85.43153991592389,-5.9814198483110204e-05,4.628408767359815e-09,0.7476653643757278,0.7476631585505635,0.7577839547484534,49.1190913005245,20.358682816050422,35.96423439809239,27.805402137325686,40.95787786618665,24.415327455858353
-142.8220002673,0.005163611073986109,0.053029786997258056,0.7440462411190676,0.6910164541218096,9.69603703662e-17,0.844981555448,353.32492682221533,73.20630154350876,0.17163175091306299,0.17163337443044072,426.53122836572413,427.13219856136396,-0.14069887441499063,1.5865410474150416,0.17163175092159313,0.07915518074107478,0.2813453051697767,0.17163015092792006,0.07915470363580554,0.28134445726867546,0.04187134917734373,0.6906733578985916,0.6488020087212479,0.2,0.1999981430727361,341.22577473004617,85.30545363567798,-5.9814666475421774e-05,5.038969241866198e-09,0.7461551379089332,0.7461528891926552,0.7560396083709877,48.88947424594729,20.45430055085723,35.765839970278755,27.95963972413329,40.79612135460966,24.51213416363189
-142.4410530758,0.005216520406138889,0.05333540727259454,0.742570994619909,0.6892355873473145,1.1189361181e-16,0.843530311147,352.82965451102234,73.10368479781913,0.171631750913051,0.17163340815458394,425.9333393088415,426.53346709541927,-0.14069887426759742,1.5865410474149002,0.17163175092180802,0.07885702207907383,0.2808149249578338,0.17163011792059943,0.07885653798705228,0.28081406301510664,0.04215056669702066,0.6895564878209589,0.6474059211239382,0.19999999999999987,0.19999810446278748,340.7474788195679,85.18586048927358,-5.981467539051266e-05,5.164180194583423e-09,0.7447485179550384,0.7447462319990016,0.7544127676612896,48.67090727969525,20.546154898106543,35.574979483311346,28.109643758729703,40.64164593909113,24.605302686280996
-142.0853010814,0.005265930405361113,0.05361888384829621,0.7412026479669498,0.6875837641186536,1.28392291716e-16,0.842186991094,352.36252553764086,73.00689914273539,0.17163175091296928,0.17163343752515714,425.36942468037626,425.96875792761216,-0.14069887429108974,1.5865410474184487,0.17163175092129082,0.07858102221816593,0.2803230675812569,0.17163008918331052,0.07858053233186596,0.2803221937911195,0.04240982782263622,0.6885194433159115,0.6461096154932753,0.19999999999999993,0.19999807112834656,340.29636022732655,85.07306445304975,-5.981445172498212e-05,4.862821256779171e-09,0.7434440643106821,0.74344174693416,0.7529022014359058,48.46125843923397,20.63503986909274,35.39155555726924,28.255327697643548,40.492858921616076,24.69571244489669
-141.7302243698,0.005315246615305556,0.05389996736497791,0.7398458543830799,0.685945887018102,1.47502962693e-16,0.840857804455,351.89184092098174,72.90937678475649,0.17163175091287322,0.1716334663453264,424.8012177057382,425.399750365724,-0.1406988742873594,1.586541047418891,0.17163175092121344,0.07830787850264839,0.27983544897430057,0.17163006098537847,0.07830738303894871,0.2798345636960322,0.04266716117845347,0.6874901098922562,0.6448229487138027,0.19999999999999998,0.19999803831320515,339.84180749152983,84.95941021420843,-5.981442384728197e-05,4.817746201979389e-09,0.7421508522959982,0.7421485044518344,0.7514028672245743,48.26185219133654,20.720298840488958,35.21675459058102,28.395575106953704,40.350745507932004,24.78268957393671
-141.3813040917,0.005363707765041666,0.0541744020852973,0.7385211594368251,0.6843467573515277,1.69207788348e-16,0.839562859967,351.424994229588,72.81264961648071,0.1716317509129393,0.17163349365433075,424.2376438460687,424.8353824468704,-0.14069887431668038,1.586541047420016,0.17163175092113106,0.07804170943499847,0.27935946276258206,0.1716300342811319,0.0780412088474804,0.2793585668052448,0.04291865420341815,0.6864841377919831,0.643565483588565,0.1999999999999999,0.19999800718949193,339.3909605020895,84.84668334397917,-5.981435294843962e-05,4.7697401583945975e-09,0.7408884905258835,0.7408861143597895,0.7499375612790846,48.06514055346159,20.805098840556315,35.043444619504264,28.536007543146205,40.210022281436004,24.86942168300354
-141.0317243456,0.005412260507555556,0.054447609495621295,0.7372023860287933,0.682754776533172,1.94795019428e-16,0.838276582138,350.9529683690754,72.7148493627885,0.17163175091295027,0.17163352132212115,423.6678177318639,424.26475346402816,-0.1406988742973292,1.5865410474208361,0.1716317509210075,0.0777772378271343,0.27888570746299335,0.17163000723618937,0.07777673208511252,0.278884800742372,0.043169263145259935,0.6854817020239999,0.64231243887874,0.1999999999999999,0.19999797572851113,338.93511180417534,84.7327059276886,-5.981430124535336e-05,4.697753297477902e-09,0.7396320453519134,0.7396296406405422,0.7484774063798193,47.868917250476464,20.890382683348587,34.87011262944585,28.677854030088685,40.06914885070387,24.956856551307396
-140.6717459349,0.005462257509041666,0.054727134204946515,0.7358531095171268,0.6811259753121803,2.27142444047e-16,0.836963662542,350.46240746773105,72.6132087862596,0.17163175091297805,0.1716335513001067,423.07561625399063,423.67171759145094,-0.1406988743192672,1.5865410474205424,0.17163175092106414,0.07750717701908429,0.27840110814988556,0.17162997794008586,0.07750666560821406,0.2784001896698601,0.04342591484539347,0.6844550952237457,0.6410291803783522,0.20000000000000018,0.19999794158310008,338.46136386919096,84.61425238479968,-5.9814319763873414e-05,4.730749125769762e-09,0.7383468407984402,0.7383444048999844,0.7469820437868704,47.669236911873625,20.977889825438268,34.69326913546933,28.824034889742656,39.925254711068995,25.046803263668522
-140.2937450874,0.00551475762675,0.05501869973583913,0.7344457004205024,0.6794270006846632,2.71029884034e-16,0.835597671606,349.94237917737814,72.50546278547215,0.1716317509129286,0.1716335845503471,422.4478419628503,423.0430587843216,-0.1406988742899462,1.5865410474202988,0.1716317509211232,0.07722605462054714,0.2778957621493123,0.17162994548086724,0.07722553682299182,0.27789483050785924,0.04369388619886631,0.6833832098101512,0.6396893236112849,0.20000000000000012,0.19999790373150014,337.95915913438415,84.48868282846611,-5.9814335118257844e-05,4.765166039533142e-09,0.7370066140101454,0.7370041432063026,0.7454207280513607,47.4623816114952,21.06931776381411,34.509396279657565,28.977615021027628,39.77559164919065,25.14104651967755
-139.8916015558,0.005570610895027776,0.0553267180573527,0.7329588517790852,0.6776321337217325,3.26653299437e-16,0.834158614949,349.383619052607,72.3896918361526,0.17163175091286176,0.17163362333112273,421.77331088875957,422.3675773153366,-0.1406988742730486,1.5865410474201254,0.17163175092101512,0.07692970777641948,0.2773620517958783,0.17162990764283267,0.07692918230382328,0.2773611045258929,0.04397726995216774,0.682249674796408,0.6382724048442402,0.19999999999999987,0.19999785953001145,337.4195515041216,84.353759384638,-5.9814346042852407e-05,4.702194189576403e-09,0.7355911621968314,0.7355886499445994,0.7437696130804909,47.25105627264876,21.163548053397683,34.320238007211195,29.13732707185437,39.62213851578317,25.23841562972826
-139.4767344957,0.0056282313200416685,0.055642187959403365,0.7314360184370735,0.6757938304776702,3.54520543351e-16,0.832689161389,348.8012200112007,72.26902307886677,0.17163175091289537,0.171633665675029,421.0702430900675,421.6635189144965,-0.1406988742958526,1.5865410474202926,0.17163175092108504,0.0766268859635196,0.27681561726810067,0.1716298663404185,0.07662635201227203,0.27681465281352435,0.04426781267089385,0.6810875039218491,0.6368196912509553,0.20000000000000007,0.19999781117119728,336.85711612273,84.21312696733744,-5.98143355068359e-05,4.742939374580146e-09,0.7341419646344762,0.7341394068070362,0.7420767869156845,47.037243471959385,21.25974921545172,34.12711136555199,29.30221633142391,39.46629321910032,25.33807759569461
-139.0584793051,0.00568632231873611,0.05595792359292502,0.7299118961810558,0.6739539725881307,3.8654568348e-16,0.831223087765,348.20793897134456,72.14609965234968,0.1716317509130338,0.17163370918144602,420.35403862369424,420.94630533665486,-0.14069887428681538,1.5865410474190151,0.17163175092127494,0.07632452579361382,0.2762689374388909,0.17162982394302034,0.07632398319441551,0.2762679554244674,0.044558900717664225,0.6799231517357194,0.6353642510180552,0.20000000000000007,0.1999977615926985,336.2841718225047,84.06986680118958,-5.981441602020965e-05,4.853584201214289e-09,0.7326921165088432,0.7326895121109791,0.7403807834371225,46.821831152351756,21.35755854456308,33.93118883384351,29.471410651034546,39.30872645586135,25.439643818602764
-138.6318191716,0.005745580670611111,0.05627764792343226,0.7283685037768901,0.6720908558534578,4.28089723597e-16,0.829743359985,347.59640053578863,72.0193934288267,0.1716317509128358,0.17163375603167286,419.61579396461536,420.2070205123305,-0.1406988743296811,1.5865410474204364,0.17163175092095717,0.07601908300255264,0.27571558353229264,0.17162977828606743,0.07601853102629594,0.27571458254197573,0.04485397089142876,0.678742871039071,0.6338889001476423,0.20000000000000007,0.19999770814664666,335.6935968695568,83.92219709505855,-5.981432643631379e-05,4.668421205167306e-09,0.7312245680802633,0.7312219133564825,0.73866157838029,46.624666011546765,21.447874816998077,33.749427400088585,29.630132332182182,39.16409595387144,25.533590796474094
-138.2548142234,0.005797942468972224,0.05655826432451346,0.7270139214052068,0.6704556570806933,4.76816332201e-16,0.828448710036,347.05071074095537,71.90633055495017,0.17163175091300922,0.17163379251640373,418.9570412959055,419.54733968000915,-0.1406988743043569,1.586541047420886,0.17163175092104405,0.07575163992265271,0.27523015809073814,0.17162974265880526,0.07575108112402874,0.2752291429409843,0.04511318755530234,0.6777060043840116,0.6325928168287093,0.19999999999999984,0.19999766632476712,335.1666107463953,83.7904305495102,-5.98142981034222e-05,4.719047375090213e-09,0.7299371725537268,0.7299344802777409,0.7371512712115535,46.441220849033996,21.532595003277148,33.57783265991057,29.781552911064612,39.029145760445815,25.621877715126743
-137.9166733245,0.005844906482708332,0.0568084587469596,0.7258062252561883,0.6689977665092287,5.34627422254e-16,0.82729772132,346.55702721600574,71.80404299386555,0.17163175091278202,0.17163381912308,418.3610702098713,418.9505288878541,-0.1406988742913451,1.5865410474218637,0.1716317509207965,0.07551370099411572,0.2747975636611717,0.1716297167696789,0.0755131378672895,0.2747965390380481,0.04534448645493735,0.6767808087842361,0.6314363223292987,0.19999999999999982,0.19999763630693762,334.68984504505624,83.67122516481504,-5.9814236474942106e-05,4.5748071997309125e-09,0.7287898900140127,0.7287871726137282,0.73580362487775,46.26854313448411,21.612956282055407,33.41665403014702,29.925198348639107,38.901704753071506,25.70581434277747
-137.5756742792,0.0058922674612222215,0.05705932157808082,0.7245952982476934,0.6675359766696126,6.1138768996e-16,0.82614688504,346.0551050579609,71.70004844931952,0.17163175091284655,0.1716338465490145,417.75515350728034,418.34375846622925,-0.1406988743197335,1.5865410474216897,0.1716317509208043,0.07527559976848087,0.27436399138458545,0.1716296900512027,0.07527503215850054,0.27436295697214763,0.045576584436046064,0.6758524168598383,0.6302758324237923,0.20000000000000015,0.1999976051965416,334.20512324731067,83.55003025996969,-5.981424744394559e-05,4.579359114131876e-09,0.7276400141288102,0.7276372707663112,0.7344513227549393,46.098673724822326,21.69259805540868,33.25895084988766,30.067093953547776,38.77593291622202,25.78919254271887
-137.2142222071,0.005942469137902779,0.057323651172936425,0.7233193501731451,0.6659956990002086,7.1889374138e-16,0.824937849669,345.51862182071176,71.58889310576973,0.1716317509129219,0.17163387833586993,417.10751492648143,417.69520738131723,-0.1406988743108295,1.5865410474219028,0.17163175092082347,0.07502522923757082,0.27390733695461833,0.17162965909281724,0.07502465618820373,0.27390629088833235,0.04582133909959034,0.6748733982057594,0.6290520591061691,0.19999999999999996,0.19999756905623176,333.6870259060992,83.42048902038219,-5.981423401024699e-05,4.590527957759605e-09,0.7264289221258239,0.7264261478561852,0.7330252773861615,45.92257424828576,21.775782746702813,33.09518739417165,30.215873628082512,38.645162621535846,25.87645987657789
-136.8258279812,0.005996412780388888,0.05760589205996203,0.7219569193219079,0.6643510272619458,8.72132805915e-16,0.823651025975,344.9370408033267,71.46839383691511,0.17163175091281177,0.1716339163454654,416.4054346402418,416.9921378841342,-0.14069887429277728,1.5865410474212711,0.17163175092089375,0.07475847803188394,0.273419966410436,0.17162962208965502,0.07475789816181483,0.27341890600654306,0.046082900705382485,0.6738271517829412,0.6277442510775587,0.19999999999999998,0.1999975257318326,333.1253780109051,83.2800566293367,-5.9814273833946885e-05,4.6314729829077805e-09,0.7251363679977652,0.7251335557033972,0.7315013075826096,45.73891929958604,21.863218792951468,32.92335692462294,30.37357345696767,38.508355571857955,25.968390110399927
-136.4149086841,0.006053484904986111,0.057902516530096156,0.7205250330442894,0.6626225165141932,1.08108427092e-15,0.822303304082,344.31597153534295,71.33971289586971,0.17163175091299826,0.17163396037596487,415.6556844312127,416.24133129866226,-0.14069887428582728,1.5865410474219643,0.17163175092090657,0.0744787927178466,0.2729080297789836,0.17162957923380404,0.0744782046996113,0.2729069524574471,0.046358034953326605,0.6727266147912269,0.6263685798379003,0.2,0.19999747549473393,332.52559686993436,83.13008756127832,-5.9814230135568636e-05,4.638955886093754e-09,0.7237786622147898,0.7237758050531842,0.7298982577595541,45.552663857812966,21.95261298266501,32.74731475998768,30.53685492472349,38.369157924234855,26.062599600820967
-136.0011965489,0.006110944923763889,0.05819914620770829,0.7190931179005087,0.6608939716928004,1.17007943254e-15,0.820960416284,343.6847022251022,71.20891858174491,0.1716317509130758,0.1716340051028531,414.8936208068471,415.47819394854685,-0.14069887426442218,1.5865410474221986,0.17163175092102265,0.07419979475227576,0.2723963926932142,0.17162953573724007,0.07419919852704893,0.2723952982836689,0.04663341486219637,0.671625095156328,0.6249916802941315,0.19999999999999993,0.19999742446104543,331.9159652201601,82.97765558668704,-5.981421536960241e-05,4.706568468293426e-09,0.722421750856126,0.7224188483754574,0.7282937766114627,45.37127500498514,22.040376865982402,32.573652434375646,30.699658320928094,38.23319337841638,26.155283188155707
-135.6079608786,0.006165560989083331,0.05847927249912038,0.7177408828402232,0.6592616103411029,1.25836181038e-15,0.819696742534,343.07911927783346,71.08344629118129,0.17163175091288202,0.1716340449592207,414.1625655690147,414.74610867531635,-0.14069887434638995,1.586541047420482,0.17163175092099175,0.0739369696333192,0.2719135333765482,0.17162949699160973,0.07393636643011618,0.2719124241922685,0.04689368769542474,0.6705840038232613,0.6236903161278365,0.19999999999999998,0.19999737905085624,331.3311379542333,82.83142761478133,-5.981432357193839e-05,4.6885828552944986e-09,0.7211411609426028,0.7211382192779004,0.7267773157475808,45.19824686718898,22.124751938684945,32.40623431132877,30.85825987656992,38.10313074689889,26.244562596247743
-135.2360910292,0.006217209579277778,0.05874257059053898,0.7164698950637517,0.6577273244732127,1.36285022175e-15,0.818513018617,342.5014591433523,70.96375940021002,0.17163175091288446,0.17163408003102193,413.4652185435623,414.0477791077902,-0.14069887429012384,1.5865410474225978,0.17163175092082364,0.07369051617060296,0.27145997158071566,0.17162946291312264,0.07368990715816592,0.2714588498431501,0.04713851186950849,0.6696047071260863,0.6224661952565779,0.19999999999999993,0.19999733915943635,330.77327499987496,82.6919435436873,-5.981419021194867e-05,4.590638980062067e-09,0.7199382709064054,0.7199352959491668,0.7253508653795722,45.03288395240068,22.20599509143119,32.24554053380527,31.012040221550315,37.978486691280644,26.330696326285867
-134.8705386519,0.006267980742791666,0.05899988149640813,0.7152278093767407,0.6562279278803326,1.48762768723e-15,0.81736004547,341.92889654082825,70.84512868004946,0.17163175091295976,0.17163411415108415,412.7740252208777,413.35561191360284,-0.1406988742774562,1.5865410474237847,0.17163175092073235,0.07345021339297389,0.271016998346919,0.17162942975649248,0.07344959884040009,0.27101586455482657,0.047377944804505655,0.6686469753856421,0.6212690305811365,0.2,0.19999730033799806,330.2203345270534,82.55369069382428,-5.981411540512127e-05,4.53743709272203e-09,0.7187634627675098,0.7187604558404925,0.7239558266771486,44.87148774570418,22.285866821871448,32.0884961014791,31.163816367009655,37.85652491168019,26.415525522562206
-134.4986283342,0.006319634953583335,0.05926013805728472,0.7139714975714039,0.6547113595141192,1.6396193285e-15,0.816197778105,341.34158022661245,70.72344110036124,0.1716317509130244,0.17163414988526982,412.0650213269737,412.6456090536788,-0.14069887428017624,1.5865410474246144,0.17163175092064542,0.07320771099846243,0.2705692351293148,0.17162939503333954,0.07320709061179594,0.2705680886797184,0.047620295856545786,0.667677571177048,0.6200572753205021,0.1999999999999998,0.1999972596228739,329.6531462751379,82.41187505183584,-5.981406310251458e-05,4.48678871833863e-09,0.717575951125258,0.717572910629308,0.7225437857765707,44.71009921794292,22.366311358993432,31.9309991126622,31.317529290946965,37.73427697835848,26.50110403794206
-134.1146458597,0.006372965852819444,0.05952724173097906,0.712682122749439,0.65315488101846,1.82765751097e-15,0.815009056218,340.7301283699251,70.59675281537514,0.1716317509128992,0.17163418844199574,411.32688118530024,411.90642889391995,-0.14069887429917216,1.5865410474230865,0.17163175092079835,0.07295940926142931,0.27010999474552827,0.17162935757748393,0.07295878249381357,0.27010883453492146,0.04786920716273793,0.6666819259530428,0.6188127187903049,0.2000000000000001,0.19999721563757314,329.0626502313533,82.26423095394692,-5.981415940325974e-05,4.575895218295045e-09,0.7163580009210033,0.7163549239295143,0.7210935220304081,44.5473069634969,22.448046092200887,31.77121555204786,31.475031175996147,37.61066035378993,26.58820639130928
-133.7200890588,0.0064277654085,0.05980003222209695,0.7113652824853123,0.6515652502632153,2.06061570409e-15,0.81379936523,340.09647473407813,70.465464486648,0.17163175091289792,0.17163423024735136,410.5619392207261,411.14040914810164,-0.14069887427853311,1.5865410474241877,0.1716317509206238,0.07270643426430354,0.2696413066729642,0.1716293169587733,0.07270580046310726,0.26964013140314863,0.048123608667025086,0.6656643199350177,0.6175407112679927,0.2,0.19999716790885486,328.4507141254135,82.11122509531262,-5.981409000321847e-05,4.474198789239381e-09,0.7151149945263906,0.7151118775964139,0.7196112700396825,44.3843148192735,22.53048186215908,31.609924083798866,31.635634345371084,37.48658288689554,26.676211139788293
-133.3224382325,0.006482994689930558,0.06007328154225951,0.7100462209890633,0.6499729394468038,2.3441426466e-15,0.81259205549,339.4523561505974,70.33200789845235,0.17163175091286267,0.1716342732641276,409.78436404904977,410.3617383956024,-0.14069887431756856,1.5865410474247321,0.17163175092053665,0.07245366416769769,0.26917218312392105,0.17162927518549426,0.0724530231403195,0.2691709923827594,0.04837862748337535,0.6646442446691847,0.6162656171858094,0.20000000000000012,0.1999971187977348,327.8286719108778,81.955692138172,-5.9814055686224776e-05,4.423417188093026e-09,0.7138708332057623,0.7138676752442695,0.7181254213253266,44.22354353690353,22.612389691602235,31.44933188516385,31.79717787492165,37.36389888427187,26.763802222496235
-132.9300924959,0.006537487153347223,0.060341262918442364,0.7087525913590912,0.6484113284406489,2.68118227096e-15,0.811412326956,338.81142771699575,70.19921228560987,0.1716317509127945,0.17163431514427127,409.0106400026056,409.58692419399586,-0.14069887424368321,1.5865410474264914,0.17163175092033367,0.07220638910979695,0.26871246549015354,0.17162923453040238,0.07220574119492343,0.26871125989605166,0.04862891013839244,0.6636431140481005,0.6150142039097081,0.19999999999999982,0.19999707101293088,327.2097099889602,81.80093001364543,-5.981394479714908e-05,4.3051562315099545e-09,0.7126516172880984,0.7126484199351625,0.7166671675122124,44.06668917640284,22.69287796950009,31.291279243587827,31.957785816791713,37.2439218905807,26.850018720850887
-132.5453741626,0.006590920255194442,0.060602493703488254,0.7074915514916859,0.6468890577881976,3.0775746544e-15,0.810266431506,338.1777524098867,70.06791946680217,0.17163175091288238,0.17163435552434775,408.24567187668885,408.82087825028924,-0.14069887429972727,1.5865410474257438,0.17163175092049657,0.07196594238038184,0.268264687166205,0.17162919533806104,0.07196528798067657,0.2682634674730731,0.04887305783898774,0.662666523246533,0.6137934654075452,0.2000000000000001,0.19999702493728627,326.59775205782756,81.64791981886134,-5.981399191501424e-05,4.400058095654913e-09,0.7114640655823509,0.7114608308374147,0.7152446585700505,43.913900703597854,22.771832699391023,31.136284291646547,32.11687016450729,37.12680730769632,26.934715708579173
-132.1642722775,0.0066438510725694445,0.06085978273220399,0.706249538302224,0.6453897555700201,3.54640338036e-15,0.809141809774,337.5449550461074,69.93680855129696,0.1716317509128952,0.17163439553838514,407.48176359740444,408.0558936465323,-0.14069887436185535,1.5865410474258212,0.1716317509203301,0.07172970656867504,0.2678240216423371,0.17162915650193158,0.07172904582936554,0.26782278810692256,0.049113684736755495,0.6617040156546272,0.6125903309178717,0.19999999999999998,0.19999697927430612,325.9866417685566,81.49512182884779,-5.9813987030032933e-05,4.303069012223659e-09,0.7102953777148389,0.7102921062588217,0.7138426633293403,43.76403317156564,22.84981359189993,30.983449366703443,32.27529601899833,37.011704669251976,27.018479935909703
-131.7813031556,0.006697041228388889,0.061116859188384026,0.7050085476062485,0.6438916884178645,4.10482468208e-15,0.808022073633,336.9039699576209,69.80400120000405,0.1716317509128696,0.17163443617235094,406.707971157625,407.2810109551905,-0.14069887427884398,1.5865410474273292,0.17163175092027835,0.07149424786416513,0.2673840830419139,0.17162911706978587,0.07149358073026112,0.26738283551915054,0.04935427372304552,0.6607416597092111,0.6113873859861655,0.19999999999999993,0.19999693288429757,325.36762434650467,81.34034681112036,-5.9813891994942026e-05,4.27291535487484e-09,0.7091286177190673,0.7091253091672395,0.7124408889777911,43.61568780939647,22.92753021275437,30.83134624987408,32.43452270606199,36.897539577488665,27.10207811824136
-131.3933728541,0.0067509204369305565,0.061375779130300886,0.7037586529077512,0.6423828737774503,4.54897272246e-15,0.80689830562,336.24948701480827,69.66839719360489,0.17163175091303584,0.17163447798774736,405.9178842084131,406.4898107962411,-0.14069887427380356,1.5865410474281496,0.1716317509202643,0.07125769362804543,0.2669413673974969,0.1716290765132717,0.07125701993428726,0.2669401055186112,0.04959674930746286,0.6597717573714726,0.6101750080640098,0.19999999999999973,0.19999688513889585,324.7355717445595,81.18231246385362,-5.981384028075354e-05,4.264744113413599e-09,0.7079544927322826,0.7079511461066207,0.7110281224987373,43.468184825626984,23.005331462804556,30.679103371401144,32.59547672870366,36.78379302655221,27.185885894860125
-131.0007106972,0.006805456847611112,0.06163635466458054,0.7025007585216018,0.6408644038570213,5.04327237897e-15,0.805771392178,335.5817026798571,69.53003723738311,0.17163175091293903,0.17163452141988095,405.1117399172402,405.682530671089,-0.14069887429083439,1.5865410474285935,0.17163175092013172,0.07102023305380259,0.26649621583392624,0.17162903439633728,0.07101955253293885,0.26649493903813415,0.04984093764618822,0.6587950040159072,0.6089540663697189,0.19999999999999984,0.19999683552342584,324.09067390040303,81.02106601683715,-5.981381230313332e-05,4.1874947953601804e-09,0.7067739074507688,0.7067705212640191,0.7096053767797238,43.321757618584286,23.08308930593844,30.52678121334798,32.75812123823737,36.6706520426911,27.269763265616977
-130.6058101182,0.00686030415025,0.061896914511166606,0.701242933006907,0.6393460184957404,5.32017136661e-15,0.804648583621,334.90472111178934,69.38977168285712,0.17163175091307095,0.1716345660665658,404.2944927946465,404.8641320710495,-0.1406988743332449,1.5865410474278048,0.17163175092026825,0.07078340132804645,0.2660515012700482,0.17162899110489102,0.07078271379254616,0.26605020915711786,0.0500852722701284,0.6578176655208289,0.6077323932507005,0.19999999999999984,0.19999678448391542,323.4368942511617,80.85759854348481,-5.981386200781813e-05,4.267031172844327e-09,0.7055944811349811,0.7055910543256898,0.7081817787420412,43.17715275606647,23.16039701945141,30.37507133707931,32.92173338138913,36.558711925031325,27.353261297899056
-130.2116542356,0.0069150480228333325,0.06215550546550094,0.699994608019605,0.637839102554104,5.71251429754e-15,0.803538229934,334.223631837915,69.24865504202283,0.1716317509128683,0.1716346111021964,403.4722868799378,404.04076769171166,-0.14069887427983208,1.586541047428075,0.17163175092019337,0.07054897358988807,0.26561056754182066,0.17162894743755433,0.07054827903314992,0.2656092600666436,0.05032791782858004,0.6568470832866471,0.606519165458067,0.2000000000000001,0.19999673299308193,322.7791476507027,80.69313922923507,-5.981384497699693e-05,4.223399407976558e-09,0.7044250819633981,0.704421614411933,0.7067680219211966,43.03499701033907,23.23690181179174,30.224665957710183,33.08556003229886,36.4484713055838,27.435992901211275
-129.819640872,0.006969494323333332,0.06241124821208382,0.6987600280772887,0.6363487798652049,6.34733361452e-15,0.80244397086,333.5409156236631,69.10720131136415,0.1716317509129579,0.17163465642237138,402.64811693502725,403.21543651508887,-0.1406988742705062,1.5865410474295722,0.17163175092008412,0.07031773589436893,0.26517491565826684,0.171628903491673,0.07031703432626682,0.2651735928147198,0.050568043448384184,0.6558865808068834,0.6053185373584993,0.1999999999999999,0.19999668119388017,322.11982985905644,80.52828707597084,-5.981375060803984e-05,4.159761424205044e-09,0.7032696907580704,0.7032661824481921,0.70536894734067,42.895490583247756,23.312473791604944,30.07588745672924,33.24922669160534,36.34009613735425,27.517813828018266
-129.429029011,0.007023745970694442,0.06266466566268303,0.6975366692280485,0.6348720035653654,7.29648173132e-15,0.801363425614,332.85536058284686,68.9651593968896,0.17163175091298838,0.17163470205859988,401.8205199797365,402.3866734998273,-0.14069887433560968,1.5865410474296122,0.17163175092005883,0.07008920269552965,0.2647436546841674,0.171628859240244,0.07008849412292839,0.2647423164568301,0.05080613423492102,0.6549342176606145,0.6041280834256936,0.19999999999999976,0.199996629020511,321.4577705125203,80.36274946721618,-5.9813748087833574e-05,4.145017662438022e-09,0.7021259446720651,0.7021223955628774,0.7039817285696985,42.7583158288931,23.387263520895495,29.92850895993915,33.41295756960534,36.23337563264413,27.59886382485045
-129.0377498305,0.0070780903013194455,0.06291712284955815,0.6963179423502517,0.6334008195006935,8.27116546969e-15,0.800290670613,332.1633574324951,68.82178148201879,0.17163175091307042,0.17163474817727356,400.9851389145139,401.55011540656716,-0.14069887428153072,1.586541047430094,0.17163175092012506,0.06986213669382406,0.2643144655402425,0.17162881453023632,0.06986142109932908,0.26431311185661804,0.05104346882187035,0.6539848793131446,0.6029414104912743,0.19999999999999996,0.19999657629334033,320.7894839871017,80.19565492741226,-5.981371772323385e-05,4.183609014773992e-09,0.7009876932813727,0.7009841031806067,0.7025989157415277,42.62299001055369,23.461516889181034,29.78204778669908,33.57727471133159,36.127916697079584,27.67942608993104
-128.6442773783,0.007132739253013891,0.06316960714168326,0.6950990771321488,0.6319294699904655,8.57633136574e-15,0.799221449427,331.46215655641186,68.67649786655953,0.17163175091293284,0.17163479562717293,400.1386544229714,400.70243824275434,-0.14069887427073935,1.5865410474288337,0.17163175092018002,0.06963565138410371,0.26388567862637735,0.17162876852962816,0.06963492856902374,0.2638843090618003,0.0512809737914841,0.6530348594349656,0.6017538856434815,0.19999999999999998,0.19999652205184215,320.1123151998731,80.02633922309823,-5.981379715969126e-05,4.215627846804182e-09,0.6998505086439551,0.699846876425357,0.7012151101910091,42.48919720274069,23.535394072719658,29.636107289592278,33.7426231531826,36.02346184480298,27.759686293011498
-128.248392535,0.007187723259027778,0.06342225435257447,0.6938794172110639,0.6304571628584895,8.96001480478e-15,0.798155146365,330.75128132737865,68.52920979707851,0.17163175091296334,0.17163484456886324,399.28049112445717,399.8430658169038,-0.14069887426888528,1.58654104742902,0.17163175092008645,0.06940963120714883,0.26345707659341555,0.1716287210895962,0.06940890093735823,0.2634556906528273,0.05151877600204516,0.6520836505922525,0.6005648745902074,0.20000000000000004,0.19999646608691038,319.42580392211977,79.85468720233742,-5.981378541353166e-05,4.161115896295087e-09,0.6987138143286914,0.6987101386793173,0.6998295727867123,42.35695382662202,23.608874332494707,29.49062661035951,33.909079424196385,35.92005204206375,27.8396033176389
-127.850966833,0.007242921273194444,0.06367450789148406,0.6926616502321078,0.6289871423406237,9.49015478498e-15,0.797094055187,330.03222394739925,68.38022644663603,0.17163175091292218,0.17163489479318042,398.4124503940353,398.97380204214096,-0.1406988742700399,1.58654104742949,0.17163175092007107,0.06918457928524026,0.2630296167454157,0.17162867243312066,0.06918384136819045,0.2630282140155129,0.051756350016103535,0.6511333545359411,0.5993770045198376,0.19999999999999993,0.19999640868339136,318.7313911404785,79.68105925355687,-5.9813755781679134e-05,4.1521452942561154e-09,0.6975801491991368,0.6975764290228662,0.6984453649533117,42.22651260473547,23.68180411583067,29.34583167169803,34.07638983237367,35.817889761322554,27.9190093739089
-127.4532799934,0.007298155556472221,0.06392556650465829,0.6914496439847285,0.6275240774800702,1.02428704125e-14,0.796041456877,329.3072712167619,68.23002162335172,0.17163175091297234,0.17163494616814542,397.53729284011365,398.09741141638864,-0.14069887424841276,1.5865410474309816,0.1716317509199797,0.0689612105693359,0.26260466593214965,0.1716286226626101,0.06896046483887612,0.2626032460554822,0.051992938709408666,0.650186999762266,0.5981940610528573,0.19999999999999998,0.19999634994610893,318.03128530463357,79.50600753548015,-5.981366177909564e-05,4.0989212024555854e-09,0.6964531382739475,0.6964493726227878,0.6970668980196728,42.0981905178893,23.75399008123776,29.20206313166432,34.24415581499384,35.71725912688838,27.99766903858499
-127.0562636837,0.007353296710597222,0.06417486392883977,0.6902461304287446,0.6260712664999049,1.13379673361e-14,0.794999604189,328.57813843994614,68.07895072551483,0.17163175091298186,0.17163499886254824,396.657089165461,397.2159675603299,-0.140698874292855,1.5865410474299215,0.1716317509200863,0.06874002355634487,0.2621831870207258,0.1716285715945266,0.06873926980572949,0.2621817495664591,0.05222800546355936,0.6492467327461953,0.5970187272826359,0.2,0.1999962896736979,317.32714305959956,79.32994610586134,-5.981372859231726e-05,4.161027078453117e-09,0.6953353351704289,0.6953315229017649,0.6956972985557396,41.97207123635574,23.825366977215342,29.059466026763833,34.41219460395445,35.6182405393718,28.07550246325663
-126.6597974915,0.007408361459513889,0.06442250119667883,0.689050625003134,0.6246281238064552,1.28761085356e-14,0.793967944292,327.84463822725644,67.9269749273545,0.17163175091291435,0.17163505235051962,395.771613154611,396.3292439397351,-0.14069887439568385,1.5865410474290023,0.17163175091993707,0.06852092214935213,0.2617650132262754,0.17162851975502919,0.06852016029997805,0.26176355800603346,0.052461641257624016,0.6483121895691917,0.5958505483115677,0.20000000000000004,0.1999962284868103,316.61878318154794,79.15282997306306,-5.9813786534856916e-05,4.0740744111644744e-09,0.6942262975588727,0.6942224381731129,0.6943360364759036,41.848477246468555,23.895732074322645,28.91840829730288,34.58004983259285,35.52111766215774,28.152267321963954
-126.2650964308,0.007463181051277777,0.0646677505006034,0.6878666424408526,0.6231988919402492,1.49714390454e-14,0.792949362504,327.10907457724767,67.77457160030386,0.17163175091285088,0.17163510626333978,394.88364617755155,395.4400258424308,-0.14069887429680739,1.5865410474303498,0.17163175091996485,0.06830454121811279,0.26135137500712097,0.17162846749125663,0.06830377125349459,0.2613499019580734,0.052693155524543164,0.6473861325016514,0.5946929769771083,0.2,0.19999616675671808,315.9084306271251,78.97521555042646,-5.98137015916933e-05,4.090261462863509e-09,0.6931292887345337,0.6931253820650458,0.6929871353217734,41.72982944910288,23.963673305199627,28.78133667736091,34.74473792548312,35.42780165832856,28.22641973792677
-125.88472031,0.007516011068055555,0.0649029114839749,0.6867313739817074,0.6218284624977325,1.76977291391e-14,0.791975538926,326.3951843397095,67.62665884353838,0.1716317509130762,0.17163515602319349,394.0218431832479,394.5770085925869,-0.14069887430065986,1.58654104743119,0.17163175091994942,0.06809763826904935,0.26095524188843067,0.17162841927004674,0.06809686110342661,0.2609537528057924,0.05291526534550992,0.6464976932177098,0.5935824278721998,0.19999999999999984,0.1999961098508896,315.21900735032114,78.80283583292683,-5.981364863405503e-05,4.0812686563640455e-09,0.6920787051407243,0.6920747559485931,0.6916930284924702,41.61402411630064,24.030360467068835,28.646212041700156,34.908629404275324,35.33661719096565,28.299256677452007
-125.5077897832,0.007568362530111112,0.06513480227147803,0.6856118983621464,0.6204770960906684,2.13186508959e-14,0.791017939731,325.682906506268,67.47908016469377,0.17163175091280422,0.17163520414989542,393.1619866709618,393.7159405672472,-0.14069887429176697,1.5865410474311037,0.17163175091985147,0.06789416880794154,0.2605650951450358,0.17162837267481118,0.06789338486692478,0.2605635908313454,0.053134400950003,0.6456211507992474,0.5924867498492444,0.20000000000000015,0.19999605485210822,314.5311404189523,78.63084625200952,-5.981365408525008e-05,4.024203192898312e-09,0.6910439979969643,0.6910400084106001,0.6904162507201439,41.500113528775856,24.096319623477843,28.512696339305723,35.0720951852409,35.2468131546529,28.37135929459174
-125.1231946623,0.007621778519125001,0.06537024622157488,0.684475260447885,0.6191050142263101,2.29478189802e-14,0.790048315696,324.95117349173887,67.32747051696795,0.1716317509129393,0.17163525464674578,392.2786440087068,392.8313533006341,-0.14069887428366235,1.5865410474318917,0.17163175091984173,0.06768814824805257,0.26016946063681756,0.1716283238122165,0.06768735716431296,0.26016794030839574,0.05335701239756716,0.6447307050089428,0.5913736926113756,0.19999999999999984,0.19999599713190908,313.82448544663225,78.45415856207451,-5.981360441387196e-05,4.018518851012232e-09,0.689994736766666,0.689990704707675,0.6891192211997339,41.38599162062344,24.16276524595053,28.37814117440029,35.23838978227695,35.15672360001716,28.44406126626407
-124.7257461072,0.007676979707333334,0.06561233906934365,0.6833065077949483,0.6176941687256047,2.5215854505e-14,0.789054006451,324.1897193651384,67.16970287550149,0.1716317509131032,0.171635309476692,391.35942224063996,391.9108363756176,-0.14069887428403982,1.5865410474325903,0.17163175091989247,0.06747690860306181,0.25976317791993114,0.17162827077653248,0.06747610962499101,0.2597616400182887,0.05358603492480448,0.6438146149002452,0.5902285799754406,0.20000000000000023,0.19999593439810853,313.0891289041192,78.27029333652068,-5.98135603824268e-05,4.048095192388246e-09,0.6889172354503903,0.6889131567855076,0.6877848379870195,41.27089824443681,24.230148664980824,28.24119226958307,35.40926992225612,35.065763062446045,28.517845119160057
-124.3166674588,0.007733796186277777,0.06586024116010125,0.6821096955397213,0.6162494543796201,2.88086049192e-14,0.788038577972,323.40040509195677,67.00616281837492,0.17163175091297345,0.17163536818360267,390.4065679103317,390.9566395009643,-0.140698874262557,1.5865410474332968,0.1716317509196904,0.06726123561278002,0.25934771179399296,0.17162821401443995,0.06726042809396197,0.25934615496274854,0.05382068255240773,0.642876024388822,0.5890553418364143,0.20000000000000018,0.19999586717605003,312.32686780987945,78.07970010045226,-5.981351585138128e-05,3.930367142856994e-09,0.6878153788393165,0.6878112499712866,0.6864176805318452,41.15663484551003,24.297418964249815,28.103404248630753,35.5828778304935,34.975396346345036,28.59152731530092
-123.9077618922,0.007790588626083334,0.06610677302065225,0.6809194933070101,0.6148127202863578,3.39777661554e-14,0.787031413641,322.6057814404853,66.84152269749828,0.17163175091286784,0.17163542750178534,389.44730413798356,389.99602415377655,-0.1406988742984283,1.5865410474323962,0.17163175091964522,0.06704740119999625,0.25893512932778406,0.1716281566869032,0.06704658512487306,0.2589335534936966,0.05405416091012475,0.6419421109577278,0.5878879500476031,0.2,0.19999579928251907,311.55947926848523,77.88782486949832,-5.981357261708453e-05,3.9040326527128855e-09,0.6867211699745653,0.6867169907091458,0.6850573357441219,41.04371104611831,24.364268593460302,27.965300010612054,35.758600823897034,34.88607341801811,28.664733574845823
-123.500588561,0.00784714047763889,0.06635102269282905,0.6797402992940037,0.6133892766011746,4.10313455796e-14,0.786036079604,321.80893017311064,66.67642103127702,0.1716317509130418,0.17163548796610284,388.48535120438765,389.0327158562479,-0.1406988742978843,1.5865410474327941,0.17163175091976043,0.0668361874805375,0.2585269569707142,0.1716280982271723,0.06683536270355725,0.25852536181883057,0.05428560390154143,0.6410163389926369,0.5867307350910954,0.20000000000000012,0.19999573008944302,310.78993976121245,77.69541144317519,-5.9813547537146405e-05,3.9711567367817224e-09,0.6856386571485692,0.6856344266504736,0.6837088498720706,40.933202525772984,24.430045495960517,27.828533821211845,35.9343401425542,34.79861019846138,28.736779839679198
-123.0946617621,0.007903519199708333,0.06659331307511869,0.6785705526170608,0.611977239541942,5.0397971163e-14,0.785051090213,321.0089747933259,66.5106762158562,0.17163175091288532,0.17163555000974484,387.5196510091821,388.06565501735105,-0.1406988743037796,1.5865410474342272,0.17163175091957383,0.06662730411758198,0.2581226532437283,0.17162803821653597,0.06662647039749123,0.25812103826982263,0.05451531378018023,0.6400974994771494,0.5855821856969692,0.2000000000000001,0.1999956590743775,310.017403001328,77.50224800785412,-5.981345720940112e-05,3.862443698210427e-09,0.6845664043061618,0.6845621212381342,0.6823704618546823,40.82499616389939,24.494797157734386,27.693074679614938,36.11011097789394,34.712886982237585,28.807745103762045
-122.688812682,0.007959887127499999,0.06683436613407014,0.6774067723857737,0.6105724062517036,6.37747424616e-14,0.784073358455,320.2036521471936,66.34381934286101,0.17163175091307756,0.1716356130075523,386.5474714900547,387.0921057250866,-0.14069887424124072,1.5865410474351926,0.17163175091960653,0.06642012247019433,0.2577210167413483,0.17162797727826054,0.0664192797288728,0.25771938174858483,0.05474397120361549,0.6391828697835702,0.5844388985799547,0.19999999999999993,0.19999558697982056,309.2396830338357,77.30778845621894,-5.981339635807714e-05,3.881495125312995e-09,0.6835012252030601,0.6834968890430728,0.6810382058927952,40.71858385553863,24.558810874852607,27.558350385455316,36.28664219785005,34.62851889885088,28.877931595081424
-122.2802287324,0.008016634898277777,0.06707585903024313,0.6762408672529102,0.6091650082226671,8.27670949056e-14,0.783095962347,319.38734056097996,66.17468564292481,0.1716317509129602,0.17163567641844124,385.5620262039048,386.1052719751732,-0.14069887429648542,1.5865410474325745,0.17163175091976102,0.06621320412635069,0.2573192649732054,0.17162791598640736,0.06621235242335255,0.2573176100140691,0.05497316497975207,0.6382660946797963,0.5832929297000443,0.20000000000000007,0.19999551441240157,308.45135043536703,77.11067576853779,-5.981356137052529e-05,3.97148980368911e-09,0.6824357404039343,0.6824313512911826,0.6797028249113454,40.614039901591994,24.622027319198104,27.42435017641194,36.463945127863546,34.545540385095684,28.947296491892182
-121.869422264,0.008073691352222223,0.06731748369917788,0.6750743060697199,0.607756822370542,1.09410169238e-13,0.782120025162,318.5609764222902,66.00346912877446,0.1716317509128912,0.17163574334140222,384.5644455510647,385.1062857599669,-0.14069887429465355,1.586541047429009,0.17163175092014757,0.06600681841453214,0.25691792155186866,0.1716278512518889,0.0660059571291341,0.2569162453585489,0.055202605012029844,0.6373483345526176,0.5821457295405877,0.20000000000000012,0.19999543773732753,307.6533109248669,76.91113462619784,-5.981378611297217e-05,4.196709646464569e-09,0.6813713385802904,0.681366893152417,0.6783660091376271,40.514397792640246,24.68258334032692,27.294307088853202,36.63767674133017,34.46636312060112,29.013795174759338
-121.4767678462,0.008128226688027778,0.06754735541230307,0.6739644997855957,0.6064171443732926,1.38144639116e-13,0.781193313157,317.7658800511867,65.83873106396508,0.1716317509129247,0.17163580491654912,383.60461111515184,384.1450989451054,-0.14069887431541472,1.5865410474273167,0.17163175092028343,0.06581108307907513,0.2565367090283087,0.17162779168470718,0.06581021328127612,0.2565350137530472,0.05542099117591328,0.6364747898977626,0.5810537987218494,0.20000000000000007,0.19999536719837527,306.88546605618706,76.71914505896473,-5.981389277209814e-05,4.275890752580835e-09,0.6803603258572672,0.6803558298222268,0.6770935979282441,40.417738459055094,24.741611928956466,27.16615115322723,36.810514465579864,34.38966683911327,29.078502117462936
-121.0910879527,0.00818179333990278,0.06777212910354567,0.6728793100251514,0.6051071809216058,1.63677915768e-13,0.780288702851,316.9799277410085,65.67588758068203,0.17163175091294433,0.17163586453712074,382.65581532169057,383.19496632570866,-0.14069887430614436,1.5865410474248567,0.17163175092052585,0.06562026829408248,0.2561645336382117,0.17162773405511644,0.06561939043685534,0.2561628201688437,0.05563463743949436,0.6356202048446519,0.5799855674051575,0.19999999999999996,0.19999529899864735,306.1264511228579,76.52936419883268,-5.981404782584576e-05,4.417133325773648e-09,0.6793732804919408,0.6793687362043588,0.6758488034062401,40.323991338707096,24.79913239739484,27.04087853547027,36.98104699846465,34.31542745500676,29.14141172541611
-120.702034952,0.008235828478888887,0.0679978582739374,0.6717894989360296,0.6037916406620922,1.89133128823e-13,0.779381668251,316.18211571430896,65.51058685221537,0.1716317509130206,0.17163592590929042,381.6927025665243,382.23049657238016,-0.14069887428618255,1.5865410474252601,0.1716317509206004,0.06542922120471592,0.2557913626468179,0.171627674747417,0.06542833504182351,0.2557896304423295,0.05584929672917859,0.6347615676862851,0.5789122709571065,0.2,0.19999522873049003,305.3559832119734,76.33671935455094,-5.98140224017385e-05,4.460565250496984e-09,0.678383594695055,0.6783790007201098,0.6745981065598328,40.230922047850285,24.856502140582542,26.915488597150457,37.15332888684287,34.241789714974644,29.204080987702557
-120.3020655339,0.008291379786958332,0.06822887356285857,0.6706741520059698,0.6024452784431112,2.13993389142e-13,0.778454735654,315.3567119622222,65.33956932299775,0.17163175091286206,0.17163599140174068,380.6962812852199,381.2326713621537,-0.14069887426417793,1.586541047426528,0.17163175092041957,0.06523430432964071,0.25541007092446594,0.1716276115312365,0.06523340923325625,0.2554083186453727,0.056069093548511244,0.6338823804080516,0.5778132868595404,0.19999999999999976,0.19999515378497582,304.55886996421395,76.13741132100597,-5.9813942487885186e-05,4.3552050854600566e-09,0.6773723719291255,0.6773677247143741,0.6733174762665212,40.138393678512664,24.913802181758243,26.789276417952344,37.32836917274362,34.16865287765103,29.266591328043788
-119.8952272557,0.008347885103375,0.06846278576314146,0.6695448069363623,0.6010820211732208,2.39227133384e-13,0.777517432617,314.51173405620136,65.16449617453192,0.17163175091295751,0.17163605982918048,379.67623023073327,380.2111830855885,-0.1406988743765769,1.5865410474244672,0.17163175092045183,0.06503757204168446,0.2550246498707222,0.17162754549940082,0.06503666756685399,0.25502287655591604,0.05629175976033041,0.6329917155609371,0.5766999558006067,0.20000000000000007,0.19999507537939196,303.7428539459744,75.93337628475888,-5.981407238397907e-05,4.373990059036714e-09,0.67635019777436,0.6763454947708502,0.6720201276663798,40.04816540950831,24.969932824003426,26.663820831397185,37.504002382977305,34.0973233677874,29.327815242668727
-119.4960533762,0.008403325919972223,0.06869126798048485,0.6684416866706256,0.5997504186901408,2.6114655695e-13,0.776602997815,313.6773983071686,64.99162800191446,0.17163175091290933,0.17163612523446814,378.669026309083,379.2025600423305,-0.14069887428711514,1.586541047425825,0.17163175092046173,0.06484602718795404,0.2546488311144468,0.17162748245102458,0.06484511401502517,0.2546470381037745,0.05650936274733859,0.6321213036129547,0.5756119408656162,0.20000000000000012,0.19999500053314415,302.9371141905128,75.73191211857025,-5.98139867968861e-05,4.379763218764765e-09,0.6753534898472516,0.6753487346083874,0.6707522795797604,39.95957419289409,25.0252916903661,26.538494905670746,37.681112043257585,34.027288184372374,29.388177940646692
-119.0977694532,0.0084586431315,0.06891824249982403,0.6673458469806556,0.5984276044808315,2.88110801042e-13,0.775695555454,312.8397300603944,64.81806936057382,0.1716317509130066,0.17163619002787112,377.6577994209683,378.18990836461177,-0.1406988742625348,1.5865410474232822,0.17163175092080785,0.0646563571118456,0.25427614341861804,0.17162742005154516,0.06465543546552918,0.254274331118045,0.056725634476028124,0.6312562166999275,0.5745305822238994,0.19999999999999987,0.19999492640660832,302.12815561889005,75.52964380207818,-5.981414706868193e-05,4.5814241289576785e-09,0.6743650857972524,0.6743602793996936,0.6694921879755382,39.873063049890334,25.079588160778393,26.414544006567223,37.85793159069407,33.95899466243832,29.447279283155257
-118.6958526764,0.008514464906055556,0.06914628895399054,0.6662448227618081,0.5970985338078175,3.13261561376e-13,0.774784647907,311.9891797895803,64.64184165942902,0.1716317509129572,0.17163625677442465,376.6310214490093,377.161683692243,-0.14069887429676298,1.5865410474234494,0.17163175092072422,0.06446640762072678,0.2539023584386856,0.1716273557789861,0.06446547724557775,0.2539005262806238,0.05694303511718089,0.6303866141348963,0.5734435790177154,0.20000000000000004,0.19999484998657527,301.3067568140241,75.32426463498524,-5.981413653266543e-05,4.532707542637127e-09,0.6733737716429911,0.673368912581439,0.6682255188418819,39.78773639270655,25.133372507798885,26.290557569064006,38.03646983800359,33.89183061167921,29.50563548654694
-118.2875969119,0.008571167095569444,0.06937691999373456,0.6651313084711207,0.5957543884773862,3.40077860576e-13,0.773864107287,311.11984194135357,64.4617213117207,0.17163175091287727,0.17163632636984846,375.58156325307425,376.1107468400546,-0.14069887431463757,1.5865410474232706,0.1716317509206455,0.06427493848355553,0.25352502535954025,0.17162728880213868,0.06427399898620241,0.25352317248370493,0.05716301086860648,0.6295067111288007,0.5723437002601943,0.20000000000000012,0.19999477027241438,300.46721479172135,75.11434846135286,-5.981414780142913e-05,4.486833127259615e-09,0.6723730475842142,0.67236813357711,0.6669438460142488,39.702799125090834,25.18714100860545,26.165289262208965,38.21857232223759,33.82514004379672,29.563809601533123
-117.8690523392,0.008629298286222224,0.06961231974008161,0.6639947542901027,0.594382434550021,3.69640262494e-13,0.772925092525,310.2229931748913,64.27590090606132,0.17163175091290733,0.17163640031420693,374.49889408095265,375.0265522181122,-0.14069887426335637,1.586541047422341,0.17163175092086955,0.06408017148293034,0.25314061602779264,0.17162721769377873,0.06407922223294926,0.25313874107482887,0.05738765129379978,0.6286081494291473,0.5712204981353476,0.1999999999999999,0.19999468563309575,299.6011054892905,74.89778859166215,-5.981420639900037e-05,4.617373150495041e-09,0.6713535566146722,0.6713485840568741,0.6656349948035932,39.61826654763473,25.240882227839457,26.038499572096615,38.40467063899566,33.7588775578301,29.62183793839017
-117.4402976686,0.008688847546027778,0.0698523844799382,0.6628356548856431,0.5929832704057049,4.03038906315e-13,0.771967883418,309.29840670712184,64.08433345464073,0.1716317509129563,0.1716364796068379,373.3827401617626,373.9088256704403,-0.14069887431364947,1.5865410474218837,0.17163175092086974,0.06388223762814219,0.25274935732488457,0.1716271414417612,0.06388127778483277,0.2527474585131031,0.05761686556636959,0.6276912923388706,0.570074426772501,0.19999999999999993,0.19999459477941198,298.70821034548436,74.67452981627817,-5.981423522039009e-05,4.6174841727975036e-09,0.6703159004460354,0.6703108646123301,0.6642994944002583,39.53588975248607,25.29347401210614,25.91209460384419,38.59201717531724,33.69446683015678,29.67846338215369
-117.0159659618,0.008747782505305553,0.07008892653640277,0.6616935596951432,0.5916046331587405,4.34815453728e-13,0.771024983554,308.3775412050752,63.89353695964316,0.17163175091289865,0.171636558491751,372.27107816471835,372.7955973737236,-0.1406988743162252,1.586541047420395,0.1716317509210035,0.06368790245923027,0.25236462204364196,0.17162706557362048,0.06368693218552621,0.25236269967157626,0.0578428345289152,0.6267874164893569,0.5689445819604417,0.20000000000000034,0.1999945043150957,297.81890841631923,74.45216974839909,-5.981432905644013e-05,4.6954218291261896e-09,0.669295545026702,0.6692904467088294,0.6629829025621521,39.45896898362881,25.342780760817433,25.790296313895166,38.77427338673984,33.63449675438319,29.731379877704924
-116.6223390182,0.008802452914138888,0.0703074539974167,0.6606384773571623,0.5903310233597456,4.63312803432e-13,0.770154037999,307.5181556113408,63.71547864527755,0.1716317509130482,0.17163662555199127,371.2336342566183,371.7566917370894,-0.14069887431670258,1.5865410474204291,0.17163175092110658,0.06350899307750642,0.25200990670508655,0.17162700115494092,0.06350801453507748,0.2520079652214935,0.058051691936573654,0.6259519868592366,0.5679002949226629,0.2000000000000001,0.19999442761702052,296.9889760612796,74.2446581953387,-5.981432690260746e-05,4.7554848947584105e-09,0.6683548054177771,0.6683496564142736,0.661766009962474,39.38575533833062,25.38989011153456,25.67161699305724,38.95352599995727,33.57761630625767,29.78174480520333
-116.2387554468,0.008855728410166666,0.07051957935839534,0.6596143262904963,0.589094746932101,4.93991838484e-13,0.769308602644,306.67594268787434,63.540978380437345,0.17163175091263022,0.17163668694434192,370.21692106831165,370.73854602882227,-0.14069887420610216,1.5865410474208979,0.17163175092086183,0.06333590186246764,0.25166625094054157,0.17162694222778477,0.06333491615138738,0.25166429256330225,0.05825452343868618,0.6251406608495657,0.5668861374108795,0.20000000000000004,0.19999435735494936,296.1756258573266,74.041295210985,-5.981429735957278e-05,4.612887849475555e-09,0.6674433968757633,0.6674382030686652,0.6605842268641965,39.31629474293203,25.434746751657517,25.55786608294178,39.126897243875746,33.523895371522144,29.829469067293395
-115.8560030849,0.008908888460430555,0.07073043712011168,0.6585962925216561,0.5878658554015443,5.27106195316e-13,0.768468047216,305.83089442209456,63.36589065407773,0.1716317509130101,0.17163674845679988,369.19678507617226,369.7169726948655,-0.14069887430419037,1.5865410474210582,0.17163175092105482,0.06316440865075337,0.25132530443780104,0.17162688318465288,0.06316341581658837,0.2513233292326607,0.05845623865239519,0.6243337999956938,0.5658775613432987,0.20000000000000018,0.19999428691091434,295.35953731506106,73.83724776111119,-5.981428725654325e-05,4.725331237409591e-09,0.6665391735597977,0.6665339351234681,0.6594089477422206,39.249332878612705,25.478140051264628,25.446391565730984,39.29830276394529,33.47228557513149,29.87546212688142
-115.4747568438,0.00896183932725,0.0709396786609452,0.6575860759395573,0.5866463972786121,5.62655002185e-13,0.767633642438,304.98456104255337,63.190536661450885,0.1716317509128582,0.17163680709986187,368.17509770400426,368.69384579470113,-0.14069887431367167,1.5865410474208526,0.1716317509209217,0.0629947921382356,0.25098763343686,0.1716268269925941,0.06299379281299675,0.2509856426431535,0.05865649954482445,0.6235327564253094,0.5648762568804849,0.2,0.1999942198231877,294.542206280366,73.63289142363823,-5.981430021284595e-05,4.647771056909278e-09,0.6656436371934703,0.6656383574147458,0.6582421421162363,39.183211084795715,25.521134493952452,25.334397421982437,39.472026247299205,33.42144900532751,29.920904980529002
-115.0843601793,0.009016061086208333,0.07115313349218931,0.65655550022413,0.5854023667319407,6.02249163878e-13,0.766781968211,304.1131649123151,63.00998985306242,0.17163175091293573,0.17163687009225434,367.12315476537754,367.6404206987053,-0.14069887428176386,1.5865410474200214,0.17163175092111474,0.06282233609074225,0.25064384311357474,0.1716267666829691,0.06282132963998588,0.2506418353746754,0.05886089285525804,0.6227151831845414,0.5638542903292834,0.2000000000000001,0.19999414776803456,293.7006723021635,73.42248246321394,-5.981435259316825e-05,4.760236649303806e-09,0.6647318717885781,0.6647265470695525,0.6570512592571318,39.11710996005014,25.564260780545613,25.220753623248896,39.649885762263025,33.370848311282906,29.96627447621382
-114.6768087684,0.009072665448833334,0.07137510520902565,0.655483779183698,0.5841086739746724,6.47626554521e-13,0.76589563999,303.1983717039917,62.82045149225849,0.17163175091291882,0.17163694014787464,366.0188231962502,366.53453315791205,-0.14069887418757254,1.5865410474184432,0.1716317509213498,0.06264361883015113,0.25028707283867285,0.17162669964672206,0.06264260418287937,0.25028504586347017,0.05907355120780735,0.6218645497755206,0.5627909985677133,0.19999999999999993,0.1999940675850147,292.81722993255175,73.2015932636984,-5.981445208025349e-05,4.8971937616215655e-09,0.6637856822884172,0.6637803065528425,0.6558122207273561,39.05000885206435,25.608188817276943,25.103295527225516,39.83540722434074,33.31979465128654,30.012189764842624
-114.2467407223,0.009132397121902776,0.07160839834548223,0.6543573587444724,0.5827489603989902,7.00571079037e-13,0.764963176407,302.22740591492436,62.61927458980371,0.17163175091294883,0.17163702052253946,364.84668050472806,365.36073895155005,-0.140698874295353,1.5865410474166106,0.17163175092149627,0.06245647066308452,0.24991292616246266,0.17162662276146218,0.06245544619018051,0.2499108764943625,0.05929717958919539,0.6209700362506999,0.5616728566615046,0.20000000000000004,0.1999939754881937,291.87954242691666,72.96713807781143,-5.981456758785697e-05,4.982525503294255e-09,0.6627934088804165,0.6627879729610686,0.654509266116381,38.982249176678295,25.6527014505429,24.981735937688264,40.029243864169075,33.268602428510285,30.058371166894204
-113.7979383122,0.009194730789972221,0.07185084452421281,0.6531867088399141,0.5813358643157014,7.6330111429e-13,0.763992929828,301.2080062969026,62.40806255753215,0.17163175091284474,0.17163711037016746,363.61606885443473,364.1283934049381,-0.1406988742933879,1.5865410474153705,0.1716317509215565,0.06226273007585887,0.24952500891866303,0.17162653678514808,0.062261694284294566,0.24952293338347592,0.05952971681728993,0.6200398873386209,0.560510170521331,0.19999999999999998,0.19999387235371036,290.8950831942029,72.72098566023178,-5.9814645747557904e-05,5.0176307553329025e-09,0.661764614586622,0.6617591100652414,0.6531544047530389,38.9160538420528,25.696336120272225,24.85870220227085,40.227361503556274,33.21903364415483,30.10322367327379
-113.3515193056,0.009256733429777779,0.07209101377290666,0.6520270502398242,0.5799360364669175,8.36264823134e-13,0.763030451944,300.1878331917532,62.196690264604555,0.1716317509130462,0.17163719995583343,362.38452345635784,362.8951127949726,-0.14069887430621097,1.5865410474171957,0.17163175092147942,0.062071575715233335,0.2491416779971455,0.17162645112929606,0.06207052880123505,0.2491395769468092,0.05976020178729128,0.6191179474582341,0.5593577456709429,0.19999999999999984,0.19999376958774884,289.9098765700608,72.474646886297,-5.981453070624809e-05,4.972711131756569e-09,0.660747983665992,0.6607424114759518,0.6518115007224523,38.85299082813542,25.738044322596895,24.736547489795807,40.42601338818664,33.17227673710367,30.145654696094027
-112.9195894242,0.009316723691083334,0.07232247606353276,0.6509094507295745,0.5785869746660417,8.86244947534e-13,0.762101463209,299.1949279660371,61.990967673703445,0.1716317509129299,0.17163728324130548,361.1858956397405,361.6947961462005,-0.1406988742669757,1.5865410474179504,0.17163175092133107,0.06188808339004865,0.24877315649010173,0.171626371580881,0.06188702654468629,0.24877103236648412,0.05998245266219156,0.6182289439578872,0.5582464912956956,0.20000000000000012,0.19999367415430686,288.9510013180348,72.23489432170575,-5.981448313319149e-05,4.886269167059254e-09,0.6597706287542235,0.6597649953715953,0.6505165720518115,38.796788676736874,25.775329198821414,24.62223612432769,40.61369548040207,33.13099164500439,30.183219709054
-112.5310750908,0.009370684015166667,0.07252994060079213,0.6499077870513621,0.57737784645057,9.33809214455e-13,0.761267571795,298.2969403172963,61.80491130010135,0.17163175091298355,0.17163734651094134,360.10185161739764,360.6092247370688,-0.14069887425677274,1.5865410474182204,0.17163175092127,0.06172424044967939,0.24844363636382275,0.1716263113254709,0.061723177052412995,0.2484414962368666,0.060181753744631486,0.6174317396278266,0.5572499858831951,0.20000000000000004,0.19999360190074078,288.08378526130815,72.01806635608945,-5.981446611347252e-05,4.850697621350264e-09,0.658896709300977,0.658891033475937,0.6493553586898316,38.744570277303666,25.810068168075514,24.51214193912011,40.796108413685864,33.092965994632344,30.217901899823644
-112.1520531963,0.009423325944958334,0.07273166437898694,0.6489338535455886,0.5762021891666017,9.91521285449e-13,0.760455457107,297.4164568875286,61.62248167068867,0.1716317509129911,0.17163740574902217,359.0389385582173,359.5448140641565,-0.14069887428524996,1.5865410474161576,0.1716317509215494,0.061565493806467544,0.2481239484742808,0.17162625498554934,0.061564424589930195,0.24812179386327635,0.060375633419234444,0.6166562209308095,0.556280587511575,0.2,0.19999353427909725,287.2334722921438,71.80546626607352,-5.9814596131690934e-05,5.013478521220804e-09,0.6580488658967124,0.6580431516585664,0.64822573277101,38.69469436221393,25.84333631477183,24.406154564115912,40.973271613639966,33.05695892065702,30.250816549707128
-111.7587138758,0.009477956406138889,0.07294030600018386,0.647926497854314,0.5749861918541301,1.06263386176e-12,0.759613906147,296.49810357658043,61.43220568301766,0.17163175091289176,0.17163747104998717,357.9303092595981,358.43462273888434,-0.14069887429754013,1.5865410474111872,0.17163175092203667,0.06140188387308481,0.24779403518463639,0.17162619285884442,0.06140080795614149,0.24779186418472557,0.06057626656717712,0.6158536883414762,0.5552774217742992,0.19999999999999973,0.199993459618448,286.3465884084701,71.58372085112804,-5.981490942552625e-05,5.2973847530779494e-09,0.6571739037359469,0.6571681460328257,0.6470567582287824,38.64500535825013,25.876565179114795,24.298744528228852,41.15438963680855,33.02145073788256,30.28334545134897
-111.341790436,0.009535862439444445,0.07316068615095835,0.646862428434737,0.5737017422837786,1.15094208908e-12,0.758723036169,295.51958715417055,61.229464345403244,0.1716317509129422,0.1716375468674501,356.74905149957385,357.25170062063467,-0.14069887426360062,1.5865410474107826,0.17163175092219454,0.06122971170287606,0.24744638147056436,0.17162612068092908,0.06122862750284233,0.24744419068315654,0.060788307068153274,0.6150055263383605,0.5542172192702072,0.19999999999999987,0.19999337281735258,285.40160544078265,71.34744605879118,-5.981493492734913e-05,5.38937783289839e-09,0.656251892242592,0.6562460820611025,0.6458213195661194,38.59504024942849,25.91006496009051,24.187406001308748,41.34382992313815,32.98622675699695,30.315683190041817
-110.9038254835,0.009596690905069444,0.07339135165045467,0.6457486613006453,0.5723573096501907,1.26015659935e-12,0.75778822853,294.4860653741703,61.015326306052195,0.17163175091290828,0.17163763281362537,355.5013916802225,356.0022828846617,-0.14069887428264094,1.5865410474060495,0.171631750922602,0.06105021715729824,0.24708342145376375,0.17162603885351851,0.061049123161409355,0.24708120762496155,0.0610103761502627,0.614117250011961,0.5531068738616983,0.1999999999999998,0.19999327426915828,284.4035043508523,71.09788732937021,-5.9815233255378075e-05,5.626765720023741e-09,0.6552892869443523,0.6552834156548419,0.6445274501012882,38.54606477325619,25.942985513110386,24.073330381599522,41.539744777662804,32.952299219356775,30.34689607979106
-110.4605179302,0.009658261398583333,0.07362398507220703,0.6446253786935617,0.5710013936213547,1.37149288038e-12,0.75684286464,293.43410529762957,60.797367988624195,0.17163175091303634,0.17163772197294738,354.2314732862538,354.7305752122272,-0.14069887425824934,1.586541047404958,0.17163175092277327,0.0608699399444855,0.24671834132160808,0.17162595403322348,0.06086883576989507,0.24671610358850732,0.06123447456295943,0.613220856362027,0.5519863817990676,0.2,0.19999317202808578,283.3875973115537,70.84387597470003,-5.981530205589891e-05,5.7265747699375424e-09,0.6543210588938005,0.6543151242077633,0.6432217568869842,38.49990420272072,25.97409060382368,23.95956077186872,41.73699215613815,32.92100119442209,30.37574690071799
-110.0307400718,0.009717952767805555,0.07384873510133434,0.6435401822548341,0.5696914471534997,1.45677007955e-12,0.755926980646,292.40868494296564,60.58490850444292,0.17163175091297878,0.17163780443243576,352.9935934474085,353.4909512363866,-0.14069887425364191,1.5865410474016144,0.171631750923071,0.06069649756451855,0.24636659181901785,0.17162587565643833,0.06069538439656054,0.24636433263879848,0.061451103239158804,0.6123543416587189,0.5509032384195601,0.19999999999999996,0.199993077526696,282.39731834665395,70.5962751007546,-5.9815512798433446e-05,5.900036015304977e-09,0.6533881849705757,0.6533821934046921,0.6419595855535963,38.45730509380689,26.002862071607787,23.848367824897462,41.931590763037875,32.89281187265934,30.401779083873482
-109.6171206316,0.009775399912277776,0.07406432640026435,0.6424992400434221,0.5684349136431577,1.56167509789e-12,0.755045936651,291.4166747888379,60.37937136579836,0.17163175091302155,0.1716378780382427,351.79604615463626,352.2917166342341,-0.14069887431172878,1.5865410473988926,0.17163175092344005,0.06053080028818208,0.24603008004750573,0.17162580590893173,0.06052967967615355,0.24602780264871194,0.06165901852341272,0.611522680523551,0.5498636620001383,0.20000000000000026,0.1999929933159649,281.4393018474492,70.35674430718704,-5.981568435009521e-05,6.115064010714377e-09,0.6524957229935433,0.6524896831102268,0.6407481821694414,38.417873235444524,26.029551242243024,23.740448674927805,42.12220306754759,32.86736144004758,30.42532032344828
-109.2084579485,0.009832158618263889,0.0742766583182179,0.6414740335352206,0.5671973752170026,1.69005349477e-12,0.75417563816,290.4316294128763,60.175277277372246,0.17163175091281196,0.17163795080756883,350.6069066902486,351.1009017065793,-0.14069887429213335,1.5865410473961405,0.17163175092358404,0.06036825572947703,0.2456995232585465,0.17162573693986335,0.060367127881459245,0.2456972280703615,0.06186390702902727,0.6107031265018111,0.5488392194727839,0.19999999999999993,0.1999929100907636,280.48801112334496,70.11889556690362,-5.981585781134058e-05,6.198952462455054e-09,0.6516190542099509,0.6516129671474372,0.6395544140910933,38.38070833789508,26.054756238374395,23.634554374834714,42.310931026682134,32.84398976807209,30.44697087843171
-108.7938180614,0.009889747491472221,0.07449141893572801,0.6404370852450278,0.5659456663092999,1.84928492627e-12,0.753292573981,289.4272061880274,59.967168242704545,0.1716317509130163,0.1716380270772621,349.394374430732,349.8866610240528,-0.14069887428116434,1.5865410473928951,0.1716317509240265,0.06020450738445268,0.24536606811956024,0.17162566456602737,0.06020337183355668,0.2453637541153067,0.06207126089667156,0.6098737110334439,0.5478024501367723,0.19999999999999996,0.19999282274407512,279.5180072374296,69.87636719330239,-5.9816062369932865e-05,6.456746248773015e-09,0.6507346987199363,0.6507285617553771,0.6383462817606861,38.34518284423954,26.07889507430596,23.528727947410726,42.501235180886496,32.82234302881066,30.467051030519798
-108.3687865047,0.009948779652125001,0.0747108669220782,0.6393774806127587,0.5646666136906805,2.0480118555e-12,0.752387111492,288.3924475808554,59.7527739419755,0.1716317509130511,0.17163810935588747,348.14522152283087,348.6357480957849,-0.14069887429307704,1.586541047391801,0.171631750924209,0.06003786882595134,0.24502626150262208,0.171625586511953,0.060036724741312456,0.24502392687513694,0.06228327057492929,0.6090256723213286,0.5467424017463993,0.20000000000000004,0.19999272846045302,278.5187087700111,69.62651275281976,-5.9816131336987155e-05,6.563083410071613e-09,0.649833498492085,0.6498273068327081,0.6371110226845136,38.311647933315385,26.101722425007228,23.42279855124399,42.693446635431606,32.80274267953257,30.485255753445117
-107.9416888166,0.010008098775472221,0.0749306934407496,0.6383160393201261,0.5633853458793765,2.29020047077e-12,0.75147677562,287.34742962210845,59.536253979669134,0.17163175091284127,0.17163819339215133,346.8836836017776,347.3724327042557,-0.14069887430998573,1.5865410473900023,0.1716317509243286,0.05987164294536887,0.2446868262603626,0.1716255067926643,0.05987049014003898,0.2446844705739189,0.06249577717780467,0.6081756459104246,0.54567986873262,0.2000000000000002,0.19999263213306684,277.5095026742442,69.37418092753344,-5.98162447018602e-05,6.63278321155758e-09,0.6489332831860346,0.6489270356762494,0.6358728683125777,38.28029060692467,26.123103668891847,23.31666125853128,42.88778693107755,32.78535823502499,30.501420568029303
-107.5155680893,0.010067282209819443,0.07514934630803743,0.6372602569837429,0.5621109106757054,2.58130682924e-12,0.750567865956,286.2996145006829,59.31915446611015,0.1716317509128375,0.17163827827561268,345.618768966793,346.10573584091173,-0.14069887427191619,1.5865410473868857,0.17163175092464097,0.059707004524797894,0.24435016784278643,0.17162542611451836,0.059705842898328934,0.24434779086034097,0.06270728148711208,0.6073296286747581,0.5446223471876461,0.20000000000000004,0.19999253471714332,276.4975953153053,69.12117365148768,-5.981644114472218e-05,6.814770969754136e-09,0.6480404322893646,0.6480341283005097,0.6346405537328468,38.25128599685916,26.142911903200083,23.21125888995522,43.08254044905572,32.77039839442428,30.515344609607954
-107.0896739908,0.010126434167944445,0.07536722986192668,0.6362081856217685,0.5608409557598418,2.92881681581e-12,0.749658591555,285.24721618197685,59.10110534820239,0.17163175091307267,0.171638363787647,344.34832153017925,344.83349838049025,-0.14069887426529926,1.586541047382173,0.17163175092528415,0.05954364419721986,0.2440156638357871,0.17162534508274985,0.05954247384379707,0.24401326571274168,0.0629181758094887,0.6064860513884677,0.543567875578979,0.20000000000000004,0.19999243671974454,275.48126162700464,68.86705990317462,-5.9816738184892415e-05,7.189515649486111e-09,0.6471532950992733,0.6471469350434893,0.6334117931998356,38.224693589803735,26.161099176652275,23.106924167574494,43.277071095567145,32.757984960909006,30.52690820858875
-106.663353068,0.010185645407222221,0.07558469320204277,0.6351581355716899,0.5595734423696471,3.26076197494e-12,0.748747359363,284.1886540986523,58.88177914390696,0.1716317509130147,0.17163845048882706,343.07043324255926,343.55380958536324,-0.14069887432985873,1.5865410473818529,0.1716317509252075,0.059381297707717384,0.243682780901149,0.1716252628803683,0.059380118527866746,0.24368036139144808,0.06312880095742625,0.6056435507963349,0.5425147498389087,0.19999999999999984,0.19999233730117552,274.45897543945296,68.61145780310633,-5.9816758368747e-05,7.144840274975195e-09,0.6462704571508934,0.646264040375617,0.6321846009880584,38.20049353768178,26.177672260008336,23.003483349396838,43.471677085210686,32.74801596493997,30.53620106545081
-106.2361805008,0.010244974930444444,0.07580196520667917,0.6341089976318802,0.5583070324252011,3.5196324565e-12,0.747833061141,283.1228890479251,58.66096053825956,0.17163175091299193,0.1716385390255834,341.7838495861847,342.2654131694336,-0.14069887424191796,1.5865410473795032,0.17163175092555966,0.059219794861901855,0.24335117600270983,0.1716251787288528,0.059218606600346266,0.24334873453615136,0.06333938108383658,0.6048012302924534,0.5414618492086167,0.20000000000000012,0.19999223566697394,273.4297333925789,68.35411619360582,-5.981690647249849e-05,7.350031694386416e-09,0.6453910086789281,0.645384533671928,0.630957671093454,38.178643753191224,26.192653842409303,22.9007587891521,43.666675379930716,32.740432840555336,30.54327366012423
-105.8077749388,0.010304475702944444,0.07601925143518189,0.6330597824420224,0.5570405310068406,3.86033142215e-12,0.746914679175,282.0489719250759,58.43845288372315,0.17163175091279603,0.17163862915503067,340.48742480879895,340.96716176708463,-0.1406988742843729,1.586541047378533,0.17163175092551028,0.05905898649139327,0.24302054746747911,0.17162509310128002,0.05905778903540284,0.24301808376209957,0.06355011757734058,0.6039582843181872,0.5404081667408467,0.20000000000000012,0.19999213224843002,272.3926187175103,68.0948060912887,-5.9816967612480454e-05,7.321254713588132e-09,0.6445141496172394,0.6445076156307209,0.6297298301349306,38.15914484188689,26.206038005922778,22.79866679400216,43.86221391959106,32.735265220604404,30.54809525021275
-105.377870347,0.010364184674027778,0.07623669663414019,0.6320097905611373,0.555773093926997,4.29158284475e-12,0.745991438787,280.9662279462587,58.21411637032842,0.17163175091299518,0.17163872098741761,339.18034431658714,339.6582396362645,-0.1406988743123505,1.5865410473780714,0.17163175092562827,0.058898770272985804,0.2426906884760637,0.17162500585516308,0.05889756346771244,0.2426882021601224,0.0637611536848748,0.6031141398886424,0.5393529862037676,0.19999999999999996,0.1999920268275968,271.3469797966307,67.83336451995642,-5.981699671142593e-05,7.389999723272922e-09,0.6436393314606629,0.6436327375087336,0.6285002434978819,38.14201773309892,26.217805439595793,22.697138773718034,44.058416788548776,32.73253200051123,30.55064606625548
-104.9461982233,0.010424139135652778,0.07645444579301286,0.6309583230570129,0.5545038772640001,4.76987278984e-12,0.745062556088,279.87396493468395,57.98780758384468,0.17163175091276295,0.1716388144210098,337.86177251852865,338.33781000853645,-0.1406988742983839,1.5865410473765507,0.17163175092567057,0.0587390457565356,0.24236139493850006,0.1716249171357495,0.05873782948080568,0.24235888570631298,0.06397263312423632,0.6022682221314096,0.5382955890071733,0.19999999999999984,0.1999919195715161,270.29214808271314,67.56962443581544,-5.9817092568081875e-05,7.4146466744196005e-09,0.6427660129427475,0.6427593582147035,0.6272680738195213,38.12731315493944,26.227916872512395,22.596167370074024,44.25529266190437,32.732290014750944,30.550871923392645
-104.512744814,0.010484340998055555,0.07667251441582085,0.6299053029546318,0.5532327885388109,5.21729684105e-12,0.744127793294,278.77212869495366,57.75951529566161,0.171631750912768,0.17163890979361027,336.5316439906153,337.0058073676432,-0.1406988742216564,1.5865410473770998,0.17163175092564742,0.05857980820973566,0.2420326593865705,0.1716248265750906,0.05857858228312155,0.24203012680887798,0.06418457464125674,0.6014204560632116,0.5372358814219549,0.2,0.19999181006164182,269.22807136591206,67.3035726247032,-5.98170579624302e-05,7.401168566900651e-09,0.641894174257053,0.6418874576144559,0.6260332118786722,38.11509990242493,26.236321105284016,22.495784246941668,44.452773418466236,32.73460625888892,30.54871019652039
-104.0777720872,0.010544753876777778,0.07689078025812586,0.6288513191565992,0.5519605388984733,5.8638912372e-12,0.743187510341,277.66137166219255,57.52937468544498,0.17163175091289468,0.17163900726455986,335.1907463476375,335.6630204389428,-0.1406988743316684,1.5865410473762331,0.17163175092580688,0.05842115305189268,0.2417046814852635,0.1716247339840962,0.05841991726966968,0.24170212508306516,0.06439686300236024,0.6005713026195967,0.5361744396172364,0.1999999999999999,0.1999916981136967,268.1553797935761,67.0353665540614,-5.981711258540301e-05,7.494072029601284e-09,0.6410243449345656,0.6410175651070599,0.6247963290768918,38.10541937907856,26.242986333567057,22.396030822872408,44.650769054074054,32.73954754456422,30.54409956762005
-103.641590159,0.010605334700138889,0.07710909964045021,0.6277970706572377,0.5506879710167875,6.73842279057e-12,0.742242178783,276.5424837800518,57.297549423504286,0.17163175091277205,0.1716391059659576,333.84003320355606,334.31040417881445,-0.14069887427339278,1.5865410473763852,0.17163175092563532,0.05826319031823754,0.2413776922547681,0.17162464031266333,0.058261944648149225,0.24137511190706723,0.06460936098682782,0.5997213106808654,0.5351119496940376,0.20000000000000015,0.19999158475445578,267.0748359086968,66.7651972948593,-5.981710299307608e-05,7.394107548464035e-09,0.6401571376633165,0.640150294330007,0.623558224917787,38.09830175851735,26.247889114281516,22.296984295073692,44.84911442579885,32.74714617533196,30.537012130641422
-103.2046337727,0.010666023087125,0.07732726601924089,0.626743545854873,0.5494162798356321,7.79875785157e-12,0.741292551443,275.41659260783024,57.06427313199014,0.17163175091298402,0.17163920742420077,332.48086573982044,332.9493216873126,-0.1406988742665538,1.5865410473809403,0.17163175092537958,0.05810607146681799,0.2410520098792333,0.17162454410752878,0.0581048156189545,0.24104940493383198,0.06482187193271334,0.5988712668960459,0.5340493949633325,0.20000000000000012,0.19999146820345498,265.9875292509579,66.49333648886247,-5.981681588940191e-05,7.245115618559339e-09,0.6392933962986436,0.6392864877298379,0.6223200452394312,38.09379822038774,26.250992201266023,22.1987459048112,45.04758981827289,32.757444984555256,30.52741141659516
-102.7673619886,0.010726755279361112,0.07754506550662585,0.6256917819808441,0.5481467164742182,8.51391660751e-12,0.740339446505,274.2849099946383,56.82979689684988,0.1716317509130573,0.1716393106973306,331.1147068914882,331.5812379603907,-0.1406988742101989,1.5865410473797243,0.1716317509255759,0.05794995196443378,0.2407279625727634,0.17162444621233894,0.05794868579187436,0.24072533267579954,0.06503418940884881,0.5980219969924856,0.5329878075836367,0.20000000000000007,0.1999913496189241,264.894629781585,66.2200771099032,-5.98168925280973e-05,7.359490794556223e-09,0.6384339912963025,0.6384270165535241,0.6210829928012326,38.09192173878195,26.252285375822485,22.101411295520386,45.24597939149182,32.77048009024291,30.515268535774066
-102.3302039856,0.010787471668666667,0.07776229971185865,0.6246427347324053,0.5468804350205466,9.40779018469e-12,0.739383633894,273.1485918615801,56.59436021637691,0.1716317509130476,0.17163941600678176,329.742952077957,330.2075503840494,-0.1406988742540971,1.5865410473823294,0.17163175092522295,0.057794972364605304,0.24040584927286046,0.17162434631452436,0.0577936956568649,0.24040319394064819,0.06524612279116887,0.5971742634614383,0.5319281406702694,0.19999999999999984,0.19999122860238583,263.79725396890876,65.94569810904825,-5.981672833721419e-05,7.153855285935151e-09,0.6375797154676501,0.6375726732681167,0.6198481782547041,38.092662655193976,26.251774759138527,22.005014062630128,45.44418818155829,32.78624152614113,30.50059883206435
-101.8930592058,0.010848186221416667,0.07797903465130167,0.623596083535125,0.5456170488838233,1.05002785106e-11,0.73842473445,272.0074284137567,56.35791962266621,0.17163175091305577,0.17163952364327248,328.3653480364229,328.82800533841686,-0.14069887433030281,1.5865410473867145,0.17163175092472138,0.05764108309834001,0.24008557453195728,0.1716242440792467,0.05763979559637541,0.2400828931772845,0.06545773877251877,0.5963277995335331,0.5308700607610143,0.19999999999999993,0.19999110494202976,262.6951992579446,65.67014877847839,-5.9816451936089976e-05,6.8616223813933175e-09,0.6367303156764463,0.6367232044628146,0.6186152130211421,38.09601327418842,26.249465864123376,21.90954321357833,45.6422112616321,32.804763286261334,30.483378016594344
-101.4554553375,0.010908964536458333,0.07819551921184961,0.6225506247785336,0.544355105566684,1.18153003942e-11,0.737461548845,270.86022956504684,56.12022853864776,0.17163175091292604,0.17163963409639071,326.98045810369456,327.44116413551524,-0.1406988742655435,1.5865410473831734,0.17163175092510577,0.05748810645284305,0.23976677512291616,0.17162413909865012,0.05748680784320105,0.23976406703924807,0.06566928365132468,0.5954816200202301,0.5298123363689053,0.1999999999999999,0.1999909779929742,261.587316502946,65.3931416007486,-5.981667513532685e-05,7.085576569920704e-09,0.6358848286089624,0.6358776465074331,0.6173826620665749,38.101976735584365,26.24535747684911,21.814946857547966,45.84013000490076,32.82608666855495,30.463576426182065
-101.0170954215,0.010969847858125,0.07841191492287274,0.6215055824697263,0.5430936675468536,1.29794069811e-11,0.736493255672,269.70624803566966,55.881132133614564,0.17163175091295008,0.1716397466730009,325.5873801692842,326.0461233950652,-0.1406988744427129,1.586541047378343,0.17163175092539382,0.05733592997706919,0.23944922212667386,0.17162403199367443,0.057334620050609034,0.23944648682035205,0.06588091773474847,0.5946350836879724,0.5287541659532239,0.20000000000000015,0.1999908485156903,260.4728837432284,65.11449642605578,-5.981697959178689e-05,7.253397882323043e-09,0.6350426471495576,0.6350353928509005,0.6161495913671818,38.11054183395793,26.239459002101153,21.721487295885463,46.037363205300515,32.850166096275245,30.44124638728649
-100.5811647193,0.01103039378898611,0.07862666982055436,0.6204684643795598,0.5418417945590055,1.38916779027e-11,0.735526776731,268.55394822891236,55.64238416897039,0.17163175091284216,0.1716398585425849,324.19633239788277,324.65311567690736,-0.14069887426528815,1.5865410473789519,0.17163175092542343,0.057185640929883624,0.23913519383370493,0.17162392573847254,0.05718431997180435,0.23913243186946506,0.06609112296105162,0.5937942627829091,0.5277031398218576,0.2,0.19999071989820305,259.36007449327303,64.8362579046097,-5.981694122247916e-05,7.27067295258621e-09,0.6342098135463591,0.6342024885483082,0.614924845799097,38.12171136010924,26.231770933725848,21.630301901164135,46.231439790777046,32.8767300488399,30.41665027253178
-100.158916677,0.011089039350416666,0.07883428607130984,0.6194658513486831,0.5406315652773733,1.48255721413e-11,0.734587184948,267.4333842185962,55.41021162580386,0.17163175091293978,0.17163996139176033,322.8435958444,323.29847315661146,-0.14069887425391947,1.5865410473815582,0.17163175092527588,0.05704104985292504,0.23883268171028235,0.17162382821866815,0.05703971928281726,0.23882989612445352,0.06629450487766744,0.5929807351157086,0.5266862302380412,0.2000000000000001,0.1999906018038861,258.27791082294783,64.56568502145214,-5.9816776942778205e-05,7.184697281559238e-09,0.6334075219458816,0.6334001343010772,0.6137398557510351,38.13551699162067,26.222274637570145,21.54043492289495,46.4243179666311,32.90595223948046,30.38963871102332
-99.7374385594,0.01114757797786111,0.07904114231739263,0.6184669135996236,0.5394257712822309,1.57894658936e-11,0.733645768804,266.3105628962524,55.177571384347495,0.17163175091304506,0.1716400631476365,321.4881342805999,321.9411017866435,-0.14069887427540229,1.5865410473808577,0.17163175092537636,0.056897672624579315,0.2385323303549842,0.17162373193018152,0.05689633277383367,0.23852952180774956,0.06649731002865789,0.5921695145122507,0.5256722044835929,0.19999999999999993,0.19999048508339728,257.1935663572664,64.29456792333355,-5.9816821096347894e-05,7.243228239417476e-09,0.632610960912818,0.6326035123721302,0.612558226187677,38.15171400141051,26.211142177335176,21.451852251929456,46.616021230057484,32.93773642229438,30.36031338580801
-99.30421519812,0.011207747889149999,0.07925337329818183,0.61744198993206,0.5381886166338782,1.68028414044e-11,0.732674226713,265.15202550615726,54.93753103873825,0.17163175091291288,0.17164017302152174,320.0895565448955,320.5405534953053,-0.14069887428966865,1.5865410473791461,0.17163175092543922,0.056751276268701065,0.2382252637079054,0.17162362789245322,0.05674992612544671,0.23822242993775106,0.06670556836460788,0.5913364811687627,0.5246309128041549,0.19999999999999984,0.1999903589219363,256.07473124431846,64.01482530057709,-5.98169289767192e-05,7.2798655992301065e-09,0.6317965902722272,0.6317890748379009,0.6113448240358034,38.170583280909895,26.198184938403237,21.362794901094688,46.8103543862024,32.97274695047052,30.32807674477755
-98.85580015339,0.011270027756473611,0.07947264299166193,0.6163830322932531,0.5369103893015912,1.78769225108e-11,0.73166428011,263.9481925215286,54.68810578234432,0.1716317509130428,0.17164029386980237,318.63629830387293,319.0852476552794,-0.14069887426807481,1.5865410473823727,0.17163175092518543,0.05660077617057503,0.2379091763059488,0.17162351319089753,0.056599414284112644,0.23790631409046847,0.06692093514872471,0.5904750140310275,0.5235540788823028,0.20000000000000004,0.19999021994753052,254.91215492281447,63.7241433810585,-5.9816725606065546e-05,7.131983892350036e-09,0.6309582957115417,0.6309507048374419,0.6100900050222767,38.1923972613835,26.183221575648627,21.27335434502296,47.007161342844675,33.01111398110116,30.292828063072918
-98.40640924351,0.011332443160623613,0.07969200283603159,0.6153236374293977,0.535631634593366,1.8989167285e-11,0.73064765141,262.7370340865093,54.4371627469436,0.17163175091297977,0.17164041522213333,317.17419683345287,317.62108612607165,-0.1406988742685078,1.586541047381263,0.1716317509253314,0.05645098683584953,0.2375941641451859,0.17162339812567162,0.05644961331473228,0.23759127365021696,0.06713659141349845,0.5896123889726621,0.5224757975591636,0.20000000000000004,0.19999008042388774,253.7425037003486,63.43169313310423,-5.98167955501161e-05,7.217049180496815e-09,0.6301228527951753,0.6301151869211188,0.6088334993729391,38.2174599950773,26.16605080842127,21.183402818342046,47.20676883574773,33.05318495153235,30.254270548098567
-97.95767340657,0.011394767582420834,0.07991067349580844,0.6142675738670872,0.5343569003712787,2.01574665649e-11,0.729627953891,261.5230022357456,54.185624361098085,0.17163175091282035,0.17164053572739338,315.7086265968437,316.15345094328205,-0.1406988742685411,1.5865410473850037,0.17163175092481325,0.05630243982853495,0.23728135162404768,0.17162328391887866,0.056301054948839635,0.2372784333833137,0.0673517741288846,0.5887516581085259,0.5213998839796413,0.2000000000000001,0.1999899419153088,252.570076701579,63.138549895264696,-5.981655977205236e-05,6.9151573356407425e-09,0.6292932435372257,0.6292855040786992,0.6075797528210345,38.24539306128532,26.1469400614494,21.094250662657835,47.40628221367698,33.09851384823864,30.2128368840106
-97.50767340657,0.011457267582420832,0.08012960585188363,0.6132102509469057,0.5330806450950221,2.14211350195e-11,0.728600706866,260.30095785002806,53.932425837551094,0.17163175091279428,0.17164065570831777,314.23338368757913,314.6761294593093,-0.14069887426508831,1.5865410473906274,0.17163175092415514,0.05615448856140724,0.23696938317303196,0.17162317034726376,0.05615309257469345,0.23696643765456205,0.06756742285850956,0.5878890631867352,0.5203216403282256,0.19999999999999996,0.19998980401736186,251.38991086818766,62.84347281939142,-5.9816205311147286e-05,6.531708507395706e-09,0.62846587283541,0.6284580610336723,0.6063232910700119,38.276162932382505,26.12592076605404,21.006211821213146,47.60496602201016,33.146962312713846,30.1686770137739
-97.05767340657,0.011519767582420832,0.08034819969555822,0.6121545650029758,0.5318063653074177,2.28206414587e-11,0.72756867908,259.07437837099377,53.678287676375234,0.171631750912861,0.17164077528711993,312.75266604736896,313.19332553059377,-0.14069887424269512,1.5865410473931962,0.17163175092404095,0.05600753960408465,0.23665912110900067,0.17162305731987448,0.056006132753688015,0.23665614877642208,0.06778295080654374,0.587026951394029,0.5192440005874853,0.19999999999999996,0.19998966662429593,250.2053646286959,62.54730141867308,-5.9816043396221374e-05,6.4651839437601666e-09,0.6276430276379915,0.6276351447226274,0.6050675330473756,38.30992394220441,26.102897032858436,20.919133296656494,47.80312768310674,33.19868855297778,30.1216717764083
-96.60767340657,0.011582267582420832,0.08056647016963063,0.6111004329606226,0.530533962790992,2.44028679057e-11,0.726531772381,257.84332856126883,53.42322329582683,0.1716317509128117,0.17164089620076714,311.26655185709564,311.70511744843463,-0.14069887428510564,1.5865410473933286,0.17163175092387178,0.055861579347018374,0.23635054336095437,0.17162294312216095,0.05586016160973835,0.23634754411615608,0.06799837794539826,0.5861652428377637,0.5181668648923654,0.20000000000000004,0.1999895276983356,249.01650116290563,62.25005069419005,-5.981603505844646e-05,6.366618343633945e-09,0.6268246494105313,0.6268166951213406,0.6038123623818193,38.34662798612985,26.077912257675028,20.833143528010158,48.00043731544883,33.25363618980277,30.07189933432453
-96.15767340657,0.011644767582420834,0.0807844332645654,0.6100477756068599,0.5292633423422944,2.62052159164e-11,0.725489894034,256.60787411443516,53.167246307312375,0.17163175091313693,0.1716410186902017,309.77512042174754,310.2115846291518,-0.14069887426222394,1.586541047395264,0.17163175092393868,0.05571659464622389,0.23604362869229045,0.1716228274049123,0.05571516593587823,0.23604060230366775,0.06821372366568,0.5853038599569771,0.5170901362912971,0.19999999999999996,0.19998938696420976,247.823383991838,61.95173642990954,-5.9815913067140514e-05,6.405587171798288e-09,0.6260106818314917,0.6260026555542363,0.6025576660970806,38.38606394133228,26.051121092497525,20.74867378810434,48.19585146561615,33.311486897889196,30.019674686552815
-95.71277049464,0.011706559653522223,0.08099964482262913,0.6090084145800052,0.5280087697573761,2.82432535042e-11,0.724454870142,255.3821486523948,52.9132850920275,0.17163175091296604,0.1716411383480507,308.29543374442227,308.7298131161089,-0.14069887430124828,1.586541047390747,0.1716317509241928,0.05557419874211124,0.2357418052491141,0.17162271447348862,0.05557275957850897,0.23573875281444281,0.06842656972037843,0.5844524757394503,0.5160259060190718,0.20000000000000012,0.19998924953255443,246.63966131556188,61.65577242886037,-5.981619776163072e-05,6.553646514362299e-09,0.6252102166780692,0.6252021213241575,0.6013175339343958,38.42835686113978,26.022450130081886,20.66553228513,48.38975286010686,33.372452854088635,29.964833701981984
-95.2707791958,0.011767947333916666,0.08121318648421974,0.6079771305153384,0.5267639440311187,3.05564975485e-11,0.723421680405,254.16031053292724,52.660129305236865,0.17163175091272617,0.17164125494585625,306.8204398381641,307.25274098584356,-0.14069887425329775,1.5865410473906543,0.17163175092418753,0.05543365394869764,0.235443526028425,0.1716226045159735,0.055432204880110844,0.23544044869161893,0.06863798295082958,0.5836068228176196,0.51496883986679,0.19999999999999998,0.19998911567024463,245.45969140537417,61.36074843278994,-5.981620361250606e-05,6.550582298814334e-09,0.6244191511477085,0.624410989750911,0.6000857500171904,38.473675998282935,25.99179761363665,20.58354193927976,48.58250358222804,33.43675893046614,29.907204884288078
-94.82349781437,0.011830069748004168,0.08142903117581227,0.6069347146375923,0.5255056834617801,3.32232661072e-11,0.722370983141,252.91972001969518,52.40308816187064,0.17163175091298188,0.17164137468521057,305.32280818156573,305.75299920947566,-0.14069887426195749,1.5865410473889505,0.1716317509244798,0.05529234608084312,0.23514324587545168,0.17162249174308075,0.05529088686549541,0.23514014303282077,0.06885190525554616,0.5827511336002134,0.5138992283446672,0.1999999999999999,0.19998897820540018,244.26161175053102,61.06119643103473,-5.981631100437923e-05,6.72086830633134e-09,0.6236227789501418,0.623614549909414,0.5988393471617358,38.5219936288306,25.959196443342453,20.502730477298805,48.773991401156444,33.50431800564928,29.846899131968197
-94.37349781437,0.011892569748004168,0.0816459484986485,0.6058871152385672,0.5242411667399187,3.6254966772e-11,0.721308601882,251.6674666817656,52.143630567690444,0.17163175091289,0.17164149585772973,303.811097249456,304.23915832022516,-0.1406988742450377,1.5865410473864598,0.17163175092473315,0.05515109948580044,0.2348427122262908,0.17162237784683654,0.055149630090572485,0.23483958373871405,0.06906712545452884,0.5818902528055516,0.5128231273510228,0.2,0.19998883908979878,243.05226860793934,60.75882864151667,-5.981646798991491e-05,6.868483559685501e-09,0.6228257344560082,0.6228174374023875,0.597585382218862,38.57354586718561,25.924502856002587,20.422500679648774,48.96560003528412,33.57553879003025,29.783587577064733
-93.92349781437,0.011955069748004168,0.08186264209592678,0.6048405972221559,0.5229779551262291,3.96295989513e-11,0.720240872226,250.4111486154633,51.883330791998276,0.17163175091287367,0.17164161689374707,302.2944794074616,302.7204036074367,-0.14069887424154048,1.5865410473861075,0.17163175092472396,0.055010763526155596,0.23454373478342072,0.17162226422307578,0.055009284140182566,0.23454058100930544,0.06928236240889833,0.581029304988026,0.5117469425791277,0.2000000000000002,0.1999887001719076,241.8389994016199,60.455480005841736,-5.9816490205477635e-05,6.863132284706808e-09,0.6220328171724524,0.62202445305647,0.596331319650403,38.62819929423417,25.887823358860654,20.343104743144643,49.15670506671243,33.65029337793901,29.717422929084947
-93.47349781437,0.012017569748004166,0.08207912788403951,0.6037950845167273,0.5217159566326878,4.33050176173e-11,0.71916775266,249.15083704437066,51.622203591812834,0.17163175091299254,0.17164173763149215,300.7730406361835,301.19682117290716,-0.14069887426878536,1.5865410473848425,0.17163175092497088,0.05487132537470375,0.23424629212583867,0.1716221510001551,0.0548698362078668,0.23424311346946103,0.06949763561260994,0.5801682121744149,0.510670576561805,0.19999999999999993,0.1999885616024089,240.62187287057031,60.151167765613216,-5.981656993059303e-05,7.0069949842377355e-09,0.6212439702888899,0.6212355401827254,0.5950770458792654,38.68580173532938,25.84927687014332,20.264834003473716,49.34656754792978,33.728412025913364,29.64859416540883
-93.02349781437,0.012080069748004166,0.08229542114575782,0.6027505034626098,0.520455082316852,4.65089403223e-11,0.71808920082,247.88660411342147,51.360263914911215,0.17163175091292326,0.17164185805908683,299.2468680283327,299.66849823187175,-0.1406988742649995,1.5865410473837898,0.1716317509250198,0.05473277230367486,0.23395036290562762,0.17162203819532815,0.054731273558132086,0.23394715975649732,0.06971296434470062,0.5793068972462941,0.5095939329015935,0.2,0.19998842341021017,239.4009586809032,59.84590934742948,-5.9816636288623215e-05,7.0355055115101095e-09,0.6204591371885664,0.6204506421252376,0.5938224485748801,38.746314982139964,25.808905968501726,20.187681032609518,49.53515950567489,33.80989537679152,29.577139735440895
-92.57349781437,0.012142569748004168,0.08251153723302823,0.6017067817139969,0.5191952444809687,4.92846406553e-11,0.717005179236,246.61852288559407,51.097526899562105,0.17163175091311378,0.17164197788139096,297.71604978515614,298.135523109964,-0.14069887426771954,1.5865410473828776,0.17163175092517854,0.054595091821773384,0.23365592614306488,0.1716219261090596,0.05459358373733446,0.2336526989729296,0.06992836775280856,0.57844528361466,0.5085169158618514,0.19999999999999982,0.1999882859399704,238.17632729180391,59.53972249335227,-5.981669377597143e-05,7.127987089461385e-09,0.619678262231215,0.6196697034618425,0.5925674161767216,38.80973240283701,25.766732674685993,20.11162285717886,49.72249167068332,33.8947488494043,29.503095138513615
-92.12349781437,0.012205069748004168,0.0827274909130372,0.6006638473029915,0.5179363563899543,5.22295516026e-11,0.715915653698,245.346667339779,50.8340078734652,0.17163175091307264,0.1716420971534466,296.1806752132442,296.59798523982715,-0.14069887435192996,1.5865410473798789,0.17163175092539715,0.054458271744791495,0.23336296138160292,0.1716218146217817,0.05445675453804502,0.23335971061441824,0.0701438648307809,0.5775832953038609,0.5074394304730799,0.20000000000000012,0.19998814908224097,236.94805018341913,59.23262502982508,-5.981688279144137e-05,7.255351874846383e-09,0.6189012911640802,0.6188926698130357,0.5913118380182047,38.876058541153355,25.722772254327726,20.036646494151693,49.90855132828143,33.98297756558663,29.426497371221082
-91.67349781437,0.012267569748004168,0.08294329718744341,0.5996216290093459,0.5166783318219025,5.53259432684e-11,0.714820597382,244.0711123681275,50.56972235374872,0.17163175091288213,0.17164221568001406,294.6408347218762,295.05597515737156,-0.14069887426410022,1.5865410473803032,0.1716317509253627,0.054322299982592956,0.23307144823549913,0.17162170393678416,0.05432077389843655,0.23306817435771138,0.07035947443527846,0.5767208568856986,0.5063613824504202,0.19999999999999996,0.19998801309972372,235.7161996078041,58.92463511407212,-5.981685604616871e-05,7.23527904256116e-09,0.6181281699221882,0.6181194872795746,0.5900556042305455,38.94529636842809,25.677041728989725,19.962752751587136,50.09329186429437,34.07458247686845,29.347388208757966
-91.22349781437,0.012330069748004166,0.08315897010232434,0.5985800557201326,0.5154210856178083,5.85454477067e-11,0.713719989466,242.79193377066608,50.30468604573275,0.17163175091287147,0.17164233403319143,293.09661981639886,293.50958449768433,-0.14069887427773375,1.5865410473783563,0.17163175092556063,0.05418716455967931,0.23278136643571648,0.17162159348432193,0.05418562975436743,0.23277806974534226,0.07057521521669448,0.5758578937610261,0.5052826785443316,0.1999999999999999,0.19998787731025855,234.48084897250536,58.61577084389346,-5.981697875911962e-05,7.3506090103592214e-09,0.6173588447500796,0.6173501016062659,0.5887986061514014,39.01745315630973,25.629555983417244,19.88994413372173,50.27666207993938,34.16957684449206,29.265799941013732
-90.77349781437,0.012392569748004166,0.08337452441081859,0.5975390572666713,0.5141645328558527,6.18534609806e-11,0.712613816817,241.5092082540868,50.03891484239376,0.1716317509128146,0.17164245202555198,291.54812309648054,291.95890599058214,-0.14069887428432848,1.5865410473772965,0.1716317509255964,0.054052853569075195,0.23249269573273737,0.171621483442138,0.0540513102224847,0.2324893765798444,0.07079110584213137,0.5749943312594574,0.5042032254173261,0.1999999999999999,0.19998774192817875,233.2420722950167,58.30605080146384,-5.981704556123901e-05,7.371436794301189e-09,0.6165932619440624,0.6165844592274622,0.5875407350159457,39.09253188817981,25.58033342174914,19.818220732931362,50.45861651638227,34.26798024970609,29.1817607198655
-90.32349781437,0.012455069748004166,0.08358997405580446,0.596498564008557,0.5129085899527526,6.52096553763e-11,0.711799011513,240.22301342632235,49.77242482366011,0.17163175091311325,0.17164257009884346,289.9954382499825,290.40403345581444,-0.1406988742441495,1.5865410473773092,0.17163175092578858,0.0539193552484907,0.23220541606192285,0.17162137340777167,0.0539178034839672,0.23220207467627674,0.07100716485008716,0.5741300952285947,0.5031229303785075,0.20000000000000004,0.1999876064671071,231.99994466798873,57.99549358199375,-5.9817044761878435e-05,7.483413888564883e-09,0.6158313682907609,0.615822506610735,0.5862818828128163,39.17053922107914,25.529390707541307,19.747587191117397,50.639097846333705,34.369808963867705,29.095302829622362
-89.87349781437,0.012517569748004168,0.08380533328057094,0.5954585066103197,0.5116531733297488,6.85499529563e-11,0.711169889612,238.9334277926119,49.50523225499261,0.1716317509130786,0.17164268834989022,288.4386600476045,288.8450617979115,-0.1406988742605919,1.5865410473764712,0.1716317509258802,0.053786657840463645,0.2319195072443533,0.1716212632793884,0.05378509776867204,0.23191614382934198,0.07122341075106801,0.5732651116251299,0.502041700874062,0.1999999999999999,0.19998747079217638,230.75454194599973,57.684118101604795,-5.9817097575187717e-05,7.53679341158886e-09,0.6150731102737158,0.6150641901696688,0.5850219416903909,39.25151935582779,25.476720810083165,19.678057498682104,50.818024089368215,34.47510632998349,29.00643700496105
-89.42349781437,0.012580069748004167,0.0840206163539033,0.5944188147047376,0.5103981983508342,7.17903670843e-11,0.71052364109,237.64053075118844,49.23735358713619,0.17163175091276447,0.17164280704049595,286.87788433832463,287.2820870006795,-0.1406988742580051,1.5865410473761292,0.17163175092576757,0.05365474960456417,0.23163494901366713,0.17162115279957746,0.05365318130243069,0.23163156370069837,0.07143986226290087,0.5723993055772326,0.5009594433143317,0.20000000000000004,0.19998733460427767,229.50594089258882,57.3719434457358,-5.9817119135718855e-05,7.471179230833513e-09,0.6143184341445632,0.6143094559650015,0.5837608025899931,39.33550283378934,25.422326599597866,19.609641266108284,50.99532349570918,34.58390573798646,28.915184062094365
-88.97349781437,0.012642569748004165,0.08423583753114267,0.5933794188148254,0.5091435812836826,7.39975864308e-11,0.709860355131,236.3444025877063,48.96880545497459,0.17163175091301483,0.1716429263290731,285.31320804268086,285.71520612134265,-0.14069887428078687,1.5865410473749608,0.17163175092592237,0.05352361886348708,0.23135172111632774,0.1716210418529836,0.05352204239179298,0.23134831400248626,0.07165653794618701,0.5715326028448624,0.4998760648986754,0.20000000000000004,0.1999871977279983,228.25421909143975,57.05898895124114,-5.981719277681208e-05,7.561373749354061e-09,0.6135672861889526,0.6135582501913541,0.5824983573723762,39.42261566775237,25.366150445922802,19.542361746163177,51.170887786699254,34.69622623261956,28.821578268931532
-88.52349781437,0.012705069748004167,0.08445101255232879,0.5923402438567024,0.5078892313043736,7.59674823505e-11,0.709180133716,235.04512447136628,48.699604675835864,0.17163175091288232,0.1716430460444252,283.7447291472022,284.1445172843323,-0.1406988742739257,1.5865410473741755,0.1716317509259882,0.053393253773922476,0.2310698028170762,0.17162093059089606,0.05339166921982029,0.23106637405693692,0.07187345638295548,0.5706649290981197,0.4987914727151642,0.20000000000000026,0.19998706035014735,226.99945487520444,56.74527427199774,-5.9817242281656746e-05,7.599720852624614e-09,0.6128196114149586,0.6128105180092711,0.5812344977686117,39.5129552250608,25.308155117837337,19.47623634805262,51.344622345373594,34.812111360824076,28.725634869861793
-88.07349781437,0.012767569748004168,0.08466615656922896,0.591301216953328,0.5066350603840991,7.79828633175e-11,0.708483091049,233.7427784479686,48.42976824923824,0.17163175091305805,0.17164316619818829,282.1725466972069,282.57011967472386,-0.1406988743093862,1.5865410473731865,0.17163175092609764,0.05326364263412144,0.23078917356349593,0.17162081905689422,0.053262050089295354,0.23078572332207933,0.07209063629979995,0.5697962094312875,0.49770557313148756,0.19999999999999993,0.1999869224760513,225.74172747600258,56.430819221204274,-5.981730460957735e-05,7.663492063159083e-09,0.6120753553155717,0.6120662049394457,0.5799691146703206,39.60646248043705,25.248404865593166,19.4112384168381,51.51654822458722,34.93162133837477,28.62735715337186
-87.62349781437,0.012830069748004167,0.08488128430771635,0.5902622676890076,0.5053809833812912,8.01120401611e-11,0.707769353001,232.43744743571574,48.1593133550245,0.17163175091297694,0.1716432864163347,280.59676079074023,280.99211353132193,-0.14069887428979078,1.5865410473725923,0.17163175092612645,0.05313477416263934,0.23050981359291267,0.17162070736356946,0.05313317370153296,0.23050634199850764,0.07230809664575161,0.5689263680476264,0.4966182714018748,0.19999999999999993,0.1999867844535614,224.48111687211494,56.11564391862531,-5.98173420685022e-05,7.680278635291415e-09,0.611334465478256,0.611325258471926,0.5787020976716253,39.70304008602451,25.186988145827165,19.34732202856713,51.686739824946216,35.05468854053359,28.526854513161748
-87.17349781437,0.012892569748004169,0.08509640961846189,0.5892233299357276,0.5041269203172657,8.24120663347e-11,0.707039057042,231.1292152178666,47.8882573525489,0.1716317509128872,0.17164340677078746,279.0174725704156,279.41060013939426,-0.1406988742669646,1.5865410473724768,0.17163175092612512,0.05300663746877063,0.2302317038740986,0.171620595634836,0.053005029209994114,0.2302282111514445,0.07252585492140873,0.5680553349449893,0.49552948002358055,0.2,0.19998664628137405,223.21770397715287,55.79976859326267,-5.981734934046301e-05,7.679501479174178e-09,0.6105968914303425,0.6105876283898392,0.5774333448068404,39.80262191592928,25.123973041579788,19.28447046724278,51.855196215972434,35.18123339993637,28.42424506929904
-86.72349781437,0.012955069748004167,0.08531154634743665,0.5881843384139664,0.5028727920665298,8.49283699473e-11,0.706292351345,229.81816643718923,47.6166177791972,0.17163175091288632,0.17164352653781192,277.4347842163864,277.8256818230573,-0.140698874238665,1.5865410473722594,0.1716317509262356,0.05287922168611927,0.22995482531601563,0.1716204841362664,0.05287760571335766,0.22995131161478,0.07274392870704764,0.5671830398029863,0.4944391110959387,0.20000000000000026,0.1999865085747419,221.9515703637644,55.48321385262203,-5.9817363040615135e-05,7.743850005681452e-09,0.6098625825405397,0.6098532638627959,0.5761627536465895,39.9052016142278,25.0593897424004,19.222684452332732,52.02187043540877,35.311281180362705,28.319561527439554
-86.27349781437,0.013017569748004165,0.08552670820522265,0.5871452290609155,0.5016185208556928,8.77389396697e-11,0.70552939497,228.5043865890779,47.34441234901675,0.17163175091308508,0.17164364575801383,275.8487989380947,276.23746193731165,-0.14069887425520733,1.5865410473722588,0.17163175092628322,0.05275251610320458,0.22967915905280692,0.17162037323011722,0.052750892617582895,0.22967562477891051,0.07296233544008059,0.566309412871091,0.4933470774310105,0.19999999999999984,0.19998637148815593,220.68279855909927,55.16600037899544,-5.9817363085024056e-05,7.77160558129708e-09,0.6091314887747589,0.609122115536316,0.574890222592027,40.010844386745035,24.99322409529763,19.162047557054844,52.186489832180406,35.44509106567248,28.212651454250892
-85.82349781437,0.013080069748004167,0.08574190858210536,0.5861059338666843,0.5003640252845789,8.9880062734e-11,0.704750356579,227.18796201518424,47.07165895120514,0.17163175091302918,0.1716437649581359,274.2596209663894,274.64604485973257,-0.14069887426942929,1.586541047371506,0.17163175092633,0.05262650894093404,0.22940468378159598,0.17162026233558927,0.05262487804623965,0.22940112913026312,0.07318109551139683,0.5654343725860607,0.4922532770746638,0.2,0.1999862343805374,219.4114721266877,54.848148839701686,-5.981741053595613e-05,7.798872658781875e-09,0.6084035536356976,0.6083941263543096,0.5736156328374759,40.11973426232425,24.925389422109976,19.1027604070081,52.348455338063964,35.5832547738356,28.10310654143142
-85.37349781437,0.013142569748004169,0.08595716247572743,0.5850663804061613,0.4991092179304339,9.18059930537e-11,0.703955413814,225.86897989562976,46.79837564887736,0.17163175091283903,0.17164388475024334,272.6673555445071,273.05153598181334,-0.1406988742710613,1.5865410473715558,0.17163175092627916,0.052501187046727814,0.2291313750814755,0.17162015144586534,0.052499548937590526,0.2291278004468042,0.07340023322256634,0.5645578217411331,0.4911575885185668,0.19999999999999998,0.19998609684087246,218.1376753732387,54.529680171268396,-5.981740739402497e-05,7.769251908484875e-09,0.6076787123567324,0.6076692320775855,0.5723388427910318,40.23198945810421,24.855842663245753,19.044835511271767,52.507673243391665,35.72571108205921,27.991045376341898
-84.92349781437,0.013205069748004167,0.0861724848058989,0.5840264967835004,0.4978540119776015,9.39552746622e-11,0.703144754655,224.54752824181213,46.524580677502556,0.17163175091300423,0.17164400475459154,271.07210891931464,271.4540416999666,-0.14069887420357086,1.5865410473724924,0.17163175092630417,0.0523765386918572,0.22885921150754931,0.1716200405806783,0.05237489351147957,0.228855617172661,0.07361976774889735,0.5636796836359301,0.4900599158870328,0.20000000000000004,0.19998595910592515,216.8614932302197,54.21061568909494,-5.981734836346675e-05,7.783818034567958e-09,0.6069569080639111,0.6069473755378709,0.5710597407301424,40.34755443716007,24.784649626223707,18.988132224978372,52.664474217455,35.871978096970814,27.87691265022389
-84.47349781437,0.013267569748004165,0.08638788923376764,0.5829862147170625,0.49659832548329486,9.63601567982e-11,0.70231857223,223.22369588823108,46.250292442708854,0.17163175091285268,0.1716441251803375,269.47398833093996,269.8536694061844,-0.1406988743491766,1.586541047369662,0.17163175092627553,0.052252552780764856,0.22858817288032393,0.17161992933685652,0.05225090059325602,0.2285845589563215,0.07383971702056272,0.5627998865491262,0.48896016952856347,0.1999999999999997,0.19998582082273578,215.5830115842006,53.89097674673935,-5.9817526765204576e-05,7.767142484738088e-09,0.6062380872392524,0.6062285027609745,0.5697782221852118,40.46635550105112,24.711886890185227,18.932594066633595,52.818963765899305,36.02195590948206,27.76084681556034
-84.02349781437,0.013330069748004167,0.08660339027546438,0.5819454684797746,0.4953420782043102,9.90491287116e-11,0.701477070268,221.89757248626404,45.97552951983299,0.1716317509131116,0.17164424541411344,267.87310200609704,268.2505274783578,-0.14069887422354377,1.586541047370266,0.17163175092662222,0.052129218518715145,0.22831823956643313,0.17161981845860963,0.05212755949595527,0.22831460640080667,0.07406009857373148,0.5619183603381849,0.4878582617644534,0.19999999999999984,0.19998568279726137,214.30231679838727,53.570785207709754,-5.981748869565706e-05,7.969136461838389e-09,0.6055221978131577,0.6055125623042199,0.5684941849855109,40.58830802482834,24.637637010842834,18.878153034581384,52.97128369328184,36.17554833281208,27.64298113189832
-83.57349781437,0.013392569748004166,0.08681900003212972,0.5809041954125064,0.49408519538037665,1.02045727195e-10,0.700620461016,220.56924849290823,45.700310650596286,0.17163175091286478,0.17164436555941562,266.2695591435045,266.64472527026135,-0.1406988742704618,1.586541047369718,0.17163175092641003,0.05200652588215209,0.22804939351410713,0.17161970721538855,0.05200486002010952,0.2280457410698773,0.07428092875773101,0.5610350396011242,0.4867541108433932,0.20000000000000004,0.19998554472355934,213.01949631488878,53.250062828615754,-5.981752323469536e-05,7.845502025816131e-09,0.6048091919105765,0.6047995052729057,0.56720753386742,40.713350447419714,24.561967733200323,18.82476529140396,53.12151224836968,36.33269144985004,27.52342202284404
-83.12349781437,0.013455069748004167,0.08703473152805605,0.5798623340024285,0.4928276024743724,1.05370549294e-10,0.699748964734,219.23881516488862,45.42465474297635,0.17163175091292215,0.17164448598295343,264.66346990786496,265.03637310120286,-0.14069887426187977,1.5865410473693846,0.17163175092656685,0.0518844648234522,0.22778161651777828,0.1716195958389507,0.05188279223715821,0.22777794501917478,0.0745022239308732,0.56014985890934,0.4856476349784668,0.2,0.19998540635522244,211.73463833095744,52.92883157690757,-5.9817544240114984e-05,7.936873380742782e-09,0.6040990212485708,0.6040892840768463,0.5659181735258272,40.84165778230069,24.484804346834423,18.77256525917605,53.26922486052879,36.49357634175383,27.40208278397363
-82.67349781437,0.01351756974800417,0.08725059902583417,0.5788198148610806,0.49156921583524643,1.09043841848e-10,0.698862807676,217.90636454848277,45.14858086811174,0.17163175091276422,0.17164460702001388,263.05494541659453,263.4255822453412,-0.1406988742655657,1.5865410473694652,0.17163175092641575,0.05176302374879618,0.2275148868729169,0.17161948423445228,0.05176134456164973,0.22751119656326746,0.07472400236322316,0.5592627451791864,0.4845387428159632,0.19999999999999976,0.19998526736547168,210.4478318256473,52.607113590947215,-5.981753916639576e-05,7.848832694890007e-09,0.6033916282646153,0.6033818412041656,0.5646259975075728,40.97332313997356,24.40612387195903,18.72168935913619,53.413983151686026,36.658316417597945,27.278939616548968
-82.22349781437,0.013580069748004167,0.08746661560065036,0.5777765727708314,0.490309957170181,1.13097988504e-10,0.697962222969,216.57198947069745,44.872108259197816,0.171631750912795,0.1716447283714609,261.44409772989525,261.8124649206771,-0.1406988742470472,1.5865410473699761,0.1716317509264405,0.05164219102932177,0.2272491826813064,0.17161937203974556,0.051640505247151025,0.22724547354601152,0.07494628137062287,0.5583736291497117,0.4834273477790888,0.20000000000000012,0.19998512787668427,209.1591664127778,52.28493131711744,-5.981750695882582e-05,7.863265594210134e-09,0.6026869548825076,0.6026771178946135,0.5633309049259698,41.10831189028662,24.325980659796624,18.672103866370694,53.55582890694205,36.826888275046976,27.154072658307552
-81.77349781437,0.013642569748004166,0.08768279574280821,0.5767325427362527,0.4890497469934445,1.17571831726e-10,0.697047450259,215.23578352978996,44.595256309102815,0.17163175091303154,0.17164485001600602,259.83103983889276,260.1971342777175,-0.14069887427508032,1.5865410473696349,0.17163175092653482,0.05152195570352357,0.22698448339814678,0.17161926010286752,0.05152026354601419,0.2269807558935651,0.0751690785079517,0.5574824406008647,0.48231336209291303,0.20000000000000012,0.19998498814054846,207.86873241816542,51.96230742072735,-5.9817528474948034e-05,7.918199429468586e-09,0.6019849466154381,0.6019750609104073,0.5620327934981597,41.24671939328458,24.244352392370168,18.62378376766392,53.69478149420306,36.99937925987836,27.027480460581316
-81.32349781437,0.013705069748004168,0.0878991536347973,0.5756876568446668,0.48778850320986955,1.22474685325e-10,0.696118734642,213.8978410861906,44.31804456851,0.17163175091316552,0.17164497141800394,258.2158856547006,258.57970438781797,-0.14069887425182115,1.5865410473697665,0.1716317509265444,0.0514023066572491,0.22672076803250535,0.1716191485160191,0.051400608277616125,0.22671702246989775,0.07539241171102601,0.5565891077886171,0.48119669607759114,0.19999999999999984,0.19998484869771685,206.57662083069835,51.639264824002254,-5.981752017047981e-05,7.923794953512697e-09,0.60128554779341,0.6012756141967365,0.5607315587215148,41.38848053569607,24.16131220708951,18.576663870776482,53.830978853696685,37.17570770866182,26.89928616387855
-80.87349781437,0.013767569748004166,0.08811570139280935,0.5746418537574662,0.4865261523646569,1.2781478042e-10,0.695176328015,212.55825725177775,44.04049274379011,0.17163175091285834,0.17164509294565553,256.5987499955678,256.96029023120775,-0.14069887425586236,1.586541047369976,0.17163175092645055,0.051283233951043464,0.22645801807629481,0.17161903678805215,0.051281529430392755,0.22645425460872393,0.07561629711315748,0.5556935661796227,0.48007726906646525,0.19999999999999987,0.19998470909888055,205.28292362256784,51.315826373000014,-5.981750696992805e-05,7.869105367319662e-09,0.6005887093311739,0.6005787282487948,0.559427106596344,41.53348516570695,24.07695853141822,18.53066576102334,53.96460186030445,37.355748983296486,26.76964127923515
-80.42349781437,0.013830069748004168,0.08833245120390197,0.5735950723099089,0.48526262110600693,1.33599848414e-10,0.694220488152,211.21712788000073,43.76262069532096,0.17163175091292932,0.1716452148720852,254.97974857532174,255.33900768469846,-0.14069887426693128,1.5865410473699686,0.1716317509264425,0.051164727653287556,0.22619621494023182,0.17161892451692368,0.05116301700240828,0.22619243356577665,0.07584075071858715,0.5547957517578634,0.4789550010392763,0.2,0.1999845689903866,203.98773345520888,50.99201512011286,-5.981750743622172e-05,7.864420226155744e-09,0.5998943819281408,0.5998843533549615,0.5581193438761953,41.68180089345604,23.991285850535263,18.485826184789982,54.09549943852623,37.539561890098625,26.63856341551387
-79.97349781437,0.013892569748004166,0.0885494161106446,0.5725472499726069,0.48399783386196227,1.39841088998e-10,0.693251478018,209.87454955587575,43.484448434650616,0.17163175091289473,0.17164533746612873,253.35899799052638,253.71597350908272,-0.14069887426444438,1.5865410473698691,0.17163175092649957,0.05104677752119817,0.22593533924819767,0.17161881177442218,0.051045060787724104,0.22593154004636914,0.07606578893938977,0.5538955988749391,0.47782980993554935,0.20000000000000034,0.19998442813134723,202.69114366545978,50.66785432506657,-5.9817513708981807e-05,7.897660303513021e-09,0.5992025141969578,0.5991924383438487,0.5568081749371828,41.83349860115278,23.904288033237638,18.44218315956068,54.223515261076145,37.72722913390055,26.50605472378649
-79.52349781437,0.013955069748004168,0.0887666093344031,0.5714983243509515,0.4827317150165484,1.46554992988e-10,0.692269564675,208.53061958456865,43.20599612280263,0.171631750913133,0.17164546033532166,251.73661570737124,252.09130533622437,-0.14069887431463757,1.5865410473692207,0.17163175092650065,0.05092937330652417,0.22567537151077025,0.17161869880399297,0.05092765057275292,0.22567155463804675,0.07629142833402112,0.552993041296417,0.4767016129623959,0.1999999999999998,0.19998428692262513,201.39324812281768,50.343367584553555,-5.981755457629134e-05,7.898304232867304e-09,0.5985130544497799,0.5985029317317372,0.5554935033019495,41.98862875658179,23.815971838405137,18.399762342513153,54.34852806166266,37.91880829753232,26.372136807502937
-79.07349781437,0.014017569748004166,0.08898404439611086,0.570448232423407,0.4814641880272962,1.53756464522e-10,0.69127501977,207.1854359816222,42.9272840676046,0.1716317509127713,0.1716455833827454,250.11272004922682,250.46512165584704,-0.14069887427458072,1.58654104736996,0.17163175092635652,0.05081250461133639,0.22541629180548683,0.1716185859890319,0.050810776035199845,0.22541245758653147,0.07651768555593517,0.5520880124080415,0.4755703268521063,0.20000000000000023,0.19998414554424795,200.0941414404345,50.018578608792325,-5.9817507980231e-05,7.814326963284657e-09,0.5978259498502968,0.5978157811283585,0.554175231939836,42.14727524255576,23.72632617992606,18.358607615715155,54.47036185598247,38.11437113131163,26.2368227604963
-78.62349781437,0.014080069748004168,0.08920173436687973,0.5693969087102038,0.48019517434332404,1.61459409736e-10,0.690268119362,205.8390974599743,42.64833272203158,0.17163175091308883,0.1716457067731883,248.4874301820059,248.8375418020234,-0.14069887424624783,1.5865410473700117,0.17163175092653074,0.050696160802850845,0.22515807958598963,0.17161847291943982,0.050694426450096544,0.2251542281417263,0.07674457756316579,0.5511804443799918,0.47443586681682604,0.19999999999999982,0.1999840037649387,198.79391900894768,49.69351117305821,-5.981750471617531e-05,7.915823552195889e-09,0.5971411459075672,0.5971309315024355,0.5528532620487805,42.30939717295797,23.635411204562125,18.318708164038338,54.58900218537851,38.313857975241525,26.10021681048673
-78.17349781437,0.014142569748004166,0.08941969114775913,0.5683442931719994,0.47892460202424025,1.69674981028e-10,0.689249148332,204.49170342036138,42.36916268081518,0.1716317509128809,0.17164583071809517,246.86086610117655,247.20868593936828,-0.14069887426084726,1.5865410473694823,0.1716317509265184,0.05058033179461924,0.22490071541597914,0.17161835914843357,0.05057859167494764,0.22489684674300714,0.07697211984083484,0.5502702752692527,0.4732981554284178,0.19999999999999976,0.19998386129738824,197.49267689504572,49.36818920613082,-5.981753808947943e-05,7.908629306996318e-09,0.596458591074633,0.5964483309772886,0.551527503402893,42.47498230932959,23.54327054729228,18.28010636891846,54.704276868995315,38.51724519464043,25.96239671208748
-77.72349781437,0.014205069748004165,0.08963792771583677,0.567290323121194,0.4776523954053572,1.78415463846e-10,0.688218394118,203.14335393855765,42.08979467921694,0.17163175091316452,0.1716459555703618,245.23314861777456,245.5786750489445,-0.14069887424104088,1.5865410473697577,0.1716317509265222,0.05046500659260898,0.2246441777402855,0.17161824466712522,0.050463260744967306,0.2246402919001115,0.07720032860588003,0.5493574402090894,0.4721571116032094,0.19999999999999982,0.19998371777689758,196.19051183505755,49.04263678271701,-5.981752073669355e-05,7.910849753045568e-09,0.5957782281850851,0.5957679225586499,0.5501978615165416,42.64413289953147,23.449884708782225,18.24284074989711,54.816024198733416,38.7246293446983,25.823358852546583
-77.27349781437,0.014267569748004166,0.08985645796316372,0.566234936545738,0.47637847858257426,1.87692836115e-10,0.687176150993,201.79414975410864,41.810249589411605,0.17163175091289148,0.1716460804039387,243.60439934352024,243.94763091388143,-0.14069887421137572,1.5865410473705641,0.1716317509264617,0.05035017479873574,0.22438844622381016,0.17161813033950996,0.050348423361074326,0.22438454349859824,0.07742922002450764,0.5484418745342776,0.47101265450977,0.20000000000000015,0.1999835742795872,194.88752085257113,48.716878490949114,-5.9817469899581255e-05,7.875611274243965e-09,0.5951000033082627,0.5950896529010632,0.5488642421980277,42.816910151049484,23.355258389085066,18.2068838176365,54.92428083884009,38.93607883044558,25.68312038699856
-76.82349781437,0.014330069748004168,0.09007529452567843,0.5651780689857115,0.47510277446003313,1.97412934422e-10,0.686122709683,200.4441922573557,41.53054841898268,0.17163175091293223,0.1716462057283692,241.97474067633837,242.31567610471356,-0.14069887423537875,1.5865410473704604,0.1716317509264283,0.05023582594350183,0.2241335002704902,0.17161801556984616,0.05023406896880272,0.22412958075364064,0.07765881064539253,0.5475235120505708,0.4698647014051783,0.19999999999999993,0.19998343014043135,193.5838020285429,48.39093864779551,-5.981747643879487e-05,7.85613796239204e-09,0.594423861821402,0.5944134668811448,0.5475265490282202,42.99329994708142,23.259438127123445,18.1722000672959,55.02911019561564,39.15157606210858,25.541755928640978
-76.37349781437,0.014392569748004166,0.09029444989872096,0.564119660113797,0.47382521021507606,2.07260826635e-10,0.685058363386,199.09358347825153,41.250712307644775,0.17163175091283117,0.1716463316469532,240.3442957858963,240.68293396444412,-0.14069887422838434,1.586541047370273,0.17163175092637303,0.050121950246579866,0.22387932072118646,0.1716179003545748,0.050120187799021734,0.22387538453126493,0.07788911594760926,0.5466022908414291,0.4687131748938198,0.20000000000000007,0.1999832853070968,192.2794539098121,48.06484187608416,-5.981748825156785e-05,7.82394149467791e-09,0.5937497529126008,0.5937393137537336,0.5461846918191277,43.173295505202844,23.16246624906105,18.1387740605121,55.130517457460826,39.37108320265011,25.399351977511476
-75.92349781437,0.014455069748004168,0.09051393686435161,0.5630596482731481,0.47254571140879653,2.1786735198e-10,0.683983407209,197.74242607260996,40.970762525030445,0.17163175091296748,0.17164645807695808,238.71318859764037,239.0495285933368,-0.1406988742774673,1.5865410473699513,0.17163175092644434,0.05000853760034245,0.22362588758983706,0.17161778469985722,0.05000676974808423,0.22362193485453127,0.0781201515523912,0.5456781484226569,0.4675579968702657,0.20000000000000018,0.1999831398678465,190.97457561401887,47.738612983621536,-5.981750852424028e-05,7.865486040259384e-09,0.5930776235768772,0.5930671405380403,0.5448385795556223,43.35692612689975,23.064365704181558,18.106623285706984,55.22840919705777,39.59461236865366,25.255961358815625
-75.47349781437,0.014517569748004167,0.0907337682013294,0.5619979739355236,0.47126420573419425,2.29260655392e-10,0.682898138824,196.39082331077483,40.690720467855414,0.1716317509128821,0.1716465847266438,237.08154377863022,237.4155848334436,-0.1406988741062376,1.5865410473716637,0.17163175092647984,0.04989557816949694,0.2233731814016556,0.17161766897405747,0.04989380501302762,0.22336921232127677,0.07835193259938958,0.5447510242348406,0.466399091635451,0.19999999999999982,0.19998299412329756,189.6692668024061,47.41227697622411,-5.981740059946006e-05,7.886180597438397e-09,0.592407422165202,0.5923968957776402,0.543488124026677,43.54427380654997,22.96513209618802,18.07578550699289,55.3226303561267,39.822242236337864,25.111594522105996
-75.02349781437,0.014580069748004165,0.09095395655500656,0.5609345727667385,0.469980616211732,2.41468096901e-10,0.681802856537,195.03887906185645,40.41060765717378,0.17163175091308272,0.1716467120980285,235.44948671903026,235.78122825287102,-0.14069887424836836,1.5865410473692474,0.17163175092654112,0.04978306154135824,0.22312118129249459,0.17161755261063558,0.049781283109526855,0.2231171959072784,0.07858447513860373,0.5438208540782916,0.4652363789396879,0.2000000000000003,0.19998284750774428,188.36362792072174,47.08585879830849,-5.9817552888752346e-05,7.921885369910342e-09,0.5917390933438249,0.5917285237142472,0.54213323171849,43.735366975929466,22.864790423511657,18.046252716413118,55.413166141162215,40.05398572709936,24.966304397602787
-74.57349781437,0.014642569748004167,0.09117451495228185,0.5598693861374486,0.4686948711851668,2.54509436521e-10,0.680697860441,193.6866977845843,40.13044573581003,0.17163175091269434,0.1716468394285477,233.81714352039432,234.14658512979332,-0.14069887426133576,1.5865410473685457,0.17163175092650218,0.049670978145788594,0.2228698681872195,0.17161743633759216,0.04966919456384191,0.2228658667536191,0.0788177939649533,0.5428875787726972,0.4640697848077439,0.19999999999999993,0.19998270094103876,187.05775963286737,46.75938388752695,-5.981759712003765e-05,7.899192411287004e-09,0.5910725865236321,0.5910619743321773,0.5407738164287914,43.93014282935111,22.7634133557123,18.01796752517097,55.50015553102797,40.28975788024232,24.820203759288155
-74.12349781437,0.014705069748004168,0.09139545466322728,0.5588023543759681,0.46740689971274085,2.68396507536e-10,0.679583451635,192.33438451001294,39.85025646578983,0.1716317509130281,0.1716469677126833,232.18464097580275,232.5117824362149,-0.1406988742610804,1.586541047368103,0.17163175092667582,0.0495593184476144,0.22261922299661008,0.17161731924975462,0.04955752974246812,0.22261520555089698,0.07905190364105978,0.5419511400691404,0.46289923642808056,0.20000000000000004,0.19998255325579858,185.7517636466808,46.43287732912195,-5.9817625031044486e-05,8.000355933290848e-09,0.5904078510781534,0.590397196421017,0.5394097933113473,44.12864662219991,22.661016744096734,17.990946939987026,55.58351115901413,40.52959360547611,24.67332906750109
-73.67349781437,0.014767569748004167,0.09161678816143885,0.5577334179848314,0.4661166298233926,2.83090118879e-10,0.678459931313,190.98204483031964,39.57006172470987,0.17163175091295496,0.17164709671643763,230.55210655502952,230.87694782149003,-0.14069887423826533,1.586541047368457,0.17163175092663047,0.04944807282322225,0.22236922634038697,0.17161720146767379,0.0494462790333312,0.22236519294469448,0.07928681886967404,0.5410114791544565,0.46172466028478243,0.20000000000000004,0.19998240464394115,184.4457418904286,46.106364664600946,-5.981760271556169e-05,7.97393262530477e-09,0.5897448356090012,0.5897341386509666,0.5380410766991234,44.330955039380754,22.55760109638208,17.96522493768164,55.66309375300519,40.77356173033862,24.52569649454794
-73.22349781437,0.014830069748004165,0.09183852804516267,0.5566625165179018,0.4648239884727391,2.98134896605e-10,0.677613053819,189.6297848836521,39.28988350370087,0.17163175091280844,0.17164722635627155,228.91966838735297,229.24220959560458,-0.1406988742695403,1.5865410473668575,0.171631750926722,0.04933723147532358,0.2221198583542759,0.17161708305301368,0.049335432633669435,0.2221158090584041,0.07952255450507466,0.5400685366133126,0.4605459821082379,0.19999999999999982,0.19998225523170818,183.13979683635532,45.77987155099762,-5.981770352381233e-05,8.027267739407762e-09,0.5890834874341863,0.5890727483073284,0.536667580046814,44.53709886261055,22.453191284076038,17.940804507288618,55.738860517305156,41.02167564034339,24.37735622424294
-72.77349781437,0.014892569748004167,0.0920606868888239,0.5555895912043445,0.4635289043155206,3.13472396732e-10,0.677048578499,188.2777113409215,39.00974390424578,0.1716317509128134,0.17164735634380104,227.28745524516728,227.60769671222482,-0.14069887428386219,1.586541047365848,0.17163175092677074,0.04922678490266285,0.22187109974636815,0.17161696433519485,0.04922498108846188,0.22186703470426128,0.07975912489214289,0.539122255065284,0.4593631301731411,0.19999999999999976,0.19998210538447514,181.83403141775906,45.45342382740822,-5.98177671617961e-05,8.055667244377673e-09,0.5884237553896887,0.5884129745022825,0.5352892197739567,44.7470923193682,22.347820789400497,17.91767936532905,55.81079891043331,41.27393204078885,24.22836765374699
-72.32349781437,0.014955069748004165,0.09228327652438337,0.5545145824539325,0.4622313059295491,3.27464670974e-10,0.676458467093,186.92593139125967,38.72966513513616,0.1716317509129706,0.1716474870588305,225.6555965263958,225.97353875152155,-0.14069887424975613,1.586541047366364,0.1716317509268351,0.049116723544248654,0.2216229309982355,0.17161684488786078,0.04911491477205243,0.22161885021823488,0.07999654432900236,0.538172577318166,0.45817603298916365,0.19999999999999982,0.19998195466477073,180.52854925200236,45.12704727439349,-5.981773464336371e-05,8.093170578149511e-09,0.5877655877107367,0.5877547650849043,0.5339059125739042,44.960956289552946,22.24151981020827,17.89585108181234,55.8788735684276,41.53033204899344,24.07878653174016
-71.87349781437,0.015017569748004167,0.09250630780067855,0.5534374310233339,0.46093112322265534,3.42242921654e-10,0.675843255978,185.5745527275468,38.44966950943773,0.1716317509129154,0.17164761987910385,224.02422223698454,224.33986590277237,-0.14069887423603378,1.586541047366065,0.17163175092690758,0.049007038035893596,0.22137533294360867,0.17161672352964033,0.049005224240540504,0.22137123625381078,0.0802348266538741,0.5372194480190412,0.4569846213651671,0.20000000000000004,0.1999818014917607,179.22345469624184,44.80076754074273,-5.9817753472746205e-05,8.13538125754576e-09,0.5871089335665186,0.587098068746355,0.5325175778192225,45.17871653613396,22.134316259298767,17.875309361613233,55.943087740202934,41.79088405919598,23.92866345166375
-71.42349781437,0.015080069748004169,0.09272979488637903,0.5523580806602503,0.45962828577387127,3.57802067474e-10,0.675203487246,184.2236835318697,38.16977944176651,0.1716317509129815,0.17164775253733877,222.39346297363622,222.70680894675013,-0.1406988742714388,1.5865410473660961,0.17163175092692823,0.04889771909819858,0.22112828651757463,0.1716166023428811,0.04889590041629382,0.2211241742014966,0.0804739857365434,0.5362628116884696,0.45578882595192616,0.1999999999999999,0.1999816484603899,177.91885164135377,44.47461133228246,-5.981775151875368e-05,8.147416075132696e-09,0.5864537423950288,0.5864428361324491,0.5311241346982613,45.400416310474824,22.026229741185855,17.85606673777272,56.003374913726105,42.05561942376864,23.778035223393438
-70.97349781437,0.015142569748004167,0.09295374786366122,0.5512764713783148,0.4583227235146536,3.74131068437e-10,0.674539710766,182.87343246126326,37.890017445054916,0.17163175091317742,0.17164788707588546,220.7634499063182,221.0744992379042,-0.1406988742067905,1.5865410473665604,0.1716317509269857,0.04878875736720091,0.22088177237427473,0.17161647938377683,0.04878693371427704,0.22087764421569928,0.08071403524493681,0.5353026136551818,0.454588578410245,0.19999999999999984,0.19998149315358513,176.61484556031596,44.1486043460022,-5.981772225327475e-05,8.180922606015884e-09,0.585799962889167,0.5857890146107418,0.5297255035763426,45.62608595890206,21.917286547453475,17.838127451441235,56.05969588019761,42.32455089143386,23.62694887336399
-70.52349781437,0.015205069748004165,0.09317817968727769,0.5501925465175981,0.4570143668303204,3.91209292503e-10,0.673852474169,181.52390863192915,37.61040612715934,0.17163175091271032,0.17164802241714597,219.1343147590885,219.4430686863378,-0.14069887424450478,1.5865410473665864,0.1716317509267029,0.0486801436647325,0.22063577149848684,0.17161635565862893,0.04867831507149868,0.22063162754124505,0.08095498865882582,0.5343387999982114,0.4533838113393856,0.19999999999999993,0.19998133681128713,175.3115415523406,43.82277320674788,-5.9817720621246906e-05,8.016143304701018e-09,0.585147544618713,0.5851365544406867,0.5283216059123602,45.855781896802796,21.80750079129548,17.821505734776352,56.11198149484249,42.597729756859124,23.475429458514256
-70.07349781437,0.015267569748004167,0.09340310249532255,0.5491062475025855,0.45570314500726294,4.09009784765e-10,0.673142331621,180.17522160465418,37.33096818866624,0.17163175091310742,0.17164815847720677,217.50618979332043,217.81264973959156,-0.14069887430208095,1.5865410473660608,0.17163175092680916,0.048571868606710866,0.22039026431925451,0.17161623116952823,0.04857003509262242,0.22038610458153304,0.08119685968775373,0.5333713158830311,0.4521744561952774,0.20000000000000007,0.19998117954509412,174.0090454000931,43.49714439322733,-5.981775373919973e-05,8.078049340554116e-09,0.584496435679585,0.5844854036501904,0.526912361832899,46.089548682732364,21.696892865749714,17.80620274503518,56.16020520033814,42.875184096004624,23.323515014205764
-69.62349781437,0.015330069748004166,0.09362853050107484,0.5480175190108237,0.4543889885097489,4.27498948015e-10,0.672409839975,178.82748137025686,37.05172641854074,0.17163175091317628,0.17164829305602206,215.8792077887976,216.18337536423613,-0.14069887424322802,1.5865410473662396,0.17163175092688818,0.04846392315313547,0.22014523195639615,0.17161610819467046,0.04846208501423879,0.22014105708440393,0.08143966158078683,0.5324001083112926,0.4509604467305057,0.2000000000000001,0.19998102397928363,172.70746275935733,43.17174502944029,-5.981774248153826e-05,8.124079187155075e-09,0.5838465859997035,0.5838355138327497,0.5254976941408034,46.32740506134865,21.58549564077157,17.792212915244562,56.20436337872222,43.15690636292132,23.171262360435545
-69.17349781437,0.015392569748004167,0.09385447382583863,0.5469263020431051,0.4530718282172665,4.46635547164e-10,0.671655558358,177.48079833269836,36.77270369166215,0.17163175091290278,0.1716484278601903,214.2535020243605,214.5553790272826,-0.14069887424436045,1.5865410473661163,0.17163175092679886,0.0483562981396064,0.21990065515956608,0.1716159849920784,0.048354455460937806,0.2198964653216095,0.08168340740603836,0.531425125009839,0.4497417176038006,0.19999999999999973,0.19998086804926865,171.40690070693316,42.84660131742734,-5.98177502419972e-05,8.07205413622114e-09,0.5831979445252778,0.5831868326671297,0.5240775266948355,46.569406750022814,21.473324866856075,17.77956269904911,56.24435296451258,43.44293910919813,23.01870040345109
-68.72349781437,0.015455069748004166,0.09408094399096815,0.5458325381129644,0.4517515941219962,4.66373874735e-10,0.670880047069,176.13528329465828,36.49392296569669,0.17163175091295552,0.17164856341737608,212.62920626035498,212.92879467741534,-0.14069887424772443,1.5865410473652803,0.17163175092696115,0.04824898435665541,0.21965651448717702,0.17161586106784557,0.04824713717839427,0.21965230974973668,0.081928110333155,0.5304463133021883,0.4485182029690333,0.2000000000000002,0.19998071118652755,170.10746637338235,42.52173988697265,-5.981780293318195e-05,8.166600728998219e-09,0.5825504596953258,0.5825393083222963,0.5226517827654529,46.8155986172611,21.360401864674564,17.768248569428366,56.28016718094414,43.7333091348728,22.86586631064246
-68.27349781437,0.015517569748004167,0.09430795271506448,0.544736170009018,0.4504282172939535,4.86661394951e-10,0.670083867338,174.79104744174063,36.215407277316785,0.17163175091271712,0.1716486999058789,211.00645471905742,211.30375672605527,-0.14069887426718664,1.5865410473651034,0.1716317509268393,0.0481419728338799,0.21941279095321653,0.17161573630971932,0.04814012119437678,0.21940857137855116,0.08217378316437016,0.529463621976717,0.44728983881234685,0.19999999999999973,0.1999805532423937,168.8092671666242,42.19718755243319,-5.981781409092335e-05,8.095613068803686e-09,0.5819040811570944,0.5818928904342996,0.5212203877582324,47.06601330648037,21.24675386224635,17.75827587632149,56.3117729989418,44.02803153879638,22.71280284513346
-67.82349781437,0.015580069748004166,0.09453551170156951,0.5436371403564385,0.449101628654869,5.07448311074e-10,0.669267580411,173.44820232634504,35.93717973953122,0.17163175091289212,0.17164883744744894,209.38538206587623,209.68040002825822,-0.14069887425921523,1.5865410473661286,0.1716317509267563,0.048035254448297614,0.21916946513667823,0.17161561056543584,0.04803339836709293,0.21916523074405056,0.08242043866448544,0.5284769999758414,0.44605656131135596,0.19999999999999996,0.19998039405393703,167.51241085120816,41.872971214668084,-5.9817749475943316e-05,8.047251753851015e-09,0.5812587574041838,0.5812475273827105,0.5197832673018706,47.320722733907374,21.132390678459696,17.749734126395452,56.33887205740789,44.32727087572448,22.55947592179971
-67.37349781437,0.015642569748004168,0.09476363469534617,0.5425353927351866,0.44777175803984043,5.28681051145e-10,0.668431747094,172.10685985196668,35.659263537791155,0.17163175091300298,0.1716489741592744,207.7661233897578,208.05885986345703,-0.14069887429515315,1.586541047366284,0.1716317509267868,0.04792881930641839,0.21892651576823305,0.17161548553711725,0.04792695895127712,0.21892226691517042,0.08266809088874559,0.5274863910789527,0.44481830019020707,0.1999999999999999,0.19998023568989076,166.21700506589914,41.5491183238587,-5.981773968377624e-05,8.06503752670551e-09,0.5806144320282628,0.5806031636563084,0.5183403395049306,47.57978801917525,21.01732776945092,17.742653269411782,56.361356152069625,44.63169856012184,22.40560033028844
-66.92349781437,0.015705069748004168,0.09499233149391204,0.5414308672995538,0.44643853580564175,5.5030823089e-10,0.667576923897,170.76713225732104,35.381681927088586,0.17163175091290142,0.17164911240280795,206.1488141844096,206.43927191605172,-0.1406988742724491,1.5865410473668866,0.1716317509266257,0.04782265808372074,0.2186839227829077,0.17161535906922637,0.04782079342736901,0.21867965938186618,0.08291675944918209,0.5264917168363991,0.443574957387217,0.19999999999999993,0.19998007551238187,164.9231587570234,41.2256554273862,-5.9817701691944336e-05,7.971157067743206e-09,0.5799710518150691,0.5799597448604584,0.5168914900975494,47.843222485057744,20.90160210910369,17.736912982347285,56.37959666348101,44.94119130498518,22.251301555708274
-66.47349781437,0.015767569748004164,0.09522161639449093,0.5403235103427381,0.4451018939482471,5.722838965e-10,0.666703665526,169.42913209951746,35.10445822857142,0.17163175091319208,0.17164924952350544,204.53359032808885,204.8217722558565,-0.1406988742425508,1.5865410473673522,0.17163175092682553,0.0477167624837104,0.21844166837787704,0.1716152337876067,0.047714893788033695,0.21843739100262505,0.08316645636514904,0.52549292917353,0.44232647280838094,0.2000000000000001,0.19997991660717723,163.63097999091113,40.90261033717776,-5.9817672348749795e-05,8.087597258565893e-09,0.5793285695497773,0.5793172255342001,0.5154366490530514,48.11105724604832,20.785242670636524,17.732458523839853,56.39375942459311,45.255115050442065,22.09694967928784
-66.02349781437,0.015830069748004168,0.09545149793122021,0.5392132619552775,0.4437617640240573,5.94568647241e-10,0.665812527017,168.09297223854293,34.827615825687225,0.17163175091264418,0.17164938884196243,202.92058806423015,203.20649731840675,-0.1406988742730042,1.5865410473676012,0.1716317509264554,0.04761112398236936,0.21819973414825544,0.1716151064787529,0.04760925118356252,0.218195442627848,0.08341719355755914,0.5244899804020403,0.44107278684448115,0.19999999999999982,0.19997975512926214,162.34057855245953,40.58000951177062,-5.981765666129846e-05,7.871947538262702e-09,0.5786869364208389,0.5786755548909325,0.5139757469096762,48.38333594298167,20.668273084321232,17.729289595505396,56.40383922960528,45.57348817211573,21.942581972732402
-65.57349781437,0.015892569748004168,0.09568198881749507,0.5381000673846522,0.44241807856715715,6.17128737865e-10,0.664904060294,166.75876582008843,34.5511781617521,0.17163175091275593,0.1716495291494514,201.3099439818405,201.59358388513792,-0.1406988743545723,1.5865410473662942,0.17163175092644936,0.047505734426223856,0.2179581024560084,0.17161497827743305,0.047503857579425365,0.21795379689150948,0.08366898264546499,0.5234828240503868,0.43981384140492186,0.20000000000000026,0.19997959249404634,161.05206341935275,40.257880562487756,-5.9817739039846884e-05,7.868417029044394e-09,0.5780461056504695,0.5780346868742653,0.5125087159752918,48.66009198795136,20.550721528590785,17.72737544206214,56.40992956166978,45.896312266572494,21.788242902650953
-65.12349781437,0.015955069748004168,0.09591310218301036,0.5369838724715096,0.4410707702884992,6.39940252203e-10,0.663978814287,165.42662626022076,34.27516873554191,0.17163175091275054,0.1716496689993922,199.7017949957627,199.9831690634366,-0.14069887430609995,1.5865410473675394,0.17163175092648353,0.04740058579564345,0.21771675589086717,0.17161485076406113,0.04739870512602773,0.21771243677389615,0.08392183495868175,0.5224714147976919,0.4385495798390101,0.19999999999999973,0.19997943039586255,159.76554378347876,39.936251212283935,-5.9817660547079043e-05,7.888312225645677e-09,0.5774060310649415,0.577394576346262,0.5110354902356639,48.9413912634173,20.43260263317197,17.72681682286502,56.41170718874611,46.223630576206666,21.633956215346355
-64.67349781437,0.016017569748004168,0.09614484825812554,0.5358646193876915,0.43971977112956595,6.62993656515e-10,0.663037337978,164.09666722734903,33.999611098348694,0.17163175091279922,0.17164980951312755,198.0962783256977,198.37539026657532,-0.1406988742416848,1.5865410473686916,0.17163175092643645,0.04729566888115849,0.217475674228541,0.17161472248806803,0.04729378439580186,0.21747134155056352,0.08417576197496404,0.5214557067323252,0.4372799447573612,0.2000000000000001,0.19997926743805985,158.48112970391867,39.61514862177904,-5.9817587927391e-05,7.860889716937436e-09,0.5767666590274669,0.5767551683436782,0.5095560028157716,49.227491465032315,20.313852488508953,17.7277693510227,56.40867613963574,46.555512214822194,21.47973360030229
-64.22349781437,0.016080069748004168,0.09637724094483067,0.5347422437078527,0.43836500276302204,6.86302668228e-10,0.662080178544,162.769002626356,33.72452885035009,0.17163175091261498,0.17164995036473477,196.4935314767061,196.7703851935356,-0.14069887425244287,1.5865410473685915,0.17163175092646174,0.04719097396948622,0.21723483599433635,0.17161459390786135,0.04718908576324747,0.21723048994845884,0.08443077515715026,0.5204356540037077,0.4360048788465575,0.20000000000000004,0.19997910408412486,157.1989310936686,39.29460038303747,-5.981759423345778e-05,7.875633478704458e-09,0.5761279325850681,0.5761164064483071,0.5080701869291173,49.519812655336445,20.193937464184575,17.730236379204932,56.400827299339284,46.89220869833336,21.325504337686315
-63.77349781437,0.016142569748004165,0.09661030386535628,0.5336166266638293,0.43700632279847296,7.09889424811e-10,0.661107876339,161.44374658182312,33.44994563750856,0.1716317509130274,0.17165009215140145,194.8936922193317,195.16829180872506,-0.14069887421183092,1.5865410473698074,0.17163175092651234,0.0470864919709075,0.21699422105417346,0.1716144642073217,0.04708460007577729,0.2169898616889215,0.08468688808284525,0.5194112023011817,0.4347243142183364,0.19999999999999982,0.19997893950010384,155.9190583340501,38.97463388528159,-5.981751759476239e-05,7.90509879777801e-09,0.5754897983402054,0.5754782368791668,0.5065779634664894,49.81878871411989,20.07274817014118,17.734077486393204,56.38861117908548,47.23409671613861,21.171146894364703
-63.32349781437,0.016205069748004168,0.09684405363726617,0.5324876869713098,0.4356436333340436,7.33782622283e-10,0.660120960867,160.1210134213714,33.175885147361214,0.1716317509127779,0.17165023524193082,193.29689856873262,193.56924832159712,-0.14069887403396208,1.5865410473732038,0.171631750926322,0.04698221498268265,0.21675381192191903,0.17161433320039235,0.046980319414912555,0.21674943924936127,0.08494411563279225,0.5183822921004394,0.43343817646764715,0.19999999999999987,0.1999787733531123,154.6416218999965,38.65527666873612,-5.9817303521558784e-05,7.794209722078449e-09,0.574852209917951,0.574840613164642,0.5050792457247568,50.12307156006591,19.950892251318468,17.7391868233036,56.37236982511063,47.58095495828615,21.016812312335727
-62.87349781437,0.016267569748004168,0.09707850239423772,0.5313553722580051,0.4342768698637674,7.5801049291e-10,0.659119958944,158.8009176569742,32.902371106164594,0.171631750912826,0.17165037836577215,191.7032887631388,191.97339316617834,-0.14069887424750238,1.5865410473699766,0.17163175092632363,0.046878135302645466,0.2165135914963434,0.1716142019498975,0.04687623614775454,0.21650920568824444,0.0852024682757859,0.5173488815284746,0.43214641325268865,0.2000000000000001,0.19997860705565093,153.3667321082991,38.33655665483972,-5.9817506936621356e-05,7.795164513879627e-09,0.5742151219641791,0.5742034903741361,0.5035739727107751,50.43208295835995,19.828647585816867,17.74554693519191,56.3521656251045,47.932391824284394,20.86271854878232
-62.42349781437,0.016330069748004168,0.09731365917473116,0.5302196287234962,0.432905969548765,7.82611306874e-10,0.658105391762,157.4835739714366,32.62942727530549,0.17163175091300942,0.17165052358009394,190.1130012467421,190.38086498050978,-0.1406988742251425,1.5865410473700408,0.17163175092652522,0.04677424536533129,0.21627354291575124,0.17161406870907944,0.046772342605313766,0.21626914390479693,0.08546195596364861,0.5163109307780335,0.4308489748143849,0.19999999999999973,0.19997843833542822,152.0945001501573,38.01850109658481,-5.9817502884307316e-05,7.912603905424476e-09,0.5735784897600323,0.5735668231547316,0.5020620864410116,50.745866635360436,19.70603846783426,17.75324659911751,56.327725434158545,48.288428909727145,20.70889491702973
-61.97349781437,0.016392569748004165,0.09754953645688014,0.5290804052756818,0.43153086881880165,8.07611016131e-10,0.657077775394,156.16909719787407,32.357077447273866,0.1716317509129846,0.17165066911130006,188.52617464514793,188.7918025860106,-0.14069887422237803,1.586541047370578,0.17163175092629232,0.04667053656334713,0.21603364683156911,0.1716139350452524,0.04666863027918567,0.21602923477896613,0.08572258874294655,0.515268399659676,0.4295458109167294,0.2,0.19997826918617745,150.82503654332024,37.7011381018277,-5.9817469022505065e-05,7.776912447354789e-09,0.5729422619912103,0.5729305607981877,0.5005435283761737,51.06447761534123,19.58308488990733,17.7624250040722,56.298619122712175,48.649105442237286,20.555362547978064
-61.52349781437,0.01645506974800417,0.0977861442887251,0.5279376494959056,0.4301515052071805,8.33036915932e-10,0.656037617666,154.8576023041905,32.08534544267269,0.17163175091321983,0.17165081574737223,186.9429477468632,187.20634496676848,-0.14069887425666172,1.5865410473703008,0.1716317509265001,0.046566999847402354,0.21579388278494446,0.17161380028539033,0.046565090076664706,0.21578945775144973,0.08598437632861006,0.5142212493180608,0.42823687298945073,0.20000000000000012,0.1999780987357528,149.5584524843883,37.384495262474886,-5.981748649741547e-05,7.897971165959916e-09,0.5723063843988444,0.5722946487792332,0.49901824191802574,51.387944595338865,19.45981704219991,17.773039982261082,56.264994677223484,49.01443423496317,20.40215327603794
-61.07349781437,0.016517569748004165,0.09802349614126238,0.5267913131355163,0.4287678169942539,8.58916442568e-10,0.654985420196,153.5492043760223,31.81425510628216,0.17163175091323368,0.1716509604705498,185.36345948230445,185.62463124876373,-0.14069887422929472,1.5865410473712251,0.17163175092629965,0.04646362725160727,0.21555423273878727,0.17161366730723066,0.046461714343056945,0.21554979550687806,0.08624732823591069,0.5131694416878563,0.4269221134519456,0.19999999999999982,0.19997793041537273,148.2948584803994,37.068601001905044,-5.981742823291114e-05,7.78117570376935e-09,0.5716708091468159,0.5716590411758221,0.49748617162157804,51.71628916960631,19.336267471172324,17.784973697123604,56.22724087366696,49.3844099604885,20.249305414402652
-60.62349781437,0.01658006974800417,0.09826159948438276,0.5256413434658292,0.4273797439814465,8.85275725244e-10,0.65392167804,152.2440185987479,31.543830303605375,0.17163175091278562,0.17165110611348672,183.78784890235326,184.04680067903413,-0.1406988742675641,1.586541047370468,0.17163175092617214,0.04636041124249418,0.21531467957966588,0.1716135332485768,0.04635849525292801,0.21531023025608423,0.08651145344988262,0.5121129408313342,0.42560148738145154,0.19999999999999973,0.1999777609035534,147.03436639758007,36.7534825047732,-5.981747596139897e-05,7.706901783421927e-09,0.5710354908486382,0.571023690809352,0.4959472651389845,52.0495554585419,19.212459956483432,17.79819298342871,56.18547910628151,49.75904535204502,20.09684858149919
-60.17349781437,0.01664256974800417,0.09850046635456439,0.5244876919080689,0.4259872255535045,9.12174964659e-10,0.652846880875,150.9421602407452,31.274094917679825,0.17163175091316116,0.17165125138332246,182.21625515842504,182.47299260478684,-0.1406988742262083,1.5865410473708628,0.1716317509262815,0.04625734437362315,0.21507520632007576,0.1716133997429521,0.04625542548940953,0.21507074531281453,0.0867767609450398,0.511051710851248,0.4242749499062082,0.19999999999999996,0.19997759186094044,145.77708725392455,36.4391679045005,-5.981745108130099e-05,7.770606380574918e-09,0.5704003844517956,0.5703885534262537,0.49440147018183095,52.38778777965609,19.08841816734115,17.8126945714787,56.13973764537445,50.13837892066682,19.94480119874407
-59.72349781437,0.01670506974800417,0.09874010601155002,0.523330308664101,0.424590202652551,9.39684542177e-10,0.651761508964,149.64374463603946,31.00507284456213,0.17163175091301947,0.1716513969817061,180.6488174806016,180.90334645246196,-0.14069887420643523,1.5865410473714125,0.17163175092621233,0.04615441928047903,0.2148357960873351,0.1716132659133209,0.046152497648203866,0.2148313237128233,0.08704325943216071,0.5099857169024166,0.42294245747025583,0.20000000000000007,0.199977422442227,144.52313259359457,36.12568488700702,-5.981741642013816e-05,7.730305284781025e-09,0.5697654452082933,0.5697535840356964,0.49284873599498663,52.731018275126466,18.964170097805713,17.828469955687023,56.090062831275915,50.52243119135416,19.79318841986228
-59.27349781437,0.016767569748004165,0.09898052889577855,0.5221691454037903,0.42318861650801176,9.67845582975e-10,0.650666037117,148.3488871666606,30.736787990670123,0.17163175091289223,0.17165154265738336,179.08567515733074,179.33800170675764,-0.14069887420709026,1.586541047371645,0.17163175092615107,0.04605162874494788,0.2145964322745089,0.171613132113453,0.04604970451715777,0.21459194886378608,0.08731095741201716,0.5089149249826883,0.42160396757067115,0.19999999999999993,0.19997725294258895,143.27261379799887,35.81306135933185,-5.9817401765194234e-05,7.694622716769572e-09,0.5691306290749231,0.5691187386332202,0.4912890130504091,53.07929942370832,18.83973622216539,17.84551762403551,56.036480480293534,50.911237596042504,19.64202889614558
-58.82349781437,0.01683006974800417,0.09922174461549399,0.5210041534889925,0.42178240887349855,9.9668576757e-10,0.649560930163,147.05770324558281,30.469264268708873,0.1716317509127506,0.17165168872993472,177.52696751429167,177.7770978896179,-0.14069887420568028,1.5865410473715302,0.1716317509261256,0.04594896554910537,0.21435709820088852,0.17161299795465054,0.04594703882219613,0.2143526039547832,0.08757986327176444,0.5078393015435713,0.42025943827180684,0.20000000000000012,0.19997708294361533,142.02564240695764,35.50132510733401,-5.9817409003848354e-05,7.679767932700088e-09,0.5684958918128218,0.5684839726346297,0.4897222524810943,53.43266566622335,18.715143396488543,17.86383611488594,55.979017808313834,51.30482277486066,19.491344983068522
-58.37349781437,0.016892569748004165,0.09946376176274611,0.5198352845625202,0.420371522799774,1.02622110528e-09,0.648446646577,145.7703082990876,30.202525594218198,0.1716317509129296,0.17165183650146185,175.9728338933058,176.2207745391943,-0.14069887420303795,1.5865410473715997,0.17163175092616004,0.04584642261990647,0.21411777744948332,0.17161286225480551,0.04584449342784684,0.21411327242337605,0.08784998506564928,0.5067588143682022,0.41890882930255297,0.20000000000000007,0.1999769109723982,140.78233015626355,35.19050373704223,-5.981740462956964e-05,7.69984076498531e-09,0.5678611898825321,0.5678492421147254,0.48814840735969955,53.79115886430603,18.59041562057823,17.883412439610765,55.9177396023734,51.70322364045883,19.34115379253605
-57.92349781437,0.01695506974800417,0.09970659166613062,0.518662493187557,0.41895590152142637,1.05645470813e-09,0.64732363465,144.48681774953818,29.93659588176329,0.17163175091300337,0.17165198421055625,174.42341363130146,174.66917118878396,-0.14069887422600846,1.5865410473713155,0.17163175092612554,0.045743993016051566,0.21387845383780846,0.17161272659958898,0.04574206151811597,0.21387393837986893,0.08812133085392833,0.5056734312149154,0.41755210036098706,0.19999999999999982,0.19997673901139357,139.54278816607834,34.88062546522312,-5.9817422537467024e-05,7.679745728239595e-09,0.5672264803665287,0.5672145049324874,0.4865674307229768,54.15482256674937,18.46557615007296,17.90422784992883,55.85272977879217,52.106467996955125,19.191475424095827
-57.47349781437,0.017017569748004165,0.09995024560382211,0.5174857351347234,0.4175354895309013,1.08735828162e-09,0.646192335076,143.20734699785592,29.671499041570186,0.17163175091302618,0.17165213117988495,172.87884603942612,173.12242734575256,-0.14069887423654448,1.5865410473713,0.17163175092616206,0.04564167000477094,0.21363911159890864,0.1716125927403382,0.04563973669152344,0.21363458683350747,0.08839390826064779,0.5045831215882197,0.4161892133275719,0.19999999999999993,0.19997656836820654,138.3071276650062,34.57171837441995,-5.9817423514463286e-05,7.701017601391413e-09,0.5665917214493115,0.5665797213309758,0.48497927815078007,54.523657838377154,18.340662377499875,17.92626561544884,55.784066879953,52.51455640948683,19.04233927451301
-57.02349781437,0.01708006974800417,0.10019473050497055,0.51630496427703,0.41611023377205947,1.11883742722e-09,0.645053179621,141.93201140612655,29.407258975805203,0.17163175091299027,0.17165227870753552,171.33927038193175,171.5806824704458,-0.14069887416120475,1.5865410473722832,0.1716317509262031,0.04553944695948916,0.21339973514390584,0.17161245850008236,0.045537511989246104,0.21339520142038365,0.08866772462354053,0.5034878561368533,0.41482013151331276,0.19999999999999987,0.1999763971036179,137.0754604085904,34.26380997334134,-5.981736155291628e-05,7.72493180534184e-09,0.5659568717876582,0.5659448479115136,0.48338390688995364,54.89770140274603,18.215698917222408,17.949532518045416,55.711757339343414,52.927534746037125,18.893757375972882
-56.57349781437,0.017142569748004165,0.10044005537138043,0.5151201359903145,0.414680080618934,1.15079762871e-09,0.643906590346,140.66092627956016,29.14389957494601,0.1716317509133537,0.17165242649524748,169.80482585450616,170.04407595509744,-0.14069887424624783,1.5865410473708257,0.1716317509263081,0.045437317192384426,0.21316030867022226,0.17161232367689908,0.045435380625699115,0.21315576610943254,0.08894278730902934,0.5023876053954227,0.4134448180863934,0.19999999999999996,0.19997622529432776,135.84789774336136,33.95692811114482,-5.981745341276934e-05,7.786127298459178e-09,0.5653218894715942,0.5653098421581558,0.4817812740209142,55.277023559177024,18.090699093619726,17.974044740917336,55.635780060318424,53.34545832030008,18.745738278144287
-56.12349781437,0.01720506974800417,0.10068622728898026,0.513931204489691,0.41324497720071074,1.1832070208e-09,0.642928718732,139.3942068506033,28.88144471405954,0.17163175091294386,0.17165257632934794,168.2756515646628,168.51274710273856,-0.14069887421109817,1.586541047371901,0.17163175092598634,0.045335274015460204,0.21292081630376164,0.17161218628191738,0.04533333581034986,0.21291626478583045,0.08921910348377812,0.501282340694819,0.4120632372110409,0.19999999999999998,0.19997605078374822,134.6245513216995,33.65110024296334,-5.9817385633653686e-05,7.598632834060481e-09,0.564686732401471,0.5646746613328215,0.48017133778475324,55.661683798818146,17.96568001094557,17.99979385172888,55.556191822938565,53.7683779433173,18.598292123563805
-55.67349781437,0.017267569748004166,0.10093325761918355,0.5127381283355141,0.4118048707163306,1.21602226817e-09,0.642456092195,138.13196825941955,28.619918249615985,0.171631750913146,0.1716527258624163,166.75188650903556,166.98683510611386,-0.14069887421304106,1.5865410473721069,0.17163175092602406,0.04523331095974382,0.21268124261378532,0.17161204861478888,0.045231371287062824,0.21267668251847174,0.08949668028419905,0.5001720334933254,0.41067535320912635,0.2,0.19997587634656316,133.40553187194854,33.34635463708703,-5.981737265514653e-05,7.62061524994806e-09,0.5640513596534674,0.5640392658367648,0.47855405660626255,56.05171095143708,17.840668608071482,18.02682128417969,55.4728969814328,54.19632415234389,18.45143587947102
-55.22349781437,0.017330069748004166,0.1011811525356451,0.5115408632953813,0.4103597107597362,1.24920589523e-09,0.641955211089,136.87432553820426,28.35934401523667,0.17163175091299723,0.17165287776157254,165.23366955344096,165.46647902661172,-0.14069887420118388,1.5865410473724035,0.17163175092595434,0.04513142099260291,0.21244157077324322,0.17161190819749017,0.04512947988868897,0.21243700216461578,0.08977552442696343,0.4990566569219178,0.40928113249495435,0.19999999999999993,0.19997569889908004,132.19095100283195,33.042718550608996,-5.981735395899079e-05,7.580003291707271e-09,0.5634157266006086,0.5634036102057688,0.4769293913485164,56.447157406398446,17.71568394136083,18.055522542326212,55.38471665141647,54.629358105083575,18.305175727608344
-54.77349781437,0.017392569748004166,0.10142992533116427,0.5103393711717622,0.40890944584059796,1.2827465854e-09,0.641426799302,135.6213935927704,28.099745818595363,0.17163175091270244,0.17165302767266089,163.72113941136578,163.9518177732118,-0.1406988742052806,1.5865410473734003,0.17163175092585156,0.045029593317776465,0.21220177501089962,0.1716117694855289,0.0450276511971444,0.21219719884377455,0.09005564289978686,0.497936183030111,0.40788054013032415,0.20000000000000004,0.19997552362792753,130.98091882861698,32.74022058274879,-5.981729113146983e-05,7.52011786175899e-09,0.5627797648950685,0.5627676284543572,0.47529730129853426,56.848094578786295,17.590739098811675,18.086190213322176,55.29080409999261,55.06751138254826,18.159527730481667
-54.32349781437,0.01745506974800417,0.10167958382137601,0.5091336097673245,0.4074540259459485,1.31668248784e-09,0.640871579867,134.37328718546814,27.841147437697202,0.17163175091275937,0.17165317674766534,162.21443462316532,162.44299008145754,-0.14069887421894745,1.586541047373587,0.17163175092567984,0.044927817774131185,0.21196183093691937,0.17161163171093222,0.04492587492987827,0.21195724788239317,0.09033704195928956,0.49681058679124046,0.4064735448319509,0.20000000000000015,0.19997534930324687,129.77554639736914,32.43888822579619,-5.981727936310577e-05,7.420064562779771e-09,0.56214340985263,0.5621312551458605,0.47365775000235605,57.254525142878826,17.46586837467427,18.118728197821437,55.19151173757539,55.51070698946065,18.0145426753412
-53.87349781437,0.017517569748004166,0.1019301338453838,0.5079235374026233,0.4059934035572395,1.35105877616e-09,0.640290272844,133.13012091798606,27.583572617120222,0.17163175091296667,0.17165332770497477,160.71369353510627,160.9401344924584,-0.1406988741908477,1.586541047373448,0.1716317509258504,0.04482608483954681,0.21172171555971014,0.1716114925570279,0.04482414122606386,0.21171712549074498,0.09061972702099227,0.4956798465452832,0.4050601195242909,0.19999999999999976,0.19997517292195927,128.57494487949666,32.138748655609646,-5.981728812276543e-05,7.519429523483723e-09,0.5615066004973522,0.5614944271876078,0.4720107059092419,57.66728354126633,17.3408549630122,18.15298026784971,55.08737327121294,55.95891477844001,17.87025363088854
-53.42349781437,0.01758006974800417,0.1021815912058736,0.5067090818024519,0.4045274905965783,1.3857617277e-09,0.639683594544,131.89200921363158,27.32704506441063,0.17163175091273786,0.17165347926381289,159.21905427804222,159.44338933192668,-0.14069887426780836,1.5865410473731067,0.17163175092570473,0.044724386286870615,0.21148140884453795,0.1716113527093009,0.04472244209765175,0.21147681219852862,0.09090370325078462,0.49454394162538506,0.40364023837460045,0.19999999999999996,0.1999749957176899,127.37922458061608,31.839829697426126,-5.981730963888765e-05,7.434564075481376e-09,0.5608692836951701,0.5608570929424642,0.4703561389166688,58.08828934469185,17.21517385485515,18.188768047885144,54.97898468809561,56.41280852985626,17.72647074415297
-52.97349781437,0.017642569748004166,0.10243397979813464,0.5054901272345861,0.40305614743645146,1.41886515589e-09,0.639052260491,130.6590663005041,27.071588446928654,0.17163175091282803,0.17165363141945397,157.73065474743274,157.95289268925467,-0.14069887422646365,1.586541047373806,0.17163175092573763,0.04462271475646783,0.21124089271840296,0.17161121209883198,0.044620770151540874,0.21123628985461015,0.09118898205646445,0.4934028264028309,0.4022138443463664,0.20000000000000007,0.19997481767671865,126.18849582228543,31.542158925147323,-5.981726556303357e-05,7.453726524886406e-09,0.5602314115147288,0.5602192042718559,0.46869398256081185,58.51694568149647,17.089066907950528,18.22597962497823,54.86673531827755,56.87255765621632,17.583172644437898
-52.52349781437,0.017705069748004166,0.10268731118188959,0.5042666331380419,0.4015793219561523,1.45257849097e-09,0.638396980592,129.4314061935723,26.817226387652223,0.1716317509128377,0.17165378158767852,156.2486325812245,156.46878239663812,-0.1406988742684412,1.5865410473732313,0.1716317509256523,0.04452106342014918,0.21100015028466018,0.17161107333961398,0.04451911873586675,0.21099554198102563,0.09147556944220188,0.49225647685945195,0.4007809074172501,0.20000000000000026,0.1999746418719245,125.00286823781622,31.24576434340829,-5.9817301789610866e-05,7.4040107378436915e-09,0.5595929391444808,0.559580717474618,0.4670242018570735,58.95126303816673,16.96316496819706,18.264481704957074,54.751074580375025,57.33674039590037,17.44082403525508
-52.07349781437,0.017767569748004166,0.10294158904003047,0.5030385691617371,0.4000969801217066,1.48697802106e-09,0.63771845966,128.2091426783266,26.563982462050213,0.17163175091255087,0.17165393246759728,154.7731251403768,154.9911960082493,-0.14069887418695082,1.586541047375033,0.17163175092546124,0.04441942653958776,0.21075916715433224,0.1716109342731429,0.04441748197289766,0.21075455386040337,0.09176346169213563,0.4911049078587639,0.39934144616662826,0.1999999999999999,0.19997446537137673,123.82245218657275,30.950672953804037,-5.981718822489768e-05,7.292699777394773e-09,0.5589538284234575,0.5589415935188484,0.46534681845573306,59.39093608793917,16.83758610100566,18.304108889068953,54.632542128133366,57.80472863930703,17.29962277376739
-51.62349781437,0.017830069748004166,0.10319681861968702,0.5018059080426527,0.3986090894229657,1.52204867925e-09,0.637017396646,126.99238929231251,26.311880194404484,0.1716317509127446,0.17165408435836843,153.30426948671698,153.52027077946698,-0.1406988742615689,1.586541047374226,0.1716317509254581,0.04431779924786342,0.21051793094143648,0.1716107945670853,0.04431585494742169,0.2105133129933157,0.09205265781884775,0.4899481233518996,0.39789546553305183,0.19999999999999984,0.19997428777774867,122.6473573828227,30.656912103894275,-5.9817239084214435e-05,7.2908568071738955e-09,0.5583140465028272,0.558301799254848,0.46366183811161266,59.83598422506726,16.712351488004224,18.344765947448476,54.51146135440814,58.27696839470859,17.159437553906763
-51.17349781437,0.017892569748004166,0.10345300582968499,0.5005686248186828,0.39711561898899783,1.55777383661e-09,0.636294484157,125.78125930971463,26.06094305417741,0.17163175091284558,0.17165423654601092,151.84220236389203,152.0561436461659,-0.1406988742077453,1.5865410473744035,0.1716317509256102,0.04421617697070998,0.21027642989814618,0.1716106548316053,0.04421423303265001,0.21027180750792535,0.09234315791605442,0.4887861229638324,0.396442965047778,0.19999999999999987,0.19997410989949513,121.47769310099369,30.364509262898327,-5.981722790426858e-05,7.3794748089994755e-09,0.5576735622262096,0.5576613031973486,0.46196926027849294,60.28641427693676,16.587485124033346,18.386496147391167,54.38774152419946,58.75360754005227,17.02023146950255
-50.72349781437,0.017955069748004166,0.10371015512184907,0.49932669524834533,0.3956165401264963,1.59426852847e-09,0.635550407986,124.57586572258737,25.811194452470637,0.17163175091277882,0.17165438928343787,150.387060175058,150.59895120407302,-0.14069887427561323,1.586541047372305,0.17163175092564986,0.0441145544643714,0.21003465062786997,0.17161051459381518,0.04411261107564003,0.21003002422425235,0.09263496177368818,0.487618907533496,0.39498394575980783,0.19999999999999976,0.1999739312936183,120.31356853616171,30.073491638896286,-5.981736017623973e-05,7.402589652372171e-09,0.5570323400645403,0.5570200703917605,0.46026908617875983,60.74223162568509,16.46301054861386,18.429397167976074,54.261134582180176,59.23464146770469,16.882013214264322
-50.27349781437,0.018017569748004166,0.10396826965788164,0.4980800955323804,0.3941118258744988,1.63172284069e-09,0.634785846454,123.37632122510894,25.562657738748268,0.17163175091291258,0.17165454454068735,148.93897896385718,149.14882968819347,-0.14069887425532945,1.5865410473727914,0.17163175092569302,0.04401292618228227,0.2097925789495002,0.17161037238820723,0.0440109833869355,0.20978794862178213,0.0929280687299007,0.4864464797088625,0.3935184109789618,0.1999999999999999,0.19997374991835182,119.15509283144416,29.78388613241304,-5.981732951187979e-05,7.427747306110177e-09,0.5563903424081413,0.5563780623282651,0.45856131966929925,61.20344475900369,16.338949612029626,18.473401320230547,54.131883060694534,59.720077053039006,16.744787504407824
-49.82349781437,0.018080069748004166,0.10422735599054375,0.49682880730431933,0.39260145131377555,1.67020012754e-09,0.634001469852,122.18273819596047,25.315356197028272,0.17163175091319435,0.1716547001000614,147.49809439298872,147.70591495231162,-0.14069887410398385,1.586541047375328,0.1716317509258275,0.04391128773697155,0.20955020338088806,0.17161023049058835,0.043909345739946884,0.20954556960228696,0.0932224779305263,0.4852688429070316,0.3920463649765053,0.20000000000000004,0.19997356829786975,118.00237414008676,29.495720252901975,-5.9817169628662015e-05,7.506084642727728e-09,0.5557475388052363,0.5557352495732824,0.45684596572735514,61.67002271942567,16.21533373758603,18.518372591796393,54.00042552567488,60.20991316987507,16.60856073946859
-49.37349781437,0.018142569748004163,0.10448741757991464,0.49557281278754256,0.3910853952076279,1.70983289181e-09,0.633197939732,120.99522868124659,25.0693130423405,0.17163175091311164,0.1716548554742298,146.0645417235871,146.27034244857208,-0.14069887411205517,1.5865410473752697,0.1716317509257648,0.043809635181217166,0.20930751343708895,0.17161008871594555,0.043807694169646826,0.2093028766396841,0.09351818798896264,0.48408600267297325,0.3905678146840106,0.2000000000000001,0.1999733869051051,116.85552060837935,29.209021115207747,-5.9817173303500226e-05,7.46955830521756e-09,0.5551039014487315,0.5550916042106161,0.45512303243018837,62.14194456328936,16.092190339836172,18.564371168087312,53.8666239187799,60.70410116281714,16.473351566772333
-48.92349781437,0.01820506974800417,0.10474845759355232,0.49431209545621846,0.3895636378626661,1.75079287391e-09,0.632375909161,119.81390437839171,24.824551417627063,0.17163175091302632,0.17165501136446348,144.63845579601877,144.8422472071445,-0.14069887415809612,1.5865410473747168,0.17163175092558752,0.043707963564106056,0.20906449618265185,0.1716099468519706,0.04370602377573029,0.20905985692076393,0.09381519686195569,0.4828979671801181,0.3890827703181624,0.19999999999999968,0.19997320496765061,115.71464022891703,28.923815567101734,-5.981720815340097e-05,7.366263155006436e-09,0.5544593960325513,0.554447092258387,0.4533925316831542,62.61920848331569,15.96954072433606,18.611488847706603,53.730252758538704,61.202593484913436,16.339176872406593
-48.47349781437,0.018267569748004166,0.10501047966575866,0.49304664198898557,0.3880361623232269,1.79322850173e-09,0.631536021346,118.63887661895892,24.581094389933728,0.17163175091277924,0.17165516692385996,143.21997100889266,143.42176381597733,-0.14069887422635263,1.5865410473734505,0.17163175092551194,0.04360626803463528,0.20882113885963574,0.1716098056227691,0.04360432967592516,0.20881649761435317,0.09411350199239442,0.4817047466579826,0.38759124466558814,0.19999999999999993,0.19997302348383916,114.5798403829766,28.640130625916054,-5.981728797843644e-05,7.3222317098498024e-09,0.5538139887213944,0.5538016796870744,0.4516544783863247,63.10176922305283,15.847416202629582,18.65960876043358,53.59169170365626,61.70534670765443,16.206051069411654
-48.02349781437,0.01833006974800417,0.10527348326465306,0.49177643855453157,0.3865029552898785,1.83726020045e-09,0.630678909981,117.47025635204754,24.33896494713427,0.17163175091262345,0.17165532496535513,141.80922129918181,142.00902640064425,-0.14069887423827643,1.5865410473722437,0.1716317509254876,0.043504545021840084,0.20857743171743218,0.1716096622139586,0.043502608120349257,0.20857278854239172,0.09441310021401315,0.4805063537713853,0.3860932535573721,0.19999999999999982,0.1999728391806406,113.45122869398865,28.357992605193154,-5.981736403981586e-05,7.308043059595093e-09,0.553167653655698,0.5531553395034722,0.4499088909874339,63.589601091528834,15.725841691641248,18.708601770642357,53.45134886398649,62.212372679819104,16.073973020552987
-47.57349781437,0.018392569748004167,0.10553747262134196,0.490501477851279,0.38496400522993707,1.88295361282e-09,0.629805197971,116.30815412754772,24.09818599447563,0.17163175091333166,0.17165548288115987,140.40634012202332,140.6041686042876,-0.1406988741713855,1.5865410473740527,0.17163175092563535,0.043402791175668504,0.20833336548826858,0.1716095188775646,0.04340085600262939,0.20832872102192102,0.09471398838514716,0.47930280108758877,0.3845888127024416,0.20000000000000004,0.19997265489883734,112.32891152319318,28.07742859883015,-5.981725001991123e-05,7.3941297529245276e-09,0.552520366256427,0.552508048679529,0.4481557877918677,64.08270220284246,15.604835090047809,18.758692981502072,53.30861808901606,62.72370046885891,15.942936920574073
-47.12349781437,0.018455069748004167,0.10580244762824557,0.4892217507315363,0.3834193031032907,1.92407437338e-09,0.628915500235,115.15268007993676,23.858780350681357,0.1716317509130083,0.17165564269679479,139.01146043061811,139.2073235676637,-0.14069887418703964,1.5865410473745933,0.17163175092546148,0.043301000572524576,0.20808892467530457,0.17160937395370876,0.04329906720067562,0.20808427908103874,0.09501616291910817,0.47809410295087745,0.3830779400317693,0.1999999999999999,0.19997246846279018,111.21299554368991,27.798464886928183,-5.981721593606437e-05,7.292833004157728e-09,0.5518720854244519,0.5518597648562049,0.4463951896943297,64.58108434432214,15.48441018221953,18.810091602974293,53.16295215924828,63.239374791837776,15.812933054630209
-46.67349781437,0.018517569748004167,0.10606841238214561,0.487937253375729,0.3818688409935834,1.9363188551e-09,0.628010421485,114.00394391166748,23.620770745473013,0.17163175091275276,0.17165580191646737,137.62471465714052,137.81862390929223,-0.1406988741081583,1.5865410473764878,0.17163175092535438,0.04319916770346856,0.2078440947043446,0.1716092301808985,0.04319723641875332,0.2078394486587022,0.09531962039597507,0.47688027304287384,0.38156065264689876,0.20000000000000023,0.19997228281713733,110.10358629509497,27.521128362045527,-5.981709653157807e-05,7.2304384701737945e-09,0.5512227725075876,0.5512104507422461,0.4446271166230013,65.08472791154135,15.364587547467828,18.862525663982037,53.01516975054398,63.75944010108986,15.683952029919201
-46.22349781437,0.018580069748004167,0.10633536889832974,0.48664798388163977,0.38031261498331004,1.94867423245e-09,0.627090553298,112.86205487648499,23.38417981549432,0.1716317509130469,0.17165595867246877,136.2462346919793,136.4382017057159,-0.14069887416914284,1.5865410473767636,0.17163175092526575,0.043097289704062416,0.20759886729956503,0.1716090889022348,0.04309536095211459,0.20759422186591464,0.09562435694194125,0.47566132685856344,0.38003696991662217,0.20000000000000015,0.1999720999374355,109.00078903205554,27.24544565992378,-5.981707914548551e-05,7.178790895068232e-09,0.5505724055575439,0.5505600854152648,0.4428515911480565,65.59351046503264,15.245410604042785,18.915603628540705,52.866406995923484,64.28358021161878,15.556071965936605
-45.77349781437,0.018642569748004167,0.10660331146700094,0.4853539386142867,0.3787506271472858,1.96109021096e-09,0.626156463761,111.72712176419755,23.149030101037155,0.1716317509129943,0.17165611818992835,134.87615186523473,135.06618847187326,-0.14069887422499816,1.5865410473758423,0.17163175092517313,0.04299536538041737,0.20735323817200774,0.17160894476368435,0.042993439220945506,0.20734859348677895,0.09593036542524319,0.47443729292489484,0.37850692749965165,0.19999999999999998,0.19997191375739032,107.90470965651133,26.971442208723396,-5.9817137210149696e-05,7.12483405607145e-09,0.5499209731995867,0.5499086550421944,0.4410686548220773,66.10943462817158,15.126434004835135,18.96931357291896,52.71672041035916,64.81182261731615,15.429283726590095
-45.32349781437,0.018705069748004167,0.10687226066012338,0.4840550439223795,0.3771827832622561,1.97352062706e-09,0.625208713464,110.59925288365811,22.91534404293964,0.17163175091288183,0.17165627664601585,133.51459692659776,133.702715141587,-0.14069887420763427,1.5865410473756363,0.17163175092514957,0.0428933920603527,0.20710719944114134,0.17160880216561802,0.042891468850189844,0.20710255635841351,0.09623764154870586,0.4732081884309246,0.37697054688221876,0.19999999999999998,0.19997172898138071,106.81545213493386,26.69914479166389,-5.9817150199759084e-05,7.11108949502659e-09,0.5492684545337793,0.5492561406263756,0.4392783326826589,66.63412639621048,15.007325136281379,19.023819083655425,52.56568071860838,65.34518572961987,15.303346204228736
-44.87349781437,0.018767569748004163,0.10714222579428792,0.48275124012329307,0.3756090143290052,1.98595206435e-09,0.624247860342,109.47855604680653,22.683143979133156,0.1716317509133212,0.1716564361367561,132.1617000259397,132.34791204817415,-0.14069887416637838,1.5865410473769248,0.17163175092519073,0.0427913668557095,0.20686074266450244,0.17160865858240207,0.042789446741709744,0.20685610153367423,0.09654618707703756,0.4719740063178042,0.3754278192407666,0.20000000000000004,0.1999715429744699,105.73312094962348,26.428579076316197,-5.981706898694483e-05,7.135092516818986e-09,0.548614827169887,0.5486025184391112,0.4374806144478381,67.1654917099786,14.888597917484354,19.079071842483568,52.413451149824255,65.88356039327874,15.178293249950366
-44.42349781437,0.018830069748004167,0.1074132081060609,0.481442539201597,0.3740293310955361,1.9984874446e-09,0.62327444597,108.3651385530394,22.45245214101195,0.17163175091278401,0.1716565937738134,130.81759069405135,131.0019089051791,-0.14069887428980188,1.5865410473765127,0.17163175092472582,0.042689287685394414,0.20661386130991893,0.17160851709472577,0.04268737103783031,0.20660922302218337,0.09685599588663417,0.4707347710770903,0.3738787751904561,0.20000000000000015,0.19997135906309546,104.65781929360215,26.1597714004492,-5.981709496616361e-05,6.864198098810448e-09,0.5479600737839535,0.5479477725933362,0.4356755357930195,67.70170927705526,14.770675817174816,19.134946837361593,52.260401269966856,66.425969892899,15.054353013020904
-43.97349781437,0.018892569748004163,0.1076852016817796,0.4801289567067626,0.372443755024983,2.01101252788e-09,0.622289000755,107.25910717340238,22.223290650952293,0.17163175091257274,0.17165675186590715,129.48239782435468,129.6648347872354,-0.1406988742785109,1.5865410473769306,0.17163175092461228,0.04258715306518001,0.20636655025749695,0.17160837547317093,0.042585240167428706,0.20636191549660685,0.09716705980521881,0.4694905154021833,0.37232345559696445,0.20000000000000004,0.1999711746755341,103.58965063161365,25.892747192741027,-5.9817068620571234e-05,6.798051011003281e-09,0.5473041807975219,0.547291888960442,0.4338631443383864,68.24256671387356,14.653610615098717,19.19156480324469,52.10622532618765,66.97218340397967,14.931572321122463
-43.52349781437,0.01895506974800417,0.10795820215424702,0.47881051281904535,0.37085231066479835,2.02362315772e-09,0.621292040754,106.160568134456,21.995681518328418,0.17163175091282426,0.17165691057604227,128.15624965278442,128.33681811105666,-0.14069887420458116,1.5865410473786647,0.17163175092472754,0.042484959691347086,0.20611879994640733,0.17160823356371357,0.04248305061992907,0.20611416889658282,0.09747936989866829,0.46824127502896495,0.37076190513029667,0.19999999999999993,0.19997098947135522,102.5287176027791,25.627532050005325,-5.981695931911446e-05,6.865219503993103e-09,0.5466471228543424,0.5466348408593698,0.43204349213725046,68.78781271718174,14.537458897137185,19.249228726788363,51.95013338941425,67.5215696821619,14.810082240493053
-43.07349781437,0.019017569748004167,0.10823220319836652,0.47748723802893706,0.36925503483057054,2.0362998047e-09,0.620284058739,105.06962710293602,21.769646636412013,0.1716317509129559,0.1716570699407985,126.83927373934803,127.0179866165632,-0.14069887421115368,1.5865410473785773,0.1716317509247835,0.042382702935609466,0.2058705975500374,0.1716080913597618,0.04238079794283292,0.2058659708228461,0.09779291153815657,0.46698710847129266,0.3691941969331361,0.19999999999999996,0.19997080361028435,101.47512224034578,25.36415149900226,-5.981696482582066e-05,6.8978156519960976e-09,0.5459888659369896,0.5459765954060611,0.43021666442172396,69.33736194834974,14.422238918534461,19.307903789104575,51.792261393196846,68.07209023678878,14.69030841452789
-42.62349781437,0.019080069748004164,0.10850719834517547,0.4761591579262017,0.36765195958102626,2.04906167531e-09,0.619265557458,103.98638917039354,21.545207779361725,0.17163175091276275,0.17165723116926151,125.53159694975525,125.70846734814492,-0.1406988742451376,1.5865410473761792,0.17163175092477506,0.042280379960735776,0.20562193453213054,0.17160794789457529,0.04227847907411966,0.20561731219457097,0.09810765650553413,0.465728128601739,0.36762047209620485,0.19999999999999993,0.19997061568566263,100.42896621970824,25.102630730047007,-5.9817115982685465e-05,6.892886261766762e-09,0.54532938740648,0.5453171285172822,0.4283828256027871,69.89138605341688,14.30791484426587,19.367415348668242,51.63311582868298,68.62384917581105,14.572193370238493
-42.17349781437,0.019142569748004167,0.10878318212979925,0.4748262994509768,0.36604311732117756,2.06194758994e-09,0.618237034606,102.9109588375407,21.322386599035024,0.1716317509128066,0.1716573941692194,124.23334543657575,124.40838663606482,-0.14069887426571004,1.5865410473748724,0.1716317509248051,0.04217798808240665,0.20537280268430544,0.17160780326521485,0.042176091356058036,0.20536818486819725,0.09842359086545832,0.4644643911621929,0.3660408002967346,0.19999999999999993,0.1999704258083741,99.39035045002485,24.842994986550877,-5.981719835013166e-05,6.910383376634854e-09,0.5446686654933872,0.5446564185955186,0.42654205687431157,70.44972922090207,14.194518716521982,19.427586128413108,51.47319864599578,69.17852988025143,14.45535199621917
-41.72349781437,0.019205069748004167,0.10906015039447844,0.473488701198823,0.36442855080434455,2.0749035112e-09,0.617198958076,101.84343999928784,21.101204621622202,0.17163175091266542,0.17165755554864773,122.94464462091004,123.11787007800565,-0.1406988741649462,1.5865410473766732,0.17163175092486335,0.04207552640887956,0.20512319812463814,0.17160766065159352,0.04207363431149162,0.20511858597282603,0.0987407015857467,0.46319594828133176,0.36445524669558504,0.1999999999999999,0.19997023796554741,98.359374779477,24.58526984143304,-5.9817084840929624e-05,6.944333996727892e-09,0.544006689902471,0.5439944580268671,0.42469443416730585,71.01210104543826,14.082106926538247,19.48822608641974,51.31303360118776,69.73612279472879,14.339770551103653
-41.27349781437,0.019267569748004167,0.10933809218680293,0.47214640130150815,0.3628083091147052,2.08788253876e-09,0.616151782977,100.78393592885422,20.88168324472515,0.1716317509134065,0.1716577178516995,121.66561917357939,121.83704252076362,-0.14069887419912996,1.5865410473780515,0.17163175092471158,0.041972994316601855,0.20487311760355933,0.17160751752609163,0.041971107015022074,0.2048685115263497,0.09905897417390609,0.461922857927936,0.36286388375402995,0.1999999999999999,0.19997004910687707,97.3361393328201,24.329479840759276,-5.981699797708018e-05,6.855915835046744e-09,0.5433434520155573,0.5433312362503905,0.4228400419198455,71.57835041290988,13.970704748451983,19.549308921932944,51.15270335096452,70.29650645283242,14.22545799869842
-40.82349781437,0.019330069748004167,0.10961699808558052,0.47079944316231165,0.36118244507673114,2.10095796013e-09,0.615095950646,99.73254926411197,20.66384373381358,0.1716317509127505,0.17165788089876333,120.39639299792555,120.5660280420897,-0.14069887423423522,1.5865410473777661,0.1716317509245045,0.04187039123261182,0.20462255797592752,0.17160737353304806,0.04186850879386049,0.2046179581411673,0.09937839402534947,0.4606451785211268,0.3612667844957773,0.20000000000000012,0.19996985913839574,96.32074324935945,24.075649748566107,-5.9817015951590946e-05,6.735256796730482e-09,0.5426789434914246,0.5426667442818414,0.42097896522540246,72.14835018894499,13.860330795938646,19.611048643666777,50.991663840624945,70.85966432634562,14.11240103247568
-40.37349781437,0.019392569748004164,0.1098968597182604,0.4694478763107715,0.3595510165925111,2.11409552066e-09,0.61403189376,98.68938199120986,20.44770721992356,0.17163175091248337,0.17165804341963536,119.1370892111334,119.30494993268431,-0.14069887430958605,1.5865410473772898,0.1716317509241906,0.04176771433893356,0.20437151058533956,0.1716072302383969,0.04176583711040026,0.20436691784728825,0.09969894605227281,0.45936297041186375,0.35966402435959094,0.19999999999999976,0.19996966970744381,95.3132848316768,23.823804379456615,-5.981704597202153e-05,6.552380860114226e-09,0.5420131413724492,0.5420009609840288,0.41911129199167857,72.72192646411916,13.751010852186345,19.673721105338142,50.82922517025345,71.42550851832569,14.000600356151883
-39.92349781437,0.019455069748004167,0.1101776662409933,0.46809175350215554,0.35791408726116225,2.12726755199e-09,0.612960034377,97.65453543097969,20.233294696026054,0.17163175091294697,0.17165820501529017,117.88783012700576,118.05393067834532,-0.140698874137557,1.5865410473808277,0.1716317509243863,0.04166496024581477,0.20411996532876145,0.17160708771403616,0.041663088558760726,0.20411538050514647,0.10002061442158641,0.45807629693558605,0.35805568251399966,0.19999999999999984,0.199969481281398,94.31386188711885,23.573968239886902,-5.9816822983727036e-05,6.6663785602827375e-09,0.5413460188644013,0.5413338594658365,0.41723711447261674,73.2989127114844,13.64276717086038,19.73702688524524,50.66619232036248,71.99387366459037,13.890070767116429
-39.47349781437,0.019517569748004164,0.11045940535188103,0.4667311305935271,0.3562717252416461,2.14052205778e-09,0.611880779885,96.62811022323743,20.020627013752122,0.17163175091280408,0.17165836746608737,116.64873723698955,116.81309194227319,-0.1406988742022719,1.5865410473791368,0.17163175092428704,0.04156212933542831,0.20386792130060166,0.17160694535583026,0.0415602633173579,0.2038633447124762,0.10034338214578957,0.45678522603828,0.3564418438924904,0.1999999999999999,0.19996929196127494,93.32257184353193,23.326165393457607,-5.98169295651374e-05,6.608558145160259e-09,0.5406775735655639,0.5406654360083191,0.41535653163998243,73.87908537297953,13.535630482584981,19.80057495409147,50.503583977664555,72.5645964953267,13.780824924237013
-39.02349781437,0.019580069748004168,0.11074206313751646,0.4653660698636804,0.35462400672616395,2.15388868071e-09,0.610794524817,95.61020631329697,19.80972488116865,0.17163175091303917,0.1716585309966698,115.41993119446563,115.58255454753595,-0.14069887424353889,1.586541047380108,0.17163175092411526,0.041459222339956706,0.2036153784466112,0.17160680232772588,0.04145736216756052,0.20361081053706484,0.10066723154662295,0.4554898284340819,0.354822596887459,0.20000000000000026,0.19996910148598546,92.33951125993407,23.080419934531555,-5.981686834743982e-05,6.508460437260055e-09,0.5400078053320636,0.5399956907912554,0.4134696464961576,74.46448658259534,13.429220369240161,19.864430554788353,50.341236676374216,73.1376586345353,13.67284677510587
-38.57349781437,0.019642569748004164,0.11102564539480102,0.4639965576642346,0.35297091226943356,2.16729994699e-09,0.609701655467,94.60092293714683,19.600608859169117,0.17163175091318186,0.1716586931531017,114.20153179631595,114.36243845969553,-0.14069887416425786,1.5865410473833743,0.17163175092396052,0.04135623898741281,0.20336233423968364,0.17160666108902692,0.041354385103844954,0.2033577761086233,0.10099214511160688,0.45419017417337487,0.353198029061768,0.19999999999999998,0.19996891272656678,91.36477565129822,22.836756145017745,-5.9816662467682136e-05,6.4183103276604925e-09,0.5393367074617681,0.5393246188544567,0.41157656107688106,75.0573262332799,13.323149786764013,19.928678326401975,50.17894230723654,73.71392096807503,13.56595859868983
-38.12349781437,0.019705069748004164,0.11131015044239728,0.462622575145759,0.3513124247033617,2.18078452636e-09,0.608602536871,93.60035860693273,19.39329935861682,0.17163175091233535,0.17165885761396193,112.99365796554954,113.1528627695986,-0.1406988742063242,1.5865410473820782,0.17163175092382102,0.041253179160768066,0.2031087865178857,0.17160651701149338,0.041251331456523745,0.20310423790882293,0.10131811237671849,0.45288630511222894,0.35156819273551043,0.20000000000000004,0.1999687211591336,90.39846068308606,22.595197282463495,-5.981674416899452e-05,6.3370197977974385e-09,0.5386642742210197,0.5386522108669729,0.4096773363500014,75.65546172983734,13.217816362960818,19.99362284561222,50.015947971103145,74.2933649216445,13.460152209483
-37.67349781437,0.019767569748004168,0.11159556977564254,0.461244193964683,0.34964862418904047,2.19434404012e-09,0.607497526516,92.60861109717523,19.187816637966492,0.1716317509126909,0.1716590204013909,111.79642773514172,111.95394567633313,-0.14069887420208316,1.5865410473817563,0.17163175092388183,0.041150039489937104,0.2028547250865434,0.1716063753494209,0.0411481983328663,0.2028501869184899,0.10164511521118284,0.451578293774678,0.34993317856349515,0.2000000000000001,0.19996853167869064,89.44066023402259,22.355767501119136,-5.981676445276918e-05,6.3724581167434735e-09,0.5379904785725508,0.537978442909077,0.40777207795425785,76.25631135681624,13.113668655186192,20.059346872348762,49.8520717730083,74.87484425369536,13.355620435239118
-37.22349781437,0.019830069748004168,0.11188188357296537,0.45986149406336474,0.3479796104903994,2.20800647614e-09,0.606386974966,91.62577743098755,18.98418079952924,0.17163175091310712,0.1716591837237067,110.60995823051681,110.76580447035377,-0.14069887415359972,1.5865410473825001,0.171631750924092,0.04104681906673505,0.20260014577175173,0.17160623340349346,0.04104498456469029,0.20259561832549658,0.10197313265354989,0.45026622400626193,0.348293091352712,0.19999999999999987,0.1999683415879919,88.4914683200433,22.1184899104735,-5.981671756805085e-05,6.494915716359628e-09,0.5373153094467589,0.5373033022185381,0.40586090801972163,76.85920374306036,13.010803538155185,20.125519010205632,49.68815956959425,75.45776967269629,13.25244576320735
-36.77349781437,0.019892569748004168,0.11216907148904255,0.4584745664280089,0.34630549493896634,2.22172525296e-09,0.605271211419,90.65195386589157,18.78241178705182,0.17163175091285085,0.1716593485732851,109.4343656529434,109.58855551677793,-0.1406988741729731,1.5865410473828507,0.17163175092390204,0.04094351799413734,0.202345046873249,0.17160608993615853,0.04094169028252219,0.20234053049876632,0.10230214116274981,0.44895018996850944,0.3466480488057596,0.2000000000000001,0.19996814956143238,87.55097805489514,21.883387598048262,-5.981669547461266e-05,6.3842264808045e-09,0.5366387623343845,0.5366267844695821,0.40394396370353064,77.46382945322765,12.909250769790512,20.191904297259793,49.52479891337976,76.04184580098654,13.150653951998446
-36.32349781437,0.019955069748004168,0.11245711650488338,0.45708350861608776,0.3446263921112044,2.23550424092e-09,0.60415055959,89.68723588028716,18.582529383120946,0.17163175091320973,0.17165951242878538,108.2697652634081,108.42231423885342,-0.1406988741351256,1.5865410473849686,0.1716317509238184,0.0408401378060774,0.20208943021859752,0.17160594759383155,0.04083831721695215,0.20208492575388237,0.10263211703108992,0.44763028649473335,0.3449981694636434,0.20000000000000023,0.19996795872163844,86.61928131241343,21.650483950994676,-5.981656198139618e-05,6.335509894483948e-09,0.5359608420823007,0.5359488958033611,0.4020213831398061,78.069962895832,12.809023636072304,20.258383672950064,49.3622796440195,76.62689097530013,13.050248904426248
-35.87349781437,0.020017569748004164,0.11274599675763547,0.45568842091931205,0.3429424241616766,2.24933794241e-09,0.603025332744,88.73171815997462,18.384553205736516,0.1716317509126963,0.171659676071542,107.11627136571113,107.26719510160184,-0.14069887419705385,1.5865410473832826,0.1716317509236936,0.040736679837985276,0.20183329714887302,0.17160580547874815,0.04073486660248293,0.20182880518519386,0.10296303502568153,0.4463066145157433,0.3433435794900618,0.2000000000000001,0.19996776802786095,85.6964696612432,21.41980170446793,-5.9816668251944094e-05,6.2627902863710005e-09,0.5352815522471708,0.5352696391221957,0.4000933133452832,78.67729111671544,12.710147817831317,20.324853917488266,49.20084562770523,77.21247096046373,12.951275714412056
-35.42349781437,0.020080069748004168,0.11303568991805713,0.4542894098850425,0.3412537199669854,2.26322180256e-09,0.60213421461,87.78549458469435,18.188502706305318,0.17163175091301439,0.17165984019594904,105.97399729099968,106.1233115956365,-0.1406988741604276,1.586541047382006,0.17163175092401012,0.040633146675772266,0.20157665210974277,0.17160566338157063,0.0406313410166142,0.20157217321995166,0.10329486762687826,0.44497928411253745,0.34168441648565917,0.20000000000000012,0.19996757681375654,84.78263384745087,21.191363443548802,-5.981674870980669e-05,6.447198330761239e-09,0.5346009046193374,0.5345890261675862,0.3981599146640052,79.2855981586839,12.612631085895051,20.391334807838373,49.04043847171803,77.79620993294316,12.854096630953553
-34.97349781437,0.020142569748004165,0.11332617513788894,0.45288658663371767,0.3395604114958287,2.27718327446e-09,0.601722696367,86.84865821492745,17.99439716607561,0.17163175091267027,0.17166000265812292,104.84305538100307,104.99077622115932,-0.1406988741992854,1.5865410473806993,0.1716317509239796,0.040529539450819885,0.20131949595312393,0.17160552310354513,0.04052774170586128,0.20131503099833672,0.10362756937794589,0.44364847710811345,0.3400209077301676,0.2,0.1999673874692081,83.87786350217438,20.965191878828684,-5.9816831077252886e-05,6.429412557906744e-09,0.5339189014581677,0.5339070599634034,0.39622145194176056,79.89467721314185,12.516478379807639,20.458210970653905,48.880129422579564,78.37693794650218,12.758855170925036
-34.52349781437,0.020205069748004168,0.11361742519416143,0.45148006196379037,0.3378626367696289,2.29119749151e-09,0.601284270923,85.92130127879051,17.802255694201484,0.17163175091302468,0.1716601671528656,103.72355697299199,103.86970047213731,-0.14069887414812632,1.5865410473833068,0.17163175092390723,0.040425856853232134,0.20106182346042756,0.1716053811110239,0.04042406711226018,0.20105737268814636,0.10396110316169647,0.4423143419727511,0.3383532388110546,0.2,0.19996719571092367,82.98224815594055,20.741308817051433,-5.981666673093855e-05,6.387268491891973e-09,0.5332355289234556,0.5332237250420779,0.39427814144094436,80.5040672615948,12.42173264054522,20.52645375496274,48.71762126754248,78.95643865772766,12.665211564758533
-34.07349781437,0.020267569748004165,0.11390941899592498,0.45006996633704727,0.3361605473411223,2.3053159254e-09,0.600819563829,85.00351515907879,17.61209722436905,0.17163175091288477,0.17166032867111786,102.61561238344784,102.76019482065892,-0.1406988741734283,1.5865410473813155,0.17163175092402602,0.04032209025129583,0.2008036111510344,0.17160524232391558,0.04032030895937329,0.2007991756939587,0.1042954391665124,0.4409769979540795,0.3366815587875671,0.20000000000000012,0.19996700735831188,82.09587546688925,20.519736916558593,-5.9816792241651484e-05,6.456479795247105e-09,0.5325507247423132,0.5325389614783514,0.3923301568581437,81.1132859262504,12.328436563514604,20.59613632272017,48.552795744358725,79.53537422561432,12.573021875314828
-33.62349781437,0.020330069748004165,0.1142021249333197,0.44865642615020856,0.33445430121688885,2.31952109467e-09,0.600329201353,84.09539038054757,17.423940512729622,0.17163175091300237,0.1716604917471677,101.51933089327721,101.6623687014754,-0.1406988741509685,1.5865410473794803,0.17163175092430769,0.0402182377162694,0.20054485213106168,0.17160510225155995,0.04021646496420732,0.20054043224299511,0.10463054615979911,0.4396365699823416,0.33500602382254246,0.20000000000000015,0.19996681729649526,81.2188334004788,20.30049749279841,-5.981690791578842e-05,6.620592962747196e-09,0.5318644706314923,0.5318527486580584,0.3903776801676571,81.72202672795052,12.236603031505343,20.666072965695985,48.38848685282005,80.11348220169793,12.48229352310947
-33.17349781437,0.020392569748004165,0.11449551748456763,0.44723957951239274,0.33274406202782514,2.33385285278e-09,0.599813808842,83.19701659717599,17.237804134867496,0.17163175091293628,0.17166065366377564,100.43482073204348,100.57633049672354,-0.14069887415972815,1.5865410473790185,0.1716317509243083,0.04011430266785466,0.2002855528186061,0.17160496345628576,0.04011253875601566,0.2002811492777482,0.10496639233666571,0.4382931852748773,0.3333267929382116,0.20000000000000023,0.19996662851336836,80.3512082449122,20.083612487131287,-5.9816937025836125e-05,6.620948234115076e-09,0.5311767836124102,0.531165104993365,0.38842089667579305,82.32989609147616,12.146256068256264,20.73561721115345,48.22619890292494,80.69050955029404,12.393031170248149
-32.72349781437,0.020455069748004165,0.11478956619747685,0.4458195692849781,0.3310300030875013,2.34829300404e-09,0.599274010425,82.30848257975835,17.053706483466076,0.17163175091296307,0.17166081505769976,99.36218906322442,99.5021875208362,-0.1406988741654125,1.5865410473798867,0.17163175092421967,0.04001028967776698,0.20002572254029474,0.17160482523210827,0.040008534854302086,0.20002133599769323,0.10530294461748453,0.43694697615116007,0.33164403153367555,0.19999999999999998,0.19996644031834787,79.49308581401274,19.869103249211662,-5.981688230294324e-05,6.569300659009514e-09,0.5304876884201896,0.5304760548821751,0.38645999911973467,82.93908100875431,12.057042202992928,20.804769434000406,48.06590157955511,81.2662295412151,12.305234359283748
-32.27349781437,0.02051756974800417,0.1150842567300909,0.44439645339220996,0.3293121966621191,2.3628154607e-09,0.598710428845,81.42987620358578,16.87166576561222,0.1716317509129086,0.17166097786942577,98.301541969198,98.44004600563841,-0.14069887414769333,1.5865410473822228,0.17163175092394425,0.03990620211798171,0.19976536766412167,0.17160468564018636,0.039904456489389284,0.199760998419084,0.10564016962529348,0.4355980761185486,0.3299579064932551,0.19999999999999982,0.19996625048944855,78.6445512042863,19.656990764911686,-5.9816735054063486e-05,6.408829023030194e-09,0.5297972019433708,0.5297856142801796,0.3844951819673703,83.55179368880289,11.968623961857734,20.873517762424257,47.90759331425024,81.84147925623219,12.218742978351658
-31.82349781437,0.02058006974800417,0.11537957522446281,0.44297030062236725,0.32759072539790446,2.37741187133e-09,0.598123683308,80.56128443615118,16.691700000345392,0.17163175091294597,0.1716611420419643,97.25298443649658,97.39001108563248,-0.140698874153955,1.5865410473830652,0.17163175092392388,0.03980204462811095,0.19950449776411294,0.17160454500734665,0.03980030831934399,0.19950014616371586,0.10597804149962733,0.43424658862111004,0.3282685471214827,0.20000000000000018,0.19996605905214107,77.80568840767114,19.44729602882543,-5.981668195209622e-05,6.396971841127197e-09,0.5291053495732029,0.5290938087053162,0.38252659589540355,84.1654837735342,11.88135510146559,20.94162435311609,47.75178769029925,82.4161673635122,12.13354165802578
-31.37349781437,0.020642569748004165,0.11567549249519189,0.44154126030012913,0.32586576780493726,2.39208403461e-09,0.597514391237,79.70279332530295,16.513827016131636,0.17163175091299843,0.1716613064564059,96.21662034143458,96.35218678347086,-0.1406988741635251,1.5865410473814916,0.17163175092409388,0.039697822895342155,0.1992431250892792,0.17160440478616215,0.03969609609905051,0.19923879165225458,0.10631652637397489,0.43289264912457187,0.326576122750597,0.19999999999999993,0.19996586744407388,76.97658039232249,19.240039949112088,-5.981678113942124e-05,6.496003734923761e-09,0.5284121637952546,0.5284006710983999,0.38055443822424617,84.77715896288089,11.795630004985698,21.008917503337425,47.59883510614683,82.98884790994514,12.049811814295147
-30.92349781437,0.02070506974800417,0.11597197457268767,0.44010950292599665,0.324137528353309,2.40685480126e-09,0.596883167389,78.85448798731018,16.33806444841976,0.17163175091297764,0.1716614690188996,95.19255243572994,95.32667599562204,-0.14069887415172344,1.5865410473823502,0.17163175092396316,0.0395935431880993,0.19898126340964695,0.17160426610057125,0.039591826197695225,0.19897694891040826,0.10665558684274656,0.43153640724883047,0.3248808204060839,0.20000000000000012,0.1999656778455142,76.15730916207455,19.03524327365539,-5.981672701604879e-05,6.419842435434475e-09,0.5277176811289768,0.527706238656974,0.37857892689199507,85.38591372977848,11.711533627955408,21.075289351958997,47.448933359818746,83.55886927883463,11.967610483849604
-30.47349781437,0.020767569748004165,0.11626898382870876,0.43867520347603417,0.3224062196473254,2.4217413201e-09,0.59623062284,78.0164525950969,16.164429737223227,0.17163175091295646,0.17166163131956602,94.18088233232012,94.31358047822461,-0.14069887415112392,1.58654104738191,0.17163175092401237,0.039489212168325266,0.19871892755428525,0.1716041278120061,0.039487505196700926,0.19871463256816527,0.10699518425001706,0.4301780176199936,0.32318283336997655,0.19999999999999998,0.19996548847108742,75.34795619209973,18.832926140220398,-5.98167547716244e-05,6.448508393930297e-09,0.527021940902504,0.5270105501811916,0.3766002871274114,85.99121306370698,11.629095164166895,21.14070568754654,47.30211066648901,84.12574662532083,11.886967309232915
-30.02349781437,0.02083006974800417,0.11656648089932792,0.4372385451773019,0.32067206427797396,2.43678636699e-09,0.595557361047,77.18877036681012,15.992940124724907,0.17163175091294086,0.1716617940155985,93.18171049153501,93.31300083313711,-0.14069887414387416,1.5865410473824626,0.17163175092395605,0.0393848363392596,0.19845613202735662,0.1716039887602234,0.039383139508561,0.19845185690378664,0.10733527789905227,0.4288176430235702,0.32148236512451794,0.20000000000000012,0.19996529846295638,74.54860194180642,18.633108549728593,-5.981671993282589e-05,6.41571240578287e-09,0.5263249815822874,0.5263136435383912,0.3746187560454135,86.59261872451644,11.548328422557292,21.205858680033867,47.15677941122651,84.68908020494752,11.807897754704628
-29.57349781437,0.020892569748004165,0.11686442926875941,0.4357997177611552,0.31893528849239583,2.45199363171e-09,0.594863990954,76.37152355436969,15.823612652912336,0.17163175091293492,0.17166195481502014,92.19513620728203,92.32503649417966,-0.1406988741410542,1.5865410473840111,0.17163175092378918,0.03928041545838714,0.19819287438852876,0.17160385126063132,0.039278729069158,0.1981886199284863,0.10767582662971982,0.4274554481000666,0.3197796214703468,0.20000000000000012,0.1999651105364532,73.75932560466951,18.43581060261251,-5.9816622333119795e-05,6.318479073286198e-09,0.525626796696328,0.5256155134541183,0.3726345734625127,87.18986517183737,11.469222919764343,21.271249800035935,47.01181215963674,85.24861297130178,11.730396133678344
-29.12349781437,0.020955069748004165,0.11716278831680736,0.4343589094338233,0.31719612111701595,2.46737052772e-09,0.594151127139,75.56479343228082,15.65646416126122,0.17163175091295396,0.17166211568781392,91.22125759354205,91.34978571356983,-0.14069887413943327,1.5865410473829928,0.17163175092389213,0.039175951064847156,0.19792915668199862,0.17160371396691812,0.03917427528481282,0.1979249233543184,0.10801678847865775,0.4260916007048315,0.31807481222617373,0.19999999999999987,0.1999649225661242,72.98020588246494,18.2410517110771,-5.981668651511285e-05,6.378453321076449e-09,0.5249273916660351,0.5249161644689073,0.3706479838774216,87.78244578019205,11.391799249977701,21.336183811129654,46.86873757988376,85.80384997273065,11.654488700889416
-28.67349781437,0.021017569748004165,0.11746151683679203,0.43291632063320634,0.31545480379641433,2.48291242629e-09,0.593419370271,74.76866028657057,15.491511284436182,0.1716317509129613,0.17166227633397954,90.26017157100675,90.38734554855459,-0.1406988741355808,1.5865410473848718,0.17163175092369753,0.0390714497291472,0.19766499368665966,0.17160357714627514,0.0390697847631089,0.19766078205630194,0.10835811919751338,0.42472627782843414,0.31636815863092077,0.20000000000000007,0.1999647348361331,72.21132029654649,18.048851274460244,-5.981656808762281e-05,6.265077345801728e-09,0.524226805686473,0.5242156360327567,0.36865924509666,88.36960402780916,11.31610819128836,21.400144661553693,46.72865608224342,86.35383585659532,11.580261491344329
-28.22349781437,0.021080069748004165,0.11776057020709957,0.43147216021734447,0.3137115900102449,2.49861851605e-09,0.592669316853,73.98320340387319,15.328770450034002,0.17163175091290858,0.17166243749304888,89.31197385390718,89.43781184823776,-0.14069887414520643,1.5865410473869508,0.17163175092344898,0.03896691797572399,0.1974004001407393,0.17160343968223055,0.03896526396189044,0.19739621060671464,0.10869977021904315,0.4233596737410735,0.3146599035220303,0.19999999999999987,0.19996454647193496,71.45274550769732,17.85922834620986,-5.9816437047999216e-05,6.120259854469623e-09,0.5235250778448554,0.5235139667927654,0.36666864009519157,88.95091487951304,11.24215530952698,21.464496428309925,46.588560944811235,86.8958812845441,11.508025296681891
-27.77349781437,0.021142569748004165,0.11805990419555247,0.43002663644957645,0.311966732254024,2.5145079439e-09,0.591901554122,73.20850106073642,15.168257876384336,0.17163175091288885,0.17166260049050602,88.37675893712077,88.50127924060526,-0.1406988741326054,1.5865410473903037,0.1716317509230903,0.03886234901281388,0.19713535708445068,0.17160330067888308,0.03886070600765962,0.19713118983981104,0.1090416773259866,0.4219920453115057,0.3129503679855191,0.2000000000000001,0.1999643559400388,70.70455725619135,17.672201680929426,-5.981622571704648e-05,5.9112714723141835e-09,0.5228221578579819,0.5228111059195109,0.3646765430299133,89.52597854020708,11.169942136414507,21.530452712930508,46.44584177272927,87.42927980225261,11.437815823964216
-27.32349781437,0.021205069748004166,0.11835947721823561,0.4285799705179204,0.3102204932996848,2.53060549043e-09,0.591116665119,72.44463051297696,15.009989570325766,0.17163175091296917,0.17166276115113446,87.45462008330273,87.57784111974604,-0.14069887413052928,1.5865410473925128,0.17163175092284658,0.03875773760306804,0.1968698494007349,0.1716031636523462,0.038756105940051785,0.19686570534263145,0.10938378793064034,0.42062360289167,0.31123981496102965,0.1999999999999999,0.19996416797196756,69.96682974304058,17.487790340262155,-5.981608647287473e-05,5.769273947464626e-09,0.5221180056339408,0.522107015188421,0.36268326030059234,90.09419931889609,11.09949372501125,21.598680832058275,46.29912390370295,87.95579873533825,11.369347039972103
-26.87349781437,0.021267569748004166,0.11865924305219475,0.42713238512334367,0.30847314207114895,2.54693594625e-09,0.590315234288,71.69166798539003,14.853981325042337,0.17163175091288865,0.17166291965052927,86.54564931043235,86.6675896332733,-0.14069887411997106,1.58654104739164,0.17163175092296268,0.038653070670136014,0.19660384195161604,0.1716030285354663,0.03865145062703376,0.196599721838648,0.10972605324461933,0.41925454163633596,0.30952848839171665,0.2000000000000001,0.1999639824207702,69.23963661312692,17.306012697305437,-5.98161414844256e-05,5.836930938585283e-09,0.5214125279833992,0.5214016010427095,0.36068907617066287,90.65486945790641,11.03084705741403,21.669544311710798,46.14771707310769,88.4754448150257,11.302571036412251
-26.42349781437,0.02133006974800417,0.11895915183028953,0.4256841131819175,0.30672496135162797,2.56349612771e-09,0.589497832254,70.9496886613639,14.700248717999077,0.17163175091288563,0.1716630772213052,85.64993737936298,85.77061566994286,-0.14069887412755389,1.586541047392566,0.17163175092286995,0.0385483396817755,0.19633731097724522,0.17160289399575634,0.038546731438158774,0.1963332153206858,0.11006842214700552,0.4178850660263273,0.3078166438793218,0.19999999999999996,0.19996379787091553,68.52305061357946,17.12688676578351,-5.9816083108898965e-05,5.78288528174653e-09,0.5207056618929249,0.5206947998130116,0.35869428848914214,91.20968625569672,10.963747832621697,21.74149824231362,45.994990264920446,88.9876835411715,11.237510183500111
-25.97349781437,0.021392569748004166,0.11925916985091559,0.4242353174745499,0.30497614762363434,2.58031916331e-09,0.5886650211,70.21876667293871,14.548807108799162,0.1716317509129124,0.1716632341287031,84.76757378173788,84.88700884747223,-0.14069887413390436,1.5865410473923531,0.1716317509228768,0.03844354668961959,0.19607025957451985,0.17160276005423475,0.038441950423664065,0.19606618888442767,0.11041084314632296,0.4165153820290939,0.3061045388827709,0.1999999999999997,0.19996361403470791,67.81714337538783,16.950430406350062,-5.981609653149533e-05,5.786882084635181e-09,0.5199974155757913,0.5199866197093796,0.3566991972691973,91.76085010894744,10.897893805612114,21.81279147922231,45.84465958667171,89.4931992678031,11.174033425797631
-25.52349781437,0.02145506974800417,0.11955926415988034,0.4227861575679894,0.30322689340810904,2.59744443745e-09,0.587817356297,69.49897509082498,14.399671637151163,0.17163175091296876,0.1716633902582412,83.89864672797616,84.01685750055853,-0.1406988741296189,1.5865410473919423,0.1716317509229218,0.03833870008056223,0.19580270703073088,0.17160262679941424,0.03833711599235265,0.19579866187579692,0.11075327182459138,0.4151456673162429,0.30439239549165154,0.19999999999999982,0.1999634310314316,67.12198546935605,16.776661258620102,-5.981612242189627e-05,5.813105552476827e-09,0.5192878401837716,0.5192771120390853,0.3547040613086165,92.3062216300127,10.83350593644987,21.883107188175526,45.69734962228523,89.9920430833169,11.11209353336022
-25.07349781437,0.021517569748004166,0.11985938855363734,0.4213368598578068,0.30147747130416946,2.61490679883e-09,0.586955387447,68.79038591466995,14.252857220835672,0.17163175091293828,0.17166354484434374,83.04324313550562,83.16024866909734,-0.1406988741186832,1.5865410473906596,0.17163175092307148,0.03823380487484104,0.195534664125932,0.17160249481437698,0.038232233170640784,0.19553064509339907,0.11109565850062314,0.413776120612866,0.30268046211224287,0.1999999999999999,0.19996324971718485,66.43764637107562,16.60559676443001,-5.981620327943915e-05,5.9003246732913794e-09,0.5185769643066176,0.518566305441082,0.3527091700716483,92.84270715093685,10.770905229791216,21.954015010472595,45.549754772554174,90.48279836186767,11.051824414190884
-24.62349781437,0.021580069748004166,0.12015949202732214,0.419887675849877,0.2997281838225549,2.6327463639e-09,0.58607965937,68.09307006344687,14.108378553749747,0.17163175091294267,0.17166369719849095,82.20144861719662,82.31726808660248,-0.14069887412203608,1.5865410473908628,0.1716317509230437,0.0381288543775405,0.19526611169770475,0.17160236501474355,0.03812729532388228,0.1952621195313681,0.11143794944773411,0.4124069568242837,0.3009690073765496,0.20000000000000012,0.19996307096669685,65.76419451379084,16.437254103405774,-5.981619047856768e-05,5.884137621592345e-09,0.5178647371237302,0.5178541495099624,0.3507148365912873,93.3691053008249,10.710180811716155,22.025318533129813,45.40229456821841,90.96458007415711,10.993289906739188
-24.17349781437,0.021642569748004166,0.12045952110283961,0.41843886048520673,0.2979793393823671,2.65097023385e-09,0.585190711993,67.40709736611922,13.966250103933993,0.17163175091296096,0.17166384770004903,81.3733474700532,81.48800016882643,-0.1406988741111448,1.5865410473904915,0.17163175092310962,0.038023855497769786,0.1949970653568145,0.17160223685692305,0.0380223093200585,0.19499310069861062,0.11178008996601808,0.41103839475147647,0.2992583047854584,0.2,0.19996289435050754,65.10169738695181,16.271650083101388,-5.9816213870966806e-05,5.9225291337838826e-09,0.5171512000363786,0.5171406853768569,0.348721379574166,93.88477955231336,10.65135376328803,22.095502174972005,45.25807977031267,91.43685749788224,10.936508836419284
-23.72349781437,0.021705069748004166,0.12075942194030938,0.4169906758698911,0.2962312539295817,2.66954982495e-09,0.58428907856,66.7325365523158,13.826486111649157,0.17163175091291064,0.17166399561064202,80.55902266396495,80.67252800258353,-0.14069887411356508,1.5865410473925943,0.17163175092285804,0.037918815978399995,0.19472754293730507,0.17160211072737036,0.03791728288524705,0.1947236063892795,0.11212202415388266,0.40967065799875907,0.2975486338448764,0.19999999999999993,0.19996272066686333,64.45022131781501,16.108801346149935,-5.9816081332542126e-05,5.775957490072869e-09,0.5164364003421834,0.5164259602335911,0.3467291247244801,94.38909537403175,10.594444157318613,22.16423984560121,45.11772147234111,91.89906525049088,10.881503498150744
-23.27349781437,0.021767569748004166,0.12105913875070021,0.41554338729664553,0.29448424854594535,2.68852387332e-09,0.58337528483,66.06945524329409,13.689100587529142,0.1716317509129083,0.17166414210669262,79.75855583082321,79.87093333477381,-0.14069887411928272,1.5865410473910446,0.1716317509230061,0.037813745687610534,0.19445756783321788,0.17160198594491283,0.037812225863244446,0.19445365993789998,0.1124636949940686,0.4083039746387557,0.29584027964468707,0.20000000000000012,0.1999625485874975,63.80983173523361,15.948724095589622,-5.981617900996383e-05,5.862221819086244e-09,0.5157204000844198,0.5157100359655975,0.3447384042533525,94.88139834847145,10.539473673514953,22.231390665734075,44.981441558729415,92.3506256182928,10.828296974762672
-22.82349781437,0.021830069748004166,0.12135861252374808,0.41409726437806993,0.29273865185432185,2.7079263281e-09,0.582449844881,65.41791994303468,13.554107310702555,0.1716317509129301,0.17166428949517804,78.97202725373724,79.0832965616102,-0.1406988741121551,1.5865410473914112,0.17163175092298216,0.03770865354189128,0.1941871611149699,0.17160185990139626,0.03770714706102547,0.19418328213578395,0.11280504429767439,0.4069385774242141,0.29413353312653967,0.19999999999999998,0.19996237535161007,63.180593097747845,15.791434155989384,-5.981615590622269e-05,5.848277417896952e-09,0.5150032551438847,0.5149929677134593,0.34274955719088435,95.36125580145685,10.48643908467408,22.29836977636699,44.84632778221544,92.79123799925584,10.776879601585009
-22.37349781437,0.021892569748004166,0.12165779168754083,0.4126525805358315,0.29099478884829066,2.7278393581e-09,0.581513292361,64.7779960294599,13.421519826984829,0.1716317509129273,0.1716644341117446,78.19951585644473,78.30969671804766,-0.140698874112144,1.5865410473932149,0.1716317509227909,0.0376035359278611,0.19391631166011047,0.1716017368041105,0.03760204306512038,0.19391246237702306,0.11314601490734849,0.4055746949845587,0.29242868007721023,0.19999999999999993,0.19996220539634077,62.562568204863915,15.636947651580808,-5.981604221938497e-05,5.736833230685079e-09,0.5142849360227562,0.5142747273492749,0.34076291656027724,95.82856094087502,10.435302275038723,22.366859827711117,44.70900285971585,93.22080003812508,10.727219671908243
-21.92349781437,0.021955069748004166,0.12195662022280629,0.4112095999723179,0.2892529797495116,2.74832104859e-09,0.580566159053,64.14974774589358,13.29135144711712,0.17163175091291455,0.17166457693416942,77.4410991930107,77.55021146741521,-0.14069887410992354,1.5865410473929826,0.17163175092280383,0.03749838592603609,0.19364499974447077,0.1716016155939929,0.03749690688141426,0.19364118074783127,0.11348655001126151,0.40421255456897287,0.29072600455771136,0.20000000000000004,0.19996203752916458,61.955819209878136,15.485279983132562,-5.981605686322666e-05,5.74438274725253e-09,0.5135653904106183,0.5135552620597453,0.33877881337372584,96.2826503751372,10.386087172546585,22.437007157925827,44.56922409309622,93.63869030347152,10.679346291144425
-21.47349781437,0.022017569748004166,0.12225503809973884,0.4097685991445256,0.28751356104478676,2.76936439383e-09,0.579608937994,63.53323819262897,13.163615245015906,0.17163175091293706,0.17166471972403075,76.69685343764488,76.8049170912515,-0.14069887410753656,1.5865410473936905,0.17163175092273586,0.03739319869541444,0.1933732109042368,0.171601493993069,0.037391733582267335,0.19336942256279127,0.1138265900919122,0.4028523942460327,0.2890258041541205,0.20000000000000007,0.1999618696077983,61.36040723121811,15.336446206426762,-5.9816012243363303e-05,5.704769989733904e-09,0.5128445799480286,0.5128345328977143,0.33679759440398727,96.72254722561647,10.33885095754752,22.508335910559364,44.4279845464217,94.04351138383667,10.633375820246869
-21.02349781437,0.02208006974800417,0.12255298773267363,0.40832986280752664,0.285776875074853,2.79099077958e-09,0.578642103504,62.92852931870403,13.03832405605654,0.17163175091293736,0.1716648615299508,75.96685337476056,76.07388847934268,-0.14069887410999016,1.5865410473945212,0.1716317509226437,0.037287971923249626,0.19310093713716053,0.17160137317219828,0.03728652089651831,0.193097179928963,0.11416607051295687,0.4014944725613908,0.28732840204843396,0.19999999999999982,0.19996170279868666,60.77639201768529,15.190461357075279,-5.981595988524546e-05,5.651079604263032e-09,0.512122483412246,0.5121125189303362,0.33481963625037325,97.1478694733178,10.293586523527987,22.579953608291326,44.28707061793083,94.43333612621876,10.589480802239253
-20.57349781437,0.022142569748004166,0.12285041198959151,0.4068936702249737,0.2840432582353822,2.81331566294e-09,0.577666142579,62.33568191382506,12.915490475422121,0.17163175091299507,0.17166500180758917,75.25117238924717,75.35719911996463,-0.14069887410316229,1.5865410473947503,0.17163175092263563,0.0371827091868325,0.1928281856649398,0.17160125373556173,0.03718127242771187,0.19282446013852048,0.11450492042591977,0.40013907290949824,0.2856341524835785,0.20000000000000012,0.19996153774729533,60.203832241006495,15.047340148240677,-5.981594544124391e-05,5.646372258638621e-09,0.5113991199559164,0.5113892394971665,0.33284535170704904,97.55835910387844,10.250274904021472,22.65067686367263,44.14879105020519,94.80852480525554,10.547574725522644
-20.12349781437,0.022205069748004163,0.12314725359737416,0.40546030155382207,0.2823130479564479,2.83631430948e-09,0.576681531004,61.7547556004604,12.795126856431393,0.1716317509129559,0.17166513967539898,74.5498824568918,74.6549210903281,-0.14069887410264048,1.5865410473958614,0.17163175092252084,0.03707741918041203,0.1925549770336047,0.17160113632371274,0.03707599689544523,0.19255128380627648,0.11484308049262194,0.3987864326421175,0.28394335214949556,0.20000000000000037,0.19996137546334503,59.64278542018102,14.907097036710779,-5.981587540837552e-05,5.579492423635202e-09,0.5106745440691116,0.5106647492706957,0.33087508650251757,97.95347744204533,10.208928014747155,22.72000507298342,44.0140746794599,95.17039353538861,10.507469422495928
-19.67349781437,0.022267569748004166,0.1234434542637035,0.4040300396437552,0.2805865853800517,2.85998593059e-09,0.575688734853,61.18580882609516,12.677245308980986,0.17163175091294808,0.17166527485732078,73.86305413507614,73.96712504722721,-0.14069887410742554,1.5865410473976842,0.1716317509223013,0.03697211001946618,0.19228133039758744,0.1716010211951672,0.03697070242189324,0.19227767010730404,0.11518049192538779,0.39743678690995804,0.2822562949845703,0.19999999999999998,0.19996121625651014,59.093307993805865,14.769746141270275,-5.981576052249693e-05,5.451572526737891e-09,0.5099488065512505,0.5099390991050838,0.32890918315893286,98.33281928862621,10.169544687463937,22.788773804113717,43.88125524417136,95.51860174631425,10.469164976429179
-19.22349781437,0.022330069748004167,0.12373895539351516,0.40260316291849874,0.2788642075249836,2.88430845264e-09,0.574688209021,60.628898855703184,12.561857697941184,0.17163175091289168,0.1716654080781258,73.19075655364436,73.29388021789295,-0.14069887409701165,1.5865410473993822,0.17163175092211624,0.03686678253925954,0.19200724605925565,0.17160090759796467,0.036865389780767296,0.19200361918663747,0.11551709547374543,0.3960903727155993,0.2805732772418539,0.20000000000000004,0.19996105932678654,58.555455340248685,14.635301213395671,-5.9815653496997356e-05,5.343747666586296e-09,0.5092219082042416,0.5092122893849763,0.32694798689569593,98.69838548034151,10.131877995098282,22.856865835892727,43.75053024241295,95.85280973862167,10.432662357283755
-18.77349781437,0.022392569748004167,0.12403371322738058,0.4011798845820973,0.27714617135471675,2.90943618061e-09,0.573680401356,60.08408176428102,12.448975641648317,0.1716317509129383,0.17166553917491026,72.53305740592933,72.63525439104873,-0.1406988740883297,1.5865410474016017,0.1716317509218835,0.0367614458434426,0.19173274588197656,0.17160079587580754,0.03676006809501584,0.1917291529606696,0.11585283249683327,0.39474742462208423,0.278894592125251,0.19999999999999993,0.19996090481315865,58.02928161817493,14.503775787754405,-5.981551359779402e-05,5.208167230819072e-09,0.508493907011863,0.5084843782347803,0.32499183937908127,99.05095671403954,10.095813641528002,22.923182378910646,43.62396038518636,96.1734493216663,10.397880153547913
-18.32349781437,0.022455069748004167,0.12432767562879667,0.3997604490978084,0.27543277346901174,2.93549425578e-09,0.572665752535,59.55141242968085,12.338610510376176,0.17163175091297847,0.17166566944811537,71.89002294005702,71.9913139081713,-0.14069887409401405,1.5865410474038266,0.17163175092164087,0.036656110779262334,0.19145785640516905,0.17160068479810084,0.036654748147301575,0.1914542978031613,0.11618764930187109,0.39340815740072227,0.2772205080988512,0.2000000000000001,0.19996075126334664,57.51483994462399,14.375182995433027,-5.981537335442155e-05,5.066791430863304e-09,0.5077648733592374,0.507755435600277,0.32304105344641443,99.38843956493662,10.06153235101994,22.98755218956037,43.50180444415229,96.48069835615472,10.3647674305646
-17.87349781437,0.022517569748004167,0.12462078882277085,0.39834511921610416,0.2737243303933333,2.9625832473e-09,0.571644696415,59.030944525551405,12.230773424901434,0.17163175091295582,0.1716657982948806,71.26171795045283,71.36212365495481,-0.1406988740798365,1.5865410474074735,0.17163175092126,0.036550787823526845,0.19118260334959047,0.17160057491565409,0.036549440448782874,0.19117907952697877,0.11652149097734422,0.39207279069692236,0.27555129971957815,0.19999999999999996,0.19996059934900465,57.01218211844057,14.249535832012272,-5.9815143493846534e-05,4.844880052701228e-09,0.5070348754603168,0.5070255299397005,0.32109594903491223,99.70914396826194,10.029170447178911,23.049921722268586,43.38409527152093,96.77361094463413,10.333395542841917
-17.42349781437,0.022580069748004167,0.12491299488305073,0.39693417718493007,0.2720211823018793,2.99077665407e-09,0.570617657845,58.52273051436223,12.125475255068286,0.1716317509129861,0.17166592515661924,70.64820576943052,70.74774705297855,-0.14069887409063897,1.5865410474079353,0.1716317509212313,0.03644548809561343,0.19090701426509565,0.1716004666869432,0.03644415612749712,0.19090352570735072,0.11685429977628395,0.3907415555010202,0.27388725572473627,0.20000000000000012,0.19996044975203864,56.521358769600624,14.126846999829898,-5.981511438379883e-05,4.828160093950373e-09,0.5063039863799984,0.5062947343852419,0.31915686260598464,100.0119684697153,9.998803296255595,23.1102832411487,43.2707807846969,97.05144566457405,10.303813540873636
-16.97349781437,0.022642569748004167,0.1252042360865008,0.3955279038176281,0.27032366773112726,3.02014898931e-09,0.569585054857,58.02682164080611,12.022726618389106,0.171631750912982,0.17166604963002957,70.04954825919522,70.14824605157955,-0.14069887408412196,1.58654104741129,0.17163175092081903,0.036340221924131146,0.19063111478489325,0.17160036049241392,0.03633890552497862,0.19062766201414375,0.11718601829322815,0.3894146814311831,0.2722286631379549,0.19999999999999996,0.19996030293628794,56.04241936873642,14.007128890458798,-5.981490294182379e-05,4.587952240342474e-09,0.5055722741000469,0.5055631170158861,0.3172241286241206,100.29655950823538,9.97043173667278,23.1686816005787,43.16171361149105,97.31392065836877,10.276022106956415
-16.52349781437,0.022705069748004167,0.12549445454599814,0.39412657709058674,0.26863212254458857,3.05078059863e-09,0.568547296428,57.543267925131026,11.922537878690529,0.17163175091297406,0.17166617197238296,69.46580580382155,69.5636811199277,-0.14069887408260096,1.5865410474122645,0.17163175092074062,0.03623499979876499,0.19035493111229082,0.171600256089794,0.03623369910189374,0.19035151457735697,0.1175165895502121,0.3880923964028564,0.2705758068526443,0.20000000000000004,0.19996015857679694,55.575412259624414,13.890393544197138,-5.9814841513183836e-05,4.542255460648903e-09,0.5048398081141848,0.5048307471309346,0.31529807907149565,100.56258514882713,9.944056216534754,23.225168273693676,43.05673863007763,97.56077576394154,10.250020996343903
-16.07349781437,0.022767569748004167,0.12578359322279567,0.3927304732182772,0.2669468799954815,3.08265912347e-09,0.567504782243,57.07211815682331,11.824919144786666,0.17163175091289945,0.1716662917822658,68.89703730160997,68.99411123930628,-0.14069887408160175,1.5865410474137718,0.17163175092053856,0.03612983136739363,0.1900784873871676,0.171600153637156,0.03612854652429179,0.19007510758721613,0.11784595709428909,0.38677492622553505,0.268928969131246,0.2000000000000002,0.19996001713050376,55.12038454253909,13.776652759070888,-5.981474651139962e-05,4.424527411117651e-09,0.5041066524437218,0.5040976888852209,0.3133790428644553,100.80961832284623,9.919688385263656,23.281758387894328,42.95208219839459,97.79163846960067,10.22582314448958
-15.62349781437,0.022830069748004164,0.12607159498958412,0.39133986859885195,0.26526827360926786,3.11580825712e-09,0.566457898646,56.613419888341504,11.7298802692139,0.17163175091299937,0.17166640920817533,68.3433001575554,68.43959389559497,-0.14069887408516557,1.5865410474161599,0.17163175092032426,0.036024708757968156,0.18980176173568084,0.17160005325081154,0.03602343991568861,0.1897984191601411,0.11817406417985905,0.38546249788218556,0.2672884337023265,0.19999999999999993,0.19995987846243343,54.677382164329025,13.665917993226387,-5.981459599846417e-05,4.299671729768306e-09,0.5033727490770975,0.5033638842413602,0.3114673506277997,101.0373497022882,9.897330075922934,23.342317015025294,42.84064856784811,98.0062193963355,10.203434089789923
-15.17349781437,0.022892569748004167,0.1263584039963562,0.3899550341391232,0.263596630142767,3.15037395543e-09,0.565407028399,56.167219429142,11.637430846921527,0.17163175091295746,0.17166652402034321,67.80465027606353,67.90018507195734,-0.14069887407902604,1.5865410474171486,0.17163175092020952,0.03591960686049142,0.18952468667825684,0.17159995516251525,0.035918354171023,0.18952138183071324,0.11850085518668704,0.38415533385429956,0.2656544786676125,0.20000000000000004,0.19995974282170648,54.24644984474611,13.558200431317411,-5.981453367054357e-05,4.232814099225379e-09,0.5026379190519134,0.5026291542744947,0.3095633264294533,101.24580230934615,9.8769526952298,23.406111877075602,42.72388362714011,98.20451774358986,10.182830922412155
-14.72379208036,0.022955028877727778,0.12664377895640655,0.3885771283577215,0.26193334940131496,3.18654127705e-09,0.564353272066,55.73384131100881,11.547638118501771,0.17163175091296848,0.17166663722320297,67.28147942951058,67.37627709278487,-0.14069887409148274,1.5865410474188992,0.17163175092002525,0.03581459323715431,0.18924743918255357,0.17159985833665276,0.03581335679930227,0.1892441724315501,0.11882606420470257,0.38285449778131525,0.26402843357661265,0.19999999999999998,0.1999596090484462,53.82790110658457,13.453578322926012,-5.981442332547715e-05,4.125455532744127e-09,0.501902631703626,0.5018939679619404,0.30766851957425245,101.43492099525203,9.85853777168918,23.469521233697098,42.608453323036635,98.38651758564941,10.163994259980386
-14.27501734039,0.02301735870272361,0.12692726930730638,0.3872083328594748,0.2602810635521684,3.22433781873e-09,0.563298521443,55.3138915392275,11.460627643739693,0.1716317509129001,0.17166674745869304,66.7745191829672,66.86860255387312,-0.1406988740794035,1.5865410474232067,0.17163175091953917,0.03570982369512597,0.18897043074281747,0.17159976397423687,0.035708603613668725,0.188967202481459,0.1191491843603532,0.3815620171562813,0.2624128327959281,0.2000000000000002,0.19995947875818076,53.422321132812925,13.352198050154263,-5.981415183153871e-05,3.842237639162249e-09,0.5011679783550355,0.5011594166916353,0.30578588332298673,101.6044645139449,9.842087203390093,23.531225601155604,42.49672401045233,98.55209413296777,10.146917818415782
-13.82672927438,0.02307962093411389,0.12720910977111505,0.38584751583229293,0.2586384060611779,3.26382988469e-09,0.562242106289,54.90693714394584,11.376309714516466,0.17163175091299965,0.17166685444385996,66.28324685846229,66.37663804084674,-0.1406988740932813,1.5865410474277732,0.17163175091904498,0.03560520500214431,0.18869341536509512,0.1715996722567424,0.0356040014029369,0.18869022603976313,0.1194704906051986,0.38027679217443044,0.26080630156923185,0.19999999999999996,0.19995935227846448,53.02929174973062,13.253955108731688,-5.9813863995117345e-05,3.554312399955961e-09,0.5004333066062299,0.5004248482049624,0.3039138156919677,101.7540823611304,9.82761552947772,23.59058966420937,42.38978398734802,98.70089935236497,10.131619940259835
-13.37886987479,0.02314182362850139,0.12748929009594442,0.3844947286845108,0.2570054385885664,3.30514754486e-09,0.561184245582,54.51292783937775,11.294673911966123,0.17163175091296307,0.17166695804382978,65.80760175134387,65.90032276348661,-0.14069887407913706,1.5865410474283534,0.17163175091897034,0.035500735780647996,0.1884163893631549,0.17159958351505414,0.03549954879214609,0.18841323942904356,0.1197899781288187,0.3789988420795777,0.259208863950759,0.20000000000000015,0.19995922981545242,52.64876438914314,13.158837362200739,-5.9813827435473144e-05,3.5108138618511475e-09,0.4996986066809643,0.4996902527490486,0.3020523447112479,101.88381907278624,9.8151012506274,23.647524737590643,42.28772402594751,98.83212399170252,10.11816765249278
-12.93174130905,0.023203924818187498,0.12776757659225532,0.3831510968246687,0.2553835202324134,3.34838539812e-09,0.560126003987,54.13212008277049,11.21577337213357,0.17163175091288083,0.1716670585863943,65.34789345490407,65.43996675132003,-0.14069887407774928,1.5865410474363613,0.1716317509180933,0.03539649757723587,0.18813956940855336,0.17159949732403987,0.03539532728289549,0.18813645920686264,0.12010738281036368,0.3777292233490088,0.2576218405386451,0.19999999999999993,0.19995911095115038,52.28098677713095,13.066906677773115,-5.981332269477946e-05,2.999822612537173e-09,0.49896445321329924,0.498956204655631,0.3002030092547579,101.99377565805553,9.804519869453616,23.702486972807296,42.18966563075221,98.94556216822805,10.106567470906798
-12.48525541907,0.02326593674735139,0.12804398273436338,0.38181655493735234,0.253772572202989,3.39364871082e-09,0.559067515551,53.76441890584362,11.139588418311051,0.17163175091294158,0.1716671560172721,64.90400732415468,64.99545519781537,-0.14069887407108794,1.5865410474420298,0.17163175091749303,0.03529247764363453,0.18786292248241676,0.17159941363524345,0.03529132413672047,0.18785985238129105,0.12042272487077674,0.376467855104356,0.2560451302335792,0.20000000000000004,0.19995899568613476,51.92586720361117,12.978140120543504,-5.9812965402805673e-05,2.650080155319756e-09,0.4982307586339674,0.4982226164269013,0.2983656915129309,102.08396381267909,9.795857866912074,23.75878485160712,42.08969466434462,99.04215305612965,10.096711038109957
-12.0391676943,0.023327893375791667,0.12831861805436126,0.3804905726823601,0.2521719546279988,3.44107888141e-09,0.558008531491,53.409615618491394,11.06607581144273,0.1716317509129508,0.17166725091432627,64.47569142993412,64.56653581885898,-0.14069887407267556,1.5865410474421842,0.17163175091749824,0.03518860090291605,0.18758624923729364,0.17159933215830597,0.03518746426846804,0.18758321958125157,0.12073613696022825,0.37521420674657646,0.25447806978634824,0.20000000000000012,0.1999588834483132,51.58320416204651,12.892487267887603,-5.981295567725198e-05,2.6530999619467366e-09,0.49749699425412114,0.4974889593113542,0.29653961861104017,102.15446558608666,9.789097268168755,23.820265058777537,41.98106098032313,99.12241666090883,10.088535304994966
-11.59339248343,0.023389806599523614,0.1285914940905066,0.3791730956842177,0.2505816015937111,3.49084958392e-09,0.556949166563,53.067647305679735,10.995222516007871,0.1716317509130006,0.17166734295478428,64.0628698216876,64.15313255688027,-0.14069887407701653,1.5865410474417867,0.1716317509175523,0.035084822091057954,0.18730942872973042,0.171599253118619,0.03508370243577035,0.18730643992070947,0.1210476392973549,0.37396819739834386,0.25292055810098896,0.20000000000000004,0.1999587745420083,51.252936878498744,12.80993294318886,-5.9812980734985643e-05,2.6846080913855985e-09,0.4967628393199479,0.4967549127074574,0.29472467274342,102.2053687121061,9.78422183297257,23.885403909783804,41.8665727310722,99.18644427575175,10.082022874213179
-11.14788296419,0.02345168292164028,0.12886259839092162,0.3778641824851529,0.2490015840942313,3.54317235759e-09,0.555889615306,52.73848749324007,10.927023046740356,0.17163175091289726,0.17166743250800828,63.66551053998044,63.75521340739906,-0.14069887405978587,1.586541047445498,0.1716317509171222,0.03498112623339169,0.18703242027357633,0.17159917624910007,0.03498002364774785,0.18702947267141573,0.12135722503350223,0.37272985445160095,0.25137262941809874,0.2000000000000002,0.1999586685596669,50.935039819234504,12.730470720745927,-5.9812746810994355e-05,2.434008550267208e-09,0.4960281859278152,0.49602036859992976,0.292920893810144,102.23661703663707,9.78123131403736,23.952489578497957,41.74931364536301,99.23416876912529,10.077174146805872
-10.70263763563,0.023513522550606944,0.12913189202618222,0.3765640219891846,0.24743212996300237,3.59831070976e-09,0.554830163776,52.42214521227362,10.861479274840528,0.17163175091294192,0.17166751943067798,63.28362448711415,63.372789288110894,-0.14069887407255344,1.5865410474445234,0.17163175091722055,0.03487750298814388,0.18675519534445054,0.171599101723851,0.03487641756363691,0.18675228931297444,0.12166485633334442,0.3714993292527253,0.24983447291938085,0.19999999999999982,0.19995856572933193,50.629521700517174,12.654102786596974,-5.981280823963431e-05,2.4913182627983588e-09,0.49529295842828813,0.49528525134990486,0.2911285022619181,102.24828630210982,9.780115013813838,24.023679737532117,41.625596533311395,99.26564156326852,10.073979115549607
-10.25760167048,0.023575333101322222,0.1293993696816233,0.37527263936355526,0.24587326968193196,3.65644398449e-09,0.553770968199,52.118592703067094,10.798585448682735,0.171631750912885,0.17166760368231318,62.91717815174984,63.00582664043042,-0.1406988740684234,1.5865410474435708,0.17163175091733116,0.03477391723203667,0.18647765880136064,0.1715990294598093,0.03477284906346205,0.18647479471355385,0.12197053370310706,0.37027661977422693,0.24830608607111987,0.19999999999999984,0.19995846606435116,50.336355719428425,12.580822432321405,-5.981286828049548e-05,2.555755607147603e-09,0.49455690449819306,0.494549308658504,0.2893474951462403,102.2405244322605,9.780857498071134,24.097045157950127,41.498864007817104,99.28099055216161,10.072421663385866
-9.812596520142,0.0236371393722025,0.1296651003477549,0.3739897013990064,0.24432460105125148,3.71775815369e-09,0.552711883494,51.82772800597949,10.738320443001403,0.17163175091292365,0.1716676853087193,62.5660484489809,62.65420220604217,-0.14069887406973347,1.5865410474452246,0.17163175091713992,0.034670334493406986,0.1861997166845508,0.17159895941728304,0.03466928368132881,0.18619689492934302,0.1222743423615973,0.3690613851393105,0.24678704277771324,0.2000000000000003,0.19995836952322954,50.05544341361129,12.510605035369602,-5.98127640416557e-05,2.444333624396222e-09,0.4938197749471106,0.4938122913775952,0.28757737594006016,102.21365345363562,9.78342879069089,24.168494878795254,41.37618023029524,99.2803632808928,10.072485302765376
-9.367376170363,0.02369897553189403,0.12992919384559662,0.3727146834729991,0.24278548962740246,3.78239208325e-09,0.552119270588,51.54942702231556,10.680658545458742,0.17163175091293295,0.1716677633619243,62.230085567774296,62.317765962826215,-0.14069887406461534,1.5865410474459216,0.17163175091706842,0.034566710617077584,0.18592124842813848,0.17159889252660102,0.034565677291458305,0.18591846947374083,0.12257641205871496,0.3678531063504824,0.24527669429176746,0.2,0.19995827717662956,49.786664869087915,12.443420698686388,-5.981272011013061e-05,2.4026780565122863e-09,0.4930812500225834,0.49307387996498303,0.2858173886674117,102.16925625027581,9.78768013687386,24.23866885076011,41.25639102366138,99.26384853803273,10.07416108410155
-8.921731397849,0.02376087063918764,0.13019173989510308,0.37144714434664483,0.24125540445154176,3.85044257293e-09,0.551698043838,51.28361398984592,10.625584058689443,0.17163175091299412,0.17166783929847695,61.909198048535366,61.99642632232864,-0.14069887406051862,1.5865410474474464,0.17163175091692567,0.034462998634875244,0.18564212516256984,0.17159882737834345,0.034461982884513506,0.1856393893668946,0.12287684456126038,0.3666513763395869,0.2437745317783265,0.20000000000000004,0.19995818738297555,49.52994702441658,12.379251024118778,-5.981262399812337e-05,2.3195001475073695e-09,0.49234098795000936,0.49233373235354233,0.2840669403902711,102.10743876164896,9.793605756132186,24.30816975380743,41.138432474677295,99.23156098045735,10.077438973240982
-8.475777598018,0.023822808666941944,0.13045263234436755,0.370187599706093,0.23973496736172545,3.92207782206e-09,0.551257553645,51.03041566458199,10.573123245584785,0.1716317509129308,0.17166791249999647,61.603538910166776,61.6903365190474,-0.14069887405107062,1.586541047449187,0.17163175091672747,0.034359233340152104,0.18536243778109981,0.1715987645477152,0.034358235262231224,0.18535974552807097,0.12317552315632437,0.3654566619583394,0.24228113880201507,0.1999999999999999,0.199958100855094,49.28541226373694,12.318126646429835,-5.981251428588408e-05,2.2040147484858608e-09,0.4915992297871489,0.4915920896700189,0.2823267111280655,102.0270493096875,9.801322362706511,24.375502428652773,41.02479540378728,99.18379866421529,10.082291800352188
-8.029404503899,0.023884804930014027,0.130711899647634,0.3689359197359578,0.2382240200883238,3.99750174918e-09,0.550798317499,50.78982603615131,10.523274860854283,0.1716317509129312,0.17166798156047164,61.3131008970056,61.39948928711667,-0.14069887406897852,1.586541047450043,0.17163175091664637,0.03425540368002128,0.1850821538669282,0.17159870532491003,0.03425442340970534,0.18507950564475079,0.12347248482980243,0.36426881526401905,0.2407963304342166,0.20000000000000004,0.19995801918842493,49.053054691340314,12.26004620566528,-5.981246034014731e-05,2.156763656557814e-09,0.4908558895614921,0.49084886621846646,0.2805964853861495,101.92863655788335,9.810785602259271,24.439673225080544,40.917077359846914,99.1210777882762,10.088671575343561
-7.582381234053,0.023946891495270416,0.1309696386794037,0.3676916292395853,0.23672199056018162,4.07702242547e-09,0.550320697966,50.56179090179444,10.476027674081914,0.17163175091290528,0.1716680480851196,61.037818575876365,61.12381910113813,-0.14069887406654713,1.5865410474476167,0.171631750916869,0.03415147226308284,0.18480116953927225,0.17159864839883593,0.034150509894324284,0.184798565725831,0.12376784711116143,0.36308736613970016,0.23931951902853874,0.19999999999999987,0.19995794055482674,48.83282207748498,12.204996498391385,-5.981261326226672e-05,2.2864821147550174e-09,0.49011069177109057,0.49010378620435635,0.278875578388671,101.81237523512534,9.821988709040541,24.500559998895145,40.815393609170364,99.0434869370097,10.096575059357374
-7.134494666999,0.024009097962916805,0.13122593342291403,0.366454325401446,0.235228391978532,4.16087372142e-09,0.549825037759,50.34629001084341,10.431377489486236,0.17163175091294275,0.1716681114137103,60.77766750032964,60.86330148022975,-0.14069887406276127,1.5865410474466808,0.17163175091698882,0.03404740526847572,0.18451938995258932,0.171598594202626,0.0340464609181064,0.18451683098868352,0.12406171114849816,0.3619119099909506,0.2378501988424524,0.19999999999999998,0.19995786569144772,48.62469482525927,12.152972675070384,-5.981267225951825e-05,2.3562929385434472e-09,0.48936338487633196,0.48935659825493183,0.27716340080116664,101.67784782635626,9.834983935810516,24.558533475525486,40.719043789670046,98.95072021296986,10.106040641722647
-6.685435956868,0.024071467228212778,0.13148091867353723,0.36522335847778825,0.23374243980425102,4.24928005618e-09,0.549311535034,50.143285036615566,10.389316366058754,0.17163175091298416,0.17166817147952218,60.53260140267432,60.61789009150463,-0.14069887404786208,1.5865410474475148,0.1716317509169356,0.03394314442609124,0.18423665331874448,0.17159854287981355,0.033942218219930875,0.1842341396699615,0.12435423708217994,0.3607418062559547,0.23638756917377476,0.19999999999999982,0.19995779469936809,48.42863591877969,12.103965483894632,-5.9812619690458035e-05,2.325295511695913e-09,0.48861353979933275,0.4886068733580497,0.27545901957694957,101.52531844141633,9.849759797375421,24.614671416595684,40.626177090699684,98.8429998367723,10.117054335171773
-6.235444439804,0.024133966050027218,0.1317344185776559,0.363999578711005,0.23226516013334914,4.34237929292e-09,0.548781005884,49.9529966539889,10.349890025987891,0.1716317509129212,0.17166822790207376,60.30288667997679,60.38785170739025,-0.140698874046985,1.5865410474476211,0.17163175091690297,0.03383875191974356,0.18395312424567178,0.17159849468741314,0.03383784396715664,0.18395065633793384,0.12464522818851988,0.3595778418304347,0.2349326136419148,0.2,0.19995772801061776,48.24485846696689,12.058028213009905,-5.981261298471097e-05,2.30628849351433e-09,0.4878615930963583,0.4878550479647796,0.27376358091350794,101.35530530395172,9.866281760003847,24.67003192046076,40.535010381183284,98.7207389388162,10.129583821488273
-5.785444439804,0.024196466050027225,0.1319858800591907,0.3627856483778235,0.2307997683186328,4.44019291906e-09,0.548235141185,49.77587624587914,10.313191992477739,0.17163175091296354,0.17166828196575418,60.08906823835688,60.173732001762346,-0.14069887405850912,1.5865410474449142,0.17163175091719152,0.03373444601516791,0.18366939324549397,0.17159844840602423,0.0337335563455479,0.18366697129736717,0.12493405563994893,0.35842253202616203,0.23348847638621312,0.19999999999999998,0.1999576641415166,48.07379851297484,12.015269725382039,-5.981278360378539e-05,2.4743984639030714e-09,0.48710911086304376,0.48710268762082787,0.27208074863099607,101.16794944967532,9.884553412812197,24.726767637781325,40.4420025556453,98.58413469529987,10.143619996166345
-5.335444439804,0.024258966050027222,0.13223527674489724,0.36158170714682103,0.2293464304019238,4.54280805388e-09,0.547674586816,49.61194547932468,10.279226754765018,0.17163175091293575,0.17166833129693349,59.891172234089694,59.97555716773374,-0.1406988740563886,1.5865410474484456,0.17163175091681404,0.033630216396024495,0.18338543125347906,0.17159840616041125,0.033629345094579224,0.18338305563649882,0.1252206908984823,0.35727599099014046,0.23205530009165815,0.19999999999999998,0.19995760585177116,47.91547682250505,11.975695411584649,-5.9812561015171184e-05,2.254463282724828e-09,0.4863560160168905,0.48634971564938556,0.27041068899816983,100.96370176148453,9.904549680264184,24.783165836657496,40.34997008012879,98.43358883529332,10.159133806177454
-4.885444439804,0.024321466050027225,0.13248258615075983,0.36038785795872247,0.22790527180796263,4.65041220737e-09,0.547099973447,49.461220974550635,10.24799775644472,0.17163175091294458,0.17166837699522647,59.70921873099535,59.79334729740944,-0.140698874066425,1.5865410474498256,0.17163175091664776,0.033526080583605775,0.18310128504083684,0.17159836699345116,0.033525227697258825,0.18309895602449192,0.12550511295067543,0.35613830278053643,0.230633189829861,0.19999999999999996,0.19995755188762282,47.769909528422936,11.939309202572426,-5.9812474040299435e-05,2.1575852215960367e-09,0.48560243259969993,0.4855962558216164,0.26875352445345985,100.74279741847816,9.926267938005271,24.835682571239893,40.26464733278624,98.26925228064445,10.176123017036169
-4.435444439804,0.024383966050027222,0.13272778830376855,0.3592042023529969,0.22647641404922833,4.76316603632e-09,0.546511922644,49.323718014219054,10.219508163967168,0.1716317509129377,0.1716684180608494,59.543226178186224,59.62712086587237,-0.14069887404905002,1.5865410474514343,0.17163175091648103,0.033422055945806314,0.18281700124935404,0.1715983317875214,0.03342122153365425,0.18281471913840594,0.1257873012706891,0.35500954949964597,0.22922224822895687,0.2,0.19995750341097274,47.637111326561225,11.906114851624992,-5.9812372643630596e-05,2.0604407069413355e-09,0.4848484843100311,0.4848424319296261,0.2671093745879495,100.5055673425295,9.949697578363347,24.8846003728207,40.18549564863471,98.09126442360935,10.194587722730104
-3.985444439804,0.024446466050027222,0.1329708640536371,0.3580308277863102,0.2250599637326731,4.88124649658e-09,0.54591104669,49.19945054145681,10.193760866247562,0.17163175091295446,0.17166845524902885,59.39321140770437,59.47689472890406,-0.14069887404363213,1.586541047453195,0.17163175091630298,0.03331815723603414,0.18253261964929485,0.17159829968948187,0.03331734130967359,0.18253038462040666,0.12606723722045357,0.3538898056996993,0.22782256847924573,0.19999999999999998,0.19995745954663952,47.51709574030332,11.876115667401056,-5.9812261665737054e-05,1.956701467520361e-09,0.48409427662249604,0.4840883491082974,0.2654783479949491,100.25254158598065,9.974809457996228,24.92990928556258,40.112460440404426,97.9000507228828,10.214499304301828
-3.535444439804,0.024508966050027222,0.13321179742996883,0.3568678158633062,0.22365601843333735,5.00479894021e-09,0.545297948977,49.08843115820136,10.170758474312516,0.17163175091297742,0.17166848772698756,59.25918963251389,59.34268412090611,-0.14069887405515624,1.586541047456687,0.17163175091590308,0.03321440151303435,0.18224818658366493,0.1715982714759072,0.03321360409967575,0.1822459988577959,0.1263449042197987,0.3527791377003208,0.22643423348052213,0.20000000000000004,0.19995742124979288,47.40987488824394,11.849314744269938,-5.981204156402242e-05,1.723687859112033e-09,0.48333993244325735,0.48333413038127043,0.2638605412763918,99.98421386930892,10.001578862310376,24.971419121525763,40.045781744858225,97.69622322585816,10.235810218458074
-3.085444439804,0.024571466050027222,0.1334505734653691,0.35571523601465876,0.22226466254928967,5.13395400529e-09,0.544673224785,48.990671123647765,10.150503320979768,0.1716317509129522,0.17166851612800713,59.14117444462753,59.224502653021766,-0.1406988740495385,1.5865410474531199,0.1716317509163178,0.033110804728090124,0.181963745642065,0.17159824666478024,0.033110025844254945,0.18196160541239173,0.12662028852096818,0.35167760049771857,0.22505731197675038,0.19999999999999987,0.19995738778846248,47.31545969193803,11.825714752689494,-5.981226639528714e-05,1.9653390026519446e-09,0.48258556737617947,0.4825798912787274,0.26225603453862606,99.70085712978785,10.030004041973555,25.0106886289174,39.98290550240181,97.47957735588022,10.258559045133953
-2.635444439804,0.024633966050027222,0.1336871777777257,0.35457315593310457,0.22088597815537886,5.2688770354e-09,0.544037457271,48.906180352809585,10.132997460566042,0.17163175091287194,0.17166854083018704,59.03917781337563,59.12236231145894,-0.14069887404886128,1.5865410474569843,0.17163175091582347,0.033007370671967046,0.18167930722007677,0.17159822496063562,0.033006610323845574,0.18167721465237618,0.1268933737321108,0.35058525965067394,0.22369188591856315,0.19999999999999996,0.19995735872636097,47.23385975643707,11.805318056938564,-5.981202282345777e-05,1.6773249456036865e-09,0.4818312089913572,0.48182565929809645,0.2606649232775403,99.40246765264318,10.060112425925366,25.047915565909996,39.92348175115185,97.25017932237448,10.282757388910323
-2.185444439804,0.024696466050027222,0.1339215977918709,0.3534416400382632,0.21952004224639232,5.40970282294e-09,0.543391219984,48.83496741532774,10.118242668651103,0.17163175091293023,0.17166856109391498,58.953210083978846,59.03627345601434,-0.14069887405305792,1.5865410474551735,0.1716317509160931,0.032904113391600556,0.1813949100487678,0.17159820700310013,0.0329033715875166,0.18139286531591203,0.1271641477714464,0.3495021634946794,0.22233801572323297,0.2000000000000001,0.19995733492124193,47.16508331053435,11.788126773444494,-5.98121369543847e-05,1.8343992991276536e-09,0.48107696000735184,0.4810715371767563,0.25908727789650954,99.08976742438557,10.091859391668168,25.08175019810178,39.869626007027264,97.00871976135421,10.308351686941593
-1.735444439804,0.02475896605002722,0.1341538238705591,0.3523207337536192,0.21816690988306012,5.55654127914e-09,0.542735075275,48.77703953444419,10.10624044182725,0.17163175091298966,0.1716685770724572,58.88327997627143,58.96624481879769,-0.14069887404430936,1.586541047457804,0.17163175091580715,0.032801047559613855,0.18111059482982728,0.17159819260506592,0.03280032429343768,0.18110859806601587,0.12743259936230292,0.34842835712982445,0.22099575776752153,0.19999999999999993,0.19995731618680157,47.10913734394016,11.774142632331268,-5.98119711536782e-05,1.6677992320524027e-09,0.4803229283690057,0.4803176327569855,0.25752316409055964,98.7637435483534,10.125173105760348,25.113384327912748,39.81940414492566,96.75583803005053,10.335293666614918
-1.285444439804,0.024821466050027222,0.13438384874981782,0.3512104733112282,0.21682662456141036,5.70948791679e-09,0.542069586846,48.732402586056395,10.096991997530758,0.17163175091296493,0.1716685885092676,58.829394583587145,58.91228350315725,-0.14069887405681047,1.586541047455994,0.17163175091600308,0.03269817712623933,0.18082637287254127,0.17159818196784038,0.03269747238862325,0.18082442420376527,0.12769872108793595,0.347363870228271,0.21966514914033503,0.2000000000000001,0.19995730281723295,47.06602751628233,11.76336706730482,-5.981208524019621e-05,1.7819523634443613e-09,0.4795691440696462,0.4795639760103419,0.2559726250788573,98.42512171407174,10.160007755997837,25.144678247608077,39.769846730694454,96.49230591358717,10.363520599202397
-0.8354444398038,0.024883966050027247,0.13461166735995672,0.350110883316866,0.2154992159569093,5.86867573104e-09,0.541395305916,48.70106109805133,10.090498273911216,0.17163175091292668,0.17166859538566343,58.79155937196255,58.87439498280588,-0.14069887404790649,1.5865410474640913,0.17163175091511987,0.032595501338906166,0.18054224253317053,0.1715981751150041,0.03259481511403954,0.1805403420680252,0.1279625069436745,0.34630872680090147,0.21834621985722696,0.2000000000000001,0.19995729483852828,47.03575820060619,11.755801171356355,-5.981157487067179e-05,1.2673639915306012e-09,0.47881560274991686,0.47881056253133364,0.2544356958380934,98.07389144056017,10.196393610077886,25.17597141628771,39.72041370181432,96.2181331237709,10.393051367081117
-0.3854444398038,0.024946466050027254,0.13483727280960975,0.3490219954535925,0.21418472264398278,6.03416689833e-09,0.540712771448,48.683018249686064,10.086759929688535,0.1716317509128954,0.17166859796991962,58.7697781793746,58.852583101148,-0.14069887405125936,1.5865410474626704,0.17163175091525157,0.03249302133486691,0.18025820739946047,0.17159817177578976,0.032492353590817716,0.1802563552022999,0.12822395048284377,0.34526295264488344,0.21703900216203967,0.20000000000000004,0.19995729193506304,47.01833248700249,11.751445692372103,-5.981166442126096e-05,1.344102606992692e-09,0.47806231392486775,0.4780574017176791,0.2529124139415516,97.70739254281216,10.23464012266864,25.205803553607332,39.67340290791423,95.93283433580515,10.423959710182029
0.06455556019621,0.025008966050027247,0.1350606488070452,0.3479438889821531,0.2128832401751079,6.20602972294e-09,0.54002250504,48.67827587125334,10.085777344091037,0.1716317509129451,0.1716685961306845,58.76405321534437,58.846850070805424,-0.14069887404581927,1.5865410474635495,0.17163175091517405,0.03239074818653574,0.1799742986832724,0.17159817205832004,0.03239009888548762,0.1799724948026437,0.1284830439624984,0.3442265787258787,0.2157435347633803,0.19999999999999993,0.19995729425797873,47.01375213477223,11.750301080572136,-5.981160902113203e-05,1.2989387343509406e-09,0.4773093603713936,0.47730457630435097,0.25140282449581264,97.32930132745209,10.274398216788045,25.233911143418155,39.62921143363197,95.63709725403403,10.456193555768124
0.5145555601962,0.025071466050027247,0.1352818065141268,0.346876510224529,0.21159470371040218,6.38432721509e-09,0.539325006832,48.68683444382698,10.087550616781996,0.17163175091291163,0.17166858973793145,58.77438506060898,58.8571964733473,-0.1406988740549675,1.5865410474616155,0.1716317509153881,0.032288685034747716,0.17969052572338842,0.17159817599584193,0.0322880541252341,0.17968877017007517,0.1287397855331982,0.34319961244414676,0.21445982691094856,0.20000000000000015,0.19995730195825293,47.02201759963416,11.752367460974819,-5.98117309125179e-05,1.4236389844768382e-09,0.4765567668568536,0.47655211095855615,0.24990693827941807,96.942395856776,10.315404227036161,25.259236463870124,39.58947854304159,95.3317513304847,10.489684559904074
0.9645555601962,0.02513396605002725,0.13550074274096746,0.34581987355637195,0.2103191308154045,6.56910836647e-09,0.538620605664,48.708693099221534,10.09207956788789,0.1716317509129086,0.17166857895588453,58.80077266710942,58.88362125921729,-0.14069887404369874,1.5865410474626673,0.17163175091526428,0.03218685125727108,0.17940694316907327,0.17159818341329752,0.0321862386728516,0.1794052359125887,0.12899417271439007,0.3421820637187633,0.21318789100437324,0.19999999999999996,0.19995731484129314,47.04312805400092,11.757644613108502,-5.98116646211011e-05,1.351518896797188e-09,0.4758046783164178,0.47580015050601165,0.24842476974147606,96.54390142829163,10.35798207039265,25.280679389383835,39.555898977142675,95.01658465228385,10.524478475621189
1.414555560196,0.025196466050027223,0.13571745656941225,0.3447739841458952,0.20905652757648296,6.76039426333e-09,0.53791005124,48.74384962005847,10.099363737982173,0.1716317509129053,0.17166856360251984,58.84321335804064,58.92612174786268,-0.1406988740524695,1.5865410474596606,0.17163175091559565,0.032085258583190994,0.1791235846648648,0.17159819443713584,0.032084664249168705,0.1791219256516876,0.12924620320786512,0.3411739417465181,0.211927738538653,0.2,0.199957333118298,47.07708134285583,11.766132015184816,-5.9811854136171405e-05,1.5445866807795028e-09,0.475053183978676,0.4750487841142174,0.24695633227694255,96.13507579035112,10.402030598912452,25.298858738849635,39.527474749853916,94.69285168218866,10.560459234623472
1.864555560196,0.025258966050027226,0.13593195117877777,0.34373882627182917,0.2078068750930514,6.95822897165e-09,0.537194051606,48.79230044010186,10.109402388172102,0.1716317509129701,0.17166854369567724,58.901702828273955,58.98469362806459,-0.1406988740400128,1.586541047455759,0.1716317509160303,0.03198392102086047,0.1788404904401139,0.17159820900275083,0.03198334484960347,0.17883887958048572,0.12949588182443666,0.340175227282405,0.21067934545796835,0.2000000000000001,0.19995735676178375,47.12387402196422,11.777828806309744,-5.981210005057136e-05,1.797828552696501e-09,0.4743023905357829,0.47429811837922403,0.24550159785391865,95.71652028994295,10.447517283022993,25.31320815037287,39.50506763344692,94.36116947400816,10.597579550722402
2.314555560196,0.02532146605002722,0.13614422812900176,0.3427143890929448,0.20657016096394307,7.16257987031e-09,0.53647271419,48.854040644636854,10.122194500153318,0.17163175091293514,0.17166851964064775,58.976235144790174,59.059330958468095,-0.140698874046441,1.5865410474587784,0.17163175091569605,0.03188285448852411,0.17855770632634177,0.1715982265416108,0.03188229635819333,0.17855614343447646,0.12974321004296155,0.3391859144066331,0.20944270436367154,0.20000000000000037,0.19995738530332727,47.183501370203736,11.79273377458644,-5.981190973614048e-05,1.603073229716756e-09,0.47355241953739435,0.47354827459601223,0.24406055785086692,95.28795895252338,10.494505402285336,25.323523325386393,39.488975809204135,94.02077190012983,10.635947565525349
2.764555560196,0.02538396605002722,0.13635429055602818,0.34170066164100626,0.20534637108497808,7.37347246314e-09,0.535746503954,48.92906397111422,10.137738776384762,0.17163175091297822,0.17166849066430906,59.066802747498976,59.15002616831262,-0.14069887404077885,1.5865410474560087,0.1716317509159896,0.0317820742364959,0.17827527657108233,0.17159824776896873,0.03178153402815183,0.17827376146856785,0.12998818908062623,0.33820599825743936,0.20821780917681312,0.19999999999999987,0.1999574196318002,47.255957284208556,11.81084546329042,-5.98120843187111e-05,1.7741141888905076e-09,0.4728033883322778,0.47279937013290635,0.24263320518407544,94.84976017931407,10.542989229593134,25.329989513220127,39.47889514435385,93.67203824332557,10.675544364716043
3.214555560196,0.025446466050027223,0.1365621422611321,0.3406976235159464,0.2041354812548143,7.59087296295e-09,0.535015913917,49.01736280990278,10.156033640193344,0.17163175091290278,0.17166845717383353,59.17339645009612,59.25677005836411,-0.14069887404574155,1.5865410474539152,0.17163175091621258,0.03168159430839691,0.17799324231104088,0.17159827233234337,0.03168107189390015,0.17799177479282619,0.13023082286736287,0.33723546311161157,0.2070046402442487,0.19999999999999996,0.19995745926251485,47.34123444000139,11.832162010094736,-5.981221626871758e-05,1.9040324872321435e-09,0.4720554060189804,0.4720515140178042,0.2412195169520189,94.4023372152162,10.592958071792479,25.33297083277295,39.47424905673962,93.31534354585172,10.716351266591403
3.664555560196,0.02550896605002722,0.1367677876925271,0.33970525245819894,0.20293746476567184,7.81482704778e-09,0.534281414318,49.11892820521988,10.17707723602292,0.1716317509129265,0.17166841907339694,59.29600544124279,59.379551802047274,-0.14069887405515624,1.5865410474546007,0.17163175091613556,0.0315814266920486,0.17771163915750876,0.1715983000960899,0.031580921918613405,0.17771021894818936,0.13047111499033484,0.33627429461933767,0.20580317962900282,0.1999999999999999,0.19995750429285217,47.4393241786765,11.85668126256629,-5.981217305883746e-05,1.8591572725767946e-09,0.47130856704211327,0.47130480050873297,0.239819472252999,93.94602886524426,10.644409477215852,25.332923312681274,39.474323103461785,92.95078716293138,10.75838118774747
4.114555560196,0.025571466050027226,0.1369712329965696,0.33872352013862234,0.20175228714205273,8.04524391597e-09,0.53354343269,49.23374985626587,10.200867429614327,0.17163175091291005,0.17166837621616696,59.434617285880186,59.51835894677812,-0.1406988740613957,1.5865410474525767,0.1716317509163393,0.03148158149084772,0.17743049763456034,0.17159833128944435,0.0314810942146824,0.17742912448265757,0.13070907025181328,0.3353224735744456,0.20461340332263234,0.20000000000000032,0.19995755488397923,47.5502165379305,11.884400747949687,-5.981230063456522e-05,1.9778623183697164e-09,0.47056295235449336,0.4705593106219629,0.23843304311032368,93.48111150107651,10.697348201604173,25.330692866997126,39.47779893943923,92.57858797491015,10.801633745710308
4.564555560196,0.025633966050027223,0.1371724840197585,0.3377523972977664,0.2005799132780079,8.28207621934e-09,0.532802382409,49.361816118460325,10.227401808303764,0.17163175091294822,0.17166832871461474,59.5892179267641,59.67317741549842,-0.140698874051437,1.586541047452818,0.17163175091628108,0.03138206375350951,0.17714983418990127,0.17159836573362994,0.03138159381350546,0.17714850779361777,0.1309446936966815,0.3343799797946783,0.20343528609799683,0.19999999999999993,0.19995761088654862,47.67390027553045,11.915317651233643,-5.981228542450978e-05,1.9439339027371716e-09,0.46981860557703703,0.46981508784496046,0.23706020012717066,93.00772505163374,10.751795073418306,25.3269573159194,39.48362164180868,92.19888510081978,10.846118138050116
5.014555560196,0.025696466050027223,0.13737154626830544,0.336791850298177,0.19942030402987154,8.52526513414e-09,0.532058663525,49.503114004881056,10.256677681289963,0.17163175091293792,0.1716682777010661,59.75979168617101,59.84399150840961,-0.1406988740494719,1.5865410474470145,0.17163175091696373,0.031282878056209495,0.1768696640360056,0.17159840221654304,0.031282425264209365,0.17686838401537275,0.13117799112987594,0.3334467900653127,0.20226879893543676,0.19999999999999982,0.19995767096341124,47.81036292334562,11.94942876282538,-5.9812651220791935e-05,2.34168240353938e-09,0.46907556705470643,0.4690721723153701,0.2357009094873499,92.52618248927718,10.807751634148417,25.32062979244355,39.493488439945146,91.81191880775044,10.891832051718142
5.464555560196,0.02575896605002722,0.13756842874607786,0.33584184424236607,0.1982734154962882,8.77473988494e-09,0.531312679406,49.657629187872864,10.288692079992257,0.17163175091292254,0.17166822149238323,59.946321267865116,60.030783904908894,-0.14069887406029657,1.586541047444192,0.17163175091725053,0.031184037777961193,0.17659002740234567,0.17159844220719161,0.031183601959125177,0.17658879341318684,0.13140896907527688,0.33252287828514454,0.20111390920986766,0.2,0.19995773704503325,47.95959052296826,11.986730744896859,-5.981282911182717e-05,2.5087709687454662e-09,0.4683339434799786,0.46833067082059243,0.23435513317332177,92.03689393679929,10.865208040231007,25.31060315294088,39.50913354207477,91.41795527551967,10.938770146260149
5.914555560196,0.02582146605002722,0.137763139703068,0.33490233734306835,0.19713919764000035,9.03042667873e-09,0.530564796157,49.82534600082871,10.32344175840706,0.17163175091291694,0.1716681608503372,60.14878775923577,60.23353566572573,-0.1406988740629167,1.5865410474396187,0.17163175091775779,0.031085555879516443,0.1763109635828596,0.17159848536758882,0.03108513688530347,0.17630977535378878,0.13163763489844782,0.3316082149949983,0.1999705800965505,0.20000000000000015,0.19995780824504555,48.12156799030256,12.02721976893321,-5.9813117381235514e-05,2.8043345423611754e-09,0.46759383906420254,0.46759068776502444,0.2330228282737498,91.54031754835316,10.924148252727909,25.29766093108526,39.52934631878238,91.01729708611745,10.986922618168217
6.364555560196,0.025883966050027223,0.13795568820016377,0.3339732830413069,0.19601759484114314,9.29225585313e-09,0.529815380586,50.006247440100715,10.360923193505794,0.17163175091293495,0.17166809601329,60.36717063360651,60.45222623525918,-0.1406988740524806,1.5865410474383566,0.17163175091791497,0.030987439314875024,0.1760324950538253,0.1715985312124922,0.030987036965543596,0.17603135222324345,0.1318639968161058,0.33070276732515097,0.19883877050904517,0.19999999999999993,0.19995788428191172,48.2962789136254,12.070891719981109,-5.981319692871523e-05,2.8959057374322583e-09,0.4668553134166552,0.46685228251868943,0.23170394691119886,91.03695268650564,10.98455045440278,25.284971432026623,39.54918449041129,90.61030684251132,11.036272084787086
6.814555560196,0.025946466050027223,0.13814608502691036,0.33305462975273964,0.19490854472582927,9.5601185661e-09,0.529064791793,50.20031516709238,10.401132585665547,0.17163175091295071,0.17166802681108329,60.60144775275792,60.6868334441166,-0.14069887406022996,1.5865410474379564,0.17163175091794816,0.030889676284917855,0.17575459107778055,0.1715985798260993,0.030889290421153386,0.1757534933398292,0.1320880641282608,0.3298064980766974,0.19771843394843658,0.20000000000000012,0.19995796529332377,48.48370556628678,12.117742186471144,-5.981322215298235e-05,2.9152458225212285e-09,0.4661182850185948,0.4661153737106748,0.23039843490115494,90.52725707441732,11.046396768411494,25.27296868805419,39.567967354490946,90.19724593918065,11.086813012830712
7.264555560196,0.02600896605002722,0.1383343422275201,0.3321463229665734,0.1938119807390533,9.83401611989e-09,0.528313368848,50.40752951057359,10.44406585915019,0.17163175091291935,0.17166795290043815,60.851595369723775,60.93733351185415,-0.14069887405508963,1.5865410474398507,0.17163175091774324,0.03079227038055338,0.17547726456881352,0.17159863182966487,0.03079190082344947,0.17547621155999885,0.13230984642968202,0.3289193688699866,0.19660952244030455,0.20000000000000012,0.19995805176067968,48.683828913064616,12.167766456659162,-5.981310275959828e-05,2.7958524384530392e-09,0.4653827881194401,0.46537999543754494,0.2291062363397192,90.01159292850956,11.109680069702087,25.260017048574554,39.5882551495123,89.77825773562662,11.138554313949122
7.714555560196,0.026071466050027227,0.1385204719314757,0.3312483041773676,0.1927278322458919,1.01139728236e-08,0.527561456347,50.627869469044754,10.489718662610015,0.1716317509129103,0.17166787415369789,61.11758813165478,61.20370104991749,-0.1406988740639714,1.5865410474363446,0.1716317509181232,0.030695222482042032,0.1752005207813094,0.17159868722948826,0.030694869084384114,0.17519951222644461,0.13252935377171943,0.32804133950373865,0.19551198573201922,0.20000000000000015,0.19995814376511228,48.89662865744843,12.220959474206348,-5.981332374949133e-05,3.0172309095632954e-09,0.46464883665433226,0.4646461618686397,0.227827292668228,89.4902919394446,11.174396443769231,25.245710835786618,39.61068898018381,89.35351948398376,11.191500970247128
8.164555560196,0.02613396605002722,0.13870448435859523,0.3303605098039431,0.19165602544534788,1.03993969118e-08,0.526809385702,50.86131271340208,10.538086369621421,0.17163175091293567,0.17166779277727673,61.399399083023496,61.48590906478476,-0.14069887406252812,1.5865410474363086,0.17163175091815563,0.0305985391953296,0.17492438136328967,0.17159874357879426,0.0305982017215733,0.1749234167330758,0.13274659663654031,0.3271723680446178,0.19442577140807749,0.19999999999999996,0.19995823871379745,49.122083384296566,12.27731569872693,-5.98133260143463e-05,3.0361269054424156e-09,0.46391648803593155,0.46391392974268925,0.22656154280765273,88.9637868691035,11.240528704913897,25.228864209750025,39.63713909933119,88.92334143373287,11.245641289190829
8.614555560196,0.026196466050027224,0.138886395942756,0.3294828762503252,0.19059648030756918,1.06904331782e-08,0.526057468693,51.107835589695476,10.589164079250363,0.17163175091284452,0.1716677061883255,61.69699966894584,61.78392896131078,-0.14069887400551817,1.5865410474344674,0.17163175091842683,0.03050223034341172,0.17464887730361087,0.17159880357577018,0.03050190861726985,0.1746479562355937,0.13296158657421944,0.3263124082952527,0.19335082172103327,0.1999999999999999,0.19995833957719575,49.360170058248634,12.336829610697208,-5.9813442065959066e-05,3.1941560507675604e-09,0.46318582444970235,0.46318338168764644,0.2253089194657287,88.43243535612713,11.30806808579782,25.20879246107375,39.668698988424524,88.48795474943563,11.300973141843103
9.064555560196,0.02625896605002722,0.13906621989707418,0.32861533560868467,0.18954911571161048,1.09870355833e-08,0.525306006884,51.36741312193315,10.642946616675,0.171631750912882,0.17166761556862545,62.01035973860814,62.09773054627294,-0.1406988740106918,1.5865410474307056,0.17163175091889746,0.030406307516594153,0.17437404484783323,0.1715988665106459,0.03040600139407285,0.1743731670701454,0.13317433514127253,0.3254614140293959,0.19228707888812335,0.19999999999999993,0.19995844504785107,49.610864628418184,12.399495110189953,-5.9813679176290435e-05,3.4683589333894815e-09,0.46245694202239873,0.46245461407051053,0.22406935530903666,87.89643688905593,11.377025456244755,25.18533853967032,39.70564058231199,88.04745767841263,11.35751135089479
9.514555560196,0.02632146605002722,0.1392439697890861,0.32775781810497223,0.18851384831588613,1.12893321068e-08,0.524555292998,51.64001901537459,10.699428533812261,0.17163175091293897,0.1716675214297732,62.33944754918686,62.427282032119024,-0.14069887407075488,1.5865410474300716,0.17163175091893776,0.030310781439720064,0.1740999179773502,0.17159893164687814,0.030310490743396715,0.1740990831204941,0.13338485428165497,0.32461933746806637,0.1912344831864114,0.2000000000000001,0.19995855464521956,49.87414171986997,12.465305829316877,-5.981371913321709e-05,3.4918290481300573e-09,0.46172993087598424,0.4617277167543201,0.2228427807433016,87.35606056083361,11.447402659642751,25.158686587139545,39.74770290716104,87.60195929167051,11.41526979631246
9.964555560196,0.026383966050027224,0.13941966060017785,0.3269102527935137,0.18749059219333586,1.15969038273e-08,0.523805609796,51.925625659772905,10.758604110017929,0.1716317509129351,0.1716674238202377,62.684229769790825,62.77255004091655,-0.14069887405904202,1.5865410474290853,0.17163175091908023,0.030215662003656062,0.1738265284807128,0.17159899921802327,0.0302153865545013,0.17382573616844343,0.13359315598250632,0.32378613066537615,0.19019297468286983,0.2000000000000001,0.1999586681850244,50.1499746688194,12.534255100971432,-5.981378130570647e-05,3.5748515259115266e-09,0.46100487531679085,0.46100277402751233,0.2216291259294323,86.8115446494936,11.519205239781819,25.128962021163254,39.794719700631255,87.15157323884475,11.474262171486368
10.4145555602,0.02644646605002778,0.1395933086389288,0.3260725687339317,0.1864792600950029,1.19101642237e-08,0.523057229418,52.22420413262725,10.82046735277022,0.17163175091294555,0.17166732107583071,63.04467148539747,63.133499608507115,-0.14069887406917836,1.586541047428361,0.17163175091920704,0.030120958701163658,0.17355390719071598,0.17159907055798493,0.030120698352961953,0.1735531571391369,0.13379925261859524,0.3229617441216542,0.18916249150305894,0.2,0.19995878755343616,50.43833541347271,12.606336071924767,-5.981382695807724e-05,3.6487257659700845e-09,0.460281857116392,0.46027986790657827,0.22042831876603797,86.26306624494022,11.592446727554798,25.09625510891247,39.84658251441142,86.6963637185726,11.534509143268417
10.8645555602,0.026508966050027775,0.13976492727299902,0.32524469104190024,0.1854797637689012,1.22288813856e-08,0.522310412938,52.535724202964985,10.88501199843586,0.17163175091296767,0.17166721545789024,63.42073620140084,63.5100941888481,-0.1406988740743409,1.5865410474235788,0.17163175091974914,0.030026680474177517,0.17328208353484648,0.17159914388757957,0.03002643507416293,0.17328137543937874,0.13400315635699447,0.32214612917076774,0.18814297281377326,0.19999999999999987,0.1999589101185082,50.73919491165532,12.681541289745532,-5.98141283725262e-05,3.9645842164759415e-09,0.45956095431934757,0.45955907638122545,0.219240288365063,85.71163774441114,11.667027095923219,25.06095872434883,39.90270328438855,86.2370679491484,11.595941557169734
11.3145555602,0.026571466050027782,0.13993453614260654,0.3244265306355531,0.18449199449294656,1.25526524378e-08,0.521565409808,52.86015433504607,10.952231513040445,0.17163175091295949,0.17166710570420085,63.81238584808652,63.902295658586745,-0.1406988740758064,1.5865410474222772,0.17163175091989938,0.029932833615229443,0.17301107945802038,0.17159922018685475,0.02993260298325061,0.17301041293300992,0.13420488288445886,0.321339223061663,0.18713434017720415,0.1999999999999999,0.1999590372649869,51.05252260832126,12.759863239765252,-5.981421041800772e-05,4.052114199737389e-09,0.4588422251257112,0.4588404574364886,0.21806494332406218,85.15865520296484,11.742787595889427,25.02344809196905,39.962518207909845,85.77500315142859,11.65840819888498
11.7645555602,0.02663396605002778,0.14010215539118998,0.3236179896483786,0.18351583425718865,1.28816941757e-08,0.520822457088,53.19746169229543,11.022119093092398,0.17163175091296004,0.17166699281985534,64.21958078538782,64.310064321806,-0.14069887407575088,1.586541047419418,0.17163175092024346,0.029839424040032314,0.17274091594070096,0.1715992993450038,0.029839208055615296,0.17274029077090064,0.1344044503034543,0.32054095338739846,0.18613650308394417,0.20000000000000007,0.19995916812653947,51.378286834106575,12.841293951281248,-5.9814390640511306e-05,4.2525982735242e-09,0.4581257251777139,0.4581240671665345,0.2169021781737304,84.60340176314546,11.819855693268535,24.98368852906974,40.02611539270717,85.30961614866912,11.722007965166545
12.2145555602,0.02669646605002778,0.14026780033064912,0.32281899401714065,0.18255119368649153,1.3216509832e-08,0.520081783221,53.54761214141451,11.094667666424654,0.17163175091295593,0.17166687642766523,64.64227980783917,64.73335891498847,-0.14069887408270088,1.586541047418517,0.1716317509203409,0.02974645811659578,0.1724716153939418,0.17159938133431193,0.02974625663436631,0.17247103129037733,0.13460187140752378,0.31975126897161,0.18514939756408622,0.20000000000000012,0.1999593031818151,51.71645458137973,12.925825226459436,-5.9814447417316785e-05,4.309352874543038e-09,0.4574115139116514,0.45740996481212726,0.21575191837085902,84.0448311488609,11.898411673036641,24.94178533245051,40.09336086695245,84.83980354116,11.786920269267837
12.6645555602,0.026758966050027776,0.14043148618828227,0.32202946752317824,0.18159798133489596,1.3557008335e-08,0.51934360688,53.91057025666943,11.16986989308472,0.17163175091290334,0.17166675695908923,65.08044014975415,65.17213661217941,-0.14069887407701653,1.586541047417856,0.17163175092043842,0.029653940799194225,0.1722031962513885,0.17159946568703818,0.02965375364031478,0.1722026528260084,0.1347971588994716,0.3189701190043043,0.18417296010483267,0.2000000000000001,0.19995944184881492,52.06699166213411,13.013448487620046,-5.98144890839869e-05,4.366174088943353e-09,0.4566996402153465,0.45669819899832725,0.2146140899049025,83.48314089945188,11.978466421195295,24.897725257882144,40.16431178520693,84.36565148327851,11.853165149779025
13.1145555602,0.026821466050027776,0.14059322957229164,0.32124933507291054,0.1806561055006189,1.39030206969e-08,0.518608135309,54.28629932427562,11.247718166262084,0.17163175091296845,0.17166663307711572,65.53401749053769,65.62635303035263,-0.14069887408223458,1.5865410474168589,0.17163175092058675,0.0295618783790884,0.1719356809364723,0.17159955327248136,0.029561705366050812,0.1719351778027138,0.1349903257834888,0.31819745146897865,0.18320712568548986,0.1999999999999999,0.19995958552833798,52.42986251512293,13.10415497541477,-5.981455193371232e-05,4.452593849180175e-09,0.45599016355792155,0.45598882919820516,0.21348861700818572,82.91842969526482,12.06004507894228,24.851408599423763,40.23916777188989,83.88718425706125,11.920772032777158
13.5645555602,0.02688396605002778,0.14075304614670495,0.32047852089564577,0.17972547474894082,1.42544207154e-08,0.517875565897,54.674761347087895,11.328204613212154,0.17163175091292,0.17166650496791105,66.00296596030005,66.0959622349799,-0.1406988740843551,1.5865410474138197,0.17163175092092148,0.029470276380068522,0.1716690897630337,0.17159964406152123,0.029470117336547072,0.1716686265353896,0.13518138467917842,0.3174332158878922,0.18225183120871377,0.20000000000000018,0.199959734127744,52.80503043523591,13.197935525064135,-5.981474349159299e-05,4.647637830146323e-09,0.45528313781365914,0.455281909288843,0.21237542615428523,82.35075713136672,12.143179186619868,24.804473010484784,40.31530924189773,83.40425300946858,11.989796250395932
14.0145555602,0.02694646605002778,0.14091094902229392,0.319716947334267,0.17880599831197305,1.46110729763e-08,0.517146089892,55.07591704929184,11.411321096290386,0.17163175091291738,0.17166637539801993,66.48723814558223,66.58091674580189,-0.1406988740892845,1.5865410474103052,0.17163175092130756,0.02937912888671483,0.1714034097873051,0.17159973558630998,0.02937898363203033,0.1714029860650926,0.13537034771338763,0.31667736375298705,0.18130701603959942,0.20000000000000012,0.19995988445749463,53.19245768809367,13.29478045748855,-5.9814965014393096e-05,4.8725690149353795e-09,0.4545785286544276,0.4545774049018619,0.21127444668622217,81.7802825599636,12.22788634004501,24.758997953390203,40.38935670508717,82.91684383307053,12.060275738584737
14.4645555602,0.027008966050027776,0.14106695492065843,0.31896453841542216,0.17789758349476373,1.49728689966e-08,0.516419889314,55.48972588140292,11.497059213941737,0.1716317509129236,0.17166624389392973,66.98678509534466,67.08116754280364,-0.1406988740897508,1.586541047409669,0.17163175092140207,0.029288426136252318,0.17113861672998387,0.1715998286590427,0.02928829451637028,0.17113823218781443,0.13555722725076963,0.3159298456039323,0.18037261835316265,0.2,0.19996003707959806,53.59210506383647,13.394680031508186,-5.9815005104546515e-05,4.927636076956787e-09,0.45387627168915284,0.45387525184587535,0.21018560656023555,81.20722910500652,12.314174624859215,24.71342483325922,40.463837236116476,82.42519174168139,12.132213208966215
14.9145555602,0.027071466050027776,0.14122108303663933,0.3182212199587352,0.17700013692209587,1.53396586305e-08,0.515697130505,55.91614602534734,11.585410301769612,0.17163175091291163,0.17166610730443096,67.50155632711696,67.59666407239258,-0.14069887409499104,1.5865410474113386,0.171631750921237,0.029198173741653913,0.1708747311384978,0.17159992644840308,0.029198055640769716,0.17087438556076717,0.13574203628295542,0.31519060947436645,0.17944857319141103,0.19999999999999987,0.1999601960733124,54.003931888692904,13.497624438424047,-5.981489987760824e-05,4.831468558563756e-09,0.45317642141161346,0.45317550490582087,0.20910883008171519,80.63163928490262,12.402079492227797,24.665639359271886,40.542229026960015,81.9293314297002,12.2056409169902
15.3645555602,0.027133966050027776,0.14137334722388323,0.31748691460733264,0.1761135673834494,1.57113526207e-08,0.514977973445,56.35513439975516,11.676365433636583,0.17163175091291313,0.1716659676765071,68.03149983339175,68.12735425377932,-0.14069887409762227,1.5865410474113537,0.17163175092125052,0.0291083773948216,0.1706117739044454,0.17160002715342423,0.029108272663081504,0.1706114669741794,0.13592478711796502,0.3144596061343916,0.1785348190164266,0.20000000000000004,0.19996035880309984,54.42789671679371,13.603603116598041,-5.981489892281644e-05,4.839351142038595e-09,0.4524790332283625,0.45247821921940845,0.20804404554141423,80.05351869843251,12.49164329387036,24.615931015982547,40.62409824559239,81.42917008648476,12.28061146807605
15.8145555602,0.02719646605002778,0.14152376083986734,0.31676154465698375,0.1752377838171164,1.60878764808e-08,0.514262566513,56.806646665402866,11.769915422783289,0.17163175091291022,0.17166582756785498,68.57656208818615,68.67318448556283,-0.14069887409544624,1.5865410474129789,0.17163175092106736,0.029019040440958103,0.1703497591455829,0.1716001285024966,0.029018948929921358,0.17034949054787735,0.13610549211036307,0.3137367861638848,0.1776312940535217,0.19999999999999993,0.19996052218087204,54.86395692366346,13.712605164522696,-5.981479649364019e-05,4.732636504911625e-09,0.451784144581064,0.45178343223379186,0.20699118095418156,79.47300409920814,12.582889137444395,24.56455480640505,40.70906262625433,80.9247935392711,12.357152317166197
16.2645555602,0.027258966050027776,0.14167234154801078,0.31604503599053313,0.17437269444252235,1.64689738014e-08,0.513551049125,57.270637230816,11.866050822997986,0.17163175091294214,0.17166568557324635,69.13668805381398,69.23409965251896,-0.14069887410087523,1.5865410474133124,0.1716317509210576,0.028930166580605914,0.17008870209571803,0.17160023240658903,0.02893008819408537,0.17008847166720434,0.13628416373264715,0.31302209967469985,0.1767379359420527,0.19999999999999996,0.19996068792224597,55.31206834990761,13.824619703906368,-5.981477547711833e-05,4.7269299585650515e-09,0.45109179587125886,0.4510911847523993,0.20595016365205995,78.89014289188042,12.675854845015404,24.51147840028974,40.7972127861606,80.41623481437502,12.435299940469761
16.7145555602,0.027321466050027783,0.14181910385494417,0.31533731347220323,0.17351820961725906,1.6854560361e-08,0.512843551759,57.747059258086225,11.964761929806526,0.17163175091292143,0.17166554200061943,69.71182118789275,69.81004313259113,-0.14069887410301796,1.5865410474131731,0.1716317509210804,0.028841759277895146,0.16982861737026286,0.17160033798682958,0.02884169388114675,0.16982842483267266,0.1364608142604549,0.31231549756358273,0.17585468330312784,0.19999999999999996,0.19996085560013305,55.77218577771823,13.939635410174517,-5.9814784247880226e-05,4.740230430400061e-09,0.4504020258604428,0.45040151523200095,0.20492092211111354,78.3049924974448,12.770577815107146,24.456834528412596,40.88836594279016,79.90352555300133,12.51509233264912
17.1645555602,0.02738396605002778,0.14196406572779185,0.31463830451176356,0.1726742387839717,1.72445947207e-08,0.512140194651,58.23586466878426,12.06603878172214,0.1716317509129296,0.17166539405659648,70.30190345050639,70.40095680408758,-0.14069887410312898,1.5865410474114987,0.17163175092127797,0.02875382116207845,0.16956951719598204,0.17160044766784202,0.028753768616184814,0.16956936225682048,0.13663545607347816,0.31161693031247534,0.17498147423899718,0.20000000000000015,0.19996102836844798,56.24426254028379,14.0576409102226,-5.981488978568095e-05,4.855338353593197e-09,0.44971486697518587,0.44971445606143695,0.20390338420278842,77.71761291580434,12.867096176555933,24.40065364297285,40.98250869144197,79.38663416317247,12.596578889395728
17.6145555602,0.027446466050027773,0.14210724057247437,0.31394793403607163,0.17184069346359726,1.76389738113e-08,0.511441091817,58.73700415010961,12.169871161494504,0.17163175091291702,0.17166524328366056,70.90687531160413,71.00678105307837,-0.14069887409706716,1.5865410474086863,0.17163175092158933,0.02866635537341387,0.16931141536651884,0.1716005596697215,0.028666315520366695,0.16931129767492392,0.13680810107564412,0.31092635030536897,0.17411824922972485,0.19999999999999993,0.19996120444631746,56.728251120770906,14.178624190833212,-5.981506705499129e-05,5.036748795816948e-09,0.44903035579757283,0.44903004366799665,0.2028974805693632,77.12804343442977,12.965452713060817,24.34317476864821,41.07927620385443,78.86546650156879,12.679821021284495
18.0645555602,0.027508966050027776,0.1422486427559587,0.3132661274865062,0.17101748473054748,1.80376635645e-08,0.510746349463,59.250427161154505,12.276248597425823,0.1716317509129196,0.17166509139040612,71.52667575858032,71.6274547810001,-0.14069887409500215,1.58654104741097,0.17163175092137295,0.028579362736068377,0.16905431889208977,0.1716006730969863,0.028579335468266104,0.1690542382440207,0.13697876100169046,0.3102437106001043,0.17326494959841385,0.20000000000000012,0.1999613818543654,57.22410283444547,14.302572924134862,-5.9814923114576146e-05,4.910671869140515e-09,0.4483485109193803,0.4483482970328408,0.20190314283549737,76.53640176409974,13.06567825179706,24.28534320732753,41.177099761895626,78.34006468269325,12.76486053528774
18.5145555602,0.027571466050027776,0.14238828785752275,0.31259281191392174,0.170204524056399,1.84406332222e-08,0.510056070481,59.77608193937948,12.385160364703038,0.1716317509129461,0.17166493771222774,72.1612423040825,72.26291541246218,-0.14069887410345094,1.58654104740863,0.17163175092163677,0.028492839573071166,0.16879822147484602,0.1716007883346269,0.028492824743984957,0.1687981775493591,0.1371474477092938,0.30956896377100984,0.17242151606171605,0.19999999999999993,0.19996156142307883,57.73176761872904,14.429474685353469,-5.981507060770497e-05,5.064393349130114e-09,0.4476693156381002,0.4476691991434235,0.20092030191916177,75.94276427883489,13.16781143662818,24.227459599795527,41.27547900269493,77.81050017019052,12.85173592012333
18.9645555602,0.02763396605002778,0.14252619147042994,0.3119279148546691,0.16940172338423914,1.88479073917e-08,0.509370346346,60.31391550725223,12.496595486769516,0.1716317509129358,0.17166478173934244,72.81051099402177,72.91309890325714,-0.1406988741097015,1.5865410474065909,0.1716317509218733,0.028406784565974175,0.16854312375761338,0.17160090586253607,0.028406782027688995,0.16854311622753684,0.137314173006763,0.3089020625823133,0.1715878895755503,0.2000000000000002,0.19996174366922792,58.25119425820967,14.559316735812082,-5.98151991271223e-05,5.2021942309465885e-09,0.446992771658569,0.4469927516880637,0.19994888901714158,75.347193501274,13.271894459918956,24.168754254661113,41.37573618661553,77.27681431897571,12.940492032607573
19.4145555602,0.02769646605002778,0.14266236924094017,0.3112713646037352,0.16860899536279506,1.92594836012e-08,0.508689258668,60.86387367901505,12.610542736741058,0.17163175091291788,0.1716646230240177,73.47441641575611,73.57793974857566,-0.14069887410994575,1.5865410474065722,0.17163175092187122,0.02832119952660584,0.16828903566960576,0.17160102633472496,0.028321209150188605,0.16828906426202686,0.13747894868521635,0.30824295986848793,0.17076401118327159,0.2,0.1999619292339639,58.7823303599219,14.692086055834217,-5.9815200303958704e-05,5.200995190079993e-09,0.4463189053140287,0.4463189811439036,0.19898883542811005,74.74967198142424,13.377985126791007,24.108635130372072,41.47891386601971,76.73898075664127,13.0311868901576
19.8645555602,0.027758966050027777,0.14279683420946868,0.3106230890088566,0.16782625479938793,1.96753623325e-08,0.508012880081,61.42590106764824,12.726990638843642,0.17163175091295096,0.17166446326640455,74.15289170649189,74.25737099142496,-0.14069887411600757,1.5865410474045496,0.17163175092210076,0.028236087291418834,0.16803597023083727,0.17160114816985061,0.028236108923184247,0.16803603459729774,0.13764178619494424,0.307591609830727,0.16994982363578273,0.1999999999999999,0.19996211603838515,59.325122570496546,14.827769135995336,-5.981532779086862e-05,5.33473265562634e-09,0.4456477511348241,0.445647921840934,0.19804007444052119,74.15022225488265,13.486136245992869,24.04704536598843,41.58515047401109,76.19700412905699,13.123875556921792
20.3145555602,0.027821466050027777,0.1429296016447874,0.30998301799231415,0.16705341634752674,2.00956621675e-08,0.507341276134,61.99994109203988,12.845927469881964,0.17163175091293398,0.17166430132354596,74.84586856192183,74.95132423125106,-0.1406988741171067,1.5865410474039834,0.17163175092216926,0.02815144999223794,0.16778393842152453,0.17160127198850042,0.028151483465692344,0.1677840381731598,0.13780269709845458,0.3069479662170277,0.1691452691185731,0.20000000000000007,0.1999623053342569,59.87951613953518,14.966352422386674,-5.9815363484538864e-05,5.374634071131368e-09,0.4449793382415586,0.4449796027925968,0.19710253868396094,73.54952209050218,13.596281411176362,23.983996000046282,41.694469928950554,75.65093168840235,13.218607856924844
20.7645555602,0.027883966050027777,0.14306068803422373,0.3093510712114027,0.16629038317717898,2.0520222263e-08,0.506674506259,62.58593598424293,12.967341260770894,0.1716317509129186,0.17166413775685108,75.55327724501382,75.65972963276496,-0.1406988741141979,1.5865410474026527,0.17163175092231392,0.02806729029926885,0.16753295287575173,0.1716013976589031,0.028067335472082712,0.1675330876933948,0.13796169279667667,0.30631198342486293,0.16835029062818627,0.2000000000000001,0.19996249650820974,60.445455307723954,15.10782193728988,-5.9815447350786144e-05,5.45892220316091e-09,0.4443137001410535,0.444314057690558,0.196176161733125,72.94771541279101,13.708448500974646,23.91942198799344,41.80703030792126,75.10072172721357,13.315451263335051
21.2145555602,0.02794646605002778,0.1431901066822099,0.30872717627893176,0.16553706959672185,2.09490817687e-08,0.50601262433,63.1838267969544,13.091219798071114,0.17163175091295052,0.17166397406352513,76.27504659502551,76.38251593497316,-0.14069887412341275,1.5865410474023047,0.17163175092235444,0.027983610716702738,0.16728302578774315,0.17160152377809454,0.027983667420254786,0.16728319527153582,0.1381187844228808,0.30568361692024937,0.16756483249736856,0.20000000000000012,0.19996268779717694,61.02288326602931,15.252163328996211,-5.981546928879311e-05,5.482547749124933e-09,0.4436508691735785,0.4436513186610865,0.1952608787197668,72.34434743283728,13.822780016481254,23.85338997169837,41.922762390858594,74.54644612741205,13.414455711152703
21.6645555602,0.028008966050027777,0.14331787194481857,0.30811126284971807,0.1647933909048995,2.13823197775e-08,0.505355676002,63.793553411195944,13.217550625568235,0.17163175091293761,0.17166381030779282,77.01110403676418,77.11961046041094,-0.140698874124201,1.5865410474023072,0.17163175092236083,0.027900413361147555,0.16703416824454675,0.17160165016470644,0.02790048142110524,0.16703437197506757,0.1382739834240171,0.305062820915735,0.1667888374917179,0.20000000000000007,0.1999628790693257,61.611741953265444,15.399362083498735,-5.981546913336189e-05,5.486255894027181e-09,0.44299087474306426,0.44299141505622913,0.19435662294946443,71.74211963065795,13.93881314279798,23.786208030293494,42.041169350172424,73.99055359109163,13.515238790163597
22.1145555602,0.028071466050027777,0.14344401012582714,0.30750321865084074,0.1640592085250136,2.18199633649e-08,0.504703698779,64.41505454406061,13.346321045903782,0.17163175091293278,0.1716636433357664,77.76137558996439,77.87093912458046,-0.14069887412142545,1.586541047400177,0.1716317509226284,0.027817698511901606,0.16678638587097452,0.17160177933836496,0.027817777763017908,0.16678662345349493,0.13842731083931326,0.3044495112558892,0.16602220041657595,0.1999999999999999,0.19996307391786705,62.21197189491331,15.54940369505107,-5.9815603392632255e-05,5.6421534111450455e-09,0.44233373176705965,0.4423343618590229,0.1934632718404021,71.14283719252309,14.056228841335797,23.718116650291098,42.16186363969699,73.43459126630736,13.61756064486753
22.5645555602,0.02813396605002778,0.14356853947602333,0.30690294360221626,0.16333440412619293,2.22619696716e-08,0.504056727302,65.04826775671063,13.477518122214484,0.17163175091293933,0.171663475714723,78.5257858789251,78.63642644559154,-0.14069887413180604,1.5865410473993096,0.17163175092270813,0.02773546655819841,0.16653968463461918,0.17160190924052338,0.027735556838995323,0.16653995568329938,0.1385787841047974,0.30384361819435207,0.16526483408955467,0.20000000000000004,0.1999632695566242,62.82351299007186,15.702272888853255,-5.981565807111622e-05,5.688605142495362e-09,0.44167945607220155,0.4416801749196785,0.1925807238002024,70.54375256225829,14.17559973319326,23.64899513823747,42.285094743121874,72.87613549941842,13.721913122135577
23.0145555602,0.02819646605002778,0.1436914715837697,0.3063103707169313,0.1626188991331616,2.27084286975e-08,0.503414788865,65.69312946255673,13.611128679828779,0.17163175091293215,0.17166330939513474,79.3042581423855,79.41599555400617,-0.14069887412628823,1.5865410473944226,0.17163175092322686,0.02765371858041598,0.1662940725955558,0.17160203797352755,0.027653819724532576,0.16629437670748995,0.13872841371616657,0.303245099751468,0.16451668603530145,0.1999999999999998,0.1999634636648396,63.44630400086354,15.857954141521965,-5.98159661024944e-05,5.990852258719315e-09,0.4410280690345936,0.44102887556903875,0.1917089176800951,69.94296322960035,14.297363935201318,23.578826007073694,42.41093257569304,72.31359909115137,13.828657577110757
23.4645555602,0.028258966050027777,0.14381282156944333,0.30572543847511113,0.1619126169056678,2.31595402832e-08,0.502777904023,66.34957493547323,13.747139307980948,0.17163175091298352,0.1716631422746218,80.09671424345419,80.20956820288679,-0.14069887416315874,1.586541047390825,0.1716317509236035,0.027572455047674513,0.16604955599963075,0.17160216750386612,0.027572566883149702,0.1660498927525992,0.1388762102074555,0.3026539137881967,0.16377770358074123,0.2000000000000002,0.19996365870506924,64.08028221307865,16.01643203037553,-5.981619285444495e-05,6.210298941766723e-09,0.4403795872188285,0.4403804803204742,0.1908477921009066,69.3399933814228,14.421691598659924,23.508113892671567,42.5385041337468,71.74674122004647,13.937915269670729
23.9145555602,0.028321466050027777,0.1439326024941545,0.3051480932600224,0.1612154907658679,2.36153936732e-08,0.502146088941,67.01753831847485,13.885536361576438,0.17163175091292635,0.17166297268180827,80.90307468005128,81.01706477804737,-0.14069887413025173,1.5865410473922057,0.17163175092352365,0.0274916735270384,0.16580613235655187,0.1716022994485871,0.0274917958860682,0.1658065013383619,0.13902218283885806,0.3020700232621839,0.16304784042332585,0.19999999999999998,0.19996385651185106,64.72538386336194,16.177690816689342,-5.981610582406205e-05,6.1637583925744366e-09,0.439734004020409,0.43973498259607996,0.18999729310694646,68.73456071640399,14.54872177223856,23.437390087890343,42.66686675649441,71.17530321114701,14.049817210239668
24.3645555602,0.028383966050027777,0.14405082547622844,0.30457827737248255,0.16052745189625411,2.40760356459e-08,0.501519359223,67.69695263205533,14.02630596297572,0.17163175091293473,0.17166280115492863,81.72325859503104,81.83840430850695,-0.1406988741396331,1.5865410473908577,0.17163175092362185,0.027411370836563868,0.16556379687771075,0.17160243311477433,0.027411503540073018,0.16556419763968602,0.13916634085294843,0.3014933912063145,0.1623270503533661,0.2000000000000001,0.1999640565744625,65.38154428988481,16.341714305146215,-5.9816190800532354e-05,6.220979287263617e-09,0.43909130673947944,0.4390923695992424,0.18915736685073137,68.1265444477111,14.67856630784387,23.366522548030176,42.79626966077163,70.59915971996642,14.164474534350386
24.8145555602,0.02844646605002778,0.1441675010940396,0.3040159391203931,0.15984843802635348,2.45414998924e-08,0.500897721131,68.38774978330899,14.1694340038265,0.17163175091292857,0.17166262827377277,82.55718378713549,82.67350447714648,-0.14069887413947768,1.5865410473900556,0.1716317509237345,0.02733154548449898,0.16532254983667224,0.1716025683931997,0.027331688352355537,0.16532298192433967,0.13930869278277294,0.3009239834875814,0.16161529070480848,0.20000000000000012,0.19996425820241207,66.04869777186074,16.508486015274745,-5.9816241348986665e-05,6.286615672479456e-09,0.43845149610156037,0.4384526420401085,0.18832796361412554,67.51670408633353,14.811149530067421,23.29502847831042,42.92761440197774,70.01879724396248,14.281879143335715
25.2645555602,0.028508966050027777,0.14428264288394888,0.30346101008882514,0.15917836720487627,2.50118099785e-08,0.500281174568,69.0898605747335,14.314906146922567,0.17163175091293312,0.1716624544392439,83.40476672165606,83.52228163156835,-0.14069887414074334,1.5865410473902686,0.17163175092372387,0.02725219761347094,0.16508239643726685,0.17160270475478362,0.027252350517515952,0.16508285955094174,0.1394492496095351,0.3003617561804769,0.1609125065709418,0.20000000000000007,0.19996446095210338,66.72677750332419,16.677989218331888,-5.98162279263903e-05,6.280420628002048e-09,0.43781458590771694,0.4378158141302571,0.18750901941513157,66.90603552170417,14.94633469465699,23.2227016232371,43.0613119965069,69.43495560718213,14.401967874183578
25.7145555602,0.028571466050027777,0.1443962642768042,0.3029134238140127,0.15851715953720852,2.54870745586e-08,0.499669711907,69.80321471344033,14.462707828098605,0.1716317509129412,0.17166228042451573,84.26592254153894,84.38465079515723,-0.1406988741430082,1.586541047389591,0.171631750923799,0.027173327129689485,0.16484334117485452,0.1716028419179213,0.02717348994642562,0.16484383502705105,0.13958802258940622,0.29980666426137065,0.16021864167196442,0.19999999999999998,0.19996466384519287,67.41571566691505,16.850206874623893,-5.9816270636670055e-05,6.324207824093264e-09,0.43718058808008126,0.43718189782417327,0.18670046867170959,66.2943509020763,15.084241513686509,23.149776425906744,43.1969614566518,68.84772081637885,14.524809073448663
26.1645555602,0.028633966050027777,0.14450837963506108,0.3023731189227125,0.15786473928765143,2.59673676859e-08,0.499063323514,70.52774082046581,14.612824258161684,0.1716317509129369,0.17166210406300067,85.14056507862749,85.26052567834377,-0.14069887414116522,1.5865410473892463,0.17163175092383032,0.027094932563307573,0.16460538436912558,0.1716029812464149,0.02709510512223561,0.16460590852771845,0.13972502274382573,0.29925866364384884,0.15953364090002312,0.20000000000000026,0.19996486943187966,68.11544309932329,17.0251219793042,-5.981629236373465e-05,6.342437686157609e-09,0.4365495034665033,0.43655089358610866,0.18590224716747433,65.68140024988088,15.225010371209521,23.07635596352915,43.334398272432715,68.25685668701992,14.6505427958004
26.6145555602,0.028696466050027774,0.1446189974947819,0.30184003139655124,0.15722103390176934,2.64530170533e-08,0.498461994388,71.26336644023448,14.765240424855284,0.1716317509129279,0.17166192999981003,86.02860686508977,86.14981869006833,-0.14069887414926985,1.5865410473869994,0.17163175092408772,0.027017013115570667,0.16436852836102983,0.1716031188236835,0.027017195280224778,0.16436908249492901,0.13986026008006383,0.2987177143001842,0.15885745422012035,0.19999999999999987,0.19996507231481886,68.82589027216896,17.202716592920794,-5.981643398378367e-05,6.492428816784468e-09,0.43592133827540974,0.43592280789244553,0.18511429659736595,65.06736727136969,15.368686976828249,23.002330181173015,43.47385643644406,67.66250199307672,14.779234739240367
27.0645555602,0.028758966050027777,0.14472813612800267,0.3013141024930619,0.15658596636505923,2.69438304837e-08,0.49786570429,72.01001805024454,14.919941094865932,0.17163175091294325,0.17166175266203657,86.92995914511046,87.05244094944766,-0.14069887415141258,1.586541047386029,0.17163175092418295,0.02693956806338191,0.16413277571338977,0.1716032597036332,0.02693975965276979,0.16413335935381873,0.13999374586970872,0.29818377114207845,0.15819002527236972,0.19999999999999987,0.19996527909935344,69.54698560256305,17.382973542547404,-5.9816495145970094e-05,6.547917763555233e-09,0.43529609930365537,0.43529764717488056,0.184336551286023,64.45234442737117,15.515339416813005,22.927721204511595,43.61532448341291,67.06480612402451,14.910950434281084
27.5145555602,0.028821466050027778,0.14483580542123392,0.3007952700618128,0.15595946464057886,2.74398521769e-08,0.497274430395,72.76762107085565,15.076910815841085,0.171631750912937,0.1716615744523871,87.84453188669673,87.96830229764086,-0.14069887415282256,1.5865410473841244,0.17163175092438768,0.026862596454995474,0.1638981282839907,0.1716034014089407,0.026862797333800925,0.16389874109888986,0.14012549041000574,0.29765679298191494,0.1575313025719092,0.2000000000000001,0.1999654868800211,70.27865729822588,17.565874588470848,-5.981661519438575e-05,6.6671779208604676e-09,0.4346737914782677,0.43467541672302795,0.18356895123887945,63.83623573775838,15.66508407713821,22.85260741512586,43.75868284238377,66.46362938974613,15.045822943793043
27.9645555602,0.02888396605002778,0.14494201748824836,0.3002834734278084,0.15534145593956006,2.79411842623e-08,0.496688148033,73.53609987529313,15.236133918472435,0.1716317509128903,0.17166139614582984,88.77223379376557,88.89731130991572,-0.14069887413591387,1.5865410473843957,0.17163175092437116,0.026786097039235852,0.16366458700414044,0.1716035435605125,0.02678630703900048,0.1636652285581775,0.14025550410697502,0.2971367381939563,0.1568812340869813,0.19999999999999987,0.1999656947048752,71.02083239269163,17.75140140107393,-5.981659809695117e-05,6.657563389467214e-09,0.43405441726916566,0.4340561187329174,0.18281143582407997,63.219159142233714,15.817989571011987,22.777062416557982,43.903817872187126,65.85909054965266,15.183932721422524
28.4145555602,0.02894646605002778,0.14504678365740745,0.2997786518853301,0.15473186822792265,2.84478487166e-08,0.496106037016,74.31537779971303,15.397594518594245,0.1716317509129294,0.17166121894155378,89.71297231830728,89.83937530791553,-0.14069887415737448,1.5865410473837727,0.17163175092444366,0.02671006837580046,0.16343215220941215,0.1716036851233946,0.026710287342378968,0.1634328221085929,0.14038379741770152,0.29662356495141,0.1562397675337085,0.20000000000000012,0.19996590117551613,71.77343696154283,17.93953535676445,-5.981663736553955e-05,6.699796273323955e-09,0.433437977566322,0.43343975420415415,0.18206394411597734,62.60129258323652,15.974111056419012,22.701167446619227,44.05059794177788,65.25138560086675,15.325345060361702
28.8645555602,0.029008966050027774,0.1451501168020864,0.29928074439224833,0.15413062759016194,2.89598856725e-08,0.495527395408,75.10537715368457,15.56127651931647,0.17163175091296382,0.17166104261381207,90.66665367300104,90.79440037212419,-0.14069887415916194,1.586541047384491,0.1716317509243613,0.026634508681664396,0.16320082316478798,0.17160382628469972,0.026634736472982017,0.16320152104984198,0.14051038119870551,0.2961172298269832,0.15560684862827767,0.20000000000000012,0.1999661065548383,72.5363959436551,18.130257729345946,-5.9816592090644605e-05,6.651834638660148e-09,0.4328244704203978,0.43282632127949017,0.18132641285842832,61.98222918845342,16.133656583398402,22.624960802215707,44.19897160228751,64.64037241367389,15.470207900418316
29.3145555602,0.029071466050027778,0.14525202622274241,0.29878969834307817,0.15353767212033576,2.94778750295e-08,0.494952252882,75.9060192305014,15.727163613186487,0.17163175091292648,0.17166086817337278,91.63318284368789,91.76229135452982,-0.1406988741629256,1.5865410473843107,0.1716317509243797,0.02655941627717351,0.16297059942570472,0.1716039657198506,0.026559652783512962,0.1629713250345378,0.14063526503346446,0.2956176944880388,0.15498242945457436,0.20000000000000004,0.19996630966946083,73.30963342716868,18.323549416519217,-5.9816603448226147e-05,6.662537188617534e-09,0.4322138946523681,0.4322158190376215,0.1805987862154769,61.36081773780868,16.297044871092556,22.548537040614455,44.348775186558605,64.02545246519325,15.61878848952515
29.7645555602,0.029133966050027778,0.1453525244353203,0.298305476576192,0.1529529521408717,3.00014338773e-08,0.494380774447,76.71722431788507,15.895239284425479,0.17163175091293995,0.1716606915986094,92.61246360231053,92.74295189148759,-0.14069887416323645,1.58654104738433,0.17163175092438562,0.02648478877236182,0.16274147834022468,0.17160410741856094,0.026485033754145938,0.16274223101010363,0.14075845714842708,0.2951249260282197,0.15436646887979263,0.20000000000000012,0.19996651509626662,74.09307200127665,18.51939160103387,-5.981660223808305e-05,6.666001084454365e-09,0.431606243229036,0.4316082393828175,0.1798810162556585,60.73702735741552,16.464421186031387,22.472123493078723,44.49957745684309,63.406630184665815,15.771221354732061
30.2145555602,0.02919646605002778,0.1454516200922035,0.2978280282988965,0.152376408206693,3.05306184741e-08,0.493813037446,77.53891170879223,16.065486811126487,0.17163175091294244,0.17166051455097925,93.60439851991873,93.73628441677793,-0.14069887416574556,1.5865410473828294,0.1716317509245434,0.02641062301048954,0.16251345485986549,0.17160424983054348,0.02641087632525757,0.16251423422352138,0.14087996685999238,0.29463888718275116,0.15375892032275879,0.19999999999999987,0.19996672096450127,74.88663388003616,18.717764639882564,-5.981669681798252e-05,6.757927550893328e-09,0.4310015027613349,0.4310035697096114,0.17917304869860431,60.11251855650629,16.635470015450963,22.395694260790556,44.65144006501099,62.784943893882726,15.927385420462757
30.6645555602,0.029258966050027778,0.14554932639366064,0.2973572872942911,0.15180796090063048,3.10653618914e-08,0.493249101166,78.37099971236248,16.237889267552287,0.17163175091295652,0.17166033762031,94.60888897991477,94.74219017486274,-0.140698874178391,1.586541047383537,0.1716317509245031,0.026336916812575068,0.16228652689787612,0.1716043925255618,0.026337178307407155,0.16228733255373679,0.14099980609445384,0.29415953024469904,0.1531597241502452,0.1999999999999998,0.19996692664279675,75.69024021751164,18.91864876240312,-5.981665220922139e-05,6.734457436152752e-09,0.4303996677149978,0.43040180439276093,0.17847481405457566,59.488282064426734,16.810033258600146,22.319114342114577,44.80464523240832,62.161106155603,16.087229810498847
31.1145555602,0.029321466050027778,0.14564565631174675,0.2968931905495532,0.15124753423780646,3.16056082657e-08,0.492688993033,79.21340566510158,16.41242952643321,0.17163175091291766,0.171660161059219,95.62583519153478,95.76056923433659,-0.14069887415989468,1.5865410473827264,0.17163175092455987,0.026263667951404838,0.16206069218476404,0.17160453543424276,0.026263937487258103,0.16206152377186295,0.14111798655371993,0.2936868084079187,0.1525688218541988,0.20000000000000004,0.19996713188418103,76.50381119425418,19.122023997280596,-5.981670331278721e-05,6.767519877826089e-09,0.4298007320711097,0.429802937521041,0.17778624414498342,58.86416376680432,16.988264777897637,22.242673582864448,44.95862407342932,61.53516153582744,16.250871453677306
31.5645555602,0.029383966050027778,0.14574062412900507,0.29643567836181517,0.1506950542328101,3.21514641692e-08,0.492132733874,80.06604594202815,16.589090261306275,0.17163175091293265,0.17165998252108514,96.65513620333444,96.79132050157314,-0.14069887416866544,1.5865410473815493,0.17163175092472288,0.026190872380264543,0.16183594279474675,0.17160468014090147,0.026191149754090596,0.16183679975237583,0.14123451994940675,0.2932206748259871,0.15198615487658038,0.19999999999999996,0.19996733934454874,77.32726578276868,19.327870420565755,-5.981677749788972e-05,6.862488355352525e-09,0.42920467480972374,0.42920694754477084,0.17710727073299048,58.241101404190374,17.170004960243613,22.167087785492853,45.11192492567496,60.90798304590791,16.418209075258236
32.0145555602,0.029446466050027775,0.14583424135404038,0.2959846711009587,0.15015042974691833,3.27031400292e-08,0.491580316468,80.92883596830471,16.76785394888595,0.17163175091293945,0.17165980711951323,97.69668991719065,97.83434173456502,-0.14069887417225146,1.5865410473824317,0.17163175092460253,0.02611852324404086,0.16161226204728668,0.17160482251183445,0.02611880838610035,0.16161314422441125,0.14134942090373734,0.29276107100806514,0.1514116501043278,0.19999999999999998,0.1999675431654149,78.16052285905667,19.536167058133977,-5.9816721886818414e-05,6.7923666691172e-09,0.4286114516924304,0.4286137913120347,0.1764378086210017,57.62250575315852,17.35433034244933,22.093012700637498,45.26317951970149,60.282699212977974,16.588507367047605
32.4645555602,0.029508966050027775,0.14592653584054172,0.2955400614448665,0.14961352560432478,3.32607136176e-08,0.491031745326,81.80169023072028,16.948702871471884,0.17163175091295552,0.17165963001310608,98.75039310219218,98.88952955695811,-0.1406988741773807,1.5865410473800368,0.1716317509248842,0.02604661232038379,0.16138962891209518,0.1716049672002723,0.026046905074907405,0.1613905358901426,0.14146271250732934,0.2923079045951027,0.15084519208777336,0.19999999999999987,0.19996774904734632,79.0034992760062,19.74689382618596,-5.981687284384307e-05,6.956479836617291e-09,0.4280210069448571,0.4280234123389231,0.175777723277187,57.00762762723613,17.541512278652288,22.02000745051017,45.41324530645567,59.65871159142651,16.762011336223843
32.9145555602,0.029571466050027778,0.14601751800101148,0.2951017859956223,0.14908426799461083,3.38242898613e-08,0.490487003095,82.68452228951425,17.13161911938206,0.17163175091293573,0.17165945330374968,99.81614140889631,99.95677947227627,-0.1406988741758708,1.5865410473790664,0.1716317509249696,0.02597513576122681,0.1611680357925442,0.17160511195049985,0.025975435984017515,0.16116896718666876,0.1415744065634171,0.2918611283711796,0.1502867218077625,0.1999999999999999,0.19996795439158882,79.85611179609775,19.96002961279856,-5.981693399492727e-05,7.00624003258099e-09,0.42743332042000665,0.42743579056788605,0.1751269459273782,56.39462509308261,17.732186327144507,21.947175311309948,45.56395006717216,59.03346101274054,16.93954551951784
33.3645555602,0.02963396605002778,0.14610720351888665,0.29466976294241937,0.14856255942353272,3.43941183821e-08,0.489946073968,83.57724479025924,17.316584593469674,0.17163175091322586,0.17165927787562005,100.89382938372891,101.0359858783387,-0.14069887414268623,1.5865410473795036,0.1716317509250628,0.025904091278004693,0.16094747987466188,0.17160525571289786,0.02590439884134834,0.1609484353491774,0.14168451598101572,0.2914206907012531,0.14973617472023737,0.1999999999999998,0.1999681582084159,80.7182761472705,20.175553236458427,-5.98169064391918e-05,7.060552142945653e-09,0.42684838465495156,0.42685091866637215,0.17448540135931703,55.78399510528893,17.926288680338512,21.874397052579027,45.7155457860768,58.40727941652634,17.12115356150367
33.8145555602,0.029696466050027782,0.14619560897234277,0.2942439284890434,0.14804831951670064,3.49705076891e-08,0.489408933758,84.47976947599237,17.50358100741322,0.17163175091272717,0.171659100760925,101.98335048340559,102.12704208186591,-0.14069887419743132,1.5865410473784016,0.17163175092497407,0.025833475846630125,0.16072795602081838,0.17160540127068075,0.025833790571639252,0.16072893507903066,0.14179305339562284,0.290986541042379,0.14919348764675613,0.19999999999999984,0.19996836394259185,81.58990673785505,20.393443745550545,-5.981697590584645e-05,7.008837954458613e-09,0.42626618602419764,0.4262687825818778,0.17385301595207792,55.17301087900932,18.124803850073224,21.802039354443057,45.86726882484088,57.77893004005085,17.307347147252916
34.2645555602,0.02975896605002778,0.14628273773697695,0.29382424166330123,0.14754150392632429,3.55532710498e-08,0.488875546132,85.39200719943221,17.69258989077082,0.17163175091317587,0.17165892699348473,103.08459709020303,103.22984031327567,-0.1406988741161075,1.5865410473804202,0.1716317509249895,0.025763284855619205,0.1605094541004336,0.17160554438821493,0.02576360663369043,0.16051045646215836,0.14190002669458138,0.29055864784662333,0.14865862115204195,0.19999999999999996,0.1999685656887938,82.47091806546793,20.61367902473511,-5.9816848663185596e-05,7.017830760958077e-09,0.42568669766046013,0.42568935602132396,0.17322974375230238,54.561140342898774,18.328062678223546,21.730286076257613,46.01872227962035,57.148213377972205,17.498359806738076
34.7145555602,0.02982146605002777,0.1463686055736353,0.29341064981891163,0.14704204424527634,3.61429001262e-08,0.488345880597,86.31386793528262,17.883592590798127,0.17163175091317934,0.17165875247412124,104.19746052608076,104.34427174166547,-0.1406988741539883,1.586541047378159,0.17163175092517227,0.02569351416166105,0.16029196536838972,0.17160568908530535,0.0256938428655238,0.1602929906936788,0.14200544740315488,0.29013696501324343,0.14813151761008855,0.2000000000000001,0.19996876836789915,83.3612226776176,20.836237848463156,-5.98169911936175e-05,7.124323353480122e-09,0.4251098963708352,0.4251126156333071,0.1726155176092378,53.95008742457281,18.53565114974266,21.6588502667374,46.170502482107786,56.51622759390657,17.694033069323567
35.1645555602,0.02988396605002778,0.14645322325882507,0.2930030899959304,0.14654986673710532,3.67390880157e-08,0.487819897278,87.24526079303257,18.076570275712715,0.17163175091319707,0.17165857858477174,105.3218310687453,105.47022648998225,-0.1406988741519788,1.5865410473775765,0.17163175092524366,0.025624161070920408,0.1600754855401676,0.17160583348300995,0.025624496589749537,0.16007653353864687,0.1421093271315888,0.2897214460998631,0.1476121189682743,0.20000000000000004,0.19996897023461627,84.26073296670408,21.061098102041214,-5.981702790869292e-05,7.16591230798258e-09,0.42453577079236104,0.42453855018634057,0.17201026987500276,53.34028884022585,18.747555023471556,21.587568259832285,46.322957174416324,55.88320837716827,17.89446291721077
35.6145555602,0.029946466050027782,0.146536604314894,0.29260150162245535,0.14606489730756136,3.73419389065e-08,0.487297550139,88.18609402935526,18.271503936978466,0.17163175091322902,0.17165840433634902,106.45759796633372,106.6075936503766,-0.14069887416725546,1.5865410473772277,0.17163175092530966,0.02555522254708152,0.15986000921769497,0.17160597838675154,0.025555564706856545,0.15986107939976055,0.14221167787506261,0.2893120431262969,0.14710036525123427,0.20000000000000007,0.1999691724611531,85.16936019880383,21.288237767529886,-5.981704989110881e-05,7.204370433555596e-09,0.42396430660882456,0.42396714483583453,0.17141393066117092,52.731709879454364,18.963921372662064,21.51650789644675,46.475943253093625,55.24942976802544,18.099734317597083
36.0645555602,0.03000896605002778,0.14661876075446523,0.2922058259811659,0.14558706522670067,3.79517910637e-08,0.48677879371,89.13627506119899,18.468374392018056,0.1716317509128404,0.17165823013432138,107.60464945321704,107.75626129974016,-0.1406988741947779,1.5865410473753965,0.17163175092531424,0.025486695508735367,0.15964553081353505,0.17160612366958602,0.025487044181515837,0.15964662283153952,0.14231251184410781,0.2889087072501405,0.1465961954060327,0.1999999999999998,0.19996937468650036,86.08701498869716,21.517634464519887,-5.981716532099668e-05,7.207034968814696e-09,0.4233954890017994,0.423398385139845,0.1708264288236382,52.124239366383286,19.184932234137012,21.445745513827184,46.62929527701652,54.61501410688255,18.30998336909668
36.5145555602,0.03007146605002778,0.1466997012636098,0.2918160020228086,0.14511630075919882,3.85691227168e-08,0.486263576397,90.09571047858493,18.66716228715769,0.17163175091341779,0.17165805976308884,108.76287276574264,108.91611651542603,-0.1406988741300519,1.5865410473741723,0.17163175092567995,0.02541857648416848,0.15943204346732961,0.17160626604898907,0.025418931569066185,0.15943315705669941,0.1424118410663935,0.28851139036282536,0.14609954929643185,0.20000000000000004,0.19996957235860902,87.01360761028329,21.74926515545936,-5.981724247039466e-05,7.420131176161249e-09,0.4228292997769478,0.4228322531243542,0.17024769428651546,51.51794927179405,19.410710521963605,21.375532042505068,46.78246127448469,53.980177699086646,18.52531878599059
36.9645555602,0.03013396605002778,0.14677944237266463,0.29143197651914665,0.14465253414648202,3.91932389887e-08,0.485751849211,91.06430605793103,18.86784809970594,0.17163175091293517,0.17165788788855016,109.93215415763697,110.0870453911482,-0.1406988742053028,1.5865410473706927,0.17163175092588,0.025350860855111436,0.15921953666278343,0.17160641008221827,0.025351222202865835,0.15922067140564958,0.1425096781216419,0.28812004214283277,0.14561036402119087,0.19999999999999993,0.1999697719430019,87.94904636153139,21.983107796105596,-5.9817461794953175e-05,7.536682389286398e-09,0.4222657110440309,0.42226872049256886,0.16967765375189536,50.91282510284993,19.641416440354305,21.30596788741514,46.93520638368525,53.3449980147399,18.745900032158353
37.4145555602,0.030196466050027775,0.14685799229358787,0.29105369045986657,0.1441956981662787,3.9824778656e-08,0.485243550731,92.04196677533182,19.070412141617254,0.17163175091293323,0.17165771841531424,111.11237891694907,111.26893305306162,-0.14069887417532678,1.5865410473715458,0.17163175092578947,0.02528354458301317,0.15900800163203477,0.17160655244397888,0.025283912075501618,0.15900915720643768,0.14260603489678886,0.2877346150417927,0.14512858014500385,0.2,0.19996996860655405,88.89323999312722,22.219138923821845,-5.981740802685209e-05,7.48392459115621e-09,0.421704699549826,0.4217077642456274,0.16911623796067457,50.30915190467762,19.877099138835263,21.236902015516517,47.087847336177404,52.709726897099024,18.97183041665573
37.8645555602,0.03025896605002778,0.1469353649297667,0.2906810850906689,0.14374572016090223,4.0463992732e-08,0.484738631899,93.02859681982834,19.274834561478468,0.17163175091270466,0.17165754929665777,112.3034313813068,112.46166367601788,-0.14069887421097604,1.5865410473701766,0.17163175092589136,0.02521662408008959,0.15879743096186913,0.17160669456719016,0.025216997540705235,0.1587986068600894,0.14270092445893692,0.28735505679370926,0.14465413233477234,0.20000000000000004,0.19997016472845874,89.84609570841572,22.457335672891084,-5.9817494324487797e-05,7.543299318513164e-09,0.42114624563376646,0.42114936423031,0.16856337078113717,49.706677719465375,20.11802127761991,21.168284014009334,47.240484837514096,52.07431638091393,19.20332458491027
38.3145555602,0.03032146605002778,0.14701157068355036,0.2903141103324822,0.14330253964893186,4.11109169366e-08,0.484237026912,94.0240996072598,19.481095347863747,0.17163175091295135,0.17165738094806474,113.50519495512353,113.6651204999971,-0.1406988741753712,1.5865410473706727,0.17163175092592073,0.02515009569181093,0.15858781697157864,0.17160683647376954,0.025150475030543438,0.1585890129565836,0.1427943580968105,0.28698132224236145,0.14418696414555096,0.2000000000000001,0.19997036000107765,90.80752025795499,22.69767469716856,-5.981746306060742e-05,7.560418957552884e-09,0.4205903289258674,0.42059350079451935,0.16801898643880375,49.104685553796614,20.36465540349404,21.10019177025178,47.392934191709834,51.438323057148196,19.44075818507916
38.7645555602,0.03038396605002778,0.14708662028297545,0.2899527192522012,0.14286609896922572,4.17657073507e-08,0.48373867667,95.02837779378822,19.689174331736382,0.17163175091281913,0.17165721201302642,114.7175521255246,114.87918584671313,-0.14069887421050975,1.5865410473691661,0.17163175092602043,0.025083955403569936,0.1583791507856067,0.17160697899514774,0.025084340426580164,0.15838036629134358,0.14288634685644327,0.2866133672043293,0.143727020347886,0.19999999999999973,0.19997055579512288,91.77741946752747,22.940132657997136,-5.981755801798272e-05,7.618505826201272e-09,0.4200369258872886,0.420040149526822,0.16748302057558975,48.503845122931345,20.616922173191302,21.03264478268819,47.545138061909,50.80233911801594,19.684133001769045
39.2145555602,0.030446466050027775,0.14716052610475147,0.28959685379671446,0.142436327691963,4.24288542672e-08,0.483243515947,96.04133328996532,19.89905118974923,0.17163175091273614,0.1716570419739605,115.94038447971457,116.1037411363905,-0.14069887419392302,1.586541047369238,0.17163175092604196,0.025018199504176178,0.1581714244235544,0.17160712242010348,0.025018590104055438,0.15817265915465745,0.14297690375056982,0.2862511396279311,0.14327423587736127,0.19999999999999984,0.1999707528382869,92.7556985109456,23.184685968768957,-5.981755347717055e-05,7.631051346379536e-09,0.4194860153532354,0.41948928998031143,0.1669553973728708,47.90601358526021,20.874206078956263,20.9656159711251,47.69714380809275,50.16716323941135,19.933357507733255
39.6645555602,0.03050896605002778,0.14723330229131848,0.28924643952443757,0.1420131372331191,4.30997220085e-08,0.482751475679,97.06286727446273,20.11070544694915,0.17163175091335414,0.17165687291041318,117.17357272141187,117.33866690471069,-0.14069887416813254,1.5865410473697878,0.17163175092609687,0.024952824215535508,0.1579646296344074,0.17160726568733714,0.024953220247987816,0.15796588317731083,0.1430660422643953,0.2858945855729038,0.14282854330850853,0.19999999999999987,0.19997094861223672,93.74226223202623,23.431310489385634,-5.981751882710995e-05,7.66302576948874e-09,0.4189375754412144,0.41894089995901634,0.16643603826072284,47.312647881574385,21.13599734479126,20.899175724771027,47.848777060366864,49.533390555345136,20.18840198073399
40.1145555602,0.03057146605002778,0.1473049615950483,0.28890139535819814,0.14159643376314984,4.37790853584e-08,0.482262490376,98.09288020864214,20.32411647945969,0.1716317509131845,0.17165670759096371,118.41699668810183,118.58384281992625,-0.14069887419466687,1.586541047369552,0.17163175092607677,0.024887825452598353,0.15775875713442455,0.17160740544487985,0.024888226835194344,0.15776002926975624,0.14315377708161092,0.2855436463039412,0.14238986922233027,0.20000000000000018,0.19997113987812848,94.73701487943754,23.679981808664287,-5.981753369299625e-05,7.651324018809191e-09,0.4183915815298404,0.41839495535657206,0.1659248576850486,46.72234855623354,21.403033685184546,20.83337826539731,47.99989647674787,48.900836542150785,20.449547915975536
40.5645555602,0.03063396605002778,0.14737551860091103,0.2885616746788459,0.1411861560779349,4.44670461687e-08,0.481776498507,99.1312718504399,20.539263517960354,0.17163175091288072,0.17165654220170906,119.67053536840025,119.83914770013999,-0.14069887426239047,1.5865410473684556,0.17163175092599786,0.024823199168099684,0.1575537976949451,0.17160754577322576,0.02482360573504236,0.1575550879376555,0.14324012056760704,0.28519827235956274,0.1419581517919557,0.19999999999999998,0.19997133123729943,95.73985910090092,23.930676267499326,-5.981760280437953e-05,7.60536078558971e-09,0.41784800914380665,0.4178514309930694,0.16542178359988877,46.135800599095404,21.675141365588598,20.76839418782639,48.150087626233535,48.2704871482755,20.71659225083511
41.0145555602,0.030696466050027776,0.14744499159654567,0.28822719234289274,0.14078220074634706,4.5163586372e-08,0.481293428833,100.17794126915061,20.75612565042432,0.1716317509128988,0.17165637587815574,120.93406691957493,121.10445953074763,-0.1406988742057358,1.5865410473690424,0.17163175092607683,0.024758940291995723,0.1573497387732046,0.1716076872080127,0.024759351904605747,0.15735104672230735,0.14332509043448374,0.2848583928924499,0.14153330245796616,0.20000000000000004,0.19997152368696966,96.75069729200555,24.183369627569352,-5.981756581174835e-05,7.651368427730176e-09,0.4173068250184808,0.4173102938268198,0.164926712808232,45.55501029372289,21.95148225304631,20.70463879981033,48.29835524632097,47.64353347389289,20.98920728765778
41.4645555602,0.030758966050027776,0.14751339364751187,0.2878978673331392,0.14038447368562734,4.58689905282e-08,0.480813210663,101.23278685958799,20.974681824901953,0.17163175091248717,0.17165621178081109,122.20746868448995,122.37965548204106,-0.14069887423108218,1.5865410473685848,0.17163175092602498,0.024695042291310514,0.15714656309099004,0.17160782666710428,0.024695458834038002,0.15714788841736946,0.1434087027775311,0.2845239435200004,0.14111524074246928,0.19999999999999987,0.19997171344808803,97.76943177549893,24.438036908991016,-5.981759465534253e-05,7.62114815699988e-09,0.41676798333036,0.41677149822492837,0.16443955153035292,44.97812020460095,22.233032315514755,20.642094369648,48.444696652021584,47.01882914852405,21.268075324487118
41.9145555602,0.03082146605002778,0.1475807390090128,0.2875736458008995,0.1399929067918867,4.65838870577e-08,0.480335769619,102.2957063570693,21.194910853141003,0.17163175091320695,0.1716560473331545,123.4906172102103,123.66461192696987,-0.14069887419556615,1.586541047369642,0.17163175092608196,0.024631500307839286,0.1569442586010692,0.17160796671713408,0.024631921671816655,0.1569456009954298,0.14349097074254571,0.2841948716602269,0.14070390091768117,0.19999999999999996,0.19997190356493671,98.7959634142756,24.694653795934688,-5.9817528019756594e-05,7.654343825436172e-09,0.4162314521290116,0.41623501228952764,0.16396022317461442,44.40390009822132,22.520544316783038,20.58032290539854,48.590102526412956,46.395807934548564,21.553671431063744
42.3645555602,0.03088396605002778,0.14764703858945194,0.28725446848781205,0.1396074298983601,4.7308179722e-08,0.479861037889,103.3665968523622,21.416791412822487,0.1716317509130973,0.17165588315417502,124.7833882651847,124.95920445905904,-0.14069887419292382,1.58654104737029,0.17163175092601804,0.024568310607122418,0.15674281676403043,0.17160810622338507,0.024568736610698146,0.15674417568349436,0.14357190795797892,0.283871122798175,0.14029921484019608,0.1999999999999999,0.1999720931530092,99.83019292307107,24.95319534211363,-5.981748718575375e-05,7.617106945190244e-09,0.41569720876708455,0.4157008127537833,0.16348864833449014,43.833116886685744,22.813800866252084,20.519238389658963,48.73475228515147,45.77512158132125,21.845927775930903
42.8145555602,0.030946466050027776,0.14771230551636097,0.28694026915626397,0.139227963639903,4.8042066856e-08,0.479388933566,104.44535480618933,21.640302051523918,0.17163175091314978,0.17165572049102723,126.08565685771325,126.26330791047971,-0.14069887420692373,1.5865410473705048,0.17163175092592492,0.024505468936007416,0.1565422273254326,0.17160824469194938,0.02450589953219814,0.15654360265497322,0.14365152940908707,0.28355263699327543,0.13990110758418836,0.2,0.19997228100717876,100.8720204535879,25.21363640412535,-5.981747364103285e-05,7.562861448207059e-09,0.41516522604880274,0.4151688735566224,0.16302473969999787,43.268999221342696,23.11123478693133,20.459297491968282,48.8775335708653,45.15924487592692,22.143860083299817
43.2645555602,0.031008966050027776,0.14777656197989225,0.28663094596350114,0.1388543839836089,4.87860121663e-08,0.478919384971,105.53187606472642,21.865421189298925,0.17163175091305205,0.17165555837079663,127.39729725402535,127.57679637027024,-0.14069887420901095,1.5865410473710935,0.1716317509259021,0.02444296883705597,0.1563424729146113,0.17160838302495232,0.02444340389960919,0.15634386428513652,0.14372985689998077,0.2832393270295892,0.13950947012960843,0.19999999999999965,0.19997246819067813,101.92134528131638,25.47595197270895,-5.9817436537379365e-05,7.54956097637205e-09,0.4146354579054732,0.4146391479555456,0.16256837023164863,42.71162167412727,23.412831468437403,20.400445886553534,49.01853643596712,44.54824408833011,22.44757387108689
43.7145555602,0.031071466050027773,0.14783982246687774,0.286326435372336,0.13848661290545825,4.95393547316e-08,0.478452313137,106.6260558745237,22.09212712203973,0.17163175091299693,0.1716553955278322,128.71818299656343,128.89954320270672,-0.1406988742063131,1.5865410473711465,0.1716317509258639,0.024380806479199605,0.15614354446854217,0.17160852231785195,0.024381245858812708,0.15614495143555782,0.14380690511756386,0.28293113415906296,0.1391242290414991,0.1999999999999998,0.19997265610124976,102.97806605421391,25.740116942349513,-5.981743319560806e-05,7.527312106958561e-09,0.41410788030107293,0.41411161171455624,0.16211945435674768,42.15789570532692,23.720349018123397,20.34221242857845,49.15886133383977,43.93983614600091,22.75839164891863
44.1645555602,0.03113396605002778,0.14790209622223865,0.2860266787458255,0.13812458252358684,5.03023601874e-08,0.477987639692,107.7277888980019,22.320398024577422,0.17163175091295405,0.17165523441399733,130.04818692257933,130.231421065816,-0.14069887415576465,1.586541047371322,0.17163175092596253,0.02431897836822465,0.1559454339447765,0.17160866016488233,0.024319421970767093,0.15594685623880686,0.1438826873881288,0.282628005077298,0.13874531768916923,0.19999999999999976,0.19997284196624607,104.04208139111354,26.00610553146578,-5.9817422137786735e-05,7.584755046252667e-09,0.41358247190624514,0.41358624396846355,0.16167791443151316,41.60808626672901,24.033789816467188,20.284718452094523,49.29819471547774,43.334046154617575,23.076543474199497
44.6145555602,0.031196466050027783,0.14796339674377929,0.2857316091060782,0.13776821236229891,5.10754133538e-08,0.477525283385,108.836969228572,22.550211953868928,0.17163175091302302,0.171655075262822,131.3871811824409,131.5723019300329,-0.1406988742132187,1.5865410473712551,0.17163175092587482,0.0242574800000939,0.15574813000512686,0.1716087962516779,0.02425792774900989,0.15574956741195106,0.14395721803991265,0.28232988246972357,0.13837266442981092,0.19999999999999998,0.19997302545794782,105.11328905499667,26.27389212744426,-5.9817426345532e-05,7.533662582659417e-09,0.413059202651013,0.4130630147938319,0.1612436669716159,41.06443917583032,24.351970222171676,20.228497826824547,49.435208118811616,42.73172448513126,23.40181708201258
45.0645555602,0.03125896605002778,0.14802374551929326,0.28544114353935934,0.13741739802006608,5.18582426775e-08,0.477065168599,109.95349040682233,22.781546852273337,0.17163175091294317,0.1716549150869517,132.73503725909566,132.92205709699533,-0.14069887420053995,1.5865410473714971,0.17163175092588778,0.024196304717359663,0.15555161431936237,0.171608934147378,0.024196756456465997,0.15555306636793118,0.1440305129013665,0.2820367030239719,0.13800619012260537,0.2000000000000004,0.19997321030766937,106.1915857380862,26.543451521009466,-5.981741109106764e-05,7.541212099226868e-09,0.41253802392181976,0.4125418748959707,0.16081661975540307,40.52638739431311,24.67528107724513,20.173560788599875,49.56983105159612,42.13279158970209,23.734482389351474
45.5145555602,0.03132146605002778,0.14808315330024763,0.28515522441378066,0.13707207111353303,5.2650860701e-08,0.476607204565,111.07724543544886,23.014380550749085,0.17163175091275243,0.1716547543309538,134.09162598619795,134.28055721847622,-0.1406988742017945,1.5865410473716648,0.17163175092583519,0.024135448049290836,0.15535587549008514,0.17160907286670082,0.02413590364534821,0.15535734178128888,0.14410258557342098,0.2817484123354915,0.13764582676207054,0.19999999999999993,0.19997339583911858,107.27686818414894,26.814757802049,-5.9817400521744446e-05,7.510569943747214e-09,0.4120189054916567,0.412022794238662,0.16039669353706879,39.99188363693525,25.0050737564267,20.11936732698881,49.70335218536249,41.53670737623698,24.075090761096217
45.9645555602,0.03138396605002777,0.14814163049872917,0.2848737951077987,0.13673216460906953,5.34526964813e-08,0.476151285829,112.20812679548266,23.248690772285464,0.17163175091319638,0.17165459407565886,135.45681756776813,135.64767231544704,-0.1406988740913051,1.5865410473727009,0.17163175092599636,0.024074906694086864,0.15516090581743477,0.17160921131673498,0.0240753660451149,0.15516238605124277,0.14417344957881795,0.2814649563147107,0.13729150673589274,0.2,0.1999735807620572,108.3690327201088,27.08778484765933,-5.981733521842614e-05,7.60447260717001e-09,0.41150182693974446,0.41150575266389355,0.1599838095289606,39.46085653890382,25.341568524092125,20.065718007584703,49.83624306999664,40.94347890157298,24.42391381553026
46.4145555602,0.03144646605002778,0.14819918829100195,0.2845968015231756,0.13639761323217367,5.42634716599e-08,0.475696780771,113.34602646177841,23.484455134644197,0.17163175091286234,0.17165443432848887,136.8304815964226,137.0232717972716,-0.14069887422791805,1.5865410473695625,0.17163175092600713,0.024014677447521258,0.154966697866094,0.17160934947037593,0.02401514046645689,0.1549681917893375,0.14424311812372143,0.2811862821351473,0.13694316401142587,0.19999999999999993,0.19997376507467748,109.4679750146046,27.362506581817993,-5.9817533037964665e-05,7.610756469489388e-09,0.4109867685468978,0.4109907305767625,0.15957789078418994,38.93320517700396,25.685016053870992,20.012609251941463,49.96849673177864,40.35303838742571,24.781281409322748
46.8645555602,0.03150896605002778,0.14825583696425995,0.28432419047446605,0.1360683535102061,5.50843367487e-08,0.475243376891,114.4908359198375,23.721651154664,0.1716317509131948,0.17165427608576825,138.21248707450152,138.4072244810257,-0.14069887410458337,1.5865410473714523,0.17163175092608482,0.023954757083005027,0.1547732440798636,0.1716094867210922,0.023955223683506527,0.15477475144062267,0.14431160408738483,0.2809123382808864,0.13660073419350158,0.20000000000000004,0.1999739476575226,110.57359041864912,27.63889665585239,-5.981741392213635e-05,7.65600915997311e-09,0.4104737102733409,0.41047770794080507,0.15917886226399733,38.40895272231922,26.035596628462763,19.960090004255786,50.099974488430924,39.76557950791989,25.147376509396413
47.3145555602,0.03157146605002778,0.14831158774381015,0.28405590931166985,0.1357443215678597,5.59154068848e-08,0.474791068425,115.64244618052422,23.96025625041724,0.171631750913059,0.17165411873446243,139.60270243094143,139.7993986109388,-0.14069887420957716,1.58654104736936,0.17163175092609967,0.023895142156636785,0.1545805361506965,0.1716096233310082,0.023895612237838926,0.15458205664901384,0.1443789209337725,0.28064307089540697,0.13626414996163447,0.20000000000000012,0.1999741290597908,111.68577359792077,27.916928833020656,-5.981754579442722e-05,7.664668899565186e-09,0.4099626300853241,0.4099666625948717,0.15878664552079366,37.887522158440454,26.393913959802816,19.908210660204855,50.2305313655803,39.180982639537696,25.52258602597924
47.7645555602,0.03163396605002778,0.14836644969287383,0.2837919151495735,0.1354254654566997,5.67575264603e-08,0.474339842545,116.80074779774358,24.200247745537848,0.1716317509127755,0.17165396259140586,141.00099554328145,141.1996618779549,-0.1406988742261861,1.5865410473688044,0.17163175092613725,0.023835829196099955,0.15438856562614978,0.17160975944738444,0.023836302695360342,0.15439009908462506,0.1444450807363649,0.2803784316852279,0.13593335094886302,0.19999999999999982,0.19997430916034636,112.80441886859265,28.19657667468878,-5.9817580810861415e-05,7.686562497610794e-09,0.40945350556614585,0.409457572447294,0.15840117020983066,37.37070627694724,26.758926967801706,19.857166783296503,50.35965155115594,38.60066007071158,25.906292746500323
48.2145555602,0.03169646605002778,0.1484204399495274,0.28353213263329435,0.13511169268376697,5.7610676109e-08,0.473889688521,117.96563088354578,24.441602872124875,0.17163175091273486,0.17165380587287418,142.40723375567066,142.60788143940934,-0.14069887422312188,1.586541047368468,0.17163175092616384,0.02377681365247246,0.15419732051002852,0.1716098963336257,0.023777290444597903,0.15419886654770815,0.14451010135446785,0.2801183492129506,0.13560824785848274,0.19999999999999976,0.1999744899035288,113.92941982680783,28.47781392886283,-5.9817602016121185e-05,7.702061211034561e-09,0.40894630490072953,0.4089504051431522,0.15802233227494858,36.8603336008937,27.129434335226808,19.807404620114628,50.48617015600769,38.025664522831036,26.2980282540385
48.6645555602,0.03175896605002777,0.14847357066912223,0.28327649294466006,0.13480292227553783,5.84748711404e-08,0.473440575954,119.13698512495753,24.684298774125075,0.1716317509127905,0.17165365031480864,143.8212838990826,144.02392393881536,-0.14069887431953365,1.5865410473661945,0.17163175092609753,0.02371808947314528,0.15400678385430067,0.17161003224743376,0.023718569475103667,0.15400834222568485,0.14457399800831386,0.2798627625972325,0.13528876458891861,0.20000000000000007,0.19997466923388105,115.06067022257146,28.76061367651115,-5.9817745323709204e-05,7.663425449777606e-09,0.4084409831412442,0.40844511609385203,0.15765004303608138,36.35512011157612,27.506441924299462,19.75891890743851,50.610056384387335,37.45485389184996,26.698809262144696
49.1145555602,0.03182146605002778,0.14852585438752716,0.28302493986160776,0.1344990854740806,5.93491241103e-08,0.472992453547,120.31469980104556,24.92831251101456,0.17163175091311886,0.17165349534369123,145.24301231206013,145.4476555257596,-0.1406988740792703,1.5865410473699282,0.17163175092636113,0.023659652230380312,0.15381694389884462,0.17161016792365724,0.02366013532110961,0.15381851423385162,0.1446367842454387,0.2796116176500519,0.1349748334046132,0.19999999999999987,0.19997484788479547,116.19806301862644,29.0449492934337,-5.9817509978632444e-05,7.81701370300425e-09,0.40793750909870263,0.4079416737800028,0.15728422356196245,35.85643134591063,27.88899961496164,19.711243505862395,50.73246645766343,36.88845551215328,27.10875221302068
49.5645555602,0.03188396605002778,0.1485773074089904,0.28277738771286137,0.13420008030387098,6.0233455071e-08,0.472545242556,121.49866379762032,25.173621060593078,0.17163175091277919,0.1716533425016825,146.6722848582134,146.87894187590112,-0.14069887422141214,1.586541047367655,0.17163175092627062,0.023601498718399325,0.1536277927928385,0.1716103021641795,0.023601984853521173,0.15362937496950632,0.14469847564055655,0.27936485206912853,0.134666376428572,0.20000000000000032,0.1999750240650279,117.34149116401956,29.330793694193854,-5.981765325291377e-05,7.764278109334555e-09,0.4074358619519608,0.40744005803849825,0.1569247831036551,35.3644895559668,28.276952744289705,19.664167035653417,50.853921154498124,36.32660047607491,27.528036945230006
50.0145555602,0.03194646605002778,0.1486279432301401,0.2825337794796038,0.13390583624946367,6.11276043545e-08,0.47209896521,122.6887656262714,25.420201323526726,0.1716317509131163,0.1716531901183368,148.10896694979812,148.3176482110691,-0.14069887419871918,1.5865410473677817,0.1716317509263279,0.023543625821023102,0.15343932292936874,0.1716104363631208,0.023544114900915,0.15344091664518628,0.14475908578150548,0.2791224115056192,0.1343633257241137,0.1999999999999999,0.19997519971284702,118.49084670474876,29.618120245049337,-5.9817645281512455e-05,7.797651413454787e-09,0.4069360215267435,0.4069402482162293,0.156571642495526,34.87715183082875,28.672066023352173,19.61775213703661,50.974239709762,35.76820919979635,27.95778772188834
50.4645555602,0.03200896605002777,0.1486777712121011,0.2822940604292134,0.1336162892171123,6.20320721389e-08,0.471653513535,123.88489343932325,25.66803012563384,0.1716317509131484,0.17165303966924103,149.5529235649571,149.76363931945625,-0.14069887421049865,1.586541047368018,0.17163175092626962,0.023486030016418396,0.1532515253314576,0.17161056888095155,0.023486521995480462,0.15325313045899083,0.1448186262203187,0.27888424975007403,0.13406562352975532,0.20000000000000012,0.19997537308580227,119.64602187898235,29.90690168597477,-5.9817630382319464e-05,7.763678588901257e-09,0.40643796401523186,0.40644222096969856,0.15622473442895343,34.394258240034475,29.07462033404206,19.572109301119394,51.09311340003638,35.213415607906,28.3982676129686
50.9145555602,0.03207146605002778,0.14872680255133766,0.2820581755864402,0.13333137303510254,6.29472248444e-08,0.471208772775,125.0869350473429,25.91708422210483,0.17163175091292798,0.17165289047669824,151.00401926944775,151.2167795759035,-0.14069887419402294,1.5865410473687347,0.17163175092622135,0.023428707594833342,0.15306439035527938,0.1716106995569768,0.023429202348917037,0.1530660065099924,0.14487711062799638,0.278650312119122,0.13377320149112562,0.20000000000000004,0.1999755448031195,120.80690824857918,30.197111020868565,-5.981758520734459e-05,7.735567741917748e-09,0.40594166384106123,0.4059459500406823,0.15588397925157602,33.91613210777842,29.484494187668805,19.527139474955,51.21077776304993,34.663081360118575,28.849137490429364
51.3645555602,0.03213396605002778,0.14877505168526914,0.28182607151887507,0.13305101983360593,6.3873087983e-08,0.470764635338,126.29477793559145,26.167340300777244,0.17163175091276686,0.17165274134849304,152.46211823636872,152.67693296227185,-0.1406988742406856,1.5865410473678878,0.17163175092613517,0.02337165567307253,0.15287791100441073,0.1716108311800401,0.023372153139282304,0.15287953800061768,0.14493455308033137,0.2784205423093511,0.13348598922901972,0.19999999999999998,0.19997571655187046,121.97339689503487,30.488721341333832,-5.9817638586867616e-05,7.685341252283706e-09,0.4054471024490358,0.4054514174013542,0.15554929495152295,33.442180154107575,29.902356706166294,19.48279547111829,51.327336545847395,34.11586484793358,29.311875998376475
51.8145555602,0.03219646605002778,0.14882252680406086,0.2815977017043466,0.13277517490028576,6.48103590883e-08,0.470320989552,127.50830928126877,26.418774985647186,0.17163175091289284,0.17165259278321282,153.92708426691598,154.14396308789472,-0.1406988743730908,1.5865410473662047,0.17163175092603364,0.023314870872527205,0.15269207861748169,0.1716109625499626,0.023315370968615818,0.1526937162054019,0.14499096240733156,0.27819490500084265,0.1332039425935111,0.19999999999999982,0.19997588769533625,123.14537895028462,30.78170531663135,-5.981774467977985e-05,7.626188569531678e-09,0.4049542568683594,0.40495859991093247,0.15522063008152265,32.972277432525864,30.328508609888715,19.439156041396185,51.442562520228456,33.57162409538189,29.787060559204814
52.2645555602,0.032258966050027774,0.1488692382536225,0.2813730122159915,0.13250377396236898,6.57584482188e-08,0.469877757361,128.7274159709749,26.67136484034864,0.1716317509127148,0.17165244536308777,155.39878081132352,155.6177332101102,-0.14069887426715333,1.5865410473680472,0.17163175092608093,0.023258349901750307,0.15250688476836155,0.17161109298132676,0.023258852548966404,0.15250853270871897,0.14504635187332907,0.2779733471370873,0.13292699526375826,0.20000000000000023,0.1999760574855589,124.32274528661252,31.076035524711006,-5.9817628539349244e-05,7.653744305002874e-09,0.404463104752113,0.40446747525035737,0.1548979073588566,32.5071826306047,30.762432148103937,19.39631347919252,51.55618881251606,33.03212144602699,30.273562708769862
52.7145555602,0.032321466050027774,0.14891519790196683,0.28115194910052616,0.13223675119855932,6.67179253008e-08,0.469434867948,129.95198461622317,26.925086371713256,0.17163175091268593,0.1716522985543798,156.87707098793646,157.0981062548653,-0.1406988742246429,1.586541047367809,0.17163175092622884,0.023202088901784084,0.15232231911897903,0.1716112230451803,0.023202594011929794,0.15232397714059923,0.14510073584369634,0.2777558112563558,0.13265507541265945,0.2,0.19997622655386613,125.50538629894594,31.37168468899052,-5.981764356066677e-05,7.739942020634771e-09,0.40397361868272524,0.40397801591745985,0.15458104308444068,32.046880803088456,31.204284939444932,19.35422207163275,51.66831280011444,32.49752540753187,30.77157375706621
53.1645555602,0.03238396605002778,0.14896041617988517,0.28093446028122215,0.13197404410133698,6.76884115239e-08,0.468992239774,131.1819015719562,27.179916033336422,0.17163175091284152,0.17165215234008607,158.36181760529263,158.58494483738806,-0.14069887423692196,1.586541047368044,0.17163175092617883,0.023146084903733936,0.1521383741984051,0.17161135244404613,0.023146592384362483,0.15214004201512002,0.1451541277822254,0.2775422435019935,0.13238811571976813,0.1999999999999999,0.19997639476547885,126.69319225207786,31.668625353214757,-5.981762875029162e-05,7.710787564008115e-09,0.4034857788465649,0.4034902020588443,0.15426995881073108,31.59120079906507,31.65438396471446,19.312772549046972,51.77920453732818,31.967527634575863,31.28174350644517
53.6145555602,0.03244646605002778,0.1490049031280611,0.280720494288307,0.13171559116024587,6.86697454627e-08,0.46854979497,132.4170529534103,27.435830229054837,0.17163175091273158,0.17165200772339173,159.85288318246512,160.07811128292474,-0.14069887422742955,1.5865410473677182,0.17163175092624877,0.023090334737817974,0.15195504183085856,0.17161148066139947,0.023090844541042876,0.15195671930205285,0.1452065406777234,0.27733259192035065,0.13212605124262725,0.20000000000000015,0.19997656116853507,127.8860533107602,31.96682987170493,-5.9817649278315344e-05,7.751532749011858e-09,0.4029995635606645,0.40300401237756306,0.15396457886122067,31.141862476383434,32.11111733469231,19.271962462196143,51.888851587460216,31.442688309111173,31.803896351643356
54.0645555602,0.032508966050027774,0.149048675377695,0.28050997841700687,0.13146130303931186,6.96621945366e-08,0.468107465092,133.65732465289793,27.69280531664604,0.17163175091258534,0.1716518633004349,161.35012996954399,161.57746764753347,-0.14069887423004968,1.5865410473684116,0.17163175092619162,0.02303483549837947,0.15177231466370758,0.1716116089955821,0.023035347525948203,0.1517740014822967,0.14525798949927268,0.2771267966338669,0.13186880713459423,0.2000000000000002,0.19997672729391033,129.08385902978748,32.26627093975649,-5.9817605568834864e-05,7.718248262733596e-09,0.4025149533251286,0.4025194269322282,0.15366481601819812,30.701457023566093,32.57174404564615,19.231858981196112,51.997053481816124,30.925058152451523,32.3362366877466
54.5145555602,0.032571466050027774,0.1490917483552731,0.28030282564647907,0.13121107729120596,7.06657243369e-08,0.467665194086,134.90260235731017,27.950817611360822,0.1716317509128017,0.17165172063675524,162.85341996867098,163.08287573893418,-0.14069887425245398,1.5865410473683106,0.17163175092611335,0.02297958367938185,0.15159018332128849,0.1716117352899176,0.02298009784085449,0.15159187920483896,0.14530849363975312,0.27692478007155436,0.13161628643180123,0.2,0.19997689110351277,130.28649933776143,32.56692063090954,-5.9817611941515025e-05,7.672640300881994e-09,0.40203192327478443,0.402036420923044,0.1533705572910689,30.27140341023579,33.0344776701653,19.192719708790644,52.10308987850118,30.41679838882058,32.876569953777285
54.9645555602,0.032633966050027774,0.1491341434080226,0.280098946631741,0.1309648032237184,7.16801415771e-08,0.467222918987,136.152771565633,28.20984338934655,0.17163175091290367,0.1716515784818974,164.36261495497956,164.59419713740442,-0.14069887423280303,1.5865410473688548,0.1716317509260969,0.022924574949580508,0.1514086356506144,0.1716118618932732,0.02292509119778576,0.15141034045858875,0.14535807478449733,0.2767264554924964,0.13136838070799908,0.19999999999999984,0.19997705458257817,131.49386333279233,32.868751622187226,-5.9817577635623564e-05,7.663047973949233e-09,0.40155044117872774,0.40155496249542816,0.1530816763322912,29.849382275903928,33.50153081081532,19.154364309170532,52.207423011226226,29.916225111147643,33.42667720558672
55.4145555602,0.03269646605002778,0.14917587027511497,0.2798982885681975,0.1307224182930825,7.27055692702e-08,0.466780580021,137.4077176057388,28.46985889144744,0.17163175091318245,0.1716514372819543,165.87757649718625,166.1112932167205,-0.1406988742356674,1.5865410473688686,0.1716317509261453,0.022869806897843726,0.15122766578190555,0.17161198781036233,0.022870325175313688,0.1512293793391803,0.145406746377179,0.27653176912201105,0.13112502274483204,0.20000000000000018,0.19997721685427286,132.70584041074721,33.171736086439054,-5.9817576769649605e-05,7.691247638774712e-09,0.401070491469731,0.4010750359904279,0.15279809481328602,29.432320211528424,33.97625443094722,19.116560252634674,52.310666081371956,29.42071448955564,33.98965719731247
55.8645555602,0.03275896605002778,0.1492169392835498,0.2797008029944851,0.1304838637109353,7.37420234905e-08,0.466338118705,138.66732565230436,28.730840326570842,0.17163175091294924,0.1716512966596153,167.3981659788752,167.63402516513563,-0.14069887424589256,1.586541047369365,0.17163175092603816,0.022815276579151344,0.15104726604328642,0.17161211327814432,0.022815796803252023,0.15104898809079134,0.1454545211212733,0.27634067014509694,0.13088614902382364,0.20000000000000012,0.19997737841419275,133.9223195950758,33.47584638379938,-5.981754547246254e-05,7.628830900330286e-09,0.4005920538012337,0.4005966208388475,0.15251973871689037,29.01998131404679,34.459015985512075,19.07963612473827,52.41190101646752,28.930075746567116,34.56610375860013
56.3145555602,0.03282146605002778,0.14925736002817208,0.2795064420863161,0.130249082058144,7.47896187599e-08,0.465895479585,139.9314807436213,28.99276387571815,0.17163175091326635,0.17165115721087743,168.92424461933948,169.16225400639152,-0.14069887425538496,1.5865410473695147,0.17163175092598662,0.022760979753506043,0.15086742442789314,0.17161223803665715,0.022761501872605797,0.150869154808416,0.14550141152798832,0.2761531085179766,0.13065169698998827,0.19999999999999998,0.19997753865601303,135.14318996103773,33.781054658301755,-5.981753604666906e-05,7.598810469744421e-09,0.4001150963298639,0.4001196854674525,0.1522465351486831,28.61239340159469,34.94988992931523,19.043559534660286,52.51119141775712,28.444446364918694,35.15624762636713
56.7645555602,0.03288396605002778,0.1492971410377979,0.27931515635502796,0.13001801531723006,7.58491722619e-08,0.465452614209,141.20006779968836,29.255605694935184,0.17163175091299004,0.17165101808590882,170.45567349462354,170.69584062075668,-0.1406988742430615,1.5865410473701755,0.17163175092599536,0.022706913716201597,0.15068813395951786,0.17161236065692634,0.022707437480909424,0.15068987185909152,0.14554743045234095,0.27596903282061286,0.1304216023682719,0.19999999999999996,0.1999776979240462,136.36834031107588,34.08733318354768,-5.981749439110118e-05,7.603895291197205e-09,0.3996396005540393,0.3996442096328826,0.15197840920987235,28.209684371878417,35.448819164984236,19.00793923581749,52.60959579014523,27.963754378795365,35.76057729781413
57.2145555602,0.032946466050027774,0.14933629370528798,0.27912689889465814,0.12979060518937016,7.69223879619e-08,0.46500947327,142.472971638877,29.51934191955514,0.17163175091267283,0.17165088001172013,171.9923135584321,172.2346457660871,-0.14069887424630334,1.5865410473700812,0.1716317509259582,0.022653076503832213,0.15050939008524422,0.17161248252595554,0.022653601861834495,0.1505111353416567,0.1455925898786557,0.2757883951151678,0.13019580523651209,0.20000000000000004,0.19997785589179531,137.5976594631475,34.39465409528461,-5.981750034189659e-05,7.582245942217014e-09,0.3991655543989825,0.3991701829888785,0.1517152910740277,27.81187145460403,35.95586876029725,18.972636338726517,52.70748788658446,27.487303200871064,36.38043327467317
57.6645555602,0.033008966050027774,0.14937482911358566,0.27894162367502334,0.1295667945614377,7.80081503545e-08,0.464566004517,143.75007699581863,29.783948667556977,0.17163175091282912,0.17165074245589573,173.5340256633756,173.77853009890262,-0.1406988742440496,1.586541047370308,0.17163175092591962,0.02259946623381671,0.15033118849332866,0.17161260492432806,0.022599993183185788,0.15033294111134055,0.14563690011247216,0.2756111541797106,0.12997425406723845,0.20000000000000012,0.19997801358375134,138.831035922022,34.702989741353576,-5.981748604222403e-05,7.559752823738108e-09,0.39869294642952974,0.39869759454310405,0.15145712069693237,27.418822284838615,36.47129660098331,18.937600894878766,52.804999194508675,27.015170182292078,37.016239144607745
58.1145555602,0.03307146605002778,0.14941275658997338,0.27875928502565644,0.12934652843568306,7.9105460838e-08,0.464122155248,145.03126853891013,30.049402043011654,0.1716317509130814,0.17165060538843874,175.08067058192177,175.32735419547433,-0.14069887421989113,1.586541047371003,0.17163175092590857,0.022546081252389792,0.15015352560759201,0.17161272773991829,0.022546609784429704,0.15015528556940547,0.14568037312361765,0.2754372621350721,0.12975688901145443,0.19999999999999976,0.19997817089040326,140.0683583206838,35.01231226123795,-5.981744223282348e-05,7.553335734655775e-09,0.39822176716130586,0.39822643475135683,0.1512038283374152,27.031380574977145,36.99404095274721,18.902863356182564,52.90203823395516,26.548372210150998,37.66709281021913
58.5645555602,0.03313396605002778,0.1494500867738992,0.2785798239759444,0.12912973720204518,8.02144149646e-08,0.46367787811,146.31643088752344,30.315678139801452,0.1716317509129194,0.17165046952985302,176.63210902732493,176.8809785729171,-0.14069887423737715,1.5865410473714097,0.17163175092580996,0.022492919531288253,0.14997639658055614,0.17161284966481127,0.022493449594063335,0.14997816372413464,0.14572302225502504,0.27526666560895163,0.1295436433539266,0.20000000000000023,0.19997832684300443,141.30951539728935,35.32259363003557,-5.981741660887607e-05,7.495870590901177e-09,0.39775200373832686,0.3977566903751179,0.15095533625317842,26.651129228106615,37.52186226110778,18.86864373150841,52.99797983519706,26.0875118104362,38.33251738481069
59.0145555602,0.03319646605002778,0.1494868332678407,0.2784031747812662,0.1289163415134255,8.13347761638e-08,0.463233128651,147.60544862953847,30.58275304551457,0.171631750912924,0.1716503344886335,178.18820167505302,178.4392637102793,-0.14069887423090455,1.5865410473715493,0.17163175092580188,0.022439978208031265,0.14979979375163127,0.17161297068307854,0.02244050970766522,0.1498015677743902,0.14576486115285314,0.2750993100175984,0.12933444886474527,0.19999999999999993,0.19997848175108573,142.55439563811964,35.63380603693337,-5.981740780480749e-05,7.491163245276766e-09,0.3972836358439629,0.3972883407250101,0.1507115649368939,26.27723812110149,38.05574982391193,18.834958459265003,53.09276376492858,25.632391043035675,39.01313764763667
59.4645555602,0.033258966050027775,0.1495230046875008,0.27822929110845324,0.12870628642095244,8.24674266596e-08,0.462787867962,148.89820633875883,30.85060284468298,0.17163175091301183,0.17165020016883314,179.7488091834418,180.00207006962947,-0.14069887423499017,1.5865410473714976,0.1716317509258135,0.022387255198188384,0.14962371201847782,0.17161308997944055,0.02238778795967629,0.14962549234564373,0.14580590224145068,0.27493514566326477,0.1291292434218141,0.1999999999999999,0.19997863542913605,143.80288760292495,35.94592158051686,-5.981741106886318e-05,7.49793560572698e-09,0.39681664994631277,0.3968213715472611,0.15047244199858015,25.908714818002913,38.5970514950105,18.80169699155157,53.186688438248105,25.18290869624766,39.709471692164115
59.9145555602,0.033321466050027775,0.1495586135008355,0.2780581232610702,0.12849950976023472,8.36122636602e-08,0.462342057119,150.19458859243565,31.11920362251437,0.17163175091292626,0.17165006641557443,181.31379221495,181.5692581171251,-0.14069887426112482,1.5865410473714243,0.17163175092576827,0.0223347482966992,0.1494481458456384,0.17161320935243723,0.02233528229309974,0.1494499323957684,0.1458461585695244,0.2747741203507423,0.12892796178121788,0.19999999999999998,0.1999787886253957,145.05487968672762,36.2589125282224,-5.981741568739096e-05,7.471578911122378e-09,0.3963510313648046,0.39635576946965945,0.1502378914104453,25.545848588395593,39.145303650404394,18.76886268348948,53.279733400131704,24.739313335505766,40.421493775447836
60.3645555602,0.03338396605002778,0.1495936691666505,0.277889622167827,0.12829595300117647,8.47686844703e-08,0.461895664929,151.49447998863766,31.3885314686506,0.17163175091296706,0.1716499335277088,182.8830114572883,183.14068834406757,-0.1406988742420734,1.5865410473717045,0.1716317509258086,0.022282455432351723,0.14927309011456727,0.1716133282152901,0.022282990629384436,0.14927488278134549,0.14588564310235988,0.27461618221960515,0.12873053911724527,0.20000000000000004,0.19997894094112506,146.31026050993614,36.572750947352155,-5.981739802374264e-05,7.495071230323447e-09,0.39588676652455673,0.39589152085135815,0.15000783763202438,25.187723311662324,39.701881254864496,18.736365090943618,53.3721452985221,24.299644597292463,41.15286526089451
60.8145555602,0.03344646605002778,0.14962817924996788,0.2777237489773059,0.12809556972733802,8.59373486854e-08,0.461448626703,152.79776516327956,31.65856248047322,0.17163175091296706,0.17164980118069245,184.45632764375276,184.71622128792893,-0.1406988743944959,1.5865410473692638,0.1716317509257083,0.022230374935135293,0.14909854102282588,0.17161344616646493,0.02223091122117883,0.1491003394401865,0.14592436233036163,0.2744613053070938,0.12853694297673215,0.19999999999999998,0.19997909241395911,147.56891865154324,36.88740899220955,-5.981755185624493e-05,7.4366290903071786e-09,0.39542384534113206,0.3954286149190378,0.14978224284611405,24.833610343276938,40.26800719576903,18.704126098408793,53.46413912837513,23.862775763296067,41.90627318126691
61.2645555602,0.033508966050027775,0.14966215294257146,0.2775604669755724,0.12789831403300095,8.71177275169e-08,0.461000822786,154.10432880884306,31.929272767157762,0.171631750913093,0.17164966909098178,186.03360157600085,186.29571755334868,-0.1406988742362114,1.5865410473716357,0.17163175092581204,0.022178505195006182,0.1489244949462854,0.17161356451888785,0.022179042572278367,0.14892629912906036,0.14596232537947915,0.2743094531111436,0.12834712773166443,0.20000000000000007,0.19997924385624682,148.8307426009779,37.202858975022934,-5.981740235361244e-05,7.497091836228265e-09,0.394962258202988,0.39496704307133385,0.14956105388304858,24.48387054716639,40.84321545784899,18.67213905758471,53.55572797074876,23.430402419360732,42.679591331888176
61.7145555602,0.033571466050027775,0.1496955978032846,0.2773997324082263,0.1277041346049417,8.83095377152e-08,0.460552182502,155.41405568939487,32.200638452552745,0.17163175091280444,0.17164953788364498,187.6146941419476,187.87903783309423,-0.1406988742306936,1.5865410473715729,0.1716317509258282,0.022126844601708818,0.14875094823801568,0.1716136820243352,0.02212738299395445,0.148752757937305,0.14599954398820167,0.2741605786763338,0.12816103468813214,0.1999999999999999,0.1999793942936192,150.09562124685831,37.5190728950893,-5.9817406317108635e-05,7.506484323016593e-09,0.39450199543811093,0.39450679493678986,0.14934420234766257,24.138930461406776,41.42685615664687,18.640534028338266,53.64653171844488,23.00339902155505,43.47183644742946
62.1645555602,0.03363396605002778,0.1497285238564769,0.27724150346581605,0.12751297960933916,8.9512733624e-08,0.460102643893,156.7268306598376,32.472635679635644,0.1716317509129294,0.17164940641555687,189.19946633947325,189.4660429289769,-0.14069887425872674,1.586541047370984,0.1716317509258496,0.022075390849727414,0.1485778948892715,0.17161379981095243,0.022075930157388683,0.14857970977690285,0.14603602986768643,0.27401463515850183,0.1279786052908154,0.20000000000000015,0.19997954505669027,151.3634431359368,37.83602320353644,-5.981744343186435e-05,7.51896322981338e-09,0.39404304111072347,0.39404785436939055,0.14913162000628769,23.79878163651704,42.018957746374376,18.6093701242765,53.73637008248168,22.581772881242806,44.28350268417739
62.6145555602,0.03369646605002778,0.1497609380274458,0.2770857367936205,0.12732479876617467,9.07273649621e-08,0.459652149783,158.04253868263115,32.74524061336588,0.17163175091295227,0.17164927585845155,190.78777929599707,191.05659377271823,-0.14069887430369077,1.5865410473703172,0.17163175092582517,0.02202414203050359,0.1484053301957298,0.1716139161743235,0.0220246821412571,0.1484071498993802,0.14607179455304944,0.2738715764169289,0.12779978186387944,0.20000000000000018,0.19997969458408216,152.6340974620083,38.15368183398876,-5.981748546490806e-05,7.504730170637686e-09,0.3935853827445029,0.3935902087757214,0.1489232396501068,23.463445940067945,42.61948575474691,18.578532410987187,53.82556479050027,22.16559011440943,45.11497302072364
63.0645555602,0.033758966050027775,0.1497928483465944,0.27693238912078444,0.12713954077419004,9.1953970366e-08,0.459200657059,159.36106484499095,33.01842944463988,0.17163175091275598,0.17164914688889768,192.37949428963086,192.65055144676091,-0.14069887425418592,1.5865410473712513,0.17163175092580524,0.02197309650238298,0.14823325032658152,0.1716140303399122,0.021973637293023544,0.1482350744359227,0.14610684974477078,0.2737313556499434,0.1276245059051726,0.20000000000000015,0.19997984191744572,153.90747343343233,38.472020856198526,-5.9817426589781064e-05,7.493117237800107e-09,0.39312901017977075,0.3931338478953101,0.14871899310740763,23.133427963960273,43.22748887704437,18.54812943641372,53.913792408457006,21.755000971560655,45.96644244269424
63.5145555602,0.033821466050027775,0.14982426660019948,0.276781414803637,0.1269571482034375,9.31921387247e-08,0.45874857667,160.6822943754308,33.292178393803255,0.17163175091296687,0.17164901880442685,193.97447276923407,194.24777720501768,-0.14069887425025573,1.586541047371169,0.1716317509258532,0.02192225178797336,0.14806164860615784,0.17161414423727217,0.02192279323959977,0.1480634770616973,0.1461412072401998,0.2735939256684666,0.12745271842826678,0.19999999999999982,0.19997998836399114,155.1834599619313,38.791012807302735,-5.981743177452259e-05,7.521072653560168e-09,0.3926739057120034,0.39267875495408366,0.14851881164215772,22.81020975347301,43.84001772924263,18.518344801318403,54.000506564107475,21.350649973308915,46.836981602439735
63.9645555602,0.033883966050027775,0.1498552055849947,0.2766327527272184,0.12677754714222367,9.44416690237e-08,0.458295392961,162.00611266198706,33.56646371392469,0.1716317509127982,0.17164889161006117,195.57257637591175,195.84813249354963,-0.1406988742396864,1.5865410473708863,0.17163175092585825,0.02187160527051261,0.14789051785193197,0.1716142579774444,0.02187214739385092,0.14789235069418202,0.14617488057687855,0.27345923232177743,0.12728435174489888,0.19999999999999998,0.1999801340521,156.46194633534233,39.1106300405694,-5.9817449593602134e-05,7.524003642345178e-09,0.39222005029244056,0.39222491116850433,0.1483226163782018,22.493355999066164,44.457572273408914,18.48897318645266,54.08629186247754,20.95245916498693,47.72709456802436
64.4145555602,0.03394646605002778,0.14988567342608336,0.27648636144706906,0.1266006880209857,9.57032317144e-08,0.457841045239,163.33240526825722,33.84126169474676,0.17163175091274463,0.17164876504346196,197.173666963004,197.45147897117175,-0.14069887428309613,1.586541047370399,0.1716317509258924,0.021821155632108447,0.14771985523993872,0.1716143711778835,0.02182169835658486,0.14772169223436638,0.14620788108776814,0.2733272302783878,0.12711934919061965,0.19999999999999987,0.19998027906340896,157.74282201978676,39.430844943217195,-5.9817480313473226e-05,7.543898838946461e-09,0.39176743643165163,0.3917723083196947,0.14813034128527577,22.18189791412326,45.08180516705461,18.459818453427683,54.171713688458105,20.55945048552486,48.63943229922719
64.8645555602,0.034008966050027775,0.14991568091637675,0.2763421941198714,0.12642651320349463,9.69765944396e-08,0.457385522911,164.66105795121362,34.116548665951484,0.17163175091275806,0.17164863797027802,198.77760661716508,199.05767852997425,-0.14069887425468552,1.5865410473705488,0.1716317509258507,0.021770901355597276,0.14754965725340494,0.1716144847392874,0.02177144456391411,0.14755149800633713,0.14624021899147324,0.27319787866336004,0.1269576596718868,0.2,0.1999804245548521,159.02597645386703,39.75163016329805,-5.9817470865475286e-05,7.519607159167663e-09,0.39131605480281195,0.3913209366587749,0.14794192682481283,21.876010211916736,45.712174675035584,18.43087996644955,54.25676917327545,20.171044894488723,49.5760137975414
65.3145555602,0.034071466050027775,0.1499452346601034,0.2762002058350943,0.1262549711749909,9.82612220049e-08,0.456928787594,165.99195667730152,34.39230100066511,0.1716317509129697,0.17164851281350857,200.38425767796664,200.66659331575863,-0.14069887425044447,1.586541047370584,0.17163175092592461,0.021720841145078013,0.14737992110554957,0.1716145964243338,0.0217213847964306,0.14738176548145498,0.14627190359381745,0.2730711402543545,0.12679923666053708,0.19999999999999984,0.19998056770142217,160.31130006909882,40.07295760886783,-5.981746864502924e-05,7.562683812523119e-09,0.3908658980151068,0.3908707894795474,0.14775731877821652,21.575121391709455,46.34968127615097,18.402186987104923,54.34136718101691,19.78762385139275,50.53663883597702
65.7645555602,0.034133966050027775,0.1499743437189,0.2760603578518833,0.12608601413298332,9.95572807153e-08,0.456470794288,167.3249876399499,34.66849511888346,0.17163175091285152,0.17164838831410703,201.99348275883338,202.27808574837564,-0.14069887426969574,1.5865410473699046,0.17163175092593685,0.021670973344183525,0.1472106427680537,0.1716147070901669,0.021671517345988538,0.14721249045508517,0.14630294614361478,0.27294697005522583,0.12664402391161106,0.19999999999999984,0.19998070987389446,161.59868268682163,40.39480007201176,-5.98175114663313e-05,7.569811444341212e-09,0.3904169553850423,0.39042185563091153,0.1475764516040481,21.27895837605818,46.99478152676592,18.373820807951784,54.425261378799455,19.409767551081796,51.52045213154886
66.2145555602,0.034196466050027775,0.1500030146319496,0.2759226102477796,0.12591959561583,1.00865424032e-07,0.456011463618,168.66003727588117,34.945107491290315,0.17163175091302865,0.17164826619018578,203.60514476717148,203.8920185419653,-0.14069887425965932,1.5865410473704273,0.17163175092584826,0.021621296236898426,0.1470418179869197,0.17161481530175438,0.021621840576965385,0.14704366894553939,0.14633335760581992,0.2728253242059605,0.1264919666001406,0.20000000000000004,0.1999808493414126,162.88801498635127,40.71712978082022,-5.9817478526014156e-05,7.518186073696143e-09,0.38996921563060255,0.38997412455304226,0.14739926141556414,20.989047682167676,47.643895766152426,18.34594612532923,54.50795468211669,19.03877306194877,52.52439307649597
66.6645555602,0.034258966050027775,0.15003126164510328,0.27578690618120805,0.12575564453610477,1.02186159293e-07,0.455550774933,169.99699228202135,35.222114642184586,0.1716317509129072,0.17164814446245089,205.21910692420596,205.5082547250867,-0.14069887424597027,1.586541047370448,0.17163175092591476,0.02157180730251365,0.14687343974495065,0.17161492310401585,0.021572351876821005,0.14687529362292695,0.14636315314423554,0.27270614205263305,0.1263429889083975,0.19999999999999987,0.19998098828092253,164.17918710737496,41.039919816831016,-5.981747721595099e-05,7.55693285725556e-09,0.3895226601414983,0.3895275768063559,0.1472256598634613,20.707152259655967,48.29249273200709,18.318728644721137,54.588941153848445,18.676169032501747,53.54417162640373
67.1145555602,0.03432146605002778,0.15005909871967218,0.2756531862589583,0.1255940875392861,1.03518544885e-07,0.455088711583,171.33573963174632,35.499493153377394,0.17163175091284852,0.17164802206869822,206.8352327851237,207.12665766073422,-0.14069887425492977,1.5865410473701238,0.17163175092596464,0.02152250396349494,0.1467055007949427,0.17161503186834148,0.02152304868445704,0.14670735729491224,0.1463923483553062,0.272589361208597,0.1261970128532908,0.20000000000000018,0.19998112816933983,165.47208958758662,41.36314319753706,-5.981749765515687e-05,7.585998496040247e-09,0.3890772696974394,0.38908219331607835,0.1470555560751701,20.431312242701964,48.94448227901752,18.292235314244145,54.66800436474273,18.31900000738148,54.58813251799
67.5645555602,0.03438396605002778,0.15008653059196467,0.2755214157933226,0.12543488520135795,1.04863079119e-07,0.454625249325,172.67616659170895,35.77721966738428,0.17163175091296262,0.17164790045729925,208.4533862590932,208.7470910662339,-0.14069887424084104,1.5865410473702661,0.17163175092590244,0.021473383379403268,0.14653799295542186,0.17161513956463983,0.021473928144874345,0.14653985172939935,0.14642094887683593,0.2724749591221707,0.12605401024533475,0.19999999999999984,0.1999812669167797,166.76661398190694,41.6867722771863,-5.981748868455483e-05,7.549760816516482e-09,0.38863302260036026,0.38863795224988973,0.1468889172018901,20.159138435378292,49.605294551926356,18.2664138691848,54.7452831826496,17.964535427092073,55.66523020082743
68.0145555602,0.03444646605002778,0.15011356440554716,0.27539156678769755,0.1252780023821504,1.06219484548e-07,0.454160349185,174.0181607379897,36.05527089071146,0.1716317509128814,0.1716477790082689,210.07343162870117,210.3694190330103,-0.1406988742326254,1.5865410473701864,0.17163175092608987,0.021424443294777194,0.1463709100018757,0.17161524730526426,0.02142498805824639,0.14637277089078551,0.14644896153500472,0.2723629084904287,0.125913946955424,0.19999999999999998,0.19998140560522748,168.06265149127984,42.010780137421314,-5.98174937027629e-05,7.658962353218612e-09,0.3881899023422481,0.388194837600784,0.14672570347346778,19.890590832266163,50.27502744553057,18.240921416393547,54.82179201217743,17.614022528179415,56.77294884800854
68.4645555602,0.034508966050027776,0.1501402055960265,0.27526360643614045,0.12512340084011395,1.07588126917e-07,0.453693983741,175.3616099722552,36.3336235974425,0.17163175091271082,0.1716476589826555,211.6952335696977,211.99350604622109,-0.14069887426568783,1.586541047370255,0.17163175092582675,0.021375682742728525,0.14620425008435467,0.17161535396236732,0.02137622750736423,0.1462061130984756,0.14647639576859145,0.27225317155476936,0.1257767757861779,0.20000000000000004,0.19998154277399074,169.36009416252926,42.335139407168455,-5.981748938399534e-05,7.50566275797837e-09,0.38774790401685666,0.3877528449116593,0.14656585989147733,19.626620611697028,50.951206516114254,18.215516608255484,54.89825084328316,17.268977892196226,57.90730674638802
68.9145555602,0.034571466050027776,0.15016646285198912,0.27513749396068343,0.12497103110869431,1.08968367011e-07,0.453226139976,176.70640253811854,36.61225463256986,0.1716317509127873,0.17164753948992434,213.31865717068837,213.61921700424998,-0.14069887427573535,1.5865410473701853,0.1716317509258722,0.021327100780358578,0.146038011422912,0.1716154597345508,0.0213276454331212,0.14603987617469827,0.1465032630346474,0.272145702490775,0.12564243945612763,0.19999999999999993,0.1999816790510462,170.65883393677962,42.65982323390875,-5.9817493780478515e-05,7.532152679345927e-09,0.38730702290359376,0.387311968406854,0.14640931970665055,19.368468790122126,51.63030752900806,18.190146389980594,54.97481870463753,16.930425346891308,59.06526147517113
69.3645555602,0.03463396605002778,0.15019234609734253,0.2750131822631398,0.12482083616579728,1.10360407597e-07,0.452756796012,178.05242703709615,36.8911409150462,0.1716317509126865,0.17164742085121193,214.94356795214236,215.24641723805274,-0.14069887424673633,1.5865410473707635,0.17163175092590344,0.02127869673401144,0.14587219314869931,0.1716155647588637,0.021279241233200585,0.14587405949379958,0.14652957583406964,0.2720404512932387,0.12551087545916909,0.20000000000000018,0.19998181440127225,171.95876323918978,42.98480471295258,-5.9817457331856616e-05,7.550338132489287e-09,0.38686725669818883,0.386872206427073,0.1462560100815273,19.116495113851418,52.31084432812271,18.1647713516043,55.05161505441579,16.598079510898376,60.24793406631143
69.8145555602,0.03469646605002778,0.1502178646869585,0.2748906262911046,0.12467276160414612,1.11765466174e-07,0.452285944326,179.3995724440259,37.17025944140955,0.17163175091289937,0.17164730293900593,216.56983188543543,216.87497253035014,-0.14069887426590988,1.5865410473703523,0.17163175092587338,0.021230469878884092,0.14570679420975569,0.17161566905222483,0.02123101416801192,0.14570866195258236,0.1465553445676271,0.27193737635885884,0.12538203179123175,0.2000000000000001,0.1999819488381869,173.25977484542756,43.310057040007884,-5.981748325556424e-05,7.532818813160702e-09,0.38642860261073925,0.3864335560465299,0.14610587041651546,18.869903002955688,52.99444304739484,18.13939415099696,55.128632835018855,16.270832300230076,61.45967099580146
70.2645555602,0.034758966050027776,0.1502430265540858,0.2747697900425077,0.12452676348842187,1.13183455572e-07,0.451813558668,180.74772812370438,37.449587288711626,0.17163175091282834,0.17164718517334066,218.197315412416,218.50474913465936,-0.14069887426285677,1.5865410473706423,0.17163175092584423,0.021182419533496796,0.14554181369454208,0.1716157730071113,0.02118296356027756,0.14554368265327616,0.14658057811099712,0.2718364421852331,0.125255864074236,0.19999999999999982,0.19998208309054932,174.56176175147544,43.63555366094058,-5.9817464970191025e-05,7.515832400883937e-09,0.3859910582237547,0.38599601488425017,0.14595884899847988,18.6274494020441,53.68421507510653,18.114153858509777,55.20544916483714,15.94816178287049,62.703151222987614
70.7145555602,0.034821466050027776,0.1502678371400449,0.27465064449961907,0.12438280735957416,1.14614451494e-07,0.451339621625,182.09678384561425,37.72910161807135,0.1716317509127198,0.17164706821075695,219.82588546368555,220.13561379416066,-0.14069887426970684,1.5865410473702712,0.17163175092582783,0.02113454424481141,0.1453772480301213,0.1716158761506076,0.021135087953118966,0.14537911800915207,0.14660528509550788,0.27173761424710735,0.12513232915159947,0.20000000000000004,0.19998221637823355,175.86461767135,43.961267792335555,-5.9817488362590154e-05,7.506284482872161e-09,0.3855546140614579,0.3855595734278795,0.14581489553767857,18.388772667304192,54.38100835179887,18.08916855281593,55.281700597805006,15.630219417174004,63.97862840628013
71.1645555602,0.034883966050027776,0.1502923036410029,0.27453315905587133,0.12424085541486843,1.16058175373e-07,0.450864124553,183.44662979981615,38.00877967778975,0.1716317509129678,0.17164695124819815,221.4554094776059,221.76743376038868,-0.14069887426299,1.5865410473702632,0.17163175092593402,0.02108684272019575,0.1452130941760961,0.1716159791907819,0.021087386003062293,0.14521496480412166,0.1466294747449323,0.271640855649942,0.1250113809050097,0.2000000000000003,0.19998234965086553,177.16823634737972,44.28717313022618,-5.9817488862190515e-05,7.568146109804275e-09,0.38511926206041935,0.38512422314803835,0.14567395629310825,18.15394630221232,55.084441881274905,18.06426019335459,55.357927160940484,15.317129516653896,65.28638403904121
71.6145555602,0.03494646605002778,0.15031643095878156,0.2744173034779967,0.12410087251921514,1.17513997281e-07,0.45038705338,184.7971566123788,38.28859880617948,0.17163175091274468,0.1716468354509218,223.08575541855828,223.40007681174657,-0.14069887426814143,1.5865410473705412,0.17163175092581603,0.02103931446203129,0.14504935181527456,0.17161608099905443,0.021039857266789853,0.14505122290690917,0.14665315595542058,0.2715461308073983,0.12489297485197773,0.1999999999999999,0.19998248149824488,178.47251246304447,44.61324295551381,-5.981747134287119e-05,7.499401100119485e-09,0.3846850013794153,0.3846899636965706,0.14553597942996707,17.922792654061922,55.79487635111181,18.03934407148054,55.43438808182382,15.008713764418133,66.6279613094326
72.0645555602,0.035008966050027776,0.1503402258787042,0.27430304996713095,0.12396282408842677,1.18982055453e-07,0.449908404628,186.14825536002792,38.56853643540913,0.1716317509130276,0.17164672005555223,224.71679179543705,225.03341127183245,-0.1406988742720272,1.5865410473705253,0.17163175092585173,0.020991958634045238,0.1448860194568311,0.1716161824251249,0.020992500883463463,0.14488789074130198,0.14667633727279497,0.2714534055380773,0.12477706826528231,0.20000000000000015,0.1999826128800386,179.77734061416592,44.939451181271124,-5.981747235317414e-05,7.52020667960096e-09,0.38425182806463104,0.38425679089320697,0.1454009151588414,17.695094249302457,56.51283829920376,18.014517762039535,55.510783758375986,14.704615883874531,68.0058566573389
72.5145555602,0.035071466050027776,0.15036369330125904,0.27419037209554575,0.12382667879428672,1.20462981879e-07,0.449428174715,187.49981758590135,38.84857009375464,0.17163175091282667,0.17164660542618598,226.34838767965596,226.66730602757454,-0.14069887426984007,1.5865410473708297,0.1716317509258395,0.020944774232885623,0.1447230950224795,0.17161628299244353,0.0209453158752624,0.14472496631632845,0.14669902636640064,0.2713626491635937,0.12466362279719306,0.20000000000000012,0.19998274330337099,181.0826161691834,45.26577151047254,-5.9817453157418043e-05,7.513079047782867e-09,0.3838197366042493,0.38382469945769676,0.1452687187936749,17.470944882475678,57.2378887762994,17.9898020504705,55.58704855086753,14.404310399305219,69.42366363114712
72.9645555602,0.035133966050027776,0.15038683950560014,0.2740792405272691,0.12369240102166898,1.21957039366e-07,0.448946359487,188.85173531350196,39.128677409534475,0.17163175091304977,0.17164649131208054,227.98041272303644,228.30163054716806,-0.14069887427512473,1.5865410473706403,0.17163175092588434,0.020897760323824524,0.1445605766584532,0.1716163828675884,0.02089830130128056,0.1445624477562571,0.14672123003566923,0.27127383448674536,0.12455260445107613,0.1999999999999999,0.1999828730954587,182.38823477719515,45.59217794584129,-5.981746510341779e-05,7.539213697782543e-09,0.3833887220819007,0.3833936844154176,0.1451393507186813,17.25042354686837,57.96959113978041,17.965258917547953,55.66298847066593,14.106558080681268,70.88901447685427
73.4145555602,0.03519646605002778,0.15040967019318596,0.27396962882360554,0.12355995863041958,1.23464214794e-07,0.448462949281,190.20390106226077,39.40883611336292,0.17163175091293095,0.1716463777091369,229.61273717562372,229.93625489780618,-0.14069887427116123,1.5865410473707953,0.17163175092586055,0.02085091559199354,0.14439846118291405,0.17161648223565457,0.020851455830713895,0.14440033182342032,0.14674295199346604,0.27118694665543974,0.1244439946619737,0.19999999999999993,0.1999830022816362,183.69409263313818,45.91864454248549,-5.981745533345517e-05,7.525358114435221e-09,0.38295877605904066,0.3829637371797598,0.14501278930038347,17.033289529354775,58.708565851394894,17.940816290213476,55.738823909895856,13.811637881463655,72.40270911982724
73.8645555602,0.035258966050027776,0.1504321895594879,0.27386150969145523,0.12342932013196733,1.24984891927e-07,0.447977943927,191.55620786128986,39.68902404179562,0.17163175091294086,0.17164626613882852,231.2452319030855,231.57104976320295,-0.1406988742550519,1.5865410473711543,0.17163175092580538,0.020804239490903466,0.14423674805992912,0.17161657988773157,0.02080477897235349,0.14423861817264297,0.14676419981897054,0.2711019553531434,0.12433775553417287,0.19999999999999982,0.19998312901739754,185.00008685675272,46.24514504633276,-5.98174326960077e-05,7.493206055642077e-09,0.3825298971143229,0.38253485683528515,0.14488899037945452,16.81974852338278,59.45392100302819,17.916410372842062,55.81475190565034,13.521210033579607,73.95787784647406
74.3145555602,0.035321466050027776,0.1504544050296516,0.2737548556304367,0.12330045060078512,1.26519035268e-07,0.447491337341,192.90854926400343,39.969219139910535,0.17163175091314892,0.17164615454831203,232.87776840391393,233.20588646089536,-0.14069887426981786,1.586541047370491,0.17163175092590172,0.020757731049249932,0.144075435273505,0.1716166772546448,0.0207582696941639,0.14407730457696624,0.1467849822994457,0.2710188254317267,0.12423384313228097,0.1999999999999999,0.1999832557607982,186.30611408419009,46.571654319723855,-5.981747450700681e-05,7.549338931767124e-09,0.3821020799011367,0.38210703747588226,0.14476790275861612,16.61190292504243,60.197799403974415,17.892169901738683,55.89037022853356,13.236602514252725,75.54808712607588
74.7645555602,0.035383966050027776,0.1504763271590094,0.27364961372275565,0.12317328656374624,1.28066669534e-07,0.447003109783,194.2608193627668,40.24939946419581,0.17163175091271618,0.17164604356267876,234.5102188269626,234.84063695932684,-0.1406988741992965,1.5865410473713044,0.17163175092593788,0.02071138906076389,0.1439145199789232,0.17161677399761868,0.020711926813142437,0.14391638827160178,0.1468053110351108,0.270937510489246,0.12413219945413523,0.19999999999999996,0.19998338175744887,187.61207220926727,46.89814661769534,-5.981742323690753e-05,7.57041096477451e-09,0.38167531687501166,0.3816802717690631,0.14464945884878583,16.410531228970612,60.93647951107353,17.86820510547747,55.965330266633856,12.958182603425062,77.17131565468783
75.2145555602,0.035446466050027776,0.150497963989764,0.2735457455942866,0.12304778160452262,1.2962686784e-07,0.446513264592,195.61291280116225,40.529543185976344,0.17163175091303265,0.1716459331424269,236.1424559871386,236.47517389469886,-0.1406988742540971,1.586541047370397,0.1716317509259062,0.02066521199779322,0.14375399819759177,0.17161687019251273,0.020665748800869865,0.14375586527467277,0.14682519584287582,0.2708579712580259,0.12403277541515009,0.19999999999999996,0.19998350705058857,188.91785947529135,47.22459651184723,-5.981748043559776e-05,7.55195905810524e-09,0.3812495974843345,0.3812545491545029,0.14453360145240518,16.213578658838642,61.676698342895556,17.844381366655767,56.04004865467695,12.684947387727508,78.8335946089524
75.6645555602,0.035508966050027777,0.15051932066526258,0.2734432250541684,0.12292390438890582,1.31198916566e-07,0.446021809362,196.96472479021153,40.809628593381696,0.1716317509127863,0.17164582352384622,237.77435338359322,238.10937058758904,-0.14069887429002392,1.5865410473698398,0.17163175092590793,0.020619199365906397,0.1435938695275895,0.1716169656045665,0.020619735157687134,0.14359573516538413,0.14684464510290846,0.2707801742179059,0.12393552911499744,0.1999999999999999,0.1999836313927023,190.22337474189055,47.55097864170264,-5.981751555195203e-05,7.552958258827402e-09,0.38082492066317125,0.3808298685162121,0.14442028174362706,16.01970313124211,62.423129305671694,17.820458017627757,56.11528048329698,12.416031929811655,80.54102998873083
76.1145555602,0.03557146605002778,0.1505404017403464,0.27334203126579115,0.12280162952544474,1.32784448617e-07,0.445528717774,198.31615111986022,41.089634095101204,0.1716317509128152,0.17164571441089221,239.4057852149614,239.74310105932966,-0.14069887428576067,1.586541047369835,0.17163175092591298,0.02057335088990086,0.14343413432618074,0.17161706043074595,0.020573885605502388,0.14343599829018652,0.1468636658548524,0.2707040912101553,0.12384042535530293,0.19999999999999993,0.19998375513920758,191.52851728562288,47.877267929338565,-5.9817515862814474e-05,7.555889247612413e-09,0.38040128735902157,0.38040623077301144,0.14430945870629436,15.828772223731121,63.17609387926882,17.796329577624434,56.19136213667978,12.151290100385726,82.29578849148342
76.5645555602,0.03563396605002778,0.1505612120523533,0.2732421400861853,0.12268092803383202,1.34382667765e-07,0.44503399146,199.66708817317271,41.36953822243994,0.171631750912993,0.17164560612857757,241.03662639561264,241.3762400481387,-0.14069887427955452,1.5865410473700468,0.17163175092593577,0.020527666618374334,0.14327479407898075,0.1716171545344313,0.020528200218991648,0.14327665622491212,0.14688226593854872,0.2706296908754853,0.12374742493693655,0.1999999999999997,0.199983877903284,192.83318713229298,48.20343926331968,-5.981750250683149e-05,7.56916751498693e-09,0.37997870151188184,0.3799836401041614,0.1442010866622271,15.640969534629775,63.934655571443784,17.771974439810364,56.268368120085505,11.890916651628547,84.09780585444123
77.0145555602,0.03569646605002778,0.15058175637001853,0.2731435283788484,0.1225617720088299,1.35993761695e-07,0.444622673867,201.0174329395354,41.649319632237145,0.1716317509128849,0.17164549866678952,242.66675257177255,243.00866302500032,-0.14069887425889327,1.5865410473704333,0.1716317509258751,0.020482146383913186,0.14311584952028614,0.17161724789487998,0.020482678814760794,0.14311770964755127,0.1469004529129514,0.27055694297756844,0.12365649006461704,0.2000000000000002,0.19998399971819406,194.13728479384412,48.529467777928424,-5.981747814853833e-05,7.533818013882865e-09,0.37955716506917814,0.3795620983077584,0.14409512156913007,15.456078402461756,64.69946476466667,17.747681268524204,56.345388722611105,11.634658508640417,85.95009464672773
77.4645555602,0.03575896605002778,0.15060203916764042,0.2730461752620294,0.12244413609438898,1.37617022176e-07,0.444369485243,202.36708302705472,41.92895710977834,0.17163175091292288,0.1716453918019745,244.29604013683306,244.64024620928845,-0.14069887428126426,1.5865410473700294,0.17163175092590743,0.020436788755297582,0.14295729696415493,0.17161734063454018,0.020437319965922327,0.14295915488670996,0.14691823375336474,0.2704858196160795,0.12356758586271474,0.2000000000000001,0.1999841208459072,195.44071132393205,48.855328812901014,-5.981750360595228e-05,7.552669600841e-09,0.3791366682554336,0.37914159564690797,0.14399152278693575,15.274089563965836,65.47035067537965,17.723710739175115,56.42159335119804,11.381991435525121,87.85808754686204
77.9145555602,0.035821466050027784,0.15062206529588698,0.2729500581131544,0.12232799281726744,1.39253548413e-07,0.444114898845,203.71593667599177,42.20842957117341,0.17163175091301044,0.17164528553692934,245.9243662471652,246.27086658412665,-0.14069887427917704,1.5865410473703792,0.17163175092587438,0.02039159224203878,0.14279913249750079,0.17161743288878856,0.020392122184443445,0.14280098803735022,0.14693561432186306,0.2704162973419204,0.12348068302005735,0.19999999999999993,0.1999842413134835,196.74336844272662,49.18099780443858,-5.981748155692301e-05,7.533396129133507e-09,0.3787172006927621,0.37872212176506936,0.1438902561597585,15.097031833103218,66.23818582718378,17.699892276007102,56.49751899086636,11.13403865628663,89.81466931007719
78.3645555602,0.035883966050027784,0.15064184463593133,0.27285513074313106,0.12221328610719973,1.40902350812e-07,0.443858871889,205.06389277071986,42.487716065955695,0.17163175091294744,0.1716451797333922,247.5516088366755,247.9004019114827,-0.14069887427279326,1.5865410473701373,0.17163175092591848,0.020346556300761286,0.14264135550660365,0.1716175249153354,0.020347084946893804,0.14264320855510018,0.14695260498660406,0.2703483346831764,0.12339572969657231,0.19999999999999996,0.19998436129113767,198.04515845687942,49.506450379796114,-5.981749680028514e-05,7.559108894383826e-09,0.37829876075351854,0.3783036752185153,0.14379126127911065,14.925514433055996,66.99936571601641,17.67609947143532,56.57356712752187,10.891894615056676,91.81139143759485
78.8145555602,0.035946466050027784,0.15066138311025334,0.2727613626668155,0.12209997955656215,1.42561454254e-07,0.443601363426,206.41085085183178,42.766795779806145,0.1716317509131498,0.17164507458607192,249.1776466316379,249.52873074698797,-0.1406988743536841,1.5865410473687211,0.171631750925901,0.020301680097143435,0.14248396435088206,0.17161761638800616,0.020302207412418134,0.1424858147761318,0.14696921490798281,0.2702818949975738,0.12331268008959101,0.19999999999999982,0.19998448049650558,199.345984418668,49.83166221296995,-5.981758606221632e-05,7.548917047017767e-09,0.3778813440867211,0.377886251594612,0.1436944847718041,14.75744881748123,67.76238985260312,17.652255486521792,56.64998451691005,10.654455935622892,93.85744387533919
79.2645555602,0.03600896605002778,0.15068068458008682,0.2726687339568093,0.12198804937672247,1.44231152742e-07,0.443342334091,207.75671112946844,43.04564803680931,0.17163175091296,0.17164497007691226,250.80235916627774,251.15573245448067,-0.1406988742600146,1.5865410473704746,0.17163175092589622,0.02025696348305442,0.14232695978996537,0.17161770708507015,0.020257489426123133,0.14232880743589169,0.14698545096858986,0.2702169507551211,0.12323149978653122,0.2,0.19998459893340154,200.64574995685877,50.15660920941898,-5.981747553951422e-05,7.546141489456204e-09,0.37746495270698066,0.37746985284383533,0.14359988653735395,14.591848330647581,68.53141407039422,17.628293234862532,56.72698920292258,10.420731177453828,95.96255607894274
79.7145555602,0.03607146605002777,0.15069975248369313,0.2725772269765939,0.12187747449290079,1.45912451666e-07,0.443081746115,209.10137449266645,43.32425230210335,0.17163175091302188,0.17164486629069817,252.4256267947698,252.78128722026676,-0.14069887427508032,1.5865410473703507,0.17163175092586366,0.02021240596797347,0.14217034137953483,0.17161779682776712,0.020212930451152404,0.14217218592661648,0.1470013192012677,0.2701534778242483,0.12315215862298062,0.20000000000000015,0.1999847164650738,201.9443593916992,50.481267403070575,-5.981748335548431e-05,7.527156675735114e-09,0.37704958543592076,0.3770544773543378,0.14350743142560618,14.42950887794144,69.30242799383919,17.604389917418647,56.80401335638169,10.190810041329136,98.12762635594913
80.1645555602,0.036133966050027784,0.15071859375530086,0.27248681298899796,0.1217682192336971,1.47605402519e-07,0.442819564628,210.44474252346623,43.6025881841046,0.1716317509129617,0.1716447629884169,254.0473307075708,254.4052760670917,-0.14069887427433647,1.5865410473710124,0.171631750925801,0.02016800650987379,0.1420141067284296,0.17161788642793352,0.020168529529806682,0.14201594815303908,0.14701682670038,0.2700914478274846,0.12307462112710463,0.2000000000000005,0.19998483351068289,203.24171757218386,50.80561313538694,-5.981744164440528e-05,7.490652542685439e-09,0.3766352359319501,0.3766401195692669,0.14341707810174442,14.272316383705254,70.06571134743783,17.580622774257456,56.880806376453094,9.966086817285053,100.34028584475232
80.6145555602,0.036196466050027784,0.15073721652839409,0.27239745062714027,0.12166023409874618,1.49308390443e-07,0.442555755674,211.78671750667687,43.880635437021425,0.17163175091300995,0.1716446602381084,255.66735294369823,256.0275808678225,-0.14069887427881067,1.5865410473706667,0.17163175092586272,0.020123764236601737,0.14185825403057004,0.17161797552324823,0.02012428575716884,0.14186009219357232,0.1470319837245838,0.27003081973097826,0.12299883600639447,0.19999999999999993,0.19998494991349197,204.53773017073772,51.12962277296057,-5.981746343808325e-05,7.526601564222801e-09,0.3762218994051696,0.3762267743923866,0.14332876679534914,14.119416257543865,70.82445773675026,17.556892489110147,56.9576877354726,9.746390195417654,102.60208958904173
81.0645555602,0.03625896605002778,0.1507556241941907,0.2723091209465939,0.12155349675240318,1.51023935479e-07,0.442290283238,213.12720244158743,44.15837396295883,0.17163175091294602,0.1716445579316113,257.28557640454625,257.6480843588322,-0.14069887427575756,1.58654104737123,0.1716317509258209,0.02007967861659127,0.1417027826705999,0.17161806367139604,0.020080198558029626,0.14170461727844166,0.14704679677245833,0.2699715675392705,0.12292477076681216,0.20000000000000004,0.19998506563241877,205.83230352100838,51.45327288353788,-5.9817427933150924e-05,7.502243271062525e-09,0.37580957422359457,0.3758144397821798,0.14324245964158727,13.968774954648975,71.58823900067114,17.5331262250565,57.03489424326993,9.530235747940617,104.92919865241417
81.5145555602,0.03632146605002778,0.15077382017993576,0.27222180907906474,0.12144798889912897,1.52752948014e-07,0.44202316332,214.46610105245452,44.43578381435393,0.17163175091295235,0.17164445627169428,258.9018848668084,259.2666701530828,-0.1406988742745141,1.5865410473714052,0.17163175092577984,0.020035749150353544,0.1415476921406829,0.1716181511595501,0.020036267462252413,0.14154952300256055,0.14706127147368672,0.2699136687341522,0.12285239726046546,0.20000000000000012,0.1999851806041262,207.1253446629711,51.77654020383737,-5.981741688643183e-05,7.4783290671121e-09,0.3753982590403938,0.3754031146643175,0.1431581238401266,13.820103619938338,72.35835761443167,17.50925277369751,57.11265997040177,9.31718927949098,107.32850541109028
81.9645555602,0.03638396605002778,0.15079180756499846,0.2721355003490541,0.12134369278405563,1.54493843635e-07,0.441754319611,215.80331779929404,44.71284519603638,0.17163175091304347,0.17164435543745432,260.51616299533043,260.8832227529062,-0.14069887427119454,1.5865410473711965,0.17163175092580382,0.019991975666142886,0.1413929830866542,0.1716182380197799,0.019992492295287594,0.14139481000124296,0.14707541293922538,0.26985710287211473,0.12278168993288935,0.2000000000000001,0.19998529475201576,208.4167613510451,52.099401644285344,-5.981743004257467e-05,7.492295672761884e-09,0.374987955568385,0.37499280072371427,0.1430757296127182,13.673388434248263,73.1347613511265,17.48522419699129,57.19114543421591,9.106608350740883,109.81036643775762
82.4145555602,0.036446466050027784,0.15080958952133527,0.2720501800200368,0.1212405904987015,1.56246513939e-07,0.441483710334,217.13875788816296,44.98953846734867,0.1716317509130399,0.1716442551078761,262.1282963555116,262.49762756247287,-0.14069887426824135,1.5865410473714898,0.17163175092575494,0.019948357904989403,0.14123865584530818,0.1716183243503583,0.01994887282277093,0.1412404786977548,0.14708922477732692,0.2698018555194685,0.12271263074214159,0.20000000000000007,0.1999854083735782,209.70646196258429,52.421834392927316,-5.981741155736131e-05,7.463807349950002e-09,0.3745786647007795,0.3745834990829125,0.14299525593534743,13.52867510675536,73.91706816143908,17.461088181166303,57.27019929253949,8.898594717502199,112.37729458935243
82.8645555602,0.03650896605002778,0.15082716931235873,0.2719658330814676,0.12113866376910887,1.5801133816e-07,0.441211307584,218.47232728111203,45.26584414429379,0.17163175091284244,0.17164415542015543,263.7381714254058,264.10977089994964,-0.14069887428912464,1.5865410473712405,0.1716317509257944,0.019904895456320567,0.14108471021453944,0.1716184102782929,0.019905408617851603,0.14108652883196043,0.1471027123659293,0.2697479051652539,0.12264519279932456,0.20000000000000007,0.19998552129639396,210.99435572713833,52.7438156982675,-5.981742726701711e-05,7.486811171020236e-09,0.37417038590157436,0.37417520905200713,0.14291667147477027,13.386011697847543,74.7048502998693,17.436743130121954,57.350159518752164,8.69387285687265,115.02353628388796
83.3145555602,0.03657146605002778,0.15084455021322096,0.271882444344877,0.12103789413165605,1.59787061555e-07,0.440937086041,219.80393270599617,45.54174290176588,0.17163175091304808,0.1716440562801284,265.345675607762,265.71954000934124,-0.14069887429658534,1.5865410473715298,0.17163175092576397,0.019861588566062276,0.14093114831740455,0.17161849590986517,0.019862099953449782,0.14093296262212676,0.14711588149057273,0.2696952286665296,0.1225793471759569,0.20000000000000023,0.1999856336827983,212.2803525263535,53.065323081408536,-5.9817409037155045e-05,7.469069807086726e-09,0.3737631248013222,0.3737679365140579,0.14283994252104532,13.24533308664043,75.49829011160351,17.41206204873434,57.43145166845351,8.492505100354812,117.75088600867848
83.7645555602,0.03663396605002778,0.15086173483574752,0.27179999930394144,0.12093826446819392,1.61574389943e-07,0.440661021592,221.13348166632576,45.81721557498076,0.17163175091303431,0.17164395763960438,266.95069724130656,267.32682307201054,-0.1406988742774451,1.5865410473717667,0.17163175092572777,0.019818437450673188,0.14077797217843843,0.17161858091880697,0.019818947038629967,0.1407797820662824,0.14712873767280032,0.2696438039374385,0.12251506626463815,0.2000000000000003,0.1999857454796401,213.56436304719415,53.386334194112386,-5.9817394104655364e-05,7.447975569618848e-09,0.3733568867692866,0.3733616867680312,0.14276503690366762,13.10659705895033,76.29745505276769,17.38705697729513,57.51404629925863,8.294446729722786,120.5625923687645
84.2145555602,0.03669646605002778,0.15087872590007229,0.2717184830190151,0.12083975711894279,1.63371749338e-07,0.440383091813,222.46088244997867,46.09224316186208,0.17163175091278784,0.17164385930494988,268.55312561184076,268.93150921787657,-0.14069887427331507,1.5865410473717954,0.17163175092569696,0.019775442287469486,0.14062518368866042,0.17161866499427247,0.019775950021057365,0.14062698894969403,0.14714128651482375,0.26959360856918924,0.12245232205436549,0.19999999999999996,0.1999858567277152,214.8462987094511,53.7068269023897,-5.9817392294991834e-05,7.430034365540905e-09,0.37295167682063496,0.3729564645486282,0.1426919219818202,12.969706540228987,77.10274684305574,17.361774108067593,57.597800419216625,8.099529952556132,123.46395480448959
84.6645555602,0.03675896605002778,0.1508955261946766,0.2716378827850554,0.1207423565903788,1.65179788338e-07,0.440103275023,223.78604413839122,46.36680682497782,0.1716317509129854,0.171643761610575,270.152850963369,270.53348853628484,-0.14069887427810013,1.5865410473716528,0.17163175092572724,0.019732603056551033,0.14047278404214472,0.17161874826564366,0.019733108893087815,0.14047458450939734,0.1471535329800068,0.26954462270860796,0.12239108972860116,0.19999999999999968,0.19998596718786657,216.1260717749001,54.02677918846892,-5.98174012766961e-05,7.447686911632445e-09,0.3725474981221684,0.3725522731365878,0.14262056883715016,12.834609620593785,77.91432926759603,17.336239085937052,57.682637799520656,7.907652392109547,126.4597822987041
85.1145555602,0.03682146605002778,0.15091213943124251,0.2715581855908593,0.1206460461596168,1.66999430724e-07,0.439821551367,225.10887661576254,46.64088789273704,0.17163175091280805,0.1716436643858228,271.7497645084996,272.13265208654946,-0.14069887428581618,1.5865410473716308,0.171631750925622,0.019689919802241128,0.14032077466377219,0.17161883157432514,0.019690423723664245,0.14032257025747585,0.14716548231446602,0.26949682537024683,0.1223313430557808,0.19999999999999987,0.1999860772195026,217.40359511912112,54.34616938937844,-5.9817402664474884e-05,7.3863581917521515e-09,0.37214435445280963,0.37214911654210275,0.14255094690239445,12.701460525263986,78.73110324682256,17.310372573616547,57.76883170753593,7.719038476619026,129.54981414187802
85.5645555602,0.03688396605002778,0.15092856867137594,0.27147937682655215,0.12055080815517621,1.68833075579e-07,0.439537903319,226.4292905767481,46.91446786192591,0.17163175091283966,0.1716435677264591,273.343758438674,273.728891908161,-0.1406988742775006,1.5865410473720225,0.1716317509256615,0.019647392889314795,0.1401691581244419,0.17161891494900647,0.019647894915274335,0.1401709488991008,0.1471771401273504,0.2694501941189075,0.12227305399155713,0.20000000000000007,0.1999861867208424,218.6787825245805,54.664975914093496,-5.9817377973114816e-05,7.409362012822385e-09,0.37174225263083327,0.37174700193955057,0.14248302349788028,12.570356406520478,79.5522392253955,17.284190910896044,57.85633849771902,7.533793269011817,132.73525889185527
86.0145555602,0.03694646605002778,0.15094481619179947,0.27140144073405886,0.12045662454225939,1.70678083023e-07,0.439252314598,227.74719753506008,47.18752839881189,0.17163175091298416,0.17164347163550975,274.934725933872,275.3221010306608,-0.14069887427804462,1.5865410473722124,0.17163175092567035,0.019605022274252433,0.1400179355448881,0.17161899757105567,0.01960552235385981,0.14001972130332144,0.1471885119452548,0.26940470684733175,0.12221619490207694,0.20000000000000012,0.199986295477855,219.9515485961376,54.9831773377344,-5.981736601601284e-05,7.414535652117138e-09,0.37134119562853557,0.37134593163373436,0.1424167664222777,12.442040298189728,80.37267007931942,17.25785356643071,57.94463350559192,7.352168461453695,136.01429363906016
86.4645555602,0.03700896605002778,0.15096088751553682,0.271324354138775,0.12036346662323816,1.72533503762e-07,0.438964769833,229.06250983143173,47.46005134092484,0.17163175091287752,0.17164337613287356,276.5225611723566,276.9121734831762,-0.1406988742744253,1.5865410473721928,0.17163175092564997,0.019562807533374284,0.1398671066883643,0.17161908003802692,0.019563305654494406,0.13986888737133218,0.14719960410560387,0.2693603382058338,0.12216073410022996,0.20000000000000007,0.19998640374817753,221.22180860826154,55.30075256409502,-5.98173672483604e-05,7.402656265753649e-09,0.37094118281804195,0.37094590536261224,0.1423521387510549,12.316528894462653,81.19170657323644,17.231389454259713,58.03362535879505,7.174055289064889,139.39117552164086
86.9145555602,0.03707146605002778,0.15097678527365158,0.27124810156257895,0.12027131628892737,1.74399176592e-07,0.438675253894,230.37514064078624,47.732018698862575,0.17163175091284888,0.1716432811842915,278.10715933964883,278.4990043036166,-0.14069887429132288,1.5865410473721853,0.1716317509256986,0.01952074848038225,0.13971667216328282,0.171619161872913,0.019521244593316105,0.1397184475769614,0.14721042176341081,0.26931706757485036,0.12210664581143954,0.19999999999999965,0.1999865112648864,222.48947878552457,55.61768055412424,-5.981736771465407e-05,7.430989157342083e-09,0.37054221581292096,0.37054692438282305,0.14228911044947,12.193503833511688,82.01088166730854,17.204874116384147,58.12306403612121,6.999137453313147,142.8747480200771
87.3645555602,0.03713396605002778,0.1509925133626514,0.27117266317705646,0.12018014981440506,1.76276192351e-07,0.438383753853,231.68500398012688,48.003412657553866,0.17163175091280009,0.17164318688940694,279.6884166376807,280.0824895475268,-0.14069887427903272,1.5865410473728148,0.1716317509255416,0.0194788443246318,0.13956663041225792,0.17161924290026048,0.019479338397509018,0.1395684004261316,0.1472209702518294,0.269274873620389,0.12205390336855959,0.20000000000000012,0.19998661802670123,223.754476093068,55.93394054461273,-5.98173280463854e-05,7.33950678011297e-09,0.37014429048283404,0.3701489847319279,0.14222765044268293,12.07318221553776,82.8282040432584,17.17830135648589,58.212973404523325,6.82735822843305,146.46953719748063
87.8145555602,0.03719646605002778,0.15100807583858467,0.27109802182961856,0.1200899459910339,1.78164700065e-07,0.438090257887,232.99201471498745,48.274215577858136,0.17163175091299276,0.17164309302575798,281.2662302928456,281.6625262965961,-0.14069887427381467,1.5865410473727402,0.17163175092560454,0.019437094912203832,0.13941698215140017,0.17161932353607237,0.019437586898240093,0.13941874658108247,0.14723125451783547,0.2692337365566806,0.12200248203884512,0.20000000000000012,0.19998672424567715,225.01671825564915,56.24951203719644,-5.981733274262879e-05,7.376188548846585e-09,0.3697474087269762,0.36975208816625094,0.14216772990998316,11.955366381055644,83.64444619485607,17.15152519470385,58.303852785569525,6.658977929848924,150.17319632754624
88.2645555602,0.03725896605002778,0.1510234759390928,0.2710241601701028,0.12000068423100999,1.80064694045e-07,0.437794795391,234.29608856677925,48.54440999771709,0.17163175091295305,0.17164299975511196,282.84049856449633,283.2390126668226,-0.14069887427372585,1.586541047372663,0.1716317509255997,0.01939550016496078,0.13926772836863816,0.17161940348441304,0.019395990069952698,0.13926948721795704,0.14724128065402745,0.26919363201188984,0.12195235135786239,0.1999999999999998,0.19998682977052593,226.27612392586772,56.564374638628614,-5.981733760540564e-05,7.373368582364037e-09,0.36935157316543016,0.36935623780503785,0.14210931335160623,11.840803278190684,84.45372974330873,17.124538893008403,58.39573294486075,6.495016388976892,153.96419964346265
88.7145555602,0.03732146605002777,0.15103871920004783,0.2709510514882927,0.11991233228824486,1.81978532341e-07,0.437497324682,235.59714211865673,48.81397863388016,0.17163175091297742,0.17164290711980623,284.41112075253693,284.81184781632817,-0.1406988743142712,1.5865410473720143,0.17163175092562108,0.019354059958989582,0.13911886988827066,0.17161948274673802,0.019354547757636207,0.13912062304933875,0.14725105668131203,0.2691545279028585,0.12190347122154646,0.19999999999999998,0.19998693451680277,227.53261257074882,56.878508181788085,-5.981737849491964e-05,7.385825284700331e-09,0.3689567859843165,0.36896143553812943,0.1420523540348645,11.7289057975889,85.25944510574627,17.097299584395135,58.488768654010684,6.334886998105558,157.85601231703882
89.1645555602,0.037383966050027785,0.15105380766238746,0.270878686210283,0.11982487854789553,1.83907007951e-07,0.437197833319,236.89509282245746,49.08290438293636,0.1716317509129357,0.1716428150703119,285.9779972053938,286.3809319528259,-0.14069887428765915,1.5865410473724084,0.17163175092564958,0.019312774420037836,0.13897040843301078,0.17161956137049272,0.019313260082885596,0.13897215578268043,0.14726058686827564,0.2691164071551456,0.12185582028686998,0.20000000000000012,0.19998703860688025,228.78610443756043,57.19189276783338,-5.9817353659230577e-05,7.402434221148724e-09,0.36856305175243825,0.3685676858938567,0.14199682708903658,11.61822949202088,86.07163429563651,17.069770605257027,58.58309541031718,6.17728855340369,161.88332329869866
89.6145555602,0.037446466050027785,0.15106874310851412,0.2708070556654869,0.11973831255697279,1.85848757429e-07,0.436896313852,238.18985900348545,49.35117032255739,0.17163175091300825,0.17164272363758562,287.5410293260428,287.9461663407367,-0.14069887432168748,1.586541047371866,0.17163175092562516,0.019271643596668473,0.13882234545154634,0.17161963934403668,0.01927212708787362,0.13882408684329106,0.14726987523783777,0.2690792536767765,0.12180937843893871,0.1999999999999999,0.19998714203866064,230.0365206522728,57.50450867377001,-5.9817387842997505e-05,7.388201161973029e-09,0.3681703743118563,0.3681749926522779,0.14194270907452675,11.508700640999255,86.8907821303078,17.04199229749741,58.67858537565755,6.022139126147126,166.05395176909255
90.0645555602,0.03750896605002778,0.15108352745916587,0.2707361513564002,0.11965262389723436,1.87802993771e-07,0.436592759875,239.4813598674597,49.618759712685005,0.17163175091295538,0.17164263276367933,289.1001195801447,289.5074533079545,-0.140698874296874,1.5865410473723605,0.17163175092560534,0.01923066741437961,0.13867468195160793,0.1716197167999773,0.01923114870793384,0.13867641727393248,0.14727892578247426,0.26904305149812846,0.1217641257156542,0.20000000000000004,0.19998724482209812,231.28378318757242,57.81633639257224,-5.9817356679037204e-05,7.376654842516928e-09,0.36777875633517043,0.3677833585788989,0.14188997672979006,11.400344575254364,87.71664693105893,17.013977484750463,58.77520414590266,5.869454910378701,170.3735722088509
90.5145555602,0.03757146605002778,0.15109816277576227,0.27066596460140746,0.11956780182564519,1.89769364392e-07,0.4362871667,240.76951550464776,49.88565599661062,0.17163175091276378,0.17164254235607482,290.65517150125834,291.0646962522615,-0.14069887426272354,1.5865410473726633,0.1716317509255597,0.01918984585554738,0.1385274191470677,0.17161979395588858,0.01919032492280706,0.1385291482786459,0.14728774254886973,0.26900778443232004,0.12172004188345031,0.19999999999999996,0.19998734708233942,232.52781483695932,58.12735666429904,-5.981733758320118e-05,7.350076103307401e-09,0.3673882010416877,0.36739278686695415,0.14183860647694418,11.293179282870275,88.54902370290183,16.985674726753647,58.873139636009206,5.719242899143808,174.848317799145
90.9645555602,0.03763396605002777,0.15111265089465914,0.2705964866379359,0.11948383574327676,1.91747986688e-07,0.435979530479,242.0542468951555,50.15184280219289,0.1716317509129858,0.17164245250095425,292.2060896973484,292.6177996473873,-0.14069887427730077,1.5865410473725228,0.17163175092560923,0.019149179088235335,0.13838055892442166,0.17161987082907693,0.019149655895850683,0.138382281726566,0.14729632952600627,0.2689734365240194,0.12167710699801312,0.20000000000000018,0.19998744874563126,233.7685393108386,58.4375503865098,-5.9817346442780917e-05,7.378919697487163e-09,0.3669987134345792,0.3670032824735709,0.14178857507516823,11.187164613381464,89.38815460030467,16.957083527809157,58.9724051521022,5.571330564670204,179.49033689391132
91.4145555602,0.037696466050027785,0.15112699341313784,0.2705277090071494,0.11940071559401155,1.93740384827e-07,0.43566984801,243.33547591458785,50.41730394237036,0.17163175091286242,0.17164236320964624,293.75277985695817,294.1666690487182,-0.14069887424651428,1.5865410473733745,0.17163175092553298,0.01910866709174237,0.13823410249190454,0.1716199472907868,0.01910914161273177,0.13823581884855954,0.14730469021158538,0.26893999378132305,0.12163530356973767,0.19999999999999993,0.19998754976710628,235.00588117608896,58.74689868086924,-5.9817292763497676e-05,7.334488572041664e-09,0.366610296718201,0.3666148486631275,0.14173986214407816,11.082724331376511,90.23052185543234,16.928229339915045,59.07292368978612,5.426023482921898,184.29702767550555
91.8645555602,0.03775896605002778,0.1511411932498777,0.27045961779332955,0.11931842454345185,1.95749033776e-07,0.435358119082,244.61312533686666,50.68202341666595,0.17163175091294028,0.1716422744891533,295.2951487535326,295.7112110986516,-0.14069887427439198,1.5865410473727979,0.1716317509255806,0.01906830990662206,0.1380880512811375,0.17162002337044363,0.019068782116602668,0.13808976108532692,0.14731282950076463,0.2689074366248431,0.12159460712407849,0.2000000000000001,0.19998765020910003,236.23976583616698,59.055382917365634,-5.981732910109727e-05,7.362244147657293e-09,0.3662229546893518,0.3662274892565018,0.1416924391638397,10.980378933230273,91.07153824843584,16.899100129676583,59.17474849704545,5.283896688668865,189.25426799968773
92.3145555602,0.03782146605002778,0.15115525333257518,0.2703921982060677,0.11923694487349251,1.97776058757e-07,0.435044343376,245.8871188399346,50.94598541161033,0.1716317509129212,0.17164218634408385,296.8331042515449,297.25133353159765,-0.14069887427713423,1.586541047372981,0.1716317509255457,0.01902810756487294,0.13794240669523256,0.17162009895472005,0.019028577442420615,0.13794410985040506,0.14732075261595254,0.2688757441639168,0.12155499154796426,0.20000000000000018,0.1999877499892158,237.47011960996412,59.3629846415808,-5.9817317554777816e-05,7.34190486184616e-09,0.36583669106922134,0.36584120800253117,0.14164627570526805,10.87961562276262,91.91501195205588,16.86978651526337,59.277572902017724,5.144549838661301,194.38046697205618
92.7645555602,0.03788396605002778,0.1511691751423119,0.2703254426491768,0.1191562675068649,1.99826744606e-07,0.434728521695,247.15738100855162,51.20917430172544,0.17163175091280605,0.17164209890820253,298.3665553102771,298.7869451786273,-0.14069887427609062,1.586541047373196,0.17163175092550095,0.018988059671780272,0.13779716859130406,0.17162017396674983,0.01898852720259185,0.13779886502650104,0.1473284632112826,0.26884490178237314,0.12151643857109054,0.20000000000000004,0.19998784896831442,238.6968697096891,59.66968560058792,-5.9817304010056915e-05,7.3158368252279615e-09,0.3654515054788629,0.36545600459014344,0.14160135047824143,10.779864187178125,92.76554719394593,16.840487685042746,59.38070314247326,5.007453421002945,199.70230692624386
93.2145555602,0.03794646605002778,0.1511829604856013,0.27025934380139605,0.11907638331579476,2.0190852636e-07,0.434410655662,248.42383733814927,51.47157465029285,0.1716317509128034,0.17164201192331188,299.89541198844216,300.31795597176745,-0.14069887428410643,1.5865410473731332,0.17163175092552396,0.01894816531348863,0.13765233493656628,0.17162024864645536,0.018948630472100828,0.13765402454015221,0.1473359648784727,0.26881489511372947,0.12147893023525677,0.1999999999999999,0.19998794742979573,239.91994410126068,59.975467887181495,-5.981730797355311e-05,7.3292483193654334e-09,0.36506739252713083,0.36507187352031384,0.14155764255632808,10.68110603639382,93.62326303967883,16.81112192435029,59.48442968291943,4.872559808793748,205.2309338913092
93.6645555602,0.03800896605002778,0.1511966107100458,0.27019389428227647,0.11899728357223066,2.04031371259e-07,0.434090748873,249.68641423829203,51.73317120991378,0.1716317509128925,0.171641925525852,301.4195854482058,301.84427694794505,-0.14069887427829997,1.5865410473733101,0.17163175092550012,0.018908424487036744,0.13750790699824045,0.17162032284342582,0.01890888725196138,0.13750958967272567,0.14734326110721507,0.26878571019864206,0.12144244909142698,0.19999999999999996,0.19998804521748917,241.13927176415316,60.280313684052615,-5.9817296815811716e-05,7.3153483270971265e-09,0.3646843555748192,0.3646888181913526,0.1415151316064185,10.583313590576173,94.48836524039521,16.781486766426198,59.589475826459264,4.739830747206848,210.97799759818292
94.1145555602,0.03807146605002778,0.15121012738103592,0.2701290870105717,0.11891895962953578,2.06211138617e-07,0.433768805296,250.9450390354309,51.99394892307984,0.17163175091282973,0.1716418395919054,302.9389879585108,303.36582025257735,-0.1406988742869042,1.586541047373348,0.17163175092547583,0.018868837238859234,0.13736388622508913,0.17162039663898523,0.018869297589842515,0.1373655618772133,0.1473503553541942,0.2687573332106035,0.12140697785640933,0.2000000000000001,0.1999881424744946,242.3547824735849,60.584205484925846,-5.981729443993444e-05,7.301204085763402e-09,0.3643023984641874,0.36430684245673567,0.14147379748865882,10.48648813658203,95.36080973681818,16.751660365871487,59.69557513458912,4.609248984417387,216.95508387173857
94.5645555602,0.03813396605002778,0.15122351193669772,0.2700649147460507,0.11884140280935299,2.08472003121e-07,0.4334448298,252.19963997561567,52.25389292303137,0.17163175091296037,0.1716417542003989,304.45353289864704,304.88249914281397,-0.14069887427876626,1.5865410473736117,0.17163175092547767,0.018829403193499232,0.13722027253106311,0.17162046998181923,0.018829861112819046,0.13722194107656052,0.14735725103874167,0.26872975047242303,0.12137249943368136,0.2000000000000001,0.1999882391087356,243.56640696381317,60.88712593483392,-5.9817277808793534e-05,7.302269899867042e-09,0.3639215209670245,0.3639259461121068,0.1414336202807185,10.390660911024687,96.24026888789925,16.7216919825197,59.80256071247854,4.480836154858277,223.1726323926764
95.0145555602,0.03819646605002778,0.15123676600732075,0.27000137007639863,0.11876460406907788,2.10848738739e-07,0.433118828965,253.45014622698787,52.51298853379341,0.17163175091290309,0.1716416692981641,305.96313476078126,306.3942279904271,-0.1406988742814419,1.5865410473733963,0.17163175092541025,0.018790122163555495,0.13707706651207377,0.17162054295017454,0.018790577643641455,0.1370787279034988,0.14736395166549116,0.2687029479650874,0.12133899629959627,0.19999999999999996,0.19998833520138717,244.7740768069749,61.18905795380632,-5.9817291386821125e-05,7.262990209255804e-09,0.3635417246637455,0.3635461308355314,0.14139457956254498,10.295870185490932,97.12632171773227,16.691518127140966,59.910667944215724,4.354635223482003,229.6403599106498
95.4645555602,0.03825896605002778,0.15124989116765267,0.26993844539792505,0.11868855423027239,2.13396936922e-07,0.432790810526,254.69648788168345,52.77122127108572,0.1716317509129574,0.17164158477234315,307.4677091527692,307.9009222843553,-0.14069887429113415,1.5865410473734383,0.1716317509254688,0.018750994072004083,0.136934269165918,0.17162061554352187,0.01875144711128262,0.1369359233776244,0.14737046076721436,0.26867691155848605,0.1213064507912717,0.2,0.19998843084342255,245.97772446428505,61.48998468848414,-5.981728874449033e-05,7.297096260572289e-09,0.36316301220060493,0.36316739933107806,0.14135665475183665,10.202274372907985,98.01735999724609,16.661141761653994,60.019896253540274,4.23072685821246,236.36600364754196
95.9145555602,0.03832146605002778,0.15126288930065507,0.2698761312705382,0.11861324196988315,2.16208050046e-07,0.432460782524,255.93859595793936,53.028576842361154,0.17163175091301988,0.1716415008043159,308.9671728003005,309.4024986328988,-0.1406988742889248,1.5865410473731796,0.17163175092552038,0.01871201871578292,0.13679188103020926,0.17162068770141592,0.018712469262600326,0.13679352785347823,0.14737678207644436,0.26865162632182527,0.1212748442453809,0.20000000000000007,0.19998852582946436,247.17728338227107,61.78988941802948,-5.981730504256433e-05,7.327161100079138e-09,0.3627853850034059,0.3627897525390238,0.14131982410048843,10.11097188850484,98.90246071566074,16.630556466397536,60.130278984983185,4.110036788334877,243.30682460998986
96.3645555602,0.03838396605002778,0.1512757653513923,0.26981440725716266,0.11853864190577035,2.19426673646e-07,0.432128754372,257.1764024013855,53.285041147191,0.1716317509129076,0.1716414172221719,310.4614435485765,310.8988747655712,-0.14069887429620787,1.5865410473723165,0.17163175092559357,0.018673196045701647,0.136649903204143,0.17162076001251783,0.018673644094643865,0.13665154259884468,0.1473829219154639,0.2686270669661096,0.12124414505064571,0.20000000000000004,0.19998862054710828,248.37268772023276,62.08875582834374,-5.9817359443492535e-05,7.369793664224744e-09,0.3624088459873219,0.3624131938216562,0.14128405077233452,10.022445643890867,99.77604623972644,16.599688765699824,60.24209333769645,3.99303031521114,250.43636563203074
96.8145555602,0.03844646605002778,0.1512885220795745,0.26975325774736647,0.11846473566779198,2.23280595268e-07,0.431794736526,258.40984008631165,53.54060027774622,0.17163175091294097,0.17164133385950692,311.9504403640579,312.38996953460685,-0.14069887429605243,1.5865410473730048,0.1716317509254916,0.018634526199238676,0.13650833747152105,0.17162083208367654,0.01863497171228418,0.13650996927801345,0.1473888854088414,0.26860321299208983,0.12121432758324843,0.19999999999999987,0.19998871497767334,249.56387265893056,62.38656770512725,-5.981731606707896e-05,7.310374527946806e-09,0.362033399883169,0.3620377275928336,0.1412493049083103,9.93612145281019,100.6428921737037,16.56859105452034,60.3551621685523,3.879161730178989,257.78765350777445
97.2645555602,0.03850896605002778,0.1513011630275587,0.2696926695315913,0.11839150650403263,2.28151618873e-07,0.431458740197,259.6388428168055,53.79524051867289,0.17163175091297952,0.17164125040553585,313.4340833354784,313.8757029161266,-0.14069887428215244,1.5865410473729085,0.17163175092554883,0.018596008879146596,0.13636718402587406,0.17162090458207055,0.01859645179952036,0.13636880801532422,0.14739467720633453,0.26858004580240663,0.1211853685960721,0.20000000000000018,0.19998880958386006,250.7507741262077,62.68330920927072,-5.981732213999891e-05,7.3437256276065455e-09,0.36165904720420927,0.3616633541823168,0.14121555941888625,9.851378828653706,101.50863319674617,16.537215870713787,60.46967082112822,3.7678833149341453,265.40100008842177
97.7145555602,0.03857146605002777,0.1513136899544389,0.26963263528178355,0.11831894532734466,2.34659953711e-07,0.431120780484,260.8633453270869,54.04894834734273,0.17163175091290953,0.1716411663646069,314.9122936744297,315.3559960109659,-0.1406988743352655,1.5865410473738373,0.17163175092529848,0.018557644439427902,0.13622644544811371,0.17162097770713988,0.018558084671761576,0.13622806124936807,0.14740030075626767,0.26855755160142275,0.12115725084515508,0.20000000000000032,0.1999889048527965,251.9333289377982,62.97896473663141,-5.981726359793882e-05,7.197864526631292e-09,0.3612857947952718,0.3612900800574869,0.14118279420992294,9.767677742189553,102.37847996158776,16.505457023301403,60.586023070325204,3.658723361299462,273.3193798081612
98.1645555602,0.03863396605002778,0.15132610529598722,0.2695731487493811,0.11824704345339387,2.43791309753e-07,0.430780871914,262.0832832827217,54.30171043422567,0.17163175091296043,0.17164108115241286,316.3849937169474,316.83077104516457,-0.1406988742749471,1.5865410473763877,0.1716317509251369,0.018519433071298778,0.13608612372794948,0.17162105240417422,0.018519870491087366,0.1360877308617032,0.14740575926507107,0.2685357175654017,0.1211299583003306,0.20000000000000018,0.1999890015758438,253.11147470991548,63.27351900703192,-5.981710283764485e-05,7.103717614143079e-09,0.3609136479332597,0.3609179102084194,0.14115099060169858,9.68449382706583,103.2578488723118,16.473385631868133,60.70397563361096,3.551088423712456,281.6038016182538
98.6145555602,0.03869646605002778,0.1513384095001025,0.26951420910134116,0.11817579960123867,2.5699308266e-07,0.430439019611,263.29859327937385,54.55351364237214,0.17163175091302138,0.17164099459161586,317.852106921746,318.2999513701227,-0.1406988742690629,1.5865410473740496,0.1716317509253922,0.018481374791325448,0.13594622021713385,0.17162112890120965,0.01848180930082582,0.13594781830108868,0.14741105437226787,0.2685145371378905,0.1211034827656226,0.2000000000000001,0.19998909998788605,254.28515012921267,63.566956792533304,-5.981725020864914e-05,7.252465294982358e-09,0.3605426102031522,0.36054684847736435,0.1411201390435607,9.600876748780953,104.15715420229434,16.44110569671396,60.823159855961954,3.4437448963942043,290.3815555696523
99.0645555602,0.03875896605002778,0.1513506009203529,0.2694558200818525,0.11810521916149957,2.75928194825e-07,0.430095217407,264.5092128438747,54.8043450277573,0.17163175091296728,0.17164090589791808,319.313557871632,319.76346146242594,-0.1406988743292703,1.5865410473667625,0.1716317509260531,0.01844346930514187,0.13580673512437397,0.1716212064770008,0.018443900584028654,0.13580832295565928,0.1474161855386299,0.2684940124757481,0.12107782693711822,0.20000000000000007,0.1999892004324415,255.45429474564617,63.85926312598582,-5.981770951901666e-05,7.637535048843347e-09,0.3601726821584611,0.3601768932415956,0.14109024267722062,9.517430082429522,105.07038048497323,16.408711806215067,60.94323623998526,3.33684329030977,299.6844361567746
99.5145555602,0.03882146605002777,0.1513626841719708,0.2693979761304932,0.11803529195852241,3.0169351112e-07,0.429749473759,265.71508043379447,55.05419183931051,0.17163175091296473,0.1716408140229163,320.76927227310495,321.22122692334085,-0.1406988742819748,1.5865410473555008,0.17163175092732888,0.018405716191759257,0.1356676681887002,0.1716212880003353,0.01840614401399691,0.1356692449083318,0.1474211548511735,0.26847413523194985,0.12105298038077636,0.19999999999999998,0.19998930478865243,256.6188485136447,64.15042375946022,-5.9818419340107454e-05,8.380851568290382e-09,0.3598038631070694,0.35980804472101646,0.14106128934404108,9.437774865670221,105.95717891486123,16.377470602672485,61.05948984801227,3.2352867605421136,309.09161196964106
99.93220777642,0.03887947330228055,0.15137379366188025,0.26934476571360294,0.11797097205172269,3.25261505135e-07,0.429426867846,266.82996066595746,55.28518674585103,0.17163175091288585,0.17164073544189012,322.1151474118085,322.56899836129617,-0.14069887428528327,1.5865410473508417,0.17163175092783017,0.018370812586172288,0.13553897072861476,0.17162135815201254,0.018371237308167858,0.1355405375087758,0.14742562475632073,0.26845625561386804,0.12103063085754731,0.20000000000000026,0.1999893934719277,257.69553445280036,64.41961295900816,-5.98187130051997e-05,8.672929041608768e-09,0.35946254491439283,0.3594667001678964,0.14103524576747653,9.361954599639974,106.81530115927461,16.34805325282498,61.16936276967399,3.139615874534878,318.510301884668
100.3130797127,0.038932372182319444,0.15138383731988223,0.2692966370528705,0.11791279973298827,3.40390922748e-07,0.429131236345,267.843005229276,55.49508205794071,0.17163175091292354,0.17164067219930823,323.33808728721675,323.7936613237257,-0.14069887429126737,1.5865410473483934,0.17163175092815403,0.018339094272544532,0.1354219120842138,0.1716214175931001,0.01833951655966186,0.13542347122881565,0.14742958357825792,0.26844042032773635,0.12101083674947843,0.19999999999999998,0.1999894649967227,258.6738761975826,64.6642110896341,-5.981886732620012e-05,8.86162254687406e-09,0.35915209399393505,0.3591562289971924,0.1410121799792834,9.290891537785434,107.63229728095166,16.32018649439774,61.273809606481635,3.0499659503519574,327.87251276841397
100.70042496,0.03898617013333334,0.15139398053945632,0.26924806488750724,0.11785408434805092,3.57199189256e-07,0.428829189809,268.8696540122769,55.70779606331975,0.17163175091290217,0.171640602672115,324.5774500755967,325.0347703384045,-0.14069887425631755,1.586541047352378,0.1716317509276839,0.018306945224272137,0.13530316043711668,0.17162148338834932,0.018307364782566244,0.13530471086612705,0.14743350067337901,0.2684247519449057,0.12099125127152671,0.2,0.19998954404037145,259.6653538291917,64.91209624640501,-5.981861617154749e-05,8.587708322238541e-09,0.35883715306551545,0.35884126495417573,0.14098935730475196,9.225010176663746,108.40096442708241,16.29266832313315,61.377300523582726,2.9662313169218164,337.12812426164464
101.1084650547,0.03904284236870833,0.1514045936055999,0.26919729095721207,0.11779269735161216,3.74252367126e-07,0.428509505815,269.9471722071808,55.93104983318186,0.17163175091293564,0.171640520365319,325.8782220403627,326.3373750533748,-0.14069887426685357,1.5865410473497366,0.17163175092795951,0.01827319755990104,0.1351783916160458,0.17162156049681454,0.018273613655555396,0.13517993066855521,0.14743751284811848,0.26840870324732397,0.12097119039920548,0.20000000000000007,0.19998963772940168,260.705954470609,65.17226756975366,-5.981878266059226e-05,8.748290980520324e-09,0.35850625400595343,0.35851033572302565,0.14096598066002916,9.158530582192224,109.18782123678139,16.263442802075414,61.48759596414529,2.8816827392415694,347.0194641423956
101.5447035907,0.03910343105426389,0.1514158591892481,0.2691434435281559,0.11772758433890779,3.90892687261e-07,0.428166041405,271.0945883793866,56.168785944938136,0.17163175091287092,0.171640422119076,327.26337432432473,327.72447897688056,-0.1406988742480797,1.58654104734882,0.17163175092804062,0.018237253100388047,0.1350453742280277,0.1716216506200779,0.018237664853223208,0.13504689871753148,0.14744167609340839,0.26839205026656937,0.12095037417316098,0.19999999999999998,0.1999897495687162,261.81405405019,65.44932027413473,-5.9818840436598464e-05,8.79554207244837e-09,0.35815347894386007,0.3581575220384237,0.14094172381252423,9.089934039752588,110.01179938454408,16.23253428965821,61.60467504061288,2.7952515251972216,357.7495588449573
101.9947035907,0.039165931054263886,0.15142739034106045,0.2690883669119425,0.11766097657088204,4.00495426478e-07,0.427809938748,272.2732031474388,56.41298617424459,0.1716317509131286,0.17164031559813966,328.68618932168334,329.14929867956545,-0.1406988742616022,1.586541047343233,0.17163175092872798,0.01820032205799878,0.13490856925339761,0.17162174976406966,0.018200729231743453,0.13491007831790572,0.14744583577935863,0.2683754115262048,0.12092957574684618,0.20000000000000007,0.1999898717198835,262.9522804831426,65.73390883854078,-5.9819192577137414e-05,9.196043926351649e-09,0.35779065883335515,0.35779466101932866,0.14091748770678716,9.018918973961613,110.87803348572984,16.200115960235625,61.72795321061735,2.707101511383462,369.39878161013286
102.4447035907,0.039228431054263886,0.15143882100366,0.2690337581844709,0.1175949371808109,4.06566190575e-07,0.427452025055,273.446687887126,56.65612349957268,0.1716317509129085,0.17164021069244711,330.10281138669865,330.56791672411345,-0.14069887423555638,1.586541047339764,0.17163175092901367,0.018163541065328446,0.1347721820901051,0.171621845970496,0.01816394358599915,0.13477367541919733,0.14744986033309843,0.26835931331267315,0.12090945297957473,0.19999999999999996,0.19998999144855895,264.0855529603275,66.01725842637113,-5.9819411235562114e-05,9.362488562203453e-09,0.35742894679919085,0.3574329072533097,0.140894038936773,8.946705766413626,111.77298394611896,16.167430975025532,61.852745902842535,2.6186094719802875,381.88206783036026
102.8858532521,0.039289701840569444,0.15144992610163627,0.26898068398324526,0.117530757881609,4.1375890779e-07,0.427099384804,274.59206087958523,56.893436279696886,0.17163175091294874,0.17164011186215644,331.48549715928215,331.95255066108706,-0.1406988742441606,1.5865410473294528,0.17163175093014452,0.01812762790570519,0.1346388796213976,0.17162193586298258,0.018128025889078105,0.1346403575792864,0.14745367334354817,0.2683440612765267,0.12089038793297854,0.20000000000000018,0.19999010373332726,265.19167819630377,66.29381896297839,-5.982006116012073e-05,1.0021361518397498e-08,0.357075415675357,0.357079335363548,0.1408718227133822,8.877104108443664,112.64934913276805,16.13607180763392,61.972951776708356,2.53417916609343,394.60509082376853
103.2939120141,0.039346376668625,0.1514601052151842,0.26893198310803457,0.11747187789285038,4.21563633742e-07,0.426771655571,275.647038758713,57.112019863436245,0.17163175091286526,0.17164003301743713,332.75905862214927,333.2279065355547,-0.14069887431695793,1.5865410473305899,0.17163175093001076,0.0180945355421903,0.134515930440191,0.1716220093009564,0.018094929965865002,0.13451739651756944,0.14745708710791253,0.26833040621840276,0.12087331911049023,0.1999999999999998,0.1999901931905219,266.2105102024094,66.54854841973983,-5.981998948412226e-05,9.943446066529305e-09,0.3567493424778546,0.35675323065777553,0.14085193266110746,8.811200688864352,113.49191050248191,16.105543218271766,62.090423554636665,2.4545798691799585,407.4016953190797
103.6872170924,0.03940100237394445,0.15146983919362128,0.26888539217867696,0.11741555298505568,4.29982751498e-07,0.426454378324,276.65976048821057,57.321848286760215,0.1716317509129144,0.17163996236546736,333.98160877497077,334.4521792261919,-0.1406988742934434,1.586541047329466,0.1716317509301343,0.018062754703968658,0.13439774813578037,0.17162207613685415,0.018063145967849314,0.1343992037470807,0.1474602777966027,0.2683176434642596,0.12085736566765692,0.20000000000000004,0.19999027334998365,267.1885355421971,66.79307323277371,-5.982006031635123e-05,1.0015410722985507e-08,0.3564359115016643,0.35643977192452725,0.14083334234463227,8.749885287174111,114.28721259532797,16.075788628868533,62.20534638059516,2.3803700190067834,420.1027537799577
104.0851595449,0.039456272159013886,0.1514796205363786,0.26883859494205276,0.11735897440567417,4.39030587176e-07,0.426131987459,277.68027850802486,57.53329204353845,0.17163175091292593,0.1716398875100006,335.21357055156335,335.68587680143656,-0.1406988743087867,1.5865410473300603,0.17163175093011923,0.018030714694129563,0.13427849676746298,0.17162214679896975,0.018031102509475705,0.13427994083062333,0.14746341017793252,0.26830511393886564,0.12084170376093312,0.2,0.1999903583597606,268.1740884499013,67.03948210166205,-5.982002286852861e-05,1.0006639961090968e-08,0.35611964526392137,0.3561234750599929,0.14081509175097404,8.69001729280076,115.07456962467144,16.045492519272624,62.3227986799954,2.3081838102511654,433.2410597279013
104.4989600709,0.03951374445429166,0.15148972228272184,0.268790295987891,0.11730057370516916,4.48664969817e-07,0.425795303707,278.73700515237493,57.75223795851267,0.17163175091300267,0.17163980362198758,336.4892431108876,336.96334674635517,-0.14069887423820981,1.5865410473327377,0.17163175092983185,0.017997521655613812,0.13415484208784195,0.17162222513083972,0.017997905507484396,0.13415627271016586,0.14746656710696165,0.26829248622131313,0.12082591911435148,0.19999999999999996,0.19999045370267315,269.19460671507215,67.2946363958155,-5.981985410352664e-05,9.839196124517002e-09,0.35579170101594454,0.3557954951656094,0.14079669813033255,8.629024261824977,115.88795785683736,16.013833882020247,62.446008080723495,2.2353609148395,447.3550527619386
104.9311879222,0.03957377610030556,0.15150019858842587,0.2687402378308834,0.11724003924245754,4.58800327868e-07,0.425442076112,279.83589343183536,57.97991945114921,0.1716317509128348,0.17163970975692128,337.8158128829846,338.29178561714485,-0.14069887428450611,1.5865410473397552,0.17163175092905134,0.017962985838235197,0.13402606402575284,0.17162231180069815,0.017963365195657232,0.13402747925577513,0.14746975748945682,0.2682797246874308,0.12080996719797396,0.19999999999999998,0.1999905605074068,270.25583911625125,67.55997376673334,-5.981941179067363e-05,9.384426569170046e-09,0.35545016905890775,0.35545392238669027,0.14077810959261425,8.56621841248357,116.73762585164741,15.981044822035763,62.57413148739382,2.161328570174809,462.67837930774203
105.3680177776,0.03963444691355556,0.15151070340581133,0.2686900552644009,0.11717935185858955,4.69159060329e-07,0.425083487581,280.94135438516497,58.20896275308272,0.17163175091284089,0.17163961324020394,339.1503171382477,339.62817015016117,-0.14069887421358507,1.5865410473451858,0.1716317509286235,0.01792822272622512,0.13389631334067834,0.17162240073613258,0.017928597427455336,0.13389771255497734,0.14747287044045795,0.2682672728812855,0.12079440244082754,0.20000000000000012,0.19999067034004533,271.3234178677306,67.82689927051713,-5.9819069508915135e-05,9.135159295681206e-09,0.35510605761103015,0.3551097684635554,0.14075997220595515,8.502287697416472,117.61540371115208,15.948019603343722,62.70371023310858,2.0869899728256236,479.15898639708223
105.7912744692,0.03969323256516667,0.151520797733849,0.2686418222006826,0.11712102446683362,4.79439449709e-07,0.424734520381,282.0075078163197,58.4298618283208,0.1716317509129852,0.17163952355710146,340.4373696446405,340.9170360767585,-0.14069887431791273,1.586541047353584,0.1716317509275789,0.01789467370727015,0.13377097483112751,0.17162248423181403,0.017895044028995694,0.13377235898718276,0.1474757804295287,0.2682556329197791,0.12077985249025042,0.19999999999999984,0.1999907723636406,272.35303714796265,68.08433249667786,-5.9818540165679224e-05,8.526535033581695e-09,0.35477364768216085,0.3547773185987578,0.1407430173587317,8.439331145731192,118.49280265602839,15.91551386034055,62.83177588704024,2.0144594141720122,496.4110932019061
106.1970508032,0.03974959038933333,0.15153040048222735,0.26859594049610386,0.1170655400138765,4.89528782464e-07,0.424398573415,283.02500996390893,58.64068071872692,0.1716317509129024,0.17163943951068852,341.6656906826359,342.14708778364553,-0.14069887431397143,1.5865410473453962,0.17163175092844174,0.017862633636450017,0.13365116399212548,0.17162256408637364,0.017862999718188444,0.13365253352700968,0.14747847348766685,0.2682448606915391,0.12076638720387223,0.20000000000000018,0.1999908680558003,273.33567261813096,68.33001806450493,-5.981905623064776e-05,9.029266223592458e-09,0.35445589767369845,0.3544595298135264,0.14072732645503053,8.378439123671763,119.3539733641653,15.883700806013731,62.957620029041955,1.944775211442612,514.1982446692189
106.5958955644,0.03980498549505555,0.1515397706917276,0.268551184295649,0.1170114136039214,4.99508201251e-07,0.424067047949,284.0206900989881,58.846978250207385,0.1716317509129334,0.17163935589199708,342.8676683491955,343.3507590019634,-0.1406988742858939,1.5865410473467365,0.17163175092831293,0.01783125845432599,0.13353373526688297,0.17162264448536624,0.017831620212023006,0.13353508981546014,0.1474810297814218,0.2682346355158768,0.12075360573445498,0.20000000000000015,0.19999096336775524,274.29723304838393,68.57043530081161,-5.9818971753777817e-05,8.954215147127798e-09,0.354144465262822,0.35414805765750484,0.14071243239335574,8.319155883921606,120.20450319156723,15.852207093779581,63.08269845858882,1.8775849878528466,532.5990602127533
106.9982995264,0.039860874934222225,0.1515491573428061,0.2685063689960084,0.11695721165320228,5.09444794661e-07,0.423731257857,285.02076092027096,59.05418549922361,0.1716317509128521,0.17163926890939488,344.07494641949455,344.5597380923371,-0.14069887431613637,1.586541047341867,0.17163175092883143,0.017799721539385943,0.13341559706191006,0.17162272836073003,0.01780007879288758,0.1334169359297671,0.147483519696164,0.2682246758595023,0.12074115616333833,0.20000000000000004,0.19999106268969494,275.26303224016,68.81191417933455,-5.9819278674932974e-05,9.256306832128303e-09,0.3538311512426336,0.3538347020505202,0.14069792508797613,8.260317177839578,121.0607266610484,15.820333238271305,63.20979368379414,1.8115948095332335,551.9998151560475
107.4093927421,0.03991797121418056,0.15155867701753603,0.2684609350628589,0.11690225804532287,5.19339885574e-07,0.423386879797,286.03773115996097,59.264894182311984,0.17163175091289007,0.17163917700554573,345.30262534227296,345.78914677923984,-0.14069887429910555,1.586541047344043,0.1716317509286153,0.017767626521662097,0.1332952606871756,0.17162281625152498,0.01776797894130147,0.13329658263174443,0.14748597255032742,0.26821486444176473,0.12072889189143732,0.20000000000000015,0.19999116758072824,276.24515013138097,69.05747521089192,-5.981914152908274e-05,9.130385336675317e-09,0.3535120074622486,0.3535155133879274,0.14068363370909573,8.20121260720517,121.93318816310781,15.787877759973435,63.339735409864396,1.74603310659362,572.7268264408372
107.8244775087,0.03997562187620833,0.15156821618029592,0.26841541537670904,0.11684719919641312,5.29048981031e-07,0.423037804751,287.0597264091051,59.47664401006711,0.17163175091296726,0.17163908346408444,346.5363704191722,347.0246301673904,-0.1406988743083426,1.5865410473492982,0.17163175092805488,0.01773534590164432,0.13317411873800525,0.1716229055676529,0.017735693351999232,0.13317542322815884,0.1474883573562017,0.26820532521546775,0.12071696785926606,0.19999999999999993,0.19999127436072195,277.2321200867027,69.30425033246944,-5.9818810294043345e-05,8.803868745133059e-09,0.353190727220038,0.35319418685490844,0.14066973880665742,8.141738395955883,122.82389231478061,15.754893008218618,63.47234471718374,1.6808833165645816,594.9252932344033
108.2379593401,0.040033049908347225,0.15157764511862687,0.2683704239852377,0.11679277886661082,5.38470923825e-07,0.422688746172,288.0728963516481,59.68656529978331,0.17163175091295932,0.17163899143036887,347.7594616514315,348.2494446997599,-0.1406988742655102,1.5865410473488335,0.17163175092812674,0.017703315910773103,0.13305380832871003,0.17162299424949315,0.017703658512348456,0.13305509577745775,0.1474906427091862,0.26819618380388965,0.12070554109470347,0.20000000000000018,0.19999137963974356,278.2105671329872,69.54889451844427,-5.9818839581726735e-05,8.845724153161427e-09,0.3528716523025256,0.3528750667419287,0.14065642336298012,8.082727539367763,123.72061227220591,15.721606111289566,63.60673285675995,1.617006709435257,618.4266238136094
108.6469298255,0.040089851364652776,0.15158689879506126,0.2683262644162071,0.11673936562114584,5.47575163738e-07,0.422342211165,289.07018937543654,59.89319700984418,0.17163175091302493,0.1716389023686479,348.9633863852807,349.45506572881766,-0.14069887426341188,1.5865410473459591,0.17163175092846458,0.017671759375605462,0.13293516982200557,0.17162308051709427,0.017672097253680498,0.1329364406537218,0.1474928164673643,0.26818748877286513,0.12069467230550082,0.19999999999999996,0.19999148155474927,279.173681733726,69.78970465155471,-5.9819020759022123e-05,9.042566695427467e-09,0.35255701143344137,0.3525603818028593,0.14064375811992944,8.024642146736074,124.61614882188084,15.688253820570145,63.741956972216926,1.5548174718877925,643.1623120274324
109.0518384355,0.040146088671597226,0.15159598988140435,0.26828287456475103,0.11668688468334668,5.56386528016e-07,0.42199787551,290.05282113687326,60.09679101511799,0.17163175091289679,0.17163881611925957,350.1496121519912,350.6429628533736,-0.1406988742530868,1.5865410473418209,0.17163175092886906,0.017640637687437823,0.13281806235387497,0.17162316420817858,0.01764097095152011,0.13281931693665688,0.14749488524897766,0.2681792136484344,0.12068432839945673,0.20000000000000012,0.19999158018146485,280.1226379177874,70.02697423420376,-5.981928159481953e-05,9.278244839094896e-09,0.3522464310276997,0.352249758303362,0.14063170451564108,7.967372648787473,125.5118900648116,15.654946912978462,63.87757209006997,1.4940880521892435,669.304595893615
109.455948796,0.040202215110555564,0.15160499449128143,0.2682398966820553,0.11663490219077385,5.62366120711e-07,0.42165300139,291.0287670189989,60.29899975594015,0.17163175091300928,0.17163873075028122,351.327766774939,351.82277746242977,-0.14069887431992223,1.5865410473387576,0.17163175092924574,0.017609697646374305,0.13270153596087086,0.1716232469718514,0.01761002628085566,0.13270277420180657,0.14749686860442526,0.2681712802285277,0.12067441162410245,0.20000000000000012,0.1999916777293983,281.06513726469626,70.26262951024282,-5.981947467370574e-05,9.497691522142304e-09,0.35193739168976035,0.35194067562525566,0.1406201486405754,7.910726476449658,126.41064041046215,15.621505463845786,64.01431682204941,1.4345766279736065,697.0697699240629
109.8623311157,0.04025865709940278,0.15161398254475103,0.2681970040375779,0.11658302149282687,5.67553621304e-07,0.421304981066,292.00538589477225,60.50134793598334,0.17163175091296567,0.17163864453555333,352.5067338307556,353.00340564859556,-0.1406988742580051,1.5865410473380726,0.17163175092930882,0.017578704948962878,0.13258470857894164,0.17162333065028862,0.01757902891685119,0.13258593031257573,0.14749878274973285,0.26816362364761287,0.12066484089788002,0.20000000000000007,0.19999177633449047,282.0082859620734,70.49844786868225,-5.981951785027917e-05,9.53446210871789e-09,0.3516275540998907,0.3516307942564152,0.14060899601156412,7.854606128324215,127.31383135736567,15.58763584314313,64.15341043779206,1.3762445265384353,726.6150605628384
110.2722434055,0.040315589361875,0.15162298093174484,0.2681540647978575,0.11653108386611269,5.7302525203e-07,0.420952736426,292.9855676895188,60.70443432640059,0.17163175091295998,0.1716385573518332,353.6900020159194,354.18834102468077,-0.14069887431067407,1.5865410473350208,0.17163175092965058,0.01754756650906844,0.13246722805686106,0.17162341489147095,0.01754788569883514,0.13246843283905468,0.14750063409346736,0.26815621827438507,0.12065558418091771,0.20000000000000004,0.19999187597544224,282.95487499899775,70.73512701692167,-5.9819710207520416e-05,9.733569505954165e-09,0.3513159843187574,0.3513191795184115,0.14059820929300762,7.798755116513338,128.22559306709957,15.553289648173253,64.29507985903489,1.3187801264526378,758.2765162604334
110.6848087691,0.04037289010681945,0.15163196984657332,0.2681111766606879,0.11647920681411458,5.78733621234e-07,0.420597011019,293.96707395403547,60.9077951371238,0.17163175091296184,0.17163846915965264,354.87486909115927,355.3748775432782,-0.1406988742635673,1.5865410473317731,0.17163175093000796,0.017516351660773182,0.1323493545914493,0.171623500057033,0.01751666596668576,0.13235054199619192,0.1475024180652969,0.2681490823888518,0.12064666432355492,0.1999999999999999,0.1999919767741426,283.90274251415326,70.97212657700602,-5.9819914899339466e-05,9.94180293645286e-09,0.3510033724136572,0.3510065215266196,0.14058781511207624,7.7429521452227155,129.14970688757063,15.518701210271391,64.4383822106278,1.2620183782083416,792.3814876766509
111.0965186263,0.04043007203143055,0.1516408712729613,0.26806870381337083,0.11642783254040953,5.84600145563e-07,0.420240840017,294.94149540584243,61.10968802725227,0.17163175091295643,0.17163838275307255,356.0511834330947,356.55284927821407,-0.1406988742720494,1.586541047327529,0.17163175093049865,0.017485326354366473,0.13223209275499828,0.1716235840268727,0.017485635887637192,0.13223326316641057,0.14750412028771906,0.268142273501618,0.12063815321389895,0.19999999999999987,0.19999207561483395,284.8437682331921,71.20741519990258,-5.982018240757725e-05,1.022770756975433e-08,0.35069238260810215,0.3506954866530983,0.14057789723894298,7.687940307815918,130.0738507273988,15.484398205867835,64.58113429432785,1.206754558297118,828.6689228761857
111.4968011065,0.040485666820347224,0.15164945764914897,0.26802771835412914,0.11637826070498017,5.90443184221e-07,0.419893438398,295.884007263786,61.30496948644139,0.17163175091293562,0.17163830245325962,357.18897675022737,357.6922457133061,-0.1406988742725157,1.586541047325984,0.17163175093069985,0.01745528147540333,0.13211843730306277,0.1716236623021469,0.017455586506243456,0.1321195916820948,0.14750570169546082,0.2681359478716573,0.12063024617619647,0.20000000000000018,0.19999216733185976,285.7539791429001,71.43499760732723,-5.982027979634097e-05,1.0344924916694254e-08,0.35039095728535913,0.3503940188109221,0.14056868328213087,7.633699868790817,130.998076579922,15.450210565592448,64.72403698024645,1.1528818677364703,867.3915584806331
111.8911678119,0.040540439973875006,0.15165785338444765,0.2679876349530086,0.11632978156856094,5.96312506015e-07,0.419550108905,296.8078747748138,61.496387975378234,0.17163175091291955,0.17163822584964727,358.30426275019204,358.809103119082,-0.140698874276457,1.5865410473273487,0.17163175093054392,0.017425795689198144,0.1320068016777853,0.17162373747837736,0.017426096408900336,0.13200794070396044,0.14750719012112212,0.2681299941682297,0.12062280404710757,0.20000000000000018,0.1999922548474054,286.6461853213439,71.65807742884812,-5.982019377626102e-05,1.0254086468819423e-08,0.3500948887395407,0.35009790954783254,0.14056001107661026,7.580699085428867,131.91395526068774,15.416126508233138,64.86713763447257,1.1007952197139743,908.4341774847419
112.2877267737,0.04059551760745833,0.1516662347520448,0.2679476222946612,0.11628138754261638,6.02305278179e-07,0.419203827706,297.73213429857503,61.68788768642904,0.17163175091287156,0.17163814896590399,359.42002198500415,359.92643442658135,-0.14069887430858685,1.5865410473241146,0.17163175093090405,0.017396261363022438,0.13189488755453124,0.17162381289456258,0.017396557738990227,0.13189601108066243,0.14750861891887296,0.26812427897902935,0.1206156600601564,0.19999999999999976,0.1999923426953855,287.5387697765962,71.88125220840793,-5.982039762431057e-05,1.0463896416013085e-08,0.3497980815899769,0.34980106129064337,0.14055168629181589,7.528535427704619,132.8279596480415,15.381756189735619,65.01208234384242,1.0500760760422607,952.3119541671708
112.6899476013,0.04065138161129166,0.15167467494331918,0.26790733518040744,0.11623266023708825,6.08456546052e-07,0.418851557346,298.6647058362665,61.881109585084005,0.17163175091289545,0.17163807032160874,360.5458154213505,361.0538140732497,-0.1406988742670312,1.5865410473226131,0.17163175093109626,0.017366423617218685,0.13178172717497175,0.17162388993307434,0.01736671555585581,0.1317828348300939,0.14751000040077997,0.2681187530523604,0.12060875265158041,0.1999999999999999,0.1999924326001507,288.4393807314297,72.10643468992082,-5.982049225972119e-05,1.0575895714737271e-08,0.3494979692473697,0.34950090685657514,0.14054363718838456,7.47671776794759,133.74852857051295,15.34685304769823,65.15993845070297,1.0002789549733693,999.7211228208068
113.0963421523,0.04070782529893056,0.15168314110829723,0.2678669289765728,0.1161837878682756,6.1473174262e-07,0.418494587159,299.60193366209853,62.07529623209209,0.17163175091296828,0.1716379902078083,361.6772298941906,362.18682267681163,-0.140698874369527,1.5865410473234902,0.1716317509309137,0.0173363972664704,0.13166775332810385,0.17162396804783037,0.017336684677430745,0.1316688447485993,0.1475113287356862,0.26811343971182294,0.12060211097613674,0.1999999999999999,0.19999252418312735,289.34448774809016,72.33274214610043,-5.9820436981716796e-05,1.0469536348978181e-08,0.34919569951027063,0.34919859406366566,0.1405358977399336,7.425030509937334,134.67958127062832,15.311504667623218,65.31036770765839,0.9512497373700568,1051.248647662941
113.5025452818,0.04076424240025,0.15169153965081325,0.26782683832281123,0.11613529867199798,6.21059989198e-07,0.418136756605,300.5336519802374,62.2683413499759,0.17163175091295824,0.1716379119785294,362.80199333021335,363.3131708716928,-0.14069887426679806,1.5865410473240695,0.1716317509309566,0.017306506478665756,0.13155419597514081,0.17162404430468778,0.017306789451247195,0.13155527146886664,0.14751258994372377,0.2681083948798878,0.12059580493616404,0.2000000000000001,0.19999261358004092,290.24427447205534,72.55771885815794,-5.9820400466481516e-05,1.0494516367032247e-08,0.34889453435555234,0.3488973866696039,0.14052854940264853,7.37367386152152,135.61760647136285,15.27589260272624,65.46262310207216,0.9031398342333804,1107.2482489368197
113.9051344406,0.04082015756119445,0.15169980149110263,0.2677873940024319,0.11608759251132927,6.2738191694e-07,0.417781117004,301.45205727071254,62.45862810733991,0.17163175091287605,0.1716378363409512,363.9106853780525,364.4234250346569,-0.14069887427122785,1.5865410473283317,0.17163175093052974,0.01727700157781308,0.13144200842125428,0.17162411825308216,0.017277280210700033,0.1314430683250358,0.14751377566999585,0.2681036519726645,0.12058987630266865,0.19999999999999982,0.19999269999120664,291.1312048536452,72.77948052440725,-5.982013181471402e-05,1.0245826409516212e-08,0.34859700204133315,0.34859981300933474,0.14052164085167954,7.323104970653602,136.55409884295952,15.240238278100033,65.61577199465334,0.856333587434602,1167.7692136259573
114.3039170642,0.040875544036694446,0.15170792509413794,0.26774860352045143,0.11604067842631349,6.33685841947e-07,0.417427886984,302.35682545526674,62.64608935769268,0.17163175091298868,0.1716377635252091,365.00291481295943,365.51719338945213,-0.14069887430568917,1.5865410473293553,0.17163175093044694,0.017247893169371368,0.13133123455359494,0.17162418990957723,0.017248167614303856,0.1313322794072495,0.14751488866296802,0.26809920000036036,0.12058431133739234,0.20000000000000026,0.1999927832235101,292.00496599482193,72.99794881813752,-5.9820067299654056e-05,1.0197576116866003e-08,0.34830321896060895,0.3483059900142088,0.1405151560780328,7.27365081501755,137.4825414955787,15.204765928918333,65.76885199515465,0.8111617204796684,1232.7997916477923
114.7010482885,0.04093070115118056,0.15171595696034104,0.26771024612307887,0.11599428916273782,6.39997836556e-07,0.417075200871,303.2529254180153,62.83175461676439,0.17163175091291746,0.17163769242797483,366.0846800347797,366.6004827873319,-0.14069887432511807,1.5865410473288093,0.17163175093049685,0.017219021082813795,0.13122126764672637,0.1716242599052409,0.017219291431883697,0.13122229776940997,0.14751593820118503,0.26809500184774443,0.1205790636465594,0.20000000000000007,0.1999928644537424,292.87035624199234,73.21432379278734,-5.982010171656782e-05,1.022664175565069e-08,0.3480115760184585,0.3480143080040893,0.1405090410197117,7.225256772203074,138.40338572425395,15.169423797282258,65.922082035783,0.7675099113021964,1302.9147705771632
115.0989368393,0.04098596344990278,0.15172394769989633,0.26767208479353993,0.1159481370936436,6.4635113766e-07,0.416720943807,304.14578731267255,63.016748972182704,0.17163175091287772,0.17163762186190024,367.16253628485526,367.67985770565684,-0.14069887429506434,1.5865410473272032,0.17163175093069338,0.017190209440209908,0.13111143901357314,0.17162432948436487,0.017190475731425566,0.13111245452444847,0.14751693243231062,0.26809102492422415,0.12057409249191353,0.1999999999999999,0.19999294510434115,293.7326193212675,73.42991696358773,-5.9820202946703205e-05,1.034117236287102e-08,0.34772029979166186,0.3477229930253547,0.1405032482050146,7.177513364740817,139.32401782941304,15.13405701328065,66.0761353761563,0.7249670801397791,1379.3729776077453
115.4987819017,0.04104149748634722,0.15173192131427277,0.26763400359430456,0.11590208228003179,6.52763423969e-07,0.416364058631,305.0380300789709,63.20161504886854,0.17163175091298827,0.17163755142377585,368.23964512783954,368.758484164011,-0.14069887431816808,1.5865410473248207,0.17163175093097022,0.01716137216038234,0.1310014204517735,0.171624398630456,0.01716163440493511,0.1310024213705041,0.14751787519506468,0.26808725387459187,0.12056937867952719,0.2000000000000001,0.19999302555788576,294.59428436836066,73.64536075947878,-5.9820353115469516e-05,1.0502465563888563e-08,0.34742851985560563,0.34743117438951016,0.14049775526753508,7.130214463455633,140.24823588761362,15.098435778653844,66.23202659270169,0.6833211276286681,1463.44077413544
115.9006171084,0.04109730793172223,0.15173987870241368,0.26759599993750427,0.11585612123509059,6.59236221889e-07,0.416004524905,305.9296332719055,63.38634861063076,0.1716317509129385,0.17163748115804844,369.3159818825362,369.8363374460891,-0.14069887430374628,1.5865410473212738,0.17163175093137056,0.017132508629070113,0.1308912091359466,0.171624467643974,0.01713276680159092,0.13089219534254484,0.1475187671159316,0.2680836861931258,0.12056491907719419,0.20000000000000018,0.19999310583874694,295.45533162996145,73.86065025257481,-5.9820576681079984e-05,1.0735723421362309e-08,0.3471362287171048,0.34713884423300206,0.14049255855735845,7.0832577463144,141.17797711375468,15.062481048967758,66.39012502316348,0.6424730442763349,1556.4855349322465
116.3038455643,0.04115331188393055,0.15174780800192658,0.26755813099278564,0.11581032299085905,6.65762861407e-07,0.415642885572,306.8191872692441,63.57065759429542,0.17163175091292357,0.171637411101132,370.38984486353957,370.91171346900336,-0.1406988742908566,1.5865410473161472,0.17163175093192254,0.01710366296587612,0.1307809732563423,0.1716245365106389,0.017103917058369753,0.1307819446956259,0.1475196074200454,0.26808032497942935,0.12056071755938394,0.19999999999999998,0.19999318590667023,296.3143997618029,74.0754451017366,-5.98208998114913e-05,1.1057310622675232e-08,0.346843872433075,0.3468464487846163,0.140487662589348,7.0369010272197,142.10800978042218,15.026433587669628,66.5493907230641,0.6027283690435864,1659.122170716482
116.7076688212,0.04120939844738889,0.15175569402123396,0.267520467470164,0.11576477344893005,6.72336907846e-07,0.415279874878,307.7048719790804,63.75416489032256,0.1716317509129201,0.17163734170121506,371.45903686940295,371.98241193566145,-0.14069887431908956,1.5865410473145691,0.17163175093210242,0.017074892450183708,0.13067093192513668,0.1716246047823113,0.017075142501304045,0.13067188871866836,0.14752039613804488,0.2680771701083329,0.120556773970288,0.20000000000000026,0.19999326523710356,297.16973118406133,74.28930568534153,-5.982099927637208e-05,1.1162137880660339e-08,0.3465520321103376,0.34655456961991904,0.14048306718194237,6.9915173435068265,143.0304683329895,14.990483734733536,66.70898802838236,0.5644300233509773,1771.6988087612306
117.1116210763,0.04126550292726389,0.15176352876425833,0.267483047419971,0.11571951865571264,6.78965972953e-07,0.414915930868,308.5856316670894,63.93665175843676,0.17163175091301308,0.1716372730602691,372.52228342552615,373.0471565753469,-0.14069887427616834,1.5865410473129804,0.17163175093230224,0.017046229798323154,0.13056121092546266,0.17162467236594958,0.017046475852054002,0.13056215321468165,0.14752113424929478,0.2680742176643336,0.12055308341503881,0.19999999999999984,0.19999334368887892,298.0203063646389,74.50197706088721,-5.982109940738667e-05,1.1278555867022533e-08,0.34626104133800584,0.346263540380738,0.1404787666312231,6.947021601557161,143.94657989487928,14.954687323627313,66.86866654978958,0.5273785330003474,1896.171226975864
117.5141906344,0.04132141536588889,0.15177128374845783,0.26744600595117995,0.11567472220272212,6.85645710844e-07,0.414552436572,309.45817492137945,64.11743624241231,0.1716317509129375,0.17163720531514165,373.5756111637918,374.1019684219889,-0.140698874271461,1.5865410473162507,0.1716317509319854,0.017017781207036817,0.13045221809933635,0.17162473885647855,0.017018023263351376,0.13045314585456103,0.1475218204818108,0.2680714727326824,0.12054965225087158,0.2000000000000001,0.19999342102771658,298.86294667462494,74.71266448916674,-5.982089328337992e-05,1.1093947982487862e-08,0.3459719817528093,0.3459744422499737,0.14047476834518455,6.903774977536534,144.8482899940677,14.91933540390413,67.02711434038258,0.49191253816541924,2032.881706429939
117.906345375,0.041375881302083334,0.1517787871457008,0.26741015794010325,0.11563137079440244,6.92241122928e-07,0.414197604116,310.3031335771077,64.29250540239718,0.17163175091292185,0.17163714184120704,374.5956389795049,375.12343342763603,-0.1406988743167803,1.5865410473125978,0.17163175093237465,0.01699017964310218,0.13034638331423767,0.17162480177560516,0.016990417953734526,0.1303472974546635,0.14752244333608275,0.2680689813175411,0.12054653798145834,0.20000000000000007,0.1999934935151907,299.67894848443854,74.9166904950663,-5.9821123521430764e-05,1.1320744341958289e-08,0.34569129759984923,0.34569372198924175,0.14047113933202507,6.86159895664474,145.73862540182483,14.88407487195604,67.18590228836854,0.45794738130008195,2183.656989501866
118.2970280299,0.04143014278193056,0.15178621430241165,0.26737467026462314,0.11558845596221148,6.98908030301e-07,0.413912776236,311.13998548196577,64.46589490381444,0.17163175091295776,0.17163708008832734,375.6058803857802,376.13509823487806,-0.14069887430908645,1.5865410473190718,0.1716317509316957,0.016962790258342034,0.13024127709118194,0.17162486338453112,0.016963024905400057,0.1302421779048556,0.147523020919681,0.2680666709797539,0.1205436500600729,0.19999999999999996,0.1999935640642114,300.4871216839522,75.11875870182806,-5.982071547006029e-05,1.0925149673823853e-08,0.34541254566435164,0.34541493470990003,0.1404677740789526,6.8204446644629195,146.61800647843035,14.84889742631487,67.34506753530557,0.4252485509438443,2351.5659201671306
118.69687612,0.04148567723888889,0.1517937694522696,0.26733858128654725,0.11554481183427764,7.05838132135e-07,0.413711025541,311.99135230870814,64.64229178923584,0.17163175091289914,0.1716370148190677,376.633644097944,377.1643100365389,-0.1406988743297255,1.5865410473223245,0.17163175093134567,0.016934870034742845,0.13013404640885815,0.17162492781628838,0.0169351007960623,0.13013493303514742,0.14752356898592145,0.2680644787130448,0.12054090972712334,0.2,0.19999363859152952,301.30931119880904,75.32433289913497,-5.9820510456276565e-05,1.0721201704200212e-08,0.3451281594560618,0.34513051087528573,0.1404645808085525,6.779361831085589,147.50650944970562,14.813341505777068,67.50671343194303,0.39293987158022237,2544.918630879739
119.1065416598,0.041542575230527776,0.1518014618091029,0.2673018474781893,0.11550038566908641,7.1306918797e-07,0.413503214613,312.85823545712196,64.82190354138078,0.17163175091300673,0.17163694569650106,377.68013899850274,378.2122794180129,-0.14069887427478056,1.5865410473279875,0.1716317509307725,0.01690638119672318,0.13002454074798026,0.17162499523261585,0.016906607805092823,0.13002541215121305,0.14752408599944086,0.2680624106561007,0.12053832465665984,0.19999999999999993,0.19999371742769068,302.14648400158524,75.5336549969175,-5.982015350847192e-05,1.0387246618392965e-08,0.34483773978318033,0.3448400508293765,0.1404615684632845,6.739065228423685,148.3885325493291,14.77816870114705,67.6673828958511,0.3618418533797739,2763.638287443886
119.5006753607,0.04159731602231945,0.15180881303138605,0.26726672845331784,0.11545791542193179,7.20174161415e-07,0.413302239177,313.687088821875,64.99363580464598,0.1716317509129804,0.17163688320149756,378.680724626521,379.21427484232305,-0.14069887427732297,1.5865410473342436,0.17163175093008876,0.01687908325798237,0.12991952608435103,0.17162505721201476,0.016879306117521597,0.12992038376452555,0.14752454282909017,0.26806058333408056,0.1205360405049904,0.19999999999999996,0.1999937887730855,302.94693177312564,75.73379285339539,-5.981975919056026e-05,9.988876392696966e-09,0.344559230672195,0.34456150532350477,0.14045890677434025,6.699582899490175,149.26302353480813,14.742983427566223,67.82887635417225,0.332087860536843,3011.2512947128835
119.887192247,0.041650998923194446,0.15181597712949493,0.2672324945315574,0.11541651740206246,7.27290400196e-07,0.413104153062,314.49499111943857,65.1610271623665,0.1716317509130062,0.1716368244251554,379.6560182818051,380.1909426583625,-0.1406988743122506,1.5865410473403987,0.1716317509294623,0.016852418183210493,0.12981686401700857,0.17162511609549233,0.016852637482061544,0.1298177086612668,0.14752495400771845,0.26805893861643654,0.12053398460871809,0.19999999999999987,0.19999385585910376,303.7271472855125,75.92887099629257,-5.981937123422654e-05,9.6238794711212e-09,0.34428696087558436,0.34428920095437504,0.14045651106811297,6.661613171363461,150.11378989983078,14.708490013361113,67.98794431594307,0.30388836963177873,3290.6820396308653
120.2767602527,0.04170510559065278,0.15182315566389157,0.2671981960095002,0.11537504034560861,7.34608577897e-07,0.412903508117,315.30431310329095,65.32871266848542,0.17163175091290117,0.1716367644861324,380.6330257717764,381.1693267236886,-0.14069887430920858,1.5865410473441592,0.17163175092901678,0.01682564708885718,0.12971371203098453,0.1716251758500551,0.016825862741292146,0.12971454329138327,0.14752533247070276,0.2680574247622745,0.12053209229157175,0.19999999999999998,0.19999392424679127,304.5087332497488,76.1242925220276,-5.981913420161078e-05,9.364309327963838e-09,0.34401339176693724,0.34401559635042966,0.14045430597827815,6.624232072851585,150.9608946368816,14.674150432793565,68.14704568962408,0.2765102973368077,3616.501843263849
120.6756592709,0.04176050823206944,0.15183046323303648,0.2671632861136456,0.11533282288060911,7.42253183827e-07,0.412697026632,316.12784747718865,65.49934287636047,0.1716317509129269,0.17163670211165588,381.62719035354917,382.1648920545653,-0.14069887428053152,1.5865410473447163,0.1716317509289159,0.016798342934843214,0.12960842154290445,0.1716252375617659,0.016798554783953097,0.12960923880631772,0.14752568396081675,0.26805601880131136,0.12053033484049461,0.20000000000000004,0.19999399542412383,305.3040437922602,76.32314656128894,-5.981909908525651e-05,9.30551191657969e-09,0.3437341511426571,0.34373631860478154,0.14045225804592557,6.586975691436101,151.81473969914995,14.639624213523264,68.30776428511437,0.24969896987503148,4004.822288616075
121.0816636449,0.041816897728458334,0.1518378565598664,0.26712796921842213,0.11529011265855574,7.50203273054e-07,0.412485805595,316.96066090021225,65.67189563432377,0.1716317509129579,0.1716366382851261,382.63255653453604,383.1716747676543,-0.1406988743218318,1.5865410473517378,0.17163175092818947,0.016770663587655183,0.1295015968536882,0.17162530045840682,0.016770871534926172,0.1295023997265154,0.14752600537624802,0.26805473313595407,0.12052872775970605,0.20000000000000015,0.19999406824138244,306.1083149115934,76.52424162294263,-5.9818656528154435e-05,8.882272695132087e-09,0.3434508416676114,0.3434529709645006,0.14045038533789805,6.549767658265598,152.6771714929509,14.605253890862734,68.46851191170425,0.22332778100336512,4477.723261777862
121.4889845143,0.04187347007143056,0.15184522907257006,0.267092751778585,0.11524752270601493,7.58372839203e-07,0.412272832824,317.7906950614704,65.8438725498881,0.1716317509129973,0.17163657492772766,383.6345676113585,384.1750976488892,-0.14069887424738026,1.586541047353408,0.17163175092805552,0.016743005249795526,0.12939476515607393,0.17162536318298915,0.016743209341103373,0.1293955537918648,0.14752629208849793,0.2680535862862848,0.12052729419778685,0.19999999999999984,0.19999414061594328,306.90990195135583,76.72466566000261,-5.981855124570501e-05,8.804224016500939e-09,0.3431675136056119,0.3431696051444948,0.1404487148289024,6.512858237591509,153.54241770964842,14.571100604010514,68.62899565217211,0.19763348196714964,5059.871384375137
121.9030698005,0.04193098191673612,0.15185267990306528,0.2670571621933175,0.11520448229025221,7.66918000357e-07,0.412055232856,318.6288718774742,66.01753656298644,0.17163175091287844,0.17163650989855486,384.6464084404606,385.1883641327531,-0.14069887430600003,1.5865410473526016,0.17163175092812397,0.016714999343710835,0.12928650101116834,0.17162542691155316,0.016715199464491175,0.12928727495191156,0.147526548878814,0.2680525591253635,0.12052601024654952,0.20000000000000048,0.19999421482052637,307.7193520008752,76.9270564395854,-5.981860208281731e-05,8.844103227545475e-09,0.34288038655394887,0.3428824391201349,0.1404472186590731,6.4762972615211485,154.40921866596355,14.537258831642944,68.78875939274887,0.1725883420208761,5794.134112946291
122.3269728797,0.04198985734440278,0.1518602630490869,0.26702094967718876,0.11516068662810186,7.76008920516e-07,0.411831342755,319.4810131592732,66.19409390974026,0.17163175091281005,0.1716364414830542,385.67510706901345,386.21851216765054,-0.14069887421688243,1.5865410473577386,0.171631750927623,0.016686444282717386,0.12917602054064595,0.17162549333138946,0.016686640221245125,0.1291767789552175,0.1475267762916387,0.2680516494715601,0.12052487317992142,0.2000000000000001,0.19999429288271706,308.54228674827993,77.13282032073354,-5.9818278297374405e-05,8.552225594371521e-09,0.3425873815909937,0.34258939298026103,0.14044589365175708,6.4402707437990605,155.27297528024553,14.504003195537727,68.94648232755893,0.14833319360504074,6741.579384198046
122.7441579051,0.04204779970904167,0.15186768092835232,0.2669855230800281,0.11511784215167578,7.85457901541e-07,0.411609897906,320.3137977278168,66.36664068931778,0.1716317509129444,0.17163637520379302,386.68043841713455,387.2252599989049,-0.14069887428621586,1.5865410473585122,0.17163175092748625,0.016658453900529946,0.12906763304767754,0.17162555773816449,0.016658645737652467,0.12906837621064451,0.147526966568443,0.26805088836366003,0.12052392179521704,0.19999999999999993,0.19999436838403045,309.34652836943974,77.33391004769481,-5.9818229536379164e-05,8.47255599012442e-09,0.3422999274082604,0.3423018983487876,0.14044478501690447,6.4057035799146815,156.11087642824072,14.472168899493763,69.09814326690038,0.12573177863604632,7953.438747531627
123.1271641897,0.04210099502634722,0.1518744465830185,0.26695317776159627,0.11507873117857778,7.94693346302e-07,0.411405643166,321.07323050975987,66.52398952322014,0.17163175091286703,0.17163632301106513,387.5972200329799,388.1433333337073,-0.14069887431451544,1.586541047360077,0.17163175092729496,0.01663285346034634,0.12896842039951617,0.17162561070802904,0.01663304205501619,0.12896915156352773,0.1475271131207468,0.2680503021534885,0.12052318903274173,0.1999999999999999,0.1999944279410148,310.0799357409565,77.51728429202346,-5.9818130904165656e-05,8.361089598452054e-09,0.34203680580711443,0.34203874492524383,0.14044393113937725,6.372874869307341,156.91505333270237,14.441300077667098,69.24584314583011,0.10497906846208653,9525.708454549229
123.4977117888,0.04215245997066667,0.15188095700800547,0.26692204268476943,0.11504108567676397,8.04137851059e-07,0.411207159839,321.8032804097615,66.67525044225079,0.17163175091302582,0.17163627479130794,388.4785308520122,389.0258858940933,-0.14069887427236027,1.5865410473592048,0.17163175092742733,0.016608173751656456,0.1288727036717103,0.17162565996964374,0.016608359325341437,0.12887342365802748,0.1475272314094914,0.2680498289991702,0.12052259758967879,0.19999999999999998,0.1999944828855082,310.7849679621421,77.69356288987014,-5.9818185882409836e-05,8.43822789420301e-09,0.3417829557270746,0.3417848652008704,0.1404432419393198,6.341930837624018,157.68068520511437,14.411580506867422,69.38864196910804,0.08572198878887922,11665.618286841833
123.872482482,0.04220451145583333,0.15188750762512912,0.2668907150961207,0.1150032074709916,8.14129418229e-07,0.41100554195,322.5369591932268,66.82726323894344,0.1716317509130803,0.1716362259391408,389.36422243217027,389.9128253884595,-0.14069887435550488,1.5865410473575372,0.1716317509275548,0.016583300464248624,0.12877616419294613,0.17162570948399566,0.016583482964267423,0.12877687278493535,0.1475273270157961,0.26804944657458984,0.12052211955879374,0.19999999999999998,0.19999453845999904,311.49350447401196,77.8707179581583,-5.981829098722358e-05,8.512501814550433e-09,0.34152692363139964,0.3415288028863285,0.14044268489683495,6.310238843797403,158.47260694148554,14.381915558457758,69.5317668870554,0.06582634410234164,15191.486229970153
124.2629884591,0.04225874839709723,0.1518942982068027,0.26685825108069927,0.11496395287389657,8.24925707123e-07,0.410794531135,323.29641247808513,66.98461632086531,0.17163175091293462,0.17163617271425838,390.28102879895044,390.83092350864666,-0.14069887427524685,1.5865410473614285,0.17163175092714697,0.016557475745425924,0.12867585533201606,0.17162576273042207,0.016557654923662454,0.12867655156889485,0.14752740005778497,0.26804915440459476,0.12052175434680978,0.20000000000000007,0.19999459905431646,312.2269309257982,78.05409787315223,-5.981804571675298e-05,8.274869678359664e-09,0.3412608947672762,0.3412627412552494,0.14044225932058577,6.277502463799788,159.29902150841968,14.351248399501474,69.68034920465438,0.045425392144805024,22014.119257622366
124.6773060871,0.042316292512097224,0.15190146599301482,0.26682400334651046,0.11492253735349564,8.36770324422e-07,0.410569628728,324.0965498457342,67.15039884278605,0.17163175091301697,0.17163611189295014,391.24694868852026,391.7982043516238,-0.14069887431356065,1.5865410473639305,0.17163175092694205,0.016530179940552902,0.12856974737687285,0.1716258222983618,0.016530355352939948,0.12857042954326608,0.14752744940986512,0.26804895699524917,0.12052150758538405,0.2,0.19999466832509952,312.99964495235236,78.24730373616784,-5.981788802067456e-05,8.155476294291475e-09,0.34097948614076534,0.3409812953124411,0.140441971773061,6.244451114986861,160.14217768475623,14.318976818643634,69.83739220095511,0.025569119450768306,39109.67688681793
125.1048692391,0.04237567628320833,0.15190882180320844,0.26678886433033644,0.114880042527128,8.49448976812e-07,0.410336447832,324.91618225300675,67.32022059214974,0.17163175091304772,0.1716360472393644,392.2364028451564,392.7890526205038,-0.1406988742838733,1.586541047366127,0.1716317509266941,0.01650212451537144,0.12846059518533862,0.17162588464710446,0.01650229591510759,0.12846126231322652,0.14752747212304135,0.26804886614130785,0.1205213940182665,0.19999999999999993,0.19999474185915497,313.79118471037583,78.44521813478059,-5.981774957586339e-05,8.01101407432725e-09,0.340690003902993,0.3406917731910887,0.14044183943493949,6.211258383551717,160.99797146551495,14.285435525281073,70.0013659527769,0.0064424934041135,155219.40610160423
125.5278564286,0.04243442450397222,0.15191605582159212,0.2667542998846237,0.11483824406303156,8.62545328296e-07,0.410104690823,325.7209476686187,67.4869620111566,0.171631750912939,0.17163598505686445,393.20790967977536,393.76192828019873,-0.1406988742774451,1.5865410473727526,0.17163175092592936,0.016474482415925192,0.12835296029280038,0.17162594472189774,0.01647464996401168,0.12835361297607356,0.14752746775377582,0.2680488836145444,0.12052141586076856,0.19999999999999965,0.19999481257209734,314.5683674815025,78.63954219827285,-5.9817331965472675e-05,7.56543716562419e-09,0.3404045456898651,0.3404062766694364,0.14044186488769161,6.178795250727093,161.84384810005227,14.251670526453275,70.16721289927713,-0.011470686010792397,nan
125.9355430638,0.04249104764775,0.15192298679608598,0.2667211655731045,0.1147981787770185,8.75793564782e-07,0.409880318804,326.49085354300644,67.64648079210046,0.1716317509129584,0.17163592949066925,394.1373343351069,394.6926624681672,-0.1406988743058002,1.5865410473776982,0.17163175092537866,0.016447946914185486,0.12824954937225116,0.17162599922120447,0.016448110992967786,0.12825018905626528,0.14752744022237405,0.2680489937373967,0.12052155351502267,0.20000000000000018,0.19999487571178262,315.31188714138386,78.82544719372301,-5.981702023705182e-05,7.244582711507519e-09,0.3401302898616503,0.34013198636592107,0.1404420252942054,6.148124187199717,162.65123630423435,14.218759046870122,70.32962558150412,-0.027559443305896214,nan
126.3223799519,0.04254477499331945,0.15192952507797142,0.2666898837287345,0.11476035865076306,8.8894214066e-07,0.409666522098,327.2161574590899,67.7967583784149,0.1716317509129353,0.1716358827298469,395.0129158375048,395.56947763955736,-0.14069887428466155,1.5865410473830919,0.17163175092481975,0.01642286497343885,0.1281517263771302,0.17162604636859818,0.016423026122434122,0.12815235511856238,0.14752739444665536,0.26804917683747675,0.1205217823908214,0.20000000000000004,0.19999492884237882,316.01233584276247,79.00057999474235,-5.981668027565945e-05,6.918932093924468e-09,0.33987085375564846,0.3398725212391267,0.1404422919998674,6.119332416599262,163.41651865282012,14.18677252390413,70.48819583982481,-0.041951888656413826,nan
126.6973897383,0.042596859685874996,0.15193583077003706,0.2666597018967438,0.11472387112670676,9.02170244262e-07,0.409458428557,327.91441783694466,67.94143274437977,0.17163175091287913,0.17163584024302395,395.8558505813245,396.413600054129,-0.1406988742889803,1.5865410473799022,0.17163175092514,0.01639863991114159,0.12805717438371655,0.17162608964301726,0.016398798383896036,0.12805779314003515,0.14752733322250516,0.2680494217356801,0.12052208851317492,0.20000000000000012,0.19999497704019287,316.68666883308646,79.16918174823799,-5.981688131484475e-05,7.105516175442972e-09,0.33962009266460214,0.33962173366658716,0.14044264871982381,6.092181462732889,164.14481514006155,14.15522500013191,70.64529175556596,-0.05496047440556628,nan
127.0704084462,0.04264866783975001,0.1519420737704322,0.2666298196619289,0.11468774589149669,9.15721306204e-07,0.409250630925,328.60420836626315,68.0843522206346,0.17163175091286803,0.1716357980738494,396.6885605868978,397.2474833241747,-0.1406988743137716,1.5865410473794936,0.17163175092515986,0.01637463213598625,0.12796340154898295,0.1716261324060398,0.01637478793681038,0.12796401031856725,0.14752725681072393,0.2680497273829029,0.12052247057217896,0.20000000000000007,0.19999502482160683,317.3528220658737,79.33573852102413,-5.981690707201892e-05,7.1171069038200585e-09,0.3393713979782254,0.33937301249441887,0.1404430939276621,6.06591558770534,164.8555746517217,14.12383030301047,70.80232334615715,-0.06709597757372965,nan
127.4398601146,0.042699980571472215,0.15194822782914105,0.26660035902296186,0.11465213119382081,9.29430148304e-07,0.409044034217,329.2827132878114,68.22493340279567,0.17163175091295116,0.17163575749648124,397.5076466906071,398.0677234964762,-0.1406988742894355,1.5865410473824928,0.17163175092494778,0.01635094142777226,0.12787079974635437,0.17162617385183798,0.016351094661810072,0.1278713989202045,0.14752716644335107,0.2680500888513348,0.12052292240798373,0.19999999999999984,0.1999950708238761,318.00807673768674,79.49956995292028,-5.981671803434452e-05,6.9935390811792786e-09,0.33912580898298966,0.33912739805036196,0.14044362044539832,6.039918043561611,165.56516045213112,14.092215591551927,70.96116245904477,-0.07861955070678012,nan
127.8110355613,0.04275153271684722,0.151954381119257,0.26657089416928287,0.11461651305002588,9.43400353043e-07,0.408835693257,329.95967714539785,68.36519528792422,0.17163175091298943,0.17163571877571512,398.32487243332207,398.8861006867993,-0.14069887431797934,1.5865410473839687,0.1716317509247026,0.01632722774850012,0.12777804094796616,0.17162621393757463,0.01632737852594295,0.12777863094407824,0.14752706187184444,0.26805050713613415,0.12052344526428971,0.20000000000000018,0.19999511474541565,318.66184386506677,79.66302856825529,-5.9816625008757285e-05,6.8506755823705134e-09,0.33887980361971604,0.3388813683468336,0.14044422972229867,6.0147126084275335,166.25898278146272,14.060201771846593,71.1227346681715,-0.08909062059968674,nan
128.1897880294,0.04280413722630556,0.15196063338419663,0.2665409606824461,0.11458032729824946,9.57758978848e-07,0.408622303345,330.64558978401277,68.5073112939991,0.17163175091294097,0.1716356778221599,399.1529010780118,399.71529599974644,-0.1406988742644999,1.5865410473867465,0.1716317509244025,0.01630312077702787,0.12768367466919125,0.1716262555785727,0.016303268966358964,0.1276842549665344,0.14752694276614436,0.26805098355743556,0.1205240407912912,0.20000000000000015,0.19999516115251478,319.32425230242103,79.82864877559076,-5.98164499265863e-05,6.675815455992051e-09,0.33862953506197074,0.338631074067009,0.1404449236813107,5.989789732296248,166.9507686735841,14.027272599294738,71.2896960489866,-0.0988407500347041,nan
128.5814903359,0.04285854032443055,0.15196707146229155,0.2665101442448959,0.11454307278260434,9.72626826797e-07,0.40840078328,331.34977182283393,68.65321258416458,0.171631750912915,0.17163563396185,400.0029844069985,400.56657707170046,-0.14069887428502792,1.586541047389642,0.17163175092407942,0.016278286097690504,0.12758638680396317,0.17162629959891565,0.016278431525730844,0.12758695672258527,0.14752680692151443,0.26805152693433854,0.1205247200128241,0.20000000000000018,0.19999521086708183,320.00430319305883,79.99868121393972,-5.981626741702328e-05,6.487588244397102e-09,0.338371518172539,0.3383730296521987,0.14044571516835117,5.964367975703926,167.6623582035074,13.993010626106503,71.4642493113182,-0.10836107400024264,nan
128.9908519774,0.04291539610797222,0.15197377068435647,0.26647808897017017,0.1145043182858137,9.88129660583e-07,0.408168384124,332.08006135876497,68.80452315391018,0.17163175091292324,0.17163558567672735,400.88458451267513,401.4494193264341,-0.14069887427080596,1.5865410473926063,0.17163175092375507,0.016252436805151597,0.12748504541769437,0.17162634731884097,0.016252579210403767,0.12748560393394923,0.14752665215299826,0.2680521460067826,0.12052549385378436,0.19999999999999976,0.19999526563695527,320.70956554330223,80.17501896937291,-5.981608057759047e-05,6.298606081145408e-09,0.33810275095070236,0.33810423219017405,0.1404466169140435,5.938428498015102,168.3947192989267,13.956731222342997,71.65001489740835,-0.11742280366261582,nan
129.4214655799,0.04297520355276389,0.15198078653283864,0.26644453178740296,0.11446374525456432,1.00442354063e-06,0.407922953874,332.8420341900349,68.96239826724779,0.17163175091300029,0.17163553147088634,401.8044324572827,402.3705633103124,-0.1406988742844617,1.5865410473964536,0.17163175092331562,0.016225362490747394,0.12737881492127093,0.17162639954693923,0.016225501536868008,0.12737936071777095,0.1475264767067087,0.2680528477897436,0.12052637108303488,0.19999999999999998,0.19999532708194814,321.445423565012,80.3590088922708,-5.981583808267743e-05,6.0425664472063545e-09,0.337821017332787,0.33782246483823064,0.14044763913661695,5.91154314775743,169.16056856987575,13.918029174994773,71.84925303911612,-0.1264337924195196,nan
129.8700241766,0.043037503357861114,0.15198806139218768,0.2664097554446555,0.11442169405246783,1.02160229622e-06,0.40766626293,333.62895876174974,69.12544319586598,0.17163175091290617,0.17163547066783458,402.7544019576157,403.3218712903047,-0.14069887429450922,1.586541047401889,0.17163175092284538,0.016197288800531066,0.12726856957053875,0.1716264570848339,0.016197424066994197,0.12726910099075187,0.1475262800030657,0.2680536346019636,0.12052735459889788,0.20000000000000032,0.19999539599322905,322.2053758500863,80.5490261075295,-5.981549549005649e-05,5.768585609189358e-09,0.3375286359304041,0.33753004530853536,0.14044878521344453,5.884137297407169,169.94844774282333,13.879414082126667,72.04915092833483,-0.13591071121130438,nan
130.2833200728,0.04309490556566666,0.15199472323240873,0.2663778751262611,0.11438315189385237,1.03807280573e-06,0.407428842484,334.3478680365041,69.2743958600071,0.1716317509129503,0.17163542070988938,403.62226389651124,404.1909560216462,-0.14069887429755124,1.5865410474085975,0.17163175092202962,0.016171538529660294,0.12716736424751554,0.1716265038668922,0.016171670521474606,0.12716788321535671,0.14752608453869187,0.2680544164553801,0.12052833191668821,0.2000000000000001,0.19999545190951729,322.899646827786,80.72261706872521,-5.981507265051533e-05,5.293276927886836e-09,0.3372602295615403,0.33726160591476895,0.1404499240677476,5.857891581898499,170.70988529219375,13.844206703000246,72.23238004553089,-0.14524775734559492,nan
130.6089744465,0.04314013533979168,0.15199994101850525,0.26635286461963753,0.11435292360113228,1.05154055818e-06,0.407241161721,334.91016721662794,69.39090007524678,0.17163175091287058,0.1716353945674289,404.30106729187474,404.8707158313738,-0.14069887428862504,1.5865410474067008,0.17163175092222205,0.0161513260312492,0.12708786736447034,0.17162653351817347,0.01615145634758158,0.12708838006514042,0.14752592065793718,0.26805507197936124,0.12052915132142406,0.20000000000000004,0.19999548170724543,323.4426805840828,80.85838670779194,-5.9815192199330625e-05,5.405409453373977e-09,0.3370493960887865,0.3370507558208673,0.1404508789082494,5.834190090210942,171.40339696470943,13.811510232375882,72.40337828196925,-0.15282398810342782,nan
130.9274046899,0.043184361762486106,0.1520050236769439,0.2663284940693936,0.11432347039244967,1.06484157241e-06,0.407057111385,335.45644196222963,69.50408414667541,0.17163175091288735,0.17163537047621996,404.96052610890507,405.531103806901,-0.1406988743007931,1.5865410474085189,0.1716317509220207,0.016131627175420094,0.12701034278916065,0.171626561070838,0.01613175587636453,0.1270108494435201,0.14752575498659296,0.268055734663729,0.12052997967713605,0.20000000000000004,0.19999550899729995,323.9702395659403,80.99028654296485,-5.981507760211002e-05,5.288103288592083e-09,0.33684379336814885,0.3368451370648253,0.1404518441791944,5.8158715800787695,171.9432738895614,13.78210771831065,72.55784241705054,-0.15668685770634092,nan
131.2656051857,0.043231334053569444,0.1520104072294653,0.26630269412132757,0.11429228689186227,1.07908620003e-06,0.406861065653,336.03278477738587,69.62349809887145,0.17163175091290184,0.17163534180199488,405.65628287625736,406.2278408753707,-0.1406988742774673,1.5865410474085615,0.17163175092203248,0.016110775478558655,0.12692822963611625,0.17162659254455512,0.01611090225136053,0.1269287290228675,0.1475255761916529,0.26805644984355115,0.12053087365189824,0.2000000000000001,0.19999554145196663,324.5268349390281,81.12944793722923,-5.98150749153703e-05,5.294942262423774e-09,0.3366260212926667,0.3366273457149387,0.1404528859150707,5.799196081366507,172.43769411645118,13.751619344275628,72.71870860912601,-0.15835323671591284,nan
131.6366786473,0.04328287203434721,0.1520163001633865,0.2662744784517606,0.11425817828837412,1.09493071897e-06,0.406645309225,336.66058270374805,69.75357316810774,0.17163175091298088,0.17163530433895757,406.41415587185577,406.98678169212985,-0.14069887427136107,1.5865410474100883,0.17163175092185923,0.01608798008116811,0.1268384014451779,0.17162663135914774,0.016088104346965393,0.12683889130296508,0.147525378943934,0.26805723883355875,0.12053185988962475,0.19999999999999968,0.19999558381717292,325.13311949670043,81.28103637515531,-5.981497868123853e-05,5.194000785024855e-09,0.33638778818564097,0.33638908733617257,0.14045403516364655,5.7817293845951045,172.95863114320252,13.71846761279294,72.89443895814324,-0.15941739767863472,nan
132.0438020033,0.04333941694490278,0.1520227470658587,0.26624363432995,0.11422088726409133,1.11215407434e-06,0.406407825832,337.34387046801817,69.89514531970613,0.17163175091293165,0.1716352571913942,407.23901578772427,407.81280381195427,-0.14069887430374628,1.586541047411174,0.17163175092172847,0.016063070334214533,0.12674016858997203,0.1716266779378231,0.01606319148597638,0.12674064654236375,0.14752516083131056,0.2680581112834018,0.12053295045209123,0.19999999999999998,0.19999563711196247,325.7929893684098,81.44602641931446,-5.981491024709129e-05,5.117817281075077e-09,0.33612726509079455,0.33612853266705844,0.1404553059803348,5.762944036884438,173.52242076267322,13.683344879438424,73.0815461285838,-0.16059464416734212,nan
132.4568053506,0.04339677852091667,0.1520292630115918,0.26621246264966264,0.11418319963807083,1.12802169278e-06,0.406166120306,338.03113978022554,70.03754241848917,0.17163175091290986,0.17163520911048483,408.0686821987146,408.64363919890695,-0.14069887428553862,1.586541047415853,0.17163175092123356,0.016037908014121218,0.1266408623396146,0.17162672549031258,0.01603802603260695,0.12664132829612515,0.1475249379669166,0.26805900273850103,0.12053406477158443,0.2000000000000001,0.19999569158496677,326.4567038882167,81.61197831049796,-5.981461533854926e-05,4.829470157119431e-09,0.33586389524751264,0.3358651310095319,0.1404566044807431,5.743250649745469,174.1174225165183,13.64633185863916,73.27976560726276,-0.1614548461597763,nan
132.8740695179,0.043454731877486115,0.15203582070843252,0.2661810865148819,0.1141452658064494,1.1444733933e-06,0.405921125445,338.719472052767,70.18015975482308,0.1716317509130131,0.17163516131039602,408.89963180759014,409.47575959193864,-0.14069887431741313,1.586541047412541,0.17163175092160907,0.016012595279687954,0.12654088382688006,0.17162677253722486,0.016012710203458416,0.12654133792345654,0.1475247120067893,0.26805990658088913,0.12053519457409984,0.19999999999999968,0.19999574569220235,327.12144503096414,81.77818677662596,-5.981482409378458e-05,5.048250706352064e-09,0.33559874249896277,0.33559994680728233,0.14045792102329355,5.724100848508808,174.69992693446537,13.608822068602331,73.48174551470957,-0.16137936058887517,nan
133.293633853,0.04351300470180555,0.1520423901653518,0.2661496500828559,0.11410725991750412,1.16144042681e-06,0.405673990918,339.4054843568895,70.32229641082509,0.1716317509129132,0.171635113876764,409.72778076771453,410.3050753899125,-0.14069887428258543,1.5865410474167432,0.17163175092113847,0.01598725381257243,0.12644071263866094,0.17162681897686796,0.015987365677259967,0.1264411549981254,0.1475244858029814,0.2680608113937684,0.12053632559078703,0.19999999999999993,0.19999579932622794,327.783945746914,81.94383502080055,-5.9814559227877595e-05,4.774070028190636e-09,0.33533307875627105,0.33533425193662697,0.1404592389807008,5.705628551473712,175.2655278867933,13.571362606251315,73.68456867694144,-0.16051014950276485,nan
133.7077102819,0.043570515316930555,0.15204884899879878,0.2661187333700666,0.1140698843712678,1.17862185559e-06,0.405429327772,340.0765066557745,70.46132724913596,0.17163175091301416,0.17163506909236853,410.5378339049104,411.1162698686574,-0.14069887429455363,1.586541047414659,0.1716317509213845,0.015962351838315646,0.12634220133556184,0.17162686297988453,0.015962460789581297,0.12634263251009653,0.14752426398713275,0.26806169865838825,0.1205374346712555,0.1999999999999999,0.19999584985621527,328.4319709149681,82.10586298994231,-5.981469058946587e-05,4.917399820669743e-09,0.3350718171905053,0.33507296070733866,0.14046053137614928,5.688343111424947,175.7981156220193,13.535295354535267,73.88091458713018,-0.1589651619460318,nan
134.0979693908,0.04362471797094445,0.15205491543551608,0.26608968739926253,0.11403477196374645,1.19524931236e-06,0.405198060183,340.70345615328876,70.59122653012213,0.1716317509129066,0.17163502922115767,411.2946826834109,411.87418502521217,-0.14069887428508343,1.586541047422662,0.1716317509204858,0.0159389790835726,0.12624966963747905,0.1716269030126079,0.015939085389690053,0.1262500906522053,0.14752405768922733,0.268062523845519,0.12053846615629166,0.19999999999999984,0.19999589482069588,329.037434585148,82.25724809826293,-5.981418615963463e-05,4.393796437796027e-09,0.3348264141193496,0.3348275306913819,0.1404617333507614,5.672833565712214,176.27874825099894,13.50127328622754,74.06708825160112,-0.15640697677541512,nan
134.4599530321,0.04367499347668055,0.15206052419249277,0.2660628208332452,0.1140022966407524,1.2110852462e-06,0.404982966797,341.28022714295753,70.71072919691198,0.17163175091294866,0.17163499627704046,411.99095633986946,412.57143971110384,-0.14069887427031746,1.5865410474185784,0.17163175092095903,0.0159173826912023,0.12616411015499734,0.17162693797304207,0.015917486796398556,0.12616452273281326,0.1475238700403186,0.2680632744435213,0.12053940440320268,0.19999999999999982,0.19999593215495146,329.5944409872674,82.39651535260211,-5.981444355374066e-05,4.669509223731438e-09,0.334599502042704,0.3346005962392288,0.1404628266763332,5.658953304197553,176.71112416818244,13.468498370734112,74.24732679724073,-0.15270113842919905,nan
134.8213101704,0.043725181968111114,0.152066109803125,0.2660360690218947,0.1139699592187697,1.22731393642e-06,0.404767691711,341.8514331808133,70.82907884699483,0.17163175091297278,0.17163496291819705,412.6805120278081,413.26196696328026,-0.1406988743108295,1.5865410474174453,0.1716317509210726,0.01589590335646772,0.1260789568344683,0.17162697345532246,0.015896005212868426,0.12607936077276258,0.14752368785165743,0.26806400319873325,0.12054031534707582,0.1999999999999999,0.19999596999550942,330.14607272656315,82.53443930124497,-5.9814514974387833e-05,4.735678515999098e-09,0.3343736671470962,0.3343747384307686,0.14046388818606936,5.646446077320319,177.1025502247563,13.43572217326186,74.42845178728676,-0.1477694767427168,nan
135.1966810441,0.04377731681168055,0.15207189899205242,0.26600834832573494,0.11393644933368252,1.24463928596e-06,0.404543497427,342.43995632246435,70.9510164723567,0.1716317509128868,0.17163492657604348,413.3909727948211,413.9734287490127,-0.1406988743098303,1.5865410474193689,0.17163175092085403,0.01587367675485436,0.12599078043592857,0.17162701128398997,0.015873776154922373,0.12599117490888945,0.14752350551989415,0.26806473252469437,0.12054122700480022,0.20000000000000004,0.19999601114422005,330.71442719282805,82.67654560199301,-5.9814393726931314e-05,4.608335935074592e-09,0.3341398147543114,0.3341408609349982,0.14046495052764607,5.634485507249297,177.4784935933202,13.402163201213016,74.61482038283873,-0.14190923662394117,nan
135.5770200264,0.04383014167033333,0.15207775073462315,0.26598032873871663,0.11390257800409348,1.26271617355e-06,0.404315761859,343.031240580412,71.07352618060816,0.1716317509129874,0.1716348895657088,414.10476676102013,414.6882284301783,-0.1406988742764237,1.5865410474211983,0.17163175092067692,0.015851245083062293,0.12590172787957396,0.17162704963096895,0.01585134196590021,0.12590211263477755,0.1475233287649857,0.26806543954344164,0.12054211077845595,0.19999999999999984,0.19999605301968107,331.2854478721805,82.81931888883965,-5.9814278419167977e-05,4.50515180716593e-09,0.33390363870570877,0.33390465911395717,0.14046598037632038,5.623078944768965,177.83851335224085,13.368202195984273,74.80437424116715,-0.1351049090141996,nan
135.9557631311,0.043882744879319445,0.15208356490617098,0.26595248927242426,0.11386892436625329,1.28128462873e-06,0.404088422324,343.6150114735288,71.19447917538025,0.1716317509129477,0.1716348532973828,414.80949064890905,415.3939452538416,-0.14069887431205075,1.5865410474281556,0.17163175091992458,0.015828995554037148,0.12581333615335516,0.17162708776972535,0.015829089989580093,0.12581371145300535,0.1475231621223006,0.2680661061104233,0.12054294398812271,0.20000000000000012,0.19999609421317732,331.8492126765697,82.9602779723393,-5.981383990327771e-05,4.0667913481229334e-09,0.3336692152429572,0.33367021057415747,0.14046695130350875,5.61259233760656,178.17078808656913,13.334323661619672,74.99442981711258,-0.12718523847399932,nan
136.3380933777,0.04393584630245834,0.15208942207000564,0.26592444433499646,0.11383502226499081,1.30064466298e-06,0.403858375942,344.19921509869846,71.31552182906405,0.17163175091299418,0.17163481647300416,415.51473692776256,416.1001852042454,-0.14069887428563854,1.5865410474321788,0.17163175091949276,0.015806623354100553,0.12572439442725725,0.17162712625656595,0.015806715295589323,0.12572476007369957,0.1475230046463356,0.26806673601212117,0.12054373136578556,0.20000000000000018,0.19999613599727964,332.41339509228385,83.10134183547868,-5.9813586317236656e-05,3.8151926062823804e-09,0.3334333331269844,0.3334343028569377,0.14046786882332507,5.6027516005652735,178.4837292981377,13.300558444034658,75.18481304433523,-0.11852197922060877,nan
136.727893869,0.043989985259583336,0.15209538252449153,0.26589591029800375,0.11380052777351221,1.32107220082e-06,0.403623275354,344.78955914811036,71.43783673301091,0.17163175091294153,0.17163477795973586,416.22739588112125,416.81384827342686,-0.1406988742660209,1.5865410474423252,0.17163175091839142,0.015783904305342183,0.12563400934994545,0.1716271663610762,0.015783993649121555,0.12563436492107385,0.14752285569040738,0.26806733183032555,0.12054447613991817,0.2,0.19999617976149314,332.98350679282237,83.2438890882989,-5.981294679546778e-05,3.1735059025095325e-09,0.3331936231030841,0.33319456611232406,0.14046873669786303,5.59340776028225,178.78188804699963,13.266412701329251,75.3783273981672,-0.1090109706220113,nan
137.1272041743,0.04404544502420833,0.15210147714822062,0.26586673647630593,0.11376525932808532,1.34282117796e-06,0.403381870877,345.38878110717195,71.5619910739305,0.1716317509129053,0.17163473772167717,416.9507721811025,417.5382437897823,-0.1406988742750026,1.5865410474442665,0.17163175091818336,0.01576072503406925,0.12554172626688406,0.17162720779976104,0.015760811685095345,0.12554207137487952,0.14752271660495092,0.26806788817111465,0.12054517156616373,0.19999999999999998,0.19999622547898324,333.56219153433454,83.38858064676793,-5.9812824426686007e-05,3.052291752680958e-09,0.3329488793831675,0.3329497946431603,0.14046954706802106,5.584629773834606,179.06289951130717,13.231709640447281,75.5760235958591,-0.0984723867427654,nan
137.535257178,0.0441021190525,0.15210769414245193,0.2658369794079585,0.11372928526550655,1.36597408392e-06,0.403134604353,345.9953438814772,71.68766637731461,0.17163175091296562,0.17163469597470776,417.68301025879185,418.2715135698789,-0.1406988742944204,1.5865410474437665,0.17163175091824287,0.01573713588552589,0.1254477416517567,0.1716272505026513,0.015737219769221412,0.1254480759885197,0.1475225894763863,0.2680683966856704,0.1205458072092841,0.20000000000000004,0.19999627295063402,334.147964932232,83.53504532655981,-5.9812855945917676e-05,3.0869529155097553e-09,0.33269962303456996,0.33270050972820575,0.14047028777376694,5.576285977984904,179.3308313002571,13.19754464099386,75.7716702009726,-0.08761156355646252,nan
137.9298029393,0.044156917074902775,0.15211369277364334,0.26580825758688315,0.1136945648132398,1.3892661599e-06,0.402894984749,346.5762712944523,71.80803022412518,0.1716317509129503,0.17163465750627546,418.3843015185774,418.9737929287007,-0.14069887426672034,1.586541047434436,0.17163175091931332,0.01571442017577699,0.1253571704202715,0.17162729000182567,0.015714501456550754,0.12535749461659942,0.1475224811503001,0.2680688299953678,0.12054634884506771,0.2,0.19999631652814703,334.7089823216603,83.67531919691712,-5.981344405325828e-05,3.7106540062836757e-09,0.3324594193116799,0.3324602791118947,0.14047091893412128,5.568032882317708,179.59664052554004,13.16543140925838,75.95649310031466,-0.07741475353682092,nan
138.2846066227,0.044206195364263894,0.15211907475182895,0.26578247295206064,0.11366339820023169,1.41095188983e-06,0.402679053638,347.0940149623512,71.9153028680862,0.17163175091296784,0.17163462810278918,419.0093178304374,419.5996898709634,-0.14069887437417883,1.586541047428707,0.17163175091975594,0.015694068576150192,0.1252759696675711,0.17162732279965293,0.015694147910572023,0.125276286305797,0.14752239522858943,0.26806917368442074,0.12054677845583131,0.20000000000000018,0.19999635022262147,335.2089835550795,83.80033427535787,-5.981380515329704e-05,3.968536610443607e-09,0.33224406701073095,0.3322449067661235,0.14047141955333808,5.560182923548448,179.8501980510042,13.134528600086346,76.1352029027845,-0.06720297063708446,nan
138.6394941059,0.04425548529248611,0.15212444953451248,0.26575672028115704,0.11363227074664456,1.43333131725e-06,0.402462647266,347.60745763519003,72.02168437781164,0.17163175091300054,0.17163459928561384,419.6291420130017,420.22038736761493,-0.1406988743018811,1.5865410474231894,0.17163175092047317,0.0156737835524003,0.12519498213746547,0.17162735512297983,0.01567386092559687,0.12519529114785777,0.14752232144927044,0.26806946880528354,0.1205471473560131,0.2000000000000001,0.19999638317665921,335.70483133487664,83.92431067812502,-5.981415291955727e-05,4.386424556912516e-09,0.33202928019686034,0.33203009972249564,0.14047184942739088,5.553311268669154,180.07274428174617,13.10527415607297,76.30515684684102,-0.05694239446179525,nan
139.0057886942,0.04430635954086111,0.1521299896272174,0.26573018095563866,0.11360019132842125,1.45716454617e-06,0.402238846734,348.13276296712274,72.1305237423939,0.17163175091297012,0.17163456760186316,420.2632867095166,420.8554255556534,-0.14069887428800332,1.5865410474175665,0.17163175092107763,0.015652920066239907,0.12511163041955733,0.17162738936896263,0.01565299524669815,0.12511193087271155,0.1475222577196857,0.2680697237266434,0.1205474660069577,0.19999999999999998,0.1999964191791596,336.2121342551488,84.05115245436784,-5.9814507336053424e-05,4.738609504784108e-09,0.33180822332678694,0.33180902015779373,0.14047222074673352,5.545793545466873,180.31684587634876,13.076500760891996,76.47305791398787,-0.047408105892292364,nan
139.3747670869,0.044357606539847216,0.15213556053121183,0.26570349461650555,0.11356793408529373,1.48197443392e-06,0.402012962819,348.6571495272433,72.23917274426,0.17163175091290397,0.17163453584974844,420.8963222715033,421.489353046615,-0.14069887431916728,1.5865410474190627,0.1716317509209068,0.01563197822084005,0.1250279097675397,0.17162742390583244,0.015632051221429254,0.1250282017043725,0.1475222047266346,0.268069935697995,0.12054773097136037,0.19999999999999976,0.19999645535589494,336.71854974487024,84.17777252663308,-5.981441303370971e-05,4.639089112856709e-09,0.3315861880075398,0.3315869622524332,0.14047252950592434,5.537402121068036,180.59009949725726,13.047309745459879,76.64415266510966,-0.038326524121644216,nan
139.7512546693,0.04440989648184722,0.1521412348507455,0.26567631493936494,0.11353508008861946,1.50818730237e-06,0.401782031712,349.18727456858545,72.34901071687604,0.17163175091292981,0.1716345029256523,421.5362852854615,422.130217749891,-0.14069887429415395,1.5865410474204589,0.17163175092075558,0.015610686756417108,0.12494273390804728,0.1716274594363946,0.015610757512741297,0.12494301706274463,0.14752216204761648,0.2680701064133119,0.12054794436569544,0.2,0.19999649288212734,337.2305066058093,84.30577867965219,-5.981432502633055e-05,4.550981813622457e-09,0.33136029333640704,0.3313610442902223,0.14047277817126036,5.5291290106183135,180.86031237100246,13.017685343706534,76.81857208842854,-0.02888078314311808,nan
140.1360843232,0.04446334504488889,0.15214702517709064,0.26564858210223974,0.1135015569251491,1.53598370065e-06,0.401654824221,349.7239946010905,72.46021512268493,0.17163175091293406,0.17163446894571566,422.1842097237754,422.7790550950466,-0.1406988742944093,1.586541047424153,0.17163175092036084,0.015589003484954931,0.12485593091621612,0.17162749612349792,0.015589071909153419,0.12485620492852335,0.14752213109998272,0.26807023020187204,0.12054809910188932,0.1999999999999999,0.1999965316455286,337.7488320635119,84.43537766026354,-5.9814092179255596e-05,4.320988011841109e-09,0.33113008335191274,0.33113081005921935,0.14047295848311184,5.521595209138653,181.10708266787202,12.987448413553572,76.99741844259492,-0.018336439895910932,nan
140.5254470121,0.044517423196125,0.1521528744755713,0.2656205666377897,0.11346769216221841,1.56518297493e-06,0.401588568313,350.2617354595384,72.57163103600782,0.17163175091285574,0.1716344342889693,422.83336649554616,423.4291265099216,-0.14069887428055372,1.5865410474271429,0.17163175092004052,0.015567147012981404,0.12476837344848815,0.171627533153414,0.015567213093618876,0.12476863826145926,0.14752211451101213,0.26807029655615633,0.1205481820451442,0.1999999999999999,0.19999657117214273,338.268143019263,84.56522347628322,-5.9813903729999396e-05,4.134337316941128e-09,0.3308978724238928,0.3308985747336645,0.14047305513568856,5.515057157140583,181.3217835295246,12.95671471770188,77.18005850925836,-0.0065224660685885266,nan
140.9121478885,0.044571131651180554,0.152158674686911,0.2655927807416718,0.11343410605476081,1.59526407395e-06,0.401522853137,350.7905211892728,72.68119151321778,0.17163175091291127,0.17163440082555068,423.47171270249055,424.0683721282615,-0.14069887428211914,1.5865410474279056,0.1716317509199462,0.01554552227034155,0.12468168378050383,0.17162756892233064,0.01554558609943103,0.1246819397484296,0.14752211414966854,0.2680702980010581,0.12054818385138955,0.1999999999999999,0.1999966093051308,338.77880602535595,84.6929066771346,-5.981385565734243e-05,4.079403481682675e-09,0.33066796298527223,0.33066864183712263,0.14047305724048018,5.509459251041324,181.50601618679607,12.925801822416627,77.36463963618456,0.006245921997928906,160104.4650143872
141.2899861272,0.044623609184333335,0.15216433378324232,0.26556566365313194,0.11340132986988963,1.62567648065e-06,0.401458719264,351.3021056113908,72.78718800719217,0.17163175091294672,0.17163436982658514,424.089293618583,424.6868231981494,-0.14069887430617767,1.586541047427974,0.17163175091995633,0.015524472578076608,0.12459724145452261,0.17162760258466728,0.01552453432778728,0.12459748925153862,0.14752213050114227,0.26807023259521456,0.1205481020940723,0.19999999999999998,0.19999664466094277,339.272857858237,84.81643576034597,-5.9813851349677094e-05,4.0852876637131885e-09,0.3304440137164197,0.330444670898222,0.14047296196985942,5.5048581969269295,181.65772200240272,12.895271151410585,77.54780711924869,0.01974327624348034,50650.15490173379
141.6579229263,0.04467471151754167,0.15216983771627202,0.26553928293350954,0.11336944521723752,1.65622224237e-06,0.401396329158,351.79545534068245,72.88940640813796,0.17163175091286478,0.17163434132751762,424.6848617488204,425.28323046651104,-0.14069887426180205,1.5865410474236628,0.1716317509204816,0.015504049677887259,0.12451525881548518,0.1716276340989268,0.015504109513802388,0.12451549909068504,0.14752216345450306,0.2680701007843957,0.12054793732989263,0.20000000000000015,0.19999667718812103,339.7493005469598,84.93556120186065,-5.98141230878646e-05,4.391353947141852e-09,0.33022658777678937,0.330227225010003,0.140472769972541,5.501194291818828,181.77870966803752,12.865317039952895,77.72836043562137,0.03381132666366125,29575.887688392628
142.0202026812,0.044725028150166664,0.1521752514579324,0.26551332948796585,0.11333807803003346,1.68715471609e-06,0.401334951321,352.2765642635815,72.98908860496309,0.17163175091294053,0.17163431436924065,425.26565286854463,425.86483990427695,-0.14069887428767025,1.5865410474155672,0.1716317509212816,0.015484013127368908,0.1244347745904211,0.1716276642353347,0.015484071144476516,0.12443500771276754,0.14752221317686054,0.2680699018989653,0.12054768872210475,0.19999999999999998,0.19999670795472171,340.21392228862027,85.0517305799244,-5.981463334636672e-05,4.857469981800477e-09,0.330013135776885,0.3300137540400351,0.14047248027347708,5.498366441132678,181.87219980813018,12.835680361359877,77.90782972520631,0.048430447567060664,20648.16763494329
142.3829533623,0.04477541018920833,0.15218066829821414,0.2654873606994697,0.11330669240125557,1.71895808693e-06,0.401273538592,352.75366963151635,73.08794129488508,0.17163175091293967,0.17163428771562383,425.8416109264014,426.4416094703982,-0.1406988742824411,1.5865410474124322,0.17163175092166563,0.015464022353393433,0.12435442233146932,0.17162769430519545,0.015464078547475342,0.12435464827450296,0.14752228103500747,0.2680696304682995,0.12054734943329204,0.20000000000000026,0.19999673839476323,340.6746776683493,85.16693325805204,-5.981483095496287e-05,5.081202125722939e-09,0.3298000337639572,0.3298006329868709,0.1404720849051249,5.496474501210845,181.93480198620136,12.805782325549481,78.08972342164898,0.06403820024811703,15615.67933086008
142.7512725344,0.04482656562977777,0.15218616481921998,0.26546100672321,0.11327484190399001,1.75210439039e-06,0.401211221105,353.23335938347697,73.1873294499255,0.17163175091281496,0.1716342608977595,426.4206888334025,427.0215032812328,-0.14069887422850647,1.5865410474104602,0.17163175092191382,0.015443798741152159,0.12427308132154831,0.17162772426957434,0.015443853115430006,0.12427330009068724,0.14752236994388726,0.2680692748340221,0.12054690489013484,0.2000000000000001,0.1999967689679556,341.137928845632,85.28275998777049,-5.981495524443048e-05,5.225819776910612e-09,0.32958430948720546,0.329584889684252,0.14047156688540555,5.495823114201109,181.95636562902067,12.775063313654577,78.27749854915818,0.08116780857009308,12320.15521444616
143.1264749332,0.04487867707405556,0.1521917628739807,0.2654341678323638,0.11324240495838309,1.78677906476e-06,0.401147770093,353.7171030390919,73.28755754386636,0.17163175091300456,0.17163423296850125,427.00466058295825,427.60629783038087,-0.14069887428581618,1.5865410474081603,0.17163175092211444,0.015423274588770415,0.12419047704542573,0.17162775511458733,0.015423327068701961,0.1241906883333125,0.14752248311890198,0.26806882213496597,0.12054633901606399,0.2,0.19999680078623203,341.60509454555574,85.39956603740252,-5.9815100206250804e-05,5.342704056943148e-09,0.3293652349055098,0.32936579526154725,0.1404709074805252,5.496451542649404,181.935561924008,12.743677083028604,78.47028714590942,0.09974498821535775,10025.566375735256
143.4984018132,0.04493033358516666,0.15219731093879485,0.2654075643302939,0.11321025339149904,1.82208499237e-06,0.401084896133,354.1917320244986,73.38589714568388,0.171631750912944,0.1716342060200169,427.5776291701825,428.1800737138891,-0.1406988743033355,1.5865410474076573,0.17163175092216232,0.015403007401470502,0.12410885303422356,0.171627784949676,0.015403058055866187,0.12410905710650688,0.14752261948297732,0.2680682766789027,0.12054565719592539,0.20000000000000012,0.19999683146306094,342.0634581316583,85.51417103852415,-5.981513191422039e-05,5.370592859321732e-09,0.32914876008181054,0.32914930130136527,0.14047011296536707,5.498241943985683,181.8763179553897,12.711677265541887,78.66782479686962,0.1196977526754359,8354.375730942338
143.8650269124,0.044981253737833335,0.1522027799028834,0.26538133513538903,0.11317855523250564,1.8578261657e-06,0.401022933818,354.6548286245354,73.48184732292168,0.17163175091297184,0.17163418074487427,428.1366759474571,428.7399081718039,-0.14069887427066163,1.5865410474076531,0.17163175092216587,0.015383105511882152,0.1240286479482952,0.171627813503239,0.015383154445131178,0.12402884521405164,0.14752277913545478,0.2680676380690118,0.12054485893355701,0.2000000000000001,0.199996860280149,342.5106849871861,85.62599096027101,-5.981513218067391e-05,5.3726800786080275e-09,0.328936048386068,0.3289365715540508,0.14046918276176065,5.50107230326642,181.78274068606976,12.679346300063033,78.8684192650396,0.14067298584876783,7108.685395183564
144.2290383547,0.04503181088259723,0.15220821088775438,0.26535528410858644,0.11314707322083206,1.8942603792e-06,0.400961421376,355.1099419286375,73.57614342048859,0.17163175091294944,0.17163415629295345,428.6860853491262,429.29009167552834,-0.1406988742844506,1.5865410474048058,0.17163175092246458,0.015363421311833783,0.12394926910568607,0.17162784117532195,0.015363468573973218,0.12394945975668155,0.1475229636414329,0.2680669000465906,0.1205439364051577,0.2,0.19999688811856992,342.95020229956924,85.7358830495569,-5.9815311637123614e-05,5.546718639948267e-09,0.3287255279680417,0.32872603359303454,0.1404681077527435,5.504885410603961,181.65682396834603,12.646766284832726,79.07159644432589,0.1625325135452037,6152.615117970713
144.5904004501,0.04508200006251389,0.15221360465761397,0.2653294088083782,0.11311580415076422,1.93138865745e-06,0.400900357911,355.55712856781156,73.66879717195773,0.1716317509129716,0.17163413250841186,429.2259257397693,429.8306926859129,-0.1406988743322457,1.5865410474026835,0.1716317509226721,0.01534395571661951,0.12387072178937003,0.1716278681799386,0.015344001332672375,0.1238709059168955,0.14752317390637415,0.2680660589878643,0.12054288508149014,0.2,0.19999691515606233,343.3820646868104,85.84386105295896,-5.981544540789585e-05,5.667621927329947e-09,0.32851721283869273,0.32851770116280804,0.14046688266046078,5.50963206857492,181.50032298956262,12.614553381948419,79.27351605099332,0.18506044359199547,5403.639916722072
144.9401086638,0.04513057064775,0.15221882708463827,0.2653043503391162,0.11308552325447793,1.96824984415e-06,0.400841259074,355.9855162461795,73.75755591836564,0.17163175091307686,0.17163411090137912,429.7430721645451,430.3485677549875,-0.14069887431045203,1.5865410474015584,0.17163175092282762,0.015325189143709339,0.12379494797328904,0.1716278934437257,0.015325233257288372,0.12379512614512887,0.1475234042626455,0.2680651375635542,0.1205417333009087,0.20000000000000007,0.19999693977543387,343.79577284194266,85.94729932260246,-5.9815516328942664e-05,5.758238330599852e-09,0.32831625330196373,0.32831672583102095,0.1404655405071875,5.515234649946727,181.31594818176217,12.582386802216554,79.47617695426727,0.2084377152180137,4797.596245737285
145.288811944,0.0451790016588889,0.1522240382467672,0.26527934314655943,0.11305530489979224,2.00594750089e-06,0.400782319666,356.4083861421511,73.84517142111842,0.1716317509129704,0.17163409003981972,430.25355756326945,430.85977241301276,-0.14069887433404427,1.5865410474002457,0.1716317509229668,0.015306546441580558,0.12371962836017798,0.1716279181767178,0.015306589080328267,0.12371980068011856,0.14752366134802403,0.2680641092227384,0.12054044787471435,0.20000000000000015,0.1999969635506408,344.20415249375475,86.04940506951475,-5.981559906276246e-05,5.839329020318473e-09,0.3281164983557271,0.3281169553649778,0.1404640426186121,5.521649574982048,181.1052994979768,12.550153538640954,79.68030007928407,0.23257677192247125,4299.655514753412
145.6452933505,0.04522851296534722,0.15222937095429384,0.2652537537348309,0.11302438278053706,2.04549796357e-06,0.400722048514,356.8362639318129,73.933824522322,0.17163175091297897,0.1716340682069201,430.7700884541349,431.3770310811044,-0.14069887435786965,1.5865410473993884,0.1716317509229804,0.015287560242840337,0.12364287380532829,0.171627943666776,0.015287601336595472,0.12364303998444665,0.14752395342317756,0.2680629409221911,0.12053898749901351,0.2,0.19999698839793992,344.61736807139374,86.15272038274118,-5.981565309731707e-05,5.8472338082538045e-09,0.32791293780430986,0.32791337852750224,0.14046234086390402,5.52901142930963,180.86415859061864,12.51714860246151,79.89039930414735,0.2580031314663398,3875.9219483755155
146.0146520597,0.04527981278606944,0.1522349031560943,0.26522721018460416,0.11299230702850985,2.08760187346e-06,0.400659575217,357.2748797945321,74.02470247251227,0.17163175091293958,0.17163404459611617,431.2995822670444,431.90727093525624,-0.14069887429677408,1.5865410473995551,0.17163175092306598,0.015267965468153264,0.12356360899614928,0.17162797065109006,0.015268004909612883,0.12356376859586665,0.14752428838140963,0.2680616010896907,0.12053731270828105,0.20000000000000004,0.19999701525976588,345.0409531308517,86.25862913619272,-5.9815642594607255e-05,5.8971050265199665e-09,0.32770271981404125,0.32770314308802173,0.140460389254457,5.537632522949971,180.58258576307384,12.48284024131603,80.10997342497214,0.2853121554540227,3504.933038722731
146.3991792383,0.04533321933865278,0.15224067143175873,0.26519953879787267,0.11295886736611394,2.13269673448e-06,0.400594502105,357.7264069557543,74.11825554791957,0.17163175091295477,0.17163401893650387,431.8446625036739,432.4531191742822,-0.14069887431270578,1.5865410473969435,0.17163175092334995,0.01524764974058761,0.1234813740634093,0.17162799961894876,0.015247687377280453,0.12348152646157422,0.14752467360915758,0.2680600601801184,0.12053538657096083,0.20000000000000007,0.1999970444673014,345.4770063339599,86.36765616971402,-5.9815807207375116e-05,6.0625726661101e-09,0.32748462476695134,0.32748502894171366,0.1404581447544621,5.54755288313812,180.25966062252724,12.447123622939978,80.33984640089905,0.31467743691025174,3177.857331681544
146.7979748743,0.04538860762143056,0.15224666361041006,0.2651707952609111,0.11292413165050103,2.18085975513e-06,0.400526969709,358.189192140539,74.21414120219725,0.17163175091292096,0.17163399125625975,432.4033333427363,433.0125771645031,-0.14069887432748285,1.5865410473940114,0.1716317509236525,0.015226670183363152,0.12339639453145765,0.171628030045907,0.0152267059089927,0.12339653929098944,0.14752511369359714,0.2680582998438717,0.12053318615027456,0.19999999999999982,0.1999970759231348,345.9239310547725,86.47940228796378,-5.9815992015099795e-05,6.23883167349959e-09,0.3272592507755689,0.3272596346919326,0.140455580636023,5.558682910997274,179.89873069061096,12.41028511183495,80.57832604074177,0.34597447169381895,2890.3866666930894
147.2055534613,0.045445215758513895,0.15225279877752007,0.2651413651940263,0.11288856641650624,2.23155772264e-06,0.400457895242,358.6563874461075,74.31094060078597,0.17163175091294083,0.1716339625543055,432.9673280468935,433.57736652075266,-0.14069887428729277,1.586541047392895,0.17163175092378918,0.015205322952639905,0.12330986559330889,0.17162806108963685,0.015205356728002533,0.12331000254643795,0.1475256076901735,0.2680563238582494,0.1205307161680759,0.19999999999999996,0.19999710850971955,346.37511435833557,86.59221368855789,-5.9816062392137326e-05,6.318479073286198e-09,0.3270297676081191,0.32703013082114274,0.1404527024014475,5.570996098936526,179.50111295014096,12.372788147843432,80.8225266650427,0.3788847806879796,2639.3248052460654
147.6117936262,0.04550163800363889,0.15225892500158633,0.2651119716334696,0.11285304663188328,2.28352464551e-06,0.400388985162,359.1162331624032,74.40621721903872,0.17163175091294855,0.17163393508643296,433.52245038144196,434.13327100676094,-0.14069887431168437,1.586541047395158,0.17163175092352476,0.0151841406625218,0.12322394516700802,0.17162809099087734,0.015184172570202256,0.12322407463723255,0.14752614604995337,0.26805417041780877,0.1205280243678554,0.2,0.19999713966935126,346.8192003227053,86.70325005873664,-5.981591973958089e-05,6.164424526389212e-09,0.3268018982733277,0.3268022416409601,0.14044956568553546,5.584394334108338,179.07044885641486,12.335247643105525,81.0684980904234,0.412877695434417,2422.0247571083523
148.0066051271,0.04555647293431944,0.15226489053932235,0.2650833406285158,0.11281845008919344,2.33526453132e-06,0.400321947546,359.5575800005889,74.4976610070795,0.17163175091292898,0.1716339098649763,434.0552410076685,434.6668123195175,-0.14069887429074557,1.5865410474027757,0.17163175092270921,0.01516364506822752,0.1231407530764187,0.17162811866341315,0.01516367527103131,0.12314087571164707,0.147526714993968,0.26805189463767604,0.12052517964370804,0.19999999999999973,0.19999716822956204,347.2454219509347,86.80981905673376,-5.981543960142943e-05,5.689249071849645e-09,0.3265812647504432,0.32658158999100045,0.14044625076958053,5.5987460034698495,178.61142466192345,12.298168799744742,81.312918718497,0.4474868477557802,2234.7025505110682
148.387402274,0.045609361426944446,0.15227065618704466,0.2650556598521491,0.11278500366510441,2.38608018006e-06,0.400257221912,359.9780673188827,74.58478285747842,0.17163175091292146,0.17163388740259597,434.5628501763611,435.1751366948604,-0.14069887428532768,1.5865410473945147,0.17163175092358626,0.015143961990051798,0.12306080606778017,0.17162814384280653,0.01514399066474766,0.12306092257393351,0.14752730802823438,0.2680495225049913,0.12052221447675693,0.20000000000000018,0.19999719363253657,347.65149968413243,86.91135049222866,-5.981596028492575e-05,6.200240321163619e-09,0.32636923750079677,0.3263695464864504,0.1404427955033663,5.613653967911131,178.1370931867582,12.26190156605111,81.55341931374234,0.4821357995131824,2074.104434911721
148.7596081411,0.04566105668626389,0.15227630424761265,0.2650285384033715,0.11275223415575883,2.43629220103e-06,0.400193886609,360.38414064923626,74.66891823661396,0.17163175091295174,0.17163386649558512,435.0530588858502,435.6660360942977,-0.14069887428975747,1.586541047392466,0.17163175092379823,0.01512480331440982,0.12298293911925272,0.17162816761511268,0.015124830545855592,0.12298304983149341,0.14752793042640036,0.2680470329133895,0.12051910248698913,0.2,0.1999972172372344,348.0436577581335,87.00940112771671,-5.9816089426067975e-05,6.323763734883414e-09,0.326162726773056,0.3261630203926893,0.14043916914664473,5.628678276649664,177.66160204047515,12.22640803511769,81.79017068035994,0.5163707773739356,1936.5929363501511
149.1278769954,0.04571220513825,0.15228190559095053,0.265001639824595,0.11271973423364448,2.48619777549e-06,0.400131147576,360.78112569863833,74.75117059136758,0.17163175091289523,0.17163384608159685,435.5322962900059,436.14594873016665,-0.14069887429825068,1.586541047389156,0.17163175092415522,0.015105925523896394,0.12290616552433972,0.17162819093990767,0.015105951311732476,0.12290627043292982,0.14752858807299743,0.2680444023287865,0.12051581425578908,0.20000000000000007,0.1999972402433995,348.4270389951342,87.10525729487176,-5.981629805917876e-05,6.531752916316691e-09,0.3259591157255374,0.3259593939533243,0.14043533741832806,5.643251066855756,177.20281946576034,12.191765222644051,82.02257685726072,0.5496467117733983,1819.3504638162337
149.4874008364,0.04576213900505556,0.15228738566730396,0.2649753205797184,0.11268793491241444,2.53506432647e-06,0.400069822863,361.16408573225556,74.83051706701106,0.1716317509128967,0.17163382712369385,435.99460279926666,436.6089066158912,-0.14069887428224126,1.5865410473891737,0.171631750924178,0.015087570452829976,0.12283147175227518,0.17162821324308083,0.015087594877217173,0.12283157117458514,0.1475292695873394,0.2680416762715332,0.1205124066841938,0.19999999999999987,0.19999726165216797,348.79687614428866,87.19772665497797,-5.981629693785351e-05,6.545031183691208e-09,0.3257610205706809,0.3257612842483188,0.1404313666243728,5.657594422011831,176.75356793150996,12.157729531727272,82.25219991860833,0.5824585884080901,1716.8602539333945
149.8453248423,0.04581185067254166,0.15229285348120336,0.2649490594205027,0.11265620593929931,2.58410405957e-06,0.400008692028,361.5408300654686,74.90857569570929,0.17163175091295402,0.171633808466716,436.44940576117796,437.06435038213664,-0.14069887430100403,1.5865410473851562,0.17163175092458116,0.015069369274888802,0.12275735935123727,0.17162823535777613,0.015069392355747238,0.12275745336128165,0.14752998696587122,0.2680388067594216,0.12050881979355038,0.19999999999999984,0.19999728274657694,349.16071055258413,87.2886952085938,-5.9816550157520965e-05,6.7799321712413985e-09,0.32556446726838273,0.3255647165921654,0.14042718687252112,5.672526513539632,176.28829016719826,12.124358331009027,82.4785916663663,0.615613104428695,1624.3968700569264
150.2082316268,0.045862254392611115,0.152298411198877,0.2649223679913288,0.1126239567924518,2.6349331669e-06,0.399946624872,361.9182242833691,74.9867689756381,0.17163175091291355,0.17163378930924325,436.90499325900726,437.52057978942696,-0.1406988742600368,1.5865410473867767,0.1716317509244499,0.015050987239648473,0.12268246508628881,0.17162825809790597,0.015051008930492535,0.12268255348863805,0.14753075503426877,0.2680357344851744,0.12050497945090566,0.1999999999999998,0.19999730444826747,349.52517230721736,87.37982095178992,-5.98164480170027e-05,6.703437804844725e-09,0.3253658403868804,0.32536607483850966,0.14042271177671362,5.688532706080293,175.79225639876017,12.091084972235777,82.70556383453228,0.649938658206642,1538.6067398410685
150.5812028881,0.045914055956680556,0.15230413793561298,0.2648948648071977,0.11259072687158472,2.68919680018e-06,0.3998827421,362.3012650191469,75.06613217222588,0.1716317509130207,0.17163376907740685,437.3673971913728,437.98363523580474,-0.14069887430843142,1.5865410473838466,0.1716317509247463,0.015032170630320082,0.12260575284349459,0.17162828152515325,0.015032190877178466,0.12260583541242426,0.14753158792471877,0.26803240292485525,0.12050081500013649,0.2000000000000002,0.1999973273100811,349.8950867005315,87.47231049084124,-5.9816632702602845e-05,6.8761440985554145e-09,0.32516239205115327,0.32516261103198596,0.14041785900239068,5.705434496020593,175.27148908597172,12.057322243916854,82.93715468246018,0.6854527031792543,1458.8898626583834
150.9667862374,0.045967609199638895,0.15231007530051274,0.26486635474354375,0.11255627944303101,2.74848699336e-06,0.399816593733,362.6921234071805,75.14711512828767,0.1716317509130699,0.17163374700543077,437.83923853546816,438.4561413907325,-0.14069887430647743,1.58654104737978,0.17163175092519561,0.015012797329104554,0.12252672087795606,0.1716283066175805,0.015012815980879245,0.12252679699102252,0.1475324954433585,0.26802877285254434,0.12049627740918584,0.19999999999999982,0.19999735223253493,350.27255012486523,87.5666884106029,-5.981688901979254e-05,7.1379346877620264e-09,0.32495279158488627,0.3249529934441413,0.1404125714132045,5.722534650600126,174.74774047809905,12.023392828521912,83.17119919992952,0.7212759903788203,1386.4318420952727
151.3510859911,0.04602098416543056,0.15231600823565886,0.2648378618726485,0.11252185363698966,2.8118642188e-06,0.39975055516,363.0764877826278,75.22675257306955,0.17163175091295377,0.1716337256551816,438.30324035569737,438.92079697611985,-0.14069887430193662,1.586541047382298,0.17163175092491242,0.014993568364762712,0.12244822728305507,0.17162833099134597,0.014993585476723706,0.12244829715730515,0.1475334465722486,0.2680249683355676,0.12049152176331901,0.19999999999999993,0.19999737631859552,350.6437422526192,87.65949810307823,-5.981673031341117e-05,6.972933341842236e-09,0.3247446189299597,0.32474480424326635,0.14040702972777447,5.73987975426281,174.21967755636948,11.98923498909743,83.40815747705031,0.7576005616939153,1319.9567827195178
151.7345725526,0.046074246187861115,0.15232194417469033,0.2648093508574963,0.11248740668280596,2.88012182951e-06,0.399684542287,363.4548725458078,75.30515108662836,0.17163175091291813,0.17163370516146537,438.7600236324362,439.3782238472662,-0.140698874290357,1.586541047376878,0.1716317509254945,0.014974458765714228,0.12237017106188186,0.17162835473931412,0.014974474411745296,0.12237023499097031,0.14753444230150228,0.268020985421461,0.12048654311995874,0.19999999999999996,0.1999973994838292,351.00915990848546,87.75086372395066,-5.981707194013808e-05,7.312062066944236e-09,0.324537606232737,0.32453777577889625,0.14040122818658668,5.757651144658194,173.6819364139099,11.955298312065198,83.64492243500169,0.7942932685647245,1258.9808318619953
152.1212091558,0.04612794571608333,0.15232794518919263,0.2647805238806255,0.11245257869143288,2.95449538625e-06,0.399617867594,363.83114240630556,75.38311140807836,0.17163175091292907,0.17163368475469407,439.21425381438394,439.83309402645517,-0.14069887429479788,1.5865410473738841,0.1716317509258354,0.014955271090175994,0.12229174579740039,0.17162837816467746,0.0149552852971203,0.12229180388366302,0.147535493850179,0.26801677922845973,0.12048128537828073,0.2000000000000002,0.19999742250572222,351.3725351237331,87.84171869065086,-5.9817260644745573e-05,7.510703170510169e-09,0.32432961479673483,0.32432976884715126,0.140395101416161,5.776067002547606,173.12818559046104,11.921363782992724,83.88302028217792,0.8315987342729734,1202.50303275684
152.5128425744,0.046182339246444444,0.15233404152631586,0.26475123830769737,0.11241719678138151,3.03575474851e-06,0.399550204827,364.20693022745854,75.46097185456031,0.1716317509129499,0.17163366394032517,439.6679020820189,440.28738147141615,-0.1406988742959192,1.5865410473729011,0.17163175092592703,0.014935915779689737,0.12221258437529965,0.1716284018426303,0.014935928523972568,0.12221263651510252,0.14753660831287638,0.2680123213781296,0.1204757130652532,0.19999999999999998,0.19999744596404748,351.7354445932442,87.93245748877469,-5.981732259519035e-05,7.564082693534147e-09,0.32411967099906247,0.32411980927888867,0.14038860808028591,5.795069342604243,172.56048907787712,11.887226041395481,84.12391558111624,0.8695653120437894,1149.9998748221021
152.9082638961,0.046237258874458335,0.15234021508557236,0.2647215801758671,0.11238136509029475,3.12387601234e-06,0.399481754933,364.58089692913325,75.53845497858696,0.17163175091293215,0.17163364295055827,440.11935190772016,440.7394673768655,-0.14069887428871386,1.5865410473745616,0.1716317509257457,0.014916454888476365,0.12213293940815624,0.17162842554600524,0.014916466161648642,0.12213298555938376,0.14753778420927857,0.26800761779161375,0.12046983358233518,0.20000000000000032,0.1999974695848506,352.0965952108517,88.02275669686843,-5.9817217934465816e-05,7.458433870510817e-09,0.3239084447928644,0.32390856719040584,0.1403817568037747,5.813848541832687,172.00310479446583,11.853648444435155,84.36221174329349,0.907032350606709,1102.4965088964086
153.2883232608,0.046290044897333335,0.15234616438203524,0.2646929893102675,0.11234682492823228,3.21418113238e-06,0.399415836494,364.9351701432203,75.61185775823175,0.1716317509129711,0.17163362460231066,440.5470279014521,441.1677459537408,-0.14069887429027927,1.5865410473819106,0.17163175092494984,0.014897826914271682,0.12205665452678802,0.17162844665398028,0.014897836890758045,0.12205669539504191,0.14753896211187645,0.2680029061772434,0.12046394406536698,0.20000000000000004,0.19999749013145626,352.43872803628904,88.10829986516305,-5.981675472721548e-05,6.994738122045874e-09,0.32370612986124214,0.3237062382478232,0.1403748938347298,5.832495053077792,171.45321014413938,11.820732048057005,84.59712951232761,0.9440121171491224,1059.30843665435
153.6534181489,0.04634075252068055,0.15235189544392808,0.26466544466992803,0.11231354922599995,3.30588653164e-06,0.399352392897,365.27072808597126,75.6813828725537,0.17163175091290614,0.17163360816019593,440.95211095852494,441.57339976122296,-0.1406988743058224,1.586541047382003,0.17163175092494287,0.014880002794540256,0.12198361691038784,0.17162846654882932,0.014880011618437342,0.12198365307875209,0.14754013805611352,0.2679982024002597,0.12045806434414616,0.19999999999999998,0.19999750868934632,352.7627873155118,88.1893236430132,-5.981674890964683e-05,6.990674705775746e-09,0.3235124269924321,0.3235125229144483,0.14036804228052782,5.8516068455800045,170.89323093456753,11.788898370733977,84.82556796676668,0.9808474130790483,1019.5265712745557
154.0159251402,0.046391100713916666,0.15235760330787357,0.2646380128262671,0.11228040951839352,3.40154719448e-06,0.399289278973,365.5992881228546,75.74945807278023,0.17163175091292335,0.17163359183129925,441.3487461956348,441.9705938459462,-0.14069887430749883,1.58654104738073,0.17163175092509633,0.014862372511737602,0.12191133053058523,0.17162848658673582,0.014862380170254649,0.12191136194077502,0.14754135007900124,0.26799335430947374,0.1204520042304725,0.20000000000000007,0.19999752716984856,353.0800883369948,88.26865785864007,-5.981682914546482e-05,7.080092068179056e-09,0.32332071647621075,0.3233207997790851,0.14036098051760643,5.871625744600893,170.31058236631057,11.757662871901971,85.05091623181025,1.018298091782421,982.0307119004887
154.3844781798,0.04644228863608334,0.15236342483537257,0.2646100346932033,0.11224660985783075,3.50346183353e-06,0.399224987126,365.9286107966664,75.81769128571528,0.1716317509129391,0.1716335747366537,441.74630208238165,442.36870987749217,-0.14069887431299444,1.5865410473789592,0.17163175092525523,0.014844516864954447,0.12183807641683468,0.17162850701931326,0.014844523302294573,0.12183810283443589,0.14754262885666222,0.26798823919962705,0.12044561034296483,0.19999999999999993,0.19999754643249096,353.39812552027934,88.34817656210231,-5.981694075618549e-05,7.172662463972301e-09,0.3231264394353518,0.32312650949739524,0.14035352981285784,5.892114194249507,169.71836713143887,11.726742948100462,85.27517013255445,1.0560706759213938,946.9063224651384
154.7502034634,0.04649308381436111,0.15236922029483002,0.26458218122281635,0.11221296092798633,3.60936863343e-06,0.399161062259,366.25070660019355,75.88442714477254,0.17163175091293345,0.17163355791299117,442.13513374496614,442.75808939262583,-0.14069887430272487,1.5865410473780817,0.1716317509253824,0.014826866289064176,0.12176562030829628,0.17162852725402516,0.014826871517854025,0.12176564177900934,0.14754394450855168,0.2679829765927062,0.12043903208415452,0.19999999999999998,0.19999756540273675,353.7091834169595,88.42595032800662,-5.9816996067496575e-05,7.246758748635784e-09,0.32293427878200026,0.3229343357244147,0.14034586426289367,5.91290874975472,169.12150048679206,11.695801878257297,85.50076432630222,1.094206603293705,913.9041904790824
155.1153808777,0.046543802899680554,0.1523750253807603,0.2645542800365066,0.1121792546557463,3.72006652457e-06,0.399097105566,366.5676499417612,75.95009545194438,0.17163175091288602,0.17163354143209544,442.51774539370564,443.1412401301559,-0.1406988743063442,1.5865410473770192,0.1716317509254913,0.01480930916918793,0.12169350504109877,0.17162854727342836,0.014809313220244886,0.1216935216856053,0.14754530446961994,0.2679775367489758,0.12043223227935584,0.20000000000000012,0.1999975840211277,354.01526542848796,88.50247996521763,-5.981706303614942e-05,7.310196892262866e-09,0.3227430220730652,0.32274306621591015,0.1403379405485896,5.933571927705365,168.5325487217479,11.664947605367738,85.72691741365733,1.1321958694959031,883.2393995972077
155.486077067,0.046595288481527775,0.15238093665077046,0.2645258679216681,0.11214493127089764,3.83771044989e-06,0.399032049779,366.884611952923,76.01576762735621,0.171631750912911,0.17163352454766362,442.9003795802792,443.52441343717385,-0.14069887428711514,1.586541047372183,0.17163175092601649,0.014791554866079863,0.12162053636651937,0.17162856756080264,0.014791557718094765,0.12162054809157359,0.14754673168535165,0.2679718278886749,0.12042509620332326,0.20000000000000012,0.19999760307378825,354.32136526375234,88.57901431652684,-5.981736785898306e-05,7.616196562310051e-09,0.3225495020446753,0.3225495331406538,0.1403296249822744,5.9546362141708205,167.9363715990246,11.633818470250048,85.95630081019364,1.1707138981909981,854.1796604150788
155.8671043933,0.04664820894351389,0.1523870333509036,0.26449656783771525,0.11210953448681166,3.96436291892e-06,0.398965039995,367.2053995154104,76.08223242857741,0.17163175091289457,0.17163350677121536,443.2876319439879,443.91221142831637,-0.1406988742929327,1.5865410473679713,0.1716317509264757,0.014773376844685476,0.12154578085925268,0.171628589048905,0.014773378453677058,0.12154578747812307,0.14754824836755903,0.26796576116214166,0.12041751279458263,0.19999999999999998,0.19999762326826934,354.63115913097096,88.65647281301693,-5.981763332441048e-05,7.883760311244714e-09,0.3223512431620529,0.3223512607159348,0.1403207881456165,5.97729883273958,167.29964955452448,11.602268756315356,86.19003929345105,1.2111221513603285,825.6805466540293
156.2614395138,0.046702977710250004,0.1523933658444764,0.26446613369388833,0.11207276784941192,4.10170993121e-06,0.398895537968,367.5320469083683,76.14991134321548,0.171631750912972,0.17163348778592882,443.6819582515838,444.3070933303093,-0.14069887429430938,1.5865410473620778,0.1716317509271309,0.014754638707692926,0.12146867377103006,0.17162861122013404,0.014754639003688286,0.12146867498943209,0.14754987276569187,0.26795926357288813,0.12040939080719626,0.19999999999999996,0.19999764472416973,354.9466115946596,88.73534665692415,-5.981800479393229e-05,8.265499396031828e-09,0.322146747657812,0.3221467508891261,0.14031132371104285,6.0011310393452915,166.63525482841274,11.570309072983369,86.42811472815333,1.2529303430474485,798.1289666652522
156.6615457508,0.04675854802094444,0.15239981461533464,0.26443513930754303,0.1120353246922084,4.24767650598e-06,0.398824860158,367.85792120263176,76.21743007742467,0.1716317509128267,0.17163346865443727,444.0753512800564,444.7010406381391,-0.1406988742784998,1.5865410473617403,0.17163175092720226,0.014735703883928163,0.12139070756828202,0.17162863355634583,0.01473570285553057,0.12139070333238279,0.14755157761441912,0.26795244417833336,0.12040086656391424,0.1999999999999999,0.19999766633821509,355.26131734572203,88.81403393433439,-5.981802606580544e-05,8.307088350534286e-09,0.321939973698216,0.32193996246419215,0.1403013905334849,6.025637094267611,165.9575550859731,11.537700810156787,86.67238095823105,1.29565762547538,771.8088330882146
157.0604764365,0.04681395506062501,0.15240626797840534,0.26440411678483117,0.11199784880642583,4.39991005585e-06,0.398754230426,368.1772708387028,76.2835969510335,0.17163175091293173,0.1716334504567147,444.4608677897363,445.0871003295382,-0.1406988742963411,1.5865410473602826,0.17163175092732785,0.014716902675169376,0.12131324196133486,0.17162865486753487,0.014716900419302195,0.12131323266363894,0.14755333521770875,0.2679454137658042,0.12039207854809547,0.20000000000000007,0.19999768687385688,355.56972232584195,88.89114546389439,-5.981811794786296e-05,8.380252047857084e-09,0.32173452736741626,0.3217345027090149,0.14029114998560022,6.050129558452956,165.28571666747982,11.505538862139602,86.91466014604701,1.33804234556548,747.3605026882633
157.436679412,0.04686620547388889,0.15241237366538615,0.26437474885697054,0.11196237519158439,4.54956068874e-06,0.39868747907,368.4733355557043,76.3449393621853,0.17163175091283747,0.17163343639830278,444.8182749178896,445.44501103362904,-0.14069887420786742,1.5865410473607993,0.17163175092738003,0.014699244097957507,0.12124043920226249,0.17162867215587796,0.014699240881335323,0.12124042593679438,0.1475550461192967,0.2679385701597145,0.1203835240404178,0.1999999999999999,0.19999770257935798,355.8556418689984,88.96263304889118,-5.9818085385021647e-05,8.410672158731813e-09,0.32154144736310264,0.32154141218178317,0.14028118154137917,6.0741254006119725,164.63275517809515,11.474373134868248,87.15073043608864,1.3792940900926598,725.0085439957339
157.7893154839,0.04691518270609722,0.15241811597479937,0.2643471218965773,0.1119290059217779,4.69493381838e-06,0.39862478004,368.7463680577474,76.40150966948464,0.17163175091289615,0.17163342490858713,445.14787772723207,445.77507824424777,-0.14069887430361305,1.586541047354464,0.171631750927948,0.014682754289963545,0.12117241554893401,0.1716286872390937,0.014682750311313192,0.12117239913162235,0.1475566968768894,0.2679319671321805,0.12037527025529107,0.20000000000000018,0.19999771547079068,356.1193191351148,89.02855859211726,-5.981848468783468e-05,8.741585233451588e-09,0.3213610420124615,0.3213609984721461,0.1402715635248026,6.097344695857542,164.0058172665533,11.444733629441966,87.3764328972643,1.4188129366692885,704.814548947893
158.1344518881,0.046963118317791666,0.15242375580942288,0.26431999074369894,0.11189623493427606,4.84176093138e-06,0.398563291471,369.00939233476925,76.4560063468591,0.17163175091294078,0.1716334134609109,445.46539868162836,446.0930465764823,-0.1406988742978288,1.586541047351169,0.17163175092825408,0.014666673148414536,0.12110604092453248,0.17162870253175774,0.014666668395383123,0.12110602130110262,0.14755835646829984,0.26792532876807224,0.12036697229977239,0.1999999999999999,0.19999772840022959,356.3733308644,89.09206781722828,-5.98186923772559e-05,8.919931460127373e-09,0.3211850100470655,0.3211849580038125,0.14026189403710637,6.120077045100231,163.39663579898976,11.416403483245317,87.593260125012,1.4571589989058784,686.2669075583786
158.4827853213,0.04701149796129167,0.15242946762432788,0.2642925156759837,0.11186304805165584,4.99497247451e-06,0.398501108711,369.27064016284186,76.51013495716226,0.17163175091291397,0.17163340131930613,445.7807751200041,446.40886737119234,-0.1406988743048343,1.5865410473496484,0.17163175092847222,0.01465050022439307,0.12103925075938413,0.17162871842388894,0.014650494634173037,0.12103922766679007,0.14756007549328365,0.26791845266922554,0.12035837717594189,0.19999999999999982,0.19999774210066615,356.62562662411847,89.15514849588563,-5.9818788222809616e-05,9.047007587525968e-09,0.3210078760271566,0.32100781478334245,0.1402518782634692,6.1429345004650635,162.78864766086843,11.38864632179643,87.80674820730242,1.4954566463868677,668.6920696872577
158.8358749653,0.04706053818962501,0.15243527774527407,0.26426456909423546,0.11182929134896138,5.15656159577e-06,0.39843794884,369.53113722012745,76.5641080133696,0.17163175091295602,0.17163338863693087,446.09524523349705,446.7237805639875,-0.14069887430145922,1.5865410473455213,0.1716317509289237,0.014634164454823698,0.12097175064792481,0.1716287348228513,0.014634157980726654,0.12097172388920749,0.1475618633988143,0.2679113010493609,0.12034943765054659,0.20000000000000012,0.19999775640346293,356.877197044545,89.218048188952,-5.9819048359166516e-05,9.310063830980653e-09,0.3208288591605186,0.3208287881937887,0.14024146116366365,6.166217496404947,162.17397465837428,11.361078715378694,88.01981088700408,1.5342079724147637,651.8021141723386
159.191517046,0.047109932923055556,0.1524411504531872,0.2642363214376087,0.11179517098442152,5.32698356158e-06,0.398374201997,369.7891244565044,76.61756105330343,0.171631750912969,0.17163337591011918,446.4066855098078,447.0356596506885,-0.1406988743072879,1.586541047345239,0.17163175092899274,0.01461776873240769,0.1209039649159931,0.17162875139285763,0.014617761372938652,0.12090393448080444,0.14756371051659506,0.26790391257858465,0.12034020206198959,0.19999999999999973,0.19999777079005163,357.1263435420706,89.2803419677372,-5.981906614493937e-05,9.350298313393068e-09,0.3206490848005831,0.3206490040834933,0.1402306990657326,6.190113494683426,161.54792652168356,11.333532007814998,88.2337473711155,1.573702028512353,635.4443102200972
159.5541286146,0.04716029564091667,0.15244715971522546,0.26420741668149045,0.11176025696626499,5.50670288365e-06,0.398309070753,370.04762984660783,76.67112145080115,0.17163175091290567,0.1716333628492787,446.71875129740897,447.3481651298097,-0.1406988742690074,1.586541047344556,0.17163175092904015,0.014601110941790316,0.12083505675833614,0.1716287683008218,0.014601102697696228,0.1208350226453251,0.14756564179796214,0.2678961874533519,0.12033054565538978,0.19999999999999998,0.1999977855857976,357.37599025827456,89.34276103913444,-5.9819109199388265e-05,9.377920662245742e-09,0.3204663336583575,0.3204662431873247,0.1402194465946153,6.215019068323716,160.90055219568538,11.3058048843552,88.45013780343801,1.6143815105315529,619.4322676990639
159.9307796633,0.04721260828656944,0.15245342538899895,0.26417727935167395,0.11172385396267501,5.65310916101e-06,0.398241272918,370.3112945435878,76.72575081842713,0.17163175091293356,0.17163334880972336,447.0370453620149,447.6669076616632,-0.1406988742898685,1.5865410473431698,0.17163175092918156,0.014583870677872555,0.12076369768217829,0.17162878606335363,0.014583861496856091,0.12076365966985304,0.14756769963735325,0.26788795609649485,0.1203202564591416,0.20000000000000004,0.19999780147873533,357.6306191100623,89.40642625195267,-5.98191965739403e-05,9.460321415133421e-09,0.32027708244167385,0.3202769816292802,0.1402074567428618,6.2411896581058,160.22586314153122,11.277349614754439,88.67331723862449,1.656749731494798,603.5914664659415
160.3271030459,0.047267653200819444,0.15246004452931863,0.26414544285867075,0.11168539832935212,5.81477881555e-06,0.398169774643,370.5833969106364,76.78212840862571,0.17163175091292562,0.17163333334634107,447.3655253192621,447.9958504377013,-0.14069887429166705,1.5865410473402415,0.17163175092948377,0.014565798327166549,0.12068884922463445,0.17162880499599298,0.014565788141156565,0.12068880702516106,0.14756992192683246,0.26787906694008834,0.12030914501325587,0.19999999999999993,0.1999978189622854,357.89339597649257,89.47212934276949,-5.981938113741592e-05,9.636380582378479e-09,0.32007857704586784,0.3200784651287497,0.14019450873548367,6.268801189855376,159.52013307078104,11.247674481028653,88.90726715879718,1.7011834397563743,587.826084260031
160.7437294893,0.047325517984625,0.1524670324066457,0.2641118352612948,0.11164480285464909,5.9936167873e-06,0.398094438021,370.8635443413437,76.84017287628014,0.17163175091291227,0.17163331615123587,447.7037172176238,448.33451883865797,-0.14069887428435068,1.586541047338723,0.17163175092967137,0.014546875479509131,0.1206104285686322,0.17162882540091662,0.014546864208745146,0.12061038184478626,0.14757232141953638,0.267869468970212,0.12029714755067564,0.20000000000000026,0.19999783841818214,358.163941522314,89.53977569530984,-5.98194768608451e-05,9.745693141383072e-09,0.3198705978320012,0.31987047391580664,0.14018052826565053,6.299067780936496,158.75364971089863,11.216373853693968,89.15537347844936,1.7490315777916896,571.7449660129009
161.1833084957,0.047386570624402775,0.15247444039202449,0.2640762099873739,0.11160176959534943,6.19275955455e-06,0.3980147569,371.15257818354775,76.90005854247319,0.17163175091299973,0.17163329677689892,448.05263672602103,448.68392996460125,-0.14069887428997951,1.586541047333569,0.17163175093023803,0.014526993735919282,0.12052797905847125,0.1716288475126632,0.01452698130987698,0.1205279275100878,0.14757492603489594,0.2678590505116042,0.12028412447670825,0.19999999999999996,0.1999978603681588,358.4430680485049,89.60956867751612,-5.9819801700999875e-05,1.00758512644461e-08,0.3196519337047021,0.3196517969933643,0.1401653526656836,6.328509004641401,158.0151026516022,11.186262768728266,89.39536113844456,1.7950341736220103,557.0924580127661
161.5589192608,0.04743873878622222,0.15248079377013124,0.2640456296699807,0.11156483589984945,6.37185574418e-06,0.397946519327,371.39422692348205,76.95012636720625,0.17163175091293034,0.17163328409425999,448.34435329068833,448.9760575495736,-0.14069887430814276,1.5865410473308872,0.17163175093050162,0.014510074359721414,0.12045777002635162,0.171628861895936,0.014510061138382734,0.12045771514677976,0.14757721064668028,0.2678499120657893,0.12027270141910901,0.1999999999999999,0.19999787416903703,358.676435736859,89.66791755382937,-5.9819970743557604e-05,1.0229439517672745e-08,0.319465732516763,0.3194655869707894,0.14015204154167715,6.356647559200761,157.31562756732933,11.156913573981802,89.63052311635941,1.839151394291427,543.7290280201602
161.8810640352,0.047483481115999995,0.15248626167494525,0.26401930286785785,0.1115330411929126,6.53236793025e-06,0.397887883184,371.59757111469986,76.99225777387196,0.1716317509129182,0.17163327739609113,448.5898288885718,449.2218790154597,-0.1406988743008597,1.5865410473327157,0.17163175093031127,0.014495613866914614,0.12039773198409767,0.17162887281952807,0.014495600350832132,0.12039767585311659,0.1475792133745385,0.26784190115340206,0.12026268777886356,0.20000000000000012,0.1999978819255157,358.8728132575279,89.71701563104388,-5.981985549130542e-05,1.0118528237512692e-08,0.31930650578408043,0.3193063569192477,0.14014037279135305,6.38247007591692,156.6791521316044,11.130393160935778,89.84408596721357,1.8794073135209324,532.0826373323902
162.2018570836,0.04752803570605556,0.1524917260561063,0.2639929953764039,0.11150126932029761,6.69828522563e-06,0.39782938792,371.7964780369747,77.03346981140481,0.17163175091299324,0.17163326994872885,448.8299478483795,449.46233629592393,-0.14069887429412065,1.5865410473315624,0.1716317509304395,0.014481259597526382,0.1203381053429311,0.17162888413857097,0.014481245633118197,0.12033804732136132,0.14758124726794442,0.26783376558042027,0.12025251831247585,0.1999999999999999,0.19999789032034215,359.06490516611444,89.76504268226509,-5.981992818870907e-05,1.0193246247069965e-08,0.3191483701271309,0.3191482162482729,0.1401285224590764,6.406609838946989,156.08879347089493,11.106421735013543,90.03799998404983,1.9166349122752422,521.7477744955075
162.5261582718,0.04757307753775,0.15249726989492,0.2639663084538328,0.1114690385589128,6.87175470552e-06,0.397770146802,371.9939259047321,77.07437954362165,0.1716317509129706,0.17163326188495584,449.0683054483537,449.70102973486456,-0.14069887429073447,1.5865410473297044,0.17163175093063893,0.014466793510950794,0.12027798431529685,0.17162889615537197,0.01446677905201878,0.12027792420897021,0.14758334340930201,0.26782538101598574,0.12024203760668373,0.20000000000000012,0.1999978994528431,359.2555876478352,89.8127178005185,-5.982004529503371e-05,1.0309442188827234e-08,0.3189889233091412,0.31898876390130504,0.14011630944401784,6.4312457840373485,155.49086966665877,11.082532523820575,90.23208349270529,1.9546336630981225,511.60481827320297
162.8659595188,0.04762027215538888,0.15250309985321292,0.2639382467609821,0.11143514690776918,7.05963577035e-06,0.397707960221,372.19689188314925,77.11643258739717,0.17163175091294747,0.17163325279239788,449.31332447054643,449.94639398184245,-0.14069887430224748,1.5865410473305843,0.17163175093055036,0.014451683963782356,0.12021515696359739,0.17162890923023538,0.014451668946515128,0.1202150945036235,0.1475855829056909,0.2678164230299895,0.12023084012429858,0.19999999999999996,0.19999790976204454,359.4515987482019,89.86172572234459,-5.981998983939363e-05,1.0257839022642656e-08,0.31882229905627346,0.3188221334063357,0.14010326117954977,6.456541317307721,154.88168523282752,11.058813611992406,90.4256130074911,1.993392411695221,501.65737269441087
163.213284012,0.04766851166833334,0.15250908097844657,0.26390945632503454,0.11140037534658798,7.25838482614e-06,0.397644278065,372.400208263566,77.15855823187252,0.17163175091293745,0.17163324315951498,449.5587664954386,450.19218182749216,-0.14069887430792072,1.586541047330894,0.17163175093050054,0.01443628954767074,0.12015111130435183,0.17162892245154032,0.014436273924130525,0.12015104628812237,0.147587917887087,0.2678070831041574,0.1202191652170704,0.19999999999999996,0.1999979205561433,359.6479480285661,89.9108184668725,-5.9819970310570625e-05,1.0228795588318462e-08,0.3186524437331928,0.3186522713038164,0.14008965657880887,6.4830126820985665,154.24927406995255,11.034726500024815,90.62299822272452,2.0337212833186804,491.7094629447814
163.5689358639,0.04771790775887501,0.15251522878727836,0.26387986259068713,0.11136463380340877,7.46945166534e-06,0.397578945977,372.60406020175384,77.20079483994773,0.1716317509129385,0.17163323370488476,449.8048550417015,450.4386171053295,-0.14069887428852512,1.5865410473281008,0.1716317509308251,0.014420577515770857,0.12008570904054677,0.17162893587673556,0.014420561336710457,0.12008564167589086,0.14759035712576177,0.26779732615107893,0.12020696902531716,0.19999999999999984,0.19999793127045407,359.84481455795475,89.96004048374677,-5.982014636973787e-05,1.0417910978333111e-08,0.31847899056275664,0.3184788119051247,0.1400754445327412,6.510839039242381,153.590035627169,11.010238108656392,90.82455711959463,2.0757269678734485,481.75892854756574
163.9414358334,0.04776964386574999,0.15252169461560938,0.26384874192118235,0.11132704730557297,7.69938794702e-06,0.39751038636,372.8128632541296,77.24405728213827,0.17163175091296823,0.1716332231466116,450.05692053626785,450.69103775289443,-0.14069887428607153,1.5865410473279913,0.17163175093084265,0.014404176003242317,0.12001739875219058,0.17162895066863526,0.01440415918548921,0.12001732868835738,0.14759296470715333,0.26778689582560083,0.1201939311184475,0.1999999999999999,0.19999794329581422,360.0464620629666,90.01045847330127,-5.982015327532508e-05,1.0428125030159663e-08,0.31829782502811854,0.31829763921200566,0.14006025164820754,6.540329920496823,152.89748562470638,10.985227055521834,91.0313455466849,2.1198170451954854,471.73882400204116
164.3359613413,0.04782443907518055,0.15252857182873378,0.2638156393537839,0.1112870675250501,7.9534823058e-06,0.397437626587,373.02876420013666,77.28879035515082,0.17163175091292546,0.17163321130549103,450.3175545552875,450.95203899778136,-0.14069887429802863,1.586541047326613,0.17163175093097638,0.014386865025266853,0.11994525845262435,0.17162896608202333,0.014386847538344908,0.11994518555717402,0.14759578570636842,0.26777561182940807,0.12017982612303965,0.20000000000000004,0.19999795665242745,360.2549637995119,90.06259075577552,-5.982024013917453e-05,1.0506040482027856e-08,0.3181065019309048,0.3181063086050676,0.14004381530081514,6.571402033925937,152.17452757224967,10.959414258204848,91.24575241339586,2.165995833248191,461.6814052224517
164.744069255,0.04788112072986111,0.15253571808348054,0.26378124159030225,0.11124552350682171,8.22827534732e-06,0.397362206432,373.24641886628496,77.33388678598301,0.17163175091293242,0.17163319873111071,450.580305652268,451.2151603034469,-0.1406988742913673,1.5865410473278514,0.1716317509308334,0.014369023195178562,0.11987086049235887,0.17162898206418167,0.014369005037234966,0.1198707847527285,0.1475987683738603,0.26776368115872706,0.12016491278486677,0.19999999999999996,0.19999797085001764,360.4651588168337,90.11514683543433,-5.98201620904959e-05,1.0422751550720477e-08,0.31790919129773626,0.3179089904288568,0.14002643700327572,6.605022962334158,151.3999278583293,10.932133189896007,91.47345560372857,2.215430449445894,451.37955030369477
165.1746357822,0.04794092163641666,0.15254329494832333,0.2637447744717999,0.11120147952347656,8.53206816048e-06,0.397282466818,373.4697928597341,77.38016821891769,0.17163175091284646,0.17163318453434676,450.8499610786518,451.485195666155,-0.14069887420471439,1.586541047323441,0.17163175093146005,0.014350271093330261,0.11979261702346376,0.17162899958303682,0.014350252217919073,0.11979253823973793,0.14760198760405213,0.2677508042410917,0.12014881663703958,0.19999999999999987,0.19999798696239363,360.6808764408479,90.16908463780388,-5.9820440079239035e-05,1.0787859494598706e-08,0.31770168200132676,0.31770147305920976,0.14000768039473263,6.641018611558102,150.57930996603278,10.903298582549711,91.71536415598666,2.267871823117366,440.9420275901759
165.6246357822,0.048003421636416674,0.15255125381624576,0.2637064601029154,0.11115520628666961,8.86655728065e-06,0.397198946853,373.696383697211,77.42711615816353,0.17163175091296698,0.171633169829338,451.1234998553745,451.7591198515286,-0.14069887429455363,1.5865410473258732,0.1716317509310903,0.014330752546166396,0.11971112123009456,0.17162901649431928,0.014330732964510016,0.11971103944294367,0.14760543330462456,0.2677370214369554,0.12013158813233082,0.20000000000000004,0.19999800334261117,360.8997006233689,90.22379923200565,-5.9820286779643794e-05,1.0572409614439948e-08,0.31748554722380234,0.31748533031630977,0.13998760426707313,6.6729606287078935,149.85851942507762,10.87606456331269,91.94502240941227,2.3148865183433434,431.98661881518643
165.9696741997,0.048051343638847215,0.15255737630163047,0.26367694812090975,0.11111957181927928,9.13518993024e-06,0.397134790408,373.86537181221246,77.46212924088631,0.1716317509128983,0.17163316524478528,451.3275010530988,451.9634084811029,-0.14069887430514516,1.5865410473277775,0.17163175093086788,0.014315844342826355,0.11964883761585966,0.17162902297366495,0.014315824655812753,0.11964875534585703,0.1476081291721395,0.26772623796578315,0.12011810879364365,0.19999999999999987,0.19999800788525327,361.06289993864954,90.2646011144493,-5.98201667534326e-05,1.04428243830057e-08,0.3173203650156228,0.3173201468275603,0.1399718969884193,6.704053549611783,149.16348632953682,10.8489468083809,92.17484587789589,2.360683313212333,423.60616284411145
166.2811838585,0.048094608869236104,0.15256292703948224,0.26365020223668423,0.11108727519720199,9.38642077988e-06,0.397076779143,374.01439772114344,77.49300630279801,0.1716317509129682,0.17163316229711914,451.50740402394143,452.1435649299223,-0.1406988742788884,1.5865410473313928,0.171631750930487,0.014302426168647839,0.1195927513215071,0.17162903058572865,0.014302406537078958,0.1195926692447282,0.14761060475292304,0.2677163356407443,0.12010573088782128,0.19999999999999993,0.19999801150658114,361.20682103865465,90.30058298528684,-5.98199388801568e-05,1.0220913004843624e-08,0.31717161870307214,0.31717140102745783,0.13995747319357188,6.732149157247214,148.5409750500688,10.827182889894736,92.3601282225798,2.400608716066276,416.56101359101785
166.582303026,0.048136430975833325,0.15256831316053054,0.2636242516221116,0.11105593846158107,9.63501402714e-06,0.397020622679,374.1552597964818,77.52219187895858,0.1716317509129575,0.17163315814006377,451.67745167544035,452.3138521737246,-0.14069887429399852,1.5865410473318453,0.17163175093044045,0.014289491508443778,0.11953866114543771,0.171629038327973,0.01428947175262986,0.11953857851183382,0.14761303576926085,0.2677066115751577,0.12009357580589683,0.19999999999999976,0.19999801614596904,361.34285740248544,90.33459427295487,-5.9819910358527295e-05,1.0193801358582277e-08,0.317028166290528,0.3170279471381596,0.13994330905219385,6.7594072427771685,147.94196651911452,10.807317620225676,92.52989827267778,2.4389428772136,410.01370279834606
166.8895344705,0.04817910200979166,0.15257382939101552,0.2635976781435572,0.1110238487525417,9.89345935167e-06,0.396963245909,374.2957468800752,77.55129975960332,0.1716317509129277,0.17163315333778692,451.84704663967847,452.4836860923564,-0.14069887429001282,1.5865410473311192,0.17163175093051808,0.014276329650589774,0.11948359573845178,0.17162904694550646,0.014276309737016615,0.11948351240659363,0.14761555437525833,0.2676965371515569,0.12008098277629856,0.19999999999999993,0.19999802161510838,361.4785312391132,90.3685154005653,-5.981995612192037e-05,1.0239031844605506e-08,0.31688212747065575,0.3168819064664491,0.13992863457671798,6.787069622566111,147.3389924681385,10.787981527643408,92.69574641350411,2.477923761815186,403.56366705465416
167.2163166777,0.04822448842745833,0.15257971943897447,0.26356930492069036,0.11098958548171589,1.01737128009e-05,0.396902130507,374.4415895802657,77.58151728425699,0.17163175091292224,0.1716331476457471,452.02310686452273,452.65999438100545,-0.14069887429606354,1.58654104733008,0.17163175093059013,0.01426236833011554,0.11942515786096136,0.17162905632830083,0.014262348213196375,0.1194250736369728,0.1476182760729582,0.26768565036111736,0.12006737428815917,0.20000000000000004,0.1999980280405159,361.6193768628708,90.40373000165192,-5.982002161397659e-05,1.0280998274936337e-08,0.31672714453069994,0.3167269211604766,0.13991277680207312,6.815862159856061,146.71658207670066,10.768636485636867,92.86226731989636,2.5183482477439783,397.08566950414183
167.5580570399,0.04827195236665278,0.15258590380476308,0.263539512761694,0.11095360895693093,1.04735177633e-05,0.396838123914,374.59015670176166,77.61229928879108,0.1716317509129418,0.17163314135248026,452.2024559905527,452.8395962048096,-0.14069887430265826,1.586541047328568,0.17163175093078933,0.014247809179752772,0.1193641871741804,0.17162906598015093,0.014247788813209566,0.1193641018615294,0.14762116941505993,0.2676740769937064,0.12005290757864645,0.2,0.19999803501161229,361.7628533650171,90.43960262553564,-5.982011692662326e-05,1.0397060989930651e-08,0.31656544433393996,0.31656521807647786,0.13989591895445952,6.845840950466632,146.07409188082832,10.748884208409487,93.03291212474323,2.5603425916987965,390.5727316501408
167.9059800604,0.04832027500838889,0.15259222621478266,0.2635090552764506,0.11091682906166792,1.07871029545e-05,0.396772863882,374.737262646692,77.6427785483836,0.17163175091295074,0.17163313541517222,452.3800411950756,453.0174316216811,-0.14069887428478367,1.5865410473274242,0.17163175093090877,0.014233029511146529,0.11930226113174272,0.17162907579234907,0.014233008958284141,0.11930217499393773,0.1476241645709506,0.2676620963707402,0.12003793179978958,0.19999999999999998,0.19999804174076022,361.904918833456,90.47512236161955,-5.9820189013404246e-05,1.0466649769114156e-08,0.31640121044097574,0.31640098199512495,0.13987846789569305,6.877497002904663,145.4017354827864,10.728406174785176,93.21049032896295,2.6044485191362945,383.9584436599373
168.2696413648,0.048370783522888885,0.15259886338587547,0.26347708158130495,0.11087821819542948,1.11254861264e-05,0.396704555322,374.88654959096755,77.67370969486552,0.17163175091299276,0.17163312885258364,452.560259285833,453.19790363459947,-0.1406988743003046,1.586541047325878,0.17163175093107577,0.014217627266402164,0.1192376923057561,0.17162908611286962,0.014217606520048918,0.11923760530993953,0.14762734895949609,0.26764935881739393,0.12002200985789785,0.19999999999999993,0.19999804916253253,362.04909030017654,90.5111689856565,-5.982028646878135e-05,1.0563949714992305e-08,0.31622996762876815,0.31622973690738715,0.13985991428681005,6.911083773875937,144.6951061105675,10.707283510490962,93.39437019858522,2.6508044748053097,377.24396857804675
168.6569223667,0.04842457255093055,0.1526059648790542,0.2634428728934705,0.11083690801441631,1.14997815369e-05,0.396631702457,375.0405066848496,77.7056084616111,0.17163175091292346,0.17163312125623126,452.7461151464607,453.384021360721,-0.1406988742889137,1.5865410473243253,0.1716317509312319,0.014201275702875535,0.11916910548827467,0.171629097467343,0.01420125472870979,0.11916901748655055,0.14763080108866333,0.26763555030150576,0.12000474921284243,0.1999999999999999,0.19999805776510962,362.19777145646987,90.54834368999082,-5.982038433494097e-05,1.065492138963009e-08,0.31604806871197016,0.3160478353228244,0.13983980070646887,6.946896639585603,143.94916923071597,10.685548966164935,93.5843355513537,2.6996545704002024,370.41776046620583
169.0609031109,0.048480680987624994,0.15261340918079294,0.2634070101121131,0.11079360093132015,1.1908937159e-05,0.396555595936,375.1955798175552,77.73773846334895,0.17163175091291666,0.1716331131227437,452.9333182809042,453.57148825901555,-0.14069887429672967,1.586541047323676,0.17163175093131652,0.014184274509813893,0.1190977519091519,0.17162910889858202,0.014184253307395707,0.11909766289644691,0.1476344696540125,0.2676208760405299,0.11998640638651742,0.2000000000000001,0.1999980668536707,362.34753021110504,90.58578806979918,-5.9820425257761656e-05,1.070423749638394e-08,0.31585883207395865,0.3158585960035932,0.1398184260759271,6.9844222515835845,143.17576514983313,10.662889963285323,93.78320543897762,2.7508115258199015,363.5290860946724
169.4817316176,0.04853912939133333,0.15262120306476032,0.2633694644583371,0.11074826139357677,1.23583030748e-05,0.396476191571,375.3511249939375,77.76996626904099,0.17163175091292657,0.17163310436618034,453.1210912629785,453.75952580780677,-0.14069887429728478,1.58654104732418,0.17163175093124444,0.014166624132346605,0.1190236284623629,0.17162912107830286,0.014166602729863292,0.11902353855378058,0.14763836317907908,0.26760530193990484,0.11996693876082576,0.20000000000000004,0.19999807674920364,362.49774447588237,90.62334678709608,-5.982039349428092e-05,1.0662226657132123e-08,0.3156622494772533,0.31566201103093394,0.13979574073293186,7.023619715598171,142.37672887943853,10.638975505088911,93.99401281840275,2.8044561437825415,356.5753745933922
169.9279743343,0.04860110754643055,0.15262951119429927,0.26332943915637086,0.11069992796207159,1.28621770598e-05,0.396391855438,375.50938265059744,77.80275608052165,0.17163175091296232,0.17163309473937383,453.3121387311191,453.95084245631284,-0.14069887429611905,1.586541047315348,0.17163175093221614,0.014147974820919965,0.11894525976649917,0.17162913365636912,0.014147953211173764,0.11894516892742539,0.1476425729123431,0.26758846301170747,0.11994589009936438,0.20000000000000007,0.19999808751060502,362.6505779395532,90.66156079156588,-5.982095018230993e-05,1.1228373786309476e-08,0.3154544080667323,0.31545416715265906,0.13977121303179332,7.06263944210508,141.59012479645165,10.614209230310133,94.2133302916605,2.857903808889909,349.9068082310399
170.3494910911,0.04865965154043055,0.15263739542970078,0.2632914275164932,0.11065403208679242,1.33636791521e-05,0.396312072611,375.65255732364665,77.83242080976515,0.1716317509129651,0.17163308802315577,453.48497813341186,454.12392538433244,-0.14069887429513095,1.586541047308564,0.17163175093295938,0.014130425227891204,0.11887146515413699,0.1716291407023363,0.014130403542274673,0.11887137393954304,0.14764662605716494,0.267572250436138,0.11992562437897308,0.20000000000000007,0.1999980940512624,362.78884682585107,90.69613130756078,-5.982137778470786e-05,1.1661427379294764e-08,0.3152586975709385,0.3152584556609492,0.13974759768057365,7.096978357811723,140.90503726833109,10.59080032813793,94.421570515608,2.9054432593909625,344.18156223419743
170.662101127,0.048703069600972225,0.1526432663660832,0.2632631183460381,0.11061985197995491,1.37503667845e-05,0.396252833882,375.7547795739696,77.85360050106975,0.1716317509129585,0.17163308868112373,453.60838007503935,454.2475011957195,-0.14069887429162264,1.5865410473080095,0.17163175093301677,0.014117452135594823,0.11881688489265665,0.17162914524713513,0.014117431022455024,0.11881679604523522,0.14764967853377092,0.2675600405300017,0.11991036199623079,0.19999999999999987,0.19999809393485413,362.8875686671546,90.72081140788472,-5.982141273452868e-05,1.1694867296796474e-08,0.31511394540417537,0.31511370977215797,0.13972981264643966,7.131093970603458,140.2309384958752,10.56872367499071,94.61880457394766,2.951743203702777,338.7828584632846
170.9691373789,0.04874571352484722,0.15264905642378612,0.26323519918427635,0.11058614276049022,1.4136874789e-05,0.396194592863,375.85189657380255,77.87372242236124,0.17163175091292268,0.17163308723184337,453.72561899616375,454.3649053031178,-0.14069887429521977,1.5865410473059922,0.1716317509332111,0.014104743504345194,0.11876339294725961,0.17162914973247556,0.014104722638639603,0.11876330510153212,0.14765271829386123,0.26754788149061015,0.11989516319674892,0.2000000000000001,0.19999809544949176,362.98135934028926,90.74425965587449,-5.982153987726946e-05,1.1808087840847747e-08,0.31497207955761125,0.31497184658218375,0.1397121017049606,7.161897316490033,139.6278047295558,10.551273801120146,94.77528674251992,2.9921359744676095,334.20941044563654
171.2692226759,0.048787392038319444,0.1526547386840069,0.26320780654762577,0.11055306786361888,1.45163188387e-05,0.396137616315,375.94367205458855,77.89273762059445,0.17163175091294097,0.17163308498235255,453.836409675183,454.4758520829893,-0.14069887429124517,1.5865410473073511,0.17163175093309668,0.014092353620648944,0.1187112194388085,0.17162915529023767,0.014092332922121507,0.11871113225861131,0.1476557285481456,0.2675358404729026,0.11988011192475698,0.19999999999999984,0.1999980979903416,363.0699909413809,90.76641873380207,-5.982145422356311e-05,1.1741430050449253e-08,0.31483371033417584,0.3148334791237995,0.13969456267513436,7.19218937846062,139.03972036593328,10.534424599941422,94.92687431694756,3.03224457896747,329.7887007322202
171.5792680509,0.04883045389595833,0.15266063225634405,0.2631793967479995,0.11051876449165546,1.49080331184e-05,0.396078694063,376.0352309137019,77.9117079364224,0.17163175091295377,0.17163308234370966,453.9469388501243,454.5865369903835,-0.14069887429875028,1.5865410473074755,0.17163175093307403,0.014079583614458092,0.11865742123633942,0.17162916131478329,0.014079563061139666,0.11865733462849933,0.14765887899928767,0.2675232386682199,0.11986435966893225,0.2000000000000001,0.19999810097832701,363.15841313517467,90.78852571494961,-5.9821446385388555e-05,1.1728240600916706e-08,0.314691032264043,0.31469080257161336,0.139676206798974,7.223423941665261,138.43850341275467,10.518064592039725,95.07452547465999,3.07351043016587,325.36086104839814
171.9115020952,0.04887659751322222,0.152666974183602,0.2631488280280255,0.11048185384442352,1.53283036143e-05,0.396015495875,376.1296624720307,77.93127345418212,0.17163175091293548,0.17163307904871394,454.06093592621284,454.70069468507927,-0.14069887430225858,1.5865410473067834,0.17163175093315347,0.014065933581919269,0.11859988862523974,0.17162916820302776,0.014065913170496134,0.11859980257359679,0.1476623012480729,0.2675095496734766,0.11984724842540373,0.2,0.1999981047681214,363.24960929173085,90.81132663448197,-5.982149001715342e-05,1.1774514696583083e-08,0.3145384501786819,0.3145382219613413,0.1396562673140739,7.256497158751304,137.80753690422168,10.501697834865874,95.22269786509924,3.116810635963897,320.8407942597842
172.25789189,0.048924707206944446,0.15267361482806455,0.2631168159778314,0.11044320114976683,1.5770408531e-05,0.395949543162,376.2240646032011,77.95083287485605,0.17163175091292257,0.17163307539032924,454.1748974780571,454.8148168054428,-0.14069887429797312,1.5865410473087855,0.17163175093292188,0.014051738683968081,0.11854002988007081,0.17162917481782716,0.014051718382483789,0.1185399442486953,0.14766592046872673,0.2674950727897022,0.11982915232097546,0.20000000000000004,0.19999810872197246,363.34077695344996,90.83412052460716,-5.982136381810221e-05,1.1639578190170141e-08,0.31437969895932316,0.31437947185657267,0.13963518018499435,7.290996044461682,137.15547147493115,10.484932543939713,95.37495790356797,3.161897129778046,316.2658236355072
172.6115074265,0.04897382047590278,0.15268042423653633,0.2630839905222215,0.11040356628568515,1.62308226683e-05,0.395882152313,376.31616890209716,77.96991620177786,0.17163175091297284,0.17163307201661426,454.28608510387505,454.9261610914221,-0.14069887429893901,1.5865410473081203,0.17163175093300767,0.014037285838668891,0.11847905232009957,0.1716291816251847,0.014037265728073667,0.11847896745023426,0.14766966854020042,0.2674800805042363,0.11981041196403586,0.20000000000000018,0.1999981125356857,363.42972553187417,90.8563595720009,-5.982140574012362e-05,1.1689560430738766e-08,0.3142179805341935,0.31421775545104214,0.13961334231776998,7.32680825838137,136.48507845910504,10.467743141727034,95.53157604849422,3.2087270472630145,311.6500672293026
172.9816701413,0.04902523196406945,0.15268758470861044,0.26304947155980907,0.11036188685119863,1.67280837896e-05,0.395811541668,376.4079655449253,77.98893578457503,0.1716317509128926,0.17163306847972093,454.3969013295003,455.0371334538215,-0.14069887427905492,1.586541047306577,0.17163175093317704,0.014022197408900754,0.1184153596831963,0.17162918858293275,0.014022177515838851,0.11841527568620043,0.14767364955694542,0.2674641564381028,0.11979050688115736,0.19999999999999973,0.19999811651589838,363.5183769129397,90.87852441656058,-5.982150301786504e-05,1.178823705316745e-08,0.3140490614607308,0.3140488386925142,0.1395901472122343,7.3639939107113355,135.79587546174432,10.450119104739548,95.6926892389638,3.257368791889191,306.99624877907223
173.3759500686,0.04907999306508333,0.1526952479907913,0.26301252850926204,0.11031728051847076,1.72810408116e-05,0.395736249321,376.50054915665766,78.00811842152298,0.17163175091287938,0.17163306458371777,454.5086675781806,455.1490571780204,-0.14069887430072647,1.5865410473061616,0.17163175093320585,0.014006171181495896,0.11834767079032817,0.1716291960021236,0.014006151529791035,0.11834758776498588,0.1476779542326762,0.2674469377353243,0.11976898350264809,0.2000000000000001,0.1999981209085626,363.60778812589,90.90087945229064,-5.982152919692396e-05,1.1805023625299782e-08,0.313869543927419,0.31386932373612236,0.13956506633017746,7.403460121832978,135.07197763529197,10.431896978343019,95.85984237344701,3.308536986599988,302.24839681410003
173.7890918235,0.04913737386437501,0.15270331899396145,0.262973617228794,0.11027029823483253,1.78912251757e-05,0.395657300977,376.59181457798127,78.02702793925994,0.17163175091296573,0.1716330605112043,454.6188425172412,455.2593873503423,-0.1406988742899129,1.5865410473063744,0.17163175093319938,0.013989427946868863,0.11827691214632238,0.17162920335370074,0.013989408560832632,0.11827683019439028,0.14768253697766984,0.2674286067553153,0.11974606977764549,0.20000000000000007,0.1999981254075727,363.6959262388325,90.92291627840875,-5.9821515796532054e-05,1.1801271071476549e-08,0.31368188511525397,0.3136816677707456,0.1395383652974365,7.4463922587307465,134.29322083154025,10.412783382990357,96.03580168905988,3.363277932821286,297.32898082590214
174.2210027272,0.04919736148988889,0.15271180323731154,0.26293271173474353,0.11022090849743199,1.85656728786e-05,0.395574733209,376.6809389496097,78.04549384735891,0.17163175091298363,0.17163305634962647,454.7264327969686,455.36712922163014,-0.14069887428121985,1.5865410473048802,0.1716317509333485,0.013971978207312219,0.11820312266311842,0.17162921074994578,0.013971959175166943,0.1182030421569891,0.1476874079515872,0.2674091228603951,0.1197217149088079,0.19999999999999987,0.1999981300489981,363.78199655372345,90.94443624324512,-5.9821609965649e-05,1.1888157125383714e-08,0.313486188222487,0.31348597471238837,0.1395099849206029,7.491728760807974,133.4805399297653,10.392269950959399,96.22536796281754,3.4207570463954466,292.3329504074923
174.6710027272,0.04925986148988889,0.15272069198152768,0.26288984774492097,0.11016915576339328,1.93084226818e-05,0.395488666728,376.76696089521073,78.0633169557654,0.17163175091290345,0.17163305276548124,454.8302778509761,455.47112059039046,-0.14069887429606354,1.5865410472982793,0.1716317509340654,0.013953858273278847,0.11812645035418125,0.17162921708179515,0.013953839685093034,0.11812637167496949,0.14769256960697244,0.2673884762424384,0.11969590663546595,0.2000000000000003,0.19999813384486528,363.8650710646393,90.9652067863368,-5.982202602172748e-05,1.230584523170819e-08,0.31328284579523635,0.3132826371303009,0.1394799109124958,7.532552489866138,132.7571233450205,10.37199085588267,96.4135057478219,3.472881865628287,287.94529692966904
175.0365566063,0.04931063286198611,0.1527279441889116,0.2628548498294611,0.1101269056405495,1.9940004773e-05,0.395418727958,376.831706290988,78.07673172104859,0.1716317509128787,0.17163305286266567,454.90843801203664,455.54939087684676,-0.14069887429251082,1.5865410473008619,0.17163175093379524,0.013939186800360076,0.11806433331180113,0.17162921782661714,0.013939168765128348,0.11806425693294456,0.1476968252796325,0.26737145355044617,0.11967462827081368,0.2,0.19999813288567453,363.92759977569074,90.98083823634593,-5.982186324082761e-05,1.2148437811276835e-08,0.31311810535183116,0.31311790278766166,0.13945511554154716,7.571134965017652,132.08059354647477,10.352290909825257,96.59697633215754,3.522141517270631,283.9181773635596
175.345706789,0.049353570387361115,0.1527341061303005,0.26282512650361567,0.11009102037331517,2.04888927972e-05,0.395359568268,376.882870302348,78.08733252436701,0.1716317509129454,0.17163305455232694,454.970202826715,455.6112427163764,-0.14069887429456474,1.5865410472988233,0.17163175093400818,0.013926811195034,0.11801191124218775,0.17162922071676467,0.01392679396609504,0.11801183824555501,0.14770046957351965,0.26735687637596267,0.11965640680244302,0.19999999999999998,0.19999813163768057,363.9770123105554,90.99319051615956,-5.982199173804048e-05,1.227249413204845e-08,0.3129790769199963,0.3129788833258137,0.13943388232767648,7.60694909523014,131.4587474533042,10.336161098315271,96.74771808297315,3.566832500852503,280.3607962417612
175.646844522,0.0493953950725,0.15274013234774603,0.26279605304894044,0.11005592070119441,2.10271993705e-05,0.395301929813,376.9295442860005,78.09700302726424,0.17163175091298147,0.17163305479615973,455.0265473132648,455.66766659072096,-0.14069887430305794,1.5865410472976424,0.17163175093413632,0.013914783501377214,0.11796094057516333,0.17162922271603231,0.013914766750694921,0.11796086957417244,0.14770406049467621,0.2673425126919754,0.11963845219729918,0.19999999999999993,0.1999981310958352,364.0220882516212,91.00445906164359,-5.982206616739205e-05,1.2347167732684738e-08,0.3128438977491196,0.3128437094475734,0.139412960085669,7.640003540544756,130.88999169870763,10.32234343928796,96.877226172682,3.607904405262128,277.1692061855908
175.9494191576,0.04943741932744444,0.15274621201002894,0.26276672997777695,0.110020517967748,2.15663388117e-05,0.395244006618,376.9732964558016,78.10606815200846,0.1716317509129879,0.17163305440660886,455.07936460781,455.72055830330106,-0.14069887430101513,1.5865410472951844,0.17163175093442148,0.013902724249530481,0.11790981405095372,0.17162922614518716,0.013902707960803208,0.11790974497811116,0.14770770814533118,0.2673279220907835,0.1196202139454523,0.20000000000000012,0.19999813158805868,364.0643419619671,91.01502264584293,-5.982222109901514e-05,1.251332371055014e-08,0.3127083052298152,0.3127081220419061,0.13939170731425593,7.67326708279827,130.32258478813725,10.30931238439988,96.9996797762387,3.6493020683288893,274.0250001989904
176.2680063963,0.049481667555041665,0.15275263967786828,0.26273572837172443,0.10998308869385615,2.21312758009e-05,0.395183013648,377.01595771346206,78.11490724781423,0.171631750912917,0.1716330537624687,455.1308649612763,455.7721312192703,-0.14069887429899453,1.5865410472936827,0.17163175093458685,0.013890053608483277,0.11785607158090447,0.17162922976120584,0.013890037788443638,0.11785600446495562,0.14771159256822924,0.2673123844000174,0.11960079183178818,0.2,0.19999813231606042,364.1055420096279,91.02532295164836,-5.982231574552799e-05,1.260966886462711e-08,0.3125657749674852,0.31256559696944874,0.13936907500576895,7.708678439658395,129.72392191836119,10.296593544151333,97.11949837701611,3.6928011386698674,270.7971435364635
176.6081061906,0.04952890363758333,0.15275953126179173,0.2627024875679429,0.10994295630615117,2.27342443931e-05,0.395117906889,377.057643983165,78.12354433341888,0.17163175091296398,0.1716330530106935,455.1811883165839,455.82252547873554,-0.1406988742993831,1.5865410472941965,0.17163175093452362,0.013876556820171637,0.1177987980421347,0.17162923335316335,0.013876541486647086,0.11779873295858104,0.1477157891202166,0.2672955981917529,0.11957980907153631,0.20000000000000004,0.19999813306343925,364.14580044766933,91.03538786891454,-5.982228336032236e-05,1.2572831664670048e-08,0.31241387996716347,0.31241370735923685,0.13934462409835788,7.745858929377505,129.10124094919,10.283928970487583,97.23910023783331,3.738065507880218,267.51805121978185
176.953553474,0.04957688242694444,0.15276656367907265,0.26266856744373357,0.10990200376466092,2.33524509225e-05,0.395051797326,377.0959100288176,78.13147277393506,0.17163175091290359,0.17163305245300378,455.22738280275274,455.86878505157983,-0.1406988742943871,1.5865410472948187,0.17163175093446287,0.013862878418494148,0.11774072540329514,0.17162923701403768,0.013862863632275343,0.11774066261184087,0.14772010470229363,0.26727833586313937,0.11955823116084574,0.2000000000000001,0.19999813370167777,364.182755832303,91.04462697044977,-5.982224414724513e-05,1.2537415550184505e-08,0.31225986567566527,0.3122596991466094,0.13931947967073793,7.785871975755358,128.4377656239311,10.2708533851523,97.36289308205052,3.7862560822460027,264.11314456226665
177.3114014234,0.04962658353102778,0.15277388378965187,0.2626332577201007,0.10985937393044884,2.40067744466e-05,0.394983364646,377.13121878538396,78.13878848618629,0.1716317509129834,0.17163305210877097,455.27000727157025,455.9114695770533,-0.1406988742963966,1.5865410472954722,0.17163175093438213,0.01384874126161546,0.11768067497093761,0.17162924049153902,0.013848727074261616,0.1176806146918923,0.147724632590037,0.267260224311765,0.11953559172172798,0.1999999999999997,0.19999813408751826,364.2168553112453,91.05315196032494,-5.9822202957970916e-05,1.2490386502861384e-08,0.31210060608322177,0.312100446217319,0.1392930982593763,7.828495655324112,127.73846266618365,10.257492753054493,97.489710602254,3.8370270853572266,260.6184365536998
177.6898801581,0.04967915002195833,0.15278166595244197,0.26259571722861286,0.10981405127617089,2.47232099444e-05,0.394911064489,377.1637677533344,78.14553239062269,0.17163175091287414,0.17163305193741618,455.3093001439571,455.95081781195313,-0.14069887429407624,1.5865410472983443,0.17163175093406255,0.013833824335514527,0.11761727906865779,0.17162924384780778,0.01383381081537698,0.11761722159351061,0.14772948587560808,0.26724081116788007,0.11951132529227199,0.19999999999999998,0.19999813425698224,364.24828960531335,91.06101053864376,-5.982202192500452e-05,1.2304179897171252e-08,0.31193247397886725,0.31193232154917533,0.13926482093967651,7.871441231412951,127.04153795994188,10.243793108641873,97.62008949169226,3.8890095593932767,257.1348783611655
178.0918551697,0.04973497988468056,0.15278997138137618,0.26255564936899906,0.10976567798762288,2.55203288954e-05,0.394834151773,377.19293939391275,78.15157653798207,0.17163175091290894,0.17163305200637397,455.3445159318948,455.98608321796445,-0.1406988743037907,1.5865410472984935,0.17163175093406163,0.013818020383742791,0.1175500760686389,0.1716292468845343,0.013818007594744199,0.11755002167053905,0.14773470861802732,0.2672199201981998,0.11948521158017247,0.2,0.1999981340689278,364.2764623869967,91.06805354489813,-5.98220125214155e-05,1.2303646990119432e-08,0.3117542450806927,0.31175410081162985,0.1392343910081975,7.914164043818197,126.35573314671261,10.229530010992393,97.75620179279257,3.9417785272137835,253.692589042247
178.508458418,0.049792841446944444,0.15279862280275477,0.2625139108447299,0.10971528804197514,2.63919384673e-05,0.3947542825,377.2173052454492,78.15662496146525,0.1716317509128205,0.17163305247549362,455.37393020691445,456.0155389366834,-0.1406988742675419,1.5865410473001584,0.17163175093388164,0.013801683981791577,0.11748056852855104,0.17162924979130303,0.013801672014227762,0.11748051759431333,0.14774019519003892,0.2671979739092506,0.11945777871921168,0.19999999999999976,0.19999813350796838,364.2999941173437,91.07393608957075,-5.9821907583135214e-05,1.219877532321334e-08,0.3115699043179113,0.311569769235348,0.13920242389160647,7.959847888871281,125.63054143259534,10.214128925772242,97.90360071496697,3.997933719506229,250.1292092765126
178.9493568109,0.049854077334847216,0.15280782754800964,0.2624694972453277,0.10966166969731805,2.73675226777e-05,0.394669613137,377.2365875644596,78.16062011487051,0.17163175091294727,0.17163305380605523,455.39720767933017,456.03884920655685,-0.1406988743049009,1.5865410473008583,0.17163175093379973,0.013784442646870145,0.11740716607971655,0.1716292519261971,0.013784431622051872,0.11740711912849183,0.1477460843357443,0.2671744173260205,0.11942833299027619,0.19999999999999996,0.19999813191517807,364.3186168640757,91.07859081525442,-5.9821863473974446e-05,1.215105793761495e-08,0.3113752338779695,0.31137510935874446,0.13916811120904177,8.008732520400407,124.8637031456263,10.19722957078107,98.06585142158407,4.056695323948693,246.50606470160622
179.3922265621,0.04991558702251389,0.1528171270785093,0.26242461398452444,0.10960748690601513,2.8400617535e-05,0.394584417622,377.2492226617683,78.16323801321,0.17163175091292474,0.17163305603520088,455.4124606749783,456.0541236932039,-0.1406988742979176,1.5865410473037143,0.1716317509334963,0.01376717702655655,0.11733361422267939,0.17162925196935458,0.013767167029353326,0.11733357162105536,0.14775208882301571,0.26715039937541857,0.11939831055240285,0.19999999999999984,0.19999812893094918,364.3308206481432,91.08164002683515,-5.982168346241323e-05,1.1974266023173641e-08,0.31118016719292957,0.311180054209269,0.13913312649588278,8.052822666587426,124.18005976328963,10.180521893526324,98.22679136281691,4.108956553841241,243.3707893711249
179.7172696817,0.049960731900236116,0.15282398382769677,0.2623915088085192,0.10956752498082242,2.90587754398e-05,0.394521781501,377.25420213098766,78.16426972231882,0.1716317509130286,0.1716330598055616,455.41847185330647,456.0601433411672,-0.14069887431068517,1.5865410473001946,0.17163175093390234,0.013754540854074796,0.11727975466411411,0.17162924998336263,0.013754531881904855,0.11727971641296228,0.1477565496725786,0.26713255597919877,0.11937600630662018,0.20000000000000007,0.19999812442007495,364.3356316563885,91.082840196918,-5.9821905296075784e-05,1.221083234526077e-08,0.31103732640045667,0.31103722495467184,0.13910713568047242,8.096019802698098,123.51748443929667,10.163675355317798,98.38960464993443,4.159832067970316,240.39431968894948
180.0245478026,0.05000340941702778,0.152830495531827,0.262360077915141,0.10952958238331398,2.96242744433e-05,0.394462476564,377.25556691487566,78.16455249534924,0.17163175091292274,0.17163306288717992,455.42011941022486,456.0617932193903,-0.14069887429855044,1.5865410472987318,0.1716317509340369,0.013742621833196165,0.11722892916510055,0.17162924953303602,0.013742613816052737,0.11722889497070565,0.14776081110152242,0.2671155102640961,0.11935469916257366,0.19999999999999984,0.19999812102970435,364.3369512490563,91.08316816116857,-5.982199750009798e-05,1.2289236295259798e-08,0.3109025322292766,0.3109024415424061,0.13908230677331138,nan,nan,nan,nan,nan,nan
