crank_angle_deg_atdc,time_s,core_mean,wall_shell_mean,delta_c,tracer_min,tracer_max,core_volume_mm3,wall_shell_volume_mm3,wall_shell_volume_fraction,wall_shell_mass_fraction,total_volume_mm3,python_volume_mm3,volume_error_percent,mass_mg,tracer_mass_mean,tracer_mass_variance,tracer_mass_rms,tracer_volume_mean,tracer_volume_variance,tracer_volume_rms,mf_zone_core_mean,mf_zone_shell_mean,mf_zone_delta_c,mf_zone_shell_mass_fraction,mf_zone_shell_volume_fraction,mf_zone_core_volume_mm3,mf_zone_shell_volume_mm3,mass_error_percent,tracer_inventory_error_percent,tracer_mass_rms_normalized,tracer_volume_rms_normalized,mf_zone_delta_c_normalized,k_mix_1_s,tau_mix_ms,k_global_mix_1_s,tau_global_mix_ms,k_mf_zone_mix_1_s,tau_mf_zone_mix_ms
-180.0,0.0,0.0,1.0,1.0,0.0,1.0,367.46366646894586,87.95103889986422,0.19312296652484795,0.1931229665248473,455.4147053688101,456.06180575133493,-0.141888747175134,1.5865230919683377,0.1931229665248473,0.15582648632549,0.39474863688870415,0.19312296652484795,0.1558264863254904,0.39474863688870465,1.8769661912051938e-16,0.9656148326242376,0.9656148326242374,0.1999999999999997,0.20000000000000226,364.3317642950471,91.08294107376305,0.0,0.0,1.0,1.0,1.0,nan,nan,nan,nan,nan,nan
-179.55,6.249999999999842e-05,0.0031522424919467945,0.9868306250374101,0.9836783825454634,1.08125623752e-54,0.999992099974,367.46034913397085,87.95015083511299,0.19312279984998942,0.19312280049449015,455.41049996908384,456.0575944263084,-0.1418887581597139,1.5865221430759313,0.19312296652496344,0.15101449638207814,0.38860583678333777,0.1931229658810356,0.15101449600206873,0.3886058362943984,0.0024682077227030667,0.955742001734007,0.953273794011304,0.20000000000000007,0.19999999618439288,364.3284017129347,91.08209825614922,-5.9809555319478847e-05,6.012967901369848e-11,0.9844387047064123,0.9844387034678015,0.9872195018179305,250.93302053921715,3.98512717796626,228.84524937130678,4.369765169900803,196.72109765326726,5.083338858562898
-179.1,0.0001250000000000008,0.005964223684534074,0.9750844254379896,0.9691202017534555,5.69018230334e-52,0.999958598905,367.4503970820427,87.9474866279818,0.19312229980406,0.19312232049873015,455.3978837100245,456.0449603913672,-0.14188879113748998,1.5865221430758556,0.19312296652481364,0.14716167446924538,0.38361657220360723,0.19312294583373565,0.1471616626947729,0.38361655685693874,0.004691007608723735,0.9468508021891745,0.9421597945804507,0.19999999999999993,0.19999997534625422,364.31831819528327,91.07956551474123,-5.980956009343785e-05,-1.7430501486614958e-11,0.9717996120953408,0.9717995732182744,0.9757097372043848,227.54689035805404,4.3946985978426705,189.3119639422963,5.2822863340259225,179.57637939710472,5.568661108756728
-178.65,0.00018749999999999922,0.008480761248259616,0.9645741883064387,0.9560934270581791,6.58352281758e-50,0.999885711315,367.43381017172067,87.94304624084819,0.19312146632496466,0.19312150703541817,455.3768564125689,456.0239034669817,-0.141888846065652,1.586522143075715,0.1931229665249357,0.14403377832240324,0.3795178234581391,0.19312292582539584,0.14403375581785316,0.3795177938092668,0.006700168923347011,0.9388141569312918,0.9321139880079448,0.19999999999999993,0.1999999544489742,364.30150587293804,91.07535053963085,-5.980956895301759e-05,4.5785597535541456e-11,0.9614164255243287,0.9614163504160952,0.9653062033800289,206.7308704274127,4.8372069344675825,158.17842422242012,6.3219747251614145,164.37316633307105,6.083718056350448
-178.2,0.0002500000000000016,0.010740552876605696,0.9551381799800996,0.944397627103494,3.44504679534e-48,0.999763510277,367.4105881673587,87.9368296105139,0.19312029930827718,0.19312036056825238,455.34741777787264,455.99442335411464,-0.1418889230010545,1.5865221430758736,0.1931229665249245,0.14145578612084012,0.37610608359988024,0.19312290528885917,0.14145575307109248,0.3761060396631414,0.008523148686572656,0.9315222378783325,0.9229990891917599,0.2000000000000001,0.19999993301217722,364.2779647250302,91.06945305284239,-5.980955896101037e-05,3.9968028886505635e-11,0.9527736094651037,0.9527734981620232,0.9558667265739267,188.23637853150896,5.312469395136656,133.76767114642624,7.475647826038393,150.903882930005,6.626734717381913
-177.75,0.0003125,0.012777043465064251,0.9466366269151624,0.9338595834500981,1.2227779743e-46,0.999585138978,367.38073073954496,87.92883664883519,0.19311879860813835,0.1931188808867571,455.3095673883802,455.9565196344891,-0.14188902192417974,1.5865221430763525,0.19312296652490338,0.1392966631334512,0.3732246818385022,0.19312288428964353,0.13929661965878254,0.3732246235965448,0.010183701227305312,0.9248800277152951,0.9146963264879898,0.1999999999999999,0.1999999110922498,364.2476943912534,91.06187299712674,-5.980952877404633e-05,2.9021229863701592e-11,0.9454742764412118,0.945474128899327,0.9472683057302805,171.8291586730376,5.819734017919707,114.67207975761816,8.720518561394329,138.97882045203573,7.1953409645257365
-177.3,0.00037499999999999844,0.014619149287545756,0.938948684385427,0.9243295350978813,4.58920517462e-45,0.999346166371,367.34423746517314,87.91906724242415,0.19311696403665146,0.19311706775588708,455.2633047075973,455.9101917709655,-0.1418891428716429,1.5865221430769372,0.1931229665247453,0.13745810540817052,0.3707534293950233,0.19312286287505798,0.1374580515850749,0.37075335680891,0.011702386427235392,0.9188052869147857,0.9071029004875503,0.19999999999999993,0.19999988875126587,364.2106944135441,91.05261029405311,-5.980949192574414e-05,-5.2813309281418697e-11,0.9392139573101399,0.9392137734308126,0.9394044807931646,157.2910442928552,6.357641050040534,99.74142236337725,10.025924799395852,128.4253170347952,7.786626679917502
-176.85,0.0004375000000000008,0.016291883199737206,0.9319698218332141,0.9156779386334769,3.05616160885e-43,0.999044062179,367.30110782789257,87.90752125314862,0.19311479536451925,0.19311492105303327,455.20862908104124,455.855439108024,-0.14188928583332983,1.5865221430775536,0.19312296652457628,0.13586619897280391,0.3686003241626408,0.19312284093874593,0.13586613477616866,0.368600237080999,0.013097008902102676,0.9132267970144697,0.9001297881123671,0.2,0.19999986589735158,364.1669643095157,91.04166477152549,-5.980945306793828e-05,-1.4034329254286604e-10,0.9337595870319988,0.9337593664317632,0.932183058607434,144.4209955269788,6.92420098858267,88.054052759284,11.356660694922581,119.08731806332062,8.397199771249229
-176.4,0.0004999999999999993,0.017816893175952954,0.9256095702678845,0.9077926770919316,4.09732517006e-41,0.998677770752,367.251341218447,87.89419851803144,0.19311229232065133,0.19311244098624078,455.14553973647844,455.79226087235594,-0.1418894508300128,1.5865221430800864,0.19312296652442154,0.1344652322776975,0.36669501261633963,0.19312281800107664,0.13446515741288967,0.3666949105358427,0.014382996551051654,0.9080828464179013,0.8936998498668496,0.1999999999999996,0.19999984209541075,364.1165036587522,91.02903607772619,-5.980929342896957e-05,-2.2046808823006359e-10,0.9289329420020924,0.9289326834058925,0.9255241527701624,133.85811976787951,7.470596492271657,79.4456927851103,12.587214799735749,111.42179792899461,8.974904539211138
-176.0131399576,0.000553730561444444,0.019026192351726777,0.9205678970793927,0.9015417047276659,2.24157956361e-39,0.998312703756,367.20325143735823,87.88132467692911,0.19310987295438264,0.19311004323424333,455.08457611428736,455.7312113542167,-0.1418896103270728,1.5865221430838008,0.19312296652382438,0.13338004511133736,0.36521232880522714,0.19312279641476385,0.1333799603121514,0.3652122127094758,0.015413424450094255,0.9039611348187447,0.8885477103686504,0.20000000000000012,0.19999981944401113,364.0677430596755,91.01683305461181,-5.9809059305138135e-05,-5.296763028184159e-10,0.9251769219109311,0.9251766278104809,0.9201885475949632,125.71287142195072,7.95463494460751,73.3507554929566,13.633124748061029,105.50703672695538,9.478040811514099
-175.7308779838,0.0005929336133611092,0.019856925660439784,0.9171056174003223,0.8972486917398825,1.69585513456e-38,0.998018356597,367.1650683317415,87.87110289556617,0.19310795152517943,0.1931081356948205,455.03617122730765,455.6827382659045,-0.14188973693788354,1.586522143078792,0.19312296652467698,0.13264444041863788,0.3642038445961792,0.19312278253097578,0.13264434940663905,0.36420371964964754,0.01612700469276051,0.9011068138523423,0.8849798091595817,0.20000000000000012,0.19999980531181158,364.0290255720139,91.0071456552937,-5.980937501925965e-05,-8.819611707622244e-11,0.9226221715842511,0.9226218550624941,0.9164935948161493,118.75794582417653,8.420489198091381,68.6342373970044,14.569987777610914,100.45242933203646,9.954960837179856
-175.4343186577,0.0006341224086527772,0.020684034486134227,0.9136595233523896,0.8929754888662554,9.27649155159e-38,0.99768229755,367.1221373238712,87.8596100802318,0.1931057906861419,0.1931059850667178,454.98174740410303,455.6282377613853,-0.1418898794461665,1.5865221430766585,0.1931229665246893,0.1319162523270382,0.36320277026344144,0.1931227723269968,0.13191615700080928,0.36320263903337663,0.016842748809581136,0.898243837385123,0.8814010885755419,0.1999999999999998,0.1999997946778354,363.9854913411196,90.99625606298338,-5.980950948947239e-05,-8.182343691487404e-11,0.9200861923833399,0.9200858599437746,0.9127874373886438,112.75291752648955,8.86895010734481,64.97608923719406,15.390276819362239,96.08290612883611,10.407678538148243
-175.0988971085,0.0006807087349305539,0.02156748727314212,0.9099799950431516,0.8884125077700095,4.67272962326e-37,0.997269325029,367.07010531040726,87.84568088669222,0.19310317107490238,0.19310337805312006,454.9157861970995,455.56218361685166,-0.14189005211543426,1.586522143076861,0.1931229665247825,0.131140019008573,0.3621325986549305,0.19312275974613738,0.13113991833054486,0.3621324596477715,0.017613456600877424,0.8951610062204016,0.8775475496195242,0.20000000000000012,0.19999978155071935,363.9327283337058,90.98305786339365,-5.980949672190761e-05,-3.356204203441848e-11,0.9173751719807219,0.9173748198397733,0.9087966754141773,106.6980887554075,9.37223910629158,61.56070890386238,16.24412742812419,91.66901706430906,10.90881119951864
-174.715919422,0.000733900080277776,0.02251522359891976,0.9060344432894649,0.8835192196905451,2.32115287253e-36,0.996756170963,367.00618523162115,87.82856920692743,0.19309995190526652,0.1931001762350056,454.8347544385486,455.4810376869413,-0.14189026434002772,1.5865221430765841,0.19312296652477354,0.13030560518898043,0.3609786769173221,0.1931227424285429,0.13030549702847583,0.36097852710164885,0.018447748267441406,0.8918238395541025,0.873376091286661,0.20000000000000007,0.19999976347963636,363.8679111285204,90.9668433100282,-5.9809514174613554e-05,-3.8202774277351637e-11,0.9144519909237757,0.9144516114020758,0.9044766730779181,100.6801474664333,9.932444728822029,58.403478312465616,17.12226786647672,87.27159600090484,11.458481863785693
-174.3006731388,0.0007915731751666676,0.023477811240818918,0.9020291303936044,0.8785513191527855,1.10844229341e-35,0.9961516961,366.93144420718795,87.80856071345404,0.19309618631151174,0.1930964326734765,454.740004920642,455.3861546698439,-0.14189051260690144,1.5865221430753127,0.193122966524715,0.12945273863753293,0.3597954121963382,0.19312272044816958,0.12945262092466264,0.35979524861323925,0.019303378236025348,0.8884013196794743,0.869097941443449,0.20000000000000012,0.19999974058339987,363.7921219036196,90.94788301702238,-5.98095943216137e-05,-6.851186284961841e-11,0.9114544765300338,0.9114540621318975,0.9000461799882611,94.95146231658678,10.531696675358237,55.59980998486459,17.985672977519535,83.07341237779816,12.037545724644575
-173.8803986074,0.0008499446378611115,0.02439159059903391,0.8982291024193171,0.8738375118202831,5.13238912802e-35,0.995491510388,366.8500391818852,87.78676823840489,0.19309208318729504,0.1930923539322812,454.6368074202901,455.2828117670128,-0.14189078305317793,1.5865221430783403,0.1931229665244605,0.12863492970789747,0.3586571199737954,0.19312269612361502,0.1286348014711266,0.35865694120025976,0.020123564747236505,0.8851205736333569,0.8649970088861204,0.19999999999999998,0.19999971529301153,363.7095753745084,90.92723204578172,-5.9809403485378e-05,-2.0028423364237824e-10,0.9085708890615259,0.9085704361820999,0.8957992148228819,89.90107753724959,11.123337198996978,53.280745884933935,18.768506022036892,79.36021776803743,12.600771874428412
-173.496803771,0.0009032216984722217,0.02517907802510196,0.8949562025858815,0.8697771245607795,2.12369374448e-34,0.994848914865,366.7706807790014,87.76552365301812,0.19308808142728343,0.19308837406212745,454.53620443201953,455.18206703201895,-0.14189104685313758,1.5865221430716676,0.19312296652534836,0.12792170904810055,0.35766144473244604,0.19312267427588234,0.1279215715081597,0.35766125245567165,0.020836695231362296,0.8822680517012929,0.8614313564699305,0.19999999999999987,0.19999969261958211,363.62910326114405,90.90710117087544,-5.980982407116642e-05,2.594369163944066e-10,0.9060485871501197,0.906048100063511,0.8921065909155839,85.58835064266444,11.683833050774037,51.413122578026474,19.450287200166898,76.17809979010346,13.127132374728953
-173.1528874732,0.0009509878509444449,0.025851221950396113,0.892164263566898,0.8663130416165019,7.31914049371e-34,0.994241759549,366.69542634001044,87.74537771628412,0.1930842849785437,0.19308459575349504,454.44080405629455,455.08653224000386,-0.1418912971409947,1.5865221430685048,0.1931229665256242,0.12730534547824932,0.35679874646395454,0.19312265615850588,0.12730520039262475,0.3567985431481255,0.021450077757961615,0.8798145215962756,0.858364443838314,0.19999999999999993,0.19999967387076148,363.552791451469,90.88801260482552,-5.981002342281272e-05,4.022782107426792e-10,0.9038631501710562,0.9038626351196779,0.8889304667219635,81.88385695448301,12.212419360703448,49.899807990378996,20.040157272605267,73.43399144150057,13.617671876063364
-172.8158432461,0.0009977995491527775,0.026481295559822805,0.8895485344088645,0.8630672388490417,2.2511054507e-33,0.993619022294,366.61790967420154,87.72462617183285,0.19308037273789525,0.19308069995687296,454.3425358460345,454.9881255726048,-0.14189155502857265,1.5865221430639322,0.1931229665263051,0.12671995786314816,0.35597746819587917,0.19312263973466204,0.1267198060797,0.3559772550033218,0.022029117238202636,0.8774983636787151,0.8554692464405125,0.19999999999999993,0.1999996568316532,363.4741845928045,90.86835125322999,-5.981031163670991e-05,7.548406344426439e-10,0.9017826407244665,0.9017821006527906,0.8859321724746254,78.6037469128342,12.722039842565353,48.62755333324963,20.56447284416917,70.99379277690288,14.085738497483684
-172.4672893947,0.0010462098062916662,0.027105522954956707,0.8869585885510526,0.8598530655960959,6.54406136239e-33,0.992947131787,366.5338242046566,87.70211613035836,0.1930761270578347,0.19307647133836925,454.23594033501496,454.88137987161326,-0.14189183491759572,1.5865221430626155,0.19312296652650246,0.1261318356269513,0.35515044083733205,0.19312262269905706,0.12613167696132307,0.3551502174592085,0.022606701398023173,0.8751880270404191,0.852581325642396,0.20000000000000015,0.1999996391009522,363.38891620133035,90.84702413368464,-5.9810394625881e-05,8.570477660896358e-10,0.8996875673505201,0.8996870014761811,0.8829414139438476,75.55144596484647,13.236014046181097,47.48979182401619,21.057156950818374,68.7125373207518,14.553384855109854
-172.1007534177,0.0010971175808750012,0.027734642495544342,0.8843499885183932,0.8566153460228488,1.87045305583e-32,0.992211289401,366.44109852904876,87.67729306854714,0.19307144280172622,0.19307180654079523,454.1183915975959,454.7636655113927,-0.14189214370746717,1.5865221430591407,0.1931229665269508,0.1255302054193275,0.3543024208488103,0.19312260327827568,0.12553003889882047,0.3543021858510338,0.02319275399681459,0.8728438166474946,0.8496510626506799,0.19999999999999987,0.19999961892294896,363.2948863321742,90.82350526542169,-5.98106136506793e-05,1.089195400538756e-09,0.8975393142363217,0.897538718926408,0.8799068054304795,72.6677041348131,13.761271419072223,46.447274630627454,21.529788517249134,66.54629309298055,15.027133045604343
-171.7182722831,0.0011502399606805565,0.028364151902474575,0.8817415520005507,0.8533774000980762,5.31102482688e-32,0.991413014347,366.3396358523206,87.65013107398886,0.19306631439605998,0.19306670013472538,453.98976692630947,454.63485961173075,-0.14189248179785618,1.5865221430579706,0.1931229665269819,0.12491878924739783,0.3534385225854672,0.19312258132830215,0.12491861385170783,0.35343827445780096,0.023783078382285473,0.870482519105767,0.8466994407234816,0.20000000000000004,0.199999596113656,363.1919969013147,90.79777002499473,-5.9810687402794827e-05,1.1053158388563133e-09,0.8953508373611333,0.8953502087898261,0.8768500773982715,69.97403808486841,14.291014601546138,45.495394475155116,21.980246825776984,64.51156547588621,15.501096471977418
-171.3298099521,0.0012041930622083345,0.028978138870473853,0.8791992753830905,0.8502211365126167,1.48261531909e-31,0.990572217498,366.2316689057085,87.62122785844853,0.19306085404139345,0.19306126355427927,453.852896764157,454.49779660345934,-0.14189284175232242,1.5865221430596004,0.19312296652678348,0.12431311797228088,0.35258065456329407,0.19312255760964375,0.12431293302282101,0.3525803922835486,0.024362520315225927,0.8681647513730147,0.8438022310577888,0.20000000000000018,0.1999995714767367,363.08251189785,90.77038486630703,-5.981058467385836e-05,1.0025535956970089e-09,0.8931776366404555,0.8931769722182854,0.873849699226968,67.51437635385356,14.811660182697109,44.63952306944311,22.401673029623506,62.64247138808202,15.963610276561566
-170.9483896284,0.0012571681071666654,0.02955862101247958,0.8767975141463442,0.8472388931338646,3.98510803389e-31,0.989718913817,366.12083631393693,87.5915574974697,0.19305524533208723,0.19305567912613056,453.71239381140657,454.3570956861575,-0.1418932115008209,1.5865221430540233,0.19312296652753314,0.12373193329567381,0.35175550215408685,0.19312253338132393,0.12373173865784887,0.3517552254876235,0.024913567790315786,0.8659605614764032,0.8410469936860874,0.19999999999999993,0.19999954638108272,362.9701208616501,90.74227294975648,-5.9810936203774645e-05,1.3907319740269486e-09,0.8910873129962477,0.8910866121288148,0.8709963489276424,65.3077323104402,15.312122540811885,43.87883487093433,22.790030841552895,60.95498387062118,16.40554941532805
-170.5794145408,0.0013084146471111107,0.03010105791794545,0.8745548351679707,0.8444537772500252,1.01394291455e-30,0.988868728249,366.00907163049646,87.56163761138195,0.1930495859349847,0.19305004319501506,453.5707092418783,454.21521148720217,-0.1418935845881486,1.5865221430524532,0.19312296652756147,0.12318130374826544,0.3509719415398693,0.19312250995729685,0.12318109985903103,0.35097165107602496,0.025431227652586867,0.8638899220274596,0.8384586943748727,0.19999999999999998,0.1999995221132103,362.85678414895284,90.71392509292554,-5.981103516905506e-05,1.4054091224124932e-09,0.8891023520844297,0.8891016162646759,0.8683158812879932,63.33665660281733,15.788645211744855,43.202393994957944,23.146865428723874,59.437508647582746,16.824392925504437
-170.2178318953,0.00135863445898611,0.030615974946962797,0.8724275121214771,0.8418115371745143,2.43834750066e-30,0.988013175772,365.89520573709063,87.53115522249097,0.19304381650252903,0.19304429689759603,453.4263609595816,454.0706598221763,-0.14189396488357708,1.5865221430528262,0.19312296652766275,0.12265189469942488,0.3502169252041153,0.19312248685899153,0.12265168178525049,0.35021662122927644,0.02592497015586136,0.8619149520148672,0.8359899818590059,0.19999999999999993,0.1999994981949756,362.7413162992914,90.68504466029019,-5.98110116545314e-05,1.4578560580957856e-09,0.8871897011840875,0.8871889311375036,0.8657592588828074,61.55965720830601,16.244404945534264,42.59227553755425,23.478435640713418,58.05977260413764,17.22362929007984
-169.8554961069,0.001408958874041666,0.031116791684795118,0.8703599911684476,0.8392431994836526,5.59544480474e-30,0.987134690744,365.7767917523259,87.49945529004238,0.19303781272673592,0.19303831675811645,453.27624704236825,453.9203343987639,-0.1418943606588452,1.5865221430528285,0.19312296652779656,0.12213078386657518,0.34947215034473805,0.1931224632589073,0.12213056180984186,0.34947183264154763,0.026407289059774942,0.8599856763998825,0.8335783873401076,0.19999999999999998,0.1999994737291382,362.6212361799758,90.6550108623925,-5.9811011521304636e-05,1.5271339748323953e-09,0.8853029945820144,0.8853021897579791,0.8632617884241729,59.931693518215376,16.685662314816188,42.029903800864595,23.792583602806843,56.78824356272087,17.609278563009802
-169.4870241011,0.0014601355415138901,0.031611797432331876,0.8683180279706175,0.8367062305382856,1.24060795084e-29,0.986220731492,365.65194571976315,87.46603347057686,0.19303147852766014,0.19303200765384834,453.11797919034,453.7618435519381,-0.14189477822950103,1.5865221430515504,0.19312296652778102,0.1216098606522591,0.34872605387647637,0.1931224382064423,0.12160962893738059,0.34872572164579513,0.026885938604904007,0.8580710782192889,0.8311851396143849,0.2,0.19999944776313275,362.4946335807253,90.62334560961467,-5.98110920790873e-05,1.5190959601341092e-09,0.8834129400041388,0.8834120983782264,0.8607833180808595,58.42297404478803,17.11655416982681,41.502561433955876,24.09489837371427,55.600731977089325,17.98537473233369
-169.1113698822,0.0015123097385833341,0.03210286215066549,0.8662939246632889,0.8341910625126234,2.68564140425e-29,0.985268751146,365.5200698575599,87.43072973559124,0.1930247828552751,0.19302533938409194,452.95079959315115,453.5944284035156,-0.14189521961939233,1.5865221430549046,0.19312296652733504,0.12108754764755367,0.3479763607596839,0.1931224108519757,0.1210873054071672,0.34797601268933354,0.02736255402584597,0.8561646165332899,0.8288020625074439,0.2000000000000002,0.19999941943431096,362.360902642214,90.58989695093717,-5.981088065931672e-05,1.2881695710120766e-09,0.8815137741888966,0.8815128924370215,0.8583153805280938,57.022468790792274,17.536946772137572,41.0047674753504,24.387408137386462,54.48948348101507,18.35216515400471
-168.7314608399,0.0015650748833472227,0.03258672335922967,0.8643011373577918,0.8317144139985622,5.70995764157e-29,0.984286446747,365.381979249842,87.39376228655713,0.19301776634500076,0.19301835199340125,452.7757415363991,453.4191236950385,-0.1418956821662709,1.5865221430538552,0.1931229665274594,0.12056777350062627,0.34722870489149693,0.19312238178617333,0.12056752012822212,0.34722834004185504,0.02783378446341524,0.8542796947836366,0.8264459103202214,0.19999999999999993,0.19999938931897238,362.2208697306744,90.55487180572469,-5.981094680640453e-05,1.3525403019798432e-09,0.8796197692492475,0.8796188449911039,0.8558753266809307,55.729708806117856,17.94375067486846,40.535557330676035,24.669699045761767,53.45508928619012,18.707292670416425
-168.352126285,0.0016177602381944448,0.03305812829009163,0.862361255394761,0.8293031271046695,1.19248807134e-28,0.983287199979,365.2393593123536,87.35558231646876,0.19301051399754693,0.19301113037337095,452.5949416288223,453.2380690456793,-0.14189616026983876,1.5865221430535603,0.1931229665274644,0.12005678374139836,0.34649211209116776,0.19312235111233694,0.12005651867130329,0.3464917295857194,0.02829429472235241,0.852437653747913,0.8241433590255606,0.20000000000000004,0.19999935753158976,362.0762440810105,90.51869754781184,-5.981096539153796e-05,1.355138223857466e-09,0.8777537899107631,0.8777528209259129,0.8534907824331966,54.54452257249454,18.33364658515272,40.0949177422376,24.94081684937739,52.49850956946262,19.048159808743996
-167.9767006196,0.0016699026917222227,0.033514083323474955,0.8604865047451946,0.8269724214217197,2.43954207281e-28,0.982281211819,365.09354611022513,87.31654749571095,0.19300309327706228,0.19300374210067617,452.41009360593614,453.0529605771747,-0.14189664943797808,1.5865221430544807,0.19312296652737523,0.11955851368587006,0.3457723437261431,0.1931223187126893,0.11955823630384149,0.3457719426209152,0.028740922612880186,0.8506511421853544,0.8219102195724742,0.20000000000000018,0.19999932399304574,361.9283807171184,90.48171288881777,-5.9810907371282696e-05,1.308975150493552e-09,0.8759304312015409,0.875929415098657,0.8511781217556288,53.461392871020344,18.70508691033501,39.68160666034111,25.200592520348415,51.61647209288154,19.373660373389036
-167.6051051836,0.0017215131689444461,0.03395581910556301,0.8586717212847251,0.8247159021791621,4.88095735651e-28,0.981269785312,364.9446512677448,87.27668770663026,0.19299550946572153,0.19299619223582465,452.2213389743751,452.8639399957619,-0.14189714937179465,1.5865221430522005,0.1931229665277165,0.1190722751238264,0.3450685078702871,0.1931222848111125,0.11907198491784282,0.34506808736515004,0.029174652220587564,0.8489162237562309,0.8197415715356433,0.19999999999999998,0.19999928893710772,361.7773927373133,90.44394623706177,-5.9811051100755463e-05,1.485678247092892e-09,0.8741474336428832,0.8741463683950312,0.8489322490084825,52.47246064562933,19.05761589404888,39.29377855223385,25.449321415365638,50.80379249682859,19.68356988432359
-167.2370473312,0.0017726323151111127,0.034384674526400046,0.8569113140639182,0.8225266395375181,9.51194006269e-28,0.980253507088,364.7926914957786,87.23600742274974,0.19298776301473894,0.1929884799268046,452.02869891852833,452.67102851568444,-0.14189766004294446,1.5865221430520153,0.19312296652776265,0.11859717131664634,0.3443794002501403,0.193122250710776,0.11859686833037747,0.3443789603480118,0.029596606581419178,0.8472284063131369,0.8176317997317177,0.20000000000000015,0.199999253660189,361.62329650183636,90.40540241669196,-5.981106276919945e-05,1.5095702465828253e-09,0.8724017464998493,0.8724006321144205,0.84674734905392,51.57357062320345,19.389776350875543,38.93093591446913,25.686513219127065,50.05836504067125,19.976681203781293
-166.8772130245,0.0018226093021527765,0.034796223684090626,0.8552233393940061,0.8204271157099154,1.77906234078e-27,0.979246866543,364.63981317390756,87.19508123900124,0.19297996307323295,0.19298071254753246,451.8348944129088,452.47695094489217,-0.14189817418160944,1.5865221430532295,0.19312296652755562,0.11813867290339798,0.3437130676936767,0.1931222181780696,0.1181383579036156,0.34371260946263754,0.03000225074212954,0.8456058296692599,0.8156035789271303,0.19999999999999993,0.19999921999081327,361.46826796569553,90.36662644721322,-5.9810986241526365e-05,1.4023671113250202e-09,0.8707137544608762,0.8707125936435945,0.8446469040979583,50.74919823319816,19.70474480020137,38.58812466908361,25.91470843881639,49.36847879900258,20.255839846136876
-166.5220414464,0.0018719386879999986,0.03519545629650991,0.85358722091748,0.8183917646209701,3.20179597612e-27,0.97824134211,364.48473213093195,87.15356537750067,0.19297204390837427,0.19297282375171568,451.6382975084326,452.2800770412195,-0.14189869626479723,1.5865221430528984,0.1931229665276442,0.11769170573780423,0.3430622476137592,0.19312218783319943,0.11769137974561336,0.3430617724923798,0.030396349646147597,0.8440294340536303,0.8136330844074827,0.2,0.19999918858316496,361.311004473664,90.32729303476857,-5.981100711371923e-05,1.4482415267025317e-09,0.8690650595216178,0.8690638559167528,0.8426062410374164,49.98202114776531,20.007194127737066,38.259517890258365,26.1372870109955,48.72046836141809,20.525254243900157
-166.160826578,0.0019221074197222205,0.03559480538101472,0.8519519696016139,0.8163571642205992,5.64794859878e-27,0.977207243058,364.32274801245325,87.11020153297295,0.19296376487513645,0.1929645753109209,451.4329495454262,452.0744397488432,-0.14189924203045212,1.5865221430539602,0.19312296652752858,0.1172426394187906,0.34240712524535843,0.19312215727181173,0.11724230248465199,0.34240663323693366,0.030791080382241525,0.8424505111086762,0.8116594307264346,0.2000000000000002,0.19999915693259782,361.14674022474503,90.28620932068121,-5.981094017837307e-05,1.3883783012147433e-09,0.8674054657771929,0.8674042193930912,0.8405623063189694,49.262149212307726,20.29956094059653,37.94171383253931,26.356215863459152,48.10667768108522,20.78713493019253
-165.791839315,0.0019733556506944436,0.03599625065318614,0.8503095122758483,0.8143132616226622,9.80919377834e-27,0.976139705272,364.1528369841452,87.0647156205522,0.19295507259848965,0.19295591518337332,451.2175526046974,451.85873932006797,-0.14189981504737492,1.5865221430531713,0.19312296652754027,0.11678944235508418,0.3417447034777338,0.1931221251675,0.11678909398854312,0.34174419378907245,0.031188332110442665,0.8408615041959296,0.809673172085487,0.20000000000000015,0.19999912368626974,360.97443749189455,90.2431151128028,-5.9810989905262346e-05,1.3944179144687041e-09,0.8657273807739219,0.8657260896012258,0.8385053177829196,48.5834000787106,20.583162116687735,37.63242745610073,26.5728274150406,47.52248142925623,21.042672224274273
-165.4201142828,0.002024984127388889,0.0363944831242532,0.8486815921452212,0.812287109020968,1.67042779159e-26,0.975053592205,363.97712508284553,87.01767678963449,0.19294607482912624,0.19294695018501679,450.99480187248,451.63567473844813,-0.14190040818613525,1.5865221430534586,0.19312296652766664,0.11633833513821147,0.34108405875709213,0.19312209244414758,0.11633797522147277,0.34108353114958917,0.031582777038728096,0.8392837244834206,0.8077009474446925,0.1999999999999999,0.19999908979447278,360.7962519959454,90.1985498765346,-5.9810971797524815e-05,1.4598544595401108e-09,0.8640537974884958,0.8640524609227572,0.836462862992292,47.947893851484636,20.85597342601601,37.33330284054557,26.785736163529496,46.97034929214457,21.290026901444445
-165.0523375696,0.002076064226444443,0.036782772895818376,0.8470956769479897,0.8103129040521714,2.77490073972e-26,0.97396923408,363.7987934963274,86.9699366576209,0.1929369338195189,0.19293784162513872,450.76873015394835,451.4092844913997,-0.1419010107807317,1.5865221430498453,0.19312296652803088,0.11589722126611829,0.34043680950525645,0.19312206003803437,0.11589685003277081,0.3404362642739031,0.03196766515121661,0.8377441720352893,0.8057765068840727,0.19999999999999976,0.19999905621044492,360.61540955397794,90.1533205999704,-5.9811199548676086e-05,1.6484591469634324e-09,0.8624141483767545,0.8624127671652623,0.8344698938542872,47.357152820361506,21.116134320685845,37.046191075565545,26.993328354870126,46.45232734796365,21.52744667687436
-164.6911816085,0.002126224776597224,0.037158881297240785,0.8455608261309873,0.8084019448337465,4.49462207795e-26,0.972895593694,363.61932856793834,86.92189312517706,0.19292772545546036,0.19292866356444507,450.5412216931154,451.18145547771695,-0.14190161781442168,1.5865221430429577,0.1931229665289158,0.11546892743109147,0.33980719155293265,0.19312202976778592,0.1154685458363048,0.3398066300652546,0.03234069495654848,0.8362520528183859,0.8039113578618374,0.19999999999999976,0.1999990248061712,360.43341671951134,90.10780497360408,-5.9811633679185405e-05,2.1066925981472195e-09,0.8608191638891922,0.8608177414962412,0.8325383276032113,46.80865817776147,21.36356902610582,36.77129179306719,27.195128352508373,45.96693780689286,21.75476652808592
-164.3344475137,0.0021757711786527757,0.03752561685996925,0.8440654816571868,0.8065398647972175,7.13268618825e-26,0.971827129826,363.4378341019251,86.87330627673154,0.19291840349248676,0.19291937146923224,450.31114037865666,450.9510499853712,-0.14190223234545885,1.5865221430390746,0.1931229665292974,0.11505048912912591,0.3391909331469901,0.1931219999296944,0.11505009743221621,0.3391903557476483,0.03270458585398131,0.8347964892305636,0.8020919033765823,0.19999999999999996,0.19999899386864697,360.2493653750823,90.06177500357438,-5.9811878438953414e-05,2.3042678876095124e-09,0.8592580225745579,0.8592565598732632,0.830654083053746,46.296328786450765,21.59998484140417,36.50686025250643,27.392111868380784,45.509468209057516,21.97344946784008
-163.97829938,0.0022252361972222206,0.037887271892956036,0.8425920911535658,0.8047048192606098,1.11564328278e-25,0.970753078489,363.25244596033866,86.82367707469453,0.19290887170199056,0.19290986900871557,450.07612303503316,450.7157015087903,-0.1419028606316819,1.5865221430326097,0.1931229665302978,0.11463719037825182,0.33858114297499176,0.1931219706296744,0.11463678889343135,0.3385805500814117,0.03306354319135575,0.8333606598860654,0.8002971166947097,0.2,0.19999896345357893,360.06136495282107,90.01475808221208,-5.981228592411014e-05,2.8222979508996104e-09,0.8577132669629755,0.8577117650107834,0.8287953847185154,45.81315430117296,21.82779193561001,36.250324876373874,27.58595966823319,45.074211491506475,22.185634909851597
-163.6196331498,0.0022750509514166675,0.03824719611521251,0.8411269897749053,0.8028797936596928,1.72760235922e-25,0.969664565284,363.06151282755917,86.77256345459827,0.19289904440269742,0.19290007129032813,449.83407628215747,450.47331371929073,-0.14190350852427702,1.5865221430299372,0.19312296653044042,0.11422534638082499,0.3379724047623193,0.19312194108240188,0.11422493512189405,0.3379717963408989,0.033420847471344155,0.8319314427668266,0.7985105952954825,0.19999999999999993,0.19999893279902922,359.8677410890889,89.9663351930686,-5.981245437824967e-05,2.8961277820371834e-09,0.8561711762353916,0.8561696349471793,0.8269452459894199,45.35353590482057,22.048997504816626,35.999442219747706,27.778208170443378,44.65657382761887,22.393119630273276
-163.2568578224,0.0023254364135555546,0.038607087125252355,0.8396632751188681,0.8010561879936157,2.65463258074e-25,0.968557117896,362.86406839438615,86.71970673139764,0.19288887083866704,0.19288992814361564,449.5837751257838,450.22265989583406,-0.14190417918947817,1.5865221430282201,0.1931229665305943,0.11381313891333858,0.33736202944809685,0.19312191070566792,0.11381271767001394,0.33736140512811175,0.03377814485451623,0.8305022532349053,0.7967241083803891,0.2000000000000001,0.1999989012686331,359.6675140724228,89.91626105336097,-5.981256260279011e-05,2.975819590744777e-09,0.8546249383077998,0.8546233567444271,0.8250951429724247,44.91329576072865,22.265121787708605,35.7525084798046,27.970065388974504,44.25312176059589,22.59727585795824
-162.888746981,0.002376562919305556,0.038968211914723556,0.8381958182032212,0.7992276062884976,4.05505894237e-25,0.967427289147,362.6592736823989,86.66488230708244,0.19287830656741115,0.19287939545049718,449.3241559894813,449.9626749635567,-0.14190487558265463,1.5865221430275718,0.19312296653081243,0.11339923042584832,0.3367480221558076,0.19312187917757448,0.11339879887212992,0.33674738138867527,0.03413665577211571,0.8290682095655979,0.7949315537934822,0.2,0.19999886854312657,359.4598331824898,89.86432280699158,-5.9812603470099646e-05,3.0887736812701405e-09,0.8530694996440247,0.8530678764157905,0.8232387562161906,44.49039255438749,22.476762792720816,35.50889390673999,28.161958596243085,43.86228753382314,22.798628530919157
-162.5152461965,0.0024284380282638906,0.039330649077982734,0.8367243294661517,0.7973936803881689,6.16167375538e-25,0.966275201605,362.4469010929954,86.6080292523166,0.1928673384917903,0.19286846066581592,449.05493034531196,449.69306998840426,-0.14190559865838726,1.5865221430269234,0.19312296653073077,0.1129836394261034,0.33613039051252624,0.1931218459446221,0.11298319702629617,0.3361297324342138,0.03449642289285948,0.8276291410822165,0.793132718189357,0.20000000000000004,0.19999883402509075,359.2444678630312,89.81046248228074,-5.981264433740918e-05,3.046474184031922e-09,0.8515048795654111,0.8515032124834978,0.821375864778166,44.084156730496524,22.683886324817014,35.26867014514817,28.353776762336125,43.48376563787916,22.997088346205455
-162.1380537959,0.0024808258616805566,0.039692802811097716,0.8352553136445096,0.7955625108334119,9.30407877729e-25,0.965106444628,362.22774668965565,86.5493606768975,0.19285600636978467,0.1928571630846669,448.77710736655314,449.41485556483605,-0.1419063456372327,1.5865221430335454,0.19312296653009242,0.11256830289506294,0.3355120011192788,0.19312181146794813,0.1125678492957039,0.3355113251377722,0.03485582771556172,0.8261915217882152,0.7913356940726535,0.2000000000000001,0.19999879821567731,359.02222522653454,89.75488214001862,-5.9812226949063074e-05,2.7159385851405204e-09,0.8499383399109075,0.8499366274755907,0.8195148493339233,43.694787823071984,22.886024851503546,35.03247175974129,28.544945582434828,43.118058218406006,23.19213900901329
-161.7594899691,0.002533404170958333,0.040052550899436316,0.8337973805108383,0.793744829611402,1.39441708254e-24,0.96392865133,362.0030623027176,86.48921170104639,0.1928443737256453,0.19284556651274215,448.49227400376395,449.1296208802446,-0.14190711252388688,1.5865221430344603,0.1931229665298354,0.11215575530041152,0.33489663375497153,0.19312177546381634,0.11215529003419755,0.3348959391127303,0.03521273430364833,0.8247638954345836,0.7895511611309353,0.19999999999999987,0.19999876085656199,358.7943749492695,89.69789905449447,-5.9812169284079175e-05,2.582867253408949e-09,0.8483794558343026,0.8483776961265374,0.8176667698705327,43.32847278924972,23.07951182272252,34.804617430621434,28.731819908475433,42.77138215723651,23.380118891734472
-161.3914448704,0.0025845215457777787,0.04039890656731728,0.8323949923599409,0.7919960857926236,2.04988279463e-24,0.962779506914,361.78007339772245,86.42951661298189,0.19283281424415247,0.19283404187892825,448.20959001070435,448.84653859352727,-0.1419078745307445,1.5865221430378051,0.19312296652939137,0.11175869041286024,0.3343032910589727,0.1931217406610622,0.11175821400940275,0.3343025785264044,0.035556221009742005,0.8233899486079889,0.7878337275982469,0.19999999999999998,0.19999872470353108,358.5682436086709,89.64134640203339,-5.98119584527268e-05,2.3529400650090793e-09,0.846876365916943,0.84687456088837,0.815888179199943,42.98618365320589,23.26328868986304,34.58660931613188,28.91292380989715,42.445105501506745,23.55984248795191
-161.0377897415,0.0026336403136805546,0.04072870390153224,0.8310608277675455,0.7903321238660133,2.94497281546e-24,0.961671945641,361.56157753539736,86.37102433175001,0.19282147352464166,0.1928227332449193,447.93260186714735,448.5691601817524,-0.14190862215028854,1.5865221430397667,0.19312296652904995,0.11138079556279402,0.33373761484554604,0.1931217085992364,0.11138030911249422,0.3337368860532114,0.03588314155364683,0.822082266430663,0.7861991248770162,0.19999999999999987,0.19999869147727714,358.34666762370574,89.58593424344161,-5.981183481829078e-05,2.1761481505677693e-09,0.845443362327912,0.8454415161091616,0.8141953689136839,42.66220289406633,23.439952280079865,34.376126030113404,29.089956184242588,42.1341402631405,23.733722671322976
-160.6839531923,0.002682784278847221,0.04105580661490973,0.8297387113823145,0.7886829047674048,4.20033331548e-24,0.960560918889,361.33882375947155,86.31139218884225,0.1928098973570201,0.19281118917298073,447.6502159483138,448.28637638926534,-0.1419093852629505,1.5865221430422334,0.19312296652887137,0.11100621745324231,0.3331759556949485,0.1931216765303494,0.11100572105279483,0.33317521074172796,0.036207232740619384,0.8207859016818791,0.7845786689412597,0.19999999999999998,0.19999865825428234,358.12077339141126,89.52944255690251,-5.981167933155618e-05,2.083666572616494e-09,0.8440205349939802,0.8440186478355423,0.8125172091744093,42.35175038884892,23.61177497549893,34.17089392132459,29.26467192524755,41.83418999802035,23.903892965235407
-160.3213477652,0.002733146143722224,0.041388143816923545,0.82839662188067,0.7870084780637464,6.00056660525e-24,0.95941975225,361.10624583480217,86.2491300790393,0.19279779504795863,0.19279912036609026,447.35537591384144,447.9911209336704,-0.141910183064331,1.5865221430396808,0.19312296652919964,0.1106259304997416,0.33260476620118,0.19312164307166357,0.11062542376496293,0.3326040044331441,0.0365363305017816,0.8194695106388719,0.7829331801370902,0.2,0.19999862353280304,357.8849165010735,89.47045941276797,-5.9811840225076907e-05,2.2536639221470978e-09,0.8425735648454056,0.8425716350907081,0.810813125156046,42.04825818244982,23.782197960756,33.966605735503194,29.440680878948168,41.53913075389151,24.073686229130274
-159.9483837236,0.0027849467050555573,0.04172705235047191,0.8270292374597661,0.7853021851092942,8.60109613568e-24,0.958243662433,360.86247728044106,86.18387218953828,0.19278509329450597,0.192786454382078,447.04634946997936,447.68165908060917,-0.14191102041894998,1.586522143041977,0.19312296652874028,0.11023847691997357,0.33202180187447566,0.19312160737114664,0.11023795916047932,0.3320210221664877,0.036871731086624025,0.8181279082972056,0.7812561772105816,0.2000000000000001,0.19999858646766744,357.63771149045266,89.40863797952674,-5.9811695496403416e-05,2.0157875368909117e-09,0.8410967660113446,0.8410947908101267,0.809076404809745,41.75082585015597,23.951622025130895,33.762616179640055,29.618557835664173,41.248218340744984,24.243471360124182
-159.5694005595,0.0028375832556250006,0.04206851321841526,0.8256528407895216,0.7835843275711063,1.2324198829e-23,0.957046623929,360.61005016029554,86.11629636491433,0.19277192185944772,0.19277332041347528,446.72634652520986,447.3612052607513,-0.14191188866530258,1.5865221430427845,0.19312296652881397,0.10984852532978523,0.33143404370973306,0.1931215699832406,0.10984799606014947,0.33143324525483175,0.03720943058005998,0.816777110323831,0.7795676797437711,0.19999999999999993,0.19999854764013686,357.38172602758345,89.34462049762648,-5.981164460377997e-05,2.0539570044775246e-09,0.8396078231504519,0.8396058004584724,0.8073277806070474,41.46203249001096,24.11845102482422,33.560815166469474,29.796654075288895,40.964346992468215,24.41147176552972
-159.1916108348,0.002890054050722222,0.04240608740526761,0.8242934000710745,0.7818873126658069,1.75468962557e-23,0.955851815575,360.35367638158635,86.04766400277244,0.19275852516187342,0.19275996113351673,446.4013403843587,447.03574119566247,-0.141912771808117,1.5865221430418985,0.19312296652898686,0.10946348405943351,0.33085266216162373,0.19312153263750934,0.10946294340736064,0.3308518451019438,0.03754304854190067,0.8154426384773307,0.77789958993543,0.20000000000000004,0.19999850881642917,357.1217379738318,89.27960241052698,-5.9811700436895876e-05,2.1434853891832972e-09,0.8381350339023582,0.8381329640796812,0.8056002907715735,41.18445738235925,24.281004620649323,33.36335997433064,29.97300034437142,40.690094417630185,24.57600588822228
-158.8197084283,0.0029417071627361106,0.04273575753773262,0.8229670454611534,0.7802312879234208,2.47367880456e-23,0.954674529885,360.0966721259697,85.97886285916222,0.19274507592537654,0.1927465482231993,446.0755349851319,446.70947674601285,-0.1419136584025038,1.5865221430413847,0.19312296652896513,0.10908795981159494,0.33028466481445207,0.19312149636788653,0.10908740826198457,0.3302838298524234,0.037868609465275996,0.8141403947837217,0.7762717853184457,0.20000000000000015,0.19999847111577954,356.8611099859521,89.21442499917981,-5.9811732822101504e-05,2.132227727713598e-09,0.8366961502835357,0.836694035109597,0.8039145206674001,40.91870887694743,24.438698762642897,33.17124872275318,30.14658894387866,40.426053372042155,24.7365230238275
-158.4527752904,0.0029926700985555537,0.043058533029581146,0.8216696494517589,0.7786111164221777,3.45792159585e-23,0.953512281376,359.8386024634267,85.9097765016606,0.19273155115251553,0.1927330586179237,445.7483789650873,446.38185977251845,-0.14191454996715924,1.5865221430427159,0.19312296652887137,0.10872080887944775,0.32972838652358666,0.19312146124221954,0.10872024693720822,0.3297275343934871,0.0381871135036506,0.8128663786297541,0.7746792651261035,0.19999999999999998,0.19999843458226843,356.59940095448604,89.14897801060121,-5.9811648922547533e-05,2.083666572616494e-09,0.8352869540536264,0.835284795388541,0.8022652914524614,40.66323445797498,24.592239484379665,32.983934081349304,30.317790398612516,40.17104422191452,24.893552541869692
-158.0861168898,0.0030435948764166673,0.043378666418991914,0.8203840777383331,0.7770054113193412,4.81581786806e-23,0.952350570395,359.5762602691329,85.83954636898949,0.19271778210316126,0.19271932488054683,445.4158066381224,446.0488188607496,-0.14191545764967728,1.586522143038596,0.19312296652938665,0.10835720381402728,0.3291765541681656,0.19312142597061013,0.10835663152871583,0.32917568489898497,0.03850275694214505,0.8116038048783533,0.7731010479362083,0.19999999999999998,0.19999839790239937,356.333358910093,89.08244772802938,-5.981190860371299e-05,2.350497574354904e-09,0.8338890205236452,0.8338868184408518,0.800630874564305,40.41517887544248,24.743178870541414,32.79970403813151,30.4880799789365,39.922375754190874,25.048609485496975
-157.7149396381,0.003095147272486112,0.04370036769849092,0.8190934309794448,0.7753930632809538,6.71518160063e-23,0.951174555925,359.3061362785925,85.76723301606852,0.1927035831238114,0.19270516260196416,445.07336929466106,445.7058990328191,-0.14191639364223851,1.5865221430347904,0.1931229665299743,0.10799239067060762,0.328621957073181,0.19312138932207845,0.10799180766776788,0.32862107003016083,0.03881968172638133,0.8103361057443466,0.7715164240179653,0.1999999999999999,0.1999983597991437,356.0594254454503,89.01394384921079,-5.9812148467397463e-05,2.6547652964836743e-09,0.8324840831960441,0.8324818360875359,0.7989898228067047,40.17208152386785,24.892909753901094,32.61688248932778,30.658969333663304,39.67768528330576,25.2030831148496
-157.3371643725,0.003147616059374998,0.04402540039784741,0.8177906769096444,0.7737652765117969,9.40273744978e-23,0.949978008657,359.0265097026371,85.69237578017035,0.19268886161004548,0.19269047978668039,444.71888548280754,445.35091576362197,-0.14191736413761147,1.5865221430337595,0.19312296653000285,0.10762441410601264,0.3280616010843278,0.19312135068228778,0.10762381980815658,0.328060695311335,0.03913960883935948,0.8090563972925774,0.7699167884532179,0.20000000000000004,0.19999831955488828,355.7758557119232,88.94302977088431,-5.9812213448751095e-05,2.669575671632174e-09,0.8310645571065565,0.831062262550202,0.7973332248437259,39.932999651022776,25.041945477150943,32.43477895049424,30.83110267303863,39.43610785653335,25.357471980702346
-156.9540529339,0.0032008259814027794,0.04435263578262061,0.8164803825036905,0.7721277467210699,1.32302847268e-22,0.948765303425,358.73808831010473,85.61516413397318,0.19267365246695903,0.19267531250087297,444.3532524440779,444.9847675585568,-0.1419183667665247,1.5865221430301109,0.1931229665303094,0.10725459886633743,0.3274974791755464,0.19312130891445226,0.10725399228716975,0.3274965530920436,0.03946141130459995,0.8077691874331484,0.7683077761285485,0.19999999999999993,0.1999982761756013,355.4833679422405,88.86988450183738,-5.9812443431450646e-05,2.8282931552325863e-09,0.8296354909716417,0.8296331449635327,0.7956669162180635,39.70065891872781,25.1884988117483,32.25545963133432,31.002503496448636,39.2005280365527,25.5098604556435
-156.5752346013,0.003253439638708334,0.044673916307919566,0.8151952183751023,0.7705213020671827,1.85896257756e-22,0.947567263956,358.4480998879106,85.537532987375,0.1926583354362781,0.19266003666862208,443.98563287528555,444.6166300243026,-0.1419193764710447,1.5865221430281486,0.1931229665306835,0.10689218851158636,0.32694370847530674,0.19312126778237665,0.10689156997792457,0.3269427625409753,0.039777061092577906,0.8065065882831072,0.7667295271905292,0.19999999999999993,0.19999823336490286,355.1892906608301,88.79634221445545,-5.981256711029559e-05,3.0220048685691836e-09,0.8282326471148413,0.8282302508194689,0.7940324664512449,39.479949135994495,25.32931328141667,32.082763535587766,31.169384734913848,38.97607679267909,25.65676389953724
-156.2154321244,0.0033034122049444446,0.04497703180919222,0.8139839089834611,0.7690068771742689,2.57210669556e-22,0.946430642466,358.16824796686757,85.46261542565897,0.19264352974026805,0.1926452677489079,443.6308633925265,444.2613606816062,-0.141920352495295,1.5865221430259397,0.19312296653096947,0.10655091410841154,0.3264213750789178,0.1931212310225842,0.1065502851927588,0.32642041172812525,0.04007458629891179,0.8053164874591985,0.7652419011602867,0.2000000000000001,0.19999819514350553,354.90549140406614,88.72537198846037,-5.981270634336511e-05,3.170086415593687e-09,0.8269094420481795,0.826907001632424,0.792491866638585,39.26849068311268,25.465710105075352,31.91547940169584,31.332758233513005,38.76046683895397,25.799482863684393
-155.8636854727,0.0033522659065694425,0.045271476940720985,0.8128083666460476,0.7675368897053266,3.53188845954e-22,0.945320943357,357.8904974385932,85.38826041574829,0.19262881178665983,0.1926305848207304,443.27875785434145,443.9087590368829,-0.14192132273044278,1.5865221430235148,0.1931229665311968,0.1062200161536474,0.3259141238940826,0.1931211960070865,0.10621937752690448,0.3259131441456519,0.04036333700338995,0.8041614846424245,0.7637981476390346,0.19999999999999984,0.19999815880251176,354.6238224472087,88.65493540713274,-5.981285918776891e-05,3.287792260664446e-09,0.8256244441091538,0.8256219621539562,0.7909967016178402,39.06573146198867,25.597882404250118,31.75390156112844,31.49219311129158,38.553192430103636,25.93818921255315
-155.5102148223,0.003401359052458335,0.04556552429985877,0.811635522656812,0.7660699983569532,4.84555530375e-22,0.944207531558,357.60723665072044,85.31243028566514,0.19261377774385022,0.19261558610514504,442.9196669363856,443.54916217014875,-0.1419223137934078,1.5865221430231982,0.1931229665312074,0.10589018309528876,0.32540771824787557,0.19312116069961674,0.10588953475686316,0.325406722052362,0.0406514322130776,0.8030091038037259,0.7623576715906484,0.2000000000000001,0.19999812216721702,354.3365652781793,88.58310165820632,-5.981287913847666e-05,3.2932767624060943e-09,0.8243415881373173,0.8243390645174212,0.789504930779491,38.866651474376795,25.72899805014742,31.594095929644737,31.651483309630017,38.34915865477911,26.0761913710297
-155.1481725064,0.003451642707444446,0.045864826896189245,0.8104428666168347,0.7645780397206455,6.67242483779e-22,0.943069174861,357.3127937655692,85.23360666014258,0.19259812435069248,0.19259997018975797,442.54640042571174,443.17536973775606,-0.14192334569868015,1.5865221430229726,0.1931229665312544,0.10555510372101551,0.3248924494675361,0.19312112326611464,0.10555444506756405,0.3248914358175113,0.04094439858221528,0.8018372383274116,0.7608928397451963,0.1999999999999999,0.19999808330525476,354.03796856692964,88.50843185878213,-5.9812893360433605e-05,3.3176350555663703e-09,0.8230362795632316,0.8230337117265616,0.7879879368436469,38.667430196670345,25.861558291145762,31.432934757034364,31.8137650120694,38.144514637134556,26.216089246721655
-154.772954149,0.0035037563681944465,0.04617306073256218,0.8092158470729144,0.7630427863403522,9.25402546528e-22,0.941891859466,357.0030276269201,85.15068093384167,0.19258162780317395,0.19258351437056148,442.15370856076174,442.7821245813215,-0.141924433185725,1.586522143021715,0.19312296653148944,0.10521072589252521,0.3243620290547665,0.19312108260945657,0.10521005597859545,0.3243609963892013,0.04124580861364978,0.8006315982028471,0.7593857895891973,0.20000000000000012,0.19999804102983526,353.7238330145327,88.42987554622906,-5.9812972630357564e-05,3.43933770352578e-09,0.8216925880005445,0.8216899719926115,0.7864272212196923,38.465711771738754,25.997179148384113,31.268411903543626,31.981157312523145,37.93690656969487,26.359555652300596
-154.3818874117,0.003558071192819444,0.046492234014579054,0.8079466061544235,0.7614543721398445,1.29729489667e-21,0.940667788796,356.67518489119493,85.06291602472398,0.19256413664193972,0.19256606815599642,441.73810091591895,442.3659313572554,-0.1419255862245561,1.5865221430189222,0.19312296653171906,0.1048548934558845,0.3238130532512309,0.19312103777791848,0.10485421103649364,0.32381199952517764,0.04155759108765857,0.7993844683079613,0.7578268772203027,0.20000000000000004,0.19999799436864169,353.39136669652254,88.34673421939642,-5.981314865621812e-05,3.5582203850026417e-09,0.8203018908524492,0.820299221492874,0.7848127965896792,38.26090921142373,26.136336553691347,31.09990432327241,32.15443975664223,37.725739459998984,26.50710136670246
-153.9753327741,0.003614537114708334,0.04682185003942193,0.8066372690723856,0.7598154190329637,1.8471787179e-21,0.939398770979,356.3289535194086,84.97022839874197,0.19254562863545419,0.1925476105588308,441.2991819181506,441.9263939353579,-0.14192680632219012,1.5865221430203627,0.19312296653147887,0.10448825899989964,0.32324643694849853,0.19312098754403517,0.10448756241789559,0.32324535946846256,0.04187922209980232,0.7980979442581865,0.7562187221583841,0.2,0.1999979420767784,353.04025369435465,88.25892822379598,-5.9813057873281394e-05,3.4338532017841317e-09,0.8188665057750028,0.8188637762404695,0.7831473757535595,38.05455771560971,26.278061289615437,30.92849988718327,32.33263829955098,37.51255400415008,26.657742362446665
-153.5585188122,0.003672427942750001,0.0471575202021703,0.8053053984121175,0.7581478782099471,2.69490817292e-21,0.938101788869,355.9682630838862,84.87367001943095,0.19252630851598157,0.1925283456976244,440.84193310331716,441.46850087005146,-0.14192807991950662,1.5865221430211482,0.1931229665315543,0.10411579173086813,0.32266978744665287,0.19312093250315526,0.10411507953817922,0.32266868385106606,0.04220638572120961,0.7967892897729334,0.7545829040517238,0.19999999999999996,0.19999788481403805,352.6744789453221,88.16745415799508,-5.9813008346232266e-05,3.4729108477904447e-09,0.817405704019256,0.817402908327304,0.7814533068024698,37.851247927100026,26.419208210148305,30.757820845629873,32.512056202514806,37.302127121109066,26.808122677650346
-153.1462907947,0.003729681834069443,0.04748730992933119,0.803998377257934,0.7565110673286028,4.07673128596e-21,0.9368234101,355.6058410269175,84.77664807741628,0.19250685523359062,0.1925089486512998,440.38248910433384,441.00840952780595,-0.14192936233173858,1.5865221430179612,0.1931229665318466,0.10375076262911556,0.3221036519959306,0.1931208764501678,0.1037500346145697,0.3221025219003566,0.04252744250794396,0.7955050626274582,0.7529776201195143,0.1999999999999999,0.19999782647967518,352.3069484637578,88.075540640576,-5.981320922998634e-05,3.624256450507346e-09,0.8159715370638375,0.8159686742405905,0.7797908593358679,37.660195442472634,26.55323447610721,30.59540219702812,32.68464959408623,37.10406593642096,26.951224205819734
-152.7677844882,0.0037822521544166677,0.047788277291482474,0.80280693060991,0.7550186533184275,6.29270198517e-21,0.935653603777,355.2680727054851,84.68622604644057,0.1924886886812579,0.19249083081422375,439.9542987519257,440.57961586756153,-0.14193055990675552,1.5865221430125953,0.19312296653252356,0.10341845522668197,0.3215873990483489,0.19312082779863593,0.10341771386610041,0.32158624638827515,0.042820108153097086,0.7943344000502292,0.751514291897132,0.19999999999999998,0.19999777593511175,351.9644174884489,87.98988126347685,-5.9813547448328563e-05,3.974798268302493e-09,0.814663735340567,0.8146608153556287,0.7782754225665244,37.48023938132447,26.680726070769886,30.440915850597605,32.85052279333338,36.917245511796104,27.087611389654512
-152.4109260883,0.003831815821069446,0.0480704398613454,0.8016911138235608,0.7536206739622154,9.86411874887e-21,0.934554423476,354.9452425618595,84.5998030298361,0.19247129248369,0.19247347739027978,439.5450455916956,440.1697860814839,-0.1419317067057002,1.5865221430121992,0.19312296653251837,0.10310763117688618,0.32110377010693314,0.19312078502128277,0.10310687844703285,0.32110259800729246,0.04309419461378061,0.7932380542074691,0.7501438595936885,0.20000000000000004,0.199997731510838,351.6370335765286,87.90801201516699,-5.981357241724439e-05,3.9721115285829e-09,0.813438578630141,0.8134356093997712,0.7768561897035419,37.311161450524594,26.801631499089666,30.295262578871956,33.00846122051453,36.741541612642536,27.21714865812561
-152.059190093,0.003880668042638887,0.0483470558595499,0.8005983562910008,0.7522513004314509,1.54909900605e-20,0.933474760801,354.62288535808983,84.51350662122151,0.19245388941758015,0.192456114871349,439.1363919793113,439.7605566878196,-0.14193285391699284,1.5865221430143328,0.19312296653225403,0.10280359874072038,0.32063000287047433,0.1931207444470151,0.10280283545870433,0.3206288125834987,0.04336261456236355,0.792164374411816,0.7488017598494524,0.19999999999999996,0.19999768933180898,351.3101282819415,87.82626369736981,-5.9813437935929414e-05,3.835243234107111e-09,0.8122384041591335,0.8122353888555585,0.7754662983111441,37.14606349982642,26.920752989200942,30.15267268321155,33.164555941894385,36.56980686856478,27.344962569643616
-151.6971562313,0.003930950523430556,0.048630233473772426,0.7994808299584795,0.7508505964847071,2.41529280962e-20,0.932367573796,354.28677505968,84.4235284501569,0.1924357093388027,0.19243797865026965,438.71030350983693,439.3338678720127,-0.1419340523861945,1.5865221430116359,0.19312296653266547,0.10249305631901648,0.3201453674801753,0.19312070061577025,0.10249228156105346,0.3201441574682466,0.04363711473091618,0.7910663737396614,0.7474292590087452,0.2000000000000001,0.19999764382248608,350.9692764872218,87.74102702261513,-5.9813607922176715e-05,4.048272828072186e-09,0.8110106978543853,0.8110076325824223,0.7740449232510934,36.98454882176599,27.038318212806864,30.012373082917804,33.319591131204874,36.40162697454053,27.471299585026923
-151.3341413019,0.003981369263625001,0.04891265121098733,0.798367485801512,0.7494548345905246,3.64440352836e-20,0.931261702792,353.94535727856044,84.33212944312926,0.1924172059895948,0.19241951944548527,438.2774867216897,438.9004412575663,-0.1419352721750866,1.5865221430141772,0.19312296653230387,0.10218406995979076,0.31966243126115207,0.1931206564982899,0.1021832837398916,0.3196612014929113,0.04391058437291189,0.7899724951698709,0.746061910796959,0.19999999999999993,0.19999759796293912,350.6230421361178,87.65444458557187,-5.981344775030095e-05,3.861044817199399e-09,0.8097872959882519,0.8097841806684604,0.7726288843030688,36.825794379321756,27.154879259346412,29.87331624951847,33.47468997574446,36.23610781156762,27.59678288849695
-150.9768995939,0.00403098616751389,0.049189121123113994,0.7972787537263665,0.7480896326032525,5.2737555639e-20,0.930177786938,353.6050699198486,84.24103305502743,0.19239872750417342,0.19240108298023698,437.84610297487603,438.46844970348513,-0.1419364903061937,1.5865221430148888,0.1931229665322096,0.1018823035409483,0.31919007431458185,0.19312061449504428,0.10188150663334611,0.3191888259844729,0.0441780054207835,0.7889028109779135,0.7447248055571299,0.20000000000000004,0.19999755431722124,350.2779532125746,87.5681497623014,-5.981340288618853e-05,3.812217208576385e-09,0.8085906941448784,0.8085875318030925,0.7712441652674309,36.66811546448072,27.27164969709636,29.73441396824182,33.63106470058772,36.07149347330764,27.722722396841842
-150.6129784437,0.004081530771708333,0.049469293188136906,0.7961766282240085,0.7467073350358716,7.4467518961e-20,0.929078247223,353.25403372041177,84.14705915603896,0.19237962713505913,0.19238202523177175,437.4010928764507,438.0228125986046,-0.14193774942120596,1.5865221430175662,0.1931229665319248,0.10157722096385366,0.31871181491098455,0.19312057188135118,0.10157641331805975,0.3187105478613153,0.04444871229978677,0.7878199834604784,0.7433712711606917,0.1999999999999998,0.19999750991015855,349.9219634691786,87.47912940727213,-5.9813234132288784e-05,3.6647573864456717e-09,0.8073791398571504,0.8073759300938954,0.7698424320393281,36.51046737747934,27.389405609658876,29.59498928341914,33.78950370359685,35.90675049637245,27.849916413378228
-150.2345746989,0.004134086847375001,0.04975906582946491,0.7950379924588472,0.7452789266293823,1.03883106325e-19,0.927940105166,352.8843316627607,84.04808832673584,0.19235946906561954,0.1923619146623061,436.9324199894965,437.55347936513385,-0.14193907829014307,1.5865221430149825,0.19312296653228428,0.10126245726753909,0.3182176256393399,0.19312052446168795,0.10126163750326236,0.3182163375806817,0.04472838183592734,0.786701305317713,0.7419729234817857,0.2000000000000001,0.19999746054244705,349.54704556293126,87.38537442656522,-5.9813396979802036e-05,3.8508973787543255e-09,0.8061272311094985,0.8061239681250617,0.7683942897452565,36.34966339362848,27.51057112059211,29.452038242182436,33.95350745429083,35.73859405554955,27.98095522296346
-149.8374128016,0.004189248221999999,0.050061532530779884,0.7938508566324776,0.7437893241016977,1.44825290654e-19,0.92675138832,352.49115192482293,83.94283242139086,0.1923379833656602,0.19234048238891532,436.4339843462138,437.0543414403042,-0.1419404946410241,1.5865221430127183,0.1931229665325479,0.10093475418888884,0.31770230434935287,0.19312047117740772,0.10093392062857084,0.3177009924891184,0.045019958889715245,0.7855349971038768,0.7405150382141615,0.1999999999999999,0.19999740497982818,349.14832003196403,87.2856643142497,-5.981353969897185e-05,3.987410401862235e-09,0.804821789514947,0.8048184662349852,0.766884489752166,36.184887886830026,27.635846299359777,29.304614799921033,34.12431819450821,35.56618422338593,28.116595070169694
-149.4225573725,0.004246867031597223,0.05037568354738979,0.7926193703701999,0.7422436868228102,2.04771590382e-19,0.925516299198,352.07482133877863,83.83137893456266,0.19231517900409534,0.19231773838622443,435.9062002733413,436.5258137349346,-0.14194199795238838,1.5865221430111374,0.1931229665327121,0.10059532379641428,0.31716765881220343,0.19312041104337851,0.10059447446545228,0.3171663198787858,0.04532242418255529,0.7843251359333404,0.7390027117507851,0.19999999999999998,0.19999734228175461,348.7261187345348,87.18008153880652,-5.981363934148831e-05,4.072431281088029e-09,0.8034673946236476,0.8034640027603378,0.7653183099335873,36.017543245352485,27.764247916299365,29.15370421048669,34.300958560192036,35.390970971534074,28.255794417291558
-148.99722741,0.004305940637500001,0.050695911671524894,0.7913656688139037,0.7406697571423788,3.0164090429e-19,0.924257192917,351.64200002162175,83.71551080814075,0.19229141274853517,0.19229403778698312,435.35751082976253,435.976351203705,-0.14194356465296876,1.586522143010042,0.19312296653279848,0.10025032194816713,0.31662331238897606,0.19312034565254724,0.10024945537120583,0.3166219439192518,0.04563034199925393,0.7830934646669772,0.7374631226677232,0.20000000000000004,0.19999727406849338,348.28719541856543,87.0703154111971,-5.981370838625821e-05,4.1171510645199305e-09,0.8020884248885835,0.8020849582021993,0.7637238966840747,35.85334005802675,27.891404214546046,29.00413258694452,34.477845424349105,35.21894544401605,28.39380871268839
-148.5842010484,0.004363305409944446,0.05100513376349331,0.7901566313025552,0.7391514975390618,4.75313634157e-19,0.923041573721,351.2159041940797,83.60144312427929,0.19226795720058762,0.19227064581080905,434.81734731835894,435.43542661757493,-0.14194511090132034,1.586522143005816,0.19312296653341177,0.09991815342585116,0.3160983287299241,0.19312028225708386,0.09991727033788725,0.316096931870411,0.045927289026672674,0.7819056765603684,0.7359783875336957,0.20000000000000012,0.19999720789617859,347.85509190986426,86.96225540849473,-5.981397475096628e-05,4.43471925848371e-09,0.8007585060237844,0.8007549674187509,0.7621862907113159,35.70383360842562,28.008196849875908,28.866014007194863,34.642815587588565,35.06221312450496,28.520732460584487
-148.2290304213,0.004412634663708334,0.05126972887713376,0.7891233564621314,0.7378536275849976,7.46357214585e-19,0.922001807056,350.84492773482964,83.50213113208797,0.19224748833322416,0.1922502236482103,434.3470588669176,434.96447554327966,-0.1419464602461895,1.586522143009278,0.19312296653290548,0.09963471172049199,0.315649666118138,0.19312023553790772,0.09963381721390152,0.31564824918554757,0.04618107062892513,0.7808905501488259,0.7347094795199007,0.2,0.19999715931059295,347.4788809386232,86.86817792829441,-5.981375654773302e-05,4.172551193448726e-09,0.7996219280350108,0.7996183385797007,0.7608721973783185,35.5619990339165,28.11990403144298,28.733998241394303,34.80197888226346,34.913430529501944,28.642272753890435
-147.8868715481,0.004460156729430555,0.05152347679303848,0.7881335482704676,0.7366100714774291,1.15809691854e-18,0.921005198253,350.48354738747673,83.40538806028363,0.1922275062723408,0.1922302831527863,433.88893544776033,434.5057066414886,-0.1419477775091993,1.5865221430139311,0.19312296653232533,0.09936356864285967,0.31521987348969555,0.1931201939282352,0.09936266436335486,0.3152184391233401,0.046424177662557395,0.7799181220113969,0.7334939443488395,0.19999999999999993,0.19999711609313575,347.1123996534875,86.77653579427282,-5.9813463249014376e-05,3.872147047445651e-09,0.7985331525756958,0.7985295189561673,0.7596133774741567,35.430657679070194,28.22414444174221,28.61201862510505,34.95034772284713,34.775591592470676,28.75580124470152
-147.5446041768,0.004507693864333334,0.05177618093690519,0.7871488903519636,0.7353727094150584,1.73654456086e-18,0.920013367781,350.1181297453164,83.30756418727466,0.1922072580224816,0.19221007571738538,433.42569393259106,434.04181243250923,-0.14194911233671448,1.5865221430091758,0.19312296653276054,0.09909420307236352,0.3147923173655347,0.19312015303813676,0.09909328933196543,0.31479086602372286,0.04666602032223301,0.7789507513748712,0.7322847310526382,0.2,0.1999970735051368,346.74182356413974,86.68387036845134,-5.9813762987026564e-05,4.097500116984065e-09,0.7974500427579376,0.7974463661352045,0.7583611045643517,35.302051843147716,28.32696536856127,28.4922079553339,35.09731508234322,34.640805748562066,28.867688796225817
-147.1978078599,0.004555860019458334,0.05203109617938523,0.7861567132079439,0.7341256170285586,2.48659838744e-18,0.919013706302,349.7438746441129,83.20737448858198,0.19218647516381185,0.19218933500610763,432.95124913269484,433.5666991534851,-0.141950482357589,1.5865221430111232,0.19312296653260735,0.09882315481289491,0.31436150338884516,0.19312011084356243,0.09882223131941678,0.3143600345454504,0.04690971394146798,0.7779759768971636,0.7310662629556957,0.19999999999999998,0.19999702955662535,346.36228536332544,86.58896376936944,-5.981364024076896e-05,4.018185784104844e-09,0.7963586799603734,0.7963549590016217,0.7570992472939624,35.17236984732351,28.43140807232517,28.37091222585104,35.24736857381762,34.50587981075009,28.980568108524402
-146.8381751087,0.004605809012680555,0.05229425538616977,0.7851336097680046,0.7328393543818349,3.42223346923e-18,0.91798277997,349.35151117396504,83.1023371016958,0.19216463775973508,0.1921675440040237,432.4538482756608,433.06859747291816,-0.14195192189981887,1.5865221430145293,0.19312296653227465,0.09854405542300736,0.31391727480820064,0.19312006445703303,0.09854312104413393,0.31391578654813446,0.047161019170814535,0.7769707559781152,0.7298097368073007,0.19999999999999993,0.1999969812364857,345.96438409642747,86.48946417923338,-5.981342554584046e-05,3.845901375143512e-09,0.795233334514862,0.795229564368679,0.75579797673976,35.03962155769984,28.5391210162843,28.24626099305488,35.40291581409226,34.367500691804935,29.097256997755846
-146.4592615366,0.004658435897694445,0.05257022834317281,0.7840619726244614,0.7314917442812886,4.57223818663e-18,0.9169030134,348.93342386103757,82.99041333156568,0.19214131331806683,0.1921442713214957,431.92383719260334,432.53783961943225,-0.14195345946360627,1.586522143016698,0.1931229665320171,0.0982521533633685,0.31345199530927936,0.19312001277070315,0.09825120669296042,0.31345048523325086,0.04742424862251555,0.775917838170023,0.7284935895475074,0.20000000000000007,0.1999969273065339,345.540396923635,86.38344026896827,-5.981328885518167e-05,3.712563589886031e-09,0.7940546616698118,0.7940508362581756,0.7544349619896485,34.901769077085234,28.651842770243707,28.11618473952944,35.56670328012421,34.222810415206276,29.22027699851525
-146.0561525703,0.004714423254125002,0.05286238601898207,0.7829289305416091,0.730066544522627,5.99615382829e-18,0.915761657759,348.4833577834057,82.86992870879102,0.1921161407687342,0.19211915864379303,431.3532864921968,431.96648502953735,-0.14195511887886703,1.5865221430193168,0.19312296653188077,0.09794401845619852,0.3129600908361935,0.19311995305703453,0.09794305728780459,0.312958555223858,0.047702564966872266,0.7748045727919148,0.7271020078250425,0.19999999999999993,0.1999968648889326,345.0839815342199,86.2693049579769,-5.9813123787222366e-05,3.641953405519871e-09,0.7928085409055632,0.7928046508038823,0.7529938265850867,34.76002261097903,28.76868094108051,27.98146328037245,35.73794515247701,34.074017166715215,29.34787510105611
-145.6374187545,0.004772580728541666,0.053164333199670406,0.7817595047161299,0.7285951715164595,7.76768425289e-18,0.914584170576,348.01007996589846,82.74323020333694,0.19208959803658518,0.19209268237968266,430.7533101692354,431.3656633573997,-0.14195686865713375,1.586522143017721,0.1931229665318483,0.09762653084500272,0.3124524457337512,0.19311988682766382,0.09762555340801862,0.3124508815926411,0.04798982469001622,0.7736555338991761,0.7256657092091598,0.19999999999999993,0.1999967956234545,344.6040284311924,86.14928173804309,-5.98132243734284e-05,3.625144628927046e-09,0.79152254507175,0.791518582699333,0.7515063819359824,34.61809096273812,28.886630434831606,27.845183128525626,35.91285413294924,33.92497385210052,29.476809749643575
-145.2224683578,0.004830212728083332,0.05346205562250274,0.7806080510021352,0.7271459953796324,9.97130639815e-18,0.913425506403,347.5352807140303,82.61612440348894,0.19206289557723952,0.19206604597162621,430.15140511751923,430.76291023857436,-0.1419586288699759,1.5865221430154917,0.19312296653230446,0.09731447229136483,0.3119526763651257,0.19311982100250913,0.09731347884852087,0.3119510840637052,0.04827267834691368,0.7725241192738679,0.7242514409269543,0.1999999999999999,0.19999672679852956,344.12253206622717,86.02887305129211,-5.9813364894356624e-05,3.8613556796462944e-09,0.7902565005007932,0.7902524667910548,0.7500417521121404,34.47646692613958,29.005292280741617,27.70798384492297,36.09068077983716,33.77618131646278,29.606662477045383
-144.8075203463,0.004887844396347221,0.05375831101933128,0.7794638751038004,0.7257055640844692,1.29166705413e-17,0.912275097517,347.05471233286005,82.48747418288642,0.19203579246077737,0.1920390099789993,429.54218651574644,430.152833265487,-0.14196041558178774,1.5865221430105336,0.19312296653279104,0.09700493380866289,0.3114561506996818,0.19311975411148805,0.09700392419220025,0.3114545298951361,0.04855375373593593,0.7713998177202123,0.7228460639842763,0.19999999999999998,0.19999665686561563,343.6351852298505,85.90700128589602,-5.9813677399933596e-05,4.1133096928547275e-09,0.788998673065701,0.7889945671502028,0.748586330244957,34.33735595658452,29.12280145461347,27.572364051351556,36.26819949633523,33.630014212825714,29.73534277064394
-144.391709178,0.004945595947499998,0.05405373776069794,0.7783245131700687,0.7242707754093707,1.71993928449e-17,0.91113065316,346.5673540125794,82.35700626648394,0.19200822777447632,0.19201151385476317,428.92436027906336,429.5341365295335,-0.14196223271026875,1.5865221430049088,0.19312296653356537,0.09669724779014477,0.31096181082271945,0.19311968577589705,0.09669622173083098,0.31096016100270946,0.04883365751667701,0.7702802026011194,0.7214465450844424,0.19999999999999993,0.19999658542463897,343.14095281780305,85.78340746126031,-5.981403193855428e-05,4.5142556359678565e-09,0.7877463827959774,0.7877422033768327,0.7471369750232374,34.200547301706905,29.239298166146344,27.438046376552826,36.445743486116044,33.48627122091981,29.862984546791584
-143.9769582465,0.005003200243541666,0.05434699719379191,0.7771951239942011,0.7228481268004092,2.39775482061e-17,0.909997525061,346.07546392213186,82.22532517569732,0.1919803261369104,0.19198368186583456,428.3007890978291,428.90968675446817,-0.1419640720279669,1.5865221430079288,0.19312296653319433,0.09639280511035692,0.3104719071193993,0.19311961632438898,0.0963917624269818,0.31047022792368,0.04911112385940645,0.7691703372283472,0.7200592133689407,0.19999999999999984,0.19999651279907044,342.64212484917323,85.65866424865595,-5.981384157971448e-05,4.322120439326227e-09,0.7865053304970223,0.7865010766616375,0.7457002409667282,34.06714198663707,29.353797873395216,27.305999302795,36.62198877657048,33.346101882850576,29.988512705717056
-143.5693813526,0.005059808145472222,0.054633836962465786,0.7760920346588789,0.7214581976964131,3.52085463027e-17,0.908892206477,345.58646370831394,82.09441771725614,0.1919525077754572,0.19195593271342234,427.6808814255701,428.2889056501004,-0.14196590584278912,1.5865221429975844,0.19312296653441435,0.09609598967301632,0.3099935316631886,0.1931195472654538,0.09609493059071203,0.30999182342557363,0.04938214278428365,0.7680862615349363,0.7187041187506527,0.2000000000000001,0.19999644060385985,342.14622742613466,85.53465399943546,-5.981449360259461e-05,4.9538595447984335e-09,0.7852934822181248,0.785289154812136,0.7442968919578844,33.94243400595862,29.46164673471706,27.181179298557222,36.79016237728435,33.21503935800231,30.106843746944882
-143.1956101308,0.005111720815166668,0.054895752109116236,0.7750862000066097,0.7201904478974934,5.16475846036e-17,0.907885676207,345.13312696465204,81.9730575229892,0.1919266461133652,0.19193012895329895,427.1061844876412,427.71339898085836,-0.14196761070941477,1.5865221429915297,0.19312296653506267,0.09582581619770196,0.3095574521760088,0.1931194893369646,0.09582474394649368,0.30955572026130235,0.04962928230071209,0.7670977034724661,0.717468421171754,0.2,0.1999963800866239,341.68649367750317,85.41969081013801,-5.9814875230657094e-05,5.289568782984588e-09,0.7841887805258863,0.7841843931397245,0.7430171916704101,33.823001528184825,29.565678822640756,27.060672310155176,36.953996875558985,33.08952474005602,30.221044510484166
-142.8351271236,0.0051617878995000015,0.055147332401292846,0.774121319011405,0.7189739866101121,7.40282891373e-17,0.906921460725,344.6914701353218,81.85482409206784,0.19190138374155338,0.1919049205655835,426.5462942273897,427.1527198514002,-0.14196927605225618,1.58652214298563,0.19312296653578198,0.09556706983484177,0.30913924020551287,0.1931194353059547,0.09556598559416658,0.3091374865560089,0.04986637320689656,0.7661493398513238,0.7162829666444273,0.19999999999999962,0.19999632371515397,341.2386034875893,85.30769073980034,-5.981524709985919e-05,5.662026403285836e-09,0.7831293418567824,0.7831248994107789,0.7417895235699677,33.71044399874259,29.66439718317861,26.946819412284153,37.11013105851496,32.97128242030399,30.329423868092906
-142.4817995214,0.005210861177583332,0.055392955577654744,0.7731804973000475,0.7177875417223927,1.01935779031e-16,0.90598264995,344.25435228330633,81.73780576479326,0.19187631560946267,0.19187990317206327,425.99215804809967,426.5978029102973,-0.14197092860437355,1.5865221429914378,0.19312296653504074,0.0953151809047656,0.30873156771662597,0.19311938447372096,0.09531408567529709,0.30872979395467665,0.05009756651016911,0.765224566634527,0.7151270001243579,0.19999999999999993,0.19999627065822576,340.79531510883027,85.19684293926942,-5.981488102602128e-05,5.278200099212427e-09,0.7820966024099789,0.7820921090139694,0.7405923935332142,33.599879699249165,29.76201132119965,26.834630163228052,37.26527974923675,32.85516471224263,30.436615027145965
-142.1236829866,0.005260599585194446,0.055640941637631516,0.7722318491057188,0.7165909074680873,1.35367469471e-16,0.905037502011,343.80703926929164,81.61805814892686,0.1918505951911234,0.1918542333624093,425.42509741821846,426.0299433083094,-0.1419726241291941,1.5865221429939402,0.193122966534775,0.09506160478366106,0.3083206201078044,0.19311933374393123,0.09506049873509148,0.30831882643635544,0.05033069792447093,0.7642920409759908,0.7139613430515198,0.19999999999999993,0.19999621758926223,340.34168706703133,85.0834103511871,-5.9814723296636174e-05,5.140599057540385e-09,0.7810555662405813,0.7810510224086797,0.7393852278668892,33.48868856454631,29.860828920565037,26.721474376593413,37.42308474101065,32.73844135314737,30.54513161494364
-141.7507636197,0.005312393941708334,0.055898149680096584,0.771249215436145,0.7153510657560485,1.74887965706e-16,0.904060171641,343.3366672643589,81.49213754206306,0.19182347482110088,0.19182716990062176,424.82880480642194,425.4328105374822,-0.1419744119634747,1.5865221429971164,0.1931229665343734,0.094799381371412,0.30789508175904984,0.19311927683039953,0.0947982629066845,0.307893265445486,0.050572197156301284,0.7633260440466622,0.7127538468903609,0.2000000000000002,0.199996158093913,339.86467599750864,84.96412880891327,-5.9814523101220374e-05,4.932654285028093e-09,0.7799775679677853,0.7799729667775733,0.7381347332386352,33.37457685926234,29.962926697675066,26.604794953559285,37.58720943895929,32.61866180634309,30.65729691601076
-141.356624204,0.005367135527222221,0.05616886956159573,0.7702163964335541,0.7140475268719584,2.21636465111e-16,0.903034899647,342.8344632466409,81.35769536864055,0.19179443494246068,0.19179819542590246,424.19215861528147,424.7952673300848,-0.14197632628865087,1.5865221429966962,0.1931229665344675,0.09452425035148565,0.3074479636482988,0.19311921150006436,0.09452311728555737,0.3074461209473253,0.05082604842078572,0.7623106389891928,0.7114845905684071,0.2000000000000002,0.19999608969777755,339.3553856117657,84.83677300351572,-5.981454958003951e-05,4.981393075809137e-09,0.7788449025980576,0.7788402345617387,0.7368202791943613,33.25643730726278,30.069366443579117,26.483174237326292,37.759824069373295,32.494617143255184,30.774327809169687
-140.9396275788,0.005425051725166665,0.056454053366925716,0.7691300017365655,0.7126759483696399,2.77639447076e-16,0.901958764852,342.2974672699803,81.2139392382998,0.19176328663230938,0.1917671232824941,423.5114065082802,424.11355606313253,-0.14197837966838378,1.5865221429961431,0.1931229665345543,0.09423539105118714,0.3069778347880953,0.19311913553008575,0.09423424058714776,0.306975960927151,0.05109308894163859,0.761242476906217,0.7101493879645785,0.20000000000000012,0.19999601008639917,338.81081498054505,84.70059152773509,-5.9814584441042484e-05,5.026312699385471e-09,0.7776539450714937,0.7776491980989405,0.7354375305468495,33.13523105316392,30.1793579889498,26.357280642163804,37.940181067097555,32.36733365220522,30.895346856347217
-140.508557141,0.005484922619305554,0.05674755854954815,0.7680136588847323,0.7112661003351841,3.45894496062e-16,0.900855568836,341.73622260697914,81.0636916303643,0.19173062458299908,0.19173454482258834,422.79991423734344,423.40106132003865,-0.14198053278869915,1.586522143000775,0.1931229665339072,0.09393915863693317,0.3064949569518774,0.19311905221152695,0.09393798891677256,0.30649304872504457,0.05136751607430599,0.7601447683723133,0.7087772522980073,0.20000000000000015,0.19999592272881536,338.24165525978196,84.55825897756151,-5.981429249679593e-05,4.691247390553599e-09,0.7764306911040478,0.776425857073845,0.734016533664643,33.012828820906925,30.291254512751813,26.22878519586212,38.12605092201377,32.238760188453725,31.018562567370346
-140.0742910225,0.00554523735798611,0.05704193354889149,0.7668958227599056,0.7098538892110141,4.33115263471e-16,0.899753666248,341.16452259279583,80.91064508006411,0.19169724086392112,0.1917012480542285,422.07516767285995,422.6752936083909,-0.14198273346134327,1.586522143000481,0.19312296653406139,0.09364313917332646,0.3060116650935491,0.19311896552716648,0.09364194943134249,0.3060097211386306,0.05164233823113752,0.759045479745756,0.7074031415146185,0.20000000000000018,0.19999583181144096,337.6618934271729,84.41327424568703,-5.981431102641821e-05,4.77109463048464e-09,0.7752063883119281,0.7752014637732795,0.7325934913324801,32.901265560052835,30.393967617286823,26.109542985089462,38.300172491378966,32.12145016159141,31.13184476321465
-139.7007561535,0.005597117200902777,0.057294156349804566,0.7659395689351899,0.7086454125853853,5.28771968135e-16,0.898813250867,340.6677204582712,80.77764901397038,0.1916681374744367,0.1916722074337325,421.4453694722416,422.0446080404235,-0.14198465204050548,1.5865221429990766,0.19312296653420996,0.09339040648529878,0.3055984399261534,0.19311890270984883,0.09338920328250777,0.3055964713188092,0.05187746239436157,0.7581049830936041,0.7062275206992426,0.19999999999999996,0.19999576606117264,337.15807995170667,84.28728952053491,-5.981439954449996e-05,4.8480330860911636e-09,0.7741595824998735,0.7741545955102791,0.7313760071186337,32.79574951130299,30.49175624589253,25.99518021156457,38.46866964804215,32.010426751221786,31.23982094246312
-139.3530492443,0.0056454098271805555,0.057528118903822104,0.7650538004094275,0.7075256815056054,6.35106787192e-16,0.897944070394,340.20107076619934,80.65272488626788,0.19164072112318387,0.19164484293266573,420.8537956524672,421.4522007101175,-0.14198645935220577,1.5865221430036345,0.19312296653365021,0.09315671319775276,0.3052158468981464,0.19311885072072857,0.09315549953702082,0.3052138586909527,0.05209527826905999,0.7572337195920096,0.7051384413229496,0.20000000000000032,0.19999571170853123,336.68484126571525,84.16895438675195,-5.981411226319011e-05,4.558176058822028e-09,0.7731903757889335,0.7731853391478705,0.7302481460507447,32.6967851934759,30.584046537992165,25.888210747036403,38.62762126635101,31.906489141643494,31.341586833971864
-138.9986426476,0.00569463296561111,0.05776576806988117,0.7641552970634048,0.7063895289935236,7.61329703572e-16,0.897064386053,339.7212643970964,80.52427865955457,0.19161245131563368,0.19161662643723595,420.24554305665094,420.843091103958,-0.14198832294942676,1.5865221430025056,0.1931229665337072,0.09292006508408024,0.3048279270081405,0.1931187973040262,0.09291884070321713,0.30482591868674347,0.05231624866326654,0.7563498380154705,0.704033589352204,0.20000000000000007,0.1999956557846998,336.19826008243876,84.0472829742122,-5.981418341738376e-05,4.587685786816564e-09,0.7722076747641411,0.772202587168619,0.7291039507324697,32.59830730751594,30.676439441057656,25.781796938234347,38.78705593701276,31.80527895267325,31.441321470187876
-138.6238330169,0.00574668985876389,0.058016199681207706,0.7632097962750126,0.7051935965938049,9.1686965624e-16,0.896140939767,339.20926201893747,80.38721342287674,0.1915821941503036,0.191586430273615,419.59647544181416,420.19310897166076,-0.14199031757249347,1.5865221430034786,0.19312296653357325,0.09267148320616175,0.3044199126308293,0.19311873621739312,0.09267024621567549,0.30441788090661737,0.05254883135735029,0.755419507238466,0.7028706758811156,0.2,0.1999955917346173,335.67903004606876,83.91744539574545,-5.981412208866388e-05,4.518341256698477e-09,0.771174069225875,0.7711689223449931,0.7278996263664822,32.49613374209921,30.772891567235444,25.670864113110927,38.95466843631758,31.700097484949254,31.545644314651888
-138.2227848139,0.005802390998069443,0.05828315294096889,0.7622034298296659,0.7039202768886971,1.11294091416e-15,0.895160669131,338.6562115279801,80.23915943008296,0.19154940587327704,0.19155371453823786,418.89537095806304,419.49101665188397,-0.14199247902254575,1.5865221430041099,0.19312296653353414,0.09240740579354405,0.3039858644633728,0.19311866376115186,0.09240615332808272,0.3039838043845144,0.05279641540443466,0.7544291710499329,0.7016327556454982,0.20000000000000012,0.19999551571535593,335.11817521252993,83.77719574553315,-5.9814082298270677e-05,4.498090788729314e-09,0.7700745133898432,0.7700692946793367,0.7266176242743507,32.38970386918434,30.874008729403762,25.554312081743436,39.13233887107538,31.58850013245972,31.657090264074288
-137.7981577067,0.005861366985180554,0.05856468875648452,0.7611438023257987,0.7025791135693142,1.36387098256e-15,0.894131523343,338.0647822806385,80.08083127928167,0.19151422060249854,0.1915186131451422,418.14561355992015,418.740202867207,-0.14199479849691388,1.5865221430068728,0.1931229665332412,0.09212992513903051,0.3035291174484427,0.19311858010330607,0.0921286543833103,0.3035270241400431,0.05305713690973129,0.7533862850272827,0.7003291481175514,0.19999999999999982,0.1999954278479966,334.5184026732409,83.62721088667928,-5.9813908148687034e-05,4.346389914644533e-09,0.768917455525046,0.7689121526355503,0.7252675957910434,32.281262182926525,30.97772306217002,25.434062094875753,39.31735309404123,31.47474956899207,31.771499811555877
-137.3654115842,0.005921470613305557,0.05885046542860746,0.760070038551621,0.7012195731230135,1.68775668559e-15,0.893091857546,337.455842631191,79.9178155186136,0.19147786152313748,0.1914823447301711,417.37365814980456,417.9671597941188,-0.14199719533146693,1.5865221430055982,0.1931229665334431,0.09184935304754523,0.30306658187194646,0.1931184897483694,0.09184806235369083,0.3030644524745369,0.05332137507864866,0.75232933235262,0.6990079572739714,0.20000000000000012,0.19999533292675972,333.9008744332748,83.47278371652978,-5.9813988484425096e-05,4.45095071910373e-09,0.7677457337424407,0.7677403394301848,0.7238993578570946,32.17476295705542,31.0802600576958,25.314172600428723,39.503562521457404,31.362997845211947,31.88470709768791
-136.9481133268,0.005979428704611109,0.05912498897198665,0.7590403425073103,0.6999153535353237,2.102647644e-15,0.892097922682,336.862713645836,79.75903234050571,0.19144231694310188,0.19144688412639663,416.6217459863417,417.2141882081593,-0.14199953850131397,1.586522143005906,0.1931229665331944,0.09158088227197769,0.3026233339846379,0.19311840591683926,0.09157957352754141,0.3026211716445851,0.05357480938252584,0.7513155951358687,0.6977407857533429,0.2,0.19999524485572176,333.29937788558505,83.32236810075672,-5.9813969088828856e-05,4.322164848247212e-09,0.7666228726458145,0.7666173948813559,0.7225870628531077,32.07290402819486,31.178966492117873,25.197844529565977,39.685934200706996,31.25609183477887,31.993763176984686
-136.5546000346,0.006034083328527775,0.05938294435094688,0.7580744091143258,0.6986914647633788,2.62657400552e-15,0.891168305832,336.29806306503286,79.60787295386709,0.19140835958217603,0.19141300123971375,415.9059360188999,416.49736968516413,-0.14200177703674877,1.586522143005129,0.193122966533374,0.09132956636402556,0.30220781982606865,0.19311833147537302,0.09132824213984345,0.30220562890165276,0.0538125883835496,0.7503644791326717,0.696551890749122,0.19999999999999998,0.19999516672315246,332.72675900365124,83.17917701524865,-5.981401804966424e-05,4.415157128789815e-09,0.7655702682293832,0.7655647180533686,0.7213558317617316,31.97594583269153,31.273508068606407,25.086036587664157,39.86281358178922,31.154332315825464,32.09826453228241
-136.1725498199,0.00608714585834722,0.05963254058519765,0.7571412821577435,0.6975087415725458,3.29435948156e-15,0.890272868978,335.74491492840366,79.4597928209451,0.19137498043233525,0.1913796911341728,415.2047077493488,415.79515340510454,-0.1420039774202242,1.5865221430060177,0.19312296653343186,0.0910872782168067,0.3018066901458725,0.19311826235502627,0.09108594002394921,0.30180447316756126,0.05404232800238972,0.749445520657601,0.6954031926552112,0.19999999999999982,0.1999950941694947,332.1658031234003,83.03890462594853,-5.981396205001488e-05,4.445110945994202e-09,0.764554103402678,0.7645484872254339,0.7201662289769556,31.882128960257866,31.365534003282317,24.97728715610174,40.036373596149666,31.05591555921951,32.199984511586294
-135.787014559,0.006140692422361111,0.059883574762454296,0.7562042710386423,0.696320696276188,4.16725862449e-15,0.889376344761,335.1817839321397,79.30904023348411,0.19134088286063844,0.19134566436819417,414.4908241656238,415.0802639801212,-0.14200622521661765,1.5865221430058352,0.19312296653327093,0.09084447339352289,0.30140416950255167,0.19311819154207446,0.09084312090938883,0.3014019258554743,0.054273060479949516,0.7485225907465565,0.694249530266607,0.20000000000000015,0.1999950197761294,331.59472358959573,82.89610057602812,-5.9813973551925415e-05,4.36179981022633e-09,0.7635344149080111,0.7635287311719116,0.7189714851208894,31.7889083556718,31.457513067496677,24.8686264780076,40.211308046479495,30.958181967617037,32.3016384181094
-135.3890151597,0.006195970116708334,0.060141850075119116,0.75524179575662,0.6950999456815009,5.33600351035e-15,0.888458262319,334.59524757106084,79.15202192941359,0.19130524299284307,0.19131010199748627,413.7472695004744,414.33566166778377,-0.1420085746278721,1.5865221430062733,0.19312296653336442,0.09059558928640259,0.3009910119694649,0.19311811408803065,0.09059422094858949,0.30098873890660677,0.054510102430686685,0.7475744229440753,0.6930643205133886,0.20000000000000018,0.19999493837688065,330.99990983312443,82.74735966735003,-5.981394594067879e-05,4.410205534099987e-09,0.7624877804310864,0.7624820221772355,0.7177440705108659,31.694792827829918,31.550924009256825,24.757990803789806,40.390999735201696,30.859539785090476,32.40489025319624
-134.9764790335,0.006253266800902778,0.060408639045302664,0.7542492751180363,0.6938406360727336,6.93345224566e-15,0.887514539805,333.9817163943579,78.98777699713366,0.19126782549589913,0.19127276994112588,412.96949339149154,413.5567896947496,-0.1420110412626907,1.586522143008637,0.1931229665330584,0.0903394940699378,0.30056529086030176,0.19311802874762551,0.09033810801137215,0.30056298509858487,0.054754587257968064,0.7465964836334195,0.6918418963754513,0.1999999999999998,0.19999484863649356,330.3777220691707,82.59177132232078,-5.981379694874889e-05,4.2517545040254845e-09,0.7614093191790893,0.7614034780906046,0.7164781163264059,31.599978953560125,31.645590697057656,24.645244013555068,40.57578003488188,30.760172554234636,32.509570557084984
-134.5551935302,0.006311778676361112,0.060680144417588296,0.753240987268039,0.6925608428504507,9.15409075985e-15,0.886558987299,333.34932341672084,78.81848267961593,0.1912291098766543,0.19123414525541296,412.1678060963368,412.75397284550826,-0.14201359350475284,1.5865221430066376,0.19312296653304872,0.09007991925920968,0.30013316920861927,0.1931179379313054,0.09007851424195834,0.3001308285430844,0.05500300337759501,0.745602819154863,0.690599815777268,0.19999999999999987,0.19999475310456485,329.73640747844973,82.43139861788704,-5.981392297016441e-05,4.246736295954179e-09,0.7603146437038594,0.7603087141950112,0.7151918057228212,31.505916642569623,31.740070011130456,24.531830253205907,40.7633670084325,30.661592265475534,32.614092293112385
-134.1362696624,0.00636996254688889,0.060949212066202615,0.7522435529151423,0.6912943408489397,1.22612870946e-14,0.88561686457,332.7146184331161,78.64856942831014,0.19119010098396086,0.1911952274671329,411.36318786142624,411.948220926587,-0.14201616500366665,1.5865221430082053,0.1931229665330204,0.08982373136189738,0.29970607494993723,0.19311784690275227,0.08982230745606867,0.29970369943674147,0.05524879534162603,0.7446196512985971,0.689370855956971,0.19999999999999993,0.1999946572693875,329.0927480918376,82.2704397695886,-5.981382416031522e-05,4.232081352029127e-09,0.7592327039103537,0.7592266861234023,0.713919083122903,31.414023264291828,31.83291715253472,24.419465072318776,40.950937993050964,30.56530663037283,32.71683193278674
-133.7269186046,0.006426816860472221,0.061211271868926546,0.7512738467563026,0.6900625748873761,1.52191624254e-14,0.88470393163,332.0887794906159,78.48102965425434,0.19115148728961265,0.19115670127269888,410.5698091448702,411.1537243622423,-0.14201871046597425,1.586522143007926,0.1931229665331143,0.08957523854203889,0.299291226971388,0.19311775938154835,0.08957379679378491,0.299288818357427,0.05548780484320947,0.7436636132927317,0.6881758084495222,0.19999999999999993,0.19999456515415115,328.4580786995191,82.11173044535114,-5.981384176845239e-05,4.280686916047216e-09,0.7581817870995473,0.7581756854598295,0.71268148044006,31.325361680604896,31.92301529336053,24.309631195240563,41.13595932281293,30.472433354779024,32.81654564167482
-133.3281186837,0.006482205738374998,0.061465779643512304,0.7503337572186556,0.6888679775751433,1.66583279751e-14,0.883821716673,331.47371720423655,78.3163748372858,0.19111339282783424,0.19111869002807486,409.7900920415223,410.3729086599806,-0.1420212217130623,1.5865221430071434,0.1931229665330838,0.08933488206851042,0.29888941444706674,0.1931176760483461,0.08933342366110691,0.2988869747264121,0.05571956401480269,0.7427365766062095,0.6870170125914068,0.19999999999999993,0.19999447744964155,327.8343367196376,81.95575532188478,-5.9813891084559145e-05,4.264899544637046e-09,0.7571638924527456,0.7571577120117586,0.7114814203136365,31.24153794697566,32.008667489329056,24.204331295856985,41.31491953967629,30.38462403271109,32.911383037796774
-132.9473268717,0.0065350934900416675,0.06170808184513034,0.7494403061347108,0.6877322242895805,1.79722667809e-14,0.88298585013,330.8815005200088,78.15783588630318,0.1910765760891673,0.19108194861728564,409.039336406312,409.62109523169846,-0.14202364872283324,1.5865221430054237,0.19312296653342736,0.08910695585639751,0.29850788240245435,0.19311760052857066,0.08910548283649244,0.2985054150873857,0.055939872864496816,0.7418553412091493,0.6859154683446524,0.19999999999999996,0.19999439797625715,327.23376057312385,81.80557583318807,-5.981399948673527e-05,4.4428016821029814e-09,0.7561973734860951,0.756191123141348,0.7103406505061132,31.160102317199964,32.0923208088445,24.10096439747861,41.49211556466254,30.29946736764134,33.00388049289478
-132.5668331509,0.0065879398401527765,0.06194950233703933,0.748551611335152,0.6866021089981127,1.91968545571e-14,0.882156955686,330.2849429847088,77.99813487075753,0.19103935259929913,0.1910448007529996,408.2830778554663,408.86377113443416,-0.1420261025712133,1.5865221430061875,0.19312296653332234,0.0888807372896604,0.29812872603903906,0.19311752473335203,0.08887924969714374,0.29812623114570735,0.05615905712975575,0.7409786041475879,0.6848195470178321,0.20000000000000007,0.19999431816787322,326.62878208028155,81.65429577518466,-5.981395133636269e-05,4.388400753896349e-09,0.7552368727319856,0.7552305525243929,0.7092057038485086,31.079683470101806,32.17535986046914,23.99838299613766,41.66947415419371,30.218484293597395,33.09232820164568
-132.1740777661,0.006642489199152777,0.06219798233970206,0.7476385038404293,0.6854405215007272,2.0402128499e-14,0.881307917858,329.66412822007413,77.83194009070363,0.19100046882254806,0.19100599826074127,407.49606831077773,408.0756527159554,-0.14202866584179796,1.5865221430076948,0.19312296653319988,0.08864882275032501,0.2977395216465644,0.1931174432963129,0.0886473193743948,0.29773699698625766,0.056384356395653236,0.7400774070833881,0.6836930506877349,0.19999999999999982,0.19999423238232203,325.9992049301495,81.49686338062827,-5.9813856334578475e-05,4.325007019190252e-09,0.7542509177315017,0.754244522116492,0.7080390934236918,30.999256363318718,32.258838350177186,23.894853401713128,41.850016118044294,30.137484523946135,33.18126963136014
-131.7712320838,0.006698439988361113,0.06245210253710426,0.7467063328096779,0.6842542302725736,2.18812920102e-14,0.880443888998,329.0220578082651,77.6600550825566,0.19096009541832318,0.1909657124018844,406.6821128908217,407.2605504564458,-0.14203132735930435,1.5865221430080825,0.19312296653304908,0.0884126156956531,0.297342589777605,0.19311735564034632,0.08841109513258974,0.29734003284554494,0.05661441522529401,0.7391571717640718,0.6825427565387778,0.1999999999999997,0.1999941399830073,325.34807347674956,81.33403941407218,-5.98138318985697e-05,4.246913931638119e-09,0.7532453870421802,0.7532389096745049,0.7068478377489721,30.918244790344357,32.34336252853189,23.789137831385183,42.035991681913444,30.053108599760947,33.27442805726774
-131.3585495512,0.006755757006777776,0.06271166704372126,0.745755945505338,0.6830442784616167,2.38448489765e-14,0.879565810666,328.35874274407024,77.48248278967772,0.19091821607766812,0.1909239265110751,405.84122553374795,406.41847831336503,-0.14203408811840346,1.586522143007726,0.19312296653304364,0.08817237150599963,0.29693832946590043,0.1931172621896711,0.0881708324791915,0.29693573796225925,0.05684903008863397,0.7382187123106816,0.6813696822220476,0.2000000000000002,0.1999940413979936,324.6753986733391,81.16582686040883,-5.981385435838149e-05,4.244093965155571e-09,0.7522212915192904,0.7522147265728931,0.7056329907135945,30.836553955758124,32.42904513373063,23.681104183062402,42.22776067660041,29.968063084512263,33.36885661178443
-130.9330926563,0.006814848242180554,0.0629784776695723,0.7447808920281931,0.6818024143586208,2.62531495147e-14,0.878667901261,327.66900386665054,77.29783672849912,0.19087448398219528,0.190880294946788,404.9668405951497,405.5428613915139,-0.14203697098446044,1.5865221430073517,0.19312296653321684,0.08792650710171801,0.29652404135536464,0.1931171616880889,0.08792494807209025,0.29652141250184655,0.057089799708884253,0.7372556338305478,0.6801658341216635,0.20000000000000023,0.1999939353024524,323.9759284775248,80.99091211762493,-5.9813877961722994e-05,4.333777781084791e-09,0.7511717929984061,0.7511651334351478,0.704386274052136,30.7566670181972,32.513275882863034,23.573577708826374,42.42037472426521,29.884917401736544,33.46169529455993
-130.5141862277,0.006873029690597221,0.06324043110051743,0.743825463434274,0.6805850323337566,2.89315355741e-14,0.877790918566,326.98404760220376,77.11447099337691,0.1908308678323877,0.19083677697759258,404.09851859558063,404.6733159512819,-0.1420398462275818,1.5865221430084973,0.1931229665330875,0.0876862052506593,0.2961185662039098,0.19311706345450216,0.0876846269160981,0.29611590115375114,0.05732579130051748,0.7363116674633686,0.6789858761628511,0.19999999999999984,0.1999938315671793,323.2813075310294,80.81721106455123,-5.981380575281747e-05,4.266809128239402e-09,0.7501446199734384,0.750137868714764,0.7031642982508678,30.679758422513583,32.59478077461571,23.46784500504796,42.61149670048098,29.804877448712773,33.55155550365091
-130.1133623791,0.006928699669569443,0.06349040664042736,0.7429154843255218,0.6794250776850944,3.16207760574e-14,0.87695823551,326.3232428831847,76.93757073066206,0.19078861157170526,0.19079461009680204,403.2608136138468,403.8344306674408,-0.14204263183947852,1.5865221430071776,0.19312296653319094,0.08745790777976936,0.29573283175827697,0.19311697387896465,0.08745631236860174,0.2957301343600306,0.057550622537447776,0.7354123425161635,0.6778617199787157,0.20000000000000007,0.1999937369806357,322.611176521362,80.64963709248484,-5.981388893072648e-05,4.320366286947319e-09,0.7491674552422994,0.7491606220375846,0.7020001113036973,30.606059152707896,32.673268878248386,23.364853857154696,42.79932612092003,29.728221779344718,33.63806982544794
-129.722079965,0.0069830444493055545,0.06373381063643861,0.7420310864473116,0.6782972758108731,3.42048331136e-14,0.876151355628,325.67306628490593,76.76351566154335,0.19074686324554357,0.19075294711130988,402.4365819464493,403.0090376812862,-0.14204538392749155,1.5865221430076126,0.19312296653305458,0.08723657096018103,0.2953583771626954,0.19311688834536017,0.08723495953368168,0.29535564923272023,0.05776919633827952,0.7345380473121549,0.6767688509738754,0.19999999999999998,0.19999364659268984,321.951822400681,80.48475954576824,-5.981386150821777e-05,4.249756102581159e-09,0.7482188652774729,0.7482119547280229,0.7008683256600673,30.534691108022066,32.74963537251177,23.264120454190508,42.98464676406335,29.654086643247762,33.722164908683844
-129.328704919,0.007037679872361112,0.063977903785822,0.7411458319976385,0.6771679282118165,3.72254005341e-14,0.875346028611,325.0143377415917,76.58717120004694,0.19070439103150058,0.19071056179190074,401.60150894163866,402.17278808266457,-0.1420481837544063,1.5865221430080119,0.19312296653308095,0.08701556115794487,0.29498400152880305,0.1931168011615191,0.08701393347754073,0.29498124258593245,0.05798804562435179,0.7336626501679975,0.6756746045436457,0.19999999999999987,0.19999355447157505,321.28379568725234,80.31771325438635,-5.981383635056403e-05,4.263411845784049e-09,0.7472704753429488,0.7472634862298445,0.6997351135414673,30.46422580786329,32.82538694096354,23.16367425993703,43.17104397075555,29.580986464909593,33.80549871743624
-128.9262973233,0.007093569816208335,0.06422697770631365,0.740244219958677,0.6760172422523633,4.09954629508e-14,0.874528188098,324.33522575325264,76.405370002639,0.19066041926329025,0.1906666823724394,400.74059575589166,401.310661895171,-0.14205108246744258,1.5865221430067784,0.19312296653312866,0.08679103106186839,0.2946031755800816,0.19311670854336238,0.08678938597885308,0.2946003835348031,0.05821100600799078,0.7327708086336788,0.674559802625688,0.20000000000000018,0.19999345655352294,320.59509882935276,80.1454969265388,-5.9813914099482446e-05,4.288125410312205e-09,0.746305745099108,0.7462986721290761,0.6985806139622427,30.394097835148443,32.9011246006972,23.062257954504247,43.36088868543298,29.508294212490927,33.88877692485178
-128.5142421453,0.007150799702041669,0.06448138710741738,0.7393250911966583,0.674843704089241,4.56599719986e-14,0.873696868849,323.6343295759504,76.21773708435111,0.19061483843499222,0.19062119917183035,399.8520666603015,400.4208808876604,-0.14205408721391644,1.5865221430079324,0.19312296653310693,0.08656273136277494,0.2942154505847287,0.19311661073125977,0.08656106777795812,0.2942126234170759,0.05843837036675439,0.7318613511985181,0.6734229808317638,0.19999999999999996,0.19999335302415974,319.884311135268,79.96775552503354,-5.981384135766987e-05,4.2768677488425055e-09,0.7453235377926843,0.7453163758486293,0.6974033103878613,30.324423411401938,32.97671934049046,22.959763486741867,43.55445562744803,29.436134466882113,33.97185187902562
-128.0976247372,0.0072086632309444456,0.0647379786900654,0.7383999376775602,0.6736619589874948,5.13118907858e-14,0.872862492842,322.9200207987449,76.02651355544448,0.190568176456315,0.1905746378973524,398.9465343541893,399.5140727125936,-0.14205716323103523,1.586522143007867,0.19312296653315386,0.08633354738443592,0.2938257091958359,0.19311650976230113,0.08633186473919541,0.29382284584285717,0.0586673015655,0.7309456264037703,0.6722783248382702,0.19999999999999996,0.19999324615410538,319.1599219067647,79.78661244742464,-5.9813845476597294e-05,4.3011816330817965e-09,0.7443362224419218,0.7443289688311134,0.6962178936411211,30.256049004313486,33.05124207914371,22.857138574389463,43.7500081974592,29.365377006618434,34.05370888903002
-127.683541408,0.0072661748044444445,0.0649924005130687,0.7374844706652539,0.6724920701521853,5.79992115552e-14,0.872039151879,322.20443382572205,75.83494784788942,0.1905212180991512,0.19052778011478796,398.03938167361156,398.6056418802286,-0.14206025884279105,1.5865221430070742,0.1931229665330048,0.08610737635831198,0.29344058403416523,0.19311640888048287,0.08610567480671044,0.2934376847078617,0.058893914139621424,0.7300391761065386,0.6711452619669172,0.20000000000000032,0.19999313933151858,318.43423615512944,79.60514551848209,-5.981389544773563e-05,4.223976723949363e-09,0.7433606011840345,0.7433532564435262,0.6950444828430767,30.189830940012136,33.12373633317199,22.75551227663674,43.945396079995426,29.296888173584307,34.13331798500208
-127.275335628,0.007322870051666668,0.06524263863950852,0.7365858885441329,0.6713432499046244,6.58009120734e-14,0.871233158616,321.49352577263744,75.64463470747573,0.19047435435573976,0.19048101426566635,397.1381604801132,397.7031508919798,-0.14206334815287658,1.586522143007755,0.1931229665331337,0.08588597831076186,0.2930630961256669,0.19311631071617555,0.08588425859043787,0.2930601620664908,0.05911642559190467,0.7291491302980498,0.6700327047061452,0.19999999999999984,0.1999930352684239,317.7132943447769,79.42486613533626,-5.981385253761573e-05,4.29074553665032e-09,0.7424043270560892,0.7423968943282663,0.6938923078524043,30.125772112906994,33.19416997022171,22.655264837419818,44.13985036927465,29.23430696540401,34.206386393335876
-126.8707782253,0.007379058579819445,0.06549009389393254,0.7356990971637197,0.6702090032697872,7.49173036596e-14,0.870439774734,320.7836140708928,75.4545882944494,0.19042734356259336,0.19043409967286412,396.2382023653421,396.8019247621442,-0.1420664471675659,1.5865221430077676,0.19312296653307512,0.08566807674069846,0.2926910943993658,0.19311621401833134,0.08566633937393144,0.2926881264655801,0.05933615049993013,0.7282702306656532,0.6689340801657231,0.20000000000000032,0.19999293282644282,316.99336217641974,79.24484018892231,-5.981385174935738e-05,4.260392039157068e-09,0.7414619508411056,0.7414544323001692,0.6927545617208164,30.063388255475246,33.263050442023165,22.556022658559023,44.33405725545961,29.174031546901297,34.27705897939959
-126.465254835,0.007435381272916668,0.06573760700628091,0.734813895620913,0.6690762886146321,8.57058224667e-14,0.869649759786,320.0666638948066,75.26265765171127,0.1903796494458993,0.1903865027107916,395.32932154651786,395.8917633564798,-0.14206959124217766,1.5865221430064282,0.19312296653322186,0.08545115888839772,0.2923203018751823,0.19311611628529785,0.08544940379343752,0.2923172998531519,0.05955556833838729,0.7273925593125591,0.6678369909741718,0.20000000000000004,0.19999282928541198,316.26629203094734,79.06302951557049,-5.9813936170716175e-05,4.336375702962414e-09,0.740522637846624,0.7405150329513811,0.6916184056112735,30.002296937884644,33.330781375517795,22.45713791552596,44.52927188502682,29.111734352668165,34.350409628148704
-126.0554558947,0.007492297792402777,0.06598720172039953,0.7339230760646736,0.667935874344274,9.85890385598e-14,0.868856622432,319.3367297171342,75.0672511358841,0.19033086576237998,0.19033781977865147,394.40398085301825,394.9651188847524,-0.1420728071680366,1.5865221430058811,0.19312296653329833,0.08523347015356185,0.2919477181852289,0.19311601495809752,0.08523169662918506,0.29194468076878033,0.059776464597044686,0.726508974278312,0.6667325096812673,0.20000000000000007,0.19999272186913328,315.5260552062016,78.87792564681665,-5.981397065424332e-05,4.3759884604810395e-09,0.7395787873677724,0.7395710928093493,0.6904745941705328,29.94242600891502,33.39742743965573,22.35818489651238,44.72634986375788,29.050517361810602,34.422794869553194
-125.641033269,0.007549856490416666,0.06623909399634328,0.7330259387115696,0.6667868447152263,1.13958493561e-13,0.868059699248,318.59302405646076,74.8681579348906,0.19028092569634042,0.1902879821541572,393.46118199135134,394.02099164668124,-0.14207609929368648,1.5865221430065726,0.19312296653323208,0.08501485921388952,0.29157307697023316,0.19311591205089843,0.0850130670147768,0.29157000362653357,0.059999017540501964,0.7256187625041521,0.6656197449636502,0.20000000000000007,0.19999261261163923,314.7718522436374,78.68932974771401,-5.9813927066887373e-05,4.341682569020122e-09,0.7386297246478892,0.7386219390764831,0.6893222043355579,29.88381518497291,33.462929475713345,22.25907279055911,44.92550113875978,28.990703534698838,34.49381622640184
-125.2242380709,0.007607744712375001,0.06649191728609924,0.7321273870640496,0.6656354697779503,1.32146493675e-13,0.867263281984,317.83945687760365,74.66642476314476,0.19023007872143233,0.19023724151279667,392.50588164074844,393.0643453054383,-0.14207945120432441,1.5865221430050456,0.1931229665333566,0.0847965379650594,0.29119845117215065,0.19311580510173645,0.08479472631569299,0.291195340477304,0.06022201431011421,0.7247267754263257,0.6645047611162115,0.19999999999999984,0.19999249910413372,314.0076494583438,78.4982321824046,-5.981402331212138e-05,4.406142117829859e-09,0.7376807009830194,0.7376728207915346,0.6881675163484146,29.826614516593544,33.527103769811575,22.160045143650176,45.12626186082224,28.932477859139023,34.56323391548456
-124.8078684505,0.007665573826319445,0.06674399195710733,0.7312334179700204,0.664489426012913,1.53400654438e-13,0.866472580355,317.08105933503816,74.46339848233956,0.19017865531139866,0.19018592503208775,391.5444578173778,392.10156686357885,-0.14208284110094338,1.5865221430042133,0.19312296653360808,0.08457996791659389,0.2908263535455374,0.1931156974648862,0.08457813680985138,0.2908232054184318,0.06044396982884719,0.7238389533526504,0.6633949835238032,0.20000000000000018,0.1999923848493727,313.2385479239258,78.305909893452,-5.981407577015929e-05,4.53637127861839e-09,0.7367380818278374,0.7367301068107968,0.6870182200090116,29.771147939648138,33.58956806190991,22.061555643658824,45.327719230326856,28.8761617865249,34.630641267103975
-124.3931600357,0.007723172217263888,0.06699459188333795,0.730346591442607,0.6633519995592692,1.77794067021e-13,0.865689733733,316.3201357970873,74.25969598154275,0.19012680619830646,0.19013418379434754,390.5798317786301,391.13558169465006,-0.14208625909515327,1.5865221430051202,0.19312296653333255,0.08436576534474757,0.2904578546790353,0.19311558894480194,0.08436391465335596,0.29045466884413473,0.06066424949608702,0.7229578346823144,0.6622935851862274,0.2000000000000001,0.19999226951227786,312.4668847954981,78.11294698313193,-5.9814018615877984e-05,4.393707619954057e-09,0.7358045792591991,0.7357965087185987,0.6858776013064357,29.71735144312296,33.650374324708366,21.963729943146703,45.529607338485235,28.821703949962508,34.69607493492073
-123.9793219474,0.007780649729527779,0.0672442149685076,0.7294651336395825,0.6622209186710749,2.01100429393e-13,0.864913039839,315.5552978917355,74.05494558787565,0.1900744316332408,0.19008191761901244,389.61024347961114,390.1646272735239,-0.14208971166523865,1.586522143006012,0.1931229665332979,0.08415349566017422,0.29009221923411566,0.1931154797005547,0.08415162541263604,0.2900889956765614,0.060883295128594736,0.72208165215211,0.6611983570235153,0.20000000000000018,0.19999215348974206,311.69125186446104,77.91899161515018,-5.981396240528625e-05,4.3757664158761145e-09,0.7348783304751589,0.734870164373358,0.6847433724962427,29.665064565610983,33.709685606389776,21.866449874994817,45.73216071729783,28.76893638405901,34.75971397239782
-123.5646695384,0.00783824034188889,0.06749389524163948,0.7285854008273543,0.6610915055857148,2.24777453857e-13,0.864139167423,314.7834456453962,73.8483174249867,0.19002131179795623,0.19002890614764206,388.63176307038293,389.1847682137417,-0.14209321343611192,1.5865221430044756,0.19312296653345234,0.08394228108142315,0.2897279432181562,0.1931153703515232,0.08394039143512372,0.2897246821296448,0.061102014199735426,0.7212067758683195,0.6601047616685841,0.20000000000000007,0.19999203737776775,310.90850498422316,77.7232580861598,-5.9814059238938455e-05,4.455724678109618e-09,0.7339555254749174,0.7339472642975325,0.6836108346374786,29.614623304723608,33.767101803401886,21.769999743637293,45.934773163801694,28.718182952477942,34.8211445569092
-123.1512677841,0.007895657252208334,0.06774240819872605,0.7277117022742031,0.6599692940754771,2.51871081673e-13,0.863371787305,314.0084443280139,73.6408462422212,0.18996770543264743,0.18997540858741332,387.6492905702352,388.2009114381311,-0.14209674723646426,1.5865221430010257,0.19312296653393068,0.08373315642102813,0.28936681983432055,0.19311526065024867,0.08373124735197796,0.28936352111483915,0.06131933677473913,0.7203374855706981,0.659018148795959,0.19999999999999998,0.19999192069553942,310.1225643928306,77.5267261774046,-5.981427669832229e-05,4.703415434903491e-09,0.7330407069040873,0.7330323503977602,0.6824855279044906,29.566480233738524,33.82208474240004,21.675117994268643,46.135850345286286,28.669903701382836,34.879782311642956
-122.7468393482,0.007951827868305556,0.06798514588869047,0.726860176735368,0.6588750308466775,2.81938433799e-13,0.862624907073,313.24498578093886,73.43646510868997,0.1899146311252749,0.18992243943866366,386.6814508896288,387.23170809934874,-0.1421002459795151,1.5865221429964507,0.19312296653446678,0.08352996139535972,0.28901550372836354,0.19311515432959123,0.08352803383051119,0.28901216900073806,0.061531246880776755,0.7194898451492271,0.6579585982684504,0.20000000000000004,0.19999180773363884,309.3483285091457,77.33312238048316,-5.9814565067650705e-05,4.981015599980765e-09,0.732150732694864,0.7321422849706308,0.6813882471961681,29.520022206649962,33.875313270419234,21.581039176078157,46.336971627782674,28.62726944397397,34.9317283633036
-122.3440170673,0.008007775407319444,0.06822655826270184,0.7260151426548825,0.6577885843921807,3.20548943664e-13,0.861884619808,312.47938144612965,73.23150953855244,0.18986114017055514,0.1898690526631857,385.71089098468207,386.25978070341426,-0.14210377216407055,1.5865221429954275,0.19312296653462604,0.0833289293936862,0.2886675066468102,0.1931150488865769,0.08332698367795602,0.2886641364595817,0.06174170035485762,0.7186480312537001,0.6569063308988425,0.20000000000000023,0.19999169568281028,308.57191585332794,77.13897513135416,-5.9814629549403975e-05,5.0634829662499214e-09,0.7312691664295662,0.7312606288770229,0.6802985089961572,29.47531523556532,33.926693981321236,21.488138331082972,46.53730279432734,28.587613345711663,34.98018487611897
-121.9389002497,0.008064041631986112,0.06846899539143565,0.7251683733243688,0.6566993779329331,3.77314254827e-13,0.861143604915,311.7042174077721,73.02399479472665,0.18980670634128338,0.18981472517849962,384.7282122024988,385.27571735532837,-0.1421073605644918,1.5865221429951701,0.19312296653459138,0.08312810543123858,0.2883194503172455,0.19311494137325577,0.08312614116175998,0.2883160438854556,0.06195270670863381,0.717804005838423,0.6558512991297891,0.20000000000000004,0.1999915812385192,307.7858086970526,76.9424035054463,-5.9814645769762365e-05,5.0455195577114864e-09,0.730387450073791,0.7303788207044357,0.6792059079575151,29.432109868288233,33.97649724994587,21.395930957912096,46.737858799745545,28.546035432987118,35.03113426547575
-121.5347197322,0.008120177814972223,0.06871053754265251,0.724326595022496,0.6556160574798434,4.49809530624e-13,0.860407622547,310.9256629124661,72.81557241094498,0.18975175380768544,0.1897598783569476,383.7412353234111,384.2873498541616,-0.14211098308537506,1.5865221429947305,0.19312296653463287,0.08292908725683554,0.28797410865707274,0.19311483427393294,0.08292710473579587,0.28797066645024083,0.062162580361625565,0.7169645112266614,0.6548019308650358,0.2,0.19999146734819437,306.99626258907335,76.74497273433775,-5.981467349203129e-05,5.0670134754682294e-09,0.7295126106749913,0.7295038906782374,0.6781191720983512,29.3899450560327,34.025242241639916,21.303347676596058,46.94097919166967,28.50485712467498,35.081740477638064
-121.1256926396,0.008176987133388889,0.06895464934862627,0.7234777526271167,0.6545231032784904,5.05649023309e-13,0.859666027917,310.132517298649,72.6032439221256,0.18969547995868005,0.18970371376181352,382.7357612207746,383.28045906761,-0.14211469276584898,1.5865221429937433,0.19312296653477273,0.08272903447022603,0.28762655383365776,0.19311472356908407,0.0827270330474576,0.28762307460886655,0.062374329683573315,0.7161175139395696,0.6537431842559962,0.2000000000000001,0.1999913495827169,306.1919198006634,76.54384142011118,-5.981473570892959e-05,5.139422221134282e-09,0.7286321647635011,0.7286233509907191,0.6770227239357206,29.348951280668857,34.07276772641159,21.210286387810097,47.14693529903097,28.4650473617077,35.13080401001683
-120.7066265751,0.008235190753458332,0.06920442713719728,0.7226111774962983,0.653406750359101,5.69143352426e-13,0.858909407136,309.31443746809947,72.38424043629509,0.18963712642050445,0.1896454767807579,381.6986779043946,382.241914530815,-0.14211853953464137,1.5865221429934913,0.19312296653483987,0.08252546872254933,0.2872724642609335,0.19311460565905694,0.08252344689136928,0.2872689452261927,0.0625906238002016,0.7152523374733942,0.6526617136731926,0.19999999999999996,0.19999122396333804,305.36229212510676,76.33638577928781,-5.981475159622107e-05,5.174194406265542e-09,0.7277351646484024,0.7277262500267613,0.6759027426074881,29.308516525521405,34.119775360490024,21.115525080320815,47.35851920310412,28.426044758712905,35.179006030850935
-120.2732497369,0.008295381980986111,0.06946240161569166,0.7217182604708319,0.6522558588551403,6.4171431785e-13,0.858130135831,308.46261743261266,72.15620455262423,0.18957602825911468,0.18958450587297832,380.61882198523693,381.1605371256422,-0.1421225671708659,1.5865221429929646,0.19312296653489797,0.08231642673151177,0.2869083943204028,0.1931144767461869,0.08231438233024385,0.28690483148640744,0.06281362422284242,0.7143603357831203,0.6515467115602779,0.19999999999999998,0.1999910867811474,304.49845012704935,76.12037185818762,-5.981478479188951e-05,5.204281450232884e-09,0.726812881690315,0.7268038561138777,0.6747480357044422,29.26857964905146,34.166331676857034,21.018486706903946,47.577164519248186,28.3878211111409,35.22637387649122
-119.8250210086,0.008357635971027778,0.06972888247013091,0.7207981463245394,0.6510692638544086,7.25558549804e-13,0.857327347218,307.5754172287705,71.91869724590532,0.18951202272388482,0.18952063985082185,379.4941144746758,380.0342449347443,-0.1421267865376774,1.586522142991431,0.19312296653507677,0.08210178279404537,0.28653408661805907,0.19311433559653038,0.08209971324578945,0.28653047524790354,0.06304356043067862,0.7134405909526695,0.6503970305219909,0.2,0.19999093642670343,303.59873115246285,75.89538332221301,-5.981488145900826e-05,5.296851846026129e-09,0.7258646638439052,0.7258555153128695,0.6735574149730243,29.230067001693513,34.211348196432894,20.920358515215334,47.80032805234681,28.351287420900743,35.271766856795146
-119.3750210086,0.008420135971027778,0.06999610408682193,0.7198777993381984,0.6498816952513765,8.37435892859e-13,0.856524408891,306.67840231397435,71.67856249884467,0.18944692225846965,0.18945568193170534,378.35696481281894,378.8954930617414,-0.1421310780370444,1.5865221429934393,0.19312296653490396,0.08188787120329301,0.28616056891768477,0.193114191084312,0.08188577600511315,0.28615690801571286,0.06327370593712008,0.7125200089260393,0.6492463029889192,0.1999999999999999,0.19999078263145403,302.68905930584185,75.66790550697718,-5.9814754871378994e-05,5.207390074701834e-09,0.7249184472760198,0.7249091732681319,0.6723657104815508,29.193547807250468,34.254144326769406,20.82204277367002,48.026027555016086,28.31700539049116,35.31446868092202
-118.9312865164,0.008481765761611113,0.07025932521914031,0.7189735211645386,0.6487141959453983,9.95028589765e-13,0.855735386467,305.78770845685455,71.4401199260451,0.18938189219044266,0.1893907935497174,377.22782838289965,377.7647657111321,-0.14213536490669254,1.586522142994062,0.1931229665347949,0.08167847142679815,0.2857944566061388,0.1931140471380816,0.08167635084242245,0.2857907466004147,0.06349998482282039,0.7116148933826933,0.648114908559873,0.20000000000000004,0.1999906295311896,301.78579750792005,75.44203087497965,-5.9814715624995074e-05,5.150924131669399e-09,0.7239909904659556,0.7239815920656123,0.6711940275383929,29.161542040211764,34.29173939502474,20.729316930943018,48.24085633556417,28.28893537092309,35.34950986624454
-118.531142046,0.008537341382499999,0.07049649581072116,0.7181607581977506,0.6476642623870295,1.20502318538e-12,0.855026000871,304.97927734182207,71.2236994427938,0.18932253022434448,0.18933154389446896,376.2029767846158,376.7384701266774,-0.1421392781792319,1.5865221429956313,0.19312296653447833,0.08149092879272929,0.2854661605037089,0.19311393270171737,0.08148878918737168,0.2854624129152062,0.06370352331449368,0.7108007394144155,0.6470972160999218,0.2,0.19999050763571166,300.9659524833947,75.23702430122118,-5.981461670412358e-05,4.986988599853248e-09,0.7231593318565239,0.7231498382493197,0.6701400954470791,29.132285939071995,34.32617687782639,20.63940375880757,48.45101203920507,28.267600397091346,35.37618991185743
-118.1446057908,0.008591026973500001,0.07072542517978936,0.717378027909167,0.6466526027293777,1.50504164461e-12,0.854342520635,304.1936420515458,71.01338149979854,0.18926453142495847,0.18927364834172863,375.2070235513443,375.74111362405665,-0.14214310155229448,1.586522142998779,0.1931229665341316,0.08131091691847211,0.28515069159739403,0.19311382703009503,0.08130876037437273,0.28514691016101285,0.06389971456655721,0.7100159744044291,0.6461162598378719,0.20000000000000007,0.19999039526611193,300.1692226046896,75.03780094665471,-5.981441830726908e-05,4.807443332310868e-09,0.7223601678396415,0.7223505884870405,0.6691242077153383,29.10476943419681,34.358629854838995,20.552982009324005,48.6547402000519,28.24672460386835,35.402334749390775
-117.7458007963,0.008646416556069444,0.07096144002867477,0.7165728825839216,0.6456114425552468,1.94547500975e-12,0.853639012309,303.3782483517469,70.79509710270293,0.18920400921855937,0.18921323727190406,374.1733454544499,374.70597910450556,-0.14214709125501823,1.586522142998048,0.19312296653418018,0.08112637067614528,0.2848269135389865,0.19311371335750524,0.08112419566552011,0.2848230953864523,0.06410165310265925,0.7092082202602636,0.6451065671576044,0.2000000000000001,0.1999902743845329,299.3423154296359,74.83103002481405,-5.98144643815246e-05,4.832600986048874e-09,0.7215399545997442,0.721530282235668,0.668078560272741,29.078150480650002,34.390082707132564,20.465964260402547,48.861611760692625,28.22344023383227,35.4315417155018
-117.3240729513,0.008704989867875,0.07121083379997799,0.7157240862902687,0.6445132524902908,2.57484978293e-12,0.852896710185,302.51067754494005,70.56284466992415,0.18913924593470582,0.18914860051533106,373.0735222148642,373.604606245698,-0.14215136054412936,1.5865221429981025,0.1931229665342644,0.08093250744649014,0.284486392374908,0.1931135843709163,0.08093031082028987,0.2844825316610668,0.06431468374057163,0.7083560977090367,0.6440414139684651,0.1999999999999997,0.19999013700272864,298.46249739502304,74.61102481984122,-5.9814460950935455e-05,4.87621054645615e-09,0.7206773267595005,0.7206675465766681,0.6669754773941936,29.052227815874065,34.420768222587135,20.376260538886353,49.076718374874794,28.201210136593208,35.45947124809457
-116.8844087367,0.008766054342125,0.07147064782905847,0.7148420053835521,0.6433713575544937,2.93920576882e-12,0.852124422661,301.6004195670926,70.31916469800862,0.18907088433365665,0.18908038091868287,371.9195842651012,372.44904243048467,-0.14215586699547478,1.5865221429994163,0.19312296653423666,0.08073179835590247,0.2841334164717386,0.19311343935683142,0.0807295769610614,0.2841295073748262,0.06453622850142408,0.7074699186654866,0.6429336901640625,0.2,0.1999899828033337,297.5393930037006,74.38019126140061,-5.981437813940005e-05,4.8618442605175005e-09,0.7197831478563091,0.719773245106692,0.6658283079773858,29.027931862631355,34.449577900771295,20.285105662271402,49.29725369190047,28.180908923030284,35.48501585705669
-116.4469736211,0.008826809219291666,0.07172899473947299,0.7139671676744964,0.6422381729350234,3.26373056573e-12,0.851357446986,300.6889355246322,70.07515650327879,0.18900200426637745,0.18901164048493752,370.764092027911,371.29192213819516,-0.1421604077041283,1.5865221430005803,0.193122966533914,0.08053350661786338,0.2837842606943933,0.19311329664056875,0.08053126115926076,0.2837803043892595,0.06475612184733438,0.7065903452802319,0.6418342234328975,0.2000000000000002,0.19998983100624176,296.61504392006646,74.1490481078446,-5.981430477586258e-05,4.694777899771907e-09,0.7188986463160447,0.7188886239758402,0.6646896896649712,29.00568561276913,34.475999407501384,20.193049906474346,49.52198923053112,28.162949739546274,35.50764423642048
-116.0107112756,0.008887401211722223,0.07198652101301299,0.7130973533534419,0.641110832340429,3.67440676862e-12,0.850593713098,299.7741164781411,69.83025551374443,0.1889324391305564,0.1889422146696444,369.60437199188556,370.13056808998965,-0.1421649935101299,1.5865221429995284,0.19312296653424055,0.08033712176009203,0.283438038661172,0.19311315432011136,0.08033485233272755,0.2834340352405257,0.06497492181033522,0.7057151454298619,0.6407402236195266,0.19999999999999998,0.19998967930548764,295.6873121673222,73.91705982456334,-5.981437106727938e-05,4.863864866422318e-09,0.7180215767054943,0.7180114350095578,0.6635567329451602,28.985459222254885,34.50005716080583,20.101781153830036,49.746835484251,28.14728695641694,35.52740274927359
-115.5737130163,0.008948095414402777,0.0722443711194334,0.7122286966588881,0.6399843255394547,4.18783652625e-12,0.849829668445,298.8519934154499,69.58339920758297,0.1888618753811681,0.1888717906942965,368.43539262303284,368.95994166303075,-0.14216964520147313,1.5865221429998992,0.19312296653406805,0.08014177005505085,0.28309321796018155,0.19311301105536674,0.08013947681455166,0.2830891676036928,0.06519360333052078,0.7048404193482561,0.6396468160177353,0.20000000000000026,0.1999895269325059,294.7521727471604,73.68321987587242,-5.981434769708471e-05,4.774536321860978e-09,0.7171480570305229,0.7171377964340049,0.6624243895253519,28.967472556960388,34.52147915333805,20.01172074181787,49.9707153073714,28.134107363088955,35.54404577669195
-115.1405135145,0.009008262011875,0.0724998953651714,0.7113701027610494,0.638870207395878,4.81503001617e-12,0.849073018703,297.9322204416252,69.33717203033966,0.1887910439899574,0.18880109813887153,367.2693924719649,367.7922986514792,-0.14217431453338314,1.5865221429982936,0.1931229665342531,0.07994944819558919,0.28275333454371354,0.1931128687935198,0.07994713136890513,0.28274923760976817,0.06540992498941126,0.7039751327136204,0.6385652077242092,0.2,0.19998937540235487,293.81941606709427,73.44997640487058,-5.981444889391341e-05,4.870348568886129e-09,0.7162870447692852,0.7162766661800695,0.6613042655825717,28.952036243282457,34.539884918527044,19.92369959139942,50.19148152744061,28.12880457116177,35.55074647662847
-114.7205541004,0.009066589708277778,0.07274755472772657,0.7105400791447475,0.637792524417021,5.53903668047e-12,0.848340023837,297.0351978695008,69.0970352333644,0.18872153005428377,0.1887317133400064,366.1322331028652,366.6535370574435,-0.14217889693960428,1.586522142999328,0.19312296653407965,0.07976425745655596,0.28242566713483386,0.19311273579289082,0.0797619191818627,0.28242152747597465,0.0656192952222024,0.7031376517815879,0.6375183565593855,0.19999999999999987,0.199989233969312,292.9097282731496,73.22250482971558,-5.98143837016174e-05,4.7805537306544466e-09,0.7154569788025924,0.7154464919801623,0.6602201364562836,28.938656674032764,34.5558541733321,19.837015102458157,50.410810035431304,28.126940625403478,35.553102390980534
-114.3040095196,0.009124443122277778,0.07299316092937909,0.70971901347408,0.6367258525447008,6.3615741171e-12,0.847613316115,296.1402791464306,68.85746164584727,0.18865174753241667,0.18866205686398024,364.99774079227785,365.5174462800696,-0.14218349714381073,1.5865221429985434,0.19312296653426303,0.07958177938931679,0.2821024271241153,0.19311260571100486,0.07957942050460379,0.28209824619200274,0.06582658695914444,0.702308484834738,0.6364818978755935,0.1999999999999999,0.19998909574017937,292.0021726640218,72.99556812825602,-5.981443315095092e-05,4.87550000372039e-09,0.7146381285761135,0.7146275371978991,0.6591467698832213,28.927240988249817,34.56949110377301,19.751707949972644,50.62853311383561,28.122242344177085,35.55904211909536
-113.8816560492,0.0091831033265,0.07324216763068576,0.7088886834578952,0.6356465158272094,7.31200038465e-12,0.846876605657,295.227627092096,68.61314076932585,0.18858013403121152,0.18859057231974036,363.84076786142185,364.35884320757,-0.1421882179631906,1.586522142998022,0.19312296653428987,0.07939797122882017,0.28177645612935825,0.19311247278185373,0.07939559118612141,0.28177223281601294,0.06603639312872611,0.7014692601565441,0.635432867027818,0.19999999999999998,0.19998895417126558,291.0766332119459,72.76413464947598,-5.981446601355245e-05,4.889399995988697e-09,0.7138123600634563,0.7138016613226602,0.6580603834563221,28.91750309225683,34.58113229242699,19.666368712820194,50.84822798771773,28.118827399353822,35.56336065503856
-113.4499101856,0.009243068029777778,0.07349669883377484,0.7080421096441084,0.6345454108103336,8.47453775679e-12,0.846123446176,294.2892379170274,68.36192995500421,0.1885060245528481,0.18851659938004825,362.65116787203164,363.1675671062705,-0.1421931034077617,1.5865221429970908,0.19312296653431918,0.07921132825898868,0.2814450714775241,0.1931123316238847,0.07920892573826763,0.2814408032575725,0.06625048853526865,0.7006128785305207,0.6343623899952521,0.2000000000000001,0.19998880424899299,290.1249944498031,72.52617342222842,-5.981452471104376e-05,4.904587846965569e-09,0.712972877362652,0.7129620648618524,0.6569517871543611,28.90963551442268,34.59054333290061,19.580405317012186,51.071465774570186,28.117632464201137,35.564872016631625
-113.011232527,0.00930399548236111,0.07375532786715515,0.7071841696571216,0.6334288417899665,9.93579451968e-12,0.845357921875,293.33017639182094,68.10518506377035,0.18842977839659525,0.18844049577506927,361.43536145559125,361.9500476535869,-0.1421981296403363,1.586522142996573,0.1931229665343963,0.07902297095864241,0.28111024698264275,0.19311218415565048,0.07902054489181456,0.2811059317976313,0.0664676525783865,0.6997442223584356,0.6332765697800491,0.20000000000000015,0.19998864772463884,289.1523922782215,72.28296917736974,-5.9814557351600683e-05,4.94451146693109e-09,0.7121246806531704,0.7121137491777743,0.6558273013050168,28.90414165131306,34.5971180207862,19.49425296054487,51.29716958243727,28.119137838369596,35.562968030814346
-112.5718006007,0.009365027694347222,0.07401443975388802,0.7063269275173331,0.6323124877634451,1.17713700142e-11,0.844590609249,292.36382981707703,67.84648993335055,0.1883524324909906,0.18836329437766278,360.2103197504276,360.72327990007926,-0.14220322841204114,1.5865221429973,0.19312296653423805,0.07883557048141117,0.2807767271007538,0.19311203491856235,0.07883312048072617,0.2807723641684241,0.06668483988165877,0.6988754731445543,0.6321906332628956,0.20000000000000018,0.1999884889272625,288.1724022075335,72.03791754289406,-5.981451153269646e-05,4.862577007713753e-09,0.711279788864518,0.7112687364328633,0.6547026950122549,28.900842569497872,34.601067342424344,19.4085118431689,51.523785444269606,28.123171462337,35.557867338654034
-112.1365501147,0.009425479150736112,0.07427114519906096,0.7054799303251172,0.6312087851260563,1.40569974955e-11,0.843829946809,291.4011477771162,67.58877581471832,0.18827485501115518,0.1882858587163355,358.98992359183444,359.50116423855434,-0.1422083424410303,1.5865221429961558,0.19312296653425584,0.07865120476146659,0.2804482211772194,0.19311188770043647,0.078648731606038,0.2804438118519252,0.06689963287098581,0.6980163011873372,0.6311166683163514,0.19999999999999973,0.1999883327564194,287.1961272963491,71.79379629548536,-5.981458365278414e-05,4.871791858818142e-09,0.7104475987241705,0.7104364287671839,0.6535904865930598,28.899826658080094,34.60228366872956,19.323843444597298,51.749539519250625,28.13218399317976,35.546475888343245
-111.7055361052,0.009485342207611111,0.07452543556316454,0.7046431473486024,0.630117711785438,1.68956831465e-11,0.843075859914,290.44244140929055,67.33212600071367,0.18819707193874424,0.18820821421032638,357.77456741000424,358.284095654777,-0.14221346996761142,1.5865221429965615,0.19312296653446928,0.07846984567200319,0.28012469664776646,0.1931117438979254,0.07846735006480274,0.280120242154691,0.06711207283890057,0.6971665413167447,0.6300544684778442,0.19999999999999993,0.1999881799098041,286.22388285565995,71.55068455434426,-5.981455807324565e-05,4.98230345868933e-09,0.7096280277384343,0.7096167433598207,0.6524904622328079,28.901005925107928,34.600871768661996,19.240369193791018,51.97405465185699,28.147980159061653,35.526527812975985
-111.2752112616,0.009545109547,0.0747794160211188,0.7038096037618848,0.629030187740766,1.98054097387e-11,0.842321966969,289.479942648892,67.07446094679693,0.1881184477610752,0.18812972948226084,356.55440359568894,357.06221266478394,-0.14221865296391023,1.5865221429961749,0.1931229665344884,0.07828996872276431,0.2798034465884298,0.1931115985337691,0.07828745070684015,0.2797989469366176,0.06732395669608252,0.6963190058881116,0.6289950491920291,0.20000000000000004,0.19998802590158554,285.24779229406994,71.30661130161901,-5.981458244264104e-05,4.992206648068986e-09,0.7088142185714954,0.708802819794167,0.6513933174396445,28.90427980506364,34.59695265698381,19.157714593817424,52.19829302200378,28.164105077939173,35.506187653847945
-110.8419569707,0.009605283754069445,0.0750352450984588,0.7029722319447814,0.6279369868463226,2.17062964723e-11,0.841561722327,288.5055470057235,66.81361104628125,0.18803830171325123,0.18804972642648102,355.3191580520047,355.82522669573825,-0.14222393629396146,1.586522142997063,0.19312296653441133,0.07811005608080594,0.2794817634136545,0.19311144968797736,0.07810751498020127,0.27947721728291425,0.06753702531559995,0.6954667314096551,0.6279297060940552,0.20000000000000012,0.19998786789002762,284.25963721270455,71.05952083930015,-5.981452646519614e-05,4.952283028103466e-09,0.7079993122115629,0.7079877956911349,0.6502900378896829,28.909755905061328,34.590399285416545,19.075446546724447,52.42341234584182,28.17886739155416,35.48758671186772
-110.4043692113,0.00966605983176389,0.07529377367920141,0.702128308230645,0.6268345345514436,2.35242210158e-11,0.840792438632,287.51599408805873,66.54870347822914,0.18795633661209593,0.1879679080987166,354.06469756628786,354.5689987115223,-0.14222933958326633,1.5865221429974812,0.19312296653430472,0.07792954272179872,0.2791586336150088,0.19311129645543884,0.07792697801532014,0.2791540399408902,0.06775198035079605,0.6946069112683391,0.6268549309175431,0.20000000000000026,0.19998770560838297,283.2561110630799,70.80858650320793,-5.9814500108501534e-05,4.897082739319103e-09,0.7071807411806594,0.7071691042206052,0.649176990388547,28.917388919331312,34.581268827196865,18.99327349620121,52.65021852078354,28.196235443357455,35.46572740211611
-109.9635416087,0.009727285887680556,0.07555438176220339,0.7012799207709048,0.6257255390087014,2.50899147938e-11,0.840015810971,286.51364970415324,66.28037157974306,0.18787271773635497,0.18788443943055907,352.7940212838963,353.29653208292154,-0.14223485185732576,1.5865221429972096,0.19312296653443017,0.07774889726037995,0.2788348924729112,0.19311113933281357,0.07774630835683506,0.2788302500749068,0.06796829884845568,0.693741637278328,0.6257733384298724,0.19999999999999998,0.1999875393531993,282.23961306880966,70.55440821508665,-5.9814517228140573e-05,4.962052990720167e-09,0.7063606214592862,0.7063488610690761,0.6480568828144626,28.92752098351461,34.56915649875031,18.911435027230578,52.87806020855106,28.216541050429086,35.44020502770991
-109.5218907227,0.00978862628851389,0.0758156683992684,0.7004316689634881,0.6246160005642196,2.69290484373e-11,0.839235890891,285.5039678079511,66.01007539760937,0.18778787554444193,0.18779974999609317,351.5140432055604,352.01475055236006,-0.1422404447580461,1.5865221429974685,0.19312296653439193,0.07756911185664617,0.27851231903929524,0.1931109801762892,0.07756649835388052,0.27850762710180943,0.06818481466350788,0.6928755740179279,0.62469075935442,0.19999999999999996,0.19998737034653052,281.21567406500367,70.29836914055674,-5.981450090786211e-05,4.942246611960854e-09,0.7055434598443447,0.7055315739578648,0.6469357535205905,28.93998243329845,34.55427114735897,18.830118434406874,53.106410534984974,28.23960849372856,35.41125579775936
-109.0811205676,0.00984984436561111,0.07607664505528204,0.6995867667571748,0.6235101217018928,2.93680201335e-11,0.838455512353,284.4908807805429,65.73886764725363,0.18770212394109742,0.18771415213684248,350.22974842779655,350.72864624020025,-0.1422460975890827,1.5865221429957685,0.19312296653460126,0.07739086779603932,0.2781921418660838,0.19311081919749934,0.0773882296507767,0.27818740023728017,0.06840071086194222,0.6920119892252383,0.6236112783632961,0.19999999999999982,0.1999871999553236,280.18828169866407,70.04146672913244,-5.981460805548622e-05,5.050648788085255e-09,0.7047323685743786,0.7047203568069882,0.645817832632621,28.954818808342935,34.53656562726836,18.749586802677474,53.3345086760631,28.27009342756745,35.37307022214701
-108.6411674418,0.009910948966416668,0.0763373740053188,0.6987450034186289,0.6224076294133101,3.35084348796e-11,0.837674393888,283.4743097415637,65.46672721203545,0.1876154429515866,0.18762762629849114,348.94103695359917,349.4381190089455,-0.14225181178176838,1.586522142993963,0.1931229665347188,0.0772141171947576,0.27787428307556206,0.19311065709414404,0.07721145408798177,0.27786949110685355,0.06861611381813966,0.6911503774010347,0.622534263582895,0.20000000000000026,0.1999870279000687,279.15735606088083,69.78368089271834,-5.981472185334624e-05,5.111511214295206e-09,0.703927150365072,0.703915011073733,0.6447024657761756,28.97191255826952,34.51618867027706,18.66985589202366,53.56227738357804,28.305874011103036,35.32835621354592
-108.2009934721,0.009972084239986112,0.07659848585707023,0.697904337692508,0.6213058518354379,3.56771908415e-11,0.836890522149,282.4519043964382,65.19302490801608,0.18752761629070827,0.18753995780933735,347.64492930445425,348.14018518140364,-0.1422576014002308,1.5865221429962941,0.19312296653446864,0.07703842973555522,0.27755797544937383,0.1931104912392379,0.07703574129575588,0.2775531323832536,0.06883151739920085,0.6902887630755398,0.621457245676339,0.20000000000000007,0.19998685239185224,278.12051414286844,69.5244151615858,-5.981457492643116e-05,4.9819703917819425e-09,0.7031258616546631,0.7031135929204154,0.6435870956822543,28.99125327732898,34.4931621421829,18.590961906642903,53.78957823815889,28.340019546120153,35.28579076569139
-107.7610360297,0.010033189440319445,0.07685974806283899,0.6970655281291688,0.6202057800663298,3.78395309609e-11,0.83610450077,281.42471822099645,64.91804275515315,0.1874387169871399,0.18745121860789005,346.34276097614963,346.8361821355663,-0.14226346178143334,1.5865221429963585,0.19312296653445202,0.07686396487968736,0.27724351188023744,0.19311032374648027,0.07686125072400928,0.2772386169421736,0.06904669632291613,0.6894280473805948,0.6203813510576787,0.20000000000000026,0.19998667465726577,277.0788239169132,69.2639370592364,-5.981457087411712e-05,4.973355061110851e-09,0.7023292444158681,0.7023168442766231,0.6424728888760721,29.01292776729805,34.46739357091534,18.512805718341596,54.01666366591036,28.37468544228533,35.242681439905994
-107.3209311479,0.010094315118347222,0.07712139314601246,0.6962278253502392,0.6191064322042268,4.00895314057e-11,0.835315514556,280.3919411170446,64.64156388667757,0.1873486573020792,0.18736132297513272,345.03350500372215,345.52508145920683,-0.142269398623307,1.586522142995351,0.1931229665345704,0.07669056674435114,0.27693061720284945,0.19311015194655484,0.0766878263517341,0.27692566936225704,0.0692618461214573,0.6885674481870226,0.6193056020655654,0.2,0.1999864925991332,276.0314645088423,69.00204049487986,-5.98146343677719e-05,5.034661576530652e-09,0.7015366015840798,0.7015240674291002,0.6413588328821416,29.036819250969224,34.43903381278998,18.435323419590958,54.24369170205683,28.41205192819772,35.19633156123947
-106.8799683673,0.010155559948986112,0.07738386829994842,0.6953898125644444,0.6180059442644961,4.29816573099e-11,0.834522112333,279.35192721201787,64.36314769548122,0.18725727323074987,0.18727010608988776,343.71507490749906,344.2047937330009,-0.14227542277684968,1.5865221429975385,0.19312296653426628,0.07651794509537367,0.2766187721312017,0.19310997626331267,0.07651517786601028,0.27661377020316663,0.06947733530137604,0.6877054914658267,0.6182281561644507,0.20000000000000018,0.19998630674277895,274.9767665049307,68.73830840256835,-5.9814496500276704e-05,4.87718754271782e-09,0.7007466176740513,0.7007339465016444,0.6402430195529423,29.0631157244484,34.40787317785004,18.359231136720783,54.46851191931854,28.452147045928086,35.14673245522659
-106.4451731401,0.010215948174986111,0.07764301398510565,0.6945647466810299,0.6169217326959242,4.68353146023e-11,0.833736843563,278.321379156959,64.08726555303804,0.18716602674362015,0.18717902467165293,342.408644709997,342.8965228129675,-0.14228143784257297,1.5865221429976868,0.19312296653425692,0.07634881668738697,0.27631289634649153,0.19310980350559143,0.07634602299046422,0.27630784098621636,0.06968975411528941,0.6868558162101265,0.617166062094837,0.2000000000000002,0.19998612314720324,273.93166732235665,68.47697738764042,-5.9814487152198836e-05,4.8723469703304545e-09,0.6999717555057586,0.6999589489757213,0.639143104727973,29.091325555155915,34.37450789597203,18.285070305146927,54.68942603510349,28.498034737537512,35.09013899413925
-106.0254430788,0.010274244016833333,0.07789352737359471,0.6937693761991662,0.6158758488255716,5.1835121264e-11,0.832975891824,277.3217899758316,63.819671234027815,0.18707685371250718,0.18709000320102362,341.1414612098595,341.6275538877526,-0.14228731621946933,1.5865221430004333,0.1931229665338505,0.07618655447655538,0.27601911976628607,0.1931096434494025,0.07618373709316552,0.2760140161172355,0.06989483086820908,0.6860355091964158,0.6161406783282066,0.20000000000000007,0.19998595381948034,272.91796070243447,68.22350050742499,-5.9814314035122607e-05,4.66189309378251e-09,0.699227543739707,0.6992146148817603,0.6380812074455505,29.121562814175817,34.338816442681406,18.212221362855402,54.90818390992888,28.550150078915365,35.0260855804927
-105.6056147098,0.010332553512527778,0.07814445486462734,0.6929748409673319,0.6148303861027045,5.83544752421e-11,0.832211751571,276.31733669476625,63.55077477479849,0.18698657694012427,0.1869998777325441,339.8681114695647,340.35241003436886,-0.14229326736813208,1.586522143002679,0.19312296653369795,0.07602522921680835,0.27572672923894836,0.19310948416074702,0.07602238816155772,0.2757215772505984,0.070099992367278,0.6852148631993777,0.6151148708320997,0.20000000000000004,0.1999857845849055,271.8993205419337,67.96879092763103,-5.981417248168697e-05,4.582911827810676e-09,0.6984868432026708,0.698473791888825,0.6370188713448104,29.15291124251078,34.30189155660722,18.142157527768457,55.12023575307381,28.599845758209767,34.96522353491867
-105.1954839329,0.010389516120430554,0.07838994817814421,0.6921996091690334,0.6138096609908892,6.6271529099e-11,0.831462244954,275.3316489971399,63.286901942760075,0.1868973267031451,0.18691077037995996,338.6185509399,339.10108891016176,-0.14229915091473755,1.5865221430047771,0.19312296653347202,0.0758685644022362,0.2754424883750439,0.19310933292190507,0.075865701564202,0.27543729152785756,0.07030041606971835,0.6844131683884856,0.6141127523187673,0.20000000000000015,0.19998562434931252,270.8997086139246,67.7188423259754,-5.9814040243022504e-05,4.465916525475677e-09,0.6977667878627849,0.6977536229099489,0.635981067782277,29.186215588098936,34.26274972106227,18.073062921582675,55.330964338413814,28.64842653446873,34.90593100451213
-104.7887452757,0.010446007600597223,0.07863378439251682,0.6914316524117214,0.6127978680192047,7.55545419238e-11,0.830715868512,274.3498180830568,63.02406158829524,0.1868077684309444,0.1868213502942683,337.37387967135203,337.8546639355869,-0.14230505467479615,1.586522143006001,0.19312296653336994,0.0757140938047167,0.27516194105420305,0.19310918661642462,0.0757112099701096,0.2751567007545148,0.0704992024916097,0.6836180227004109,0.6131188202088013,0.20000000000000015,0.19998546884430946,269.90400616945306,67.46987350189897,-5.981396309362452e-05,4.413047705043027e-09,0.6970560892190807,0.6970428141898624,0.6349517421377395,29.221553814835435,34.22131507231186,18.005102788392342,55.53981067215496,28.69945868645507,34.843862768462515
-104.3750972507,0.010503458715180557,0.07888215157702355,0.6906514830077803,0.6117693314307568,8.62539406715e-11,0.829953529109,273.3469567607349,62.75559130306722,0.18671560708059365,0.18672933294679953,336.1025480638021,336.581541058441,-0.1423111300556279,1.5865221430072374,0.19312296653311647,0.07555790614552119,0.2748779841048046,0.19310903368840618,0.07555500042031829,0.2748726985721177,0.07070140097466864,0.6828092287669064,0.6121078277922378,0.2,0.19998530677673196,268.88697688082135,67.21557118298075,-5.9813885167070424e-05,4.281819343532334e-09,0.6963367531077859,0.6963233634917282,0.633904748675744,29.259275030305215,34.177196768007846,17.93702295216417,55.75061160744884,28.7536376003025,34.77820837491113
-103.9466100071,0.01056297083234722,0.07913985584400952,0.6898441550308649,0.6107042991868554,9.84060285417e-11,0.82916019268,272.30353044810226,62.47626159572509,0.18661897486197757,0.1866328588843987,334.7797920438273,335.2569213135241,-0.1423175002107091,1.5865221430091052,0.19312296653286257,0.07539706725898636,0.27458526409657597,0.193108866102063,0.07539413710863363,0.27457992845186924,0.07091090803028335,0.6819712005431812,0.6110602925128978,0.20000000000000004,0.19998512909605914,267.8288121131907,66.95097993063663,-5.981376743902089e-05,4.150346732956223e-09,0.695595217910766,0.6955817013480511,0.6328199110738887,29.300446546973497,34.12917268673136,17.867826600581523,55.96651581381779,28.816897881938306,34.70186152919584
-103.4995941362,0.010625056369972222,0.07940918917306297,0.6890027470032846,0.6095935578302216,1.11948008229e-10,0.828328443865,271.2100524817114,62.18353284556924,0.18651688449412093,0.1865309453085465,333.3935853272806,333.8687614716096,-0.142324230106039,1.5865221430080632,0.193122966532903,0.07523029128403039,0.27428140892891445,0.1931086803872428,0.07522733313335947,0.2742760163290977,0.07112962366829269,0.6810963379913445,0.6099667143230518,0.2000000000000001,0.1999849310373788,266.7198921572999,66.67369316998068,-5.981383311981503e-05,4.171285539200653e-09,0.6948254744860478,0.6948118136413655,0.6316873909914517,29.34473322907537,34.0776653920704,17.797956549705017,56.18622549208179,28.887393563974197,34.61717644360658
-103.0495941362,0.010687556369972222,0.0796808429119413,0.6881565266302156,0.6084756837182743,1.26239587308e-10,0.827486843937,270.1042360904404,61.8875010460888,0.18641277514879243,0.18642702533186623,331.99173713652914,332.46493811708507,-0.1423310930878552,1.586522143010029,0.1931229665327838,0.07506344149060376,0.2739770820535976,0.1931084837244238,0.07506045401644043,0.2739716299481398,0.07134995277205826,0.6802150215756865,0.6088650688036282,0.19999999999999993,0.19998472020936206,265.5984624734603,66.39327466306887,-5.981370920782325e-05,4.1095571390314944e-09,0.6940545361043083,0.6940407245165061,0.6305465163049789,29.392777068876008,34.02196388781853,17.72757776096841,56.40928577404095,28.958476397867656,34.53220349927093
-102.5995941362,0.010750056369972224,0.07995306252777991,0.687311023828768,0.6073579613009881,1.41055244832e-10,0.826640841404,268.9934140454827,61.59012921153772,0.1863073055746545,0.18632174556979095,330.58354325702044,331.0547601331201,-0.14233804579949494,1.5865221430084968,0.19312296653281932,0.07489761630906157,0.27367428872486643,0.19310828781708222,0.07489459945872443,0.27366877691604574,0.07157041805853093,0.6793331604299726,0.6077627423714417,0.2,0.19998450870774595,264.47195577189933,66.11158748512112,-5.9813805786124163e-05,4.127942432319287e-09,0.6932874825911722,0.6932735197593699,0.6294049364587054,29.443677310451843,33.96314901349032,17.657960180908557,56.631682807914615,29.0299857694465,34.44714055121862
-102.1495941362,0.010812556369972224,0.08022586594440907,0.6864661955409921,0.606240329596583,1.51990888603e-10,0.825790335125,267.87763716378447,61.29143094601996,0.18620045710241015,0.18621508379649507,329.16906810980436,329.63829203103995,-0.1423450893233702,1.5865221430103778,0.19312296653284727,0.0747328050080592,0.27337301441082146,0.19310809242920837,0.07472975925411185,0.2733674436616618,0.07179103560591148,0.6784506902405903,0.6066596546346789,0.19999999999999998,0.19998429956716327,263.3404225846893,65.82864552511508,-5.9813687225407364e-05,4.142419740560399e-09,0.6925242771335941,0.6925101649907279,0.6282625681980969,29.49695764721388,33.901801397963986,17.58923149216352,56.85296713762208,29.104507237561904,34.35893938480473
-101.6995941362,0.010875056369972222,0.08049927741251939,0.6856219606071909,0.6051226831946716,1.64712883154e-10,0.824935218186,266.75695713335364,60.99142008639051,0.18609221074952215,0.18610702773567744,327.74837721974416,328.2155994285707,-0.14235222507401613,1.5865221430093301,0.19312296653286662,0.07456899149297189,0.27307323466969785,0.19310789530289862,0.07456591637322058,0.273067604034643,0.0720118305068333,0.6775675106370003,0.6055556801301669,0.2,0.1999840866643289,262.2039173457377,65.54445987400648,-5.981375326147287e-05,4.152433952242518e-09,0.6917648578142865,0.6917505939650188,0.6271192815922857,29.552798043199708,33.83774350361747,17.52147523228787,57.07281988204054,29.18591464425229,34.263103013526234
-101.2495941362,0.010937556369972222,0.08077331929542746,0.6847782680407316,0.6040049487453042,1.7998908697e-10,0.824075383328,265.631426516599,60.69011070403294,0.18598254721691646,0.18599755183071903,326.3215372206319,326.78674905310413,-0.14235945423742846,1.5865221430071785,0.19312296653307234,0.07440616368707836,0.2727749322923174,0.19310769819470222,0.07440305953025138,0.2727692422731188,0.07223287706683329,0.6766833243980285,0.6044504473311951,0.19999999999999993,0.19998387563117836,261.06249150532614,65.2590457153058,-5.9813888875215326e-05,4.258970953685548e-09,0.6910091810379674,0.6909947667533638,0.6259746918846398,29.610997942449455,33.77123600979451,17.454622598140887,57.291413456657104,29.27482819633906,34.15903906568627
-100.7995941362,0.011000056369972222,0.08104801273374385,0.6839350501463496,0.6028870374126057,1.97964854763e-10,0.823210733215,264.50109875252906,60.38751710475376,0.18587144688160082,0.1858866432541799,324.88861585728284,325.35180874466624,-0.14236677803347586,1.586522143006,0.1931229665334997,0.07424430701280274,0.27247808538082974,0.19310749868378665,0.07424117338942017,0.2724723350900421,0.07245420906652218,0.6757979964014096,0.6033437873348874,0.2000000000000001,0.1999836602992713,259.9162012685795,64.9724145887033,-5.9813963160237904e-05,4.480238402493342e-09,0.6902571913317398,0.6902426243636729,0.6248286241577179,29.67165623824106,33.70219686999448,17.388750673648076,57.50844432518422,29.36355797445331,34.05581846961507
-100.3495941362,0.011062556369972222,0.08132337932064584,0.6830922489892434,0.6017688696685976,2.19422916577e-10,0.822341174048,263.36602815800745,60.083653829297845,0.1857588897912597,0.18577428021648562,323.44968198730527,323.91084745858456,-0.1423741979923121,1.586522143004675,0.19312296653336739,0.07408340817751663,0.27218267427872156,0.19310729646122593,0.07408024510762055,0.2721768636523328,0.07267578413075501,0.6749116961438157,0.6022359120130607,0.20000000000000023,0.19998344226331483,258.7651011845095,64.68458080279582,-5.9814046671213816e-05,4.4117376418739696e-09,0.6895088389005913,0.6894941190869021,0.6236812978280096,29.735014685661913,33.630385273769356,17.32396766844561,57.72349724603964,29.45151475760983,33.95411095932222
-99.89959413625,0.011125056369965278,0.0815994517727676,0.682249791661228,0.6006503398884604,2.33113140566e-10,0.821466609993,262.2262699311637,59.77853565458283,0.18564485565934954,0.18566043517036832,322.0048055857465,322.46393526801234,-0.1423817153022644,1.586522143005623,0.19312296653332187,0.07392345083355394,0.27188867360291774,0.1931070974231,0.07392025846146369,0.2718828028056642,0.07289762706869138,0.6740243243918432,0.6011266973231518,0.2,0.1999832283519133,257.60924501987876,64.39556056586778,-5.981398691901063e-05,4.388156504830931e-09,0.6887640594426532,0.6887491872006609,0.6225325844358444,29.80077800806306,33.556170906995604,17.260152865869173,57.93691445093947,29.542592351851543,33.849432984418726
-99.44959413625,0.011187556369965278,0.08187623854180939,0.6814076306464824,0.599531392104673,2.45036673117e-10,0.820586972066,261.08188015158726,59.47217759331339,0.18552932385788673,0.18554509986188844,320.5540577449006,321.01114336533885,-0.14238933130057418,1.5865221430045642,0.1931229665334265,0.07376442414912363,0.2715960679927521,0.19310689235056674,0.07376120206002446,0.27159013616113614,0.07311975412592642,0.673135816163426,0.6000160620374996,0.20000000000000023,0.19998300685171833,256.44869341855605,64.10536432634457,-5.981405366561887e-05,4.442357592893131e-09,0.6880228140454002,0.6880077871876432,0.6213823998610757,29.86905779435742,33.479462488733425,17.197384687920078,58.148376520438475,29.64280904649239,33.7349944950082
-98.99959413625,0.011250056369965278,0.08215377430404529,0.680565688058244,0.5984119137541988,2.57554267834e-10,0.819702176966,259.9329157824862,59.164594894723784,0.18541227341185063,0.18542824596757135,319.09751067721,319.5525440648952,-0.1423970474141445,1.5865221430036942,0.19312296653344488,0.07360631056460534,0.2713048296005903,0.19310668766994774,0.07360305856432686,0.27129883627529044,0.07334227986024748,0.6722457132262356,0.5989034333659882,0.19999999999999987,0.1999827848251909,255.28350186119542,63.81400881601454,-5.981410849953406e-05,4.451861101983923e-09,0.6872850321636,0.6872698495264985,0.6202301509167553,29.939995626061286,33.40013847996522,17.13572977945431,58.35759625475637,29.74931765306452,33.614216354874564
-98.54959413625,0.011312556369965279,0.08243207667917957,0.6797239162527384,0.5972918395735589,2.70626773071e-10,0.818812160797,258.7794346715763,58.85580304498035,0.18529368299338567,0.18530985254311755,317.6352377165567,318.08821080373735,-0.14240486500147753,1.5865221430015808,0.19312296653383249,0.07344909823892351,0.27101494098835865,0.1931064814556588,0.07344581657105559,0.27100888651676275,0.07356517713429245,0.6713541241319932,0.5977889469977008,0.19999999999999993,0.1999825618768798,254.11372913562795,63.52150858092871,-5.981424170409255e-05,4.6525672203756585e-09,0.6865506696221193,0.6865353320856962,0.6190759781238017,30.013430356492456,33.31841739255512,17.075131294159938,58.56470341414133,29.853562988320924,33.49683923460701
-98.09959413625,0.011375056369965277,0.08271117418758274,0.6788822447448282,0.5961710705572454,2.84204355849e-10,0.817916858295,257.6214955518496,58.54581776703603,0.18517353091458527,0.18518989561539176,316.1673133188856,316.6182181429126,-0.14241278555343628,1.5865221430022305,0.193122966533665,0.07329277090284739,0.27072637644464453,0.1931062763517961,0.07328945930924721,0.2707202602489278,0.07378843192522469,0.6704611049674267,0.5966726730422021,0.1999999999999999,0.19998234004343085,252.93943415613023,63.227879162755315,-5.9814200759067404e-05,4.565836597691941e-09,0.6858196612873255,0.6858041673878018,0.6179199540883537,30.089280061901896,33.23442760819554,17.01556768856703,58.769711261053736,29.9584620761961,33.37955057427876
-97.64959413625,0.011437556369965279,0.08299108114311114,0.6780406299871737,0.5950495488440626,2.9824102725e-10,0.817016220643,256.45915804218225,58.23465502133815,0.18505179512246583,0.1850683563730755,314.6938130635204,315.1426417682424,-0.1424208105268332,1.5865221430028706,0.1931229665336467,0.07313731732454792,0.27043911944196963,0.19310606834351796,0.07313397576033728,0.2704329413372884,0.07401206080260439,0.6695665894578161,0.5955545286552117,0.19999999999999984,0.19998211619561582,251.7606783734101,62.933134690110336,-5.981416040246046e-05,4.5563552930616424e-09,0.685091965290858,0.6850763145599771,0.6167619930160785,30.16754664863841,33.148204315286414,16.957065599956884,58.97246750065899,30.068685957696406,33.25718993530009
-97.19959413625,0.011500056369965279,0.0832718263593422,0.6771990030512067,0.5939271766918646,3.12812749555e-10,0.816110197456,255.29248264823136,57.92233100531035,0.18492845319053247,0.18494521149018608,313.21481365354174,313.6615584907789,-0.14242894136811124,1.58652214300238,0.19312296653362296,0.07298272097824593,0.27015314356535985,0.19310586045278882,0.07297934913353815,0.2701469028760799,0.0742361191433769,0.6686703560946063,0.5944342369512294,0.1999999999999999,0.19998189133977776,250.57752282347042,62.63729083007132,-5.9814191333273925e-05,4.544076226409288e-09,0.6843675147167819,0.6843517054429882,0.6156018081616913,30.248259537263927,33.05975336425766,16.89965326567487,59.17281167129709,30.189544680453622,33.1240504149589
-96.74959413625,0.011562556369965279,0.08355342649792352,0.6763573218128988,0.5928038953149752,3.27999228524e-10,0.815198751313,254.12153076187684,57.6088621538969,0.184803482313841,0.18482043759451064,311.7303929157738,312.17504624693305,-0.14243717955839674,1.586522143005604,0.1931229665333078,0.0728289703269876,0.2698684315124457,0.19310565068134072,0.0728255683462157,0.2698621284030342,0.07446070175453236,0.6677720256484094,0.5933113238938771,0.20000000000000018,0.19998166593491348,249.39002961793219,62.34036329784159,-5.98139881180515e-05,4.38087344178939e-09,0.6836462657337375,0.6836302983336686,0.6144389086085634,30.331355583944813,32.96918257518719,16.84331615026123,59.37073145685095,30.31190779561929,32.99033524193159
-96.29959413625,0.011625056369965279,0.08383590797984608,0.6755155210439013,0.5916796130640553,3.43816569943e-10,0.81428184526,252.94636466111507,57.29426513920944,0.18467685930139094,0.1846940130050875,310.2406298003245,310.68318409827015,-0.14244552669631094,1.586522143005516,0.1931229665332888,0.07267604934156145,0.2695849575580237,0.19310544063317822,0.07267261681490078,0.2695785911657318,0.07468572771881457,0.6668719217911842,0.5921861940723696,0.20000000000000007,0.1999814386059236,248.19826233884785,62.042367461476665,-5.981399365806439e-05,4.371036865791211e-09,0.6829281531731566,0.6829120254612474,0.6132737133531739,30.416899542655646,32.87646062011131,16.788115612545557,59.56594671368072,30.430584806539546,32.86167539524576
-95.84959413625,0.011687556369965277,0.08411928817716065,0.6746735558043732,0.5905542676272125,3.6024799064e-10,0.813359455913,251.76704751027188,56.97855687055395,0.1845485605692157,0.18456591353622162,308.74560438082585,309.1860522309707,-0.14245398424888034,1.5865221430075707,0.1931229665331911,0.07252394558013103,0.269302702511748,0.19310522820576995,0.07252048264142766,0.269296272980945,0.07491121463950831,0.6659699741079222,0.5910587594684139,0.19999999999999996,0.19998120986396054,247.0022848765686,61.74331950425726,-5.98138641616508e-05,4.320455104789289e-09,0.6822131284209487,0.6821968407629241,0.6121061312429327,30.504995508871822,32.78151605395806,16.734133246659727,59.75809952389427,30.553023901462815,32.72998454179594
-95.39959413625,0.011750056369965277,0.08440359532945028,0.673831356425468,0.5894277610960177,3.77263984484e-10,0.812431558084,250.58364335829927,56.66175449413074,0.18441856213366423,0.18443611636353688,307.24539785242996,307.68373195495536,-0.1424625539154567,1.5865221430045287,0.19312296653344913,0.07237264176854376,0.2690216381047141,0.19310501551244288,0.07236914801236025,0.26901514457807063,0.07513719204375126,0.6650660644922397,0.5899288724484885,0.20000000000000012,0.19998097866353265,245.80216250003457,61.4432353523954,-5.981405589716715e-05,4.4540593435726805e-09,0.6815011198646959,0.6814846700887195,0.610936009387146,30.595593031561112,32.684445729437,16.681358378892707,59.94715641774846,30.68923606794315,32.58471464672799
-94.94959413625,0.011812556369965279,0.08468884698009871,0.6729888831971749,0.5883000362170762,3.94838225761e-10,0.811498139727,249.39621713888607,56.34387539292361,0.18428683960400616,0.1843045945465998,305.7400925318097,306.17630570266857,-0.14247123723626354,1.5865221430040874,0.19312296653333813,0.07222212588106389,0.26874174569847514,0.19310480139346595,0.07221860162591884,0.26873518866333607,0.07536382448892893,0.664159534710976,0.588795710222047,0.1999999999999997,0.1999807474793997,244.59796029287753,61.142132238932135,-5.981408370825392e-05,4.3965941998180824e-09,0.6807920802884102,0.6807754696290521,0.6097624956960173,30.688736702264563,32.58524486367041,16.629847143780662,60.13284375701472,30.82900284232525,32.43698815412532
-94.49959413625,0.011875056369965279,0.0849750691496953,0.6721460624271135,0.5871709932774182,4.1294397218e-10,0.810854150109,248.204834668594,56.024937186390645,0.18415336817560282,0.18417132835397937,304.2297718549847,304.6638570275218,-0.14248003579168111,1.5865221430044874,0.19312296653331684,0.07207237987221235,0.2684629953498477,0.19310458525674618,0.07206882440898171,0.2684563733811915,0.0755909900703742,0.663250872385088,0.5876598823147138,0.1999999999999998,0.19998051122941377,243.38974654821692,60.84002530676774,-5.981405850619126e-05,4.385558582953308e-09,0.6800859338382932,0.6800691586856069,0.6085862214001405,30.784471312989197,32.483910145244565,16.579654629385473,60.314887273201606,30.96233552952607,32.29730519024922
-94.04959413625,0.011937556369965279,0.08526228267374435,0.6713028557540021,0.5860405730802577,4.31877801228e-10,0.81028356297,247.00956264523867,55.70495772983938,0.18401812262199457,0.1840362857529053,302.714520375078,303.14647060199354,-0.14248895131707684,1.5865221430057619,0.1931229665332186,0.07192339094808509,0.2681853667672513,0.19310436871229156,0.07191980472500777,0.26817868059375594,0.07581870591748997,0.6623400089961342,0.5865213030786443,0.19999999999999968,0.199980276686661,242.17758683340006,60.53693354167798,-5.98139781704532e-05,4.334688163964984e-09,0.679382629110544,0.6793656913104583,0.6074070978017848,30.882694352425812,32.38059440631192,16.530759712129353,60.49328750851394,31.100083558434704,32.154254445042746
-93.59959413625,0.012000056369965277,0.08555051368649995,0.6704591986196858,0.5849086849331859,4.53455043458e-10,0.809698419011,245.81046864671518,55.383955114033355,0.18388107728723152,0.18389944431932362,301.19442376074846,301.6242322153817,-0.14249798548225945,1.5865221430060354,0.19312296653310307,0.07177514169348606,0.2679088309359848,0.19310415278667203,0.07177152432470518,0.267902079731952,0.07604700989104143,0.6614267931013502,0.5853797832103088,0.19999999999999984,0.19998004067293165,240.9615506466138,60.2328731141347,-5.9813960928689625e-05,4.27486934739818e-09,0.678682092603449,0.6786649900642577,0.6062249288563958,30.983315541849034,32.27543542424645,16.48313146273516,60.66808374736236,31.25284989129669,31.997081977425697
-93.14959413625,0.012062556369965277,0.0858397755689158,0.6696150531290509,0.5837752775601351,4.77251830142e-10,0.809098785565,244.6076211283894,55.0619476649163,0.18374220607930586,0.18376077921549255,299.6695687933057,300.0972287712121,-0.14250713998843478,1.5865221430071645,0.1931229665331069,0.0716276200932963,0.26763336879637467,0.19310393292237424,0.0716239715681411,0.2676265524348081,0.07627607351422529,0.660510538608634,0.5842344650944087,0.2,0.1999798017555962,239.74170783383542,59.92786095947029,-5.9813889752291516e-05,4.276845544382013e-09,0.6779842760339448,0.6779670084339333,0.6050388264093284,31.086434669908666,32.16837217321642,16.43683777123759,60.83895296149207,31.40861576598606,31.83839770114764
-92.69959413625,0.01212505636996528,0.0861300979464662,0.6687703523697922,0.582640254423326,5.02625272798e-10,0.808484739,243.40108942098777,54.73895394254676,0.1836014824610503,0.18362026430783365,298.1400433635346,298.56554828429614,-0.1425164166484416,1.5865221430057397,0.19312296653321598,0.07148080775754173,0.26735894927520515,0.19310371240007232,0.07147712747016907,0.2673520665156136,0.07650575797893883,0.6595918007503253,0.5830860427713864,0.19999999999999998,0.1999795596177164,238.51812878728805,59.62191457624652,-5.981397956933421e-05,4.333333691874941e-09,0.6772891006855702,0.6772716648822547,0.6038495092155347,31.19206293532571,32.05943775098881,16.391903449656667,61.00572780160838,31.556767706435874,31.688923571093564
-92.24959413625,0.01218755636996528,0.08642149671716456,0.6679250614685686,0.581503564751404,5.2909372361e-10,0.807856365302,242.19094372828906,54.41499274072756,0.183458879442933,0.18347787072280095,296.6059364690166,297.0292798774388,-0.14252581718438018,1.5865221430049885,0.19312296653322955,0.07133469245021479,0.26708555267968875,0.19310348909852829,0.0713309805924881,0.2670786037714143,0.0767360794316644,0.6586705149394894,0.581934435507825,0.19999999999999993,0.1999793160881531,237.2908841462565,59.315052322760124,-5.981402690924398e-05,4.3403725058510645e-09,0.6765965166714208,0.6765789132964489,0.602656893666712,31.30013842669574,31.948740493336118,16.348330194858804,61.16832655572851,31.713532008568606,31.53228091181431
-91.79959413625,0.01225005636996528,0.08671400000417806,0.6670791180080319,0.5803651180038538,5.56322529438e-10,0.807213758806,240.9772551237213,54.09008308623192,0.18331436957534242,0.18333357196277564,295.0673382099532,295.4885137777977,-0.14253534340804563,1.5865221430052123,0.19312296653326216,0.07118925599948489,0.2668131481008477,0.19310326573457381,0.07118551185462724,0.26680613159113725,0.07696713582673739,0.6577462893593607,0.5807791535326233,0.20000000000000023,0.19997907018771074,236.06004627196398,59.00729193798922,-5.9814012809411565e-05,4.357247895825367e-09,0.6759064456910925,0.6758886710642664,0.6014604725512016,31.410569637267702,31.836417217137313,16.306100013265592,61.32674270282069,31.883785350969223,31.36390453618461
-91.34959413625,0.012312556369965278,0.08700762309281825,0.6662324944358389,0.5792248713430206,5.84059480518e-10,0.806557023825,239.76009554764522,53.76424423773596,0.18316792493953737,0.18318733750038055,293.52433978538113,293.9433413128879,-0.14254499715330438,1.5865221430051804,0.19312296653336877,0.07104448671020305,0.2665417166415101,0.19310304085008986,0.07104071077796913,0.26653463335553434,0.07719901312986974,0.6568187801473657,0.579619767017496,0.2,0.1999788246614437,234.8256873055744,58.69865247980676,-5.981401481891524e-05,4.41244818460973e-09,0.6752188398731802,0.67520089608487,0.6002598007347005,31.52339630303077,31.722470205529742,16.26527129562859,61.48068371099087,32.05295144711815,31.198375027954224
-90.89959413625,0.012375056369965278,0.08730239275557522,0.6653851255440767,0.5780827327885014,6.11525484889e-10,0.805886272558,238.53953780355695,53.43749568502695,0.18301951713992023,0.1830391433357222,291.9770334885839,292.39385490623624,-0.1425547803615701,1.5865221430051843,0.19312296653319524,0.07090036561706442,0.26627122566485556,0.19310281537745255,0.07089655717399423,0.26626407413317,0.07743159689632305,0.6558884450806844,0.5784568481843614,0.19999999999999996,0.19997857499424862,233.5878824004889,58.38915108809502,-5.9814014574666174e-05,4.322608937457062e-09,0.6745336165402095,0.6745154998679335,0.5990554708157264,31.638651645430087,31.60690952341646,16.225883528841564,61.62992592807021,32.21615431630018,31.04032809695219
-90.44959413625,0.012437556369965278,0.08759832478706468,0.6645369831622947,0.5769386583752301,6.39106755367e-10,0.805201626576,237.3156555548921,53.10985714818047,0.18286911729576366,0.18288895598982968,290.4255127030725,290.84014807268215,-0.14256469485293133,1.5865221430057534,0.19312296653316052,0.07075688054591583,0.26600165515634644,0.1931025879779451,0.07075304000183286,0.2659944360354796,0.07766490242394326,0.6549552229700292,0.5772903205460859,0.2000000000000001,0.19997832578177618,232.3467049083981,58.07880779467441,-5.981397870336025e-05,4.3046233244581344e-09,0.6738507249901998,0.6738324370971142,0.5978474035834686,31.756307552601257,31.48980713024008,16.18795685005357,61.77431835671657,32.397232201752914,30.866834357099588
-89.99959413625,0.01250005636996528,0.08789544623295238,0.6636880058622258,0.5757925596292733,6.69768897621e-10,0.804503214596,236.08852332057384,52.781348576220424,0.18271669603217688,0.1827367496954223,288.8698718967943,289.28231541332497,-0.14257474258023706,1.586522143006048,0.19312296653316557,0.07061401242721124,0.26573297203623647,0.19310236032832337,0.07061013890836146,0.2657256835692806,0.07789915954455583,0.654018194487605,0.5761190349430492,0.19999999999999993,0.19997807334594644,231.10223146718297,57.767640429611276,-5.981396012932905e-05,4.30724345079625e-09,0.6731700814236313,0.6731516178590359,0.596634408957181,31.876303334294114,31.37126628244092,16.151495679562075,61.91377070207739,32.58579014662907,30.688223164152667
-89.54959413625,0.012562556369965278,0.08819376995120035,0.6628381681851452,0.5746443982339449,6.99547919506e-10,0.803791175183,234.85821647086829,52.451990146107256,0.1825622234716954,0.1825824938195086,287.3102066169755,287.72045261011795,-0.1425849255486611,1.5865221430058682,0.19312296653326153,0.07047174923286145,0.2654651563442205,0.19310212899834356,0.07046784299783024,0.26545779890187865,0.07813423246299071,0.653077902814345,0.5749436703513543,0.19999999999999987,0.19997781849885807,229.8545382652566,57.45566835171895,-5.981397146470613e-05,4.356914828917979e-09,0.6724916352759086,0.6724729969788895,0.595417190091041,31.998685017566835,31.251284215304906,16.116612916274853,62.04777673788899,32.76423274954076,30.521087053809204
-89.09959413625,0.012625056369965276,0.08849332600124125,0.6619874098636471,0.5734940838624059,7.30460266012e-10,0.803065652388,233.62481122313366,52.12180226145165,0.1824056692250646,0.18242615715020816,285.7466134845853,286.15465642010986,-0.14259524574204985,1.5865221430060699,0.19312296653316088,0.07033007015860512,0.26519817148427915,0.1931018981647783,0.07032613066411825,0.26519074392617525,0.07837009697112628,0.6521344447812991,0.5737643478101728,0.20000000000000026,0.19997756201655265,228.60370236545177,57.14291111913356,-5.9813958752652496e-05,4.3048009601420745e-09,0.6718152938398858,0.6717964779215769,0.5941958723343777,32.123422432709575,31.129933371661952,16.083354378050515,62.17608444695673,32.952004505987425,30.347167493810538
-88.64959413625,0.012687556369965278,0.08879412684305822,0.6611357084739304,0.5723415816308722,7.63065910865e-10,0.802326800751,232.38838463652903,51.790805551474485,0.18224700238328997,0.18226770968346384,284.1791901880035,284.58502466933237,-0.14260570520195914,1.5865221430052923,0.1931229665332461,0.07018896260440555,0.26493199618846636,0.1931016644345959,0.07018499014732629,0.2649244989564504,0.07860689700235084,0.6511872446568276,0.5725803476544769,0.20000000000000004,0.19997730303058495,227.34980215679087,56.8293880312126,-5.9814007768999033e-05,4.348921223140678e-09,0.6711410032383761,0.6711220108180973,0.5929697103951723,32.250528568067836,31.00724373832832,16.051722355759676,62.298610568801685,33.15504136823304,30.16132566066208
-88.19959413625,0.01275005636996528,0.08909620150942654,0.6602830032713694,0.5711868017619428,7.98197675333e-10,0.801574778907,231.14901460730175,51.45902086931134,0.18208619150735286,0.1821071200937174,282.6080354766131,283.0116562463356,-0.14261630601219988,1.5865221430045329,0.19312296653335187,0.07004840599609423,0.2646665940312344,0.19310143088152434,0.0700444000676024,0.26465902604597186,0.07884469235734573,0.6502360632373759,0.5713913708800302,0.20000000000000007,0.1999770413718812,226.09291667408036,56.51511880253271,-5.9814055630713625e-05,4.4036996271756834e-09,0.6704686711960826,0.6704494995396014,0.5917383946217647,32.37996993275158,30.883289949831717,16.021708963288347,62.41531426462491,33.35325175220036,29.98208412869455
-87.74959413625,0.012812556369965278,0.08939956261590748,0.6594292756420937,0.5700297130261862,8.36970076742e-10,0.80080975558,229.9067798635767,51.12646929061644,0.1819232046189849,0.1819443544531285,281.03324915419313,281.4346510953721,-0.14262705022876077,1.5865221430053322,0.1931229665332539,0.06990838810706727,0.26440194421952967,0.19310119473767162,0.06990434896791012,0.26439430585379503,0.07908333854466176,0.6492814784876241,0.5701981399429623,0.19999999999999998,0.19997677895254126,224.83312520977057,56.200123944422536,-5.981400524879277e-05,4.352962434950314e-09,0.6697982450388433,0.6697788950904935,0.5905026731966648,32.511621611791746,30.75823199287318,15.993290574686,62.526219687572535,33.549349433045855,29.806837297864487
-87.29959413625,0.01287505636996528,0.08970423594734818,0.6585744719583553,0.5688702360110071,8.80825480242e-10,0.800031903493,228.66175995888221,50.79317211239532,0.1817580091928385,0.1817793826917115,279.45493207127754,279.8541102092289,-0.14263794005132668,1.5865221430054879,0.1931229665331903,0.0697688890401108,0.2641380113503371,0.19310095753376919,0.06976481577706967,0.26413030075527055,0.07932293408173365,0.648323096339018,0.5690001622572843,0.2000000000000002,0.19997651316088533,223.57050917005137,55.884422901226145,-5.981399543442123e-05,4.320033220039932e-09,0.6691296350817,0.6691101021578433,0.5892620359930894,32.64540986807771,30.632177817373627,15.966470032594756,62.63125148881059,33.765172587429475,29.6163153737971
-86.84959413625,0.012937556369965278,0.09001023434335159,0.6577185802622565,0.567708345918905,9.31641748782e-10,0.799241405256,227.41403526705847,50.45915085109934,0.18159057214553617,0.1816121699248599,277.87318611815783,278.2701356217107,-0.14264897764398876,1.5865221430050733,0.19312296653318986,0.06962989674639526,0.26387477474437615,0.19310071769056172,0.06962578966382074,0.2638669923727118,0.07956364519438562,0.6473602518884078,0.5677966066940222,0.20000000000000018,0.19997624598254266,222.30514949904028,55.568036619117585,-5.981402156907123e-05,4.319811175435007e-09,0.668462788938707,0.6684430741862356,0.5880156222858856,32.78139979849825,30.505103691325928,15.941319426771445,62.73006475992354,33.979712567728825,29.429324865735296
-86.39959413625,0.013000056369965277,0.09031758579102042,0.6568615458883368,0.5665439600973163,9.9192279525e-10,0.798438445964,226.16368697587845,50.12442724099263,0.18142085982623088,0.18144268326120996,276.28811421687107,276.6828303997731,-0.14266016519047797,1.5865221430059018,0.19312296653324282,0.06949139033278193,0.2636121968589123,0.19310047816123335,0.06948724882318902,0.2636043414346376,0.07980527055233375,0.646393750456881,0.5665884799045472,0.19999999999999976,0.19997597655089147,221.03712876694803,55.25098544992303,-5.981396935528238e-05,4.347233684143248e-09,0.6677976115044455,0.667777711690891,0.5867644745728873,32.91957642520679,30.377061572222775,15.917856405220462,62.82252927423301,34.18558717239148,29.252093724679593
-85.94959413625,0.013062556369965278,0.0906263026074202,0.6560033585981495,0.5653770559907293,1.0440179982e-09,0.797623220398,224.9107970802588,49.78902323241921,0.18124883800705327,0.18127088694746463,274.69982031267796,275.0922986353093,-0.14267150501063863,1.586522143005773,0.19312296653321878,0.06935335767551042,0.26335025664599304,0.19310023704158882,0.06934918224075381,0.2633423289954614,0.08004787137017406,0.6454233471853984,0.5653754758152243,0.19999999999999993,0.19997570657483899,219.76652964966888,54.93329066300908,-5.981397747101269e-05,4.334776981806954e-09,0.667134049459029,0.6671139666777572,0.5855082758812968,33.05989360181266,30.24813122644685,15.896110543980313,62.90847042320609,34.408665999736144,29.06244607122137
-85.49959413625,0.01312505636996528,0.09093640985899554,0.6551439654813098,0.5642075556223143,1.09036993468e-09,0.796795926952,223.65544837590605,49.452960990208034,0.1810744718735999,0.1810967490563547,273.1084093661141,273.49864543659163,-0.14268299934523387,1.586522143006159,0.1931229665332478,0.06921577763609925,0.2630889158366411,0.1930999950204009,0.06921156745522984,0.26308091427397357,0.08029161274756216,0.6444483816759898,0.5641567689284277,0.20000000000000007,0.19997543278348012,218.49343700631755,54.614972359796525,-5.981395314602622e-05,4.349809401560378e-09,0.6664720058572785,0.6664517358375237,0.5842461713178401,33.202309834779314,30.11838649106585,15.87612347147703,62.987668355980944,34.631824789214754,28.87517496078999
-85.04959413625,0.013187556369965278,0.09124791951993823,0.6542833600386813,0.563035440518743,1.14526708165e-09,0.79595676993,222.39772445208226,49.11626289148939,0.18089772601415946,0.18092023182583206,271.51398734357167,271.9019769193676,-0.14269465054717045,1.5865221430064262,0.19312296653320368,0.06907863760496932,0.262828152230634,0.19309975037515942,0.06907439290900957,0.26282007706605975,0.08053631299129754,0.6434695807008279,0.5629332677095304,0.19999999999999998,0.19997515775362776,217.21793489222443,54.29605245134724,-5.981393629284071e-05,4.326961011713593e-09,0.6658114244603105,0.6657909679879634,0.5829791016979875,33.3468429835282,29.987846240615756,15.857958209381167,63.05982061476397,34.844805778768745,28.698681988616766
-84.59959413625,0.013250056369965277,0.09156085895437609,0.6534214917830606,0.5618606328286846,1.21088823024e-09,0.795105955775,221.13770968421952,48.77895152394873,0.18071856441025277,0.18074130054826157,269.91666120816825,270.30240019761527,-0.14270646104697082,1.5865221430055378,0.19312296653314145,0.0689419156290311,0.26256792574309434,0.19309950591781205,0.06893763581555254,0.2625597756998443,0.08078199234937394,0.6424868632682093,0.5617048709188353,0.20000000000000012,0.19997488004171304,215.94010926180508,53.976551946363145,-5.981399229249007e-05,4.2947423395389706e-09,0.6651522037228036,0.6651315575634789,0.5817069621769356,33.493437397658504,29.85659513316806,15.841583342359286,63.125003251794276,35.06028085825627,28.522304314756
-84.14959413625,0.013312556369965279,0.09187523687281596,0.6525583560006897,0.5606831191278737,1.28973184716e-09,0.794243700635,219.87548922665266,48.44104968388194,0.18053695042642806,0.1805599196428752,268.31653891053463,268.7000233739586,-0.14271843322106736,1.5865221430045071,0.19312296653310831,0.06880559988187807,0.2623082154296317,0.19309925735574027,0.06880128497551685,0.26229999042225843,0.0810286483265078,0.6415002393595113,0.5604715910330035,0.2000000000000001,0.1999745984052468,214.6600467964147,53.65649211411994,-5.981405725163924e-05,4.277578291578266e-09,0.6644942905872203,0.6644734545244579,0.5804297656756349,33.64210029078671,29.724660213139604,15.827058127491952,63.182935953396026,35.27835289725886,28.345994579517352
-83.69959413625,0.013375056369965277,0.09219108142724707,0.6516939038665687,0.5595028224393216,1.37143231697e-09,0.793370219848,218.6111490049126,48.10258037389822,0.1803528467991935,0.1803760513882084,266.71372937881085,267.09495552974556,-0.1427305694256198,1.5865221430047602,0.19312296653331987,0.06866966766824076,0.26204897952146416,0.19309900824636264,0.0686653170631406,0.262040678260343,0.08127630221266005,0.64050962381596,0.5592333216033,0.2000000000000001,0.1999743134532303,213.37783445773246,53.33589492107835,-5.981404129773438e-05,4.387135099648276e-09,0.6638375792424751,0.6638165500093233,0.5791474019547522,33.792781794134335,29.592118402444672,15.814384588891159,63.23357032194928,35.47743522942512,28.18693046814715
-83.24959413625,0.013437556369965279,0.09250840193014999,0.6508281358696348,0.5583197339394849,1.43809381145e-09,0.792485737569,217.34477570715217,47.76356680058025,0.18016621562630428,0.18018965728643951,265.10834250773246,265.4873067147907,-0.14274287224786963,1.5865221430051926,0.19312296653324684,0.06853410736679827,0.26179019723205504,0.193098755503512,0.06852972107262145,0.2617818195991109,0.08152465007362117,0.6395162323717511,0.55799158229813,0.1999999999999999,0.1999740255739258,212.09356004323007,53.01478246450237,-5.981401405286135e-05,4.349320903429543e-09,0.663182017030915,0.6631607943282591,0.5778614447974917,33.9454427256233,29.459035431733,15.803594060299178,63.276745541834615,35.65610711994247,28.045686441207145
-82.79959413625,0.01350005636996528,0.09282722594033327,0.6499610066929338,0.5571337807526004,1.51531139635e-09,0.791590476389,216.07645677585828,47.42403237286263,0.17997701835800495,0.18000069948584277,263.50048914872093,263.8771879367867,-0.14275534426114733,1.5865221430046395,0.1931229665333222,0.06839889602807478,0.2615318260328459,0.19309850262670888,0.06839447340220345,0.26152337066159775,0.0817736950265589,0.6385200525603756,0.5567463575338167,0.1999999999999999,0.1999737340684479,210.80731240478863,52.693176743932256,-5.9814048913864326e-05,4.388334140514871e-09,0.6625274962167443,0.662506076582936,0.5765718780652481,34.09995057767909,29.325555699032982,15.794647578919893,63.31258706491408,35.8573800310715,27.888261750676428
-82.34959413625,0.013562556369965279,0.09314756209296807,0.6490925264316633,0.5559449643386952,1.60532615917e-09,0.790684668214,214.8062803997583,47.08400069920468,0.17978521578436352,0.17980913546724042,261.890281098963,262.2647111503855,-0.142767988030168,1.586522143003682,0.19312296653342312,0.0682640229355288,0.26127384663515174,0.19309824747083051,0.0682595642021558,0.26126531381367063,0.08202373365441745,0.6375198980494445,0.5554961643950271,0.1999999999999999,0.19997344257416988,209.51918001088632,52.37110108807668,-5.9814109265587945e-05,4.440603440514224e-09,0.6618739679367546,0.6618523521015519,0.5752771660366518,34.256270241010114,29.191736081146498,15.787589803349247,63.34089069047485,35.98385837919701,27.79023831913812
-81.89959413625,0.013625056369965277,0.09346943552409764,0.6482226510752358,0.5547532155511381,1.71059741571e-09,0.789768542697,213.53433550477925,46.743495585328795,0.17959076802490423,0.1796149296745198,260.277831090108,260.6499892459546,-0.1427808061389979,1.5865221430040082,0.193122966533308,0.06812946465846115,0.261016215317097,0.1930979915692117,0.06812496898650078,0.2610076033116675,0.08227341736496956,0.6365211632066626,0.5542477458416931,0.19999999999999998,0.1999731459729639,208.22925437999945,52.04857671010862,-5.981408870425753e-05,4.380984464091853e-09,0.6612213214321705,0.6611995050036257,0.5739842917858067,34.41436471896073,29.057633583137047,15.782432020813516,63.36159082967837,36.090222765715794,27.708335481651787
-81.44959413625,0.013687556369965279,0.09379285295180298,0.6473513923310321,0.5535585393792292,1.83385151711e-09,0.788842338681,212.26071174429245,46.402541032089594,0.17939363451910673,0.1794180404544349,258.663252776382,259.03313603800905,-0.14279380131998476,1.586522143003658,0.19312296653335895,0.0679952105231054,0.26075891264366285,0.19309773125013113,0.06799067785601665,0.2607502212003216,0.08252380433531992,0.6355196153255137,0.5529958109901938,0.2,0.1999728458183842,206.93762601004886,51.725626766333185,-5.981411077549126e-05,4.4073633631569464e-09,0.6605695074690822,0.6605474898038406,0.5726877760227906,34.57419945687776,28.923301644257524,15.779222948188107,63.3744768854304,36.24604281156515,27.58921864101884
-80.99959413625,0.013750056369965277,0.09411784211519364,0.6464787124383053,0.5523608703231118,1.97804247937e-09,0.787906291486,210.98549949084534,46.0611612324431,0.1791937740129917,0.17921842675460467,257.0466607232885,257.4142662533249,-0.14280697623598737,1.5865221430037977,0.1931229665333636,0.0678612365571267,0.26050189357685427,0.19309747108549297,0.06785666622083034,0.26049312125434393,0.0827745135238758,0.6345167785713158,0.5517422650474401,0.20000000000000012,0.19997254160833458,205.6443866665172,51.40227405677127,-5.981410197142267e-05,4.409783649350629e-09,0.6599184119546446,0.6598961894016301,0.5713895917981895,34.735699407498515,28.78882582062322,15.777971820554612,63.37950221822928,36.29967656864693,27.548454821873776
-80.54959413625,0.013812556369965279,0.0944444084624914,0.6456046279385186,0.5511602194760272,2.14624221732e-09,0.786960645815,209.70878982584262,45.71938056930031,0.1789911445498483,0.17901604572868063,255.42817039514293,255.79349551873622,-0.1428203335868461,1.5865221430050134,0.1931229665336321,0.06772753216897265,0.26024513860776083,0.19309720697685082,0.06772292422549625,0.2602362853744578,0.08302450674513133,0.6335168056876342,0.550492298942503,0.20000000000000015,0.19997223381408358,204.34962858218185,51.078541812961106,-5.981402534382951e-05,4.548805776494191e-09,0.6592679854677614,0.6592455579468632,0.5700951148880326,34.8988686874305,28.654223979477283,15.778801078557322,63.37617129598996,36.398335936501844,27.473783464841212
-80.09959413625,0.013875056369965277,0.09477257879621546,0.644729101061268,0.5499565222650525,2.34158711938e-09,0.786005642047,208.43067452920235,45.37722361242263,0.17878570345790468,0.17881085665662785,253.80789814162495,254.17094034862032,-0.14283387648384993,1.586522143002561,0.19312296653343833,0.06759407160824318,0.25998859899665444,0.1930969425006358,0.06758942522680222,0.25997966310233234,0.08327543562199878,0.6325130901791977,0.5492376545571989,0.1999999999999999,0.19997192095487917,203.0534451967239,50.754452944901054,-5.981417993128346e-05,4.44846381952857e-09,0.6586181045381441,0.6585954676155878,0.5687957931057704,35.063648238405214,28.51956514053492,15.781728775817058,63.36441426698056,31.733177428147712,31.512759863529705
-79.64959413625,0.01393755636996528,0.09510235943225544,0.6438521541525507,0.5487497947202953,2.56692009833e-09,0.785479526546,207.15124607096286,45.034715116562424,0.17857740734058805,0.17860281218442586,252.18596118752527,252.54671813207423,-0.1428476074515017,1.5865221430027858,0.19312296653345612,0.0674608442286771,0.25973225488698376,0.19309667505208575,0.0674561596718675,0.2597232366806395,0.083460363473413,0.6317733787736309,0.5483130153002179,0.1999999999999999,0.19997160345088202,201.75593016105393,50.43003102647133,-5.981416575373544e-05,4.4576786706329585e-09,0.6579687188640323,0.6579458734239172,0.5678382278056724,35.229909014095256,28.384972541368374,15.786735967420626,63.34431652392985,25.876628504083655,38.64491078666556
-79.19959413625,0.014000056369965277,0.09543377462506727,0.6429737569204966,0.5475399822954293,2.82485005911e-09,0.784948322239,205.87059759887254,44.69188001787066,0.17836621206400555,0.17839187219667088,250.5624776167432,250.92094711978714,-0.14286152956087816,1.5865221430027112,0.1931229665335665,0.06732782490927008,0.2594760584510064,0.19309640722069574,0.0673231013335512,0.25946695614962456,0.08363017207007199,0.6310941443875457,0.5474639723174738,0.1999999999999999,0.199971279610039,200.4571783454613,50.105299271281886,-5.981417044997883e-05,4.514832951940662e-09,0.6573197072854323,0.6572966488109208,0.5669589507336367,35.397573017953626,28.250524393093297,15.793774101478405,63.31608857862499,24.74564564187085,40.41115008565187
-78.74959413625,0.01406255636996528,0.0957668296659562,0.6420939368017451,0.5463271071357889,3.11728194197e-09,0.784394174185,204.58882292945236,44.34874343118568,0.17815207274476713,0.17817798753733766,248.93756636063804,249.29374641061253,-0.14287564574034795,1.5865221430026877,0.1931229665334796,0.0671950040678724,0.259219991643917,0.19309613619884988,0.0671902416773805,0.25921080547959513,0.08379904838178437,0.6304186391402611,0.5466195907584768,0.19999999999999993,0.1999709564066682,199.15728312995284,49.78028323068523,-5.9814171937677685e-05,4.46984671498285e-09,0.656671024090203,0.6566477531692578,0.5660845010768286,35.56660603703762,28.116261612329286,15.802911919951853,63.27947691320466,24.649023485989275,40.56955848853034
-78.29959413625,0.014125056369965278,0.09610154937049398,0.6412126674650688,0.5451111180945748,3.44531030646e-09,0.783817569298,203.30601653608136,44.00533064767459,0.17793494374108917,0.1779611165777944,247.311347183756,247.6652359378452,-0.14288995900015866,1.5865221430024707,0.19312296653356134,0.06706235573111669,0.25896400470165093,0.19309586550129387,0.06705755374783001,0.2589547330091304,0.08396701418454709,0.6297467759296196,0.5457797617450725,0.19999999999999987,0.19997062924677295,197.85634146755316,49.455005716202805,-5.981418561562535e-05,4.512168416681561e-09,0.6560225432131473,0.6559990556272397,0.5652147660799852,35.73716799018374,27.982071782371765,15.814232436183387,63.23417870803348,24.60229512061995,40.6466142730671
-77.84959413625,0.014187556369965276,0.09643793856431569,0.640329965727733,0.5438920271634173,3.80872637399e-09,0.78321900426,202.02227353878004,43.661667131188025,0.17771477863846047,0.17774121106508795,245.68394066996808,246.03553645520546,-0.14290447237950143,1.586522143002822,0.19312296653348437,0.06692986917311096,0.2587080771315634,0.19309558977488617,0.06692502766420579,0.2586987198735351,0.08413473436414313,0.6290758952108496,0.5449411608467065,0.2,0.1999702983171977,196.55444976244988,49.12949090751821,-5.981416346667601e-05,4.472311410097518e-09,0.6553742127411166,0.6553505083957327,0.5643463029308775,35.90936253065988,27.847890620341342,15.82781158274392,63.17992824037898,24.635958783135493,40.59107294352791
-77.39959413625,0.014250056369965278,0.096776025223743,0.6394458025094768,0.5426697772857338,4.20615957192e-09,0.782598976979,200.73768969224994,43.31777851576212,0.17749153024033756,0.1775182255459166,244.0554682080121,244.4047695225391,-0.1429191890196746,1.5865221430032053,0.19312296653345362,0.0667975174702347,0.2584521570237608,0.19309531440937128,0.06679263552870571,0.25844271227625226,0.08430264232950486,0.6284042633492494,0.5441016210197445,0.1999999999999998,0.19996996134573308,195.2517056642411,48.80376254377096,-5.981413930822299e-05,4.456390811924393e-09,0.6547259011729762,0.6547019751941981,0.5634768674182928,36.08279972293879,27.71403570893845,15.843461757846002,63.11751909299619,24.627827609281464,40.60447457505879
-76.94959413625,0.01431255636996528,0.09711580974330498,0.6385602174803175,0.5414444077370125,4.50428269861e-09,0.781957994855,199.45236137488442,42.97369060228731,0.1772651505554113,0.17729211003192016,242.42605197717174,242.77305749123323,-0.14293411206638407,1.5865221430036645,0.19312296653330488,0.06666529328807387,0.25819623019725496,0.19309503419819196,0.0666603711501281,0.2581866982439802,0.08446973637532154,0.6277358871652369,0.5432661507899154,0.20000000000000012,0.1999696222145412,193.94820594833394,48.47784602883775,-5.981411037581097e-05,4.3793635384759e-09,0.6540775725846295,0.6540534256911781,0.5626116464196069,36.25735886770883,27.58060794358108,15.861220846801402,63.046849272113974,24.547533214342977,40.737290841741526
-76.49959413625,0.014375056369965278,0.09745731852386157,0.6376731891631351,0.5402158706392736,4.65910274488e-09,0.781296563906,198.16638557681978,42.629429355442575,0.17703559078647005,0.17706281833502996,240.79581493226235,241.14052348935644,-0.1429492447416525,1.5865221430037946,0.19312296653329525,0.06653316938288178,0.2579402438218623,0.19309475433471246,0.06652820598142012,0.2579306224189368,0.08463603937841219,0.6270706751528266,0.5424346357744143,0.20000000000000046,0.19996927920180113,192.64404938544754,48.15176554681481,-5.981410217126282e-05,4.374389739325579e-09,0.6534290931436104,0.6534047196511478,0.5617505214788878,36.433015700071145,27.447631791788435,15.881099013034458,62.96793434630985,24.599359193614646,40.651465435716474
-76.04959413625,0.01443755636996528,0.09780055115122209,0.6367847585965601,0.538984207445338,4.82178917778e-09,0.780615199711,196.87985988801321,42.28502090060735,0.17680280131922807,0.17683029924488178,239.16488078862054,239.50729140652666,-0.14296459030339603,1.5865221430036338,0.1931229665334663,0.06640113848777203,0.25768418361974027,0.19309446889438203,0.06639613400554142,0.25767447294123147,0.08480332321575988,0.6264015398042931,0.5415982165885332,0.19999999999999987,0.1999689316594063,191.33933508687088,47.82554570174972,-5.981411230759903e-05,4.462963332230174e-09,0.6527804266804651,0.652755827029949,0.5608843177321952,36.60966031593734,27.31519471555076,15.903207492268464,62.88039695678762,25.01963408710848,39.968610113097384
-75.59959413625,0.014500056369965278,0.0981455353867433,0.6358949139799642,0.5377493785932209,4.99256057994e-09,0.779914413645,195.59288248640215,41.94049152012646,0.17656673170892492,0.1765945012400717,237.53337400652862,237.87348587851176,-0.142980152128791,1.586522143002974,0.1931229665332969,0.06626917183215725,0.25742799348974704,0.19309418564345363,0.0662641255406752,0.25741819193808974,0.08497479727995916,0.6257156435466489,0.5407408462666897,0.19999999999999996,0.19996857948732796,190.03416262561086,47.499211380917714,-5.9814153896553535e-05,4.375233508824294e-09,0.6521314310765475,0.6521066012209338,0.5599964167877644,36.78710498126413,27.18343834094326,15.92754825313712,62.784302022317725,25.302832499144014,39.52126703734966
-75.14959413625,0.014562556369965276,0.09849226492705665,0.6350037035272805,0.5365114386002239,5.17172886486e-09,0.779194728362,194.30555212502904,41.59586765090016,0.17632733067232054,0.1763553775865518,235.90141977592918,236.23923227156916,-0.14299593356773554,1.5865221430022107,0.1931229665332979,0.06613726236455647,0.2571716593339096,0.1930938947706005,0.06613217414889108,0.2571617664990095,0.08514538121457743,0.6250333078081791,0.5398879265936016,0.20000000000000012,0.19996822026275507,188.72863270587956,47.17278707004965,-5.981420200251719e-05,4.3757664158761145e-09,0.6514820706180598,0.6514570095184741,0.5591131249779543,36.965439152948996,27.05229595304897,15.954304125887816,62.67901076157733,25.21259064027246,39.66272305245319
-74.69959413625,0.014625056369965278,0.09884077209293886,0.6341111147708821,0.5352703426779433,5.35979696311e-09,0.778456658058,193.0179681202685,41.251175880238875,0.17608454607299684,0.17611287004726642,234.26914400050742,234.60465666652874,-0.14301193795067668,1.5865221430023995,0.19312296653345093,0.06600537863109952,0.25691511950661744,0.19309360740972198,0.06600024792527759,0.2569051340967665,0.08531509769748595,0.624354441877311,0.5390393441798251,0.20000000000000012,0.19996786213207735,187.42284411121415,46.84629988929324,-5.981419010092637e-05,4.454991930913366e-09,0.6508321891407882,0.6508068935250011,0.5582343248755673,37.14446096408235,26.921914440136092,15.983416738197572,62.56484557586331,25.48843676857009,39.2334770892307
-74.24959413625,0.01468755636996528,0.0991910476348789,0.6332172068241725,0.5340261591892936,5.55726223112e-09,0.777700730167,191.73023033816347,40.90644294262199,0.17583832491126256,0.17586692930859268,232.6366732807855,232.969885842626,-0.1430281689134727,1.5865221430020968,0.19312296653340869,0.06587351480730727,0.2566583620443863,0.19309331292551984,0.06586834151482042,0.25664828367791676,0.08548885624102293,0.6236594077029513,0.5381705514619284,0.20000000000000012,0.19996749765361488,186.11689986236522,46.51977341842024,-5.981420918566016e-05,4.43312053732825e-09,0.6501817563381449,0.6501562252392935,0.5573345947880172,37.32404080279746,26.792383099234243,16.014883815431688,62.44191412968078,26.316864710300234,37.998447421763245
-73.79959413625,0.014750056369965278,0.09954312197070332,0.6323219746837268,0.5327788527130234,5.7583605269e-09,0.776927457271,190.44243918199786,40.56169571666074,0.175588613314022,0.17561749914859376,231.0041348986586,231.33504726108777,-0.14304463000615053,1.5865221430018042,0.1931229665333279,0.06574163983418682,0.2564013257262661,0.19309302192161876,0.06573642347771144,0.25639115327505246,0.08566916065125044,0.6229381900616374,0.537269029410387,0.20000000000000015,0.19996712833729338,184.8109014089331,46.19323348972549,-5.98142276264646e-05,4.391287333760374e-09,0.6495306171216905,0.6495048476819423,0.5564009698880233,37.504048891873985,26.663787765503642,16.04858581921008,62.31078621288892,26.7664189138424,37.360246180815935
-73.34959413625,0.014812556369965276,0.09989698575819392,0.6314254861437198,0.5315285003855259,5.9348391407e-09,0.776137367305,189.15469557952372,40.216961221050305,0.1753353565214761,0.1753645256551442,229.37165680057404,229.70026904848123,-0.1430613247726864,1.5865221430018364,0.19312296653333288,0.06560975010354361,0.256144002669482,0.19309272487461596,0.06560449085141377,0.25613373626176966,0.08584837692367542,0.622221324971962,0.5363729480482866,0.2000000000000001,0.199966756878012,183.50495047042685,45.866706330147196,-5.9814225594756465e-05,4.3938630511775045e-09,0.6488787515223251,0.6488527440665589,0.5554729794182983,37.68441284391418,26.536170382750022,16.084570484490953,62.171383498503666,26.65065273107101,37.522533128584016
-72.89959413625,0.014875056369965278,0.10025266700408918,0.6305277391606137,0.5302750721565245,6.12149096218e-09,0.775330973219,187.86710096912296,39.87226661123097,0.17507849887728666,0.17510795306880306,227.73936758035396,228.0656799798271,-0.1430782568872413,1.5865221430019065,0.19312296653344482,0.06547781412017463,0.2558863304676016,0.19309243062929818,0.06547251161015953,0.25587596919241856,0.08602652932224558,0.621508715378241,0.5354821860559955,0.2000000000000002,0.1999663830469251,182.1991499679164,45.54021761243753,-5.981422117606883e-05,4.45183889752343e-09,0.6482260014484774,0.6481997536689662,0.5545504977390657,37.8650674964209,26.409566022681,16.122768177543975,62.02408848083634,27.606157492917813,36.22380261564992
-72.44959413625,0.014937556369965277,0.10061015518456227,0.6296288046673689,0.5290186494828066,6.31911007318e-09,0.774508801557,186.57975728640835,39.52763917582027,0.1748179838178066,0.1748477266712965,226.10739646222862,226.4314094614859,-0.14309543010304626,1.5865221430022862,0.19312296653339342,0.06534582965410976,0.2556283037030715,0.19309212888916535,0.065340483579666,0.25561784675500654,0.08621791885695174,0.6207431572391603,0.5345252383822086,0.19999999999999996,0.1999660012459777,180.89360453953782,45.213791922690774,-5.9814197239660416e-05,4.425215749392919e-09,0.6475723531760886,0.6475458630325186,0.553559473532047,38.04586022426989,26.28406859787832,16.163190834722826,61.86897192673952,28.882103661818068,34.62351675310939
-71.99959413625,0.015000056369965278,0.10096947789579963,0.6287286907615588,0.5277592128657591,6.52865793055e-09,0.773671362261,185.29276695077488,39.18310633290375,0.17455375386105115,0.1745837871636132,224.47587328367862,224.7975875138217,-0.14311284818538939,1.5865221430021745,0.1931229665333203,0.06521376536200019,0.2553698599326087,0.1930918296362712,0.065208375307199,0.25535930628664977,0.08641247851404876,0.6199649186104065,0.5335524400963577,0.19999999999999998,0.19996561501152813,179.588417227258,44.887456056420646,-5.981420427847439e-05,4.387357144253201e-09,0.6469176485202353,0.6468909134159866,0.5525520342788542,38.22661643068305,26.159783244570345,16.205829269151796,61.70619123475065,29.076011551973536,34.392612556660126
-71.54959413625,0.01506255636996528,0.10133062548226096,0.627827480617556,0.5264968551352951,6.75129234654e-09,0.772819177992,184.00623285128555,38.83869562645003,0.17428575059687934,0.17431607459010284,222.84492847773558,223.16434475365045,-0.14313051498772156,1.586522143002548,0.1931229665334854,0.0650816193941012,0.2551109942634798,0.19309152506641236,0.06507618541315427,0.2551003438123012,0.08660576017534241,0.6191917919660549,0.5325860317907125,0.2000000000000002,0.19996522842808762,178.28369145064434,44.56123702709124,-5.981418074174627e-05,4.472844317149338e-09,0.646261875086363,0.646234894749552,0.5515512125505686,38.40728700912873,26.03672578493549,16.25084237054429,61.53527166152107,29.55483231285869,33.835414439652254
-71.09959413625,0.015125056369965278,0.10169362210458559,0.6269251823976106,0.5252315602930251,6.98864363938e-09,0.771952753589,182.7202583329892,38.49443472223439,0.17401391467530014,0.17404453428876068,221.2146930552236,221.5318123764781,-0.14314843446302516,1.5865221430019865,0.19312296653348715,0.06494935817530094,0.2548516395381849,0.19309122202219103,0.06494387961148368,0.25484089077595784,0.08680597752676354,0.6183909225603802,0.5315849450336166,0.19999999999999998,0.1999648337609565,176.9795337329548,44.23515932226881,-5.9814216135656295e-05,4.473754700029531e-09,0.6456048627472222,0.6455776333631967,0.5505144774847088,38.58784563232757,25.91489583347546,16.299218347147086,61.35263536579555,31.194421779318255,32.057013496656474
-70.64959413625,0.015187556369965277,0.10205845816204864,0.6260218807692121,0.5239634226071634,7.24406502923e-09,0.771072605355,181.43494718272458,38.15035140439154,0.17373818579778985,0.17376910298338646,219.58529858711614,219.90012213853464,-0.14316661053065394,1.5865221430017276,0.19312296653346656,0.06481696408840075,0.2545917596631925,0.19309091263021771,0.06481144080256158,0.2545809120938991,0.0870202942858337,0.6175336555239986,0.530513361238165,0.19999999999999998,0.1999644333207968,175.67604878956553,43.90924979755064,-5.981423245593476e-05,4.463096558993129e-09,0.6449465200685983,0.6449190403808173,0.5494047350084676,38.768064983565296,25.794426428657808,16.35170974280163,61.155684373630784,32.21546998321664,31.04098746723149
-70.19959413625,0.015250056369965279,0.10242515853795162,0.6251175996883752,0.5226924411504236,7.5213347154e-09,0.770179229735,180.1504036142135,37.80647357166728,0.17345850270842653,0.17348971890372583,217.95687718588078,218.2694063386114,-0.14318504731065662,1.5865221430013574,0.1931229665335139,0.0646843918626055,0.2543312640290326,0.1930906067569165,0.06467882354558172,0.25432031681637574,0.08723324812520934,0.6166818401667331,0.5294485920415237,0.2,0.19996403006933752,174.37334164246442,43.583535543416374,-5.9814255781720505e-05,4.487610283376853e-09,0.6442866175133596,0.6442588854032668,0.5483020497962412,38.94762774393442,25.675504720714006,16.407413935363365,60.94805701492491,32.304808940450485,30.955143608599073
-69.74959413625,0.015312556369965277,0.10279370712761055,0.6242124375767172,0.5214187304491067,7.82510360141e-09,0.769273136962,178.86673225484847,37.46282923298599,0.17317480318145406,0.1732063216008808,216.32956148783444,216.63979779970674,-0.14320374881402476,1.5865221430010432,0.19312296653348762,0.0645516389329118,0.2540701456938847,0.1930902931482584,0.06454602523852936,0.25405909792512715,0.08744788369955697,0.6158232978692103,0.5283754141696533,0.2,0.19996362132450454,173.071518973185,43.258042514649446,-5.9814275588099264e-05,4.473998949094948e-09,0.6436251374960859,0.6435971506514828,0.547190656479142,39.12656445831782,25.558083461820843,16.465941591327734,60.73141912070665,34.09129763761329,29.332999014290657
-69.29959413625,0.015375056369965279,0.10316412871771985,0.6233064161871795,0.5201422874694597,8.14712867547e-09,0.768354811468,177.5840381299601,37.119446504112894,0.17288702401536207,0.17291884790807818,214.703484634073,215.01142985048625,-0.14322271919562368,1.5865221430017604,0.19312296653341882,0.06441866680992087,0.2538083269121028,0.19308998086285759,0.06441300731527266,0.25379717751636377,0.08768352776849828,0.6148807215931,0.5271971938246017,0.2000000000000001,0.19996320519812652,171.77068767943706,42.93279695463594,-5.98142303798177e-05,4.438360790004481e-09,0.6429618830670257,0.6429336387750955,0.5459704801673827,39.30481762055745,25.442173772534534,16.527640952627806,60.504702568638834,35.66196713362843,28.0410779431464
-68.84959413625,0.015437556369965277,0.1035364108985072,0.6223996406930402,0.518863229794533,8.4223977115e-09,0.767424753549,176.30242664820418,36.77635360358224,0.17259510102378633,0.1726272323817834,213.0787802517864,213.38443630656528,-0.14324196275483647,1.5865221430018024,0.19312296653354755,0.0642854676317653,0.25354579000994143,0.1930896624624229,0.06427976208095984,0.25353453824076877,0.08791790796326995,0.6139432008146585,0.5260252928513885,0.1999999999999999,0.19996278506056386,170.47095391533134,42.60782633645508,-5.98142277374869e-05,4.505018580402975e-09,0.6422968094540283,0.6422683058238153,0.5447568482578268,39.482480701071374,25.327689198942977,16.59245418613152,60.268359869019896,35.6712710655582,28.03376415048841
-68.39959413625,0.015500056369965279,0.10391057732667874,0.6214921255366543,0.5175815482099756,8.7315764109e-09,0.76648344059,175.02200358732094,36.43357884837852,0.17229896902559869,0.1723314132527155,211.45558243569948,211.75895145161869,-0.14326148379542047,1.5865221430012222,0.1931229665335338,0.06415200432098664,0.25328245956044143,0.19308934446993087,0.0641462519495852,0.25327110366085037,0.08815262600839507,0.613004328634089,0.524851702625694,0.19999999999999993,0.19996235647628557,169.17242588179155,42.28315655390793,-5.9814264308233334e-05,4.497913153045374e-09,0.6416297255811731,0.6416009581617823,0.543541466942168,39.65990248834835,25.21438372910244,16.660123745799268,60.023563765673885,37.39562116354552,26.741098794070382
-67.94959413625,0.015562556369965277,0.10428662315535406,0.6205839602585456,0.5162973371031915,9.08073237477e-09,0.765531361244,173.74287507868812,36.09115065031534,0.17199856183918596,0.17203131866790972,209.83402572900346,210.13511001832512,-0.1432812866423938,1.586522143001913,0.19312296653338476,0.06401827349250491,0.25301832639653776,0.19308902261850436,0.06401247450397737,0.25300686651547105,0.08840853642432754,0.6119806869696135,0.5235721505452859,0.20000000000000026,0.19996192532205465,167.8752099461544,41.95881578284908,-5.981422076528631e-05,4.420730448373433e-09,0.6409606082259228,0.6409315773946643,0.542216350511499,39.836704103370444,25.102478292509986,16.730572246268935,59.77081867137024,39.02868661525268,25.622179138592717
-67.49959413625,0.01562505636996528,0.10466456552429328,0.6196751772757517,0.5150106117514585,9.47595858546e-09,0.764568975021,172.465147592102,35.749097511914904,0.17169381227521607,0.17172688652457777,208.2142451040169,208.513047169152,-0.1433013757132895,1.5865221430017504,0.19312296653341518,0.06388423975739209,0.2527533179948229,0.19308870081809237,0.06387839396058095,0.2527417534966887,0.08866348567421482,0.6109608899702165,0.5222974042960017,0.19999999999999996,0.19996148630012966,166.57941518415817,41.63482991985871,-5.9814231012644825e-05,4.436473410862618e-09,0.6402892736678011,0.6402599778145571,0.5408962110457247,40.01219546056708,24.99238016033193,16.803507246302836,59.51138564956571,39.242281795675765,25.48271798278033
-67.04959413625,0.01568755636996528,0.10504439200013764,0.6187659022573646,0.513721510257227,9.92419764982e-09,0.763789596167,171.1889279207152,35.40744802221556,0.17138465212960152,0.17141804386982884,206.59637594293073,206.89289847698797,-0.1433217554783428,1.5865221430020686,0.19312296653368044,0.06374990469866139,0.25248743473420887,0.19308837432706613,0.0637440116613393,0.2524757645029307,0.088920932818762,0.6099311013933537,0.5210101685745917,0.19999999999999993,0.19996104452091554,165.28514881514656,41.31122712778418,-5.9814210962017e-05,4.573830203469242e-09,0.6396157228666896,0.639586159164151,0.5395631373625962,40.18647615182599,24.883993217568094,16.878961836882766,59.245349901489064,40.77736816636455,24.523407099746464
-66.59959413625,0.015750056369965276,0.10542612220849906,0.6178561631808814,0.5124300409723823,1.02764232527e-08,0.763335086946,169.91432316559664,35.06623085233586,0.17107101217644347,0.17110472667331458,204.98055401793252,205.27479990562833,-0.14334243064959562,1.5865221430010084,0.1931229665334237,0.06361523281508642,0.25222060347062536,0.19308804798726092,0.06360929263876713,0.252208827440213,0.08919457882672589,0.6088365173602149,0.5196419385334891,0.19999999999999982,0.19996059379036502,163.99252072102874,40.98803329690378,-5.981427778634085e-05,4.440892098500626e-09,0.6389397705298137,0.6389099388108102,0.5381461851836572,40.36008519763442,24.77695463483838,16.956897701611226,58.973051415235055,42.08354242032005,23.762258177133628
-66.14959413625,0.01581255636996528,0.105809750272644,0.6169460567132777,0.5111363064406338,1.0641593899e-08,0.762851881923,168.64144072026477,34.72547475235538,0.17075282216703813,0.17078685921690462,203.36691547262015,203.6588877901223,-0.14336340567814299,1.5865221430011223,0.19312296653353345,0.06348022656248256,0.25195282606567954,0.193087717109418,0.06347423862723708,0.2519409427370571,0.08946764242884035,0.6077442629523069,0.5182766205234666,0.19999999999999998,0.19996014050891098,162.70163847985123,40.665276992768945,-5.981427060319788e-05,4.497713312900942e-09,0.6382614213731038,0.6382313178400899,0.5367322487320889,40.53265893833275,24.67146311623477,17.037373468523366,58.6944931299126,42.63130044065344,23.456943364701925
-65.69959413625,0.01587505636996528,0.10619529144061628,0.6160356294145709,0.5098403379739547,1.10611914889e-08,0.762340812767,167.37038825515575,34.38520854586983,0.17043001082037415,0.17046437385490282,201.75559680102555,202.04529881698522,-0.14338468534330628,1.5865221430003906,0.19312296653362904,0.06334484993069349,0.25168402796103984,0.19308738575818057,0.06333881489197274,0.2516720383593949,0.0897469310914428,0.6066271083023727,0.5168801772109298,0.20000000000000015,0.19995968018667795,161.41261218882013,40.34298461220541,-5.9814316721862326e-05,4.547229259799224e-09,0.637580486521097,0.637550113771137,0.5352860786181298,40.70346035051028,24.567935782085502,17.12015845599167,58.410674327025426,43.93747496368135,22.759614675777303
-65.24959413625,0.01593755636996528,0.10658273148200435,0.615125015576097,0.5085422840940926,1.15461758533e-08,0.761802716027,166.10127370171708,34.0454611266538,0.1701025058232818,0.17013719902075686,200.14673482837088,200.43417000428644,-0.1434062744438247,1.5865221429998673,0.1931229665335176,0.06320910928830342,0.25141421854840157,0.19308704832350462,0.06320302548401938,0.25140211909214166,0.09003537610368266,0.6054733282528579,0.5154379521491753,0.2000000000000001,0.1999592119426477,160.12555145919575,40.02118336917512,-5.981434970658839e-05,4.489519866979208e-09,0.6368969897653771,0.6368663387253746,0.5337924964847289,40.87232457824804,24.4664332239178,17.205274020923852,58.12171307378597,44.753350869095556,22.344695549725873
-64.79959413625,0.01600005636996528,0.10697208814385865,0.6142142738299206,0.5072421856860619,1.2107758856e-08,0.761238416258,164.83420523697333,33.706261454254395,0.16977023382681344,0.16980525966682375,198.54046669122775,198.8256386816151,-0.14342817771303418,1.5865221430002658,0.19312296653363717,0.06307296869854354,0.2511433230220217,0.1930867126146053,0.06306683690777194,0.25113111497337787,0.09032361953943113,0.60432035451046,0.5139967349710288,0.2,0.19995873818652393,158.84056549268627,39.69990119854149,-5.981432459334357e-05,4.551425902832307e-09,0.6362107416037242,0.6361798154712355,0.532299958125278,41.03898554855064,24.367074054912077,17.292525535886213,57.828452988243725,45.61000116079224,21.925015885762154
-64.34959413625,0.01606255636996528,0.1073633426640391,0.613303549197391,0.5059402065333519,1.27569896885e-08,0.760648745292,163.56929126737433,33.367638549369616,0.16943312044327727,0.16946848202191694,196.93692981674394,197.21984246993406,-0.1434504001458392,1.5865221429996295,0.19312296653362881,0.0629364378261376,0.25087135712579384,0.19308637061470094,0.06293025665182553,0.25085903741309684,0.09062143203052955,0.6031291045460265,0.512507672515497,0.20000000000000004,0.19995825770883235,157.55776445206124,39.37916536468272,-5.981436469459922e-05,4.547096033036269e-09,0.635521781919477,0.6354905729131726,0.5307578707367847,41.20321667047144,24.269949795367715,17.38202316314432,57.53070230169369,46.691078011808976,21.417367997952045
-63.89959413625,0.016125056369965276,0.10775650887557509,0.6123929095320316,0.5046364006564565,1.35055391329e-08,0.760034517547,162.30664041297118,33.029621490243564,0.1690910902483078,0.16912679161567576,195.33626190321473,195.61691926132596,-0.14347294659942111,1.5865221430011662,0.19312296653382907,0.06279947940284869,0.2505982430162843,0.19308602804155725,0.0627932495754894,0.25058581279771086,0.09092184863515518,0.6019274381285257,0.5110055894933705,0.19999999999999982,0.19995776922340397,156.2772587246093,39.0590031786054,-5.981426783874255e-05,4.650790863536258e-09,0.6348299135151624,0.6347984245690023,0.5292022991244014,41.364769798243515,24.175161734913445,17.473447887338608,57.22968966672042,47.240813279997475,21.168136841188044
-63.44959413625,0.01618755636996528,0.10815156748556283,0.6114825130277916,0.5033309455422287,1.41156615011e-08,0.759396556506,161.0463614911208,32.692239407535034,0.16874406677808243,0.1687801118933481,193.73860089865582,194.01700719863973,-0.14349582235277936,1.5865221430004246,0.1931229665335517,0.06266210830605971,0.250324006651499,0.19308567817161604,0.06265582802359915,0.25031146203000604,0.09122493039871517,0.6007151110728989,0.5094901806741837,0.19999999999999987,0.19995727287225445,154.99915861287445,38.73944228578132,-5.981431457913189e-05,4.507172413070748e-09,0.6341352021490972,0.6341034233908673,0.5276329271885247,41.52359167219629,24.082695155428674,17.56689041542535,56.925271140867814,48.087906854094655,20.7952490640555
-62.99959413625,0.016250056369965276,0.10854853639347124,0.6105724334679369,0.5020238970744656,1.42373943267e-08,0.758735661931,159.7885635009614,32.355521480924786,0.1683919725344395,0.16842836457416055,192.14408498188618,192.42024465504298,-0.14351903234084418,1.5865221429993441,0.19312296653337818,0.06252428623797535,0.2500485677582964,0.19308533068126682,0.06251795695329398,0.2500359113273411,0.0915343356939537,0.5994774898910761,0.5079431541971224,0.19999999999999998,0.1999567696677985,153.72357443813326,38.42051054375291,-5.981438268021222e-05,4.41733316591808e-09,0.6334374444687326,0.633405382468328,0.5260308117023148,41.67944392239949,23.992642556888264,17.66203802482734,56.61860758052443,48.76515479642403,20.50644572286543
-62.54959413625,0.01631255636996528,0.10894738878295412,0.6096628342881085,0.5007154455051543,1.43631116736e-08,0.75805264835,158.53335560676186,32.01949693428199,0.16803472898620184,0.16807147505347378,190.55285254104385,190.82677021348698,-0.14354258164968048,1.586522142999668,0.19312296653381933,0.062386033125992994,0.24977196224955472,0.193084972967618,0.062379652239345974,0.24975918849833328,0.09184417532133951,0.5982381313837384,0.5063939560623989,0.19999999999999973,0.1999562545833209,152.4506178467689,38.10223469427497,-5.9814362263210796e-05,4.64575045100446e-09,0.6327367314506414,0.6327043722477763,0.5244264472265607,41.83230717224259,23.90496885296205,17.75874957434452,56.310270935103844,49.43084841771657,20.230281939518335
-62.09959413625,0.016375056369965276,0.10934814424806047,0.6087537905215984,0.4994056462735379,1.44930426661e-08,0.757348296751,157.28084712172614,31.68419503090327,0.16767225657172902,0.16770936137679732,188.96504215262942,189.23672264609158,-0.14356647571530656,1.5865221429992,0.19312296653365002,0.062247313244272934,0.24949411464856827,0.19308461590340714,0.06224088214560805,0.24948122603836956,0.09216010196996635,0.5969744247883864,0.50481432281842,0.19999999999999984,0.19995573080392245,151.18039905260642,37.78464310002303,-5.981439177293879e-05,4.558087240980058e-09,0.6320328718928824,0.6320002217226357,0.5227905638591874,41.982774069123394,23.819293083242417,17.857132527963046,56.000032392326624,50.15907859331477,19.93657036860483
-61.64959413625,0.01643755636996528,0.10975079153462275,0.6078454418924405,0.49809465035781775,1.46248545662e-08,0.756623402335,156.0311474918215,31.34964507021726,0.16730447470936968,0.167341938921508,187.38079256203875,187.65024089345457,-0.14359071969900494,1.5865221429994392,0.1931229665337769,0.06210814495788926,0.24921505764678276,0.1930842553682844,0.06210166199833325,0.24920205055001704,0.09247719512296318,0.5957060521770315,0.5032288570540684,0.19999999999999998,0.19995520248370005,149.91302824374011,37.467764318298656,-5.9814376696110116e-05,4.623768035116882e-09,0.6313259486113101,0.6312929982840625,0.521148640277667,42.130579004060884,23.735728861063407,17.96660577089247,55.658815735807515,50.701963574549104,19.72310201615092
-61.19959413625,0.016500056369965276,0.1101553324972848,0.6069378607963319,0.4967825282990471,1.46865406067e-08,0.75587872858,154.78436627929935,31.015876382399753,0.16693130180068047,0.16696913666579036,185.8002426616991,186.06746404389455,-0.14361531908256842,1.5865221430004675,0.1931229665337237,0.06196834698853647,0.2489344230686798,0.1930838866580778,0.06196181275709792,0.24892129831956508,0.09279795549353914,0.5944230106944621,0.5016250552009229,0.2000000000000001,0.19995465703250898,148.64861886372208,37.151623797976974,-5.981431188128994e-05,4.596234504106178e-09,0.6306150289224802,0.6305817805515207,0.5194877276663862,42.27476826109491,23.65477189192048,18.09562305459038,55.26198224748755,51.358761279958244,19.470874590393024
-60.74959413625,0.016562556369965276,0.11056175285916166,0.6060312409691563,0.49546948810999464,1.47498578613e-08,0.755115052438,153.54061314658213,30.68291832444727,0.16655265524139845,0.1665908654094895,184.2235314710294,184.48853131263198,-0.1436402792721614,1.5865221430003635,0.19312296653366096,0.061827808149703754,0.24865198199432023,0.1930835116949778,0.06182122003952785,0.24863873398874892,0.09312125579437387,0.5931298094908111,0.5000085536964372,0.2000000000000001,0.19995410215896267,147.38728063918632,36.83625083184309,-5.9814318431605784e-05,4.563749378405646e-09,0.6298995329132079,0.6298659723018881,0.5178136631741366,42.41625162184771,23.57586919549773,18.235014726032095,54.83954990024832,51.93571558864936,19.25457247802997
-60.29959413625,0.01662505636996528,0.11097007509608052,0.6051256171408409,0.49415554204476037,1.48148674343e-08,0.754333112625,152.29999783916614,30.350800275896194,0.16616845143362832,0.16620704183815674,182.65079811506234,182.9135820209143,-0.14366560588262578,1.586522142998144,0.19312296653362843,0.061686491501567034,0.24836765389552448,0.1930831362850036,0.06167985148211575,0.2483542862165172,0.09344715233694145,0.5918262233203747,0.49837907098343326,0.20000000000000057,0.1999535375703051,146.12912489191604,36.52167322314633,-5.981445833080912e-05,4.546896192891836e-09,0.629179256584867,0.6291453928099013,0.5161261552175992,42.55532866843448,23.498819802130974,18.377927553749814,54.413099468115,52.57213404114252,19.021483876180643
-59.84959413625,0.01668755636996528,0.11138028429440457,0.6042211615760976,0.49284087728169307,1.48817079168e-08,0.753533663652,151.06263017035408,30.019551634136292,0.16577860579649742,0.16581757700385602,181.0821818044904,181.3427555750935,-0.14369130422482446,1.5865221429976815,0.19312296653385402,0.06154439297645531,0.24808142408583378,0.19308275780968673,0.061537698675756716,0.24806793157471346,0.09377626415582209,0.5905097760459826,0.4967335118901606,0.19999999999999998,0.1999529682068338,144.87426206331304,36.20791974117736,-5.9814487485265744e-05,4.663713859542895e-09,0.6284541627328738,0.6284199827260042,0.5144219984071652,42.690652724571876,23.424331467867678,18.52408434402669,53.98377492933743,53.179094380428545,18.804381903277186
-59.39959413625,0.016750056369965276,0.11179238748332657,0.6033179750938563,0.4915255876105298,1.49504168036e-08,0.752717418515,149.82862000318335,29.689201810018044,0.165383032782736,0.16542238927525577,179.51782181320138,179.77619144566012,-0.14371738013864155,1.5865221429982261,0.19312296653394256,0.061401480514018475,0.24779322128342912,0.19308237985267232,0.06139473436966501,0.24777960846216748,0.09410753867512352,0.5891846779692193,0.49507713929409575,0.20000000000000012,0.19995238960556772,143.6228043648653,35.89501744833613,-5.981445315716982e-05,4.709566070459914e-09,0.6277240707820156,0.6276895859985614,0.5127066430293244,42.821451352071236,23.352781571510906,18.673176942531438,53.552751257999624,53.8209929782178,18.58011056029226
-58.94959413625,0.01681255636996528,0.11220636194889946,0.6024162666848751,0.4902099047359757,1.50211351121e-08,0.751885109239,148.59807723503303,29.359780223448904,0.16498164589500425,0.1650213885844663,177.95785745848193,178.21402914624227,-0.14374383935290558,1.5865221429978735,0.19312296653380706,0.06125775521674566,0.2475030408232304,0.19308199886627386,0.06125095475749241,0.2474893023091956,0.09444238819862494,0.5878452798745344,0.49340289167590945,0.19999999999999998,0.19995180573040705,142.3748625157441,35.58299494273785,-5.9814475372732545e-05,4.639399975303604e-09,0.6269889689144428,0.6269541657188108,0.5109727761067998,42.94743011986487,23.284280274955517,18.82528072075827,53.12005780064249,54.46499789427945,18.360415655226376
-58.49959413625,0.016875056369965277,0.11262221097123869,0.6015161487112957,0.48889393774005696,1.50939857936e-08,0.751037421585,147.37111178070234,29.03131629920583,0.16457435770699821,0.16461449181895127,176.40242807990813,176.65640821257276,-0.14377068753655964,1.5865221429972243,0.1931229665337804,0.061113184426163,0.2472108096871231,0.19308161676165364,0.061106332267472745,0.24719695036038117,0.0947793585470118,0.5864973984808554,0.49171803993384355,0.20000000000000015,0.19995121125162074,141.1305489176036,35.27187916230454,-5.981451630665546e-05,4.625588800877267e-09,0.6262486721564589,0.6262135629111135,0.5092279274516823,43.0682469815444,23.218962230538892,18.980270664794556,52.68628765420317,55.12492378846185,18.14061464896409
-58.04959413625,0.01693755636996528,0.11303991216571918,0.6006178477457821,0.4875779355800629,1.51691192405e-08,0.750175061109,146.14783355575418,28.7038394622029,0.1641610798842917,0.1642016037384634,174.85167301795707,175.10346818143435,-0.14379793049924539,1.586522142998093,0.19312296653394312,0.06096777156328937,0.24691652752152776,0.19308123259829593,0.060960865170411424,0.24690254184680122,0.095120020784789,0.5851347495305599,0.4900147287457709,0.20000000000000018,0.19995061396432198,139.88997364532767,34.96169937262939,-5.981446155045589e-05,4.7098547284463166e-09,0.6255031796123559,0.6254677502950133,0.5074639620168893,43.1835381117471,23.156972395644736,19.138179070683474,52.25157504831976,55.80696458845841,17.91891043303245
-57.59959413625,0.017000056369965277,0.11345946684929593,0.5997214931838017,0.4862620263345058,1.52467488013e-08,0.749298685731,144.92835246015366,28.377379132839454,0.1637417232078825,0.16378264061069137,173.3057315929931,173.55534856958533,-0.14382557417533803,1.5865221429976664,0.19312296653386116,0.060821484042616704,0.24662012092004315,0.19308084897186475,0.06081452667422489,0.2466060150811916,0.09546300354629265,0.5837628184841364,0.4882998149378437,0.1999999999999999,0.19995000767789925,138.6532492303502,34.65248236264292,-5.9814488440057545e-05,4.667422004445143e-09,0.6247523053248072,0.624716571600777,0.5056879807974763,43.293282190670155,23.09827181953655,19.298902827237878,51.81641717935544,56.47599311336377,17.706638606473174
-57.14959413625,0.01706255636996528,0.11388085323141262,0.5988273094254634,0.48494645619405075,1.53272422819e-08,0.748408972757,143.71277836110036,28.05196472343294,0.16331619760655586,0.16335750676150493,171.7647430845333,172.01218885267394,-0.1438536244385391,1.5865221429987657,0.1931229665339992,0.06067432725192966,0.24632159314995034,0.1930804644997993,0.060667316049835364,0.24630736093311414,0.09580943616917136,0.5823770879933113,0.48656765182413997,0.20000000000000015,0.19994939861597621,137.4204860013532,34.34425708318009,-5.981441913993635e-05,4.738898162770511e-09,0.6239960575706776,0.6239600036986523,0.5038941360312394,43.39815777581709,23.04245275031544,19.462614810521455,51.38055753224905,57.190235328597744,17.48550245079957
-56.69959413625,0.017125056369965277,0.11430407556264315,0.5979353843496127,0.4836313087869695,1.54104440242e-08,0.747506548649,142.50122107712355,27.727625632554723,0.16288441218099545,0.16292611992377706,170.22884670967824,170.4741284441472,-0.14388208739211095,1.5865221429981866,0.19312296653398064,0.06052626655903537,0.24602086610496146,0.1930800770067344,0.06051920449137369,0.2460065131076283,0.09615866355696782,0.5809801784420323,0.4848215148850645,0.19999999999999976,0.19994877623439142,136.1917971302863,34.03704957939197,-5.98144556440694e-05,4.729283631377257e-09,0.6232342384866166,0.6231978786464748,0.5020858198371623,43.498667301263005,22.989210061866988,19.629166455777806,50.94459829727777,57.861256629352155,17.282721777126334
-56.24959413625,0.017187556369965277,0.1147291143467549,0.5970459106188033,0.4823167962720484,1.54964351229e-08,0.746592063434,141.29379036097018,27.404391241638656,0.16244627524316396,0.1624883869993741,168.69818160260886,168.9413066741583,-0.14391096904345924,1.586522142997673,0.19312296653387326,0.06037731000579689,0.24571794807420333,0.19307968138836543,0.060370192657705185,0.24570346488746386,0.09651073238861317,0.5795719031149131,0.48306117072629995,0.20000000000000015,0.19994814193117286,134.96729364399962,33.73088795860921,-5.9814488018172796e-05,4.673683662304029e-09,0.622466869071118,0.6224301794276682,0.5002627905098471,43.59518850630991,22.938311182098946,19.798898019017113,50.50786155065228,58.59557175338898,17.066136059030146
-55.79959413625,0.017250056369965277,0.1151559901711651,0.5961589671169788,0.48100297694581373,1.5585330417e-08,0.745666111319,140.09059588329325,27.082290909973,0.16200169435049727,0.16204421260083646,167.17288679326626,167.41386276848166,-0.1439402754529806,1.58652214299647,0.19312296653390112,0.060227418432357085,0.24541275116089034,0.19307928742401984,0.06022025009289218,0.24539814606653446,0.09686627879501718,0.5781497174894359,0.4812834386944187,0.2000000000000001,0.19994749971336676,133.74708605908697,33.42580073417929,-5.981456384640538e-05,4.688116561624156e-09,0.6216937266589784,0.6216567281921279,0.49842175413403883,43.686459487434846,22.890387816564107,19.97144433866536,50.071491227300356,59.26829695516562,16.872426767323258
-55.34959413625,0.017312556369965277,0.11558467230503708,0.595274807801218,0.4796901354961809,1.56770533702e-08,0.744729311334,138.89174721590098,26.76135397043231,0.1615505763476777,0.16159350134199876,165.6531011863333,165.89193582743727,-0.1439700127150334,1.5865221429963174,0.19312296653399513,0.06007660579612455,0.24510529532452896,0.19307889016274077,0.06006938237641144,0.24509055954159362,0.09722384289708183,0.5767194610816492,0.4794956181845673,0.1999999999999998,0.19994685168389403,132.5312851324524,33.12181605388087,-5.981457346093677e-05,4.736788739023723e-09,0.6209148618127698,0.620877532278077,0.49657027003349674,43.7708846714386,22.846236887976826,20.14700283661595,49.635174428156674,60.01780400996365,16.661722575420928
-54.89959413625,0.017375056369965277,0.11601516171594736,0.594393584421595,0.47837842270564757,1.57720846732e-08,0.743782222934,137.697353815098,26.44160972492028,0.16109282741068132,0.16113616215165913,164.1389635400183,164.37566480483355,-0.14400018706922646,1.5865221429964729,0.19312296653414004,0.0599248306092657,0.24479548731393252,0.193078494401862,0.05991755708504866,0.24478063053487026,0.09758571610783928,0.5752719682393448,0.4776862521315055,0.2,0.1999461944884577,131.32000241291195,32.81896112710637,-5.981456365766746e-05,4.811817611027891e-09,0.6201300383032112,0.6200924022541556,0.49469647316135823,43.848151063278515,22.805978718620803,20.325558865012056,49.199139204057836,60.770330028484345,16.45539853957151
-54.44959413625,0.01743755636996528,0.1164474254678334,0.593515562449175,0.47706813698134165,1.58708896468e-08,0.743268137513,136.5075250053124,26.123087439963506,0.16062835309529286,0.16067209854925563,162.6306124452759,162.86518848693234,-0.14403080476296237,1.5865221429952558,0.19312296653417432,0.059772107441839674,0.24448334798476495,0.19307809462538572,0.05976477907809847,0.24446836007569256,0.09794956069976012,0.5738165898718302,0.47586702917207,0.2000000000000004,0.19994553031646142,130.11334839421428,32.5172640510616,-5.9814640374078465e-05,4.8295811794218935e-09,0.6193393089630728,0.6193013407279172,0.4928124683822566,43.91786401081384,22.76977768667828,20.50683936251529,48.764218723432954,61.45545841421272,16.27194761545756
-53.99959413625,0.017500056369965274,0.11688145820098916,0.59264090640512,0.47575944820413085,1.59736692117e-08,0.742823744209,135.3223699623991,25.805816342498865,0.16015705839118244,0.1602012186592363,161.12818630489798,161.36064547144161,-0.14406187200384224,1.5865221429960423,0.1931229665341471,0.0596183995532027,0.2441687931599833,0.19307769192717483,0.05961102185329787,0.2441536849062448,0.09831681507622596,0.5723475723658334,0.4740307572896075,0.2000000000000002,0.19994485482364588,128.91143448616776,32.21675181873019,-5.9814590802620415e-05,4.815481347009154e-09,0.6185424605502172,0.618504187451017,0.49091080757463196,43.97975237942472,22.737736023903476,20.689942594980675,48.332661891608986,62.232193533587164,16.06885348594201
-53.54959413625,0.01756255636996528,0.11731723120059269,0.5917698966892507,0.47445266548865805,1.60806637809e-08,0.742347126862,134.14199769703256,25.48982561519523,0.15967884777798383,0.15972342372635645,159.6318233122278,159.86217414654323,-0.1440933951669332,1.5865221429953003,0.19312296653412647,0.059463735286705975,0.24385187160796198,0.19307728615101466,0.05945630244315751,0.24383663064264466,0.09868704475399759,0.5708666536546413,0.4721796089006437,0.1999999999999999,0.19994417193907296,127.71437058494001,31.917452727287785,-5.981463757631644e-05,4.80480100151226e-09,0.6177396166075017,0.6177010073156805,0.48899374051391487,44.033673193548296,22.709892849604866,20.874954658418446,47.904295667378626,62.92158957670854,15.8927962044075
-53.09959413625,0.017625056369965277,0.11775473752810402,0.5909026998999172,0.47314796237181317,1.61919327247e-08,0.741839360481,132.96651703872953,25.17514439207469,0.15919362528697228,0.15923862118821888,158.14166143080425,158.36991266995676,-0.1441253804491338,1.5865221429961538,0.19312296653415684,0.059308077156386196,0.24353249712591993,0.193076876955217,0.05930059584738168,0.24351713666060892,0.09905955954979787,0.5693765944715924,0.47031703492179455,0.2000000000000002,0.19994347754229785,126.52226770001255,31.619393730791682,-5.981458377490867e-05,4.820521759540952e-09,0.6169305587610724,0.6168916467449794,0.48706484100251524,44.082317053354046,22.684832986198806,21.06238055838062,47.4780140463327,63.68742256909059,15.701687392281594
-52.64959413625,0.017687556369965277,0.11819397398273375,0.5900394576284523,0.4718454836457186,1.6307599985e-08,0.741301524728,131.79603661860222,24.861801754136092,0.15870129456900867,0.15874671471826723,156.65783837273833,156.8839989480507,-0.14415783434184037,1.5865221429968452,0.19312296653392647,0.059151446246580364,0.2432107033964179,0.1930764630738493,0.05914390933092227,0.24319520828117125,0.09943585773302224,0.5678714017375432,0.46843554400452103,0.20000000000000007,0.19994277144588185,125.335235999772,31.322602372966315,-5.981454018755272e-05,4.701239397775225e-09,0.6161153723375338,0.6160761192184627,0.4851163509278959,44.125845664738385,22.66245518777932,21.252877111699302,47.052452933514544,64.48306309725542,15.507948164493488
-52.19959413625,0.017750056369965277,0.11863493142823611,0.5891803211975662,0.47054538976933014,1.64278183959e-08,0.740734670045,130.63066485356512,24.54982672516853,0.1582017589673166,0.15824760571923172,155.18049157873367,155.40457061500055,-0.14419076310311363,1.586522142996914,0.1931229665339646,0.05899379599920763,0.24288638496055645,0.1930760397637054,0.058986211759641305,0.24287077172776741,0.09981469917986051,0.5663560359503812,0.4665413367705207,0.19999999999999993,0.19994205576396212,124.15338507801944,31.027106500714222,-5.981453585768293e-05,4.720979163153061e-09,0.6152937901823233,0.6152542378410856,0.4831546917134734,44.161401990353745,22.644208628576415,21.445553405204247,46.629712980842335,65.17369541849222,15.34361360942965
-51.74959413625,0.017812556369965277,0.11907759890247212,0.5883255886947255,0.4692479897922534,1.65527611868e-08,0.740139856437,129.4705099296306,24.23924826704492,0.1576949215939185,0.1577411936740986,153.7097581966755,153.9317650120025,-0.14422417316509728,1.5865221429963268,0.19312296653418437,0.05883516099336851,0.24255960297083376,0.1930756238608653,0.05882752186517542,0.24254385555023944,0.10019599908951535,0.5648308363128602,0.46463483722334487,0.19999999999999982,0.1999413348403308,122.97682396484771,30.732934231827777,-5.981457287251857e-05,4.834777023177139e-09,0.6144659672104739,0.6144260749369533,0.4811803024614002,44.18781987341709,22.63067068854395,21.640228277245637,46.21023342214391,65.96056808525124,15.160572885114366
-51.29959413625,0.017875056369965277,0.11952194750604477,0.587475455100716,0.4679535075946712,1.66825747643e-08,0.739518106201,128.31567978582072,23.93009527529087,0.15718068541268426,0.1572273843906839,152.24577506111157,152.46571916654545,-0.14425807101832167,1.5865221429955016,0.19312296653387567,0.05867549797769484,0.24223025817947444,0.1930752005710451,0.058667812892691816,0.2422143944787176,0.10058086956494477,0.5632913544095993,0.46271048484465455,0.20000000000000007,0.19994060515582668,121.80566266297507,30.440112398136517,-5.981462487536504e-05,4.674927112091609e-09,0.6136316520018006,0.61359146516067,0.47918742464544894,44.204771469786365,22.621992304235587,21.836362769525035,45.79517250902271,66.7716743002335,14.976410438707585
-50.84959413625,0.017937556369965277,0.11996796292443898,0.5866302281120799,0.46666226518764087,1.68174097595e-08,0.738870455839,127.16628209772804,23.62239657544176,0.15665895333324478,0.15670607842936515,150.7886786731698,151.00656977174862,-0.14429246284328734,1.5865221429945005,0.1931229665343031,0.05851484961352518,0.24189842829899738,0.19307478494885616,0.05850711018756274,0.24188243050615052,0.10096838242320282,0.5617413029787042,0.46077292055550134,0.20000000000000007,0.19993986927758417,120.6400099707166,30.148668702453218,-5.981468799154399e-05,4.89626117428088e-09,0.6127910414221354,0.6127505148911934,0.4771808644480589,44.211999696517644,22.61829383118278,22.034119713913707,45.38415933941477,67.50552149025694,14.81360306422238
-50.39959413625,0.018000056369965274,0.12041561466374033,0.5857901102354207,0.46537449557168037,1.69574109529e-08,0.738197895904,126.02242426131937,23.31618091769518,0.15612962830170876,0.1561771812806828,149.33860517901454,149.55445316576717,-0.14432735514293693,1.586522142994393,0.1931229665346721,0.058353170830439914,0.24156400979955586,0.19307436167844186,0.05834538661749894,0.24154789714981775,0.10135847198767281,0.5601809447226692,0.45882247273499643,0.1999999999999999,0.19993912367742253,119.47997532831378,29.858629850700765,-5.981469476390444e-05,5.087308352358377e-09,0.6119438732037032,0.6119030557106641,0.47516096194179336,44.21121959715797,22.618692927084123,22.239722407027408,44.964590011429976,68.27106446448988,14.647493895750435
-49.94959413625,0.018062556369965278,0.12086490197321187,0.5849553167611344,0.46409041478792257,1.71027360904e-08,0.73750143236,124.88421337672506,23.011476973011884,0.15559261340607966,0.1556405959370649,147.89569034973695,148.10950531127142,-0.14436275449378755,1.5865221429933178,0.1931229665342395,0.058190413866389575,0.24122689291699956,0.1930739424667761,0.05818257546257888,0.24121064541719314,0.10175147271420938,0.5586089418143604,0.456857469100151,0.20000000000000004,0.19993836821476565,118.32566735521426,29.570022994522663,-5.9814762531917864e-05,4.863309754910006e-09,0.6110898692856318,0.611048710182627,0.47312598529431876,44.20284619311228,22.622977616220123,22.457745466589053,44.52806723131335,69.09796101727567,14.472207070625181
-49.49959413625,0.018125056369965274,0.12131579867782598,0.5841260253660325,0.46281022668820654,1.72537691827e-08,0.736782017349,123.75175623233073,22.70831332946815,0.15504781199005485,0.15509622833327186,146.4600695617989,146.6718617750054,-0.1443986669586339,1.5865221429907521,0.19312296653469432,0.05802646864851484,0.24088683784822043,0.19307351169245374,0.058018586261628625,0.240870476110354,0.10214765134708872,0.5570242272851178,0.4548765759380291,0.2,0.1999375994846809,117.17719483325344,29.28287472854545,-5.981492424700363e-05,5.0988324673539864e-09,0.6102284221848657,0.6101869736874227,0.47107455329970194,44.185515555650824,22.63185090011044,22.686949996832755,44.07820355488977,69.89980215076197,14.306192138329237
-49.04959413625,0.01818755636996528,0.12176829952581364,0.5833025207024782,0.4615342211766646,1.74108627043e-08,0.736040622471,122.6251592884792,22.40671848682001,0.1544951277644987,0.15454397607335432,145.03187777529922,145.24165770742803,-0.14443509902054563,1.5865221429905403,0.19312296653504726,0.057861307299239356,0.24054377418515607,0.19307308799419096,0.057853371200910414,0.24052727745707017,0.10254635120997535,0.5554294278353337,0.4528830766253583,0.19999999999999998,0.19993682476433344,116.03466464329698,28.997213132002223,-5.981493760298662e-05,5.281575177207287e-09,0.6093593535396431,0.6093175630771953,0.46901006625443453,44.15878317875561,22.645551530529737,22.92561655969406,43.6193285094944,70.64890343344008,14.15450136380563
-48.59959413625,0.018250056369965278,0.12222237171790079,0.5824849940123482,0.4602626222944474,1.75739119886e-08,0.735278159343,121.50452866173106,22.10672085280125,0.15393446493593962,0.15398374895494274,143.61124951453232,143.8190278224406,-0.1444720570388025,1.5865221429902754,0.19312296653496852,0.05769484674324462,0.2401975161054848,0.1930726522108091,0.05768686788983541,0.2401809065888365,0.10294752753266534,0.5538247225441794,0.450877195011514,0.20000000000000015,0.19993603670980567,114.89818545965372,28.713064054878593,-5.981495430074091e-05,5.2408077877430514e-09,0.6084821926141478,0.6084401164292128,0.4669327559790808,44.12145325833158,22.664711294639126,23.17062607471547,43.15809148943247,71.38580176698052,14.008387876124544
-48.14959413625,0.018312556369965274,0.1226780012816658,0.5816737837970087,0.45899578251534295,1.77430671628e-08,0.734495563343,120.3899701088018,21.808348738978395,0.15336572834116058,0.15341544870312682,142.1983188477802,142.40410637720782,-0.1445095472756508,1.5865221429887888,0.19312296653483904,0.057527105512918786,0.23984808840788951,0.19307222377265243,0.05751907323356632,0.23983134330934797,0.10335099141612025,0.5522108670097138,0.4488598755935935,0.20000000000000004,0.19993523906216645,113.7678639747111,28.430454873069102,-5.9815047992461956e-05,5.1737725215161845e-09,0.607597002229833,0.6075545825810311,0.46484360060391117,44.07334259424274,22.689452198042023,23.422637042386874,42.69374102456294,72.09143008484358,13.871274280772505
-47.69959413625,0.018375056369965278,0.12313517103068569,0.5808691011860314,0.4577339301553457,1.79185075239e-08,0.733693716872,119.28158901080299,21.51163035649414,0.15278882358940346,0.15283897758921913,140.7932193672971,140.99702715207292,-0.14454757585491418,1.586522142987956,0.19312296653502786,0.05735799259370891,0.23949528720563357,0.1930717997360751,0.0573499050947294,0.23947840214668503,0.10375648666411592,0.5505888860186771,0.44683239935456115,0.19999999999999993,0.19993443578261094,112.64380649107918,28.14941287621792,-5.981510049490879e-05,5.271538761064676e-09,0.6067032658890653,0.6066604916844932,0.46274392672719333,44.01743214519412,22.718272085964497,23.676709713952736,42.235598277014724,72.67715805334043,13.759481338910684
-47.24959413625,0.018437556369965278,0.12359384832574553,0.5800710889650994,0.45647724063935385,1.81003418607e-08,0.732873472312,118.17949035754846,21.216593811416875,0.1522036572110572,0.1522542481084604,139.39608416896533,139.59792343057399,-0.14458614902609357,1.586522142988141,0.1931229665348919,0.05718759816183156,0.23913928611131957,0.19307135378466717,0.057179475248448616,0.23912230186339503,0.10416284463661515,0.5489634541279993,0.4448006094913841,0.1999999999999998,0.19993361841277887,111.52612066849181,27.86996350047352,-5.98150888264648e-05,5.201128416842948e-09,0.6058014233972966,0.6057583979214933,0.46063978561985836,43.950891100313214,22.75266723756765,23.934056154873296,41.781467943802184,73.04012495387629,13.691104726771547
-46.79959413625,0.018500056369965278,0.12405403237139238,0.579280130909454,0.45522609853806156,1.82886378124e-08,0.732035713647,117.08377873182856,20.923267101107523,0.15161013682182656,0.15166116515242112,138.0070458329361,138.20692797956448,-0.144625272806842,1.5865221429869194,0.19312296653518313,0.05701581497298928,0.238779846245426,0.19307092345561416,0.0570076369695104,0.23876272106321456,0.10456869066182427,0.5473400700286178,0.44277137936679356,0.20000000000000007,0.19993278994445615,110.41491212756473,27.59213370537134,-5.981516583153379e-05,5.35194111250803e-09,0.6048908696111542,0.6048474871124919,0.45853829540240204,43.87190512603208,22.79363061912336,24.19707356716392,41.32731163643801,73.13344791739233,13.67363400026684
-46.34959413625,0.018562556369965278,0.1245156651677434,0.5784964415795941,0.45398077641185075,1.84836052289e-08,0.731181225886,115.99455829384858,20.631678109613194,0.15100817129066754,0.15105963357817664,136.62623640346177,136.82417302944094,-0.14466495327295492,1.5865221429871745,0.19312296653515484,0.056842699276589574,0.23841707001930373,0.1930704720148146,0.05683448548018817,0.23839984370839712,0.1049723837799969,0.5457252975557859,0.440752913775789,0.20000000000000015,0.19993195488496537,109.31028587074223,27.31595053271953,-5.981514974440216e-05,5.3372861685829776e-09,0.603971863964975,0.6039282252812732,0.456447953039372,43.78140032831308,22.84074955348808,24.46036031958764,40.88247216862169,72.89921660712935,13.717568535602105
-45.89959413625,0.018625056369965275,0.1249787540914782,0.5777203527532024,0.45274159866172425,1.86853953526e-08,0.730310852722,114.91193276577982,20.341854603837614,0.15039767092250075,0.1504495736011502,135.25378736961747,135.44979025448424,-0.14470519629341538,1.586522142987856,0.19312296653510638,0.05666822199280964,0.23805088110067907,0.19307003605993128,0.056659953827568346,0.2380335140848203,0.10537196738043476,0.5441269631537927,0.43875499577335797,0.19999999999999996,0.19993109942213896,108.21234895980163,27.04143840981583,-5.981510678987334e-05,5.312195128226449e-09,0.6030442130894436,0.6030002179638467,0.4543788899565263,43.68179409460101,22.892832602853147,24.729299315712417,40.43786227960869,72.34131727654074,13.823359010415558
-45.44959413625,0.018687556369965278,0.1254432513558598,0.5769519461199334,0.4515086947640736,1.8893977724e-08,0.729425330989,113.83600541627042,20.05382422925142,0.14977854764879933,0.14983089133910227,133.88982964552184,134.08391075331429,-0.14474600770668644,1.5865221429885665,0.19312296653498864,0.05649236330674368,0.23768122203224992,0.19306956790842772,0.05648405062138752,0.23766373434200583,0.10576590675099094,0.5425512056709786,0.43678529891998763,0.19999999999999993,0.19993023047937672,107.12120514564819,26.76862449987367,-5.981506200347653e-05,5.2512216797140354e-09,0.6021077714304103,0.602063470605505,0.45233905296684657,43.57360616271851,22.94967270474845,24.997700714854055,40.003679194614215,71.62076703040293,13.962430751062763
-44.99959413625,0.018750056369965275,0.1259091906739337,0.5761915447858262,0.45028235411189255,1.91093501603e-08,0.728525447977,112.76687904530418,19.767614505838274,0.14915071523029844,0.1492034988551661,132.53449355114245,132.72666502946666,-0.1447873931598731,1.5865221429876688,0.19312296653510758,0.05631518247548423,0.23730820145010628,0.19306912584530497,0.05630681852963021,0.23729057825718705,0.10615406050831562,0.5409985906422758,0.43484453013396024,0.19999999999999993,0.19992934907994556,106.03695852482231,26.497535026320154,-5.981511859154409e-05,5.312816853120239e-09,0.6011628141910803,0.6011181701029881,0.4503291741616992,43.45306082099839,23.013338556734237,25.271545815860087,39.57019516283065,62.961916377686165,15.88261694579554
-44.54959413625,0.01881255636996528,0.12637652007981606,0.5754394338021419,0.4490629137223259,1.93316374679e-08,0.727611919501,111.70465596882191,19.48325282401931,0.1485140894713499,0.1485673121997069,131.18790879284126,131.37818297209057,-0.14482935822741627,1.586522142985283,0.19312296653539993,0.056136576065010026,0.23693158519920898,0.19306868982663886,0.05612815990682795,0.23691382379850262,0.10645072934425534,0.5398119152999782,0.4333611859557228,0.20000000000000015,0.19992845424373998,104.95971297241974,26.228195820421494,-5.981526897125278e-05,5.464184660297633e-09,0.6002087481964117,0.600163753992387,0.4487930086761234,43.318857628481275,23.084634608243228,25.543966341688296,39.148188132709,22.53230629075007,44.380721045431486
-44.09959413625,0.018875056369965275,0.12684515310148176,0.574695881957747,0.44785072885626526,1.95611269144e-08,0.726685430734,110.64943800373912,19.20076644062303,0.14786858844608228,0.14792224687994235,129.85020444436216,130.03859383677383,-0.1448719082952854,1.5865221429841019,0.19312296653557962,0.05595670004522434,0.23655168577971358,0.19306820821200674,0.05594824312290541,0.23653380968247523,0.1063986671286755,0.5400201641631965,0.433621497034521,0.2000000000000001,0.1999275586184368,103.88957008369593,25.96063436066622,-5.981534342280881e-05,5.5572435542217136e-09,0.5992463650898109,0.5992010803299203,0.44906258933085585,43.173393126860574,23.162413875175456,25.817838014065924,38.732910147440926,-7.316853587419932,nan
-43.64959413625,0.018937556369965275,0.12731517376875778,0.5739611688041467,0.44664599503538893,1.97978646681e-08,0.725746706875,109.60132645288282,18.920182474855032,0.14721413273705838,0.14726822444807564,128.52150892773784,128.70802622649762,-0.14491504860121296,1.5865221429831862,0.19312296653564567,0.05577541162260924,0.23616818503475281,0.19306777656837307,0.05576690526428103,0.23615017523660878,0.10637142207384626,0.540129144382843,0.43375772230899673,0.2,0.19992666236810394,102.82663260530273,25.694876322435096,-5.981540113220163e-05,5.591438423380168e-09,0.5982748588979633,0.5982292354392319,0.44920366553419616,43.018035719627804,23.24606373283871,26.097780787538802,38.317434273088885,-0.7682370879997571,nan
-43.19959413625,0.01900005636996528,0.12778645328778673,0.5732354379945755,0.44544898470678884,2.00418640727e-08,0.724796362858,108.56042209013198,18.64152790430832,0.14655064568682397,0.14660516787716585,127.2019499944403,127.38660807272507,-0.14495878419130692,1.586522142979254,0.19312296653614197,0.05559280202958922,0.2357812588599637,0.19306728961710684,0.05558425555131906,0.2357631344195251,0.10639033862644813,0.5400534781749169,0.43366313954846875,0.20000000000000004,0.19992575833307433,101.77100368035602,25.430946314084277,-5.9815648989491876e-05,5.8484328491204e-09,0.5972946752098351,0.5972487613326354,0.449105714718475,42.851796160944886,23.336244675582577,26.37623040964596,37.912923282407085,9.950584522418806,100.49660879187408
-42.74959413625,0.019062556369965275,0.12825907885877255,0.5725190221200187,0.4442599432612462,2.02931835739e-08,0.724177006152,107.52682514558286,18.36482956101462,0.1458780536630137,0.14593300817696478,125.89165470659746,126.07446661662465,-0.14500311992838855,1.5865221429768552,0.19312296653643107,0.05540883528658531,0.23539081393840608,0.19306685470216403,0.055400241147379875,0.23537255818676034,0.10647925856792195,0.5396977984104657,0.43321853984254377,0.20000000000000023,0.1999248352982366,100.72278637395851,25.168868332638972,-5.981580017966337e-05,5.998135321760856e-09,0.596305577629575,0.5962593311072566,0.44864528299051915,42.67296498618297,23.434040740402942,26.660285250112967,37.50897601501705,23.93083693388307,41.78708846509773
-42.29959413625,0.01912505636996528,0.1287329115115889,0.5718121434947224,0.44307923198313354,2.05524838377e-08,0.723567906691,106.5006352909268,18.090114127514266,0.14519628633710338,0.14525166775810597,124.59074941844105,124.77172839043511,-0.14504806042899832,1.5865221429750167,0.19312296653670535,0.055223504105214025,0.2349968172235829,0.19306637054863576,0.055214870328927905,0.23497844651994768,0.10664939901001741,0.5390172366434569,0.4323678376334395,0.20000000000000012,0.19992390232999072,99.6820806004883,24.908668817952755,-5.981591606474268e-05,6.140155051070906e-09,0.5953074824418916,0.5952609447165677,0.44776428760772,42.48333137592442,23.53864368948021,26.941856217072353,37.116967440659344,38.105857067001885,26.242684903837503
-41.84959413625,0.01918755636996528,0.12920804430938435,0.571115035379818,0.44190699107043363,2.08192888286e-08,0.722926473143,105.4819516248131,17.817408132934208,0.1445052769774393,0.14456107649191863,123.29935975774731,123.47851919897086,-0.1450936101159872,1.5865221429731393,0.19312296653689504,0.05503688510294097,0.23459941411465837,0.19306593645228415,0.05502820804544395,0.2345809200370822,0.10689098131837707,0.5380509074109671,0.43115992609259,0.1999999999999997,0.19992296605951523,98.64898604173924,24.650373716008076,-5.9816034403414875e-05,6.238365379829247e-09,0.5943007579803286,0.5942539077170262,0.44651336280826687,42.28309030947422,23.65011622095024,27.229506142302306,36.7248673102614,49.657518154599515,20.13793756036467
-41.39959413625,0.019250056369965275,0.12968439663430328,0.5704279616084004,0.44074356497409706,2.10935866151e-08,0.722254002082,104.47087265847017,17.54673794916512,0.143804962757295,0.14386118238859263,122.0176106076353,122.19496410127482,-0.1451397731027093,1.5865221429738265,0.19312296653687455,0.05484885355960867,0.23419832100083182,0.19306550858092095,0.05484013200410454,0.23417970023916365,0.1071844944164244,0.5368768550186765,0.42969236060225213,0.20000000000000004,0.19992201361629552,97.62360419830777,24.39400640932751,-5.9815991082512454e-05,6.227773852174323e-09,0.5932846857856584,0.5932375145989123,0.44499353788350937,42.06789846504574,23.771094741775634,27.515421276346405,36.34325602202023,57.70325625164036,17.330044523641114
-40.94959413625,0.01931255636996528,0.13016184894657978,0.569751176755125,0.4395893278085452,2.13753782269e-08,0.721551784928,103.46749630130368,17.278129786964023,0.14309528507751768,0.14315192389293768,120.7456260882677,120.92118739241774,-0.14518655327150354,1.5865221429716176,0.19312296653706792,0.05465959348806357,0.23379391242729902,0.19306500912637783,0.054650838005906206,0.23377518689096627,0.10751072684074563,0.5355719253223568,0.4280611984816111,0.1999999999999999,0.1999210494223769,96.60603380753929,24.139592280728408,-5.981613031558197e-05,6.32789376453502e-09,0.5922602146773597,0.5922127780693941,0.44330429071628424,41.843059718247275,23.89882591601951,27.801696399510664,35.96902813518965,63.04705928444759,15.861168012425908
-40.49959413625,0.019375056369965275,0.13064054383074958,0.5690848695830643,0.4384443257523147,2.16644735347e-08,0.720821147521,102.47191984672357,17.011609692204324,0.14237618990542053,0.14243324548685884,119.48352953892791,119.65731258544957,-0.14523395417020968,1.5865221429692358,0.19312296653738661,0.05446895253197251,0.2333858447549305,0.19306457641701505,0.054460153949493384,0.23336699413047549,0.10785910366063288,0.5341784180444024,0.42631931438376947,0.20000000000000018,0.1999200758695973,95.59637324833817,23.887156290589736,-5.981628043993936e-05,6.492917314915303e-09,0.5912264741289823,0.5911787206405754,0.4415003788054577,41.608667845895084,24.033453887629218,28.09267107555866,35.59647273519767,67.07306269003415,14.909114924739853
-40.04959413625,0.01943755636996528,0.13112029332570468,0.568429215773056,0.43730892244735137,2.1961878862e-08,0.720063305895,101.48423995803078,16.74720354206153,0.1416476281290472,0.1417050947255449,118.23144350009231,118.40346239350436,-0.14528197903567186,1.586522142968602,0.19312296653744815,0.05427705488161128,0.23297436528856835,0.19306406495004158,0.05426822296837543,0.2329554098285237,0.10822551062300052,0.5327127901952392,0.4244872795722387,0.1999999999999998,0.1999190977069815,94.59471999495992,23.636723505132416,-5.981632038576379e-05,6.524780715722045e-09,0.590184090627407,0.5901360715634417,0.43960310594920726,41.36148504538003,24.177081623226133,28.383269423130717,35.23202296015476,70.47675212495358,14.18907611160946
-39.59959413625,0.019500056369965275,0.13160123385362374,0.5677845709551052,0.4361833371014814,2.2267903854e-08,0.719279550138,100.50455265443381,16.48493704129318,0.14090955592821333,0.14096742754269423,116.98948969572697,117.15975871206119,-0.14533063076092034,1.5865221429699734,0.19312296653729016,0.054083818828429296,0.23255928024576722,0.19306363418787964,0.05407494622668497,0.2325402034631538,0.10860694475189221,0.531187053678883,0.42258010892699077,0.1999999999999999,0.19991811497691517,93.60117144364601,23.38831825208098,-5.981623394379909e-05,6.4429794832676635e-09,0.5891325732717735,0.5890842468664841,0.43762802170152143,41.10345432386996,24.328855480627357,28.685007467390438,34.86141675705734,73.48888923248273,13.607499180406597
-39.14959413625,0.019562556369965275,0.13208318453593682,0.5671510058109742,0.4350678212750374,2.25815893924e-08,0.71847103564,99.53295329723818,16.224835718526258,0.14016193516201905,0.1402202044702413,115.75778901576443,115.92632260136435,-0.1453799118423249,1.586522142972073,0.19312296653707386,0.05388921276932398,0.23214050221648952,0.19306313229256958,0.05388030692967557,0.2321213194208485,0.10900181701194231,0.5296075646376012,0.42060574762565883,0.2,0.1999171290297414,92.61582417290228,23.141964842862162,-5.9816101605214556e-05,6.330957980082985e-09,0.5880717006299364,0.588023105666335,0.4355833541647084,40.834966253915326,24.488816613240576,28.98410451937392,34.50166967661766,76.17478791603986,13.127703106993929
-38.69959413625,0.019625056369965276,0.13256626017859158,0.5665288284342638,0.4339625682556722,2.2903069722e-08,0.717638975925,98.56953657605519,15.966924922590403,0.13940473377361334,0.139463392586725,114.5364614986456,114.70327426900347,-0.14542982440646224,1.5865221429689178,0.1931229665374971,0.05369334247342433,0.23171823940601727,0.19306269647398702,0.053684399277253984,0.23169894103610827,0.10940787429023144,0.5279833355265591,0.4185754612363276,0.19999999999999982,0.19991614084101245,91.63877413025116,22.897687368394433,-5.981630047946496e-05,6.550116005143991e-09,0.587002000139517,0.5869531123965184,0.43348077006933616,40.556902151335414,24.65671555161106,29.28833737354883,34.14328328869667,78.21457075008358,12.785341534319311
-38.24959413625,0.019687556369965276,0.13305038402706681,0.5659181613174991,0.43286777729043224,2.32325348319e-08,0.716784500282,97.61439649528602,15.71122981884784,0.13863792621182586,0.13869696950163496,113.32562631413388,113.49073305265856,-0.14548037014446846,1.5865221429648486,0.19312296653792865,0.053496072467899516,0.2312921798675855,0.1930622749945349,0.05348709129586732,0.23127276384362105,0.1098202471212489,0.5263338442046481,0.41651359708339925,0.19999999999999998,0.19991514469270472,90.67011733215242,22.65550898198146,-5.9816556963188106e-05,6.7735816955405426e-09,0.5859226815589897,0.5858734957679563,0.4313454837385278,40.26701864882627,24.834220003251932,29.589257520661366,33.79604909997243,78.64871237370915,12.71476633016413
-37.79959413625,0.01975005636996528,0.1335354039165196,0.565319162803418,0.43178375888689835,2.35701214736e-08,0.715908648346,96.66762636063088,15.457775385647208,0.13786149387117194,0.13792091346548968,112.12540174627809,112.28881740301004,-0.1455315502570942,1.5865221429623046,0.19312296653825256,0.0532976213801884,0.230862776081785,0.193061757945977,0.0532886116558834,0.230843262097648,0.11022685249738882,0.524707422701707,0.41448057020431817,0.20000000000000018,0.19991414095157897,89.70994837732023,22.41545336895786,-5.981671731269955e-05,6.941291985640419e-09,0.584834891138268,0.5847854571888792,0.42924006156563516,39.96644898256704,25.02098698926667,29.88984828341493,33.45617517084799,75.57989232350654,13.231032345477214
-37.34959413625,0.01981255636996528,0.13402149895673302,0.5647321455448755,0.4307106465881425,2.39160972308e-08,0.715012584019,95.72931876574697,15.206586410698813,0.1370754255487656,0.13713520962905024,110.93590517644579,111.0976448668164,-0.1455833654840366,1.5865221429652345,0.19312296653788086,0.0530978149307605,0.2304296311908703,0.19306134412618617,0.05308877012008463,0.2304100043836739,0.11060354252918234,0.523200662572674,0.4125971200434916,0.2000000000000001,0.19991312724678695,88.75836144866948,22.1775437277763,-5.9816532649303866e-05,6.7488237220914016e-09,0.5837376235344364,0.5836879037751703,0.4272895424795644,39.654249615944615,25.21797814068102,30.201036861449737,33.1114459608655,17.51724019490777,57.08661803305627
-36.89959413625,0.019875056369965276,0.13450841385087042,0.564157210759369,0.42964879690849855,2.42704655707e-08,0.71409722588,94.7995655790223,14.957687487576768,0.13627971791987784,0.13633985929483733,109.75725306659906,109.91733207016199,-0.1456358160701665,1.5865221429631495,0.19312296653809424,0.052896725860218964,0.22999288219468655,0.19306083069817548,0.052887655234442596,0.22997316198731232,0.11040816780840494,0.5239821614568513,0.4135739936484463,0.19999999999999984,0.19991208556248583,87.81545170044568,21.941801366153364,-5.981666406640329e-05,6.85933532196259e-09,0.582631225803399,0.5825812694374191,0.4283012021723841,39.33117750944067,25.42512234117501,30.50025344053428,32.78661280469946,-36.37343769659115,nan
-36.44959413625,0.01993755636996528,0.1349963132433537,0.5635946120446241,0.4285982988012704,2.46328377282e-08,0.713163674013,93.87845793062726,14.711103012213194,0.13547437603101506,0.13553486796192987,108.58956094284046,108.74799470187709,-0.14568890163993986,1.5865221429648966,0.1931229665379168,0.05269448040748381,0.22955278348886082,0.19306040034141042,0.05268537830111489,0.2295329568953332,0.11022749891108787,0.5247048370452304,0.41447733813414256,0.20000000000000007,0.19991105670185533,86.88130706796672,21.708253874873755,-5.981655394338148e-05,6.767453264444612e-09,0.5815163423948216,0.5814661165253059,0.4292367144027019,39.002947533004004,25.63908789595472,30.805859615007563,32.46135678398126,-31.961560048843623,nan
-35.99959413625,0.020000056369965276,0.13548511945268477,0.5630443180954814,0.4275591986427966,2.50038446108e-08,0.712212812581,92.96608619944584,14.466857179433616,0.13465941381140356,0.1347202484144334,107.43294337887944,107.58974749713106,-0.14574262129929405,1.5865221429653604,0.19312296653788502,0.05249090828323436,0.22910894413626537,0.19305999051159708,0.05248177419764417,0.2290890093340232,0.11007704504781764,0.5253066524981558,0.41522960745033816,0.1999999999999998,0.19991002182764211,85.95602132299983,21.47692205587963,-5.981652471120924e-05,6.750999759219667e-09,0.5803919829642391,0.5803414829741705,0.4300157717356875,38.664535721089486,25.863494319797358,31.11508252730563,32.138754545241234,-24.854182964918238,nan
-35.54959413625,0.02006255636996528,0.13597460878965975,0.562506460971555,0.42653185218189527,2.53839783729e-08,0.711245541141,92.06254000040725,14.224973979524558,0.1338348546021161,0.13389602180145993,106.28751397993182,106.44270422120181,-0.1457969735036868,1.5865221429628602,0.19312296653819186,0.05228617225742097,0.22866169827371827,0.19305943720959504,0.05227701367472493,0.22864167090608162,0.10996956105173977,0.5257365884839996,0.41576702743225985,0.2000000000000001,0.19990899029891188,85.03968437882217,21.24782960110965,-5.9816682296265355e-05,6.909872674043527e-09,0.5792589939662981,0.5792082594842368,0.43057232903344683,38.31759406262055,26.097671956275477,31.41725199623832,31.829645702932037,-14.645196878293897,nan
-35.09959413625,0.020125056369965276,0.13646506209046863,0.5619812773006733,0.42551621521020466,2.57725485764e-08,0.710262807924,91.1679081717769,13.985477194877587,0.13300073170361823,0.1330622176852259,105.15338536665448,105.30697765342181,-0.14585195605254508,1.5865221429588934,0.1931229665386788,0.05208024311751455,0.22821096186974577,0.19305903006518005,0.05207105560156638,0.22819083154580594,0.10992487782490276,0.5259153213937825,0.4159904435688797,0.19999999999999973,0.19990795898324112,84.13238671782838,21.020998648826108,-5.981693232959273e-05,7.1620043229359e-09,0.5781171625276259,0.5780661672307231,0.43080370093150755,37.96462228192623,26.34031210883583,31.731181912820503,31.51474164269832,0.08929001178614966,11199.460947491065
-34.64959413625,0.020187556369965276,0.13695629127402648,0.5614687986421755,0.424512507368149,2.61700741741e-08,0.709265435553,90.28227876266243,13.748390396617008,0.13215708894044603,0.13221888398728507,104.03066915927944,104.18267957130473,-0.14590756606643884,1.5865221429604117,0.1931229665384816,0.05187303756957535,0.22775653134339605,0.1930586284666104,0.051863822250656534,0.22773629980891613,0.10997048914291943,0.5257328761207285,0.4157623869778091,0.2000000000000002,0.19990691667785768,83.23421884771358,20.796450311565852,-5.981683662836801e-05,7.0599082135913704e-09,0.5769659729252212,0.5769147212359446,0.43056752333422393,37.60313325789074,26.5935286068258,32.03609443927033,31.21479123791647,17.774539102793682,56.26024923722645
-34.19959413625,0.020250056369965276,0.13744810796811424,0.5609689235639851,0.42352081559587085,2.65759444845e-08,0.708254163365,89.40573902068849,13.513736941302641,0.13130398124348552,0.1313660685374738,102.91947596199113,103.06992073485064,-0.1459637999009833,1.586522142962098,0.19312296653830094,0.051664797099973854,0.22729891574746647,0.1930580771953405,0.051655562177319196,0.22727860035058117,0.11010952358412701,0.5251767383549956,0.41506721477086855,0.2000000000000001,0.19990587881882535,82.34526767223632,20.574208289754804,-5.981673034671786e-05,6.966360821536455e-09,0.5758067147209716,0.5757552505866158,0.42984759631627284,37.24032850481592,26.85260952707976,32.34045458531651,30.921024853312627,35.76799987880183,27.957951336067225
-33.74959413625,0.020312556369965276,0.1379408164695674,0.5604817930227252,0.42254097655315775,2.69906619653e-08,0.70722988528,88.53837537970375,13.28153996765737,0.13044147524918945,0.13050384348207092,101.81991534736112,101.96881087103571,-0.1460206531808228,1.5865221429602412,0.1931229665384821,0.051455329051496905,0.2268376711472257,0.19305768480439442,0.051446069957981476,0.22681726115527776,0.11034143400293692,0.5242490966806617,0.4139076626777247,0.2000000000000003,0.1999048351166201,81.46562195825868,20.35429338910244,-5.981684737532689e-05,7.060152462656788e-09,0.5746382633138276,0.5745865595458067,0.4286467530255867,36.87414614880154,27.11927202231641,32.6579796169941,30.62038778049926,52.84215317818303,18.924285629088832
-33.29959413625,0.020375056369965276,0.13843408788298606,0.5600072744429674,0.4215731865599813,2.74144490196e-08,0.706193221894,87.68027344778214,13.051822393322677,0.12956964991486594,0.12963227097465901,100.73209584110482,100.87945865848397,-0.14607812069851178,1.5865221429602434,0.19312296653844727,0.05124469741181906,0.2263729166923885,0.19305717807905715,0.051235423970398146,0.22635243310023895,0.1106560427776127,0.5229906615817869,0.41233461880417416,0.2,0.1999038118375252,80.59536590808506,20.136729933019772,-5.9816847242100124e-05,7.0421224407368754e-09,0.5734609205407144,0.5734090303244206,0.42701769367355136,36.50834498530738,27.390997877401606,32.96460652519603,30.33556609376375,67.33661965682985,14.85076033065422
-32.84959413625,0.020437556369965276,0.13892815277282916,0.5595452385762826,0.4206170858034534,2.78467584336e-08,0.705144993032,86.8315179952772,12.824606911687644,0.12868859715005182,0.1287514654451968,99.65612490696485,99.80197171232481,-0.1461361963672969,1.5865221429572116,0.19312296653885722,0.05103302042739213,0.2259048924379287,0.19305677548221875,0.05102372830150788,0.22588432504604625,0.11103528836526315,0.5214736792332352,0.410438390867972,0.20000000000000007,0.19990277736453202,79.73458875667586,19.921536150288986,-5.981703833368712e-05,7.254397083045205e-09,0.5722752945227283,0.572223192020121,0.4250539418005102,36.15616711446897,27.657798926364077,33.27746081372315,30.050369696104163,78.38933355096593,12.756837629571578
-32.39959413625,0.020500056369965276,0.13942296134307844,0.5590951381425365,0.4196721767994581,2.82875118902e-08,0.704085794926,85.99219294297383,12.599915988713775,0.12779842246243045,0.12786152308306706,98.59210893168762,98.73645656923759,-0.146194873267258,1.5865221429581873,0.19312296653872618,0.050820142521583726,0.22543323295730763,0.1930564034894231,0.050810832685592916,0.2254125832459069,0.11146016259219364,0.5197741823248551,0.4083140197326614,0.2000000000000003,0.19990174678489822,78.88337413703628,19.708734794651317,-5.981697683843379e-05,7.186540251780116e-09,0.5710804595402986,0.5710281485011427,0.4228539226380692,35.81013941608444,27.925051851399417,33.594679419144775,29.766618324392308,86.60281297792523,11.546969037309408
-31.94959413625,0.02056255636996528,0.13991827620654956,0.558656775115005,0.41873849890845544,2.87373195581e-08,0.70301624579,85.16238135057183,12.377771859830261,0.1268992456176524,0.1269625614526678,97.5401532104021,97.68301867268288,-0.14625414347553267,1.5865221429577168,0.1931229665387514,0.05060620578364332,0.22495823119780106,0.19305587582910078,0.050596888243733054,0.22493752075572687,0.11191912379932081,0.5179383374964722,0.40601921369715144,0.20000000000000004,0.19990072411437412,78.04180595341572,19.498347256986374,-5.9817006492490776e-05,7.1996186790102e-09,0.5698771577043495,0.5698246928187511,0.4204773994551419,35.461574467912065,28.199537527722153,33.90756020056426,29.491947933881683,93.03264806937764,10.748914717060034
-31.49959413625,0.020625056369965276,0.14041436954029216,0.5582303837632838,0.41781601422299164,2.91964621694e-08,0.701937028941,84.34216540510249,12.15819652685548,0.12599120131205493,0.12605471868908794,96.50036193195798,96.64176235832298,-0.1463139981250805,1.5865221429613832,0.19312296653833053,0.050391166521055804,0.22447976862304497,0.1930555110996615,0.05038183543675232,0.22445898386287041,0.11240432544081988,0.5159975309283715,0.4035932054875516,0.20000000000000015,0.19989970443164146,77.20996810421316,19.290393827744825,-5.98167753995682e-05,6.981681899276282e-09,0.5686650887317314,0.5686124355792376,0.41796500203990467,35.104117858998556,28.48668649121633,34.2349058108162,29.209953301056235,98.2770998692252,10.17531043682276
-31.04959413625,0.02068755636996528,0.14091099043314803,0.5578160840858177,0.4169050936526697,2.96650984883e-08,0.700848702609,83.53162640963882,11.941211754987233,0.12507443985688077,0.12513813783600414,95.47283816462604,95.61279083963315,-0.14637442728958616,1.5865221429632663,0.19312296653814945,0.05017492933276091,0.22399761010502078,0.1930551614952362,0.05016558750879798,0.2239767566262133,0.11291058125278719,0.5139725076795998,0.4010619264268126,0.19999999999999973,0.19989869894476073,76.3879420309536,19.084896133672444,-5.981665670562464e-05,6.887912462616441e-09,0.567443656982595,0.5673908297480993,0.4153435851195993,34.727546616670296,28.795584411366654,34.558698230146206,28.936275126465297,102.71109275833537,9.736046741833992
-30.59959413625,0.020750056369965277,0.1414078243391307,0.5574140538515961,0.41600622951246546,3.01433233861e-08,0.699751762065,82.7308447720878,11.726839069756247,0.12414912787181157,0.12421298607134035,94.45768384184404,94.5962061937044,-0.14643542001748777,1.5865221429630605,0.1931229665381239,0.049957678535733706,0.22351214404531514,0.19305463492234406,0.049948338050027685,0.22349124826271763,0.11343403859004404,0.5118786783304431,0.39844463974039906,0.1999999999999998,0.19989770662037804,75.57580946918668,18.881874372657364,-5.9816669673029566e-05,6.874678604162909e-09,0.5662138463782267,0.5661609119773318,0.41263309787563207,34.34065011396467,29.12000782400298,34.87396414051422,28.67468682283433,106.4560959168065,9.393543802146208
-30.14959413625,0.02081255636996528,0.14190519446930805,0.5570245246375104,0.41511933016820235,3.06307093573e-08,0.698646853312,81.93989999421643,11.515099754125707,0.12321544898757524,0.12327944164492298,93.45499974834215,93.59210934723636,-0.1464969641676972,1.5865221429673793,0.1931229665375783,0.04973938108185292,0.22302327475367434,0.19305430911940444,0.04973003677748672,0.22300232460108285,0.11397089795499331,0.5097312408679171,0.3957603429129238,0.20000000000000007,0.19989673514766973,74.77365041542225,18.68134933291989,-5.981639745744616e-05,6.592171253316792e-09,0.5649754145105604,0.5649223423764629,0.40985321428562943,33.944931346415935,29.459479231074795,35.20469546104363,28.40530181851928,109.36760916766887,9.143474997857217
-29.69959413625,0.020875056369965277,0.14240279070561843,0.5566475969602228,0.41424480625460436,3.11278898473e-08,0.697534403802,81.15887066068157,11.30601484555163,0.1222736045543416,0.12233771095934774,92.4648855062332,92.60060006272593,-0.1465590464865163,1.5865221429743372,0.193122966536727,0.04951992153451703,0.22253072042870178,0.19305399633428386,0.04951057605539463,0.22250972126043084,0.11451604912113265,0.507550636199105,0.39303458707797234,0.2000000000000002,0.1998957756844855,73.98154549438757,18.483340011845627,-5.981595888604474e-05,6.15136830361962e-09,0.5637276475040555,0.5636744512006134,0.40703039534907304,33.52918327670908,29.824764645986658,35.53564157323581,28.140761098658896,110.88207600178666,9.018590164057596
-29.24959413625,0.020937556369965277,0.14290028711420102,0.5562834316164467,0.41338314450224567,3.16345968476e-08,0.696414857883,80.3878344283773,11.099605133120283,0.12132381435441925,0.1213880041160029,91.4874395614976,91.62177692484916,-0.14662165247215642,1.5865221429713736,0.19312296653709493,0.04929945788977829,0.2220348123375663,0.1930535069950374,0.049290123834868485,0.22201379199245366,0.11506039834433326,0.5053732393081398,0.3903128409638066,0.2000000000000002,0.1998948415181514,73.19957232945058,18.287867232047017,-5.9816145692170863e-05,6.341882574645297e-09,0.5624713845437977,0.5624181345939598,0.40421172891789475,33.1033338429165,30.208437758723854,35.858645558828755,27.887277514691014,110.76446272846398,9.028166393507206
-28.79959413625,0.021000056369965277,0.14339798882688215,0.555932226103961,0.41253423727707883,3.21507046723e-08,0.695288738379,79.62686801582271,10.895891154695386,0.1203663173166292,0.12043057147091855,90.5227591705181,90.65573732703714,-0.14668476639192463,1.5865221429771958,0.1931229665363669,0.04907797611119865,0.22153549627813293,0.19305321573494852,0.04906864780406126,0.22151444152483887,0.11559690594314614,0.5032272089092493,0.3876303029661032,0.2000000000000004,0.19989391250338767,72.4278106693213,18.09494850119678,-5.9815778707950074e-05,5.9648952444035785e-09,0.561206488321815,0.5611531512071886,0.4014336667889058,32.66878308417273,30.610261711415777,36.19238921046094,27.63011842586405,104.75429301789053,9.546148145252761
-28.34959413625,0.021062556369965277,0.14389557706618422,0.5555940730881833,0.4116984960219991,3.26763454154e-08,0.694156439876,78.87604719275808,10.694893194180295,0.11940137223053955,0.11946566517476798,89.57094038693837,89.70257745824966,-0.1467483711630857,1.5865221429799239,0.19312296653602365,0.04885540355074401,0.22103258481668264,0.19305294243646046,0.04884608441833368,0.22101150290954016,0.11607590878370778,0.5013111975452895,0.38523528876158175,0.19999999999999984,0.19989300000246962,71.66633639995088,17.90460398698748,-5.981560675660802e-05,5.7871707426215835e-09,0.5599324840202066,0.5598790781178862,0.398953367063173,32.21328482414695,31.043093104569202,36.52441657591684,27.3789452029022,8.892772418509047,112.4508705427614
-27.89959413625,0.021125056369965277,0.1443926707617147,0.5552691126078851,0.41087644184617045,3.32112171396e-08,0.693018319933,78.13544676988704,10.496631278704976,0.11842925845595383,0.11849356545357387,88.63207804859202,88.76239228994397,-0.1468124483692157,1.5865221429833778,0.19312296653559283,0.048631879775712886,0.22052636979670456,0.19305246308657725,0.04862257265124244,0.22050526671996395,0.11568303576436667,0.5028826896204975,0.38719965385613087,0.20000000000000004,0.1998921438329319,70.91522195509121,17.7168560935008,-5.981538905297512e-05,5.5640825280534045e-09,0.5586501109537206,0.5585966514233541,0.4009876824321805,31.74927273537073,31.49678445660696,36.85053321459183,27.136649398712816,-63.56525219067949,nan
-27.44959413625,0.021187556369965277,0.14488963619401987,0.5549574791300149,0.4100678429359951,3.37557030403e-08,0.691874847801,77.40514058871513,10.301125175972357,0.11745027662687041,0.11751456605612821,87.70626576468747,87.83527556324157,-0.14687697821498258,1.5865221429803806,0.19312296653600683,0.04840738352375463,0.22001678009587047,0.19305221778263648,0.048398094466882126,0.21999566920028704,0.11546128074861889,0.5037697096855553,0.38830842893693646,0.19999999999999998,0.199891335329805,70.17454318419334,17.53172258049414,-5.981557796852499e-05,5.77844438964803e-09,0.5573591889511761,0.5573057096136663,0.4021359405609339,31.27813972606394,31.97121084431707,37.18391066846035,26.89335204454993,-15.746419605479275,nan
-26.99959413625,0.021250056369965277,0.14538610266390703,0.5546592494630751,0.40927314679916804,3.43100882539e-08,0.690725938425,76.68520151168653,10.108394391558809,0.11646474934426404,0.11652898923484971,86.79359590324532,86.92131977629282,-0.1469419394185545,1.5865221429792065,0.1931229665361295,0.04818189367822964,0.21950374410982068,0.1930519971192104,0.048172627148519345,0.21948263518674854,0.11553046045146277,0.5034929908747958,0.38796253042333306,0.2000000000000001,0.1998905488428134,69.44437638210427,17.34921952114107,-5.981565197599181e-05,5.841971351117081e-09,0.5560595366202817,0.5560060622796512,0.4017777247362418,30.785209946075483,32.48313075504884,37.51941705448018,26.652866129235086,39.817680273200395,25.114471589975018
-26.54959413625,0.02131255636996528,0.14588166150329154,0.5543745336660898,0.4084928721627983,3.48733759533e-08,0.689571459446,75.97570141231645,9.918458166321972,0.11547302185594303,0.11553718994588542,85.89415957863842,86.02061617183999,-0.147007309211733,1.5865221429771783,0.19312296653642272,0.047955452159652835,0.2189873333315259,0.1930515678585435,0.04794620742480428,0.2189662243927229,0.11584685892304553,0.5022273969899308,0.38638053806688527,0.20000000000000012,0.19988977639136837,68.72479522713988,17.169364351498547,-5.98157798181731e-05,5.993805451964818e-09,0.5547513350711517,0.5546978606906708,0.40013939824932526,30.283815834308363,33.0209378326461,37.852882230273686,26.41806755735572,78.86305665255293,12.680208483494386
-26.09959413625,0.021375056369965277,0.14637662724596598,0.554103408681524,0.40772678143555796,3.54465290057e-08,0.688412022764,75.27671116554924,9.731335473793358,0.11447546271801518,0.11453952340607489,85.00804663934261,85.13325472498065,-0.14707306333172632,1.5865221429787737,0.19312296653619584,0.04772808840776648,0.21846759120694878,0.19305133921332848,0.0477188741670547,0.21844650184210937,0.11629160044893568,0.5004484308852352,0.3841568304362995,0.19999999999999973,0.19988904962466858,68.01586898615491,16.992177653187696,-5.981567925417153e-05,5.8763216514989836e-09,0.5534346943636027,0.5533812695690147,0.3978365052577766,29.77670762526061,33.58329646732554,38.20499202036128,26.174589945393834,99.00683482287312,10.100312789405265
-25.64959413625,0.02143755636996528,0.14687068918156765,0.5538459408526311,0.4069752516710634,3.6029242259e-08,0.687248132286,74.58830063834797,9.547045017645283,0.1134724644346334,0.11353638441190342,84.13534565599326,84.25932413112864,-0.1471391758880336,1.586522142983224,0.19312296653562694,0.04749959819549802,0.21794402537233734,0.19305117395258836,0.04749042047696147,0.21792296913579687,0.11679732323984582,0.4984255397187524,0.3816282164789066,0.1999999999999996,0.1998883659189626,67.31766889678968,16.817676759203582,-5.9815398756324356e-05,5.5817350741449445e-09,0.552108367213399,0.5520550263413272,0.3952178483441075,29.255582556447532,34.181510420123686,38.582725410554595,25.918334937698376,107.24282291435284,9.324633321137288
-25.19959413625,0.021500056369965277,0.14736364846701577,0.5536021173375563,0.4062384688705405,3.66203347816e-08,0.686080220827,73.9105386802992,9.365605229220769,0.11246444407172065,0.11252819112615915,83.27614390951997,83.3989117941778,-0.14720561937403565,1.5865221429796876,0.19312296653607813,0.047269931644692544,0.2174164934973714,0.19305103202908813,0.047260795308777366,0.2173954813439722,0.11731467933466953,0.4963561153417117,0.37904143600704215,0.20000000000000034,0.1998877147931289,66.6302658066623,16.64587810285769,-5.981562165580101e-05,5.8153704074470625e-09,0.5507719930611693,0.5507187638630521,0.3925389536290849,28.718217531956352,34.82110262892342,38.94946214491062,25.674295482682712,24.75651873829565,40.393401454022225
-24.74959413625,0.021562556369965277,0.14785505628215814,0.5533719765856757,0.4055169203035176,3.72203551351e-08,0.684908654036,73.24349311448701,9.187034265036353,0.1114518438386033,0.1115153772406313,82.43052737952337,82.55210381486448,-0.14727236463139004,1.5865221429775016,0.19312296653640834,0.04703932182149755,0.21688550394504827,0.19305066475773702,0.04703022954791069,0.21686454193323235,0.11703315280978958,0.4974822214428821,0.3804490686330925,0.19999999999999984,0.1998870924485297,65.95372893263152,16.476798446891845,-5.9815759434478366e-05,5.986366957699829e-09,0.5494268597213603,0.549373757544792,0.3939967115036454,28.176356144451884,35.49074958001292,39.311301281799125,25.43797756354083,-76.70020637668966,nan
-24.29959413625,0.021625056369965277,0.14834530172130517,0.5531554973170185,0.40481019559571335,3.78297460069e-08,0.683733820298,72.58723072840239,9.011350004398533,0.11043513163429518,0.11049842268035596,81.59858073280093,81.71898497933263,-0.14733938088212772,1.5865221429825598,0.1931229665356792,0.04680764636392967,0.2163507484709255,0.19305056895882244,0.046798606326139996,0.2163298553740098,0.11658437008993415,0.499277352318659,0.38269298222872483,0.19999999999999962,0.19988653068886922,65.28812352098574,16.310457211815184,-5.9815440622834615e-05,5.608802311485306e-09,0.5480721863313834,0.5480192587340126,0.39632052998677086,27.632110660108264,36.18977979281449,39.68602033001819,25.197789843483196,-79.45549206679551,nan
-23.84959413625,0.021687556369965277,0.1488339338988206,0.5529526093189886,0.404118675420168,3.84478335776e-08,0.682556015012,71.94181726524349,8.838570047050789,0.10941480155178226,0.10947781287929148,80.78038731229428,80.899638747899,-0.14740663549355215,1.5865221429899863,0.19312296653480462,0.046574928500736426,0.21581225289759715,0.19305049857328754,0.046565946172480326,0.21579144137912495,0.11627366827641221,0.5005201595683738,0.3842464912919616,0.20000000000000004,0.19988603422443915,64.63351604932559,16.146871262968705,-5.981497251950074e-05,5.1559423397407045e-09,0.5467080383065224,0.5466553173683666,0.39792935890152026,27.07074726911249,36.9402436533768,40.05397168363519,24.96631315112676,-43.01470661727343,nan
-23.39959413625,0.021750056369965277,0.1493205252463861,0.5527632215366057,0.40344269629021967,3.90740352158e-08,0.681375506921,71.30731741510375,8.668711710797906,0.10839137433481788,0.10845406637258187,79.97602912590166,80.09414724402181,-0.14747409415607482,1.5865221429877867,0.19312296653508326,0.04634127721739169,0.21527024229417238,0.19305023356262774,0.04633235518585271,0.2152495184334978,0.11617172606449946,0.5009279284174212,0.38475620235292174,0.19999999999999996,0.19988559353079668,63.98997307583453,15.986056050067134,-5.981511116415206e-05,5.30022692402099e-09,0.5453349858048171,0.5452824869264468,0.39845722057445554,26.507913286553528,37.724583945551935,40.40589861980056,24.748861779056156,3.287542379933225,304.1785882682101
-22.94959413625,0.021812556369965277,0.14980534629649167,0.5525871948697123,0.40278184857322064,3.97093717514e-08,0.680192587581,70.68379480646712,8.501792029264074,0.10736539778256439,0.10742772915312294,79.1855868357312,79.30259124347,-0.14754172077376948,1.5865221429884382,0.19312296653496963,0.046106821307859,0.21472498994727884,0.193050179688152,0.04609796908596625,0.2147043760289162,0.1163052424541545,0.5003938628582321,0.38408862040407754,0.19999999999999996,0.1998852102754225,63.35755916028834,15.82802767544286,-5.9815070097002376e-05,5.2413851037158565e-09,0.5439537211317049,0.5439015007655363,0.397765866292925,25.948167428508008,38.53836702553984,40.75941107198485,24.534211209134217,48.53403253169826,20.604098770216257
-22.49959413625,0.021875056369965278,0.15028805754220478,0.5524242989058512,0.40213624136364645,4.03535196816e-08,0.679007508076,70.07131199786433,8.337827749640757,0.10633744709469359,0.10639937958116565,78.40913974750508,78.52505016369665,-0.14760947742146202,1.5865221429931293,0.19312296653441025,0.0458714641536116,0.2141762455400029,0.19305019883307076,0.045862689271898856,0.21415575937130166,0.11663715705964227,0.499066204433481,0.3824290473738387,0.2000000000000003,0.199884884658734,62.73633789288447,15.672801854620609,-5.981477441130423e-05,4.951727916591153e-09,0.5425636101699522,0.5425117134265892,0.3960471965146981,25.38693548637292,39.390339197764746,41.12510539246191,24.316047106916265,82.69365880259453,12.092825671037122
-22.04959413625,0.021937556369965278,0.15076843281593863,0.5522741327035088,0.4015056998875701,4.10064114624e-08,0.677820501029,69.46993046964815,8.176835330474681,0.10530812515132144,0.10536962032941481,77.64676580012284,77.76160205341344,-0.14767732435826408,1.5865221429974528,0.19312296653387098,0.04563521285911412,0.21362399879019708,0.19305024530866788,0.04562652146591685,0.21360365508557397,0.1170951949983626,0.4972340526759034,0.38013885767754085,0.1999999999999999,0.19988462734049173,62.126370953970834,15.520394846151989,-5.9814501895960603e-05,4.672506825897926e-09,0.5411646268722302,0.5411130910270815,0.39367545405702087,24.82333170994442,40.28468102850965,41.4884741107819,24.103079745227916,104.54357292782292,9.565389549966902
-21.59959413625,0.022000056369965278,0.15124602507364326,0.5521364051746117,0.40089038010096845,4.16673982653e-08,0.676631773334,68.87971061592087,8.018830939528879,0.10427806272173169,0.10433907756183337,76.89854155544975,77.01232358236918,-0.14774522002017898,1.586522142994226,0.1931229665342514,0.045398138826953725,0.21306839002290726,0.1930500972743508,0.045389534770118554,0.21304819823250926,0.11763016710204521,0.49509416426307595,0.37746399716103074,0.19999999999999998,0.19988444736549926,61.527719073425786,15.370822482023954,-5.9814705288818715e-05,4.869482594926922e-09,0.5397571267180334,0.539705975710756,0.3909053428013345,24.261257631406266,41.21797868819039,41.83759667107858,23.901946564040525,117.98260704929682,8.475825589971654
-21.14959413625,0.02206255636996528,0.1517210674714936,0.5520109826667836,0.40028991519529,4.23371297116e-08,0.6754415534,68.30071173669442,7.863830451667877,0.10324791859471644,0.10330840748295711,76.1645421883623,76.27729003133183,-0.14781312094755972,1.5865221429899423,0.19312296653482797,0.04516038349545485,0.21250972564909787,0.19305016804986302,0.04515187636980771,0.21248970885623547,0.11820821187332152,0.49278198518085325,0.3745737733075317,0.2,0.19988435229963372,60.940442004843376,15.224100183518926,-5.981497528395607e-05,5.168021566248626e-09,0.5383418859252783,0.5382911782318447,0.3879121992042707,23.699357741992145,42.19523629655716,42.18511452611114,23.705044095140106,125.49380429567314,7.968520881269344
-20.69959413625,0.022125056369965278,0.15219316536141628,0.5518976972530198,0.3997045318916036,4.30149694854e-08,0.674250037632,67.7329920300516,7.711849446784563,0.10221837962443507,0.10227829973004122,75.44484147683616,75.55657528227226,-0.14788098192470844,1.5865221429916714,0.19312296653460498,0.04492187323468976,0.21194780780817188,0.19305031493991945,0.04491347142120246,0.2119279864038784,0.11880516192200952,0.49039418498498777,0.37158902306297825,0.19999999999999976,0.19988433652787396,60.36459939378813,15.080242083048022,-5.9814866304463976e-05,5.05255837168761e-09,0.5369184032620958,0.5368681905382471,0.3848211631682543,23.12851089887007,43.23667893590393,42.53661385861084,23.509158564523734,129.85928934396094,7.700642788451427
-20.24959413625,0.022187556369965274,0.15266203492654074,0.5517963576642341,0.39913432273769334,4.37007727015e-08,0.67305716524,67.17660858474066,7.562903207761808,0.10119016068446521,0.10124946314325056,74.73951179250247,74.85025180875328,-0.14794875578210132,1.5865221429939254,0.19312296653431976,0.04468268550541626,0.21138279377805624,0.1930505011790533,0.04467439705955986,0.21136318756954783,0.11941444247169586,0.4879570627848134,0.3685426203131175,0.2,0.19988441485240657,59.80024821150358,14.939263580998897,-5.9814724240325745e-05,4.9048765049519716e-09,0.5354870771539959,0.5354374095765136,0.38166627920527546,22.548415913152354,44.34901342300973,42.87630476789058,23.322905399928143,63.44226637451283,15.762362493432894
-19.79959413625,0.022250056369965278,0.15312719804653305,0.5517067281175365,0.39857953007100344,4.43951661684e-08,0.671862840513,66.63161737259446,7.417006718511598,0.10016400452473027,0.10022264889515776,74.04862409110606,74.15839066652107,-0.14801639359814933,1.5865221429875005,0.19312296653510175,0.04444292378649075,0.21081490409003523,0.19305051990002994,0.04443475538666415,0.21079552980711938,0.11939219243146545,0.4880460629496485,0.368653870518183,0.2,0.19988460619062542,59.24744402569767,14.801180065408392,-5.981512920527621e-05,5.309797046493259e-09,0.5340484662635393,0.5339993862133361,0.38178149098672987,21.969310322252948,45.518042457031044,43.2003077319104,23.147983255252107,-43.68262348660465,nan
-19.34959413625,0.022312556369965278,0.15358882642803526,0.5516285645833335,0.39803973815529825,4.50986883273e-08,0.670667206117,66.09807324140831,7.274174662018066,0.09914068152297091,0.09919860601807885,73.37224790342638,73.48106148430085,-0.14808384456681534,1.586522142984134,0.19312296653550728,0.044202705639586025,0.21024439502537523,0.1930507573419763,0.044194667997200045,0.2102252791583354,0.119010868940638,0.48957135691498604,0.37056048797434804,0.19999999999999982,0.1998849761629983,58.70623788022441,14.666010023201986,-5.9815341391100674e-05,5.519784629370861e-09,0.5326032198172017,0.5325547944009905,0.3837560023464855,21.39366811983921,46.74280232816456,43.524788544193136,22.975413171384954,-28.40200457376427,nan
-18.89959413625,0.022375056369965278,0.1540464954627538,0.5515615646900354,0.3975150692272815,4.58107350995e-08,0.669470496489,65.57602990775565,7.134421418447233,0.09812098932572819,0.09817815203131348,72.7104513262029,72.81833245479639,-0.14815105613749102,1.5865221429880028,0.1931229665350172,0.043961953085560605,0.20967105924652693,0.19305106732722005,0.04395405416410435,0.20965222193934493,0.11912996449646082,0.4890949746892438,0.36996501019278294,0.19999999999999993,0.19988542648946797,58.17669175262313,14.533759573579767,-5.9815097541715545e-05,5.2660098504020425e-09,0.5311508125755525,0.5311030928232293,0.3831393198334934,20.813613040174577,48.04547860430542,43.853533423778366,22.803179628343873,60.95388578450572,16.405844961802202
-18.44959413625,0.022437556369965278,0.15449990171904598,0.5515054052071635,0.39700550348811753,4.65322378411e-08,0.668272978215,65.06553995014269,6.99776106328239,0.09710575237149817,0.09716210317318019,72.06330101342509,72.17027032589259,-0.148217973944742,1.5865221429864416,0.1931229665352554,0.04372074124002477,0.20909505312183924,0.19305141983088478,0.04371299011776432,0.20907651737525265,0.11957340072936706,0.48732122975880987,0.3677478290294428,0.19999999999999982,0.19988598737944974,57.65885693653411,14.404444076890977,-5.981519594078222e-05,5.389355628437897e-09,0.5296916406599061,0.5296446848382649,0.3808431857141422,20.233336297025932,49.42338650037604,44.17162940756465,22.638965630476473,108.03037727019395,9.25665563028543
-17.99959413625,0.022500056369965278,0.15494876449522804,0.5514597220310029,0.39651095753577487,4.72598912676e-08,0.667074920669,64.56665480216837,6.864207365517807,0.09609582129085698,0.09615131779603295,71.43086216768617,71.5369403920638,-0.14828454193910323,1.58652214298286,0.19312296653566263,0.04347915595884558,0.2085165603947216,0.19305181061045243,0.04347156096138864,0.20849834762268174,0.12012243484707989,0.4851250932899963,0.3650026584429164,0.19999999999999998,0.1998866462796587,57.15278668812284,14.27807547956334,-5.9815421693532045e-05,5.6002313897352e-09,0.5282261695396582,0.5281800318957548,0.37800026067428355,19.64968170437052,50.89140959354971,44.47608566893453,22.483993025907758,32.22086907195984,31.035786085306075
-17.54959413625,0.022562556369965278,0.15539255248616543,0.551424123582965,0.39603157109679954,4.79948207638e-08,0.665876579394,64.07942474594515,6.7337737859013576,0.09509207217737817,0.09514665902889242,70.8131985318465,70.91840648598294,-0.14835070237688708,1.5865221429846044,0.19312296653540417,0.04323730204789349,0.207935812326529,0.1930520152294228,0.043229869826925164,0.20791794012765027,0.11986903384889236,0.48613869728145104,0.3662696634325587,0.20000000000000054,0.19988746138460942,56.65852804479135,14.15467048705515,-5.9815311748145916e-05,5.466382901886391e-09,0.5267549850594029,0.5267097101750616,0.37931238321718086,19.074055076315748,52.42723668349369,44.76641470111704,22.338174872312194,-86.21434392352249,nan
-17.09959413625,0.022625056369965278,0.1558314859053429,0.5513981855847822,0.39556669967943925,4.87356123679e-08,0.664678221517,63.60389890567585,6.606473475182115,0.0940954057236035,0.09414904033231275,70.21037238085795,70.31473097033803,-0.14841639588170086,1.5865221429822391,0.193122966535704,0.042995267273073554,0.20735300160131165,0.19305249500242663,0.042988009640388763,0.20733550019325866,0.1193314688456602,0.4882889572958794,0.3689574884502192,0.2000000000000002,0.1998884098517299,56.17613269055045,14.034239690307512,-5.981546082889366e-05,5.621636489649973e-09,0.5252785753374823,0.525234239761833,0.38209592063484443,18.507746433897392,54.031429681167204,45.05652587972082,22.194343227205696,-87.79449237798246,nan
-16.64959413625,0.022687556369965278,0.15626502014444943,0.551381443744569,0.39511642360011956,4.94828948902e-08,0.663480077378,63.14012524131567,6.482319272459269,0.0931067462185521,0.09315937821203885,69.62244451377495,69.72597472984992,-0.14848156153584036,1.5865221429780132,0.1931229665362309,0.04275300411169215,0.20676799585934993,0.19305302472336747,0.04274593097528881,0.2067508911112327,0.11906069500188957,0.4893720526735969,0.3703113576717073,0.19999999999999957,0.1998894695253794,55.705651012856315,13.916793500918635,-5.981572719360173e-05,5.894484900181851e-09,0.5237966050726258,0.5237532743387889,0.3834980006109864,17.941691006640767,55.73610645896586,45.34778154028447,22.05179539183532,-21.528972590287392,nan
-16.19959413625,0.02275005636996528,0.15669284854516755,0.5513734003457259,0.3946805518005584,5.02368734208e-08,0.662282275104,62.68815054249326,6.36132370350565,0.09212704040066254,0.09217862080777336,69.04947424599891,69.15219716349547,-0.14854613694154084,1.5865221429729124,0.1931229665368732,0.042510584876305844,0.20618095177854293,0.1930535996862534,0.04250370597721407,0.20616426939994736,0.11913261951157399,0.48908435463807254,0.36995173512649854,0.1999999999999996,0.1998906485287067,55.24713005839996,13.802344187598953,-5.981604870308743e-05,6.227063309438563e-09,0.5223094711703179,0.5222672104072984,0.38312557204727904,17.38222273385539,57.53004177378869,45.625705208857234,21.91746944890776,44.108174371907914,22.671534567907454
-15.74959413625,0.022812556369965275,0.1571146744065906,0.5513735297865997,0.3942588553800091,5.09970161738e-08,0.661084888586,62.24802042252173,6.243498979200378,0.0911572561645259,0.0912077272795142,68.49151940172212,68.59345617693364,-0.14861005829562846,1.5865221429664897,0.1931229665376708,0.04226811579974258,0.20559211025655283,0.1930542298815987,0.04226144249875318,0.2055758801483121,0.11946791531112194,0.48774317144386503,0.3682752561327431,0.19999999999999998,0.19989198166331604,54.80061386138042,13.690905540341692,-5.98164535237089e-05,6.640066274599121e-09,0.5208177838864019,0.5207766688407137,0.381389394290772,16.831566237770268,59.412177445256766,45.879313358757315,21.796315742138777,88.6311504015536,11.282714886012258
-15.3075820613,0.022873946935930554,0.1575226318897711,0.5513810247917208,0.3938583929019497,5.17491639823e-08,0.659909218517,61.82727709844118,6.130864183462774,0.09021530118121866,0.09026463629778819,67.95814128190395,68.05932654273171,-0.14867214527053418,1.5865221429648946,0.19312296653785505,0.042030059834829867,0.20501234068911525,0.1930546854281714,0.0420235922079158,0.20499656633201396,0.11994063087929548,0.48585230917209243,0.36591167829279697,0.2000000000000001,0.1998934221848444,54.37375585574301,13.584385426160928,-5.981655407660824e-05,6.735456636874915e-09,0.5193490782006592,0.5193091176900267,0.3789416503662895,16.305207658027758,61.33009900721239,46.09757736705453,21.693113979449382,112.23769077343748,8.909662993856456
-14.88167434029,0.02293310078607083,0.15790988164240602,0.5513945816086205,0.3934846999662145,5.2479213011e-08,0.658776928394,61.432752938544525,6.02524837063283,0.08931851305551684,0.0893667395291011,67.45800130917736,67.55848188720815,-0.14873125509027307,1.5865221429590801,0.1931229665385533,0.041800965072998464,0.20445284315215198,0.193055349953484,0.04179470476913186,0.20443753268206857,0.12045772966608208,0.4837839140284402,0.3633261843623581,0.20000000000000034,0.19989488011844653,53.97349222444934,13.484509084728016,-5.981692056122867e-05,7.097011867074343e-09,0.5179317267909798,0.5178929414256791,0.3762640880059307,15.805621835494767,63.26862748002073,46.28457520482768,21.60546997730025,124.0312692455775,8.06248300192781
-14.46822884113,0.02299052377206528,0.15827984673353931,0.5514131963943942,0.3931333496608549,5.31923307373e-08,0.657678497744,61.06003011121496,5.925468868216994,0.08845897930888627,0.08850611267904802,66.98549897943195,67.08531381530862,-0.1487879093052813,1.5865221429612524,0.1931229665382491,0.041578934381857634,0.20390913265927457,0.19305602157682217,0.041572879222149625,0.2038942844273709,0.12099117363538037,0.4816501381497253,0.3606589645143449,0.2000000000000002,0.19989636960089316,53.59534091753916,13.39015806189278,-5.981678363742304e-05,6.9395156288010185e-09,0.5165543680313326,0.516516753634432,0.3735018894999648,15.326536900071275,65.24631144791421,46.44631336658156,21.530234102918204,125.38285130678055,7.975572333677829
-14.06592235372,0.023046399673094443,0.15863397221419845,0.55143598694278,0.3928020147285815,5.3890211378e-08,0.656610554591,60.7070801083429,5.8309826358641175,0.08763379027550329,0.08767983848986259,66.53806274420702,66.63724715533112,-0.14884229970200114,1.586522142957999,0.19312296653867853,0.041363332332133046,0.2033797736554278,0.19305670159271826,0.04135748149764698,0.20336538913405836,0.12148269551236238,0.4796840506439418,0.35820135513157947,0.2000000000000003,0.1998979164663279,53.237242635934244,13.300820108272779,-5.981698870671792e-05,7.161871096172945e-09,0.5152133652909077,0.5151769255922602,0.37095676560611734,14.870265143419308,67.24829654046486,46.58841905760167,21.46456179943787,-2.0822694491628058,nan
-13.67367594986,0.02310087834029722,0.1589734401366506,0.5514621863488817,0.39248874621223107,5.45743439969e-08,0.655570341771,60.372224531432416,5.741340359093356,0.08684058057677213,0.08688555019559076,66.11356489052577,66.21215119642169,-0.14889458220962437,1.586522142955745,0.19312296653894878,0.04115358996312862,0.202863476168404,0.19305739072757022,0.041147943004652736,0.2028495575658294,0.12097459671503127,0.4817164458346171,0.36074184911958584,0.19999999999999984,0.1998996038723289,52.89748945832215,13.216075432203613,-5.981713078195838e-05,7.3018036061966995e-09,0.5139054507377553,0.5138701913314542,0.3735877255936541,14.43670776300308,69.26787023858014,46.71458236577996,21.40659188965659,-81.93872734076055,nan
-13.29258548957,0.023153807570893057,0.15929754547632913,0.5514909469311845,0.3921934014548554,5.52426241579e-08,0.654560809178,60.05568174639691,5.65660049539602,0.0860813276060351,0.08612524198654994,65.71228224179293,65.81030315203355,-0.14894462651869889,1.58652214295404,0.19312296653909378,0.04095032577645833,0.20236186838547013,0.19305807415189002,0.040944879421655846,0.202348410968942,0.12084941644018062,0.4822171669347454,0.3613677504945648,0.2000000000000001,0.19990125906310147,52.57631428574864,13.13596795604429,-5.981723825154717e-05,7.376899091582345e-09,0.5126347489897077,0.512600657886482,0.3742359150723492,14.025053167488723,71.30097747636962,46.81927573879602,21.358724248084993,15.087042207147478,66.28204430463187
-12.92244350733,0.0232052161795375,0.15960676096385198,0.551521581253093,0.3919148202892411,5.58954876595e-08,0.653581433192,59.75654761319023,5.576521002592615,0.08535525914736332,0.08539813956257016,65.33306861578285,65.43055522494902,-0.14899248345213723,1.5865221429550136,0.19312296653903618,0.04075347532458643,0.20187490018470952,0.19305875201333225,0.040748226497495516,0.20186189956872871,0.12108807968405776,0.48126251395895014,0.3601744342748924,0.19999999999999973,0.1999029048264452,52.27279841826238,13.060270197520452,-5.9817176878418366e-05,7.347056296680421e-09,0.5114011330750367,0.5113681991652871,0.3730001053277646,13.631702996457838,73.35840578831913,46.90555857832578,21.319434845448832,83.87066124234944,11.923120495144762
-12.5634324641,0.023255078824430557,0.1599010826883511,0.5515534348347645,0.39165235214641336,5.65316790878e-08,0.652632712769,59.474256145501975,5.500950363718276,0.08466229904075287,0.08470417653974796,64.97520650922026,65.07218890100009,-0.14903815810988208,1.5865221429518646,0.19312296653941724,0.04056312474202663,0.2014028915930122,0.19305927124578506,0.040558065734641394,0.20139033178045412,0.1214606857135338,0.4797720898429526,0.3583114041294188,0.20000000000000007,0.19990453170792338,51.98636827936895,12.988838229851288,-5.981737536409071e-05,7.544387337077296e-09,0.510205413704306,0.5101735964631946,0.3710707334058251,13.263404190836006,75.39542530800074,46.97133621381092,21.289579573552164,121.87669332149538,8.205014205317548
-12.21420679475,0.023303582389618056,0.1601822444692097,0.5515860783421599,0.3914038338729502,5.7153034052e-08,0.651711121087,59.20709064355994,5.429429010873949,0.08399940219401193,0.08404030340894088,64.63651965443388,64.7330248461947,-0.14908185117273876,1.5865221429498106,0.19312296653975233,0.04037861590041562,0.20094431044549535,0.19305993253098175,0.040373745980872275,0.20093219249506106,0.12194651742094621,0.4778287630149768,0.3558822455940306,0.1999999999999998,0.1999063932704421,51.71526613676196,12.92125351767192,-5.981750482719761e-05,7.717892991365716e-09,0.5090437095091219,0.5090130116186109,0.36855507348292754,12.919136764927622,77.40455250189484,47.014658251192316,21.269962118136625,175.19871577504043,5.707804395575737
-11.87303586972,0.023350967240316663,0.1604517233052816,0.5516191986508042,0.39116747534552265,5.77625370515e-08,0.650812124011,58.95318035608097,5.361456135890942,0.08336292371892963,0.08340286891877029,64.31463649197191,64.41068815965313,-0.14912380293646832,1.586522142945443,0.1931229665402178,0.04019903836619901,0.20049697844655667,0.1930605877138367,0.04019435442712147,0.2004852972841686,0.12265452213782295,0.4749967441497979,0.35234222201197496,0.19999999999999987,0.1999091854041742,51.457549901296225,12.857086590675681,-5.9817780118098796e-05,7.958900205551345e-09,0.5079105023055089,0.5078809109116529,0.364888991042546,12.589070868235355,79.43397971673923,47.044243981003845,21.256585617653744,210.296690721962,4.755186572679466
-11.53929435879,0.023397320227945835,0.16071021635047836,0.5516524378265437,0.3909422214760654,5.83611426593e-08,0.649934097233,58.71159664688054,5.2967831388891735,0.08275140156049927,0.08279041350710725,64.00837978576972,64.10399994658827,-0.14916410972518612,1.5865221429405205,0.19312296654079292,0.040024056425026044,0.20006013202291467,0.19306123310679804,0.04001955518739616,0.20004888199486684,0.12333586257914843,0.4722713823873715,0.34893551980822307,0.20000000000000012,0.19991188167638488,51.21234413973981,12.7960356460299,-5.981809039212749e-05,8.256706429676797e-09,0.5068038577656186,0.5067753585461235,0.3613609775027234,12.276171341706432,81.45862192413783,47.06085001839019,21.24908495297525,208.82374437027724,4.788727464951702
-11.21247274747,0.023442712118406945,0.16095831634336788,0.5516854772151013,0.3907271608717334,5.89496045665e-08,0.649075718568,58.48154996000777,5.23519865232746,0.08216361892819424,0.08220171406276651,63.716748612335216,63.811957873244346,-0.14920285175742398,1.5865221429370284,0.1931229665412425,0.03985340672159559,0.19963318041246447,0.19306187389412863,0.039849085935001395,0.1996223583043778,0.12399174199193885,0.46964786473845593,0.3456561227465171,0.20000000000000034,0.1999144980714733,50.978846794753984,12.737901817581239,-5.981831050494435e-05,8.4894979934802e-09,0.505722279336836,0.5056948641488515,0.35796480239137635,11.980366540036464,83.46990024538567,47.06047756686857,21.249253124962298,207.1474333109564,4.827479558961585
-10.89311514942,0.023487067340358332,0.16119582402295723,0.5517179290271437,0.39052210500418644,5.95266256053e-08,0.648238418345,58.26300894536531,5.176694283662312,0.08160022856622778,0.0816374175426482,63.43970322902762,63.5345221409717,-0.14923998599326582,1.5865221429339589,0.19312296654165798,0.039687393771429685,0.1992169515162545,0.19306251705146316,0.03968325181019456,0.19920655564060777,0.12462128097905056,0.4671297087920893,0.34250842781303875,0.2,0.1999170469640715,50.75702509920335,12.682678129824271,-5.981850397240862e-05,8.704637011192062e-09,0.5046678643058162,0.5046415288744164,0.3547050192696487,11.700416016925447,85.46704651812654,47.04183479478402,21.257674245964562,202.26926169832288,4.943904929516493
-10.58082076985,0.023530441559743057,0.16142323088285984,0.551749527443439,0.39032629656057916,6.00927567108e-08,0.647421142612,58.0552882830187,5.1210865698034995,0.08106015233912606,0.08109646842167179,63.17637485282219,63.27082274269454,-0.14927558355996018,1.5865221429301182,0.1931229665420184,0.03952581419718177,0.198811001197574,0.19306313994402738,0.039521846167693206,0.19880102154589951,0.12520765339098688,0.4647842191461443,0.33957656575515743,0.19999999999999984,0.19991945285295554,50.54618855901277,12.630186293809434,-5.981874605653914e-05,8.891287706092044e-09,0.5036394875598442,0.5036142065310018,0.3516687547479932,11.435833341733911,87.44443628350211,47.00738416941329,21.27325350408838,192.62660899272512,5.191390770097431
-10.27498765716,0.02357291838095,0.16164119175037228,0.5517800788164963,0.390138887066124,6.06486226503e-08,0.646622311048,57.85761260471747,5.06816794133712,0.08054199562336446,0.08057745752235418,62.92578054605458,63.01987535577343,-0.14930973631356315,1.586522142926471,0.19312296654249095,0.03936835552485573,0.1984146051198241,0.19306375628495612,0.03936455867522978,0.1984050369200081,0.1257447912414418,0.4626356677466882,0.3368908765052464,0.20000000000000018,0.19992173569857524,50.34554927909971,12.580231266954872,-5.981897593931862e-05,9.135958656258936e-09,0.5026353141676974,0.5026110754524186,0.3488874291519352,11.186232297362038,89.39560465196331,46.956537202152795,21.2962892833195,185.56055402191916,5.38907638679434
-9.975159603794,0.023614561166139723,0.16185021774334235,0.5518093972485806,0.38995917950523823,6.119505933e-08,0.645840724168,57.6693481141301,5.017768728253556,0.08004465639837773,0.08007928163285334,62.68711684238366,62.78087538182467,-0.1493425169222129,1.5865221429268097,0.19312296654246613,0.03921479313803,0.19802725352342287,0.19306436627623264,0.039211164913436784,0.19801809238914708,0.12625953169352325,0.4605767059382389,0.33431717424471563,0.19999999999999976,0.1999239497207809,50.15446084664623,12.532655995737427,-5.9818954600832086e-05,9.123102273633776e-09,0.5016540527770205,0.501630845263631,0.34622207835824836,10.950539232236206,91.31970387870939,46.890302838645134,21.326371114324292,182.71093137970482,5.473126279028306
-9.680837079585,0.023655439294502083,0.16205082723553155,0.551837325123003,0.38978649788747144,6.17326283139e-08,0.645075071519,57.4898739327029,4.969722718703875,0.07956699987097887,0.07960080509483689,62.45959665140678,62.55303462146886,-0.14937400020240688,1.5865221429241985,0.19312296654277641,0.03906486513333612,0.1976483370366068,0.19306496946265372,0.039061403150548506,0.19763957890703093,0.12675306365794922,0.45860257808208643,0.33184951442413724,0.1999999999999998,0.19992609930411556,49.97229312878262,12.487303522624154,-5.9819119180293256e-05,9.283773749757529e-09,0.5006941596921385,0.5006719730934838,0.3436665461344195,10.725378988971977,93.2367985344124,46.81968993161941,21.358535297019465,179.71289288693762,5.56443104295877
-9.391917249698,0.023695567048653058,0.16224316215564122,0.5518636849352447,0.3896205227796035,6.22613836898e-08,0.644325071514,57.31884113341092,4.923936503432065,0.07910855990651468,0.07914156729301755,62.24277763684299,62.3359101151687,-0.14940421685293304,1.5865221429237022,0.19312296654281524,0.0389184608867459,0.19727762388762163,0.1930654806227588,0.0389151612553458,0.1972692607968758,0.12722586539192599,0.45671137114637167,0.3294855057544457,0.19999999999999998,0.19992817599832774,49.79869263483947,12.444085002003524,-5.981915046637809e-05,9.303890990963737e-09,0.49975504777548424,0.4997338619119636,0.34121835603851247,10.515832561919975,95.09470544645308,46.740451855127475,21.39474395967567,176.52604573327372,5.664886424244579
-9.108607780207,0.023734915586082362,0.16242743335805043,0.5518882996194991,0.3894608662614487,6.27808876306e-08,0.643591240929,57.15608809496502,4.880366815710014,0.0786693376134589,0.07870156878825149,62.036454910675026,62.12929668623495,-0.14943316681790275,1.586522142924206,0.1931229665427426,0.03877570759026149,0.19691548336852918,0.19306606173320243,0.038772567579802145,0.19690751021685826,0.12767770782558918,0.4549040014113549,0.3272262935857657,0.20000000000000026,0.19993018288944286,49.6334951345711,12.402959776103936,-5.9819118713999586e-05,9.266276634889437e-09,0.4988376525389947,0.4988174544916144,0.3388786942061231,10.321551239795761,96.88466169158771,46.64217245318976,21.43982467805511,173.20985386867798,5.7733435925543075
-8.830210792927,0.023773581834315695,0.1626041812474622,0.5519110947691848,0.38930691352172253,6.32927346709e-08,0.642871751615,57.00094650106209,4.838834744397147,0.07824792790243662,0.07827939425858173,61.839781245459235,61.932345913494586,-0.14946094269486787,1.5865221429215823,0.19312296654309627,0.038636257644396994,0.19656107866105385,0.19306664054863004,0.03863327553575044,0.19655349280984666,0.12811033890965778,0.45317347707685063,0.32506313816719284,0.19999999999999984,0.19993214028407108,49.47602142635581,12.363759819103421,-5.9819284081719104e-05,9.44939682057111e-09,0.4979398541063803,0.4979206371908585,0.33663850966722775,10.136273085921903,98.65558983300113,46.53421018857778,21.489566406038595,158.32650924828923,6.316061692687167
-8.556734838834,0.0238115646057175,0.16277354114369905,0.5519319389876882,0.3891583978439892,6.37976274596e-08,0.642166602735,56.853175442016926,4.79927579693824,0.07784403864717407,0.0778747675356128,61.652451238955166,61.74475196441926,-0.14948756376458316,1.5865221429210299,0.19312296654312283,0.03850008135220301,0.19621437600798522,0.1930672025053389,0.038497252927270825,0.19620716838910557,0.12846712376154107,0.45174633766944905,0.323279213907908,0.20000000000000018,0.19993395005330022,49.32603313228237,12.32641810667279,-5.9819318898313156e-05,9.46314138161597e-09,0.49706156696193005,0.4970433082063414,0.3347910605612144,9.962096608926203,100.38047604396684,46.41947937013714,21.542680218928222,134.31212164213767,7.445344379745622
-8.287814830736,0.02384891460684222,0.16293590153933452,0.551950760586899,0.38901485904756444,6.42961980411e-08,0.641474828681,56.71234450237178,4.761574749259641,0.07745682733793285,0.07748683301762621,61.47391925163141,61.56596843067053,-0.14951308553324827,1.586522142919785,0.19312296654329267,0.03836698547890359,0.19587492304760093,0.19306775830847162,0.038364308498951415,0.19586808953719698,0.1287648267984636,0.4505555255226089,0.32179069872414534,0.19999999999999998,0.19993566150658407,49.18309054065415,12.29082871097726,-5.9819397357774307e-05,9.551093249626774e-09,0.4962016451568549,0.4961843341144202,0.3332495399326245,9.798803171846387,102.0532796161442,46.29242712857728,21.601805349771325,121.78176757321212,8.211409802364917
-8.023097835867,0.023885680856129583,0.16309161800505528,0.5519674919527051,0.38887587394764983,6.47889304313e-08,0.64079549979,56.57805678216751,4.725625349545568,0.07708550588188813,0.07711479842519253,61.30368213171307,61.395491451563004,-0.14953755997272333,1.586522142920443,0.1931229665431937,0.03823679653650901,0.19554231392849222,0.19306831147357162,0.03823426939923029,0.19553585195362586,0.12904808210310847,0.4494225043035359,0.32037442220042744,0.20000000000000007,0.19993733845748626,49.046787088654604,12.256895043058469,-5.981935589094434e-05,9.499845354810077e-09,0.4953590605649732,0.4953426907177774,0.3317828303545737,9.645493056482072,103.67536362777938,46.15098727703733,21.668008833638872,118.18137217755026,8.461570394508925
-7.762269446635,0.023921907021300697,0.16324099492476535,0.5519820652976809,0.38874107037291555,6.52762701712e-08,0.640127789068,56.44995979458828,4.691333235554201,0.07672937556687567,0.07675797190210569,61.141293030142485,61.23287354843056,-0.1495610331199715,1.5865221429173462,0.19312296654362232,0.03810936272124437,0.19521619482318667,0.193068854511678,0.03810698286250463,0.19521009928409092,0.12931761453565568,0.44834437457548876,0.3190267600398331,0.20000000000000015,0.19993896858950155,48.91676596346731,12.224527066675169,-5.9819551090356526e-05,9.721801141893138e-09,0.49453291685013756,0.49451747527915696,0.33038717847034177,9.501804357995942,105.24316880493143,45.99567812955908,21.741173098551425,114.56297944633381,8.728823262391169
-7.505047415865,0.023957632303352083,0.16338431420106944,0.5519944167943235,0.388610102593254,6.57585642744e-08,0.639470955208,56.32773866521542,4.658614114050723,0.07638781303928929,0.07641572787635038,60.986352779266134,61.07771499121041,-0.14958354607308433,1.5865221429182772,0.19312296654348388,0.037984546306954574,0.1948962449791031,0.19306939006314194,0.03798231146679092,0.19489051148475886,0.1295740787265224,0.44731851781133,0.31774443908480754,0.20000000000000012,0.19994055859745935,48.792707337757946,12.193645441508188,-5.9819492403967445e-05,9.650102938962846e-09,0.4937224014634213,0.49370787704507324,0.3290591945665106,9.367895938522798,106.74755639500493,45.82719580568613,21.821103875527168,110.92974057440303,9.014715033334797
-7.251178929031,0.02399289181541236,0.16352182522198536,0.5520044772022926,0.3884826519803073,6.62361979446e-08,0.638824333696,56.211111744924025,4.627392586355961,0.07606026211885022,0.07608751051412835,60.83850433127998,60.929658229027474,-0.14960513549059362,1.5865221429155754,0.19312296654379832,0.03786222542922994,0.1945821816848345,0.19306991756023362,0.03786013330708668,0.19457680567602778,0.12981806565802614,0.4463425700868877,0.3165245044288616,0.20000000000000015,0.1999421087692211,48.67432548091847,12.164178850361512,-5.981966270107719e-05,9.812928247754371e-09,0.4929267982239928,0.4929131794086137,0.32779581851352424,9.243154842977587,108.18816918984561,45.64558240505596,21.907925089575247,107.28513399966769,9.320955874493269
-7.000539926325,0.02402770278801042,0.16365369950766823,0.55201219157596,0.3883584920682918,6.67093216346e-08,0.638187590032,56.099871114163754,4.59761299151256,0.07574635191646435,0.07577294682445829,60.69748410567632,60.7884393099858,-0.14962582580160255,1.5865221429152188,0.19312296654393385,0.03774234164244254,0.1942738830683181,0.19307043851762032,0.037740390220128754,0.19426886065483773,0.13005001766505617,0.44541476205944375,0.31536474439438755,0.20000000000000026,0.19994362324949036,48.56140921145905,12.136074894217275,-5.981968518309344e-05,9.883094342910681e-09,0.49214579839851835,0.4921330753312008,0.32659475987679826,9.126984275714253,109.56521560586809,45.450937112714335,22.00174657609562,103.63451308491881,9.649295106742995
-6.753402567545,0.024062027421174303,0.1637799031896085,0.5520175001000382,0.38823759691042975,6.71773069759e-08,0.637627149342,55.99398483781194,4.56926678035609,0.07544619316617705,0.07547214839608718,60.56325161816803,60.65401769277406,-0.14964560973650398,1.5865221429153145,0.19312296654391434,0.03762502428062256,0.19397171000076935,0.1930709519204851,0.037623211285959565,0.19396703659632367,0.13027001381720127,0.4445347774507644,0.31426476363356315,0.2,0.19994510026301843,48.45392620111901,12.10932541704902,-5.981967915458242e-05,9.872991313386592e-09,0.4913803161667609,0.49136847722924676,0.3254556092303288,9.020429885712701,110.85946154117136,45.24382834067039,22.10246207439268,99.98095388416276,10.001904974407356
-6.509578455761,0.024095891881144308,0.16390065153550584,0.5520203397139724,0.38811968817846654,6.76403814402e-08,0.637078372093,55.89321924820352,4.542291399037248,0.07515931197388884,0.07518463792034864,60.43551064724077,60.52609673851357,-0.14966451853678508,1.5865221429146825,0.19312296654393304,0.03751017814938441,0.1936754453961173,0.1930714602625194,0.037508501807235126,0.1936711176382145,0.13047856198436425,0.4437005847822085,0.3132220227978442,0.20000000000000023,0.19994654674749948,48.35163899240324,12.083871654837527,-5.981971897828231e-05,9.882694662621816e-09,0.4906298015937731,0.49061883826800423,0.32437573680036097,8.924269485728992,112.05398958414729,45.02498443326046,22.209891076859293,96.21783704646955,10.39308334812222
-6.268843161962,0.024129327338616387,0.1640161604821254,0.5520206508917728,0.38800449040964735,6.8098895547e-08,0.636538911652,55.79733970798751,4.516624034135201,0.07488521320612249,0.07490992486347925,60.31396374212271,60.40437857730388,-0.14968258479054475,1.5865221429126353,0.19312296654420286,0.03739769280944649,0.19338483086696975,0.1930719594713845,0.03739615066117016,0.1933808435734268,0.13067570020765104,0.44291203189041184,0.31223633168276077,0.20000000000000034,0.19994795552899602,48.25431000203528,12.05965374008743,-5.981984801950446e-05,1.0022405128040646e-08,0.48989360011771965,0.48988349927589125,0.32335494560931777,8.838233481648981,113.14478193819184,44.794745626131345,22.324046850187774,92.4317529815207,10.818792976910474
-6.030993715427,0.024162361983968473,0.164126629844003,0.5520183730953031,0.3878917432513001,6.85531766461e-08,0.63600829196,55.70613455643363,4.492208023173991,0.07462345025917277,0.07464756245929823,60.198342579607626,60.28859450792209,-0.14969983800601216,1.5865221429128002,0.1931229665441136,0.0372874679674373,0.1930996322301969,0.19307245005246004,0.03728605754737774,0.193095980142979,0.13086226602061996,0.4421657686380875,0.31130350261746753,0.1999999999999999,0.19994932756093584,48.16172446053223,12.036618119075397,-5.981983762781695e-05,9.976175441295254e-09,0.489171118492398,0.48916186681455326,0.32238889886502936,8.76162475298826,114.13408222703646,44.55348743275307,22.44493209447078,88.76750112293041,11.265384147911764
-5.795846431785,0.024195021328918747,0.16423224004240775,0.5520134647244019,0.38778122468199416,6.90034908991e-08,0.6354860833,55.619412391440996,4.468992126975216,0.07437361938284676,0.07439714438882625,60.08840451841622,60.17850154716502,-0.14971630471422026,1.5865221429119631,0.19312296654427819,0.037179413969540824,0.19281964103674923,0.19307293325072059,0.037178133240330376,0.19281631995329226,0.13103880116267783,0.4414596280706787,0.3104208269080009,0.19999999999999998,0.19995066772771708,48.07368791226571,12.014716606150493,-5.981989038561508e-05,1.0061396160665481e-08,0.4884618286626611,0.4884534155026224,0.32147479141799706,8.694760375762673,115.0117952402206,44.301550669110654,22.572573304917114,85.1401141635525,11.74534483332991
-5.563230005835,0.024227329165856248,0.16433316333733036,0.5520058584706127,0.3876726951332823,6.94500913385e-08,0.634971888247,55.53699796891083,4.446929431929165,0.07413534966146433,0.0741582937036799,59.98392740083999,60.07387722434019,-0.1497320094128285,1.5865221429121197,0.19312296654425107,0.03707344692171459,0.19254466214807045,0.1930734141452384,0.03707229476359448,0.19254167020049057,0.1312056987678803,0.4407920376497354,0.3095863388818551,0.19999999999999987,0.19995198812568438,47.99002186145532,11.993905539384672,-5.9819880526834623e-05,1.0047362941634219e-08,0.4877652362922705,0.4877576569182067,0.32061058759888433,8.640300703973454,115.73671267484076,44.03933389319782,22.706973779965754,81.52130045270378,12.26673267534747
-5.332993516108,0.024259306456096114,0.16442954756869116,0.5519954417574053,0.3875658941887142,6.98932078923e-08,0.634465358014,55.45873371810264,4.425977755701864,0.0739083089285306,0.0739306842464539,59.884711473804494,59.974521504931246,-0.14974697400356174,1.5865221429101066,0.19312296654453903,0.03696949347303124,0.1922745263237729,0.19307388740655293,0.03696846784560861,0.19227185921400097,0.1313633088337098,0.4401615973878539,0.30879828855414404,0.20000000000000015,0.19995327791002257,47.910567117921346,11.974144355883148,-5.982000740312188e-05,1.0196465893841378e-08,0.48708091265172115,0.48707415617551597,0.3197944751065261,8.5979929527031,116.30621303145087,43.767968516625494,22.847759077969194,77.91228839366723,12.83494581685629
-5.105040093547,0.02429096665367403,0.1645215164307248,0.5519821526575426,0.3874606362268178,7.0332963049e-08,0.63396626457,55.38448879525059,4.40610207083223,0.0736922316205385,0.07371404773517978,59.79059086608283,59.880268283978076,-0.1497612159483963,1.586522142912065,0.1931229665444312,0.036867500947523245,0.19200911683439212,0.1930743553793927,0.03686660020607146,0.19200677125057714,0.1315119335874815,0.4395670983722296,0.30805516478474815,0.1999999999999999,0.1999545427881587,47.83519060642138,11.955400259661449,-5.9819883968526e-05,1.0140621675702732e-08,0.48640856203520566,0.4864026200670871,0.31902488898969283,8.56691647957369,116.72811359656939,43.4884058799933,22.994634541434106,70.74917885668778,14.134439666439635
-4.879554101887,0.024322284152515694,0.164609079533744,0.5519659287606408,0.3873568492268967,7.07689443087e-08,0.633474989733,55.31422429798579,4.387291962995298,0.07348711117849255,0.07350838046899788,59.70151626098109,59.791068175333216,-0.14977473573397626,1.5865221429115506,0.19312296654442943,0.036767543010233744,0.19174864539347794,0.19307481537863114,0.036766764992858976,0.1917466166399266,0.13163787428477516,0.4390633355830472,0.3074254612982721,0.20000000000000004,0.1999557747387932,47.763853323935955,11.937662937045134,-5.981991638703832e-05,1.013971129282254e-08,0.4857487207676914,0.48574358141225854,0.3183727620077939,8.550118244398634,116.95744683474074,43.200538591595134,23.14785955456941,59.864020441489515,16.704524564590344
-4.656442799414,0.024353271833414722,0.16469236841775947,0.5519466528792725,0.387254284461513,7.12012789852e-08,0.632991305502,55.24781130308802,4.369512918892895,0.0732926708119828,0.07331340323204992,59.617324221980915,59.7067575121666,-0.14978755154717582,1.5865221429120704,0.19312296654450725,0.03666956777754064,0.1914929966801414,0.19307526920932672,0.03666891067748003,0.1914912809437548,0.1317413047689584,0.4386496136467021,0.3069083088777437,0.20000000000000004,0.19995697551060668,47.69642438251837,11.920899839462535,-5.981988362435686e-05,1.0180012388616433e-08,0.48510109671165536,0.4850967503093464,0.31783719399138,8.54674624068154,117.00359082151215,42.90428946590309,23.307692830916597,52.94712301146864,18.88676746012044
-4.43556811253,0.024383948873259724,0.16477151913265134,0.5519242724129564,0.3871527532803051,7.16301751403e-08,0.632514888918,55.18511436861247,4.3527286801288145,0.07310860550600409,0.0731288105800739,59.53784304874129,59.62716435226907,-0.14979968358060924,1.5865221429108272,0.1931229665445202,0.03657350643981125,0.19124201013326347,0.19307571704278445,0.03657296852515261,0.19124060375650515,0.13183829387918444,0.4382616572058606,0.30642336332667613,0.2000000000000001,0.199958148508125,47.63276618654764,11.90507686219365,-5.981996199500017e-05,1.0186718135685169e-08,0.48446528312441633,0.48446172040974894,0.3173349797184803,8.556626575667032,116.86848679872944,42.603361125435924,23.472326445224052,50.16592804916458,19.93384830875571
-4.216806367281,0.02441433244898875,0.16484664123411188,0.5518986486787566,0.38705200744464474,7.20558284877e-08,0.63204544864,55.12601023495924,4.336906249591898,0.07293463735029974,0.07295432605490104,59.462916484551144,59.55213221869216,-0.14981115002464795,1.5865221429103973,0.19312296654473332,0.03647927971251075,0.19099549657651813,0.1930761390327923,0.036478859370587056,0.1909943961758749,0.13192903909334433,0.4378986763502903,0.3059696372569459,0.19999999999999982,0.19995928615402245,47.572754151664036,11.8901623328871,-5.981998908444197e-05,1.029707430433291e-08,0.48384080077360114,0.4838380131752648,0.3168650966404655,8.58221246949477,116.52007026794915,42.30255800997696,23.639232402072523,47.391108628789056,21.101004575202573
-4.000421351262,0.024444385923435834,0.1649177695965858,0.5518697651602547,0.3869519955636689,7.24776836946e-08,0.631583519012,55.070479904780626,4.3220405415957135,0.07277078846145198,0.07278996971889524,59.39252044637634,59.481636994536025,-0.14982194953355732,1.5865221429090786,0.1931229665448598,0.036386973033128454,0.1907536972987115,0.19307657141048587,0.03638666823538084,0.19075289836692086,0.13201357300515207,0.43756054070368955,0.3055469676985375,0.19999999999999976,0.19996040292892583,47.516368126954454,11.876152319421879,-5.9820072206839825e-05,1.0362555258325301e-08,0.48322826090592125,0.4832262370058587,0.31642737598402143,8.623169832896313,115.9666363272964,41.99923421472262,23.8099579360772,44.626822803742414,22.40804828068871
-3.785950955609,0.02447417347838764,0.16498513019480454,0.5518374628329451,0.38685233263814056,7.28965964184e-08,0.631128083893,55.0183192776904,4.308076917597881,0.07261652812041243,0.07263520852491062,59.32639619528829,59.41541957629182,-0.14983211704702182,1.5865221429078178,0.1931229665449873,0.03629637468946008,0.19051607462222203,0.1930770034862691,0.03629618405296979,0.19051557430554014,0.13209224038296896,0.43724587119306096,0.305153630810092,0.19999999999999973,0.19996150089735631,47.46340096924724,11.862995226041056,-5.982015167660393e-05,1.0428591323830005e-08,0.48262630144543434,0.4826250340143773,0.31602003252247113,8.677992523384685,115.23402414847543,41.69038861882532,23.986343930323773,41.88031182139937,23.877568158149078
-3.573266797497,0.024503712944792082,0.16504882778454186,0.5518016564703855,0.3867528286858436,7.33127848329e-08,0.630678846003,54.96942413098371,4.2949874767232155,0.07247161256157113,0.07248980204527636,59.264411607706926,59.35334765421,-0.14984166861354842,1.5865221429091971,0.19312296654486813,0.036207420851832026,0.19028247647072502,0.19307742894215438,0.036207342585694004,0.19028227081284793,0.13216521902102024,0.436953956640261,0.30478873761924075,0.2,0.19996257363933384,47.413747337409035,11.850664270297889,-5.982006473503887e-05,1.036688512812134e-08,0.4820345371436291,0.4820340161592403,0.3156421456274867,8.747295114123254,114.32105433203171,41.37827348789536,24.16727223509062,39.14708498411455,25.54468616004969
-3.362288536085,0.024533015481099305,0.16510895882858753,0.5517622265705191,0.38665326774193154,7.37263680549e-08,0.630235597877,54.92370764616818,4.282748977305309,0.07233584344595508,0.07235355007215098,59.2064566234735,59.295311013080266,-0.14985061733998606,1.5865221429092728,0.19312296654490602,0.03612005692369367,0.19005277404893006,0.19307784907183523,0.03612008952446078,0.19005285981658046,0.13223266243342363,0.43668418299083633,0.3044515205574127,0.19999999999999996,0.19996362522105884,47.36731892055035,11.83913770292313,-5.982005996107986e-05,1.038649166673622e-08,0.4814526417288522,0.4814528590004072,0.3152929203976799,8.831716997415402,113.22826583920767,41.06420878135466,24.35210685111394,36.42713122672784,27.452065708272563
-3.15296115392,0.024562088728622224,0.1651656074986354,0.5517190939047496,0.3865534864061142,7.41374227293e-08,0.629798101403,54.88109266958819,4.271340764956601,0.07220904562925648,0.07222627512825591,59.15243343454479,59.24121170703539,-0.14985897474487642,1.5865221429095024,0.19312296654489344,0.03603424668191283,0.18982688608812195,0.1930782658366831,0.03603438899506567,0.18982726093758417,0.1322947056523513,0.4364360101150626,0.3041413044627113,0.20000000000000012,0.19996466067813876,47.32403715451985,11.828396280024938,-5.982004548377162e-05,1.0379985759811916e-08,0.4808804093265101,0.48088135891677325,0.3149716576289025,8.930577952283828,111.97483582171395,40.74478119454472,24.543020496914313,33.72081802473456,29.655271092963694
-2.945378888312,0.024590919598845552,0.16521881701346672,0.5516721913744049,0.3864533743609382,7.45457361776e-08,0.62936652709,54.84153281193051,4.260750421081154,0.07209113062998056,0.07210789033378094,59.10228323301167,59.19099084531854,-0.1498667466788839,1.5865221429096086,0.193122966544901,0.03595002297656296,0.18960491284922698,0.19307867770691803,0.035950273540639684,0.18960557360119898,0.13235143927328144,0.43620907563137634,0.30385763635809493,0.20000000000000015,0.19996567713043853,47.28385514636752,11.818428086644142,-5.9820038800229014e-05,1.0383893744858597e-08,0.4803180939233601,0.48031976777834023,0.3146778882137772,9.045096012678595,110.55714594939519,40.418795629254596,24.740964801935192,31.037277785604893,32.219320486405564
-2.739502740888,0.024619513508209998,0.16526866818587857,0.5516214259582398,0.3863527577723612,7.49513541311e-08,0.628940812489,54.804954431416895,4.2509582314442795,0.07198192424376168,0.07199822323325,59.055912662861175,59.14455494037289,-0.14987394461092318,1.5865221429102907,0.1931229665448012,0.03586736044445988,0.1893868011358233,0.19307908312721708,0.03586771752061071,0.1893877438500462,0.13240302384220967,0.4360027373551691,0.30359971351295945,0.19999999999999998,0.19996667190697237,47.24669835124,11.809214311621178,-5.981999580129127e-05,1.0332223965292542e-08,0.47976556075916027,0.4797679488971665,0.3144107808367762,9.174624759826708,108.9962833552321,40.08742231447771,24.94548020960795,28.386551433839305,35.22794948624547
-2.535266631766,0.024647879634476944,0.16531524751240118,0.5515667191423302,0.38625147162992907,7.53543784489e-08,0.628520591861,54.771282054338954,4.241943991415377,0.07188124214945477,0.07189708803751517,59.01322604575434,59.10180817905533,-0.14988058069665966,1.5865221429077052,0.19312296654509706,0.035786222082017226,0.1891724665008553,0.1930794830752154,0.03578668415670622,0.1891736878022581,0.13244962129740723,0.43581634753585563,0.3033667262384484,0.19999999999999987,0.19996764850901058,47.21249000245414,11.80073604330019,-5.9820158770929055e-05,1.0485412538230321e-08,0.47922259590776195,0.4792256897788698,0.31416949697633895,9.319095965663056,107.30654600881661,39.75000039946425,25.157232451587046,25.7608383260147,38.81861247466258
-2.332602002242,0.02467602749968861,0.1653586391791128,0.5515079742465848,0.386149335067472,7.57549178662e-08,0.62810563799,54.74044364250116,4.233688416055882,0.07178890588592529,0.07180430646231839,58.974132058557046,59.06265910955126,-0.14988666668396267,1.5865221429073915,0.19312296654516625,0.035706574794853056,0.18896183422811352,0.1930798774521844,0.0357071403175403,0.18896333061612852,0.13249135852090482,0.43564939864221036,0.30315804012130554,0.19999999999999982,0.19996860710920353,47.18115701533317,11.792975043223878,-5.9820178544001124e-05,1.0521250537465221e-08,0.47868901009375653,0.4786928008301262,0.3139533796280007,9.478561494610732,105.50124093920522,39.40749579611368,25.37588293287641,23.160494501656686,43.17697102401977
-2.13145157173,0.024703965059481945,0.16539892057152086,0.5514451119542474,0.38604619138272656,7.61530598265e-08,0.627695858527,54.71237252320631,4.2261736568013495,0.07170474894127768,0.07171971244940215,58.93854618000766,59.027023091520206,-0.14989221356354054,1.5865221429056557,0.19312296654541072,0.035628382768472126,0.1887548218416476,0.19308026580435578,0.03562905011475993,0.18875658959294622,0.13252838275576068,0.4355013017040094,0.30297291894824874,0.20000000000000023,0.19996954706643694,47.152631795637255,11.78591438437041,-5.982028794537797e-05,1.0647838166732981e-08,0.4781645943843128,0.4781690725537938,0.31376166636221153,9.652472971729088,103.60039369484666,39.06185382414819,25.60042348481157,20.59933546174237,48.54525534851483
-1.931768227134,0.0247316988573425,0.16543616786898488,0.5513780550493983,0.38594188718041345,7.65488731365e-08,0.627291113353,54.687006492314275,4.219383061340563,0.07162861437123628,0.07164314595812288,58.90638955365483,58.994821157419736,-0.14989723170604208,1.586522142904446,0.19312296654550443,0.03555161509568431,0.18855135930479078,0.1930806504755377,0.03555238312809511,0.1885533959601235,0.1325608505690898,0.4353714304511622,0.3028105798820724,0.19999999999999998,0.19997047450672242,47.12685088313265,11.779538670522193,-5.98203641954953e-05,1.06963549129091e-08,0.4776491713585097,0.47765433073118935,0.31359354646523857,9.840069558534807,101.62529787532321,38.711714290562306,25.831974076224114,18.074180059414648,55.32754441489094
-1.733510448534,0.024759234659925834,0.1654704485562077,0.551306743208331,0.3858362946521232,7.6942422028e-08,0.626891239619,54.6642866411841,4.213300859568362,0.07156035154318297,0.07157445906096506,58.87758750075246,58.96597852325266,-0.14990173098771153,1.5865221429038896,0.1931229665455732,0.03547624888305196,0.1883513973482861,0.19308102943963285,0.035477116016766945,0.18835369923833975,0.13258888365582566,0.43525929810456404,0.3026704144487384,0.20000000000000004,0.19997138501643355,47.10375478180074,11.773832718951727,-5.982039926744065e-05,1.0731970867539076e-08,0.47714261620462567,0.4771484474851883,0.31344838979552064,10.03927878091545,99.60874897716639,38.35634810681304,26.071303691770783,15.582921794727964,64.17281772782312
-1.536637684906,0.024786578099318612,0.16550183004681993,0.5512311418770752,0.3857293118302553,7.73337678991e-08,0.626496113584,54.6441565307262,4.207911942505684,0.07149981388368024,0.07151350330827855,58.85206847323189,58.94042354016098,-0.14990572110309408,1.5865221429034317,0.1931229665456293,0.03540225972931778,0.18815488228934635,0.19308140405216337,0.0354032246665443,0.18815744648178107,0.13261261987594417,0.43516435322437025,0.3025517333484261,0.1999999999999999,0.1999722822934031,47.08328602295206,11.768782450279815,-5.982042813323929e-05,1.076101430186327e-08,0.47664479293032985,0.4766512886904031,0.31332548250753944,10.248845435602599,97.57196615788394,37.99687551293565,26.317953423816654,13.136166250214002,76.12571133405905
-1.341121876535,0.024813733072703473,0.16553037328697912,0.5511512208678779,0.3856208475808988,7.77229477883e-08,0.626105584776,54.626563066929734,4.203202096651596,0.0714468617198152,0.0714601408159079,58.82976516358133,58.918088805789594,-0.1499092112430933,1.5865221429033904,0.1931229665456307,0.03532962645222162,0.1879617685919709,0.19308177266036938,0.03533068762357739,0.1879645914090667,0.13263220451001884,0.43508601468807756,0.3024538101780587,0.1999999999999997,0.1999731634085709,47.06539092123663,11.7643742423447,-5.982043073116117e-05,1.076172484459903e-08,0.47615558618120074,0.47616273710417245,0.313224072331288,10.469757321270686,95.51319761427219,37.63427547451812,26.571522565303333,10.733592746677246,93.16545015270547
-1.14693510197,0.02484070345805972,0.1655561431966839,0.5510669321052194,0.3855107889085355,7.81100022584e-08,0.625719489616,54.61145482609703,4.199157555655548,0.07140135743525158,0.07141423208742591,58.81061238175258,58.89890903823858,-0.14991221047689907,1.586522142901025,0.19312296654591887,0.03525832652861221,0.187772006775803,0.19308213683068812,0.03525948264152405,0.18777508525234132,0.13264776373092163,0.4350237778059091,0.3023760140749875,0.19999999999999962,0.19997403220865628,47.05001708711319,11.76059529463939,-5.9820579834113374e-05,1.0910961023569143e-08,0.47567487061074676,0.4756826691849543,0.313143505939345,10.700482616902391,93.45372875242174,37.27793016507592,26.825523723333134,8.39482245129298,119.12104226170727
-0.9540443279419,0.024867493843341405,0.16557919776905664,0.5509782745082838,0.38539907673922724,7.84949969391e-08,0.625337689405,54.598781713512416,4.195764908963731,0.07136316461295344,0.07137564181618689,58.79454662247615,58.88282064277345,-0.1499147278165247,1.5865221428995557,0.19312296654610936,0.03518830234762316,0.18758545345421418,0.19308249552407844,0.03518955193990083,0.18758878415273347,0.13265949856528325,0.4349768384694137,0.30231733990413046,0.20000000000000004,0.19997488693828236,47.0371138090589,11.757432813417237,-5.982067243781586e-05,1.1009593237076842e-08,0.4752022829836958,0.4752107205011634,0.3130827424041603,10.939165947405996,91.41464758902666,36.942248751076384,27.069277962426774,6.145631675776892,162.71720349618678
-0.7624005044654,0.024894111041046472,0.16559959830093907,0.5508852243203155,0.38528562601937644,7.88780473671e-08,0.624960002361,54.58849473045104,4.193011039393494,0.07133214749229083,0.07134423352453276,58.78150576984453,58.86976141596396,-0.14991677220470567,1.5865221428981804,0.1931229665461766,0.035119471579436505,0.18740189854811104,0.19308284940281298,0.035120813296051705,0.1874054782978654,0.13266760984669757,0.4349443933440917,0.3022767834973941,0.19999999999999998,0.19997572937503616,47.02663127975698,11.754874490087557,-5.982075912402962e-05,1.1044409831129087e-08,0.4747372911155798,0.4747463595439912,0.31304074179960645,11.187068392490383,89.38892343514021,36.624156634985354,27.30438300508868,3.9771749817973125,251.4347506903237
-0.5719609848922,0.02492056097432053,0.16561740352904047,0.5507877499863891,0.38517034645734866,7.92592564921e-08,0.624586280284,54.5805477069803,4.190883587065741,0.07130817635013607,0.07131987719482329,58.77143129404604,58.859672745510906,-0.14991835215665272,1.5865221428974847,0.1931229665463411,0.03505178817004496,0.1872212278830714,0.19308319851906414,0.035053220713370664,0.187225053647664,0.1326722584731583,0.434925798839074,0.3022535403659157,0.19999999999999987,0.19997656023083535,47.01852262401984,11.7529086700262,-5.9820802977839094e-05,1.112958614157833e-08,0.47427960577317146,0.4742892974205512,0.3130166709892863,11.442654097280796,87.39231226413088,36.32201085449677,27.531515366974713,1.8924207276399907,528.4237196276564
-0.3826898031367,0.024946848638453235,0.16563266762699735,0.5506858600593172,0.38505319243231984,7.96387126861e-08,0.624216391378,54.57489689533767,4.189370840506509,0.07129112642632553,0.07130244746971112,58.76426773584417,58.852499094059965,-0.14991947593385735,1.5865221428970815,0.19312296654638741,0.03498518378163309,0.18704326713793545,0.19308354344955003,0.03498670594700805,0.18704733611310279,0.13267364309456944,0.4349202603536576,0.3022466172590882,0.2000000000000002,0.1999773811792295,47.01274336711497,11.75152436872921,-5.982082839084413e-05,1.1153566958910233e-08,0.473828785356061,0.47383909311848715,0.3130095013533263,11.704161647131258,85.43969488366596,36.03752865595227,27.748850636982603,-0.10804279892339165,nan
-0.1945506256712,0.024972979079767886,0.16564544251121416,0.5505795555904225,0.38493411307920833,8.00165015097e-08,0.623850195985,54.571500462506535,4.188461600845937,0.07128087653171249,0.07129182386191577,58.75996206335247,58.84818735501158,-0.14992015153649785,1.5865221428947673,0.19312296654665886,0.03491961102632523,0.18686789725986974,0.19308388349845784,0.03492122148870962,0.1868722063034244,0.13267191611603732,0.43492716826914624,0.3022552521531089,0.20000000000000004,0.19997819102888215,47.0092511449975,11.750710918354969,-5.98209742519451e-05,1.1294121193827777e-08,0.47338452827274863,0.4733954441902509,0.31301844373255344,11.970464632041075,83.53894612606116,35.77610621822434,27.95161647554032,-2.021449020938032,nan
-0.007512091199157,0.024998956654000117,0.16565577787861024,0.5504688655175936,0.3848130876389833,8.03926978903e-08,0.623487551048,54.57031849107889,4.188145182015027,0.07127730917738102,0.07128788803392805,58.758463673093914,58.84668685355792,-0.14992038665413432,1.5865221428968015,0.19312296654639244,0.03485498635785334,0.18669490179930823,0.1930842193017567,0.03485668394165276,0.18669944815572637,0.1326672754084937,0.434945731097987,0.3022784556894933,0.19999999999999998,0.19997899168499192,47.00800535478937,11.750458318304549,-5.982084604339022e-05,1.1156164880787856e-08,0.4729462862007176,0.4729578032928442,0.3130424735378137,12.24357646954218,81.67548121969565,35.544923075233655,28.133412973870293,-3.837399061899262,nan
0.1784467676806,0.025024784273288976,0.16566372578426258,0.5503537599431262,0.3846900341588636,8.0767355734e-08,0.623128341262,54.57131260660654,4.188411311012872,0.07128030956859134,0.07129052555073791,58.75972391761941,58.84794887373148,-0.14992018889455894,1.5865221428950682,0.19312296654663566,0.0347912447915672,0.18652411316386736,0.19308455050705833,0.034793028251838574,0.18652889387930915,0.13265989742178735,0.4349752430460267,0.30231534562423934,0.2,0.1999797825747674,47.00896710442052,11.75075681319889,-5.982095528933584e-05,1.1282108580701333e-08,0.47251363458528206,0.4725257453691957,0.31308067710874043,12.524953048778285,79.84061865186334,35.3422207698622,28.294769774420686,-5.561998711974017,nan
0.3633496771034,0.02505046523293103,0.16566933505838122,0.5502342434714768,0.38456490841309554,8.11405326978e-08,0.622772464881,54.574445656514136,4.189250041936703,0.0712897647458062,0.07129962374940017,58.76369569845084,58.85192625069035,-0.14991956569726517,1.5865221428941139,0.1931229665467445,0.03472831513745822,0.18635534641500956,0.19308487690864337,0.0347301831790621,0.1863603583894979,0.13264995293737086,0.4350150209842385,0.30236506804686764,0.2,0.19998056354122806,47.01209871690939,11.751596981541438,-5.9821015441219316e-05,1.1338463501431306e-08,0.4720861049294789,0.4720988015521389,0.31313217012743527,12.8110080500536,78.05786992662269,35.17505962567983,28.42923396979666,-7.193128766120407,nan
0.5472413660849,0.02507600574528957,0.1656726527225009,0.5501103365898619,0.384437683867361,8.15123275613e-08,0.62241976748,54.579682481283946,4.190651962427878,0.07130556601547908,0.071315072819659,58.770334443711825,58.858574349741986,-0.1499185241997658,1.5865221428918042,0.19312296654704292,0.034666102351357996,0.18618835181438714,0.19308519936834292,0.03466805386096531,0.18619359242725114,0.1326376161447268,0.4350643681563078,0.302426752011581,0.2000000000000002,0.1999813370196682,47.01736438456528,11.75297005914655,-5.9821161024764535e-05,1.1492984341998636e-08,0.471663064581731,0.47167634040430273,0.313196050634061,13.098614280578893,76.34395353428218,35.05474142194769,28.526811479313963,-8.729600500715792,nan
0.7301673128482,0.025101412126784472,0.1656737204335746,0.5499820813299964,0.3843083608964218,8.18828344313e-08,0.622070074119,54.58699017719419,4.192608264022348,0.07132760983753968,0.07133676989091443,58.77959844121654,58.86785139995402,-0.1499170712684572,1.5865221428905742,0.19312296654717478,0.034604491716168036,0.18602282579341717,0.1930855172568988,0.03460652544386349,0.18602829205221308,0.13262305182343226,0.435122625442145,0.3024995736187127,0.20000000000000018,0.199982101793755,47.02473080234913,11.754867638867408,-5.9821238551638345e-05,1.1561263058013083e-08,0.47124374452460654,0.47125759196645906,0.31327146539020534,13.390271067799286,74.68108710695068,35.00136061209994,28.57031791085004,-10.099836647178078,nan
0.9120635796411,0.02512667549717238,0.1656725854310957,0.5498495238258195,0.38417693839472383,8.22519279671e-08,0.621723447126,54.596331828317155,4.195109064169511,0.07135577901281939,0.07136459839750088,58.79144089248666,58.87971053689962,-0.14991521460969714,1.5865221428888392,0.1931229665473689,0.03454335879077728,0.18585843750224867,0.19308583014901134,0.034545473416122685,0.1858641262216103,0.13260665446920988,0.43518821486000725,0.30258156039079737,0.1999999999999998,0.19998285771082921,47.03416053386988,11.757280358616786,-5.982134790860627e-05,1.1661782650662644e-08,0.4708273066301931,0.4708417176219732,0.31335637167925007,13.687946597654074,73.0569770173845,35.04372761891727,28.535777097530598,-11.155171053383011,nan
1.092662218059,0.02515175864139708,0.16566930176551517,0.549712911478927,0.3840436097134118,8.26190671437e-08,0.621380317549,54.60765382730205,4.198140011947621,0.0713899045972166,0.07139838894713965,58.80579383924967,58.894083706551946,-0.14991296535351584,1.5865221428878251,0.19312296654749334,0.03448259944655376,0.18569490958707985,0.19308613842412614,0.034484793746266194,0.18570081783951894,0.13258906407743254,0.43525857642773574,0.3026695123503032,0.19999999999999996,0.19998360625941342,47.045599118328916,11.760194720920746,-5.982141183524803e-05,1.1726219995011888e-08,0.47041304828985353,0.4704280154154792,0.31344745557371223,13.988461529376462,71.4874897357333,35.148845668339625,28.450436450627212,-11.967532261669582,nan
1.271898799527,0.02517665261104542,0.16566392699443216,0.5495723800244445,0.38390845303001236,8.2984120081e-08,0.621040716572,54.62090690030426,4.201687916537452,0.07142982946638816,0.07143798402065223,58.822594816841715,58.910908356237464,-0.1499103338582275,1.5865221428869345,0.1931229665476002,0.0344222113836132,0.18553223812484232,0.1930864423250706,0.03442448414944063,0.18553836301272206,0.13257044867211,0.43533303804956025,0.30276258937745026,0.19999999999999973,0.19998434805366444,47.058996541570764,11.763598275270951,-5.9821467968124153e-05,1.1781553510559206e-08,0.47000095956544485,0.47001647548445546,0.31354384703747434,14.288702400343922,69.98536130026268,35.262341599345135,28.358865425391127,-12.698517209443843,nan
1.449790463538,0.0252013597866025,0.16565651361696646,0.549428034228683,0.3837715206117166,8.33471200224e-08,0.62070453266,54.63604659397237,4.205740877584761,0.07147540987971732,0.07148324154515764,58.841787471557126,58.930128052847984,-0.1499073295948561,1.586522142886976,0.1931229665475912,0.03436218642271901,0.18537040330840035,0.19308674035285137,0.03436453610999704,0.18537674101676574,0.13255092412325506,0.43541113624493516,0.30286021212168013,0.19999999999999982,0.1999850794527049,47.0743079289186,11.767479542638528,-5.9821465347997815e-05,1.177689057385578e-08,0.4695909902803892,0.4696070453285208,0.3136449460895307,14.586727850103145,68.55547112938896,35.374499425237495,28.268951257203163,-13.368490223004217,nan
1.626340537693,0.02522588063023514,0.1656471161707711,0.5492799928167243,0.38363287664595325,8.37080727376e-08,0.620371658204,54.65302813333287,4.2102869086352985,0.07152650008980062,0.07153401488817451,58.863315041968164,58.95168595498122,-0.1499039621708831,1.5865221428863758,0.19312296654768313,0.03430253309807986,0.1852094303702699,0.1930870331566382,0.03430495827988627,0.18521597738825415,0.1325305856846501,0.4354924899998153,0.30296190431516523,0.20000000000000023,0.19998580221241521,47.09148776241803,11.77182727955013,-5.9821503184398495e-05,1.1824496937151707e-08,0.4691832043551503,0.4691997896384729,0.3137502595023422,14.88677302680102,67.17372517198157,35.48118665185952,28.183950266713854,-13.984680817790524,nan
1.801550416516,0.025250215335627223,0.1656357932837701,0.5491282977813342,0.3834925044975641,8.40669775606e-08,0.62004200642,54.67180699123992,4.2153140895899694,0.07158295417097954,0.07159015934458045,58.887121080829885,58.9755255358643,-0.14990024121218637,1.5865221428843486,0.19312296654794747,0.03424326223107205,0.18504935079883975,0.19308731965813325,0.034245761251123746,0.1850561029826462,0.1325095253911298,0.4355767311752171,0.3030672057840873,0.20000000000000034,0.19998651401156559,47.11049101569775,11.776630065132144,-5.98216309599664e-05,1.1961365231627497e-08,0.46877768155792965,0.46879478657913864,0.31385931071548057,15.188328309137418,65.84003055809586,35.58128815643061,28.104659831413944,-14.547052171686131,nan
1.975411813186,0.02527436275183139,0.16562259875327362,0.5489730865641788,0.38335048781090514,8.44238132187e-08,0.619715482395,54.69233782555813,4.220810282157337,0.0716446229361246,0.07165152549443686,58.913148107715465,59.001589234086794,-0.1498961765596496,1.5865221428837044,0.19312296654799213,0.034184389415454014,0.18489020908488912,0.1930875999048655,0.034186960649356835,0.18489716236155934,0.13248783650508927,0.4356634867196036,0.3031756502145143,0.2,0.1999872152857142,47.131271673938606,11.78187643377686,-5.982167156082241e-05,1.1984502279460685e-08,0.46837453459533357,0.46839214903657594,0.3139716168097566,15.484376046102826,64.58122671669966,35.672860272843536,28.032515260943736,-15.056652225152373,nan
2.147935408773,0.025298324362329584,0.16560758356644628,0.5488145162046377,0.38320693263819144,8.47785984889e-08,0.619391968204,54.714577805748895,4.226764020415476,0.07171136403513625,0.07171796924032389,58.94134182616437,59.02982267667313,-0.14989177757385175,1.5865221428836087,0.19312296654802177,0.03412592805889854,0.1847320439417551,0.19308787541365147,0.03412857011706766,0.18473919485877288,0.13246560347965203,0.43575241882150095,0.3032868153418489,0.19999999999999965,0.1999879093729417,47.15378609871383,11.787555727450538,-5.982167758933343e-05,1.1999845561661004e-08,0.46797386153821896,0.4679919766533816,0.3140867404838954,15.77623257467653,63.3864894718379,35.75379660202789,27.969057695631736,-15.516524992215388,nan
2.319130291731,0.025322101429407086,0.16559079946350655,0.5486526807310228,0.3830618812675163,8.51313468202e-08,0.619071374991,54.738484654951144,4.233163986672982,0.07178303615688769,0.07178935139804765,58.97164864162413,59.06017219355893,-0.14988705357085186,1.5865221428826157,0.19312296654813513,0.03406789387180688,0.184574900438296,0.19308814433685825,0.034070605017258095,0.18458224458830838,0.13244290509785442,0.4358432123492583,0.3034003072514039,0.19999999999999965,0.19998859219374424,47.177991650441584,11.793656991182539,-5.982174018370756e-05,1.2058554155203183e-08,0.4675757765576154,0.46759438118173785,0.31420427379606136,16.06814867309661,62.234923284866696,35.82281029037669,27.915174490613218,-15.929088938504128,nan
2.489007550868,0.025345695493176112,0.16557230154121488,0.5484876609302378,0.38291535938902294,8.54820741955e-08,0.61875356518,54.76401711734954,4.239999136565646,0.07185950051805674,0.07186553116219847,59.00401625391518,59.09258541088158,-0.14988201370876864,1.586522142881401,0.19312296654829603,0.034010303231595984,0.18441882558891862,0.19308840800760216,0.034013082043270845,0.184426359404698,0.13241981543703127,0.43593557099335334,0.30351575555632204,0.1999999999999999,0.1999892672944242,47.20384627586639,11.800169978048794,-5.982181675578957e-05,1.2141865290971054e-08,0.4671803987531282,0.4671994838495038,0.314323833170066,16.35789638830718,61.13255496072295,35.878998637201306,27.871457899695823,-16.296425414938504,nan
2.657579472757,0.02536910826010514,0.1655521386890654,0.5483195843014578,0.3827674456123924,8.58308007624e-08,0.618438292305,54.791134924180305,4.247258689977254,0.07194062083963529,0.07194637251229966,59.03839361415756,59.1270112078337,-0.1498766669680629,1.5865221428807874,0.19312296654835526,0.03395317250592308,0.1842638665227751,0.19308866636362215,0.033956017507934345,0.1842715862739949,0.13239640373416667,0.4360292178051099,0.3036328140709432,0.20000000000000023,0.19998993443515592,47.23130914610526,11.807084468052297,-5.982185542485752e-05,1.2172529650911201e-08,0.46678784751504193,0.46680740363379236,0.3144450600927129,16.64312901408889,60.084855387077226,35.92168874486291,27.838334859549384,-16.6207550152441,nan
2.824858414368,0.025392341446440002,0.16553036057600323,0.5481485648765244,0.3826182043005212,8.61775450467e-08,0.618125417121,54.81979864957954,4.25493209243183,0.07202626298905683,0.07203174065605321,59.07473074201137,59.16339953365318,-0.14987102218724235,1.586522142880519,0.19312296654839398,0.033896518571427406,0.18411007189023473,0.19308891998335342,0.033899428362108686,0.18411797403325045,0.1323727345844072,0.4361238944043385,0.3037511598199313,0.20000000000000012,0.19999059581122833,47.26034014352863,11.81439059848274,-5.982187234465641e-05,1.2192580278735932e-08,0.46639824608727637,0.4664182642514371,0.3145676200876401,16.924108045145665,59.087308904697615,35.95038637808449,27.816112724997147,-16.90393472529975,nan
2.99085825454,0.025415396979797222,0.1655070130706006,0.5479747178907487,0.38246770482014814,8.65223290448e-08,0.617814798549,54.84996997692112,4.263009086401212,0.07211629584485396,0.07212150674810246,59.11297906332233,59.20170174573794,-0.149865087994705,1.5865221428789813,0.19312296654861696,0.0338403575757694,0.18395748850147253,0.19308916722251274,0.03384333038124631,0.18396556846661907,0.13234886894258285,0.4362193569727518,0.303870488030169,0.1999999999999999,0.19999124651806172,47.29090069505241,11.822078368269917,-5.982196926712646e-05,1.2308043473296948e-08,0.46601171305206485,0.466032181685497,0.31469119752887864,17.201921871239232,58.13303928975232,35.96554807432456,27.80438651827163,-17.14752312425009,nan
3.155591706296,0.025438276625874445,0.16548214642788472,0.5477981354303072,0.3823159890024225,8.68651714508e-08,0.617506285171,54.88161123826254,4.271479588021316,0.07221058998532234,0.07221553889938823,59.15309082628386,59.24187002501802,-0.14985887295028144,1.5865221428780687,0.19312296654871428,0.03378470361536101,0.18380615771883435,0.193089409554572,0.03378773805472068,0.18381441198861606,0.13232486432238943,0.4363153754540139,0.30399051113162445,0.19999999999999982,0.19999189046946875,47.322952364823166,11.830138461460697,-5.982202678778137e-05,1.2358425394154438e-08,0.465628353190886,0.4656492633828668,0.31481549460614006,17.477603027571575,57.216083831545,35.968771874211875,27.801894473827137,-17.353338416274372,nan
3.319071766689,0.025460982189817915,0.16545580767896395,0.547618914107007,0.3821631064280431,8.72060958608e-08,0.617199688194,54.914685645757736,4.280333749026842,0.07230901844089882,0.07231371064200148,59.19501939478459,59.283857669664265,-0.1498523854076672,1.5865221428762295,0.19312296654894703,0.03372956705220069,0.18365611084905584,0.1930896467891007,0.03373266165711405,0.183664535654312,0.1323007742338234,0.4364117358094407,0.30411096157561734,0.20000000000000007,0.19999252691774533,47.35645788507667,11.838561509707912,-5.98221427172696e-05,1.2478951205707745e-08,0.46524824581176716,0.46526958801404134,0.3149402342434399,17.748329735876172,56.34333004184709,35.96185124349961,27.807244772493686,-17.523284120763908,nan
3.481309733997,0.025483515240832914,0.16542803956806773,0.5474371864949139,0.3820091469268462,8.75451177606e-08,0.616894844997,54.949156865739006,4.289561842734882,0.07241145548479386,0.07241589707669308,59.23871870847388,59.32761855442356,-0.14984563364552894,1.5865221428741312,0.1931229665491981,0.03367495599746308,0.18350737314196144,0.19308987790554513,0.0336781092088636,0.1835159644523157,0.13227664878941883,0.4365082375883145,0.30423158879889567,0.19999999999999982,0.19999315410237115,47.39138050898305,11.847338199490833,-5.982227496703629e-05,1.260895832189135e-08,0.4648714548790189,0.46489321888160473,0.31506515695506654,18.011022251031118,55.521557081122964,35.94516546487088,27.820152920906636,-17.65910677848879,nan
3.642318866812,0.025505877620390555,0.16539888434676583,0.547253093777906,0.3818542094311401,8.78822552087e-08,0.61659160289,54.9849897569974,4.299154461692265,0.07251777888255206,0.07252197542735146,59.28414421868967,59.373108067875734,-0.14983862573668683,1.5865221428732894,0.1931229665492781,0.033620878769710996,0.18335997046714148,0.19309010347166525,0.033624089084760334,0.1833687243909395,0.13225253447706029,0.4366046948381507,0.30435216036109036,0.2000000000000001,0.19999377286066902,47.427684545577904,11.856459673111766,-5.982232802459464e-05,1.2650391845170361e-08,0.4644980459269785,0.46452022187131314,0.3151900220235401,18.267557486317354,54.74185592403437,35.91747823122425,27.841598275979937,-17.764635528052025,nan
3.802112193951,0.025528071138048745,0.16536838711831425,0.5470667328301483,0.38169834571183403,8.82175303639e-08,0.616289805647,55.02214994044292,4.309102402475123,0.07262786865798342,0.07263182463440612,59.33125234291804,59.42028256609697,-0.14983136958308663,1.5865221428733571,0.19312296654926367,0.03356734584871283,0.18321393464666608,0.19309032443764326,0.03357061192915329,0.18322284772689593,0.13222846869096216,0.4367009579824685,0.30447248929150633,0.2,0.19999438520072638,47.46533500740699,11.865917335511051,-5.9822323761338225e-05,1.2642908941984388e-08,0.46412809956914836,0.4641506786977297,0.31531463582021196,18.522478329808113,53.98845565880382,35.87790486886791,27.872307584708583,-17.842158951438257,nan
3.96070510703,0.025550097931531946,0.16533659251567984,0.546878164766419,0.3815415722507392,8.85509636178e-08,0.615989294568,55.06060441991595,4.3193968318612805,0.07274160897280213,0.07274532938798849,59.38000125177723,59.46910016075607,-0.14982387279779408,1.5865221428729743,0.19312296654932176,0.033514366636098754,0.18306929462938004,0.19309054037121112,0.03351768709053482,0.18307836325064417,0.13220448961846124,0.4367968742727629,0.3045923846543017,0.20000000000000043,0.1999949902579251,47.504298479912464,11.875702771864768,-5.982234788648455e-05,1.267299598595173e-08,0.4637616891404106,0.46378466229450527,0.31543880061008944,18.777658246347386,53.25477686731886,35.82589822286226,27.912768405115692,-17.889451446454018,nan
4.118113345127,0.025571960186823194,0.1653035444331441,0.5466874493174145,0.38138390488427043,8.88825839111e-08,0.615689913786,55.10032117051492,4.3300291766542465,0.07285888693840584,0.07286237678250784,59.43035034716917,59.51952019657533,-0.14981614285810574,1.5865221428717085,0.19312296654945818,0.03346195144171629,0.18292608190664417,0.1930907512392351,0.03346532486577737,0.18293530240436745,0.13218063854034923,0.4368922785858935,0.3047116400455443,0.20000000000000032,0.1999955877185928,47.54454250116519,11.885807846003972,-5.982242767821333e-05,1.2743628374778382e-08,0.46339889441649557,0.4634222523127906,0.31556230263927687,19.033539332110685,52.53883592280402,35.761211978725534,27.963258085181884,-17.905512406271114,nan
4.274354085197,0.025593660289610694,0.16526928656594153,0.5464946363186022,0.38122534975266065,8.92124202197e-08,0.615391508868,55.1412694358312,4.340991203230764,0.07297959352237594,0.07298285704438076,59.48226063906196,59.571503628572614,-0.14980818692621467,1.5865221428710021,0.19312296654956196,0.033410108913310844,0.18278432348894377,0.19309095763131606,0.033413534036209634,0.18279369255039857,0.13215695428376725,0.43698701561274306,0.30483006132897583,0.1999999999999998,0.19999617901497804,47.58603579207654,11.896224846985417,-5.982247219815662e-05,1.279736316917024e-08,0.4630397838219215,0.46306351806842433,0.3156849408583996,19.29010062734395,51.84006135159751,35.68455859111319,28.02332547975073,-17.8918478432881,nan
4.42944273458,0.025615200379802777,0.16523385941383464,0.5462997816907095,0.38106592227687486,8.95404970136e-08,0.615093931709,55.18341889911017,4.352274795660411,0.07310362113144742,0.07310666439737867,59.53569369477058,59.6250119699102,-0.14980001209005112,1.5865221428698064,0.19312296654969785,0.03335884655113867,0.18264404329498038,0.193091158222069,0.033362321824457516,0.18265355683494783,0.13213347245158746,0.43708094294214056,0.3049474704905531,0.1999999999999998,0.19999676075829906,47.628747806318174,11.906945888452405,-5.982254756009553e-05,1.2867729104470982e-08,0.46268441794892184,0.46270851819672054,0.3158065309144038,19.545265231775595,51.16328625585782,35.59631331419956,28.092796890881804,-17.85025157390018,nan
4.583395366268,0.025636582689759446,0.1651973019076178,0.5461029645100445,0.38090566260242664,8.98668399754e-08,0.614797038499,55.226740283427866,4.363872116390213,0.07323086541066551,0.07323369429373226,59.59061239981808,59.68000805383031,-0.14979162524844103,1.5865221428685332,0.19312296654987243,0.033308171519439565,0.18250526436089334,0.19309135321981657,0.03331169543204521,0.1825149183821564,0.13211022571170122,0.4371739299025593,0.3050637041908581,0.20000000000000026,0.19999733327683583,47.67264883152092,11.91796356829716,-5.982262781811798e-05,1.2958123463135962e-08,0.4623328551539725,0.46235731127708646,0.31592690365141857,19.797317324441146,50.51189429415426,35.49667294612634,28.171654327088913,-17.782085403518828,nan
4.736230674917,0.0256578098159607,0.1651596530495859,0.5459042617456431,0.3807446086960572,9.019148221e-08,0.614500686809,55.27120595119985,4.375775766715189,0.0733612270174757,0.07336384432253965,59.64698171791505,59.73645679466789,-0.1497830329314609,1.5865221428681935,0.19312296654991817,0.0332580889646849,0.1823680042241097,0.19309154472381734,0.03326166050737039,0.18237779609198698,0.13208724413834008,0.4372658561962305,0.30517861205789043,0.19999999999999998,0.199997901918804,47.71771051854278,11.929271199372268,-5.9822649234320124e-05,1.2981815622481463e-08,0.46198513986389456,0.46200994518799704,0.3160459033427552,20.04633051853226,49.884441398166544,35.386185432460444,28.2596156601463,-17.690304770651746,nan
4.887971027635,0.025678884864949302,0.16512094740880018,0.5457037376375619,0.3805827902287617,9.05144637201e-08,0.614204730584,55.31679033749931,4.387978902799156,0.07349461288659392,0.07349702204577581,59.70476924029847,59.79432573800813,-0.14977424129182237,1.5865221428674268,0.19312296654999075,0.03320860179669282,0.18223227430039066,0.19309173224796247,0.03321221989057827,0.18224220117903062,0.13206455044855034,0.43735663095575034,0.3052920805072,0.19999999999999943,0.19999846552991984,47.76390700742082,11.940862232877652,-5.9822697551226156e-05,1.3019385569634778e-08,0.4616413009977522,0.46166644833890064,0.3161634123592656,20.292589595722006,49.27907280058606,35.26631295286046,28.355671922286668,-19.108076955140884,nan
5.038641407017,0.02569981130653014,0.16508121513200186,0.5455014462161485,0.38042023108414663,9.08358301133e-08,0.6139090226,55.36346977698253,4.400475189325698,0.0736309357055739,0.0736331443813742,59.76394496630822,59.853584840907274,-0.14976525606162916,1.5865221428663758,0.19312296655011485,0.033159708490370025,0.18209807382388762,0.1930919127080578,0.03316337139119018,0.18210813104084667,0.1320382391760565,0.43746187604634734,0.30542363687029084,0.2000000000000002,0.19999900558948003,47.811215402942175,11.952729563366058,-5.9822763798234035e-05,1.3083645278300082e-08,0.4613013366154537,0.46132681413714466,0.31629965339310856,20.536099254848516,48.694739326598395,35.13834112530757,28.458941656746948,-26.53242801785781,nan
5.188264333479,0.02572059226853875,0.16504049345647576,0.5452974512756422,0.38025695781916646,9.11556220044e-08,0.61361343163,55.41122096625565,4.413258387875374,0.07377010941877304,0.07377211896454008,59.82447935413103,59.91420451994079,-0.14975608293338327,1.5865221428666947,0.19312296655005862,0.033111407970355215,0.1819654032236766,0.1930920908420453,0.03311511493807131,0.1819755888521076,0.1319969458870806,0.43762704920197065,0.30563010331489004,0.19999999999999982,0.19999950252379287,47.8596132445599,11.964866109571123,-5.982274370319729e-05,1.305453523059441e-08,0.46096524780395914,0.4609910506249924,0.3165134720272301,20.776932614912486,48.130300007916354,35.00207881712227,28.569731678645937,-32.672078410451554,nan
5.33686504319,0.025741231255998608,0.16499880902077105,0.5450917990816885,0.38009299006091746,9.1473885062e-08,0.613317821478,55.4600225580908,4.426322783701827,0.07391205388205328,0.07391387072278825,59.88634534179262,59.97615767498848,-0.14974672716207005,1.586522142865579,0.1931229665502184,0.03306369889893402,0.18183426217007073,0.19309226258234433,0.03306744843753558,0.18184457219707048,0.13195551873144334,0.43779275782532207,0.3058372390938787,0.20000000000000018,0.1999999863804517,47.909077089059075,11.977268252733552,-5.982281402472367e-05,1.3137269050389477e-08,0.4606330337280868,0.4606591516827446,0.3167279838304775,21.015260329167567,47.58446882583114,34.85713843109002,28.68852823294505,-32.96989681903692,nan
5.484479156915,0.025761733216238192,0.16495619284627747,0.5448845272493091,0.37992833440303164,9.17906895747e-08,0.613022047722,55.50985789539039,4.439663917636029,0.07405670276207835,0.07405832808386192,59.949521813026415,60.03942316005129,-0.14973719315261036,1.5865221428656566,0.1931229665502218,0.03301657682123778,0.18170464171626927,0.19309243257805422,0.033020368213509295,0.18171507426052824,0.13191397751339978,0.43795892269750847,0.3060449451841087,0.19999999999999996,0.20000046751538927,47.95958942309711,11.989932389929312,-5.982280912864013e-05,1.3139023202768385e-08,0.46030467172328515,0.4603311000457259,0.31694308625352696,21.251141053403042,47.05629676482079,34.70685941698572,28.812748165585813,-33.24923956585654,nan
5.631131096352,0.025782101541159997,0.16491267149683778,0.5446756788404744,0.37976300734363666,9.21060805707e-08,0.612725989455,55.56070788565546,4.453276678525931,0.07420398280276519,0.07420541999431544,60.013984564181385,60.10397673735872,-0.14972748570462047,1.5865221428655876,0.1931229665502687,0.032970031485971156,0.18157651689018367,0.19309259916289165,0.0329738636904592,0.18158706917195178,0.1318723414233462,0.438125467057959,0.3062531256346128,0.20000000000000018,0.20000094176719724,48.01113113214307,12.002853432038316,-5.982281348071439e-05,1.3163314882547184e-08,0.4599800985288204,0.4600068301772208,0.31715867992863483,21.48450187845062,46.54517966753606,34.55551232338674,28.938942957682972,-33.5119713374182,nan
5.776806197444,0.025802334194089442,0.16486828432534345,0.5444653548637985,0.3795970705384551,9.24200165175e-08,0.612429613217,55.61254042418424,4.467152471805503,0.07435378339132091,0.07435503472521446,60.079692895989744,60.169777650311794,-0.14971761213011803,1.5865221428645757,0.19312296655032066,0.03292406298258529,0.18144989110656773,0.1930927626841398,0.032927935172487814,0.18146056092850538,0.13183063872861533,0.43829227783713964,0.3064616391085243,0.2000000000000001,0.2000014106067808,48.063669567969605,12.016023328020136,-5.982287726302715e-05,1.3190226688664097e-08,0.45965932279514343,0.45968635220307635,0.31737461848598364,21.71538419782255,46.05030198361732,34.40427587717222,29.06615455503645,-33.75982355102745,nan
5.921496265529,0.025822430036879025,0.1648230669526115,0.5442536428908319,0.3794305759382204,9.27324765493e-08,0.612132880215,55.665325448929515,4.481283249741597,0.07450600036641146,0.07450707042642263,60.146608698671116,60.23678773543492,-0.1497075792950331,1.5865221428642062,0.19312296655037314,0.03287866827185241,0.18132475912531199,0.19309292158249278,0.03288257925967607,0.18133554328833623,0.13178889295080948,0.4384592609486283,0.3066703679978188,0.19999999999999976,0.20000186976600393,48.1171744988527,12.029434199818418,-5.982290054440398e-05,1.3217404948306921e-08,0.45934233124770707,0.4593696503110711,0.3175907801295732,21.943906031706934,45.570738343259926,34.251976646973475,29.195395357959892,-33.99464060074809,nan
6.065208008343,0.02584239000115875,0.16477705172839863,0.5440406103017176,0.37926355857331895,9.304346709e-08,0.611835732203,55.71903842814796,4.495662445075842,0.07466054601086572,0.07466143892022027,60.2147008732238,60.304975849886546,-0.14969739294393714,1.5865221428637513,0.1931229665504555,0.032833843811280315,0.18120111426611127,0.19309307609350632,0.032837792513472845,0.18121200984888625,0.13174712117300774,0.438626348060247,0.30687922688723923,0.19999999999999996,0.20000232003341634,48.17162099846087,12.043079874762942,-5.9822929221464705e-05,1.3260037512452527e-08,0.4590291069635772,0.4590567082818759,0.3178070764025424,22.170195677721438,45.10560098505977,34.09733507421415,29.32780517373167,-34.21809378344831,nan
6.207950206778,0.025862215306496943,0.1647302695059834,0.5438263173188416,0.37909604781285816,9.33530019665e-08,0.611564986948,55.773656059542205,4.510283819684105,0.0748173365695751,0.07481805707311673,60.28393987922632,60.374312411653754,-0.14968705864712994,1.586522142863221,0.19312296655052505,0.032789584635040836,0.18107894586351234,0.19309322610739377,0.03279356984957592,0.18108994960951288,0.13170533734745007,0.43879348336282575,0.3070881460153757,0.19999999999999973,0.20000276028870925,48.226985502302455,12.05695437692386,-5.9822962650279976e-05,1.3296053147371367e-08,0.4587196229244129,0.458747498248029,0.31802343505930486,22.3943673581444,44.65408573537217,33.94082219479508,29.46304583491654,-34.43163511706151,nan
6.349737089273,0.025881907929065695,0.16468274664127117,0.5436108134052651,0.37892806676399393,9.36611073154e-08,0.611367396562,55.82915769326747,4.525141845516477,0.07497629630526323,0.07497685064499096,60.35429953878395,60.44477120594337,-0.14967658137239326,1.5865221428625056,0.19312296655058322,0.03274588367967752,0.1809582373910553,0.19309336965334922,0.03274990408139628,0.18096934569533119,0.13166355225161128,0.43896062374647005,0.30729707149485874,0.20000000000000004,0.2000031871589605,48.283247272280576,12.07105226650337,-5.9823007747539236e-05,1.3326184600259694e-08,0.4584138372644333,0.4584419774610992,0.31823980029358284,22.61644432236209,44.21561522874958,33.78229985739508,29.601300214055616,-34.64120439086807,nan
6.490583055384,0.025901469868803335,0.16463451557007272,0.5433941517887445,0.3787596362186718,9.39678087927e-08,0.6111716381,55.885523429664296,4.540231195348038,0.07513735200368812,0.07513774075245427,60.42575462501233,60.516326970330944,-0.14966596595166193,1.5865221428619432,0.19312296655061795,0.032702734705998625,0.18083897452153014,0.19309351168142366,0.032706789796385916,0.18085018605571274,0.13162176329031472,0.43912777959183125,0.3075060163015165,0.19999999999999982,0.2000036117046116,48.34038546003323,12.085369164979104,-5.982304319696041e-05,1.3344148008798129e-08,0.45811171368912434,0.45814011539374005,0.3184561855432687,22.83661568489358,43.78932560753737,33.62252396487377,29.741967052941153,-34.9382460595535,nan
6.630501961279,0.025920903050177642,0.1645856020433369,0.5431763772799273,0.3785907752365904,9.42731347419e-08,0.610977640391,55.942733823002925,4.555546663469764,0.07530043212531268,0.07530065813414821,60.49828048647269,60.58895501863509,-0.14965521708455443,1.5865221428617697,0.1931229665506818,0.032660128964177554,0.1807211359088293,0.1930936510173094,0.03266421785692146,0.18073244826793405,0.13157976158050055,0.439295786431407,0.30771602485090643,0.19999999999999976,0.20000402893022645,48.39838064582724,12.099899840645437,-5.9823054121554975e-05,1.3377232654931959e-08,0.45781319812329585,0.45784185524341586,0.3186736724151503,23.054895081659662,43.37473653460724,33.46385630675178,29.882987508473036,-35.22387254008493,nan
6.769505859422,0.025940209147141947,0.16453603132895803,0.542957536974385,0.378421505645427,9.45771013759e-08,0.610785335841,56.000769318026485,4.571083014859297,0.07546546520878901,0.07546553175933665,60.571852332885776,60.66263052566133,-0.149644339503463,1.5865221428616063,0.19312296655068106,0.032618055125674665,0.18060469297799175,0.19309378629750074,0.03262217698654958,0.18061610389594163,0.1315377846998658,0.43946369395394375,0.3079259092540779,0.20000000000000018,0.20000443825738998,48.45721303283737,12.114639300048397,-5.9823064424424643e-05,1.3376832974643094e-08,0.4575182181792097,0.45754712497427696,0.31889103072001507,23.271377415830138,42.97124240354416,33.306775296811104,30.023921291946362,-35.40705350791392,nan
6.907593991637,0.025959388054394027,0.16448583533041844,0.5427376968134238,0.3782518614830053,9.48797047662e-08,0.610594675429,56.05960542820907,4.586833694366124,0.07563236623168382,0.075632276531762,60.6464391225752,60.737322405984905,-0.14963333879326468,1.5865221428616927,0.19312296655068606,0.032576507945886464,0.18048963390146944,0.19309391864591716,0.032580661867289286,0.1805011409030128,0.1314958431481934,0.4396314601606558,0.3081356170124624,0.19999999999999996,0.20000484045285916,48.51685774183051,12.129581380744687,-5.982305898433182e-05,1.3379430896520716e-08,0.45722674389463913,0.4572558940942037,0.3191082060898409,23.486197324531314,42.57819970521583,33.148946488662695,30.166871225968254,-35.585280317497286,nan
7.04476942254,0.025978440197575003,0.1644350423868464,0.5425169151089905,0.3780818727221441,9.51809484395e-08,0.610405605862,56.11921948499032,4.6027926335222675,0.07580105587639106,0.07580081292408189,60.72201211851259,60.8130018820914,-0.14962222018776172,1.5865221428614844,0.19312296655070896,0.0325354848478217,0.1803759541840921,0.19309404754690804,0.032539670020860154,0.1803875550609303,0.13145394334182153,0.43979905938625896,0.30834511604443743,0.20000000000000012,0.20000523525380814,48.577291799664884,12.1447203188477,-5.9823072107167974e-05,1.3391288078423713e-08,0.45693876388216004,0.4569681518920323,0.3193251653005913,23.699456361974068,42.1950607105278,32.988271312397956,30.313804276981642,-35.76033339249252,nan
7.181052238191,0.02599736836641542,0.1643836740914425,0.5422952194366364,0.3779115453451939,9.54808745176e-08,0.610218051534,56.17959670240388,4.618955874056828,0.07597147758160848,0.07597108541995476,60.7985525764607,60.889650183339576,-0.14961098742491963,1.5865221428607945,0.1931229665507871,0.03249497960700895,0.18026363917054639,0.19309417258646602,0.032499195049272595,0.1802753312277434,0.1314120850238006,0.4399664926587298,0.30855440763492914,0.19999999999999987,0.20000562087455218,48.63850032013158,12.160052256329129,-5.982311559460385e-05,1.3431744605441054e-08,0.4566542410160877,0.4566838600093005,0.3195419096829481,23.911327578411196,41.821182731103114,32.82465635245926,30.464903859536644,-35.93293715943396,nan
7.316470747964,0.026016176492772776,0.16433174951271295,0.5420726234097902,0.3777408738970773,9.57795396076e-08,0.610031926852,56.24072687848252,4.635320684862528,0.07614358800214828,0.07614304893011804,60.87604756334504,60.96725435842496,-0.14959964334906317,1.586522142860322,0.19312296655084832,0.03245498243706415,0.1801526642519176,0.19309429498630368,0.0324592274629827,0.180164445612842,0.1313702649110876,0.4401337731098924,0.30876350819880477,0.19999999999999982,0.2000060006152031,48.700472756939526,12.175574806405521,-5.982314537078537e-05,1.3463452575024348e-08,0.45637311295570104,0.45640295817826354,0.3197584562363056,24.121936334876946,41.45604175872647,32.65936519611623,30.619088705340715,-36.10390049235393,nan
7.451040880003,0.026034866788889305,0.16427928851879356,0.5418491543645151,0.3775698658457215,9.60769744857e-08,0.609847164548,56.30259516676947,4.651883091477714,0.07631733097228686,0.07631664977846792,60.95447825824718,61.045795559915,-0.14958819166864812,1.586522142860125,0.19312296655087335,0.03241548544413532,0.18004300998410164,0.19309441293570329,0.032419759005886464,0.1800548777619936,0.13132848182652024,0.44030090544828604,0.3089724236217658,0.2000000000000001,0.20000636982498632,48.763194337239106,12.191283921008074,-5.9823157794181014e-05,1.347641997995197e-08,0.45609533044407485,0.4561253945830806,0.31997481105595277,24.331471338063654,41.099035323672375,32.492632241700015,30.77620774338595,-36.27396311405914,nan
7.584782355884,0.02605344199387278,0.1642263122346932,0.5416248344701362,0.377398522235443,9.63732209741e-08,0.609663693587,56.36518918682449,4.668639779605463,0.07649265757475786,0.07649183734297758,61.033828966429944,61.12525807095596,-0.14957663560272172,1.5865221428602239,0.1931229665508844,0.032376481024143776,0.17993465765144795,0.1930945281652689,0.03238078228903041,0.17994660955136224,0.13128673317640438,0.4404679000488026,0.3091811668723982,0.19999999999999998,0.20000673174508057,48.82665230896607,12.207176657463883,-5.9823151565829846e-05,1.3482126526298543e-08,0.45582084606964435,0.45585112331140576,0.32019098757228187,24.53998370569043,40.74982330848557,32.32459133427716,30.936199305931982,-36.4437809492636,nan
7.717716093103,0.026071905012930975,0.1641728375234546,0.5413996794567487,0.37722684193329414,9.66683198043e-08,0.609481442693,56.42849792332215,4.685587800392723,0.07666952298976332,0.07666856716683623,61.114085723714865,61.20562790768769,-0.14956497809464064,1.5865221428595797,0.19312296655096253,0.032337959713208894,0.17982758329357845,0.19309463955341513,0.03234228789966961,0.17983961715837143,0.13124501451255682,0.44063477470458434,0.3093897601920275,0.19999999999999996,0.20000708563538905,48.89083554684332,12.223250176871545,-5.982319216668586e-05,1.3522583053315884e-08,0.45554959913459875,0.4555800840145152,0.32040700881862333,24.747680733566835,40.40782692996508,32.15612414249918,31.098275263788672,-36.61449528528017,nan
7.849867458789,0.026090259369276246,0.16411888123492674,0.5411736954328361,0.37705481419790937,9.69623291917e-08,0.609300336069,56.492513353578715,4.70272500613958,0.07684789098288966,0.07684680251685796,61.195238359718296,61.28689488541742,-0.14955322156634532,1.5865221428596123,0.19312296655096103,0.03229991041530315,0.1797217583246479,0.19309474849098132,0.032304264730720386,0.17973387196274493,0.13120331865486984,0.4408015581353274,0.30959823948045756,0.20000000000000004,0.2000074340847628,48.9557357571856,12.239502602532706,-5.982319010167103e-05,1.3521805897198647e-08,0.45528151722362714,0.45531220418987556,0.320622911973159,24.954706841276643,40.072600586352614,31.987616309184123,31.262098129921768,-36.786162475858575,nan
7.981227913707,0.02610850387690375,0.16406446943048622,0.5409469421201557,0.37688247268966946,9.72552277097e-08,0.609120345492,56.55721157031818,4.72004499676067,0.07702768141380059,0.07702646553074287,61.27725656707886,61.369028654067165,-0.1495413712764071,1.586522142859132,0.19312296655099806,0.032262331513807335,0.17961718045278224,0.1930948524672715,0.032266710915178985,0.17962937097028142,0.13116165015528525,0.4409682321338486,0.30980658197856337,0.20000000000000007,0.20000777066412476,49.02132908868381,12.25592747839504,-5.982322037745291e-05,1.354099055106417e-08,0.45501659453082216,0.4550474762524033,0.32083867346632045,25.161157798122535,39.743799074087825,31.818750765484648,31.428009458018973,-36.95868837941822,nan
8.11179800047,0.026126638611176388,0.16400963071916402,0.5407194680236079,0.3767098373044439,9.75470110438e-08,0.60894143249,56.62257309825306,4.737542558641112,0.07720882706825245,0.07720748493015969,61.36011565689417,61.45200448995146,-0.14952943165965626,1.5865221428585745,0.1931229665510745,0.032225219898265066,0.17951384319395836,0.19309495540251276,0.032229623889247175,0.17952610921324835,0.13112000989572636,0.4411347931724665,0.31001478327674015,0.20000000000000015,0.20000810375340453,49.087595278269184,12.272520378624991,-5.982325552711387e-05,1.358055889966181e-08,0.4547548146304826,0.4547858876175522,0.32105428873147845,25.36710258185432,39.42113596825691,31.649102831334957,31.596472270611283,-37.132784214406016,nan
8.241604006543,0.026144667223130975,0.16395437924331194,0.5404912738204688,0.3765368945771569,9.78377348662e-08,0.608763524646,56.68859180256956,4.755216049461646,0.07739129809326178,0.07738982805723343,61.44380785203121,61.53581460498141,-0.14951740468671648,1.5865221428572132,0.1931229665512213,0.03218856508031161,0.1794117194620006,0.1930950582946438,0.032192993687961066,0.1794240610619464,0.1310783897758307,0.44130127365278293,0.31022288387695224,0.19999999999999968,0.20000843781302038,49.154527830263056,12.289280021768159,-5.9823341325149215e-05,1.365658697238814e-08,0.45449610890634723,0.4545273733586905,0.3212697997128565,25.572735053401747,39.10414736287574,31.47969104805498,31.766512526233527,-37.30940309879364,nan
8.37066453458,0.026162592296469445,0.16389872902204095,0.540262365646982,0.3763636366249411,9.81274405726e-08,0.608586561105,56.7552585091355,4.773063013265951,0.07757505641573785,0.0775734602294102,61.52832152240145,61.62044735267144,-0.1495052928498386,1.586522142856511,0.1931229665513323,0.032152356686157686,0.1793107824035066,0.19309515936605293,0.032156809371568874,0.17932319808538122,0.13103678266811059,0.44146770208421676,0.3104309194161062,0.20000000000000012,0.2000087668218219,49.22211781008939,12.306203712312078,-5.982338557863898e-05,1.3714052116142739e-08,0.4542404093318292,0.4542718614527846,0.32148524331637757,25.778317512003046,38.79229121661545,31.311711196805252,31.936932277978805,-37.489128273582885,nan
8.498999968039,0.026180416662227635,0.16384269499239051,0.5400327479237209,0.3761900529313304,9.84161695036e-08,0.608410480678,56.82256569013122,4.791081434828476,0.07776006872489792,0.07775834706708529,61.613647124959705,61.70589317654034,-0.14949309836052027,1.5865221428569294,0.19312296655128203,0.032116583463189345,0.17921100262871514,0.19309525936195368,0.032121059869742376,0.17922349140038082,0.13099518093789425,0.4416341090048333,0.31063892806693905,0.19999999999999982,0.2000090927997393,49.29035745941324,12.323289665546454,-5.982335921084214e-05,1.3688028488445525e-08,0.4539876414550915,0.4540192787313185,0.32170065907409495,25.983973007424737,38.485261653953266,31.14516995148914,32.10770728037678,-37.672429919203175,nan
8.626636248611,0.026198143923418193,0.16378628564075445,0.5398024084191164,0.37601612277836194,9.87039786639e-08,0.608235215583,56.890509550475365,4.809270298190261,0.0779463121260111,0.07794446944414643,61.69977984866563,61.7921472587752,-0.14948082273749108,1.5865221428567229,0.19312296655128292,0.032081233336338236,0.17911234836364084,0.193095355711249,0.032085732525505964,0.17912490760780858,0.13095357392879148,0.4418005370412466,0.31084696311245513,0.2000000000000003,0.20000940854988053,49.359243373476176,12.340536475189449,-5.982337223375822e-05,1.3688472577655375e-08,0.45373772478444296,0.4537695405856741,0.3219161021663999,26.189758309758194,38.18286477379993,30.979519755636506,32.2793899933861,-41.31494424913488,nan
8.753594108524,0.026215776959517222,0.16372950865338348,0.5395713416526213,0.37584183299923785,9.89909116934e-08,0.608060706639,56.959084376754944,4.8276280738434965,0.07813375857638366,0.07813180323199945,61.78671245059843,61.87920234623257,-0.1494684678005842,1.5865221428565028,0.19312296655129513,0.03204629658334621,0.1790147943141745,0.19309544369585158,0.032050817251904576,0.17902742039113612,0.13090435158415759,0.44199742641984585,0.31109307483568827,0.2000000000000003,0.2000096992257317,49.428770677207474,12.357941773390964,-5.98233861004438e-05,1.3694800848895738e-08,0.45349059524338803,0.4535225803493048,0.3221709778320566,26.395893822887267,37.884680348764064,30.81398170641895,32.45280046984928,-64.37530268538593,nan
8.879892868088,0.02623331845390111,0.16367238899980957,0.5393395566771801,0.3756671676773706,9.92770101322e-08,0.60788690019,57.02828441894432,4.846153222481903,0.07832238008474929,0.07832030776500584,61.87443764142622,61.96705113932456,-0.14945603541809405,1.58652214285605,0.193122966551354,0.03201176505593605,0.17891831950903198,0.193095535691998,0.0320163074882903,0.17893101320981306,0.13081263985291847,0.442364273345096,0.3115516334921775,0.19999999999999968,0.20000996087054343,49.49893378987768,12.375503851548538,-5.982341464427776e-05,1.3725287573151945e-08,0.4532461997062612,0.4532783561207352,0.3226458655833591,26.602523613877636,37.590418657812364,30.648788056779072,32.62771755109626,-84.20106259298043,nan
9.005549460976,0.026250770758468888,0.16361493377884367,0.5391070496401512,0.37549211586130754,9.95623096163e-08,0.607713745086,57.09810328152446,4.864844031995741,0.07851214706396384,0.07850995852290638,61.962947313520196,62.05568551899012,-0.14944352752583878,1.5865221428560086,0.19312296655140582,0.03197762982642958,0.1788229007326231,0.19309562600070548,0.031982193739744626,0.17883566126403488,0.13072075314355802,0.4427318201827954,0.31201106703923737,0.20000000000000034,0.20001021831742066,49.569724693752185,12.393222619768009,-5.982341725330187e-05,1.3752132765887382e-08,0.4530044793619911,0.4530368050756709,0.323121659379744,26.809806604864118,37.299784169967474,30.484524125735714,32.803529944421136,-84.66345564322675,nan
9.130578959082,0.026268135966539163,0.16355715435612342,0.5388738188368882,0.37531666448076484,9.98468444893e-08,0.60754119457,57.16853412134715,4.883698670450039,0.07870302889561172,0.07870072908400201,62.05223279179719,62.145096797931224,-0.14943094615491592,1.586522142856737,0.19312296655132105,0.03194388285706721,0.1787285171903667,0.1930957126457579,0.03194846725754851,0.1787413417694645,0.13062869229835056,0.4431000635632052,0.31247137126485464,0.2,0.2000104642737914,49.64113690188445,12.41109588991274,-5.982337133447757e-05,1.3708234547493703e-08,0.45276538153254625,0.4527978694955159,0.32359835485921,27.017969485818348,37.01240393083192,30.321155743401913,32.98027319481734,-85.11883639401589,nan
9.255000736987,0.02628541676902597,0.1634990609814368,0.5386398563244157,0.3751407953429789,1.00130653579e-07,0.607369198094,57.23957311271338,4.902716113683691,0.07889500330156961,0.07889259692727248,62.14228922639706,62.23528011944804,-0.14941829276337026,1.5865221428567078,0.19312296655130742,0.03191051490262514,0.1786351446457979,0.19309579526857443,0.031915118910761625,0.1786480308057204,0.13053645564666636,0.4434690101698732,0.3129325545232069,0.19999999999999982,0.20001069900779375,49.7131665202809,12.429122706116168,-5.982337318855002e-05,1.3701173529057087e-08,0.45252884482071687,0.4525614887837811,0.32407596067342365,27.226964178656512,36.72829601707523,30.158364556989838,33.15829670107986,-85.56557209157482,nan
9.378834862747,0.026302615953159303,0.16344066953995245,0.5384051575654336,0.37496448802548116,1.00413779192e-07,0.607197706591,57.311217502356456,4.921895624640695,0.07908805099620739,0.07908553454474414,62.233113126997154,62.32623198830701,-0.14940556863332066,1.5865221428563308,0.19312296655134512,0.031877517559141755,0.17854276115021228,0.1930958800906787,0.03188214147314566,0.17855570971869159,0.13044404320358444,0.44383865994238597,0.31339461673880153,0.20000000000000023,0.20001093820432425,49.785809783090606,12.447303343906547,-5.982339694732275e-05,1.3720691249829997e-08,0.4522948136247797,0.4523276156847973,0.324554476744204,27.436361006147195,36.44798228802818,29.995862868039023,33.33793078063152,-86.04009426144438,nan
9.502098817469,0.026319735946870693,0.16338197592330098,0.5381697074343916,0.3747877315110907,1.00696263644e-07,0.607026674092,57.38346369278532,4.941236240249537,0.07928215050467435,0.07927952772955535,62.324699933034864,62.41794783751226,-0.1493927751680335,1.5865221428557548,0.19312296655140862,0.03184488299282178,0.1784513462903034,0.19309595326026846,0.03184952686022032,0.17846435739446775,0.13035137549393377,0.44420933078130753,0.31385795528737376,0.2000000000000001,0.2000111675231931,49.85906393389588,12.465635999138977,-5.9823433251615654e-05,1.3753576055819394e-08,0.4520632362325704,0.4520961967115898,0.3250343145976813,27.647372939905917,36.16980181710541,29.83466418082243,33.51805785173861,-86.54790880202289,nan
9.624592571783,0.026336748968303198,0.16332311352174672,0.5379339188940623,0.37461080537231556,1.00977649115e-07,0.606856360279,57.456178748028485,4.960702372987298,0.07947693450701798,0.07947420614780283,62.416881121015784,62.5102589061328,-0.14937993659125404,1.5865221428560057,0.1931229665513576,0.03181265887863573,0.17836103520285962,0.1930960319659433,0.03181732181062182,0.17837410633447284,0.13025860705375564,0.4445804045417665,0.31432179748801087,0.20000000000000018,0.20001139403295579,49.93279371681214,12.484087404203647,-5.9823417442039784e-05,1.3727152747833316e-08,0.45183445498039027,0.45186756752440316,0.32551467403807693,27.860654107472776,35.89291177954721,29.67597827838641,33.69728844721252,-87.01404393686438,nan
9.746535683615,0.026353685511613194,0.16326399033379593,0.5376973938136486,0.37443340347985266,1.01258437058e-07,0.6066864427,57.52947761303159,4.980324794102988,0.07967270095761105,0.0796698690069151,62.50980240713457,62.60331111565875,-0.14936703324113232,1.586522142855887,0.1931229665514144,0.03178078101405197,0.17827164949607655,0.19309611091778692,0.03178546229106237,0.17828477862975955,0.13016566846994138,0.44495215887730477,0.3147864904073634,0.19999999999999996,0.20001161449008145,50.007115906227604,12.502686500906965,-5.982342491384074e-05,1.3756573657985882e-08,0.45160801795583816,0.4516412774340374,0.3259959144909495,28.074815253982855,35.619112394983055,29.51974974627342,33.87562593162702,-87.43397389525015,nan
9.86796006776,0.026370550009411114,0.1632046062608328,0.5374600903374662,0.37425548407663345,1.01538700217e-07,0.606516861008,57.60336697651246,5.000105294200725,0.07986945632310952,0.07986652223303696,62.60347227071318,62.69711295737264,-0.14935406471286994,1.5865221428552616,0.19312296655147526,0.03174923694969118,0.17818315562839035,0.1930961882999759,0.031753936190322005,0.17819634168613566,0.13007254547752517,0.4453246508472762,0.315252105369751,0.19999999999999976,0.20001182969731499,50.08203723644272,12.521435034270466,-5.9823464337860344e-05,1.3788081787424744e-08,0.45138384018949124,0.4514172438710062,0.3264781098204498,28.290484631897705,35.347574034574635,29.365144961621173,34.053977983318376,-87.84809123381629,nan
9.988880209972,0.026387344473607223,0.1631449704925782,0.5372219975743496,0.37407702708177143,1.01818471132e-07,0.606347580138,57.67784373333106,5.020043042018939,0.08006718089249214,0.08006414672816445,62.69788677535,62.79166048932084,-0.14934103229646833,1.586522142855306,0.19312296655148556,0.03171801880181603,0.1780955327957892,0.19309626348766012,0.03172273556129047,0.17810877452076995,0.12997923608087997,0.4456978884339067,0.3157186523530267,0.20000000000000012,0.2000120384694803,50.157554633683574,12.540332141666424,-5.982346154009832e-05,1.3793410857942945e-08,0.45116186897942767,0.451195413680392,0.32696127035973827,28.50800070798605,35.0778720066422,29.212005085234527,34.232501229621484,-88.25619177265652,nan
10.10931342869,0.026404071309540277,0.1630850936143623,0.5369831005355812,0.3738980069212189,1.02097788366e-07,0.606178562958,57.75290703639627,5.0401378107876145,0.08026586102097026,0.0802627257483725,62.79304484718389,62.886952636136655,-0.14932793690308754,1.5865221428549927,0.19312296655152433,0.03168711854304504,0.1780087597368316,0.1930963390739188,0.03169185280028187,0.17802205706114585,0.12988573698760664,0.44607188480719506,0.3161861478195884,0.19999999999999993,0.20001224694994607,50.23366685446991,12.559377992713983,-5.982348129096593e-05,1.3813483690228168e-08,0.45094205046493824,0.4509757360133389,0.3274454131574325,28.72749787298267,34.80985376524801,29.059912234931325,34.411666212740826,-88.65904817246219,nan
10.22927651612,0.026420732849461108,0.16302498302563895,0.5367433807239236,0.37371839769828463,1.02376691112e-07,0.606009773872,57.82855626489421,5.060389434312536,0.0804654836879602,0.0804622464694978,62.88894569920676,62.98298860969182,-0.14931477937297766,1.5865221428550087,0.19312296655151961,0.03165652882517095,0.17792281704483814,0.1930964146595209,0.03166128055275554,0.17793616988334762,0.129792042243167,0.4464466637849302,0.31665462154176316,0.20000000000000023,0.2000124552553841,50.31037326148588,12.578572437720872,-5.982348028066298e-05,1.3811041199573992e-08,0.4507243354839041,0.45075816166406396,0.32793056904604034,28.94914997587411,34.543328589384785,28.9086871068759,34.59167814515351,-89.05697905806451,nan
10.34878241417,0.026437330890856942,0.16296464717381884,0.5365028246627123,0.3735381774888934,1.02655208079e-07,0.605841183912,57.9047888668965,5.0807972294296695,0.08066603082266185,0.08066269224954967,62.98558609632617,63.07976517034238,-0.14930156090765534,1.586522142854813,0.1931229665515665,0.03162624334495825,0.1778376882017933,0.19309648931257894,0.03163101230955128,0.1778510958907796,0.12969815077264188,0.44682222966726576,0.3171240788946239,0.19999999999999993,0.20001265998228457,50.38767148065678,12.597914615669398,-5.982349260413855e-05,1.3835310674892298e-08,0.45050868219193635,0.4505426473224856,0.3284167435920391,29.17317430506586,34.278066196805746,28.758405801030708,34.77244207897504,-89.4500192268015,nan
10.46784345269,0.026453867146206945,0.16290409306183623,0.5362614169092839,0.37335732384744763,1.02933366109e-07,0.60568245034,57.98160231542994,5.101360519658342,0.08086748450598837,0.0808640486216486,63.08296283508828,63.17727911011591,-0.14928828268030436,1.5865221428547396,0.19312296655155836,0.031596255925705405,0.17775335700263273,0.19309656066326703,0.031601041403045385,0.17776681749709472,0.12960405958958132,0.447198594399467,0.3175945348098857,0.20000000000000004,0.20001285462705276,50.46555936011,12.617403474978284,-5.9823497244870794e-05,1.3831114031859215e-08,0.4502950495374318,0.4503291484378558,0.3289039522588563,29.399710126418448,34.01394080757975,28.609198373612614,34.953793075248804,-89.83854150055643,nan
10.58647141174,0.026470343251630557,0.16284333081671537,0.5360191452689191,0.37317581445220377,1.03211191073e-07,0.605615341143,58.05899412320587,5.122078639143706,0.08106982700990192,0.08106629709413585,63.18107276234957,63.275527271430114,-0.14927494586551848,1.586522142854548,0.19312296655159183,0.03156656046553746,0.17766980741121285,0.1930966295386349,0.03157136182090642,0.1776833189157227,0.12950976735987993,0.44757576331843796,0.318065995958558,0.1999999999999998,0.20001304080129523,50.54403427806415,12.637038484285428,-5.98235093240973e-05,1.3848433511043368e-08,0.4500833968967074,0.45011762501872477,0.32939220195505353,29.6287320645968,33.751022413642,28.460995439090055,35.13580549703962,-90.22112792102152,nan
10.7046799122,0.026486761098916668,0.16278237177267083,0.5357759965510238,0.37299362477835296,1.03488714662e-07,0.605548876576,58.13696340454699,5.142951350784437,0.08127304486217146,0.08126941846212737,63.27991475533141,63.37450852994207,-0.14926155137907626,1.5865221428545795,0.19312296655154326,0.03153715078612804,0.17758702313549837,0.1930966993725857,0.03154196824147041,0.17760058626443329,0.12941527265888614,0.4479537421221733,0.3185384694632872,0.19999999999999948,0.20001322876046776,50.62309468943041,12.656820065901004,-5.982350733679809e-05,1.3823298061765854e-08,0.4498736829978401,0.4499080418978266,0.32988150005691175,29.86044153058616,33.48912302504624,28.31388440567548,35.318361326627134,-101.2261271921826,nan
10.82247934999,0.026503122131943058,0.16272122203880748,0.535531953748461,0.3728107317096535,1.0376597151e-07,0.605483041646,58.21550754202109,5.163977953879703,0.08147712013556334,0.08147340033448273,63.3794854959008,63.47421956280767,-0.14924810034588898,1.5865221428543261,0.19312296655158107,0.03150802112539136,0.17750498901549602,0.19309676681414245,0.03151285407734034,0.17751860206001044,0.12929834316552974,0.44842146009578526,0.3191231169302555,0.2000000000000003,0.2000133961644926,50.70273935470748,12.67674614119332,-5.982352330180518e-05,1.384286019145975e-08,0.4496658694366612,0.44970035478567083,0.33048696659203053,30.09494562356006,33.228171019426675,28.168552737678958,35.50058142186251,-115.5105675430084,nan
10.93988401074,0.026519428334825002,0.16265989073206652,0.5352869987015535,0.37262710796948695,1.04043039904e-07,0.605417819578,58.2946268874371,5.185158542613349,0.08168204267682933,0.08167822953144091,63.47978543005044,63.57466081667406,-0.1492345934761774,1.5865221428541947,0.193122966551597,0.03147916389818458,0.1774236847159493,0.1930968340677737,0.03148401217533422,0.17743734718298235,0.12917442322240796,0.44891713986835285,0.3197427166459449,0.20000000000000007,0.20001355746594449,50.78296771901122,12.696817711039222,-5.9823531584068945e-05,1.385112025076296e-08,0.4494599046987269,0.4494945152477094,0.33112863001180787,30.33224248381041,32.96821857248906,28.02512136163019,35.68227188372222,-119.19151001370098,nan
11.05690818605,0.026535681692506946,0.162598382312588,0.5350411062240932,0.3724427239115052,1.04319957609e-07,0.605353193913,58.37432223839789,5.206493330508679,0.08188780348163466,0.08188389923904484,63.580815568906566,63.67583330408036,-0.14922103134489273,1.5865221428541851,0.19312296655160327,0.031450572329127985,0.1773430921381715,0.19309689889641793,0.03145543552077499,0.17735680286015248,0.12905016984016313,0.44941415339736646,0.3203639835572033,0.1999999999999999,0.20001371177019842,50.86378064959314,12.717034919313422,-5.982353218358938e-05,1.3854362101994866e-08,0.4492557429354007,0.4492904757265987,0.33177201999533784,30.572583685717117,32.709044491623374,27.88290404808436,35.864270029961354,-119.66215764424572,nan
11.17356475763,0.026551883994115278,0.16253670363895298,0.5347942544861011,0.37225755084714807,1.04596753863e-07,0.605289149244,58.454593855289595,5.227982387267611,0.08209439215139515,0.08209039924817584,63.682576242557204,63.777737355585906,-0.1492074146471234,1.586522142854105,0.19312296655160777,0.03142224078222027,0.17726319635564589,0.19309696099951654,0.03142711848285087,0.17727695417862657,0.128925582455006,0.4499125029380134,0.32098692048300737,0.19999999999999982,0.2000138586966132,50.945178436542065,12.737397806015133,-5.982353724620637e-05,1.3856693570346579e-08,0.44905334633397015,0.4490881984441355,0.33241713946197976,30.81617168726917,32.450494180402096,27.741491739304315,36.04708821707644,-120.12617347082703,nan
11.28986477675,0.02656803677454861,0.1624748668237228,0.5345464281475267,0.3720715613238039,1.04873453462e-07,0.605225671631,58.53544111398676,5.2496255458111545,0.08230179602712336,0.08229771252622735,63.78506665979791,63.8803721788698,-0.14919374421461518,1.5865221428537963,0.19312296655166816,0.03139416427612654,0.1771839842540136,0.1930970245712878,0.03139905657990735,0.1771977894329028,0.12880065401965513,0.45041221667972015,0.321611562660065,0.2,0.20001400708499292,51.02715988498834,12.757906774809566,-5.982355669731376e-05,1.3887957450720023e-08,0.44885268167238546,0.4488876537472678,0.33306402490320697,31.06317664271528,32.19245769683742,27.601196192763982,36.23031382466544,-120.63073245498698,nan
11.40581965094,0.026584141618186112,0.16241287833211981,0.5342976048976057,0.3718847265654859,1.0515008241e-07,0.605162747123,58.616863981444304,5.2714227972929795,0.08251000399414944,0.08250582909255749,63.88828677873729,63.983737731972546,-0.1491800207657379,1.5865221428537204,0.19312296655166364,0.0313663370488377,0.1771054404834524,0.1930970886064014,0.031371243911103935,0.1771192928822378,0.12867528702307518,0.4509136846660179,0.3222383976429427,0.19999999999999984,0.20001415462102973,51.10972510850224,12.778561670235048,-5.9823561482375e-05,1.388562598236831e-08,0.4486537100655922,0.4486888017606373,0.3337131812352137,31.313736941068413,31.934866218042654,27.462395747004543,36.41342908362519,-121.12143708429304,nan
11.52143939245,0.026600199915618055,0.16235074247739828,0.5340477612623415,0.37169701878494327,1.05426663685e-07,0.605100362815,58.69886177704089,5.293373959507465,0.08271900330689998,0.08271474082874587,63.99223573654835,64.08783315086126,-0.14916624515587396,1.5865221428538985,0.19312296655163486,0.031338753752637935,0.17702755082934954,0.1930971494034348,0.0313436745338947,0.1770414486325016,0.1285495883546755,0.45141647933947265,0.32286689098479715,0.19999999999999998,0.20001429234136314,51.19287399036095,12.799361746187408,-5.982355025802022e-05,1.387072678937784e-08,0.448456395504314,0.4484916022203178,0.3343640549797133,31.5679060877181,31.67774249015087,27.325069155379698,36.59643071033627,-121.5498600155663,nan
11.63673519104,0.02661621322097778,0.16228846987517662,0.5337968784735613,0.37150840859838463,1.05703223401e-07,0.605038505423,58.78143497272574,5.31547915880045,0.08292878418285697,0.08292443317559862,64.09691413152619,64.19265903469021,-0.14915241805496526,1.5865221428535363,0.193122966551667,0.0313114088709419,0.1769503005675376,0.19309721051394857,0.03131634357525496,0.17696424377612263,0.128423560375326,0.45192059125703266,0.32349703088170667,0.19999999999999973,0.20001442929011995,51.27660643225116,12.820307699275034,-5.9823573084205606e-05,1.3887357930286726e-08,0.44826070068844126,0.448296022428105,0.33501663391245085,31.825800234864055,31.421048099979426,27.18906158879195,36.779496663916724,-121.9671963071844,nan
11.75171763267,0.026632183004537503,0.16222606693048028,0.5335449324951634,0.3713188655646832,1.05979786456e-07,0.604977162297,58.864583937250494,5.337738493886378,0.08313933658103433,0.08313489752808477,64.20232243113686,64.29821585155769,-0.14913854008360428,1.586522142853387,0.19312296655168903,0.031284297376409656,0.17687367632412024,0.19309727107354996,0.03128924580569433,0.17688766436836215,0.1282972029153767,0.45242602109693936,0.3241288181815627,0.2,0.20001456303349416,51.36092296433753,12.841399466799341,-5.9823582487794624e-05,1.3898771022979872e-08,0.448066591738449,0.44810202705838303,0.335670918911511,32.0874444311364,31.164837765317305,27.054769255360164,36.96205983356806,-122.37597174765534,nan
11.86639569601,0.02664811051333472,0.16216353810082232,0.5332919014004196,0.3711283632995973,1.06256374071e-07,0.604916321827,58.94830817650419,5.360151832486703,0.08335064829319978,0.08334612652122458,64.30846000899089,64.40450297419508,-0.14912461205185412,1.5865221428529241,0.1931229665517454,0.031257413624542735,0.17679766294988952,0.1930973277818376,0.03126237488561831,0.17681169329435853,0.1281705151374276,0.4529327722090166,0.324762257071589,0.20000000000000023,0.20001468434175462,51.445823679788234,12.862636329202664,-5.982361167555794e-05,1.3927969888527514e-08,0.44787403027749034,0.4479095727547978,0.3363269143132229,32.35265130687531,30.90936784483838,26.922750082853852,37.143308054434776,-122.77438961222576,nan
11.98078275357,0.0266639976046625,0.16210089303643793,0.5330377616704862,0.3709368686340483,1.06533018273e-07,0.604855970481,59.03261071917784,5.382719985396596,0.08356271599509686,0.08355810991525256,64.41533070457444,64.51152424750249,-0.14911063418530102,1.5865221428529162,0.1931229665517727,0.031230750967039207,0.1767222424230725,0.19309738524221545,0.031235725173623503,0.17673631537865528,0.12804349714152174,0.4534408441927759,0.32539734705125417,0.2,0.20001480652801779,51.5313107962607,12.884019908313741,-5.98236121751583e-05,1.3942091925400746e-08,0.4476829706517714,0.4477186210740084,0.3369846195992314,32.621657436683726,30.65448167190547,26.792937815637632,37.32326805223847,-123.16135555366628,nan
12.09489088855,0.026679845956743053,0.16203813653014598,0.532782483268074,0.370744346737928,1.06809748326e-07,0.604796095521,59.11749401878426,5.405443609435764,0.0837755348428466,0.08377084391966583,64.52293762822002,64.61928278620007,-0.14909660681133863,1.5865221428526042,0.1931229665518087,0.03120430332875964,0.17664739830736156,0.19309744246807745,0.031209290471491354,0.17666151383787967,0.12791614648373772,0.45395024682409435,0.3260341003403566,0.1999999999999998,0.20001492714130942,51.61738695956835,12.90555066865168,-5.982363183720807e-05,1.3960721467753956e-08,0.4474933712238903,0.44752912949940743,0.3376440474244772,32.89476008686227,30.399978518140543,26.665811530022204,37.501202574469986,-123.53942354146135,nan
12.20873125386,0.02669565711859167,0.1619752722636233,0.5325260364156772,0.3705507641520539,1.07086591458e-07,0.604736684916,59.202960177366045,5.428323267323835,0.08398909905555693,0.08398432649357575,64.63128344468987,64.72778125879933,-0.14908253030276875,1.5865221428523215,0.19312296655181194,0.031178063796088652,0.17657311175852528,0.1930974970991027,0.031183063327064754,0.1765872683039883,0.12778846001919228,0.4544609926822915,0.32667253266309926,0.19999999999999987,0.20001503908597493,51.7040547603235,12.927228684366368,-5.9823649656287614e-05,1.3962409006751386e-08,0.44730518425655386,0.44734104643349354,0.33830521407309583,33.17211821857802,30.145798752156583,26.54099948466022,37.67755621177588,-115.1395288485521,nan
12.32231262432,0.026711432308933337,0.1619123094079757,0.5322683987732268,0.3703560893652511,1.07363569373e-07,0.604677728166,59.289009809353814,5.451359123551548,0.08420339910637742,0.0841985457872357,64.74036893290535,64.83702044531901,-0.14906840528733367,1.5865221428526766,0.19312296655182115,0.031152027948463473,0.1764993709576991,0.19309755101227508,0.031157039617772983,0.1765135678008152,0.1276785681064891,0.45490056033315013,0.32722199222666104,0.19999999999999987,0.20001513604340987,51.79131523328975,12.949053699615611,-5.982362727419144e-05,1.3967182965757274e-08,0.4471183798095331,0.4471543440708103,0.33887423967729924,33.453902648487755,29.891878699694963,26.417186672954287,37.85414443937712,-53.25481560767861,nan
12.4356445291,0.026727172851263886,0.16184925269667302,0.5320095420709056,0.3701602893742325,1.07640706063e-07,0.604619214625,59.37564436349382,5.4745515659539326,0.08441842753890587,0.08441349660148743,64.85019592944775,64.94700218492537,-0.1490542322522881,1.5865221428521648,0.1931229665518652,0.031126191964238215,0.17642616575847875,0.19309760226299214,0.031131215248979847,0.17644040140789707,0.12767871282861853,0.45489998144485255,0.327221268616234,0.2000000000000003,0.20001515659301364,51.87917383553164,12.971022093916108,-5.982365953727253e-05,1.3989986946683075e-08,0.44693293217937197,0.44696899474701074,0.3388734902993873,33.7401405701978,29.638287899822387,26.293950165922848,38.03156215363971,4.0506953777173695,246.87119290701037
12.54873625291,0.026742880035126388,0.16178611076243277,0.5317494419439587,0.3699633311815259,1.07918024949e-07,0.604561134004,59.46286537304872,5.4979010049899415,0.08463417708151641,0.08462916920260855,64.96076637803866,65.05772842410276,-0.1490400117139301,1.5865221428516134,0.1931229665519107,0.031100552238829293,0.1763534866080886,0.19309765284731742,0.031105586936057653,0.17636776047809205,0.12768690422072854,0.45486721587663836,0.32718031165590983,0.2,0.20001516442985043,51.96762800944616,12.993138368592502,-5.9823694287253204e-05,1.4013545879265621e-08,0.4467488171664286,0.4467849765566566,0.3388310748776887,34.03051713875448,29.38538947035819,26.172010339754866,38.20875763911097,10.801275833626809,92.58165566763644
12.66159802472,0.02675855528121111,0.16172289143160853,0.531488075320728,0.3697651838891194,1.08195552086e-07,0.604503475759,59.550675374672956,5.521408119731522,0.08485064290597527,0.08484555572760642,65.07208349440448,65.16920238306733,-0.14902574392730017,1.5865221428514997,0.19312296655194924,0.031075103484038927,0.1762813191578703,0.1930977050088464,0.03108014978053076,0.1762956317681489,0.12770089272647908,0.45481126185382925,0.32711036912735014,0.2000000000000001,0.20001517275218234,52.056679472926724,13.015404021477744,-5.982370144819171e-05,1.4033507689248381e-08,0.44656599842185457,0.4466022559511806,0.3387586417229808,34.32470369069865,29.133536272040164,26.052353061149685,38.384248733802096,13.76657280237605,72.63972045587151
12.77423871366,0.026774199821341667,0.1616595902818922,0.5312254089125027,0.3695658186306105,1.08473310728e-07,0.604446229962,59.63907612247581,5.545073379765164,0.08506781820593562,0.0850626571096559,65.18414950224097,65.2814262886742,-0.14901142938126277,1.5865221428513576,0.1931229665519911,0.03104984038065152,0.17620964894310276,0.19309774815628888,0.031054898686960992,0.1762240014497486,0.12771511195217608,0.4547543849512517,0.32703927299907565,0.19999999999999984,0.20001518540809057,52.146329753881545,13.037819748359421,-5.982371040769152e-05,1.4055179242689064e-08,0.4463844393027847,0.44642079789988776,0.3386850138893225,34.62335546826817,28.882238202374296,25.93378481239311,38.559740016124636,12.930269109520072,77.33791087640532
12.88648584205,0.02678978970028472,0.16159633351691294,0.5309618545444529,0.36936552102753994,1.08750875135e-07,0.604389478782,59.72792546463439,5.568858730435736,0.08528534443287611,0.08528010347050781,65.29678419507012,65.39421968053695,-0.1489970917044614,1.5865221428502605,0.19312296655209102,0.031024800914224784,0.17613858439940064,0.19309779919937595,0.03102987096693704,0.17615297603769584,0.12772730936841237,0.45470559528680476,0.3269782859183924,0.1999999999999997,0.20001524438195215,52.23643194693758,13.06035224813254,-5.9823779563483725e-05,1.4106915635636597e-08,0.4462044145045682,0.446240872232221,0.3386218550824952,34.92713857134948,28.63103136711846,25.81718862835576,38.7338844052784,11.365744115326283,87.98368059787104
12.998520479,0.02680535006652778,0.1615330203293136,0.5306969740921984,0.3691639537628848,1.09028692888e-07,0.604333124838,59.817360041658624,5.59280075099645,0.08550354689885531,0.0854982299390691,65.41016079265508,65.50775602247947,-0.14898270945337133,1.5865221428494094,0.19312296655221148,0.030999939229203098,0.17606799603903914,0.19309784776324532,0.031005020165742136,0.1760824243521827,0.12773826522420406,0.45466177186423945,0.3269235066400354,0.20000000000000018,0.20001532923112195,52.32712594665155,13.083034846003528,-5.9823833209460275e-05,1.4169287965160038e-08,0.4460255960014371,0.4460621466359296,0.33856512513541254,35.23546913835475,28.38049341910062,25.703954691680334,38.90451924596928,11.031817880218739,90.64689164177645
13.11036642058,0.026820884225080555,0.16146965275635994,0.5304307073889944,0.3689610546326345,1.09306824704e-07,0.604277151566,59.90739424675211,5.616903294563416,0.08572244961530107,0.08571705403422976,65.52429754131553,65.62205358651941,-0.14896828102917148,1.5865221428493441,0.19312296655223923,0.03097524724638029,0.17599786148240634,0.19309789817211423,0.030980339289308635,0.1760123270947482,0.12774973813717178,0.4546158802125085,0.3268661420753367,0.19999999999999996,0.20001544592571194,52.41842594962028,13.105871591695257,-5.9823837317285466e-05,1.418367645555918e-08,0.44584792710006843,0.44588457222303995,0.33850571784095046,35.548750035378575,28.130384303380207,25.593247100599566,39.07280682553849,12.54674614821207,79.70193930659077
13.22203360675,0.026836393556493053,0.16140622927770482,0.530163014185834,0.3687567849081292,1.09585297468e-07,0.604221549365,59.998031826040425,5.641167364000772,0.08594205038468312,0.08593658384126904,65.63919919004118,65.73711712835775,-0.14895380660725488,1.5865221428491845,0.1931229665522125,0.030950719211619522,0.17592816491858124,0.19309794346597303,0.030955821161098573,0.17594266441400327,0.12776372726560886,0.45455992369862513,0.3267961964330163,0.20000000000000018,0.20001556606506588,52.51033760798748,13.128861582053704,-5.98238473870083e-05,1.4169820872211858e-08,0.4456713677473258,0.44570809870486905,0.338433281461602,35.86643475916368,27.88122116722252,25.484674952903003,39.23926837788011,15.848813885345633,63.09620437429926
13.33353281072,0.026851879557044444,0.16134276299350286,0.5298938744618056,0.3685511114683027,1.09864140506e-07,0.604166308707,60.089277482955794,5.66559421842709,0.0861623492196387,0.08615680544687673,65.75487170138288,65.85295261892954,-0.1489392861611205,1.5865221428493008,0.19312296655222988,0.030926350815297793,0.17585889461525053,0.19309799256512056,0.030931463455598537,0.1758734302150229,0.12778184414619156,0.4544874561763835,0.3267056120301919,0.2000000000000001,0.20001570666822527,52.602864571152296,13.152007130230585,-5.982384004843411e-05,1.4178835883171814e-08,0.4454958882222369,0.4455327106414015,0.33833947138354203,36.188453968114814,27.633123008821745,25.37787964524972,39.404395244154365,20.71479479698961,48.274675650918134
13.44487131922,0.026867343238780556,0.16127925468885942,0.529623255404322,0.3683440007154626,1.10143374573e-07,0.604111421675,60.181133326193006,5.690184422355068,0.08638333977280255,0.08637772037313152,65.87131774854808,65.96956273521639,-0.14892472012074665,1.5865221428488376,0.19312296655226124,0.03090213767994393,0.17579003862546913,0.19309803965593672,0.030907260767038112,0.17580460962966277,0.12780561671103297,0.4543923659171722,0.3265867492061392,0.20000000000000018,0.20001584615047985,52.696010392025116,13.175307356522964,-5.9823869247299655e-05,1.4195067343791834e-08,0.4453214582601119,0.4453583703677971,0.3382163759007089,36.51547770320663,27.385647481538616,25.273812197300078,39.56664678021256,27.47954005533429,36.39071097938123
13.55605579968,0.026882785527733332,0.16121571334668766,0.5293511324359954,0.36813541908930775,1.10423019058e-07,0.604056880845,60.27360114649265,5.714938455172417,0.08660501489607467,0.08659931958133367,65.98853960166507,66.08694975055099,-0.1489101089660938,1.5865221428482585,0.1931229665523075,0.03087807466532532,0.17572158281020953,0.1930980868006899,0.03088320812517658,0.17573618900265414,0.12783731361826495,0.45426557828847586,0.3264282646702109,0.20000000000000018,0.20001598312184649,52.78977697846314,13.198762623201942,-5.9823905751432704e-05,1.4219025956663245e-08,0.4451480420431513,0.445185043291742,0.338052247792302,36.84775471675141,27.138695632528965,25.172622403840023,39.725698179441665,36.3242119524771,27.529847070276382
13.66709411266,0.02689820751564722,0.16115214478704776,0.5290774736124947,0.36792532882544693,1.10703096634e-07,0.60400267847,60.36668392048289,5.7398571137355905,0.08682737024108533,0.0868215999544665,66.1065410342185,66.20511744371748,-0.1488954529576869,1.5865221428485656,0.19312296655227024,0.030854157075865543,0.17565351427132206,0.193098133534048,0.030859300623642172,0.17566815483644774,0.127878804299499,0.4540996155633539,0.3262208112638549,0.20000000000000004,0.20001611133406078,52.884167762808595,13.222373271409904,-5.9823886389143155e-05,1.419973028049526e-08,0.44497560689701887,0.44501269522046655,0.3378374070511006,37.18541000375845,26.892267690444363,25.073691941926498,39.882439423604346,47.57425596074296,21.019771719082144
13.77799387643,0.026913610260615277,0.16108855660989896,0.5288022494600025,0.3677136928501036,1.10983629573e-07,0.603948807009,60.460384631650406,5.764941196734322,0.0870504014079674,0.08704455432932313,66.22532582838474,66.32406960222784,-0.14888075239547494,1.5865221428486094,0.19312296655229666,0.030830380835506828,0.1755858218521838,0.19309818117570646,0.030835534622555442,0.17560049721613957,0.12793298249589075,0.45388290277792,0.32594992028202924,0.20000000000000046,0.2000162333841497,52.979185601553176,13.246140226831557,-5.9823883635790054e-05,1.4213408228158642e-08,0.44480412455911444,0.4448413010369643,0.3375568697471225,37.52821362093817,26.646618730662645,24.976745333246157,40.037242108919436,62.83060560558557,15.915810302345728
13.88876156002,0.026928994661113887,0.1610249487997929,0.5285254271214159,0.367500478321623,1.1126463771e-07,0.603895259457,60.55470548604733,5.790191294743494,0.08727410208918973,0.08726818612904623,66.34489678079082,66.44380902666262,-0.14886600771503167,1.5865221428482603,0.19312296655233305,0.030806742154156734,0.17551849519112434,0.1930982230626602,0.030811905026705375,0.17553320206361353,0.12800488898871282,0.45359527680681255,0.32559038781809974,0.1999999999999999,0.20001632624547505,53.0748342615618,13.270062519229025,-5.98239056404104e-05,1.4232237610656284e-08,0.44463356878065724,0.4446708250777401,0.33718453447245367,37.87571863745376,26.40213931178432,24.88150424984476,40.190496119471526,82.63767408293812,12.101018223193991
13.99940682222,0.026944362058641667,0.16096133319367992,0.5282469821552424,0.36728564896156246,1.11546149154e-07,0.603842027605,60.64965161116661,5.8156087804078975,0.08749847282844793,0.08749248526872544,66.4652603915745,66.56434222629908,-0.14885121885186425,1.5865221428481115,0.19312296655234112,0.030783237123725687,0.1754515235719704,0.19309826656962226,0.030788409345441914,0.17546626269867924,0.12809843668348714,0.45322108602775607,0.32512264934426893,0.20000000000000015,0.20001640418428243,53.17111800487976,13.294142386694745,-5.982391501069273e-05,1.4236434253689367e-08,0.4444639124148196,0.4445012504201507,0.3367001400140963,38.227975987077635,26.158852886640776,24.78742143149961,40.34304265022137,104.21930515662642,9.59515128696306
14.10993787638,0.026959713593941663,0.1608977136818889,0.5279668811751718,0.3670691674932829,1.1182818865e-07,0.603789104107,60.74522713668071,5.841194759265093,0.08772351168520652,0.08771745218745561,66.5864218959458,66.68567444373231,-0.14883638594709314,1.586522142847809,0.19312296655239178,0.03075986269467551,0.17538489870760113,0.19309831008576497,0.030765044212097775,0.17539966993155312,0.12821303153145686,0.4527627066361343,0.32454967510467747,0.19999999999999993,0.20001646040061782,53.26804147757653,13.318380418369275,-5.982393408432429e-05,1.4262657721531014e-08,0.444295134468189,0.4443325537841066,0.33610676238542603,38.58557821444712,25.91641867959834,24.694096638850375,40.495508486296856,58.53681460875134,17.0832664312844
14.22036209774,0.026975050291352783,0.16083409586888664,0.5276850907639575,0.3668509948950709,1.12110779004e-07,0.603736481989,60.84143567704823,5.8669501989177375,0.08794921540788637,0.08794308454403263,66.70838587596597,66.80781026747962,-0.1488215092151357,1.5865221428474747,0.19312296655243177,0.03073661626905723,0.17531861358411785,0.1930983530415108,0.03074180689823329,0.17533341637643776,0.12821514133410136,0.45275426742575137,0.32453912609165003,0.1999999999999999,0.20001644991818543,53.36561135328284,13.342774522683136,-5.98239551563573e-05,1.4283374483170519e-08,0.44412721717275333,0.4441647164594801,0.33609583772616125,38.948884253380434,25.674676416775878,24.602380073090284,40.646473919561345,0.43833898908721447,2281.3393854887827
14.33068650598,0.02699037312583056,0.16077048343659875,0.5274015752272302,0.36663109179063147,1.12393942517e-07,0.603684154638,60.93828072827805,5.892876035262419,0.08817558038255083,0.08816938262262494,66.83115676354048,66.93075413569568,-0.1488065889012402,1.5865221428471956,0.1931229665524578,0.03071349350725055,0.17525265620597752,0.19309839274152563,0.030718692541489657,0.17526748854676288,0.12821390386768697,0.4527592172915409,0.32454531342385395,0.20000000000000004,0.20001642311471662,53.463827835078206,13.367328928462268,-5.982397274229001e-05,1.4296852590689468e-08,0.4439601301407114,0.44399770428131397,0.3361022453868504,39.31754676852837,25.433936809110566,24.51407480346334,40.79289175778807,0.16393756577962268,6099.883179577498
14.44091964619,0.027005683284193054,0.16070688772785308,0.5271163080742525,0.3664094203463994,1.12677705646e-07,0.603632114895,61.035767325129065,5.918973616127895,0.08840260649086722,0.08839633766858396,66.95474094125696,67.05451243995259,-0.1487916250005772,1.5865221428475427,0.1931229665524197,0.030690488239936545,0.17518700933555703,0.19309843552928252,0.03069569608374033,0.17520187237509857,0.12821546729376654,0.45275296358703027,0.3245374962932637,0.19999999999999976,0.20001640002809568,53.56269469337299,13.392046247883966,-5.9823950870896425e-05,1.4277112825311633e-08,0.4437938297047228,0.44383148161318403,0.3360941498912904,39.69120764964989,25.194496696268217,24.42976835164308,40.933666893846855,2.934136537903695,340.8157688239191
14.55106805282,0.027020981674002777,0.16064330957600728,0.526829255287609,0.3661859457116018,1.12962089948e-07,0.603580356532,61.13389892834917,5.945243867967246,0.08863028983569127,0.08862395270303078,67.07914279631642,67.17908957362955,-0.14877661776526718,1.5865221428474048,0.1931229665524637,0.030667595208778327,0.1751216583086693,0.19309847607818315,0.03067281142348481,0.17513655079247395,0.12821973306675152,0.45273590049530926,0.3245161674285577,0.2000000000000002,0.20001637014048576,53.66221614206189,13.416926654254521,-5.982395956394271e-05,1.4299894601776941e-08,0.44362827871662364,0.4436660052149893,0.3360720615140354,40.069874041316886,24.956404878360214,24.34846537745664,41.070350204734616,5.262616641515008,190.01954125089358
14.66113997174,0.027036269440519446,0.1605797570531047,0.5265403871559352,0.36596063010283053,1.13247121727e-07,0.60352887282,61.23268071064805,5.97168817554334,0.0888586303913696,0.08885222234935497,67.20436888619139,67.3044921034547,-0.14876156722111178,1.5865221428468885,0.19312296655251926,0.030644810258813077,0.17505659158915746,0.19309851742120487,0.03065003517225682,0.17507151445125738,0.1282259141728395,0.4527111760712407,0.3244852618984012,0.20000000000000037,0.2000163508483393,53.762396260509725,13.441972625681675,-5.982399210457956e-05,1.4328671582575225e-08,0.4434634479523563,0.44350125140677055,0.33604005545001037,40.453899578599376,24.719495782033647,24.268988267933363,41.20484912514054,6.6535285986303245,150.2961902359384
14.77114399893,0.027051547777629165,0.16051623361108114,0.5262496636073383,0.36573342999625713,1.13532828245e-07,0.603477656811,61.33211837684895,5.998308066058188,0.08908762921833646,0.08908115120889327,67.33042644290714,67.43072727163333,-0.14874647328383395,1.5865221428466012,0.1931229665525279,0.030622129983504914,0.1749917997607457,0.19309855781533763,0.030627363384355837,0.17500675239645994,0.12823293125395538,0.45268310774681864,0.32445017649286323,0.20000000000000007,0.2000163438175046,53.86324071812342,13.467185724783718,-5.982401021231709e-05,1.4333134679134218e-08,0.44329931355806823,0.44333719243671843,0.3360037206668726,40.843659339926226,24.483604460545045,24.190739455664943,41.338132793862236,7.028651802521093,142.27479580668827
14.88108759612,0.027066817721683335,0.16045274616971747,0.5259570506196111,0.36550430444989357,1.13819234174e-07,0.603426702342,61.43221681819827,6.0251048489166985,0.08931728535931334,0.08931073683554148,67.45732166711497,67.55780128755319,-0.14873133601631672,1.5865221428462024,0.1931229665525829,0.030599551571062367,0.17492727509185743,0.19309859843032579,0.030604793418455865,0.1749422573835603,0.1282398469329043,0.45265544503129745,0.32441559809839315,0.1999999999999999,0.2000163587916523,53.964753813421396,13.492567853693568,-5.982403534776637e-05,1.43616230019461e-08,0.443135855947684,0.4431738099525939,0.3359679109492691,41.23906786126778,24.248850710304534,24.113337010348108,41.470825857526705,6.604074207370555,151.42167828519223
14.99097777018,0.02708208024585833,0.1603892999193589,0.5256625135853498,0.36527321366599086,1.14106363338e-07,0.603376003445,61.53298069994478,6.052079773030682,0.08954759721566964,0.0895409785537743,67.58506047297547,67.68572007370896,-0.14871615552569661,1.5865221428456404,0.19312296655266056,0.030577072709249788,0.17486301126667636,0.1930986385303947,0.030582322859156755,0.17487802280205697,0.12824601427646862,0.4526307756574277,0.32438476138095906,0.2,0.20001639957736075,54.06694001195272,13.51812046102275,-5.9824070774983085e-05,1.4401835279898023e-08,0.44297305912161367,0.44301108720829363,0.3359359761483606,41.63983423886556,24.015465437819287,24.036776875031595,41.602915615477485,5.76637915821076,173.4190507705512
15.10082160298,0.027097336333747224,0.16032590086606968,0.5253660211228566,0.3650401202567869,1.14394239986e-07,0.603325554269,61.63441493698152,6.079234154135835,0.08977856363870523,0.08977187473466788,67.71364909111736,67.81448986950545,-0.14870093188362743,1.5865221428454255,0.19312296655268654,0.03055469071854488,0.17479900090831435,0.19309867853322418,0.03055994908068714,0.17481404142884843,0.12825126418228877,0.452609776034276,0.3243585118519872,0.20000000000000015,0.20001646648647955,54.169804267006654,13.543844824110712,-5.9824084319703985e-05,1.441529118295648e-08,0.44281090439229903,0.4428490059058404,0.3359087918839055,42.04570318519528,23.783643136978387,23.96123585965413,41.73407439654636,4.905565821230134,203.85008303674888
15.21062549625,0.027112586874479167,0.16026255405925335,0.5250675421177902,0.3648049880585368,1.1468288696e-07,0.603275349342,61.73652399102866,6.106569186652986,0.09001018232850658,0.09000342422754143,67.84309317768165,67.94411633904782,-0.1486856652341384,1.5865221428454443,0.19312296655270259,0.030532403124997415,0.17473523721618778,0.19309871754875102,0.030537669469686723,0.17475030606464392,0.12825572253354386,0.4525919426293371,0.3243362200957932,0.20000000000000015,0.2000165545754796,54.27335142853854,13.569741749143109,-5.982408313176535e-05,1.4423595651180676e-08,0.4426493745321097,0.4426875478075761,0.3358857063269724,42.4568681822598,23.553315230581248,23.887810280950976,41.862355244734886,4.235122331479128,236.12068831332843
15.32039691653,0.02712783290507361,0.16019926577068766,0.5247670419873951,0.36456777621670744,1.14972330083e-07,0.603225382871,61.83931348766417,6.134086376576291,0.09024245350133382,0.09023562630326228,67.97339986424046,68.07460662397423,-0.1486703555891422,1.58652214284486,0.19312296655275424,0.030510205175081517,0.17467170685340405,0.19309875636400836,0.03051547937782454,0.1746868036739597,0.1282596422569699,0.4525762637358917,0.3243166214789218,0.19999999999999998,0.2000166625442212,54.37758728161127,13.595812582629195,-5.9824119968965306e-05,1.445032982161365e-08,0.4424884357552606,0.44252667989126165,0.3358654098110022,42.87348527725357,23.324439185039797,23.815316785173447,41.989783676636364,3.8504403806004577,259.7105528599445
15.43009629072,0.027143068929266666,0.16013605830528832,0.5244646043581975,0.3643285460529092,1.15262470794e-07,0.603175670205,61.942744739077156,6.161775367011329,0.0904752776675167,0.09046839156439387,68.10452010608849,68.20591161045469,-0.14865500947378596,1.5865221428441543,0.19312296655285438,0.03048810591719632,0.1746084359851961,0.19309878467162794,0.030493388756465623,0.1746235630047263,0.12826333551219227,0.4525614907155033,0.324298155203311,0.19999999999999965,0.200016767284109,54.48247415703305,13.622045949055423,-5.982416444449967e-05,1.4502199441324137e-08,0.44232815434502787,0.442366474982812,0.33584628595852306,43.29586102764396,23.09689601418275,23.74405334111271,42.115808351411715,3.790149723659874,263.84181969317353
15.53965602721,0.02715828555933472,0.16007299846152379,0.524160418323558,0.3640874198620342,1.15553135084e-07,0.603126239636,62.04675134459874,6.189618382212814,0.0907084947073434,0.09070154399097456,68.23636972681156,68.33794700348646,-0.14863963746192255,1.5865221428439578,0.1931229665528971,0.030466115068597283,0.17454545272964656,0.19309882025908953,0.03047140497394773,0.1745606054467838,0.12826712835769907,0.4525463193336913,0.3242791909759922,0.19999999999999996,0.2000168970551712,54.587942787745284,13.648426939066267,-5.982417683458863e-05,1.452431508397467e-08,0.4421686015317593,0.44220698726820273,0.3358266464224699,43.724137583703275,22.87066264224539,23.676836574751867,42.23537197812838,4.0565657501144035,246.51393853823222
15.64920826294,0.027173501147630553,0.16001001094739,0.5238540956276205,0.36384408468023055,1.1584467936e-07,0.603077028844,62.15145669699988,6.217648454956019,0.09094236996574387,0.09093535691753266,68.3691051519559,68.47086944901699,-0.14862422206696202,1.586522142843857,0.19312296655288877,0.030444201841361956,0.17448266917193225,0.19309885430622686,0.03044949839383261,0.17449784638737698,0.12827134195858494,0.4525294649301069,0.3242581229715219,0.19999999999999998,0.20001703266788784,54.69411961330289,13.674985538653024,-5.982418318506433e-05,1.4520007418639125e-08,0.4420095546045573,0.44204800240152536,0.3358048281945818,44.15745332710287,22.646233526928103,23.612501338479213,42.35044757288751,4.63580942983733,215.71205959497127
15.75876217589,0.02718871696887361,0.1599471035781625,0.5235456009709241,0.36359849739276157,1.16137135608e-07,0.603028031786,62.25686888526421,6.245867750699295,0.0911769085064589,0.09116982948968133,68.5027366359635,68.60468921593872,-0.14860876295833547,1.5865221428439034,0.19312296655284972,0.03042236294794673,0.17442007610348853,0.19309889050802798,0.030427666514918593,0.17443527887132979,0.12827627719878482,0.4525097239691106,0.3242334467703258,0.20000000000000026,0.20001718131237453,54.801012341854154,13.701724294109354,-5.982418025407554e-05,1.4499779155130454e-08,0.4418509902357553,0.44188950276352706,0.33577927328349055,44.595946000508576,22.423562894900712,23.549378683280594,42.463965332128794,5.555693461207748,179.995531967779
15.86832427581,0.027203933927195834,0.1598842775799232,0.5232348957936288,0.3633506182137056,1.16430528922e-07,0.602979243426,62.36299363740394,6.274277802849672,0.09141210993958604,0.09140496731965723,68.6372714402536,68.73941357587941,-0.14859326012879315,1.5865221428438852,0.19312296655286149,0.030400596021943872,0.17435766694339505,0.1930989242386912,0.030405906289780023,0.17437289436658446,0.12828230583270964,0.45248560943347077,0.3242033036007611,0.19999999999999984,0.2000173282638717,54.908627787451934,13.728643652801672,-5.982418140870749e-05,1.45058631773054e-08,0.4416928917541864,0.4417314667403072,0.3357480567274205,45.0398597625071,22.20255580885352,23.486952346025394,42.5768309684175,6.8068063301860064,146.91177499282156
15.97790139151,0.027219152971043055,0.15982154120637185,0.5229219471603461,0.3631004059539743,1.16724885568e-07,0.602930658893,62.46983715654236,6.302880272018018,0.09164797477379477,0.09164076783875261,68.77271742856038,68.87505040367915,-0.14857771358278704,1.5865221428436724,0.19312296655288896,0.030378899237978436,0.1742954366527662,0.19309895805159608,0.03038421622522844,0.17431068878651257,0.12828971022382865,0.45245599186912927,0.3241662816453006,0.20000000000000012,0.2000174774637767,55.01697197017062,13.75574545838976,-5.9824194809099396e-05,1.4520096236481095e-08,0.4415352463950553,0.4415738839793833,0.3357097164345732,45.48945049161192,21.98311892521973,23.424940865561727,42.689542131145956,8.33377828450213,119.99359304526315
16.08750023904,0.027234375033199996,0.15975890030246923,0.5226067172510864,0.36284781694861723,1.17020231757e-07,0.602882273443,62.57740570570372,6.331676834837948,0.09188450348490415,0.09187723199584893,68.90908254054166,69.01160765017319,-0.1485621232753087,1.5865221428436465,0.19312296655291686,0.030357270742333492,0.17423338010362277,0.1930989918033744,0.03036259439219316,0.17424865678734272,0.128298753136563,0.4524198202183303,0.32412106708176736,0.2000000000000003,0.20001762655218414,55.12605140289397,13.783031137647693,-5.982419645222947e-05,1.4534551340261714e-08,0.44137804116786933,0.44141674094360545,0.33566289179807673,45.945064127806106,21.765123609758913,23.363034372196914,42.80265928085292,10.15346106340483,98.48858372089558
16.1971261986,0.027249600860916667,0.15969636255690045,0.522289171497372,0.3625928089404715,1.17316590299e-07,0.602834082984,62.685704391628086,6.36066885840463,0.09212169385597116,0.09211435622469652,69.04637325003272,69.14909179830245,-0.14854648932967063,1.5865221428437406,0.1931229665529169,0.03033570959876391,0.17417149479396424,0.19309902629649126,0.03034104002770313,0.17418679636442921,0.1283097504220983,0.45237583107619295,0.32406608065409465,0.2000000000000004,0.20001777660180034,55.23587119014315,13.810502059889567,-5.982419051253629e-05,1.4534573544722207e-08,0.44122126973441667,0.44126003255468976,0.33560594732517207,46.40688712925085,21.548525700826147,23.301469008815108,42.91574920112088,12.308063309361264,81.24755088312068
16.30678510086,0.027264831264008332,0.15963393173029536,0.5219692694919812,0.3623353377616858,1.17613985576e-07,0.602786083226,62.79473890347655,6.389857865735799,0.09235954481387297,0.09235214365459798,69.18459676921235,69.28751007043934,-0.14853081186257944,1.5865221428436378,0.1931229665529183,0.030314213718783442,0.17410977490877255,0.19309905859594553,0.0303195505253762,0.17412510021641395,0.12832304840688474,0.4523226391370559,0.32399959073017115,0.19999999999999984,0.20001791842391076,55.34643773643687,13.838159032775476,-5.9824196996238754e-05,1.4535284087457967e-08,0.44106491736375836,0.4411037403164149,0.33553708972100416,46.87413206373798,21.333728348083998,23.24207407603121,43.02542005195945,14.833147726985356,67.4165739063422
16.41648203893,0.02728006694985139,0.15957160687807984,0.5216469769284292,0.3620753700503494,1.17912440161e-07,0.602738269998,62.90451433443058,6.419245220293973,0.0925980538494394,0.09259060071493574,69.32375955472457,69.42686893231249,-0.14851509102109528,1.5865221428433487,0.1931229665529137,0.030292778870586456,0.1740482084670407,0.19309908149155783,0.03029812070507519,0.1740635536379606,0.12833903341572137,0.4522586991016816,0.3239196656859602,0.19999999999999993,0.2000180342215904,55.457757443738366,13.866002110986202,-5.982421521499859e-05,1.4532908210185269e-08,0.44090895370491684,0.44094782697637547,0.3354543185771582,47.34588373678529,21.121160301060176,23.18461992026515,43.13204199331828,17.773783314999772,56.2626415702994
16.52622496074,0.027295309022325,0.15950941357225354,0.5213222797982296,0.3618128662259761,1.1821198463e-07,0.602690638858,63.015038787273454,6.44883309122861,0.09283722483117758,0.09282970523001849,69.46387187850206,69.56717867029599,-0.14849932650501385,1.5865221428436185,0.1931229665529049,0.030271403005649233,0.17398678974465054,0.19309911598088716,0.030276751320083513,0.17400215895236332,0.12835814134534154,0.45218226738315576,0.3238241260378142,0.19999999999999993,0.20001817277729175,55.56983515132818,13.894036727173882,-5.982419821748408e-05,1.4528356295784306e-08,0.4407533642572262,0.44079229842007395,0.33535537679942434,47.82299660532726,20.91044206729205,23.1285605646304,43.23658609041415,21.18591563050714,47.20116975072002
16.63601969963,0.02731055829161528,0.15944734639354424,0.5209951274807103,0.36154778108716606,1.18512644387e-07,0.602643185458,63.12631841296223,6.478623125181067,0.0930770572033424,0.09306947153196696,69.6049415381433,69.70844709302825,-0.148483518427589,1.5865221428428686,0.19312296655299643,0.030250082789625023,0.17392550931253592,0.1930991498955361,0.03025543744777205,0.17394090217016828,0.12838086947980382,0.45209135484576446,0.32371048536596064,0.2000000000000001,0.20001830440135693,55.682679153728294,13.922262384415,-5.982424547967824e-05,1.4575740614475308e-08,0.4405981251344325,0.4406371192086197,0.3352376894275923,48.30567271262452,20.701502408404583,23.07425099499174,43.3383514904579,25.13912192063979,39.778636785995985
16.74587258971,0.02732581563745972,0.159385412036251,0.5206654880890904,0.3612800760528394,1.18814446674e-07,0.602595905571,63.23836001868872,6.508617144464507,0.09331755165875431,0.09330989907029556,69.74697716315323,69.85068284213757,-0.14846766669228684,1.5865221428427956,0.19312296655299702,0.03022881586229338,0.17386436052938906,0.19309918419659058,0.030234176870702498,0.17387977706076832,0.1284077910654146,0.451983668503327,0.3235758774379124,0.20000000000000018,0.2000184303427853,55.79629626982523,13.950680893327998,-5.982425008710379e-05,1.4576051476922203e-08,0.440443219512392,0.44048227355827946,0.3350982881637546,48.79333261982315,20.49460338754833,23.02078457766057,43.439006026336855,29.71447622984118,33.65363038086251
16.85578946071,0.02734108186954306,0.1593236125446578,0.5203333242814279,0.3610097117367701,1.19117417534e-07,0.602548795217,63.351170048779636,6.538816874248983,0.09355870793695135,0.09355099258842775,69.88998692302862,69.99389409863996,-0.1484517713286726,1.5865221428422576,0.19312296655308386,0.030207600590443404,0.173803338835718,0.19309921472744115,0.030212967454082806,0.17381877762222012,0.1284395634309684,0.45185657904154725,0.32341701561057884,0.19999999999999976,0.200018539785876,55.910693793030454,13.979293129998151,-5.9824283993314964e-05,1.4621015509419522e-08,0.440288635840737,0.44032774626458443,0.3349337693287427,49.28577639040546,20.28982950534734,22.967505007995253,43.539774984348036,35.16173746516118,28.440005303799797
16.96577603113,0.02735635778210139,0.15926195883669095,0.5199986115159417,0.3607366526792508,1.19421582903e-07,0.602501850782,63.46475497568736,6.56922404724328,0.09380052567186527,0.09379274561194792,70.03397902293065,70.13808907926038,-0.14843583236505697,1.5865221428424297,0.19312296655305383,0.03018643596809384,0.17374244147039558,0.19309924648711377,0.030191808819568136,0.173757902898165,0.12847725235041124,0.45170582336362614,0.3232285710132149,0.19999999999999965,0.2000186430030467,56.025877574660214,14.008101448270427,-5.982427314643601e-05,1.460547238707477e-08,0.440134367124821,0.4401735349048318,0.33473861429280377,49.78319237306581,20.08710073283749,22.914087670558555,43.64127493868596,41.68585759223051,23.98895111579477
17.07583885006,0.027371644284730556,0.15920045502341867,0.5196613100822752,0.36046085505885656,1.19726971196e-07,0.602455068264,63.57912227795955,6.599840665482803,0.09404300646052084,0.09403516189338824,70.17896294344236,70.28327727793206,-0.1484198496851441,1.5865221428420102,0.19312296655310657,0.030165320845134666,0.17368166525322892,0.1930992775444835,0.03017069961698947,0.17369714913316645,0.1285219189393071,0.45152715700830454,0.32300523806899745,0.19999999999999996,0.20001873513180365,56.1418555426333,14.037107400809061,-5.982429958084623e-05,1.4632783873480548e-08,0.43998040530839605,0.4400196299655332,0.3345073285495945,50.28590293057272,19.88628903374075,22.860479476161977,43.74361443480489,49.495166352543414,20.2039931107053
17.18598410391,0.027386942236654166,0.15913910804616785,0.5193213861035412,0.36018227805737335,1.2003361016e-07,0.602408443929,63.6942792152339,6.630668672406993,0.09428615123897285,0.09427824222915775,70.32494788764087,70.42946791069751,-0.14840382322518497,1.586522142841884,0.19312296655312752,0.030144254246802935,0.17362100750428486,0.1930993087886834,0.03014963879217525,0.17363651341862185,0.12857503788037528,0.45131468124413615,0.3227396433637609,0.20000000000000015,0.20001881562860194,56.2586351020118,14.06631278562908,-5.9824307530043086e-05,1.464361965020089e-08,0.439826743602501,0.43986602407844894,0.334232276120548,50.79409229318144,19.687328877304086,22.806596222112137,43.846963845944266,59.29507783798409,16.864806261530966
17.29621698563,0.027402252359115274,0.15907792396007536,0.5189788025684908,0.35990087860841546,1.20341525248e-07,0.602361974704,63.81023215098028,6.661709771542124,0.09452995887166098,0.09452198679654011,70.4719419225224,70.57666905594478,-0.14838775309637953,1.5865221428416916,0.1931229665531212,0.030123235461008396,0.17356046629635563,0.19309933921280384,0.030128625493937355,0.17357599342633,0.12863905757724753,0.4510586024566155,0.32241954487936797,0.20000000000000012,0.2000188796862386,56.37622304986581,14.095718872656603,-5.9824319664780745e-05,1.4640355594508492e-08,0.4396733771250221,0.4397127113456455,0.3339007790540386,51.30756449214458,19.49030342598126,22.75244791512998,43.9513147653452,71.30153622602155,14.02494326111096
17.40654251136,0.0274175753488,0.1590169094655625,0.5186335299402856,0.3596166204747231,1.20650741732e-07,0.602315657895,63.92698738756742,6.692965650058525,0.09477442793671285,0.09476639299012912,70.61995303762593,70.72488871443308,-0.1483716393401946,1.5865221428417084,0.19312296655313407,0.030102263738604147,0.17350003959251464,0.19309936894758836,0.03010765919481527,0.1735155877574556,0.12871586883211147,0.45075135743722544,0.322035488605114,0.1999999999999999,0.20001892761966697,56.49462576248876,14.125327275137183,-5.982431861006887e-05,1.4647016932656243e-08,0.4395203007158994,0.4395596882235126,0.33350304668572955,51.82610673446841,19.295294649924415,22.698022601334042,44.056701218599834,84.50659685784358,11.833395701429005
17.5169649778,0.02743291180247222,0.15895607220984495,0.5182855369649488,0.35932946475510386,1.2096128322e-07,0.602269491562,64.0445505809664,6.724437822086828,0.09501955551192691,0.09501145847981748,70.76898840305323,70.87413406639332,-0.14835548218705696,1.5865221428412875,0.193122966553171,0.030081338578614378,0.17343972606820612,0.19309939823321337,0.030086739250747403,0.17345529467487408,0.1288059143133207,0.4503911755125705,0.3215852611992498,0.20000000000000004,0.20001895856281507,56.61384904413058,14.155139358922643,-5.982434514439916e-05,1.4666134973140288e-08,0.439367511019692,0.43940695031146626,0.33303678685763577,52.35022070832943,19.102116217838415,22.64360487842492,44.16257947305957,97.42863767972844,10.263922639329541
17.62748962866,0.027448262448425,0.15889541657264933,0.5179347852146506,0.3590393686420013,1.21273176182e-07,0.602223472018,64.16292850796363,6.756128101799442,0.09526534086565047,0.09525718669271636,70.91905660976308,71.0244137148709,-0.14833928165994825,1.5865221428408531,0.19312296655324152,0.030060458681438078,0.173379522093695,0.19309942441051756,0.03006586591647826,0.1733951150306094,0.12890814574361156,0.4499822497917622,0.3210741040481506,0.19999999999999982,0.20001896463614927,56.733900333705805,14.185156276057269,-5.982437251139672e-05,1.4702661310650456e-08,0.43921499884134574,0.4392544997679026,0.3325074275998559,52.879273934649596,18.911000957309692,22.589586396659318,44.26818545681235,108.50829531609423,9.215885265609526
17.73798690131,0.02746360929184861,0.15883502896681911,0.5175816813898836,0.35874665242306447,1.21586064952e-07,0.602177647205,64.28198239710022,6.787999339480582,0.09551148281759998,0.09550326569897205,71.06998173658081,71.17555149084254,-0.14832305763770037,1.5865221428403489,0.1931229665533073,0.03003964807257361,0.17331949709300914,0.19309945369559625,0.030045060932807344,0.173335111656027,0.12901979364997945,0.44953565816661956,0.3205158645166401,0.19999999999999962,0.2000189700045418,56.85463719138832,14.215344545192492,-5.982440429708191e-05,1.4736722953045955e-08,0.43906294004980956,0.43910249576085825,0.33192930937647136,53.41426509925616,18.721590536568588,22.53783506552644,44.369833974408046,116.30013058345669,8.59844262412416
17.84859094163,0.02747897096411528,0.15877484339673548,0.5172257722617959,0.3584509288650604,1.2190033994e-07,0.602131956284,64.40185681733826,6.820090236864024,0.09575826720482253,0.09574998727049454,71.22194705420227,71.3277309232081,-0.14830679125303892,1.586522142839603,0.19312296655340475,0.030018877571477927,0.1732595670417017,0.19309948322281278,0.030024295446841508,0.1732752014768458,0.12913707379572933,0.44906653758410703,0.3199294637883777,0.19999999999999998,0.20001896546848721,56.97620688576937,14.24574016843291,-5.9824451315027005e-05,1.4787171487284922e-08,0.4389111217895115,0.43895072784177586,0.33132202714710796,53.95604633563546,18.533604070607122,22.48828813892701,44.467591033263645,81.7403387930206,12.233861698715947
17.95931959423,0.02749434994364306,0.1587148588439356,0.5168669714739833,0.3581521126300477,1.22216064656e-07,0.602086381661,64.52257259252542,6.8524063685825976,0.09600572172940956,0.09599738157918067,71.37497896110801,71.48097844765792,-0.14829048070114093,1.5865221428390062,0.19312296655348896,0.029998143675466778,0.17319972192664393,0.1930995109058962,0.030003566180205138,0.17321537512647409,0.12918066677899448,0.44889216565146767,0.3197114988724732,0.19999999999999998,0.20001890329755131,57.09863394642139,14.276345014686624,-5.982448892938308e-05,1.4830781047692199e-08,0.4387595186946169,0.4387991722826655,0.331096300585605,54.5022224817825,18.347875636342213,22.438905465561835,44.56545358394386,25.435690199087308,39.31483644331705
18.07017850771,0.027509747014959722,0.1586550825531451,0.5165052630092716,0.3578501804561265,1.22533268627e-07,0.602040920532,64.64413758259911,6.8849498387765555,0.096253847028937,0.09624544547777408,71.52908742137566,71.63530404229958,-0.14827412592706146,1.5865221428383398,0.19312296655355077,0.029977445263713973,0.17313995859914594,0.1930995390820466,0.029982872457307103,0.1731556307409814,0.12918714299875714,0.44886626077272546,0.3196791177739683,0.19999999999999993,0.20001881569309005,57.2219240677446,14.307163353631065,-5.98245309291201e-05,1.4862777675261896e-08,0.4386081227886829,0.4386478243617111,0.3310627664088185,55.05085297470122,18.165022810083485,22.38971811469575,44.66335819313591,8.08899709195206,123.62471992911512
18.18117379358,0.027525163026886113,0.15859552060105425,0.516140619612077,0.35754509901102277,1.22851983011e-07,0.601995570736,64.76656029712633,6.917722925490205,0.09650264485462065,0.09649417937309684,71.68428322261654,71.79071850994568,-0.14825772681796856,1.5865221428386753,0.1931229665535071,0.029956781004439874,0.1730802732966408,0.19309956831042505,0.029962213158481243,0.17309596517100345,0.12919660221560347,0.44882842390512057,0.3196318216895171,0.2,0.2000187404992951,57.34608317883403,14.33820004378251,-5.982450979047371e-05,1.4840173534480527e-08,0.43845692454015806,0.43849667610076154,0.33101378612925647,55.60274248152941,17.984724410530443,22.34076378690382,44.76122703495934,10.835131972140921,92.29236917198428
18.29231023066,0.027540598643147222,0.15853617068970624,0.5157730085974959,0.3572368379077896,1.23172235707e-07,0.601950330498,64.88984791241931,6.950727549853337,0.09675211404039404,0.09674359624809088,71.84057546227264,71.94723096085676,-0.1482412834514002,1.5865221428390621,0.1931229665534685,0.02993614988843618,0.1730206631834365,0.19309958997039078,0.029941585513221285,0.17303637049251028,0.12920851198748112,0.4487807848174169,0.3195722728299358,0.1999999999999997,0.20001866769945628,57.47111927154661,14.369456190726027,-5.982448540997609e-05,1.4820189520037275e-08,0.43830591676550396,0.4383457074262073,0.33095211675802333,56.15809651305593,17.806871352335005,22.291311715948417,44.860527399316105,12.725361476851903,78.58322938951889
18.40359406181,0.027556054730806946,0.15847705017451486,0.5154024107731495,0.35692536059863467,1.2349405935e-07,0.601905196766,65.0140093582895,6.983966102420232,0.09700225676805978,0.09699368019312905,71.99797546070972,72.10485273135573,-0.14822479569330804,1.5865221428387386,0.19312296655351624,0.029915551928526393,0.17296112837434424,0.19309961565033598,0.029920991723718343,0.17297685314433936,0.12922172724842487,0.4487279237738811,0.3195061965254562,0.20000000000000023,0.20001864302840772,57.59703810826596,14.400937352443758,-5.9824505793670824e-05,1.484490308456543e-08,0.43815509975556693,0.4381949346492827,0.3308836875021263,56.71755281044448,17.63122614514234,22.241317902839796,44.96136444649797,13.70237745588374,72.9800359988335
18.51503149607,0.02757153215223195,0.15841816212180945,0.5150287871634555,0.356610625041646,1.23817486757e-07,0.60186016677,65.1390536792864,7.017441004452324,0.09725307521117406,0.09724443797718448,72.15649468373873,72.26359530339685,-0.14820826338417525,1.5865221428383707,0.19312296655351124,0.029894985953247133,0.17290166555949404,0.19309964206008856,0.02990043011224435,0.17291740835509983,0.12923559719492386,0.44867244398785794,0.31943684679293405,0.20000000000000015,0.20001865799739388,57.72384945130123,14.432645232437507,-5.982452898622981e-05,1.48423273671483e-08,0.43800446512559366,0.4380443456828253,0.33081186825269154,57.28147306915352,17.45765160041785,22.191451326320593,45.06239746536681,14.432255223073629,69.28924028458462
18.62662814497,0.027587031686801388,0.1583595128163138,0.5146521045914534,0.3562925917751396,1.24142549162e-07,0.601815237757,65.26498939569007,7.051154536863774,0.09750457025806138,0.09749587099214908,72.31614393255383,72.42346949340923,-0.1481916864879973,1.58652214283817,0.19312296655356304,0.0298744508753601,0.17284227166801558,0.19309966886347968,0.029879899522454366,0.17285803285486726,0.12925028902023408,0.4486136766868776,0.3193633876666435,0.19999999999999973,0.20001870244879624,57.85156265706402,14.464581275489806,-5.982454164277229e-05,1.4869150355423244e-08,0.4378540050962783,0.4378939322432741,0.33073579327557995,57.85019410288152,17.28602670237523,22.14142476060851,45.16421191553516,15.65897441329105,63.86114272919549
18.73838919994,0.027602554055547224,0.15830110666430225,0.5142723239500598,0.3559712172857576,1.24469277072e-07,0.601770407242,65.39182468642318,7.085108889189504,0.09775674189910165,0.0977479849875669,72.47693357561269,72.58448568443966,-0.14817506497815103,1.5865221428378147,0.19312296655362637,0.029853946262122857,0.1727829455187139,0.19309969307601488,0.029859398755873887,0.1727987232472332,0.12926662430184802,0.4485483355607379,0.31928171125888993,0.19999999999999993,0.20001875397186133,57.98018763011728,14.49674594549541,-5.9824564035970695e-05,1.490194634357067e-08,0.4377037166753498,0.4377436857266515,0.33065120840281903,58.424510411022226,17.116104062574095,22.090902009920864,45.267504221914855,17.947279460636917,55.71875125660476
18.85031966509,0.027618099953484725,0.1582429524820467,0.5138894069704024,0.35564645448835575,1.24797700984e-07,0.601725672835,65.51956764205086,7.119306227305448,0.0980095897426739,0.0980007780227062,72.63887386935632,72.74665414736914,-0.1481583988653168,1.586522142837558,0.19312296655365022,0.029833471779985084,0.17272368621583167,0.19309971557988667,0.029838927689892443,0.17273947924516977,0.12928589391440254,0.44847125711064145,0.3191853631962389,0.1999999999999997,0.20001880398416846,58.1097331952508,14.529140674105516,-5.9824580211920164e-05,1.4914292023604503e-08,0.43755359759362406,0.43759360540584186,0.3305514294232551,59.004892068507594,16.947747295918287,22.039832264225225,45.37239612404797,21.736251438061853,46.006092763949304
18.96242560087,0.027633670222343053,0.15818505952449777,0.5135033111048539,0.3553182515803561,1.25127854949e-07,0.601681031853,65.64822769007847,7.153749074998024,0.09826311582283459,0.09825424869307232,72.8019767650765,72.9099868503616,-0.14814168806088768,1.5865221428374212,0.19312296655370348,0.029813026950862367,0.17266449244376322,0.1930997380335056,0.029818486315648825,0.17268030089054404,0.12930979886181554,0.448375637321254,0.3190658384594385,0.20000000000000004,0.2000188493589969,58.24020914146547,14.561767623611027,-5.9824588838353066e-05,1.4941869963536192e-08,0.4374036445183329,0.43744369138690525,0.3304276484572196,59.59060803746218,16.781167921148594,21.988264434076736,45.47880543269394,27.459247561479955,36.41760386044983
19.07471286244,0.02764926567533889,0.15812743783166167,0.5131140042595275,0.3549865664278658,1.25459772713e-07,0.601636481909,65.77781416881972,7.188439932176463,0.09851732175022426,0.0985083934295689,72.9662541009962,73.07449564832565,-0.14812493246668668,1.586522142836771,0.19312296655374017,0.02979261121627095,0.17260536265212315,0.1930997636134429,0.02979807468128047,0.17262118839030297,0.129340501499157,0.448252826772073,0.318912325272916,0.2000000000000002,0.20001889200512285,58.37162480195069,14.59462929904551,-5.9824629816684904e-05,1.4960854777257282e-08,0.4372538535219507,0.4372939441940917,0.3302686687260309,60.18053974387218,16.61666718603706,21.93694937308626,45.585189763298075,35.62321749733453,28.071580004664767
19.18718683866,0.027664887060925004,0.15807009027029204,0.5127214511912558,0.3546513609209637,1.25793487088e-07,0.601592019641,65.90833601721666,7.2233811918259905,0.0987722081129093,0.0987632196977088,73.13171720904265,73.24019188910482,-0.14810813197543293,1.586522142836755,0.19312296655377997,0.029772222846641425,0.17254629189478812,0.19309978829870403,0.029777690220570502,0.17256213437649207,0.12938072248443552,0.4480919428311604,0.31871122034672483,0.19999999999999973,0.2000189140226073,58.503990552281515,14.627726656761132,-5.9824630815885627e-05,1.4981460516594325e-08,0.43710421207467276,0.43714434516247413,0.3300604025318956,60.772541566948476,16.45479972066622,21.886071676009717,45.69115987571876,46.833501508155926,21.35223649305514
19.29985241395,0.027680535057493055,0.1580130202193387,0.512325639197461,0.3543126189781223,1.26129029971e-07,0.601547640217,66.03980171523573,7.258575124077044,0.09902777438018229,0.09901872979532216,73.29837683931277,73.40708633798089,-0.14809128667441218,1.5865221428366059,0.19312296655377897,0.029751861132984767,0.17248727817721737,0.19309981031155554,0.02975733189178787,0.17250313588972194,0.12943383966569624,0.4478794741061103,0.31844563444041407,0.2000000000000001,0.2000189065557553,58.63731565160173,14.661061187711038,-5.9824640230576875e-05,1.4980949814002997e-08,0.4369547151238134,0.4369948867951568,0.3297853592151013,61.3648811362513,16.29596572964353,21.835045564101012,45.79793511601824,61.94290790934353,16.14389820806522
19.41271514738,0.02769621043713611,0.15795623054808908,0.5119265512331292,0.3539703206850402,1.26466435655e-07,0.601503338261,66.17222065506982,7.294024243261242,0.09928402157147602,0.09927492627730253,73.46624489833107,73.57519091826224,-0.14807439650710297,1.5865221428361207,0.19312296655383931,0.02973152542223468,0.1724283196642439,0.1930998275026449,0.029736999030117076,0.17244419105936007,0.12950427917035592,0.4475977160877718,0.3180934369174159,0.20000000000000015,0.20001886460273782,58.771610007140204,14.69463489119086,-5.9824670806118974e-05,1.501219148991595e-08,0.4368053580204218,0.43684556435334554,0.32942062007574796,61.95964113772246,16.139538280688605,21.783318779965562,45.906687135282375,81.69577483570455,12.240535107367108
19.52578211313,0.027711914182379165,0.15789973906000318,0.5115241587425934,0.3536244196825902,1.26805743471e-07,0.601459108643,66.30560415702183,7.329731579867027,0.09954095416984804,0.09953179991283252,73.63533573688885,73.74452000093324,-0.1480574611415264,1.5865221428359455,0.1931229665538637,0.029711215659773145,0.17236941625408245,0.19309985121296708,0.02971669281380833,0.17238530335793806,0.12959690031677862,0.44722723150220334,0.3176303311854247,0.19999999999999984,0.20001881457004203,58.906883172329294,14.728452564559563,-5.982468185283807e-05,1.5024825827936183e-08,0.4366561405066497,0.4366963866338577,0.32894102332935937,62.56011420270622,15.984625551670463,21.730324128088622,46.01864169653133,105.91364089890233,9.441654460302514
19.63905798398,0.027727646942219443,0.15784354622056754,0.5111184077118149,0.3532748614912474,1.27146986052e-07,0.601414947356,66.439960860217,7.36569944662458,0.09979857122071978,0.09978936522777788,73.80566030684157,73.91508455329412,-0.14804048065946152,1.5865221428351164,0.19312296655395583,0.029690932435586993,0.17231056971522957,0.19309987264559175,0.029696414640598835,0.1723264768995143,0.12971574882547265,0.4467518374678895,0.31703608864241684,0.19999999999999973,0.20001873075278095,59.04314580989622,14.762514496945357,-5.982473411103584e-05,1.5072543213534573e-08,0.43650706706255454,0.43654736405866296,0.3283256200412875,63.164860636038895,15.831587213689618,21.67693227660583,46.13198893826963,132.09832754277159,7.57011855185081
19.7524268389,0.02774339261651389,0.1577877231984365,0.5107097190754498,0.35292199587701334,1.27489831055e-07,0.601370897562,66.57515531962144,7.40189158432157,0.10005659720281487,0.1000473308196815,73.977046903943,74.08671262916249,-0.1480234732082253,1.5865221428347414,0.19312296655399705,0.029670696069136353,0.17225183908782035,0.19309989718391643,0.02967618240441392,0.17226776368320895,0.12986050903162524,0.4461727966434864,0.31631228761186114,0.19999999999999973,0.20001864973455874,59.180257870866214,14.7967890330768,-5.982475774768403e-05,1.5093881700067868e-08,0.4363582872520095,0.4363986283549298,0.32757604473848423,63.77283793420111,15.680657038216959,21.625202460441862,46.242341630292756,157.04718966996384,6.367512860952873
19.86600947598,0.027759167982775,0.15773220995037715,0.5102976364734975,0.3525654265231203,1.27834661452e-07,0.601326910668,66.71133367757676,7.438347115888303,0.10031529517445822,0.10030597784202165,74.14968079346507,74.25958975485459,-0.14800642146334253,1.5865221428346352,0.19312296655399988,0.029650482432645238,0.17219315443026542,0.1930999147803528,0.029655971287482187,0.17220909176777568,0.1300288573657213,0.44549940330711396,0.3154705459413927,0.19999999999999993,0.20001854176706735,59.318369768662656,14.831311024802403,-5.982476444232887e-05,1.5095347194460373e-08,0.436209623894949,0.43624999727694636,0.3267043289756051,64.38535293071156,15.531482774912366,21.574962518101373,46.35002258571717,177.90908425920898,5.620848447193543
19.97982349976,0.027774975486077776,0.15767700890711137,0.5098820761846329,0.35220506727752154,1.28181550644e-07,0.601282978471,66.84852045460585,7.475072605574182,0.10057469368470379,0.10056533291439436,74.32359306018003,74.43374705893896,-0.14798932354125327,1.5865221428340797,0.19312296655406497,0.029630288430388604,0.17213450679741296,0.19309992566274897,0.02963577914517946,0.17215045496651893,0.13021497636401588,0.44475492731425986,0.314539950950244,0.19999999999999993,0.2000184129306168,59.45750593298182,14.866087127198217,-5.982479945876307e-05,1.5129053565487993e-08,0.43606105433099884,0.43610145515221876,0.32574059585996973,65.00318162578583,15.383862373950544,21.524322085968958,46.459070627449364,167.00645549999987,5.9877924898537875
20.09387740828,0.027790816306705556,0.1576221440507254,0.5094630038193197,0.35184085976859436,1.28530545246e-07,0.601239096652,66.98672955285414,7.512071775041449,0.10083480057589332,0.10082538288462088,74.49880132789559,74.60920219004583,-0.14797217891304726,1.5865221428337337,0.1931229665541414,0.02961011360424943,0.1720758948959715,0.19309994697994257,0.029615607380821585,0.17209185739256108,0.1303614599094846,0.44416899313277036,0.31380753322328575,0.1999999999999999,0.20001829979874863,59.59767774924516,14.901123578650433,-5.982482126354327e-05,1.5168621914085634e-08,0.4359125752839186,0.43595301240034584,0.32498209702356745,65.623369039368,15.238473955826494,21.47350193578567,46.569022742093885,79.12452137060274,12.638307097191891
20.20817570454,0.027806691070075003,0.15756760884610294,0.5090403998396106,0.35147279099350764,1.28881680199e-07,0.601195262551,67.12597020714527,7.549347096495941,0.10109561457635521,0.10108614177433389,74.67531730364121,74.78596687170631,-0.14795498767157245,1.5865221428336693,0.19312296655410732,0.029589956805176662,0.17201731542253723,0.19309996665845855,0.029595453430098728,0.1720332916330404,0.130372644816991,0.44412425350256984,0.31375160868557883,0.19999999999999993,0.20001817040983821,59.738896961792754,14.936420341848446,-5.982482531585731e-05,1.5150969367994094e-08,0.4357641783853353,0.4358046502426389,0.32492418103489634,66.24374064096266,15.09576588405452,21.42371072522652,46.6772546000864,11.706161546449906,85.42509822985205
20.32272477136,0.02782260066268889,0.1575134124219958,0.5086142454533903,0.3511008330313945,1.29234996829e-07,0.601151472546,67.26625407028337,7.586901689439819,0.1013571386862244,0.10134760841910002,74.85315575972318,74.96405589704887,-0.14793774963027806,1.5865221428341654,0.193122966554091,0.029569815697583997,0.17195876161912774,0.19309998824840777,0.029575315298127056,0.17197475192052772,0.1303848074155512,0.4440756031082493,0.3136907956926981,0.20000000000000037,0.20001804653038627,59.88117376802862,14.971981991694562,-5.982479405197694e-05,1.5142531673006943e-08,0.43561584651553836,0.43565635406871395,0.3248612025150703,66.86673626753297,14.95511902957268,21.37616471598435,46.78107664712346,12.841737588870972,77.87108193727845
20.43752991202,0.02783854582111389,0.1574595578683116,0.508184500400025,0.3507249425317135,1.29590533841e-07,0.601107723445,67.40759162096722,7.624738359067243,0.10161937342337801,0.10160978954347064,75.03232998003446,75.14348256866175,-0.14792046472655862,1.5865221428346319,0.1931229665540218,0.0295496867116984,0.1719002231287045,0.19310000677233444,0.029555188870744993,0.1719162263160316,0.130398308863662,0.4440215973154616,0.3136232884517996,0.20000000000000023,0.20001792223837195,60.02451923672407,15.007810743310397,-5.9824764653271245e-05,1.5106693673772043e-08,0.4354675534374809,0.43550809363402976,0.3247912913676669,67.49378827681758,14.816178281453418,21.331479088692113,46.87907462216735,14.239858418683129,70.22541731791163
20.55259754733,0.027854527437129167,0.15740605619415415,0.5077511310201916,0.3503450748260375,1.29948334072e-07,0.601064011403,67.54999485522355,7.662860316765858,0.10188232183505305,0.10187268432777538,75.2128551719894,75.32426211541085,-0.14790313279239298,1.586522142833794,0.19312296655411174,0.029529566346171744,0.17184168977920272,0.19310002586090633,0.029535070926783973,0.17185770546235038,0.13041332375453102,0.4439615377524351,0.31354821399790406,0.20000000000000026,0.20001781148552544,60.168944484910305,15.043910687079103,-5.9824817466580527e-05,1.515325642742482e-08,0.4353192733827019,0.4353598452343837,0.3247135435417646,68.1246974778827,14.678964267322566,21.288801134171727,46.973053752418664,15.701788419565302,63.68701279619488
20.66793365851,0.027870546341459725,0.15735291229582618,0.5073140982224671,0.34996118592664094,1.30308439805e-07,0.60102033282,67.69347538063913,7.70127066994052,0.10214598593878162,0.10213629763460136,75.39474605057964,75.50640927300205,-0.1478857536698186,1.5865221428337848,0.19312296655411232,0.029509452519045146,0.17178315551603174,0.1931000426726083,0.029514959213333608,0.17179918280752562,0.13042981791718775,0.4438955611018106,0.31346574318462284,0.20000000000000012,0.2000177161883867,60.314461132939314,15.080284917640327,-5.98248180438965e-05,1.5153567289871717e-08,0.43517099101336343,0.435211592271977,0.3246281359750052,68.75937757087281,14.54347080104475,21.24767433174411,47.06397436193739,17.041461845633517,58.68041187183874
20.78354473201,0.02788660343500139,0.15730013760286135,0.5068733688537655,0.3495732312509042,1.30670895624e-07,0.600976683796,67.83804558689606,7.739972735354494,0.10241036887673735,0.10240062691541628,75.57801832225056,75.68993977001789,-0.1478683271613157,1.586522142834153,0.19312296655407832,0.02948934258415794,0.17172461263359406,0.19310006116469966,0.02949485165922453,0.17174065231978283,0.13044759285123783,0.4438244613654403,0.31337686851420243,0.2,0.20001765323441484,60.46108046132638,15.11693786092416,-5.9824794840235285e-05,1.5135959152701162e-08,0.4350226868092018,0.43506331946677085,0.3245360965122529,69.39503126345504,14.410253613166425,21.208734357162307,47.15038545722057,18.09903055119083,55.25157809815426
20.89943748214,0.027902699650297225,0.15724773328165534,0.5064289283706902,0.3491811950890349,1.31035747404e-07,0.600933060425,67.98371831284526,7.778969950027533,0.10267547427880257,0.10266568128828711,75.76268826287279,75.87486990524792,-0.1478508530100009,1.5865221428338943,0.1931229665541191,0.029469233132030058,0.17166605119251174,0.1931000780966611,0.029474744212962874,0.17168210219170452,0.1304662911875418,0.44374966802042864,0.3132833768328869,0.2000000000000002,0.2000176142430335,60.60881610789429,15.153872154978492,-5.9824811138309286e-05,1.5157075594629532e-08,0.4348743355912118,0.4349149969075347,0.32443927562864916,70.02980944671788,14.27963331473648,21.171818900372173,47.232597478075974,18.831246115330924,53.10323033725731
21.01561848355,0.027918835900493055,0.15719570699325577,0.5059807597511792,0.3487850527579234,1.3140304137e-07,0.60088945899,68.13050638860007,7.818265748640106,0.10294130541718861,0.1029314597122292,75.94877213724018,76.06121596643449,-0.14783333104211316,1.5865221428329597,0.19312296655421207,0.029449121808122106,0.17160746431353768,0.19310009563415967,0.029454635061549418,0.171623527121282,0.13048562384927556,0.44367233737395956,0.31318671352468397,0.2000000000000001,0.2000176057140875,60.757680577424594,15.191091559815579,-5.982487004674297e-05,1.520521486497728e-08,0.43472591993248827,0.4347666111629146,0.32433917017776226,70.66779821989395,14.150716807227289,21.13704796483864,47.31029619952107,19.304895173292586,51.8003330773561
21.13209402353,0.02793501305882361,0.15714406591375643,0.5055288093580373,0.34838474344428094,1.31772823725e-07,0.600845875789,68.27842244334488,7.857863512072423,0.10320786486319687,0.10319796943313804,76.1362859554173,76.24899398617993,-0.14781576106178695,1.586522142832919,0.19312296655420755,0.02942900504874258,0.1715488415837967,0.1931001114355531,0.029434520060988838,0.17156491500592083,0.1305053646696613,0.4435933740923933,0.31308800942273196,0.20000000000000004,0.2000176164282492,60.907687514915146,15.228598440502152,-5.982487261135816e-05,1.5202861192165074e-08,0.43457741345453554,0.43461813157392054,0.3242369512612573,71.31044466683464,14.02319119831662,21.10479116965964,47.38260577709981,19.59609719038528,51.0305695202739
21.24887214531,0.027951232242404166,0.15709281998011765,0.5050730403834545,0.3479802204033368,1.32145146624e-07,0.600802306347,68.42748151100066,7.8977672649725825,0.10347515915937316,0.10346521070186587,76.32524877597324,76.43822304989946,-0.14779814262881885,1.586522142832586,0.19312296655424896,0.029408879537622043,0.17149017329754507,0.19310012867066675,0.029414396688747478,0.17150625845358378,0.1305253760372432,0.44351332862227105,0.3129879525850279,0.19999999999999982,0.2000176531404709,61.05885164044048,15.266397135532765,-5.9824893605675555e-05,1.522431070100083e-08,0.4344287915702042,0.43446953941461797,0.32413333143860795,71.95335096799033,13.897893378792975,21.073858156015742,47.452155775023094,19.791921658488448,50.52566482704905
21.36595932225,0.0279674943503125,0.15704197199332512,0.5046134430314834,0.3475714710381582,1.325200581e-07,0.60075874689,68.57769681006235,7.937980545986633,0.10374319120314358,0.10373319138685955,76.515677356049,76.6289199383452,-0.1477804755532608,1.5865221428323504,0.19312296655429242,0.029388743945317257,0.1714314555305334,0.1931001455699946,0.029394262891504458,0.17144755143047233,0.1305456065341971,0.443432406634675,0.31288680010047787,0.19999999999999993,0.20001770288143433,61.211187336875085,15.304490019173901,-5.9824908449357395e-05,1.524682602394023e-08,0.4342800443383595,0.4343208193998406,0.3240285769535561,72.59603386005713,13.77485720401328,21.041069176886854,47.52610200523829,19.976716833173718,50.05827575927697
21.48333171582,0.027983796071641663,0.15699154444439925,0.504150109500286,0.3471585650558868,1.3289750969e-07,0.600715204868,68.7290425378306,7.9784964476248454,0.10401189443892411,0.10400184688756377,76.70753898545543,76.82105189526241,-0.1477627642508028,1.586522142832407,0.1931229665542712,0.029368606516301375,0.17137271228612033,0.19310016446656053,0.029374129852323745,0.17138882650955908,0.13056608367945174,0.4433504980535494,0.31278441437409765,0.1999999999999998,0.20001775700142704,61.364669092485116,15.342869892970315,-5.9824904885541486e-05,1.523583481599644e-08,0.434131232565693,0.43417205404532,0.3239225453114136,73.24001047073624,13.653739173065244,21.008907080718885,47.598858720154894,20.22318552491588,49.44819394392415
21.60094364185,0.028000131061368054,0.1569415601801036,0.5036832187428504,0.34674165856274675,1.33277380918e-07,0.600671695871,68.8814638815594,8.019300296275933,0.10428115223577052,0.1042710544794467,76.90076417783533,77.01454933635361,-0.14774501636222181,1.5865221428322467,0.19312296655431627,0.029348470097706997,0.17131395184779025,0.19310017986316919,0.029353995126833225,0.17133007653892304,0.1305868951075538,0.4432672523413644,0.3126803572338106,0.20000000000000004,0.20001782363008186,61.51924069149453,15.38152348634078,-5.982491498857101e-05,1.525917170397406e-08,0.433982377236405,0.43402322523339787,0.3238147827369674,73.88452844044409,13.534633313739931,20.98006062412126,47.664304594538535,20.59246978577629,48.561440682104276
21.71889079226,0.02801651261003611,0.15689199166774126,0.5032124024875054,0.34632041081976417,1.33660008909e-07,0.600628183199,69.03508943157546,8.060426516125677,0.10455117158296968,0.1045410215536571,77.09551594770113,77.20957550585157,-0.14772721829275914,1.5865221428326008,0.19312296655424102,0.029328317250050903,0.17125512328117634,0.19310019636204287,0.029333844100268743,0.1712712588272438,0.13060821495393796,0.4431819729554532,0.3125737580015152,0.19999999999999998,0.2000178985297137,61.67503286177792,15.42048308592321,-5.9824892661985984e-05,1.522020287580972e-08,0.43383334932062145,0.43387422481596055,0.32370438754760844,74.53095848549405,13.417243254621901,20.952364184552195,47.7273109226157,21.132891735820394,47.319600767413824
21.83718314472,0.028032942103433333,0.15684283934089857,0.5027375984742992,0.3458947591334006,1.34045456569e-07,0.600584661965,69.18993778925234,8.101880086840442,0.10482196317116826,0.10481176882306283,77.29181787609278,77.40615401799693,-0.1477093693061704,1.5865221428323042,0.19312296655427452,0.02930814550489954,0.1711962193066761,0.19310020704387992,0.02931367338850273,0.1712123634218707,0.13063024210168311,0.4430938643646396,0.3124636222629565,0.2,0.20001796079034143,61.832066078738244,15.459751797354535,-5.982491136924395e-05,1.5237544559454363e-08,0.43368413037723386,0.4337250275803797,0.32359032991837816,75.17916717633892,13.301557300500786,20.924839860200972,47.79009094841386,21.882690879773747,45.698218993912846
21.9558293928,0.028049420749000003,0.15679411791764006,0.5022587887862324,0.34546467086859234,1.34433783743e-07,0.600541127826,69.34602611910539,8.14366560343291,0.10509353466771221,0.10508329145013963,77.4896917225383,77.60430666298184,-0.14769146890428742,1.586522142832942,0.1931229665542273,0.029287954236203208,0.1711372380173386,0.1931002212820382,0.02929348347969657,0.17115339166869165,0.13065321678607636,0.4430019656268312,0.3123487488407548,0.19999999999999976,0.2000180300677613,61.99035623363809,15.49933548890022,-5.982487116806823e-05,1.5213097448452118e-08,0.43353471557544404,0.43357563693613616,0.32347136589843917,75.82961540390549,13.187459736852318,20.89715201702496,47.85341079900733,22.87790098238548,43.71030370180971
22.07483816061,0.028065949744529167,0.15674583162522823,0.5017759137195179,0.34503008209428965,1.3482505136e-07,0.600497575979,69.50337171732477,8.185787696170447,0.1053658934910359,0.10535560267826846,77.68915941349522,77.80405539815423,-0.14767351659374928,1.5865221428329488,0.1931229665542304,0.029267741873715253,0.17107817474393178,0.19310023450637884,0.029273272311083662,0.17109433746060582,0.13067741539049157,0.4429051712091859,0.31222775581869433,0.2000000000000005,0.20001809402376033,62.149921821299834,15.539237592195393,-5.982487073508125e-05,1.5214696169607578e-08,0.4333850930868844,0.4334260374123701,0.3233460643620785,76.48310871003113,13.074782352156733,20.870034841549153,47.91558843060233,24.154170893664695,41.400717267521124
22.1942179421,0.02808253026973611,0.15669798844169955,0.5012889392707933,0.34459095082909375,1.35219320863e-07,0.600454001969,69.6619919292488,8.22825100847275,0.10563904666534148,0.10562870762794675,77.89024293772154,78.00542224326685,-0.147655511928535,1.5865221428321281,0.19312296655432143,0.029247506423632594,0.17101902357232834,0.19310024797678846,0.029253038083206562,0.1710351954517156,0.1307031559362852,0.44280220902646744,0.31209905309018227,0.20000000000000004,0.20001815414500912,62.310780319412146,15.579462618309396,-5.9824922460371965e-05,1.5261836239233162e-08,0.4332352479295467,0.4332762154665457,0.32321277857962805,77.13681005464342,12.963979185703996,20.84366614720145,47.976204998575255,25.8000578013507,38.759603086922056
22.31397751073,0.028099163543156946,0.1566505919715537,0.5007978361622386,0.3441472441906849,1.35616655626e-07,0.600410401217,69.82190469410395,8.271060342751259,0.10591300175179433,0.10590261729946293,78.09296503685522,78.20842997199334,-0.1476374544016168,1.586522142832649,0.19312296655425862,0.02922724595628718,0.1709597787676598,0.19310025964839686,0.02923277848971694,0.1709759588062513,0.13073090318201414,0.4426912200432359,0.3119603168612218,0.2000000000000001,0.20001820190569028,62.47295058869949,15.620014448155716,-5.982488963107713e-05,1.5229306704611645e-08,0.4330851655755315,0.43312615378189695,0.3230691020076936,77.79253761537734,12.854703428550051,20.819071000928048,48.032882925247876,27.922068017727625,35.81396619208518
22.4341258733,0.02811585081573611,0.15660365305467586,0.5003025498268747,0.3436988967721989,1.36017121355e-07,0.60036676924,69.98312849273984,8.314220646406458,0.10618776673563778,0.10617733735352096,78.2973491391463,78.41310204558873,-0.14761934348053174,1.5865221428332603,0.19312296655418654,0.029206956404842742,0.17090042833428692,0.19310027133241833,0.029212489671864662,0.17091661613741557,0.13076120298210628,0.4425700208425085,0.31180881786040227,0.19999999999999998,0.2000182393256545,62.63645122046821,15.660897918678092,-5.982485109523594e-05,1.5191981006523747e-08,0.43293481563679415,0.43297582351273267,0.32291220818657473,78.45172425616967,12.74669243386779,20.796924541550688,48.084032713686845,30.487393196022346,32.800442909972006
22.55467292967,0.02813259346245417,0.1565571802053777,0.49980303437855356,0.3432458541731759,1.36420787705e-07,0.600323101248,70.14568324781128,8.357737252817037,0.10646335152683117,0.10645287462116139,78.50342050062831,78.61946375566829,-0.14760117850792787,1.5865221428339764,0.1931229665541079,0.029186634325381502,0.17084096208281405,0.1931002842383441,0.02919216859671875,0.17085715845910218,0.13079446022330984,0.44243699187730084,0.31164253165399103,0.19999999999999982,0.20001827052839907,62.801302101528975,15.702118399099344,-5.982480596466999e-05,1.515128023044099e-08,0.43278417230097016,0.43282520189493046,0.3227400005932434,79.11177949869432,12.640342643493492,20.776150815648663,48.13211113421437,33.510578571141245,29.841323028101442
22.67562781089,0.028149392751512504,0.15651117591321584,0.4992992552652464,0.34278807935203054,1.36827722948e-07,0.600279392774,70.30958809657608,8.401615285109827,0.10673976415236297,0.10672924393301712,78.7112033816859,78.8275393968032,-0.1475829589601796,1.5865221428341123,0.19312296655409328,0.029166277720550512,0.1707813740445676,0.193100294657493,0.029171812488581708,0.1707975775255074,0.13083125882847135,0.4422897974565794,0.3114585386281081,0.19999999999999993,0.20001828212113573,62.967523697593755,15.743679684092143,-5.982479739374824e-05,1.5143708509413045e-08,0.4326332204478717,0.43267426803974507,0.32254945564750875,79.77285222829101,12.535592899928371,20.75610656326826,48.17859250008301,37.11932543584015,26.94014474289075
22.79699487212,0.028166249287794442,0.15646565365640508,0.49879119008694695,0.34232553643054187,1.3723798042e-07,0.60023564081,70.47485589643412,8.445858185267076,0.1070170016014257,0.10700643585424648,78.92071408170119,79.03734529136689,-0.14756468506850196,1.5865221428340803,0.1931229665540896,0.029145885339736943,0.1707216604292992,0.19310030613680113,0.029151420822824542,0.1707378716712392,0.1308722774573309,0.4421257229411245,0.31125344548379363,0.19999999999999987,0.20001828338831626,63.1351283272992,15.785585754401989,-5.9824799414354146e-05,1.514179892581069e-08,0.43248195047582305,0.4325230177283094,0.32233705921635925,80.43791769038965,12.43194787623742,20.736432805715953,48.22430209521631,41.40012783880771,24.154514785401666
22.918773799,0.028183163027638892,0.1564206274308306,0.49827881713210287,0.34185818970127224,1.37651598477e-07,0.600191843508,70.64149321294764,8.490467710918814,0.10729505008839053,0.10728443728358819,79.13196092386646,79.24888977423394,-0.1475463576847469,1.5865221428340124,0.19312296655410316,0.02912545747875829,0.17066182197187013,0.19310031901795488,0.029130993724787495,0.17067804113238322,0.1309182876242702,0.4419416822734353,0.31102339464916506,0.19999999999999987,0.20001827172053402,63.30412286201785,15.8278380618486,-5.982480369981502e-05,1.514881553532632e-08,0.4323303642464172,0.43237145155868933,0.3220988163612828,81.10824637991456,12.32920257350845,20.717139977819773,48.269210956272055,46.44722470022132,21.529811661604725
23.04097395185,0.028200135271090276,0.1563761035381492,0.49776207303616776,0.3413859694980186,1.38068649222e-07,0.60014799611,70.80951993560157,8.535449186564406,0.10757391780470082,0.10756326087731401,79.34496912216598,79.46219809495021,-0.1475279763141657,1.5865221428342988,0.19312296655402036,0.029104992027125236,0.1706018523554924,0.19310032976060715,0.029110528737618428,0.17061807857791164,0.13097017736885927,0.44173412329466344,0.31076394592580414,0.20000000000000004,0.20001823828069762,63.474528181913996,15.87044094025199,-5.982478563648641e-05,1.5105938722115297e-08,0.43217844575760267,0.43221955095950254,0.32183012877012823,81.78069722879056,12.227824338576978,20.696793932044564,48.316662149866296,52.367899447061546,19.095667585653214
23.16357968633,0.028217163845323613,0.15633210286205163,0.4972410384300026,0.340908935567951,1.38489119851e-07,0.600104102886,70.97892156888156,8.580798731690496,0.10785355578517283,0.10784286113223436,79.55972030057205,79.67725185156935,-0.1475095441497487,1.5865221428339675,0.19312296655407948,0.029084494681328454,0.1705417681429639,0.19310034376199353,0.029090034375711553,0.17055800882899505,0.13102894770528586,0.4414990419492545,0.31047009424396865,0.20000000000000012,0.20001817503376904,63.64633023985452,15.913390060717528,-5.9824806519781504e-05,1.513655867313446e-08,0.4320262369672137,0.432067378809169,0.32152581314457296,82.45012416909205,12.128544499813724,20.676755617633084,48.363486926701526,59.258566204626966,16.875197360443714
23.28655458061,0.02823424369175139,0.15628863509960633,0.49671589281486866,0.34042725771526233,1.38912925733e-07,0.600060175512,71.14965428031114,8.626504612157206,0.10813386771084102,0.10812313342403593,79.77615889246836,79.8939953991881,-0.1474910675464125,1.5865221428340046,0.19312296655411962,0.029063968288660397,0.1704815775638541,0.19310035115055282,0.029069508043581077,0.17049782416084105,0.1310956747160071,0.4412321339065707,0.31013645919056354,0.19999999999999984,0.20001809649487703,63.81948344512397,15.956675447344379,-5.982480418831315e-05,1.5157342048155442e-08,0.43187375872287015,0.4319149155387994,0.32118029747711124,83.11831787598913,12.03104232080322,20.658694926411417,48.40576830056845,67.17313243842078,14.886904387207549
23.40998502598,0.028251386809163892,0.1562456857773582,0.49618626498880125,0.33994057921144305,1.39340407196e-07,0.600016181766,71.32184499833272,8.672600807255542,0.10841503706810718,0.10840426824897159,79.99444580558826,80.11258987228143,-0.14747253444375996,1.5865221428335994,0.1931229665541431,0.029043398165078803,0.17042123742385748,0.1931003562735207,0.029048937273752996,0.17043748787679605,0.1311715294394016,0.44092871501310604,0.30975718557370446,0.20000000000000018,0.20001799060527484,63.994117495971935,16.00032830961632,-5.982482972344272e-05,1.5169510092505334e-08,0.4317209016022675,0.43176206818631563,0.3207875180747606,83.78842278434142,11.934823055135517,20.642073728337298,48.44474509492749,76.23235469660462,13.117789736128142
23.53388331158,0.02826859490438611,0.1562032658413319,0.49565210301068924,0.33944883716935736,1.39771653128e-07,0.599972115439,71.49551884119523,8.71909404124174,0.10869707809997783,0.1086862714630477,80.21461288243698,80.33306715817294,-0.14745394384446664,1.586522142833604,0.19312296655413036,0.029022780128668726,0.17036073529035006,0.1931003626060762,0.029028318995492464,0.17037699080419416,0.13125789147255384,0.4405832668804335,0.30932537540787963,0.2000000000000004,0.2000178709068433,64.17025679807529,16.04435608436169,-5.982482943478473e-05,1.5162893163278568e-08,0.43156763411036614,0.43160881351499186,0.32034033131743694,84.4608440188924,11.839805907886944,20.62784727641152,48.478156086773346,86.55743944091854,11.553021975454454
23.65826192814,0.028285869712241667,0.15616138491071982,0.4951133428055832,0.33895195789486343,1.40206754019e-07,0.599927970223,71.67070154090916,8.7659912026967,0.10898000531472044,0.10896915768484608,80.43669274360586,80.55545992346858,-0.14743529485841123,1.5865221428335043,0.19312296655416172,0.029002109934380862,0.1703000585272385,0.1931003710835368,0.029007648829379465,0.17031631991497312,0.1313561634221685,0.4401901790821336,0.3088340156599651,0.19999999999999998,0.20001773807052142,64.34792740315629,16.08876534044957,-5.982483571864705e-05,1.517914682835908e-08,0.43141392423668606,0.4314551185213898,0.3198314744406436,85.1382857917682,11.74559706834839,20.615691510503282,48.50674058110154,96.98043510277337,10.311358151159736
23.78313190918,0.02830321276516389,0.15612005416150854,0.49456990484795615,0.3384498506864476,1.40645796724e-07,0.599883740789,71.84741709842939,8.813298716770301,0.10926382970568092,0.10925293887933336,80.66071581519968,80.77979863711283,-0.14741658672374758,1.58652214283318,0.19312296655418407,0.028981384237672873,0.17023919712473057,0.19310038101082555,0.028986923341776098,0.17025546493953167,0.13146524006183818,0.4397538725235641,0.30828863246172594,0.20000000000000004,0.20001759477831224,64.52715344474647,16.133562370453213,-5.9824856168955165e-05,1.5190715352275674e-08,0.43125974662384453,0.43130095718996353,0.3192666703595412,85.81837385299234,11.65251629811827,20.60547104508423,48.530800281732276,106.8891064631128,9.355490312243353
23.90850489644,0.028320625680061114,0.15607927436474245,0.4940217462835212,0.33794247191877874,1.4108887172e-07,0.599839421589,72.02569067961939,8.861023320471782,0.10954856344469371,0.10953763543900523,80.88671400009117,81.00611524692536,-0.1473978186340985,1.586522142833927,0.19312296655410802,0.02896059918869151,0.17017813957348196,0.19310038669039326,0.02896613796064753,0.1701944122486033,0.1315852035077824,0.43927401873940936,0.30768881523162694,0.20000000000000012,0.20001742916539514,64.70796141215637,16.17875258793481,-5.982480908439669e-05,1.5151324639361974e-08,0.4311050721157073,0.43114629499426965,0.31864549387194635,86.49728367897414,11.561056688339464,20.59695341340073,48.550869632466274,116.92541179272857,8.552460792463839
24.03439349527,0.028338110207676386,0.15603905458094572,0.49346882324166297,0.3374297686607173,1.41536074943e-07,0.599795006686,72.20554914600892,8.909172204754906,0.10983422067406279,0.10982325884946677,81.11472135076383,81.23444385337581,-0.14737898966611374,1.5865221428329992,0.1931229665542296,0.02893975163301494,0.17011687639095346,0.19310039025402512,0.028945289740927825,0.17013315297415676,0.1317163155234096,0.4387495706775103,0.30703325515410074,0.19999999999999998,0.20001724772442425,64.89037803625044,16.224343314513373,-5.98248675598434e-05,1.5214296489318713e-08,0.4309498766905594,0.43099110946930025,0.3179665895558801,87.17657644591921,11.470971226087999,20.589674289360808,48.56803395460824,127.20866142381372,7.861099934605537
24.16081116055,0.028355668216743058,0.15599940708737314,0.4929110777692925,0.33691167068191935,1.419875071e-07,0.599750489765,72.38702092470446,8.957752979674304,0.11012081722919524,0.11010981897038381,81.34477390437875,81.46482054440791,-0.14736009878487666,1.5865221428334024,0.19312296655416708,0.028918838347333872,0.1700553978776736,0.19310039559691977,0.02892437601226064,0.170071679042281,0.13185891075944758,0.4381791897330456,0.30632027897359804,0.20000000000000004,0.20001706308611836,65.0744311306206,16.270342773758163,-5.9824842146838364e-05,1.5181922385920643e-08,0.4307941357771406,0.4308353801617584,0.31722822457181593,87.85571690265829,11.382298560126399,20.58430553272348,48.580701370287684,137.75425212713716,7.259304047304998
24.28777266987,0.028373301759704168,0.15596033612658072,0.4923484576048988,0.3363881214783181,1.42443275564e-07,0.599705863709,72.57013672290105,9.006773865674331,0.11040837169109102,0.11039733776584928,81.5769105885754,81.69728430249516,-0.14734114474854731,1.5865221428334557,0.19312296655414327,0.028897854445242177,0.16999368942770252,0.19310040087522662,0.028903391525099832,0.17000997478118698,0.132013281427098,0.43756170706232383,0.30554842563522583,0.19999999999999976,0.2000168704555514,65.26015223121621,16.316758357359184,-5.98248387828626e-05,1.516957670588681e-08,0.4306378123748423,0.4306790673709649,0.3164288858372663,88.53263588244904,11.295269705148842,20.580953948662476,48.588612680171146,148.44018560060988,6.736720221373068
24.41529118276,0.028391012664272224,0.1559218473596973,0.4917809229483157,0.3358590755886184,1.4290348457e-07,0.599661122087,72.75492530315033,9.056242562621552,0.1106968987104571,0.11068583050684093,81.81116786577186,81.9318716414312,-0.14732212659266386,1.5865221428331509,0.19312296655419584,0.028876796512617063,0.16993174074497402,0.19310040543111845,0.02888233285201483,0.1699480298562323,0.13217949314628474,0.4368968601858393,0.30471736703955454,0.2000000000000003,0.2000166696850206,65.447570526218,16.363597339553863,-5.9824858000823156e-05,1.519679937445062e-08,0.43048088040107596,0.43052214491660784,0.31556823356930896,89.20831460908619,11.209717439254776,20.578912800524503,48.59343200941658,158.9848704269415,6.289906689325706
24.54338112566,0.028408802934119442,0.15588394732513913,0.4912084128324123,0.33532446550727313,1.433682451e-07,0.599616258193,72.94141764020806,9.106167362588844,0.11098641553286943,0.11097531599026034,82.04758500279691,82.16862188339057,-0.14730304320478282,1.5865221428331304,0.19312296655421202,0.028855661145026447,0.16986954154593592,0.1931004077922666,0.028861196514066496,0.16988583376510974,0.13235722209356413,0.436185944396802,0.3038287223032379,0.19999999999999976,0.2000164587936551,65.63671759796605,16.410867404830842,-5.9824859288681864e-05,1.5205192660516786e-08,0.43032331380495464,0.4303645861936372,0.3146479445407098,89.88368573678225,11.125489479018764,20.578088540258783,48.59537843097571,169.3398208871413,5.9052855658000425
24.67205690106,0.028426674569591664,0.15584664673354856,0.49063087534196886,0.3347842286084203,1.4383767001e-07,0.599571265309,73.12964507358413,9.156556655292167,0.11127693906035406,0.11126580772672828,82.28620172887629,82.40757481354349,-0.14728389343070525,1.58652214283391,0.1931229665541218,0.028834444903796344,0.16980708143006387,0.1931004109387754,0.028839979287512495,0.16982337674040196,0.132546420554539,0.43542915055245346,0.30288272999791443,0.19999999999999987,0.2000162433790844,65.82762477713293,16.458576951743353,-5.9824810150210794e-05,1.515847447564056e-08,0.4301650862392704,0.43020636645866855,0.3136682658185505,90.55964713207865,11.042445853852861,20.57680237202216,48.598415921012034,178.49110904144547,5.602519953908746
24.80127990034,0.028444622208380555,0.1558099739590169,0.4900484826458701,0.3342385086868532,1.44311680011e-07,0.599526155274,73.31956125219087,9.20739803235143,0.11156836641230787,0.11155721204116137,82.5269592845423,82.64867158967081,-0.14726468409895777,1.58652214283344,0.19312296655414876,0.028813156573941234,0.1697443859865216,0.193100418365295,0.028818692258824975,0.1697606911473471,0.13274448385717413,0.4346368973420462,0.30189241348487206,0.19999999999999993,0.20001600826220914,66.02024631443028,16.50671297011201,-5.982483978206332e-05,1.5172441081290344e-08,0.430006262527968,0.4300475677011885,0.312642684520932,91.23686622896551,10.960481670758263,20.57825273457506,48.594990687417564,185.14485380076286,5.401176319359732
24.93108080592,0.028462650111933337,0.15577392379642008,0.489461092977745,0.3336871691813249,1.44790451356e-07,0.599480915741,73.51122131670091,9.258706255161798,0.1118607509608267,0.11184956735391287,82.76992757186271,82.89198221230116,-0.14724541165616056,1.5865221428334984,0.19312296655415298,0.02879178341937238,0.16968141742504503,0.19310042112703568,0.028797317746312084,0.16969772463504654,0.13294856118529805,0.4338205880295699,0.30087202684427183,0.2000000000000001,0.20001578026855663,66.21463592580467,16.555291646058038,-5.982483609612288e-05,1.517461711841861e-08,0.4298467469385719,0.4298880573028833,0.31158596231024777,91.91565791637744,10.879539163063761,20.584142693032028,48.58108568876719,189.36662309331194,5.280761644607465
25.06151917034,0.02848076655143611,0.15573849581293922,0.48886842943170566,0.3331299336187664,1.45274270691e-07,0.599435523712,73.70472418556508,9.310507804613307,0.11215421051542493,0.112143001531722,83.0152319901784,83.13763225745056,-0.14722606832622276,1.5865221428340097,0.19312296655409575,0.02877031446125706,0.16961814307808307,0.19310042051700818,0.028775847231722516,0.1696344517830105,0.13315633525250503,0.4329894917604584,0.2998331565079534,0.20000000000000004,0.20001554209567002,66.41089536146507,16.60433662871334,-5.9824803866348475e-05,1.5144974163661118e-08,0.42968645671575906,0.429727770867103,0.31051009820665365,92.59413956479546,10.799819564176854,20.591168457842837,48.56450968517605,152.91226522752422,6.539697770561834
25.1926124764,0.028498973955055556,0.15570370021274174,0.48827043958058924,0.33256673936784753,1.45763273026e-07,0.59938997111,73.90010758642737,9.362812780562635,0.11244876758219698,0.11243753393407208,83.26292036699,83.38566962004745,-0.14720665267395905,1.586522142833633,0.1931229665541727,0.028748745966994185,0.1695545515962169,0.19310042019348586,0.028754277054546404,0.16957086145486908,0.13328186506179354,0.4324873725236909,0.29920550746189734,0.19999999999999996,0.20001529682866803,66.60906263496474,16.653857732025255,-5.982482761401897e-05,1.518483117024516e-08,0.42952536310852746,0.42956668018255334,0.3098600988229964,93.26866275501322,10.721714780308133,20.59934146927085,48.54524119092613,72.19173620381679,13.852000971090787
25.32437797643,0.028517274718948615,0.15566954057747723,0.48766707317693664,0.3319975325994594,1.46257596107e-07,0.599344250082,74.09740939739669,9.415631323140616,0.11274444376475865,0.11273318921525914,83.51304072053729,83.6361423859548,-0.14718716323551817,1.586522142833197,0.19312296655421016,0.028727073891465213,0.16949063068932516,0.19310041772167563,0.02873260295877901,0.16950694073924824,0.1333141744954057,0.4323581347894293,0.2990439602940236,0.19999999999999976,0.200015041067475,66.80917645114931,16.703864269387978,-5.982485509203883e-05,1.5204215664255116e-08,0.4293634349828332,0.4294047525413976,0.30969279902351554,93.9397603503877,10.645119768988987,20.60834684775026,48.52402802552629,29.6379280549862,33.740550221484284
25.45683366545,0.028535671342423612,0.15563602513331434,0.48705826649497297,0.33142224136165865,1.46757383917e-07,0.599298352597,74.29666910919599,9.468974004185604,0.11304126193323444,0.11302998923416961,83.76564311338159,83.88910068828602,-0.14716759852173578,1.5865221428329295,0.19312296655420402,0.028705295064762285,0.16942637062972896,0.19310041352957724,0.028710821895081742,0.16944268026409917,0.13334691492826573,0.43222717305795705,0.2988802581296913,0.20000000000000043,0.20001479993839505,67.01127476434756,16.754368349034017,-5.9824871956326575e-05,1.5201040426404688e-08,0.4292006476959595,0.4292419642018214,0.3095232674889933,94.60942904422404,10.56977100593813,20.617816729118815,48.501740661400234,30.217542913858754,33.09335914077141
25.58999836236,0.028554166439216665,0.1556031651453882,0.48644394511643163,0.33084077997104344,1.47262786407e-07,0.599252270192,74.49792797721472,9.522851867938293,0.11333924638034225,0.11332795601183003,84.02077984515303,84.14459690034664,-0.147147956915461,1.5865221428325538,0.19312296655428673,0.028683405954488178,0.16936176060282374,0.19310040981919085,0.028688930445323065,0.16937806955247503,0.13338081082043562,0.43209158948969295,0.2987107786692573,0.19999999999999996,0.20001459959080384,67.21539720711766,16.80538263803536,-5.982489563738369e-05,1.5243872830694727e-08,0.42903697385172673,0.4290782886230192,0.30934775293110955,95.276716216933,10.495743763073518,20.628101887167944,48.477557725370104,31.085995758471462,32.16882636701393
25.72389053517,0.02857276257432917,0.15557096529011666,0.4858240504683193,0.3302530851782026,1.47773954715e-07,0.599205994538,74.70122726575204,9.577275961029967,0.11363842017054832,0.11362711540632758,84.27850322678201,84.4026834067896,-0.14712823691764854,1.5865221428328904,0.19312296655424624,0.028661402567488073,0.16929678841457116,0.19310040414621704,0.0286669244629092,0.16931309595807761,0.13341579806511505,0.43195164051077095,0.2985358424456559,0.20000000000000043,0.20001444345155053,67.4215853089475,16.85691791783451,-5.982487442102169e-05,1.5222911819989804e-08,0.4288723825594941,0.42891369376865945,0.3091665872968514,95.93936171916371,10.42325049990667,20.63866664558685,48.45274247470969,31.765041944007635,31.481148419784994
25.85853097969,0.028591462636068054,0.1555394370619708,0.4851985267878478,0.329659089725877,1.48291053032e-07,0.599159516506,74.90661233474701,9.632258426514671,0.11393881110283846,0.11392748757255212,84.53887076126169,84.66341779161998,-0.1471084366861053,1.5865221428323528,0.1931229665542912,0.028639282180903607,0.16923144560306635,0.19310040181458082,0.028644801852782502,0.1692477528736571,0.13345154635483664,0.4318086473521078,0.29835710099727114,0.20000000000000007,0.2000143395857813,67.62988435662021,16.908986404641475,-5.982490829392617e-05,1.5246182094585947e-08,0.4287068523830765,0.42874816290087603,0.30898148093524036,96.59726335812155,10.352260149365025,20.649280533106722,48.427837395918615,32.144256669273155,31.10975656674322
25.99393989886,0.028610269430397222,0.15550858315575256,0.48456730663398623,0.3290587234782337,1.48814246324e-07,0.599112826718,75.11412823942814,9.687811325868012,0.11424044515407047,0.11422910459111346,84.80193956529614,84.92685725200381,-0.14708855449225844,1.5865221428324234,0.19312296655426892,0.02861704101790559,0.1691657205757289,0.19310039820773633,0.028622558403022094,0.1691820274231932,0.13348773944312262,0.43166387499885134,0.29817613555572875,0.20000000000000012,0.20001426870024133,67.84034163878137,16.96159792651477,-5.982490385303407e-05,1.5234657979590338e-08,0.42854035395548096,0.42858166340139214,0.3087940713849432,97.25234757899284,10.282528133192404,20.66077634795237,48.40089177477143,32.34470208062282,30.916964314816912
26.13013791,0.028629185820833337,0.15547840757681994,0.48393030320945135,0.32845189563263144,1.49343703469e-07,0.599065915828,75.32382126764844,9.74394705055096,0.11454334871115149,0.11453200218441473,85.0677683181994,85.1930605499605,-0.14706858862949534,1.5865221428330976,0.19312296655420408,0.02859467460013059,0.16909959964509258,0.19310038759310721,0.02860018881581656,0.1691159034976207,0.13352430975007823,0.4315175937707073,0.2979932840206291,0.20000000000000018,0.20001419797105457,68.05300686484726,17.014761453352136,-5.982486135369669e-05,1.5201084835325673e-08,0.42837285260282915,0.4284141544617954,0.3086047085780332,97.9055611689244,10.213924398784856,20.670926808656112,48.37712451196151,32.587718036088404,30.686407648813475
26.26712058616,0.02864821119252222,0.15544894344654905,0.48328757689750235,0.3278386334509533,1.49879500496e-07,0.59901878308,75.5356994896635,9.800667760997223,0.11484749206876205,0.11483614183602252,85.33636725066073,85.4620379305586,-0.14704854101417197,1.5865221428326661,0.1931229665542671,0.02857218800729834,0.16903309737237363,0.1931003883016413,0.028577701876203607,0.16904940661298876,0.13356142898617784,0.43136911682662443,0.2978076878404466,0.19999999999999982,0.20001413192998438,68.26788783296146,17.06847941769925,-5.982488855416079e-05,1.523370318778916e-08,0.4282043852124333,0.42824570072081214,0.3084125033903,98.55137375667425,10.146991988858769,20.680484021466995,48.354767662205994,33.12228334206898,30.191155291817964
26.40483652498,0.028667338406247224,0.15542019002083662,0.4826394287481947,0.3272192387273581,1.5042153188e-07,0.598971443936,75.74969770628219,9.857956003107862,0.11515274132582111,0.1151413818873106,85.60765370939006,85.73370662407456,-0.14702842049886256,1.586522142832392,0.19312296655430192,0.028549586990898913,0.16896623032694702,0.1931003823748402,0.02855509789834834,0.16898253725858284,0.13359957704945194,0.43121652457370185,0.29761694752424994,0.20000000000000007,0.20001407473907387,68.48491806212336,17.122735647266698,-5.982490584033329e-05,1.5251733209709073e-08,0.4280349937587892,0.42807630341792857,0.3082149708858766,99.18948401109357,10.08171390314076,20.691781008074006,48.3283676552442,34.11285545659277,29.314461853609988
26.54336472741,0.028686578434362498,0.15539213871356608,0.4819855116366914,0.3265933729231253,1.50970206645e-07,0.598923868799,75.96595329898874,9.915848554503457,0.11545925144210571,0.11544789759038336,85.8818018534922,86.00824103501253,-0.14700821688570231,1.5865221428328995,0.1931229665542331,0.028526857851380462,0.1688989575201116,0.19310036507722264,0.02853236486776619,0.16891525942840743,0.1336393330977292,0.431057500380249,0.2974181672825198,0.19999999999999984,0.2000139866863598,68.70424028096723,17.17756157252498,-5.982487384370572e-05,1.5216117255079098e-08,0.4278645744069565,0.4279058713406815,0.3080091121573089,99.82695082153003,10.017334915776337,20.70318307973663,48.30175128861012,35.74007549624699,27.97979540096407
26.68272869651,0.028705934541181942,0.15536482000032886,0.48132573013097746,0.3259609101306486,1.51525719778e-07,0.598876047256,76.18451870404165,9.974359452580345,0.1157670534480344,0.11575569923690154,86.15887815662201,86.28570773065606,-0.14698792809343386,1.5865221428328353,0.19312296655425823,0.02850399760082517,0.1688312696179981,0.1931003541053935,0.028509501034566537,0.16884756745232232,0.13368162872053263,0.43088831788915927,0.29720668916862664,0.19999999999999996,0.20001389542262757,68.92590531127249,17.232972845349504,-5.982487788491753e-05,1.5229106864467212e-08,0.42769310351183953,0.4277343901251448,0.30779010339030555,100.46495722089134,9.953719462611323,20.714465283452732,48.27544357608046,38.1904161073374,26.184579848237718
26.82295346738,0.028725410203802777,0.15533824376836425,0.48065998223924467,0.3253217384708804,1.52088278065e-07,0.598827968334,76.4054494798718,10.033503570582909,0.11607618112549695,0.11606481838661466,86.43895305045471,86.56617724194619,-0.14696755192953326,1.5865221428331657,0.19312296655420716,0.028481001916657388,0.16876315331451172,0.19310034880717172,0.028486502534215807,0.1687794493835544,0.1337274820327116,0.43070490464018857,0.29697742260747695,0.20000000000000026,0.2000137983367874,69.14996972657804,17.288983323876685,-5.9824857057133585e-05,1.520266135202064e-08,0.4275205473656721,0.4275618295070644,0.30755267273638054,101.10000065238553,9.89119677099037,20.726332007366334,48.24780379107073,41.350059017419554,24.18376233946195
26.96406097701,0.028745008469029165,0.15531240850449754,0.47998819112658103,0.3246757826220835,1.52658080274e-07,0.598779622019,76.62879702257656,10.09329466746334,0.11638666077772387,0.11637529861399619,86.7220916900399,86.84971481570145,-0.14694708662240652,1.5865221428332357,0.1931229665541801,0.028457866521122845,0.16869459541171686,0.19310033867927598,0.02846336358585981,0.16871088757356417,0.13377759109367016,0.43050446839621914,0.296726877302549,0.2000000000000001,0.2000136646778918,69.37648832258287,17.345603367457027,-5.982485264954818e-05,1.518865033744987e-08,0.42734687253468284,0.4273881447781427,0.30729320561091494,101.72900372576011,9.830038272032906,20.73872158059509,48.2189799459811,45.448824799211664,22.00276914569077
27.10607521365,0.028764732668562498,0.15528732114672075,0.47931029557243104,0.32402297442571026,1.53235341097e-07,0.598730997169,76.85461666509444,10.153747556084015,0.11669852257275881,0.11668717158105005,87.00836422117847,87.13639069657361,-0.14692653020362823,1.58652214283231,0.19312296655428832,0.02843458739769683,0.16862558346139778,0.19310032354183193,0.028440079970621167,0.168641868972747,0.13383353645938442,0.4302806869339039,0.2964471504745195,0.20000000000000012,0.20001348526982166,69.60551804567451,17.402846175503957,-5.982491100287035e-05,1.524469439573295e-08,0.4271720474843343,0.427213302880369,0.30700351781969776,102.35026237440515,9.770370654663521,20.751113164931358,48.190185849401296,50.70777261792506,19.720842552774695
27.24902163008,0.02878458633751111,0.15526299449227002,0.47862623897118545,0.3233632444789154,1.53820289582e-07,0.598682082248,77.08296681799082,10.214877873207797,0.11701179919551509,0.1170004600301591,87.29784469119862,87.42627903623945,-0.1469058805391832,1.5865221428319893,0.19312296655433628,0.028411160862268192,0.16855610597741094,0.19310030952244708,0.02841664888263478,0.16857238469759744,0.13389657222566043,0.4300285438690399,0.29613197164337945,0.19999999999999987,0.200013277165301,69.83711668504452,17.46072800615411,-5.98249312089294e-05,1.5269518982563568e-08,0.4269960431172656,0.4270372813095355,0.3066771155933737,102.96305677369713,9.712221366911276,20.76327298960858,48.16196369909846,58.304082306967345,17.15145767555456
27.39292729149,0.028804573234929166,0.15523943656405706,0.4779359567296627,0.3226965201656057,1.5441316432e-07,0.598632865148,77.31390926697613,10.276702159131785,0.1173265261174856,0.11731519453474988,87.59061142610791,87.7194582710244,-0.14688513524374613,1.586522142832026,0.19312296655433245,0.028387582941104265,0.16848615059138916,0.19310029826528885,0.02839306696354329,0.16850242420672554,0.13397109812858163,0.429730440257337,0.2957593421287553,0.20000000000000007,0.20001304633149025,70.07134640473424,17.519265021373684,-5.982492889966551e-05,1.5267542785579735e-08,0.426818828101216,0.42686005336158533,0.30629121688714583,103.5675598562005,9.655533078006867,20.775444986410726,48.13374638445062,70.72923874433879,14.138424472722614
27.53781858147,0.028824697025204165,0.15521665062503784,0.4772393767880234,0.32202272616298555,1.5501420641e-07,0.598583334048,77.54750553176498,10.339236882950614,0.11764273653655673,0.11763141675436702,87.8867424147156,88.0160064996396,-0.14686429214954,1.5865221428317122,0.19312296655438524,0.028363849270212252,0.16841570375179463,0.19310028535781368,0.02836932902890433,0.16843197151640876,0.13406435929365623,0.4293573955973012,0.29529303630364495,0.2000000000000001,0.20001278110425758,70.30827064215481,17.57847177256078,-5.982494867273758e-05,1.5294876476446007e-08,0.4266403681066489,0.4266815785456314,0.30580830609357085,104.16632910197102,9.600031110063167,20.78649026225673,48.10816965169727,87.3724332601732,11.445257533600453
27.68370496403,0.028844959022781946,0.15519466394834322,0.47653650318144586,0.32134183923310267,1.55623590892e-07,0.598533482825,77.78379048719626,10.40249138080414,0.1179604260487461,0.11794911942018133,88.18628186800039,88.31596799538003,-0.1468433515742218,1.5865221428311576,0.1931229665544398,0.028339961382253302,0.16834476939380474,0.1931002842115677,0.028345439851169045,0.16836104018201195,0.13417945386230082,0.42889701732299623,0.29471756346069544,0.19999999999999965,0.2000124956594995,70.54792354864956,17.63835831935083,-5.982498363366062e-05,1.5323142754652963e-08,0.4264606731023825,0.4265018912009052,0.3052123408872519,104.75789601830506,9.545819818920982,20.797841261517878,48.0819132825239,107.73339300550839,9.282173076539696
27.83057586415,0.02886535775890972,0.15517346162028173,0.47582743856793486,0.32065397694765313,1.5624141218e-07,0.598483312131,78.0227666493099,10.466466326257022,0.11827954627143118,0.1182682599694912,88.48923297556694,88.61934595234233,-0.14682231670427592,1.5865221428301914,0.19312296655455416,0.02831591772577889,0.16827334229098467,0.19310026852378018,0.028321391404785616,0.16828960575384808,0.1343225008237783,0.4283248294776557,0.29400232865387743,0.2000000000000001,0.2000121876783915,70.79030790214092,17.698925073426,-5.982504452939352e-05,1.5382339846325976e-08,0.42627972984851076,0.42632092939005034,0.30447163684807077,105.34183846920622,9.49290438188358,20.810616653935092,48.05239636235908,131.15469157638105,7.624584282733235
27.97851999609,0.028885905555012498,0.15515305356447387,0.47511180740902714,0.3199587538445533,1.56868190502e-07,0.598432788469,78.26459892755189,10.531205866263463,0.11860026372548813,0.11858900704325855,88.79580479381535,88.92634972140894,-0.1468011764820698,1.586522142829881,0.193122966554625,0.028291704272571085,0.16820138011494165,0.19310024615171656,0.028297172744606094,0.16821763505829612,0.13449515150658414,0.4276342267467869,0.2931390752402028,0.19999999999999973,0.20001185926255344,71.03559078228959,17.76021401152576,-5.982506410262545e-05,1.541902161505959e-08,0.4260974311163094,0.4261386090757379,0.3035776433172044,105.9184374160489,9.44122689491715,20.823139315123647,48.02349851608156,154.24780097832968,6.483074595925619
28.12756849091,0.02890660673484861,0.1551334468206517,0.4743895337940425,0.3192560869733908,1.57504212256e-07,0.598381898,78.50936016737215,10.596729501874886,0.11892261843392404,0.1189114024254109,89.10608966924703,89.2370717792952,-0.14677992838237897,1.5865221428302199,0.19312296655458075,0.028267316520824634,0.16812886879065306,0.1931002166344961,0.02827277922091387,0.1681451135802461,0.13469543487387245,0.42683309327741425,0.2921376584035418,0.19999999999999993,0.2000115099823239,71.28384612588057,17.82224354336645,-5.982504274193445e-05,1.5396106611831328e-08,0.4259137412501199,0.4259548934874547,0.302540566417775,106.48521608789316,9.390974979799989,20.834760923015022,47.9967110587458,175.25273758845253,5.706044959755826
28.27775436009,0.028927465883345833,0.15511466315960684,0.47366054884046127,0.3185458856808544,1.58149778013e-07,0.598330626216,78.75712731884776,10.663057832948063,0.11924665348038498,0.11923547277503022,89.42018515179582,89.55160981331512,-0.14675856949225574,1.5865221428299383,0.1931229665545799,0.02824275112787568,0.16805579766219217,0.19310019400699388,0.0282482083093296,0.16807203309691235,0.13492061945037598,0.425932354971395,0.291011735521019,0.2,0.20001116766277263,71.53514950696383,17.88503564483201,-5.982506048329839e-05,1.5395662522621478e-08,0.42572863325573435,0.425769761794766,0.30137454986077694,107.04166281459143,9.342156817314356,20.845461635886817,47.972072649062135,178.01901015885053,5.6173775997724995
28.42911043754,0.028948487560769443,0.15509670788002425,0.4729247752642621,0.31782806738423786,1.5880519645e-07,0.598278958455,79.00797809857195,10.730211664557109,0.11957241050750342,0.11956126002438726,89.73818976312907,89.87006248396982,-0.14673709708866722,1.5865221428304594,0.1931229665544956,0.028218003428430824,0.16798215211274925,0.1931001760240985,0.028223455592411566,0.16799837973150683,0.1351294263558416,0.4250971273491119,0.2899677009932703,0.1999999999999999,0.20001083230563074,71.78957973900498,17.948610024124076,-5.982502764290132e-05,1.535203075775371e-08,0.4255420701050079,0.4255831788441926,0.30029333767091093,107.58720273561221,9.294785760509342,20.856028743109132,47.947766677795826,103.71890212073724,9.641444129787631
28.58166928406,0.028969676289452777,0.15507958195146146,0.472182135137889,0.31710255318642755,1.59470781578e-07,0.598226879859,79.26199083339436,10.798211965129692,0.11989992948701929,0.11988881477934386,90.06020279852406,90.1925292264463,-0.14671550854283844,1.58652214283073,0.1931229665545035,0.02819306834995302,0.16790791628137436,0.19310015571866787,0.028198515218177296,0.16792413530573053,0.1351748733441276,0.42491533939600556,0.289740466051878,0.20000000000000043,0.20001049143231828,72.04721737829702,18.012985420227043,-5.982501058987566e-05,1.535611637848433e-08,0.42535401161806796,0.42539509858541963,0.30005801098193,108.12169770824183,9.24883738598356,20.866437348420604,47.923849352064444,37.10968043350348,26.947146629082177
28.7354645769,0.028991036746791665,0.15506329702100713,0.4714325576727662,0.3163692606517591,1.60146861757e-07,0.598174375115,79.5192467895497,10.867080489988888,0.12022925166967093,0.12021817375234835,90.38632727953859,90.51911320744274,-0.14669380112004582,1.5865221428301965,0.1931229665545636,0.028167941184925258,0.16783307536038675,0.19310013648045532,0.02817338277330951,0.1678492858885897,0.13522092512765502,0.4247311322622001,0.2895102071345451,0.19999999999999973,0.20001016195088692,72.30814332221222,18.07818395732638,-5.9825044207428846e-05,1.5387224827634327e-08,0.42516442028324414,0.4252054857276507,0.2998195526344054,108.64623382620513,9.204184671505871,20.876958624463043,47.899697364357834,37.441782389284874,26.708130227426913
28.89051220097,0.029012571139023613,0.15504786163073847,0.47067603977010375,0.3156281781393653,1.6083369739e-07,0.598121435157,79.77979837709576,10.936831269533542,0.12056037919547989,0.12054934516758518,90.7166296466293,90.8498809610444,-0.14667197469662163,1.586522142829152,0.19312296655470723,0.02814261896676446,0.16775761969807648,0.1931001144719988,0.02814805484099398,0.1677738204875659,0.13526786674062255,0.42454336581104546,0.28927549907042294,0.19999999999999976,0.20000984150782702,72.57241092888273,18.14421871774657,-5.9825110043654206e-05,1.5461609770284213e-08,0.42497327165026855,0.42501431242400467,0.2995764867077105,109.16381738712909,9.160544436199833,20.886487917646935,47.877843510258266,37.96265890737934,26.341674392191106
29.04679480374,0.029034277056074996,0.1550333079352998,0.4699127369463098,0.31487942901101,1.61531408471e-07,0.598068061985,80.04364233027837,11.007463429505485,0.12089324273058245,0.12088225787154239,91.05110575978387,91.18482834139574,-0.1466500338315302,1.5865221428288891,0.19312296655469455,0.02811710802086572,0.16768156732588624,0.1931001031775949,0.02812254078783199,0.16769776619809815,0.1353158943515009,0.4243512553674686,0.2890353610159677,0.19999999999999998,0.2000095400017275,72.84001598012085,18.211089779663013,-5.9825126619283964e-05,1.545503724997843e-08,0.424780611397431,0.4248216473142093,0.2993277974308457,109.66964774133224,9.118293170400332,20.895831536755498,47.856434822467484,38.610911329694034,25.899414584160358
29.20431174291,0.0290561544087375,0.15501961963313973,0.4691427699545727,0.314123150321433,1.62240192481e-07,0.598014251868,80.3108033166885,11.078983573526372,0.12122780838558452,0.12121687471422538,91.38978689021486,91.52398666377304,-0.14662798076223726,1.586522142827997,0.19312296655480513,0.02809140616714771,0.16760491092789528,0.19310008070978266,0.0280968328901426,0.1676210991794965,0.13536514283982196,0.42415426141473767,0.28878911857491574,0.19999999999999998,0.20000926838704955,73.11098247625462,18.27880441396025,-5.982518285208016e-05,1.5512302553588597e-08,0.42458642099161953,0.4246274300036546,0.2990727863925596,110.16117912712639,9.077607991523006,20.90558467450821,47.834108233259656,39.342164275900586,25.418022073904037
29.36315291867,0.02907821568314861,0.15500681306847952,0.46836580410817047,0.31335899103969095,1.62960664895e-07,0.597959969874,80.58146068295679,11.151439713458348,0.12156423339138354,0.12155335277895529,91.73290039641513,91.8675836070021,-0.1466058051152519,1.5865221428280079,0.19312296655480535,0.0280655007871716,0.16752761201417396,0.19310005859051718,0.028070921447054857,0.16754378964036493,0.13541573568870696,0.42395189001919975,0.2885361543304928,0.19999999999999982,0.2000090328718064,73.38549170560239,18.34740869081274,-5.9825182163741886e-05,1.551241357589106e-08,0.4243906029279257,0.4244315850230591,0.2988108141901075,110.64032233392334,9.03829615555441,20.914583942272113,47.81352585163414,40.08993375996449,24.943917492790735
29.52336008216,0.02910046667807778,0.15499489369446198,0.4675817540621654,0.31258686036770345,1.63693238597e-07,0.597905197446,80.85571407194249,11.224858524120854,0.1219025708426225,0.12189174759111737,92.08057259606333,92.2157456667459,-0.14658350339763482,1.5865221428283296,0.1931229665547743,0.02803938569781428,0.16744965123228617,0.1931000355849091,0.02804480011800361,0.16746581775993455,0.13546765714006434,0.4237442042136165,0.2882765470735522,0.1999999999999998,0.20000883395452235,73.66364464125996,18.41692795480337,-5.9825161891069456e-05,1.5496337546494487e-08,0.42419310818164296,0.42423406216130854,0.29854196242005443,111.10739483219763,9.00030102866035,20.923446594833237,47.79327322903563,40.70668809412672,24.565987723876827
29.68497250518,0.029122912847941662,0.154983868063791,0.4667905180118216,0.3118066499480306,1.64438324919e-07,0.597849916706,81.1336602626568,11.299265913676674,0.12224286713720567,0.12223211144412455,92.43292617633348,92.56859570305113,-0.1465610725616573,1.5865221428280678,0.19312296655480407,0.028013055086069723,0.16737101029171605,0.19310000694588542,0.028018462827938267,0.16738716446591198,0.13552063700714803,0.4235322847454264,0.28801164773827836,0.2000000000000002,0.20000865185806546,73.94554122450894,18.48738495182455,-5.98251783889836e-05,1.5511747442076285e-08,0.42399389041818225,0.4240348131033701,0.2982676301228237,111.56455204640181,8.96342056376546,20.931706564947895,47.77441327572372,41.153391287281586,24.299333997027095
29.84803064296,0.02914555981152222,0.154973754027796,0.46599200289837184,0.31101824887057583,1.65196351166e-07,0.597794109216,81.41539942862084,11.3746886990035,0.1225851696935415,0.1225744841840413,92.79008812762433,92.92626088521328,-0.1465385094501559,1.586522142829423,0.1931229665546326,0.027986504207360305,0.1672916740527164,0.19309997884338356,0.027991905204288688,0.1673078157298358,0.1355745509226204,0.4233166290826794,0.28774207816005903,0.1999999999999999,0.20000849487921318,74.23128226150865,18.55880586611569,-5.982509296842409e-05,1.5422974009027257e-08,0.42379291128466334,0.4238338023115366,0.2979884612771187,112.00905312115633,8.927849777627658,20.939127673558843,47.75748138079138,41.49129999117907,24.101438137937283
30.01257561225,0.029168413279479166,0.15496455773340312,0.465186140031319,0.31022158229791585,1.65967762306e-07,0.597737756193,81.70103429103945,11.451154379009948,0.12292952578463419,0.12291891577374099,93.1521886700494,93.28887161686208,-0.14651581098980015,1.5865221428292844,0.19312296655466846,0.027959727629853166,0.1672116252832116,0.19309994973344502,0.027965121616561298,0.16722775372694956,0.13562928025070914,0.42309771177050576,0.2874684315197966,0.2,0.20000835407174852,74.52097273597184,18.631215934077563,-5.982510170587929e-05,1.544153693799899e-08,0.4235901271277991,0.4236309846311077,0.2977050701867823,112.43800813788404,8.89378971187117,20.94609317143975,47.74159991627995,41.728791964494384,23.964269103473356
30.17864999507,0.029191479165981943,0.15495628492650443,0.4643728598074142,0.3094165748809098,1.66753024709e-07,0.597680838209,81.99067156511767,11.528691521815961,0.12327598415206414,0.12326545707091267,93.51936308693362,93.65656337190144,-0.14649297393393157,1.58652214282993,0.193122966554581,0.02793271937690743,0.16713084507925946,0.19309991770790957,0.02793810603646038,0.16714695939938717,0.13568471726618372,0.4228759637081695,0.2871912464419858,0.2000000000000002,0.20000822100043142,74.8147216468226,18.70464144011101,-5.982506100510321e-05,1.5396239838594283e-08,0.4233854900590335,0.4234263117835985,0.2974180146565171,112.85237755844332,8.861133647646245,20.95176202316458,47.72868262317915,41.864146358387764,23.886788266008516
30.34629754052,0.029214763547294444,0.15494895859198304,0.4635520896320449,0.3086031310400619,1.67552622737e-07,0.5976233349,82.2844215110139,11.607329644538906,0.12362459429805235,0.12361415883995819,93.89175115555283,94.02947612456613,-0.14646999503735714,1.5865221428300558,0.19312296655458666,0.02790547584274717,0.1670493215872102,0.1930998954659191,0.02791085696019413,0.16706542718406503,0.13574073365931597,0.42265189813566867,0.2869111644763527,0.20000000000000012,0.20000808908105483,75.11264142645679,18.779109729096042,-5.982505308921304e-05,1.5399170827379294e-08,0.4231789700500176,0.42321976967628494,0.29712795908138484,113.24864844297744,8.830127456254072,20.956708670384582,47.71741668638889,41.949436623527035,23.838222405093216
30.51550168575,0.029238264123020836,0.15494256281554603,0.4627240809625855,0.30778151814703947,1.68366766153e-07,0.597565246707,82.58228951620058,11.687070189429496,0.12397527919913841,0.12396493932521606,94.26935970563008,94.40761671420734,-0.1464468793824003,1.5865221428303642,0.19312296655454939,0.02787799928894521,0.1669670604908202,0.1930998624601598,0.027883372959898907,0.16698315172465428,0.13579733517473583,0.42242549207380153,0.28662815689906573,0.19999999999999996,0.20000796122328768,75.41473726508227,18.854622440547814,-5.982503364920788e-05,1.537987515121131e-08,0.4229705814991707,0.4230113447402061,0.29683487371470935,113.62589309720414,8.800810913270665,20.96214103365011,47.70505066227347,42.0475379633621,23.782605318564542
30.6863629966,0.02926199486063889,0.15493711011069378,0.4618884968503319,0.3069513867396381,1.69196248589e-07,0.597506533699,82.88448818042428,11.767970070353579,0.1243282032799911,0.1243179684288855,94.65245825077785,94.79125503415638,-0.1464236161115462,1.5865221428306788,0.1931229665545066,0.027850273796319366,0.16688401300400038,0.19309982451833482,0.027855638900849647,0.1669000865813126,0.13585457941977122,0.42219651509344885,0.2863419356736776,0.19999999999999996,0.20000782718941384,75.72122573790307,18.931232512874786,-5.982501380952243e-05,1.535771509963979e-08,0.4227602008187601,0.4228009193312766,0.29653846026317787,113.9869397097084,8.772934886634463,20.96746086209349,47.692947018104284,42.17665863629047,23.709796658466452
30.85893887263,0.02928596373230972,0.1549326088446926,0.461045219247817,0.30611261040312443,1.70041680391e-07,0.597447170471,83.19115667739753,11.85006654470936,0.12468343885911812,0.12467331760035563,95.0412232221069,95.18056776412001,-0.14640020046786661,1.586522142830934,0.1931229665544649,0.027822291236170818,0.16680015358557324,0.19309978178789544,0.0278276476151941,0.16681620909010642,0.13591254752948181,0.4219646426543977,0.2860520951249159,0.20000000000000004,0.20000768610128947,76.03224808121715,19.008975140889735,-5.9824997733493035e-05,1.5336132364041077e-08,0.42254776330640265,0.4225884360359135,0.29623829860557993,114.33239132071328,8.746427748501336,20.972411728171416,47.68168835140402,42.362835935831626,23.605596223886728
31.03327901304,0.029310177640699996,0.1549290780192457,0.4601941639113155,0.3052650858920698,1.70903644652e-07,0.597387134134,83.502422457177,11.933393731425019,0.12504104023003296,0.12503103272396304,95.43581618860203,95.57571670070578,-0.146376628847944,1.5865221428308491,0.19312296655450303,0.0277940447251374,0.16671546036627016,0.19309974190510037,0.027799392469036267,0.1667314981310858,0.1359713540970209,0.42172941638443145,0.2857580622874105,0.20000000000000012,0.20000754857235148,76.3479325467182,19.087883641883828,-5.9825003073665783e-05,1.5355872129418913e-08,0.4223332135616065,0.4223738413518424,0.29593379537347203,114.66210887572262,8.72127688741411,20.976866078388568,47.6715633433085,42.66672709339282,23.437466806654957
31.20943230102,0.029334643375141668,0.15492652334101656,0.4593352614551783,0.3044087381141617,1.7178274052e-07,0.597326401793,83.81841332308312,12.017985844002554,0.12540105793259027,0.12539116996478317,95.83639916708569,95.97686408904339,-0.14635289795194018,1.58652214283072,0.193122966554487,0.02776552795731401,0.16662991315281303,0.1930997011444572,0.02777086682479412,0.16664593251800094,0.1360312503134968,0.42148983151844815,0.2854585812049514,0.2000000000000001,0.20000740247920706,76.66840990671643,19.16798926036925,-5.9825011222702784e-05,1.5347567661194716e-08,0.42211650042959575,0.4221570816088342,0.29562364988653367,114.9744508203422,8.697584488249385,20.98087819924478,47.6624472294966,43.135587924545675,23.182714044589726
31.38744938228,0.029359367969761112,0.15492495164591266,0.45846844377230983,0.3035434921263972,1.72679600976e-07,0.597264949787,84.13926207570732,12.103878433729086,0.12576354397477638,0.12575378569437207,96.2431405094364,96.38417851821889,-0.14632900435608276,1.5865221428302667,0.19312296655456754,0.02773673385546236,0.1665434893817899,0.19309965696620807,0.027742063301908593,0.1665594887777595,0.13609249289625297,0.4212448611878253,0.2851523682915723,0.20000000000000004,0.200007240889001,76.9938155216516,19.249324987784817,-5.982503978874121e-05,1.5389267637999637e-08,0.42189756675143464,0.42193809734349824,0.2953065328508033,115.2677136917509,8.675456187794282,20.98399698475033,47.65536330979882,43.760600373673036,22.85160604427204
31.56738253162,0.029384358684947227,0.1549243768260023,0.4575936680995597,0.3026692912735574,1.73594888409e-07,0.597202753592,84.46510636642257,12.191108350468456,0.12612855144572524,0.12611892205240313,96.65621471689103,96.79783473532649,-0.14630494455035725,1.5865221428304135,0.19312296655457828,0.027707656914481037,0.16645617115169098,0.19309961610144044,0.027712977157795922,0.1664721512980352,0.13615532242889783,0.4209935430573019,0.2848382206284041,0.19999999999999982,0.2000070797748318,77.32428746927656,19.331927247614495,-5.982503054058341e-05,1.5394840957583256e-08,0.42167636717798673,0.42171684900578976,0.2949811985119402,115.54174197281549,8.654880763657507,20.984976151687547,47.65313969249296,44.538913143160315,22.452276659417464
31.74924659916,0.02940961758321666,0.1549248127106713,0.4567110593721609,0.30178624666148957,1.74529092232e-07,0.597139801375,84.79601755950497,12.279694698740725,0.12649605563617872,0.12648657185336828,97.0757122582457,97.21792333662808,-0.14628072016098503,1.5865221428296514,0.19312296655463373,0.027678299448222754,0.166367964008167,0.19309958255859652,0.027683612100091723,0.1663839298132236,0.13621998797469728,0.4207348808743803,0.284514892899683,0.20000000000000012,0.20000689218511675,77.65990074281734,19.415811515428366,-5.982507856883146e-05,1.5423551325000062e-08,0.4214529157578142,0.4214933612554408,0.29464635720897225,115.79229275915243,8.636153375769116,20.985300845176372,47.65240238287351,45.47255527736176,21.99128669810742
31.93306639024,0.02943514810975556,0.15492623634943287,0.45582074615458396,0.3008945098051511,1.75482776596e-07,0.597076077916,85.13208594962853,12.369661650819749,0.126866050663105,0.126856715303311,97.5017476004483,97.64455895031593,-0.1462563315384413,1.5865221428306804,0.19312296655449454,0.027648656442108677,0.16627885145775056,0.1930995344746232,0.027653959032854995,0.16629479556755525,0.13628673880984296,0.42046787753310155,0.28418113872325856,0.20000000000000023,0.20000669700375476,78.00074511078887,19.501002489659435,-5.982501370960236e-05,1.5351475646241397e-08,0.42122717070871457,0.4212675612466785,0.29430071817656694,116.01905829640792,8.619273545947761,20.985243230039078,47.652533212889416,46.61361259747597,21.45296071847793
32.11892116155,0.029460961272437497,0.15492867320097126,0.454922569202311,0.29999389600133974,1.76456804591e-07,0.597011548606,85.47350313248565,12.461060497699561,0.12723863808444882,0.12722945433853924,97.93456363018522,98.07798480537754,-0.14623177207089277,1.58652214282919,0.19312296655466885,0.02761871915630605,0.16618880574908182,0.19309948796182966,0.02762401157116573,0.16620472788451515,0.13635601187878976,0.42019078525818593,0.28383477337939617,0.2000000000000002,0.20000649047955293,78.34701526186541,19.587548368319812,-5.98251076566747e-05,1.5441736778143422e-08,0.42099906172934365,0.4210393966005635,0.2939420188979725,116.22466670791452,8.604025533694244,20.98367169769039,47.65610205911042,47.9532762053686,20.853632517563945
32.306868329,0.029487065045694445,0.1549321197430523,0.45401649018618406,0.29908437044313174,1.77451955202e-07,0.596946186303,85.82042325990137,12.553932506481662,0.12761387262646404,0.12760485708945163,98.37435576638303,98.51839659600206,-0.1462070380719882,1.5865221428290301,0.1931229665547027,0.02758848069017874,0.1660978045916885,0.19309943449734787,0.02759376196632711,0.16611370192228908,0.13642806156271806,0.4199025865226401,0.2834745249599221,0.1999999999999999,0.20000625056183938,78.69886971811229,19.67548604827073,-5.9825117726397536e-05,1.54592783019325e-08,0.4207685323521922,0.42080880438638,0.2935689421728615,116.40641059698218,8.590592175049204,20.980793991281196,47.662638526242674,49.27079895212136,20.295997249237722
32.49696876275,0.029513467883715276,0.15493658888547598,0.4531024825127923,0.29816589362731627,1.78469047415e-07,0.596879962313,86.17300913236042,12.648321259556983,0.1279918131985753,0.1279829672856262,98.8213303919174,98.96600099588137,-0.1461821256877882,1.586522142830277,0.19312296655455247,0.027557934901723508,0.16600582791493648,0.19309938224480958,0.027563205308640773,0.1660217013183541,0.13650268061274304,0.4196041103217889,0.28310142970904584,0.20000000000000018,0.20000600163301943,79.0564712241744,19.76485916774298,-5.9825039144811853e-05,1.538147387236677e-08,0.42053553173317315,0.4205757431536419,0.2931825611456953,116.56365136558476,8.57900373130597,20.97633419384211,47.67277212305111,50.425004870456505,19.831430905540472
32.6892846696,0.029540178426333337,0.1549420820145092,0.452180514407246,0.2972384323927368,1.79508943344e-07,0.596812847065,86.53142842322742,12.744271643804634,0.12837251850351658,0.12836384996706776,99.27570006703206,99.42101086476491,-0.14615703106307665,1.5865221428300018,0.19312296655462943,0.02752707515081282,0.16591285408554943,0.19309932817680178,0.027532334416209094,0.16592870280999938,0.1365797011110648,0.41929602832888885,0.282716327217824,0.1999999999999997,0.20000573493693924,79.41999071374616,19.855709353285896,-5.98250564864955e-05,1.5421330878950812e-08,0.4203000050696238,0.4203401539719092,0.2927837453050405,116.69697262271993,8.56920258962492,20.970075762153762,47.68699986314659,51.396999452955946,19.456388712249776
32.88387791851,0.02956720526645972,0.1549486084735308,0.4512505572963239,0.2963019488227931,1.8057252918e-07,0.59674481084,86.89585062305052,12.841829032577053,0.12875604362280219,0.12874757700288791,99.73767965562756,99.88364136927338,-0.14613175054980498,1.5865221428287253,0.19312296655475106,0.027495896032834602,0.16581886512949787,0.19309927512167965,0.027501144805365522,0.165834691199898,0.13665884669863373,0.4189794459792209,0.28232059928058717,0.19999999999999984,0.20000542500379304,79.78960264721161,19.948077008415954,-5.982513694435809e-05,1.548430272890755e-08,0.4200619068286967,0.42010199834243733,0.2923739256503844,116.80273338005709,8.561443478776843,20.962023363441862,47.705318454325244,52.14111061696938,19.178724583487277
33.08076137728,0.029594550191288888,0.15495616082992208,0.45031288156001625,0.29535672073009417,1.81660451921e-07,0.596675841209,87.26635525267811,12.941014713938793,0.12914234470229052,0.12913407191761905,100.2073699666169,100.35399346035337,-0.14610628703520812,1.5865221428279974,0.1931229665548335,0.0274643990737359,0.1657238639235035,0.193099220268586,0.027469636397750033,0.1657396645276864,0.13673977449533273,0.4186557347928364,0.28191596029750365,0.2000000000000004,0.20000512063321177,80.1653828481068,20.041987118510093,-5.98251828298757e-05,1.5526979701974142e-08,0.4198212442978691,0.41986127129912043,0.29195487763101646,116.87998975384589,8.555784459821066,20.952449552905147,47.72711646316054,53.03064033901913,18.857022913679874
33.28004714119,0.029622228769609727,0.15496473319622153,0.44936723513978344,0.2944025019435619,1.82773941339e-07,0.596605890421,87.64321061950594,13.041900514940156,0.12953156994111217,0.12952351293271963,100.68511113444609,100.83240775171252,-0.1460806307721274,1.5865221428268896,0.19312296655496522,0.02743257028587029,0.16562780649960407,0.19309915146756276,0.02743779477316019,0.16564357751859923,0.13682336499546754,0.41832137279295656,0.281498007797489,0.20000000000000012,0.20000477122405355,80.5476085163328,20.1375026181133,-5.982525265180172e-05,1.559519180460711e-08,0.4195779060949648,0.41961785814931324,0.2915220420055748,116.93125751541896,8.552033230876154,20.940750518549034,47.75378032006128,54.5774752277838,18.322577140595342
33.48181403021,0.029650251948640276,0.15497434144728098,0.44841357352508565,0.29343923207780465,1.83914090846e-07,0.596534922038,88.02662601068076,13.144542462646289,0.12992379806418602,0.12991596517862888,101.17116847332706,101.31914993136807,-0.1460547765563147,1.586522142828489,0.1931229665547786,0.02740040278958753,0.1655306702384411,0.1930990809798674,0.027405614172757824,0.16554641093287956,0.13691092257227977,0.41797114248477474,0.28106021991249497,0.19999999999999987,0.20000439779306148,80.93648984879891,20.234678624528144,-5.982515184355108e-05,1.5498557992543738e-08,0.419331834919321,0.4193717101537546,0.29106866466483505,116.95480322850963,8.55031150833687,20.9267113419476,47.78581706698939,56.98146826132364,17.5495653326075
33.6861336033,0.029678629667125,0.15498499194557716,0.44745190116471784,0.29246690921914065,1.85082004955e-07,0.596462901919,88.41679999798528,13.248993715576232,0.1303190899478406,0.13031148338843615,101.66579371356151,101.81447208427835,-0.14602872035104353,1.5865221428286147,0.19312296655476346,0.027367890137938826,0.16543243375450542,0.19309901339487343,0.027373088400750964,0.16544814414417275,0.13700401055446393,0.4175987905559607,0.2805947800014968,0.1999999999999997,0.20000400727481682,81.33222756807433,20.333566145487183,-5.982514391655869e-05,1.5490719817989884e-08,0.4190829765959334,0.41912277506057394,0.29058665062023586,116.94941645796834,8.550705341564491,20.911510167205282,47.8205539439357,60.37153752528525,16.56409694023732
33.89307681923,0.029707371780448612,0.15499667981292825,0.44648223206414117,0.2914855522512129,1.86278819842e-07,0.596389795827,88.8139329481368,13.355307912765111,0.13071750166909496,0.1307101322585637,102.16924086090191,102.31862857415001,-0.14600245852576244,1.5865221428286456,0.19312296655476588,0.02733502343708564,0.16533306818989854,0.19309894297584365,0.027340208128879794,0.16534874698309568,0.13710443102298667,0.4171971086818818,0.2800926776588951,0.19999999999999984,0.20000358558585926,81.73502635213625,20.434214508765663,-5.9825141973668394e-05,1.5491985472237957e-08,0.41883125802031007,0.4188709764429511,0.29006666860915065,116.9160406701379,8.553146294282739,20.89550556233799,47.857181393227336,64.84048027934628,15.422464418705598
34.10271960169,0.02973648883356806,0.1550094245955985,0.44550456993043347,0.290495145334835,1.87505758757e-07,0.596315567273,89.21823778713345,13.463542055412624,0.13111909509221442,0.1311119750614389,102.68177984254606,102.83188970843334,-0.14597598693644187,1.5865221428272043,0.19312296655492672,0.027301794710632023,0.16523254737076476,0.19309888518058302,0.027306966746622745,0.16524819740808896,0.13721415290257435,0.4167582211643378,0.2795440682617635,0.19999999999999982,0.20000312911983434,82.14510257044293,20.536677272103145,-5.982523281211627e-05,1.5575274403545336e-08,0.4185766128873311,0.4186162584639374,0.28949852344547217,116.85090494904749,8.557914039570743,20.879232346405427,47.89448114801789,70.60471460780455,14.163360131894951
34.31508559154,0.02976598410993611,0.15502318798647355,0.4445192045942559,0.28949601660778235,1.88763795802e-07,0.596240198422,89.62982904321983,13.573726803223273,0.131523828727565,0.13151696580865876,103.20355584644311,103.35440087966127,-0.14594930833550235,1.5865221428273208,0.19312296655489847,0.027268201111967066,0.16513086056811752,0.1930988124921079,0.027273359156278536,0.16514647788033063,0.13733577389536364,0.41627173719303784,0.2789359632976742,0.19999999999999976,0.20000264314146074,82.56257189555714,20.64098395088598,-5.9825225473542076e-05,1.5560641664080777e-08,0.41831901401770943,0.418358576693178,0.28886876410091383,116.75475954769023,8.564961324694734,20.86257559623769,47.932720262034074,78.40422544921014,12.754414628428348
34.53029818246,0.02979587474756389,0.15503798671285526,0.4435259249770905,0.28848793826423524,1.90054513027e-07,0.596163635383,90.04901721600868,13.685945278277737,0.13193184775124916,0.1319252535640071,103.73496249428642,103.88655626413596,-0.14592241316008225,1.5865221428283736,0.19312296655484354,0.027234227715421527,0.16502796040496145,0.1930987334620044,0.02723937095718193,0.16504354260976686,0.1374738652048652,0.41571937195475767,0.27824550674989246,0.2,0.20000212095048694,82.98774997870991,20.7472125155765,-5.9825159115511894e-05,1.553219775018988e-08,0.4180583413933095,0.41809781513266936,0.2881537206649039,116.63236499837433,8.573949435166975,20.84471670436739,47.973787035948526,87.25928241257485,11.460098826756923
34.74845019758,0.029826173638552778,0.1550538301509691,0.4425246877679307,0.28747085761696156,1.91379377476e-07,0.596085834868,90.47605790080934,13.800265904541908,0.13234323383227772,0.1323369169903438,104.27632380535124,104.4286803376759,-0.14589529603553641,1.5865221428302787,0.19312296655453376,0.0271998636796558,0.16492381174244003,0.19309865308053592,0.027204991817214176,0.16493935799927856,0.1376280054491525,0.4151028109760567,0.27747480552690423,0.20000000000000015,0.20000157489966733,83.42089481953332,20.85542898581792,-5.982503903378955e-05,1.5371792727592037e-08,0.41779450599835466,0.4178338886722528,0.2873555750721175,116.47976681022627,8.5851820224644,20.825949186879548,48.01701910566482,96.20363507715902,10.394617617078206
34.96962380904,0.0298568921957,0.1550707138429885,0.4415155513863376,0.28644483754334904,1.92739864239e-07,0.596006756993,90.91118964143232,13.91675254121404,0.1327580438139887,0.13275201457823538,104.82794218264635,104.9810759293573,-0.14586795320520318,1.5865221428315015,0.19312296655439687,0.027165100009594385,0.16481838492593714,0.19309857013585957,0.027170212685033196,0.16483389422395262,0.13779957410448399,0.4144165363540479,0.2766169622495639,0.20000000000000004,0.2000010058610355,83.86224830377462,20.965693878871747,-5.982496196210718e-05,1.5300893885239475e-08,0.41752743271006204,0.41756672175773935,0.2864671843304291,116.29340216104096,8.598940106810346,20.806018821047154,48.06301525539381,105.67562959086031,9.462919727771256
35.19390468015,0.029888042316687503,0.15508863231294664,0.440498583293865,0.28540995098091837,1.94137534259e-07,0.595926360279,91.35466148146747,14.035471858335509,0.13317633647052893,0.1331706064174247,105.39013333980297,105.54405919762105,-0.1458403807739428,1.5865221428313552,0.19312296655443315,0.027129928189095293,0.16471165164946677,0.19309848397681909,0.027135024944484366,0.164727122674089,0.13798964864182015,0.413656238204885,0.2756665895630649,0.20000000000000018,0.20000041533475363,84.31206289965732,21.078070440145662,-5.9824971176958286e-05,1.5319678858816133e-08,0.4172570498220764,0.4172962419133879,0.2854829692434299,116.07401287719541,8.615192799942095,20.784981173904853,48.11166253330462,115.48399167575909,8.659208826169342
35.42134880117,0.029919631777940277,0.15510760198232346,0.43947400082623167,0.28436639884390824,1.9557382912e-07,0.595844613505,91.80666710302415,14.156475705436769,0.13359811091131965,0.1335926882196784,105.96314280846094,106.11787602009593,-0.14581257883986565,1.5865221428300154,0.19312296655461697,0.027094343508778616,0.16460359506638553,0.19309841567452415,0.027099425725184895,0.16461903208676965,0.13819896654493438,0.41281896659334893,0.2746200000484146,0.19999999999999987,0.19999981030327807,84.77053434762959,21.192608460831348,-5.982505563162377e-05,1.5414869380947493e-08,0.4169833146575096,0.41702242060732514,0.28439911108457583,115.81676803776608,8.634328318278708,20.762568802331895,48.163597169522085,125.55590501738247,7.964579601903678
35.65204571006,0.02995167301528611,0.15512756130918143,0.4384419143662156,0.2833143530570342,1.97050470905e-07,0.595761473447,92.26746995982737,14.279834610217442,0.1340234243169408,0.13401832778699152,106.5473045700448,106.70286084875964,-0.14578454361717785,1.5865221428310505,0.19312296655447067,0.02705833812029481,0.16449418871283816,0.19309832106402386,0.027063403260223502,0.16450958409838468,0.1384283654599735,0.4119013709324601,0.2734730054724866,0.20000000000000018,0.19999917787978155,85.23793125072916,21.309373319315657,-5.982499038381661e-05,1.5339107761747073e-08,0.41670616017659823,0.4167451606546433,0.28321127247939326,115.5211841290448,8.656420963300842,20.73672306151694,48.223627090617455,136.39337878357168,7.331734200871987
35.88612123357,0.029984183504662504,0.1551485380560049,0.4374022774659163,0.2822537394099114,1.98569496302e-07,0.595676882887,92.73741052456009,14.405639718672438,0.13445239505473516,0.134447627883844,107.14305024323254,107.29944591039971,-0.14575626727630908,1.5865221428290914,0.19312296655468647,0.027021904014993485,0.16438340553411554,0.19309822933282272,0.027026951993798183,0.16439875910054244,0.13868041839064418,0.41089315921085456,0.2722127408202104,0.20000000000000012,0.19999854127270147,85.71459648707827,21.42845375615427,-5.982511386282141e-05,1.545086281140584e-08,0.41642551784279364,0.41646441238223453,0.28190613029464534,115.19018694928444,8.681295051984565,20.706941187986736,48.292984990953485,146.4197208681078,6.8296810980863825
36.12367152181,0.03001717660025139,0.15517051426699524,0.4363552003147484,0.28118468604775315,2.00132840096e-07,0.595590795161,93.21677475081167,14.533967581810627,0.13488508076301545,0.13488065681998326,107.7507423326223,107.90799422042504,-0.14572774606627092,1.5865221428288911,0.19312296655473687,0.0269850348754331,0.16427122351596793,0.1930981333538694,0.02699006511627091,0.16428653358163872,0.13895043469935386,0.4098130939762688,0.27086265927691494,0.19999999999999962,0.19999788757514106,86.2008214814445,21.549920851177784,-5.982512649715943e-05,1.5476953052484532e-08,0.4161413318883296,0.4161801162291477,0.28050797287443835,114.82056925847594,8.709240917878319,20.674046863846932,48.369823604720445,154.46641232307005,6.4738993089868435
36.36479235542,0.030050665604919445,0.15519346522241903,0.43530081980736274,0.28010735458494374,2.01742522643e-07,0.595503163303,93.70585219440443,14.664895714963231,0.13532153277402623,0.13531748185210563,108.37074790936765,108.52887336712703,-0.14569897655205555,1.5865221428291063,0.19312296655471856,0.02694772528579393,0.16415762329478922,0.19309802178613106,0.02695273658826995,0.1641728862762361,0.13923664172383465,0.4086682658782536,0.26943162415441896,0.20000000000000018,0.19999719496079543,86.69690231169064,21.67384559767702,-5.982511293023407e-05,1.5467471747854233e-08,0.4158535532602029,0.41589221832455114,0.27902597914966626,114.41360555026606,8.740219270169435,20.6382876270122,48.45363230092601,161.23134997922483,6.202267735951185
36.60955253601,0.030084660074445834,0.15521741221701227,0.43423942332405274,0.2790220111070405,2.03400473637e-07,0.595413949706,94.20488164319966,14.798488042678418,0.13576174833240626,0.13575807921393582,109.00336968587806,109.16238648950106,-0.14566995898197543,1.5865221428275675,0.1931229665549013,0.02690997301010898,0.16404259510904165,0.19309792826812813,0.02691496664044743,0.16405781493256402,0.13953666132435044,0.4074681874771046,0.2679315261527542,0.20000000000000007,0.19999649519107454,87.20307778468542,21.80029190119263,-5.98252099193175e-05,1.5562107158473282e-08,0.4155621572299235,0.41560071296412976,0.27747246324354874,113.96492690394273,8.774629415968187,20.598850931520893,48.546397239555446,166.46115586946735,6.007407522654492
36.85805647269,0.030119174510095836,0.15524229739443954,0.4331711976623609,0.2779289002679214,2.05108960391e-07,0.595323104113,94.7141783214321,14.934828951824004,0.13620578355629745,0.136202497201781,109.6490072732561,109.80893376158897,-0.14564068956365306,1.5865221428252516,0.1931229665551837,0.02687177500309608,0.16392612666410464,0.19309782102837167,0.02687674933944801,0.16394129845602667,0.1398476744750607,0.4062241348756747,0.266376460400614,0.20000000000000004,0.19999579849940904,87.71966650897373,21.929340764282365,-5.982535589144078e-05,1.5708323530816415e-08,0.41526711265204985,0.41530554670983766,0.27586202220681155,113.47365322898389,8.812618361568498,20.554684344031426,48.650710624528536,169.98145473251805,5.882994715944719
37.11044798467,0.03015422888675972,0.15526812207544113,0.4320961413385894,0.27682801926314826,2.06870636689e-07,0.595230560637,95.23414366765843,15.074025909234571,0.1366537579859564,0.1366508655504721,110.30816957689301,110.46902480588409,-0.14561116048026346,1.586522142824189,0.19312296655532354,0.026833122318398885,0.16380818758047133,0.1930977112235591,0.02683807696043259,0.16382331018640964,0.14016660920678334,0.4049483959494847,0.26478178674270136,0.2,0.19999509035723245,88.24707723522137,22.061092341671635,-5.9825422882298085e-05,1.5780732276482468e-08,0.41496834256746423,0.415006652024483,0.2742105628422336,112.94262786090303,8.8540528845457,20.506204917031795,48.76572744913088,171.70090775113368,5.824081031938501
37.36683890251,0.030189838736459716,0.15529486541102164,0.4310144422112584,0.27571957680023673,2.0868805781e-07,0.595136264878,95.76511926570926,15.21617035837032,0.13710572664916007,0.13710324134628976,110.98128962407958,111.14309325980811,-0.14558136811101408,1.586522142821943,0.19312296655556874,0.02679401037719578,0.1636887606929559,0.1930975983396169,0.02679894473059727,0.16370383236380653,0.1404901639707907,0.4036541768946822,0.26316401292389147,0.19999999999999996,0.19999436697203024,88.78565685997224,22.195632764107344,-5.9825564446835955e-05,1.59076973815786e-08,0.4146658034923284,0.41470398391764723,0.2725351807290433,112.37037068378984,8.899143020663333,20.454182749508313,48.88975581407859,120.22743259286923,8.317569280434844
37.62733245865,0.030226018397034725,0.15532252041301953,0.4299263475584314,0.27460382714541187,2.10563845531e-07,0.595040164812,96.3074339957274,15.361350341856417,0.13756172266922692,0.13755966304035963,111.66878433758382,111.83155663353978,-0.1455513102525563,1.5865221428201655,0.19312296655578146,0.02675443463339451,0.1635678288460005,0.1930974959267051,0.026759349213471693,0.16358285122063282,0.14062171231711068,0.40312798351046386,0.2625062711933532,0.2,0.19999363862839886,89.33573783670047,22.333046500883345,-5.982567647944137e-05,1.601785371008191e-08,0.4143594519671944,0.41439750751249166,0.27185401707215257,111.7522972514852,8.94836190928245,20.399012424516147,49.0219810248348,61.78972566013894,16.183920373757353
37.89200751873,0.03026277882204583,0.15535101778141475,0.42883227796787937,0.2734812601864646,2.12500576275e-07,0.594942217659,96.86137051208067,15.509641527481667,0.1380217303909411,0.13802010760134126,112.37101203956234,112.53477375409757,-0.14552098793308987,1.5865221428210892,0.1931229665556736,0.02671439497398006,0.16344538835335815,0.19309737454184572,0.026719288039613626,0.1634603561711941,0.14072684351699774,0.4027074587103772,0.26198061519337945,0.19999999999999993,0.19999294011251376,89.89760295835158,22.47340908121075,-5.982561825934596e-05,1.5962009491943263e-08,0.41404927865384905,0.41408719599272503,0.2713096426671477,111.08847267854735,9.001834086725303,20.33930662860062,49.165884474833824,53.328829644655656,18.75158346176485
38.16104039892,0.030300144499850003,0.15538035604891068,0.42773222737882133,0.2723518713299107,2.14501685195e-07,0.594842343052,97.42742089723122,15.661175647832867,0.13848589624677257,0.138484723880348,113.08859654506409,113.25336931545029,-0.145490391484282,1.5865221428191691,0.1931229665559119,0.026673882235101365,0.1633214077673266,0.19309724904451905,0.026678753211986005,0.16333631932912535,0.14082884316666322,0.40229946011290857,0.26147061694624535,0.19999999999999984,0.19999231050180596,90.47174683061017,22.61684971445392,-5.982573927365564e-05,1.6085399678900103e-08,0.41373520388716023,0.41377297871500024,0.2707814835814508,110.38185083049838,9.059460341316374,20.274790654646978,49.32233417516448,51.61802500095231,19.373077524402586
38.43456081748,0.030338133446872223,0.155410497996693,0.4266264347132173,0.27121593671652433,2.16570435662e-07,0.594740477134,98.00598664937947,15.816060185710459,0.13895427665806626,0.13895357927037488,113.82204683508992,113.98785301579328,-0.14545951723503592,1.5865221428202443,0.19312296655577077,0.02663289109411232,0.1631958672703213,0.1930971123012776,0.02663773902266947,0.16321071969288498,0.14093025061068015,0.4018938303361319,0.26096357972545176,0.1999999999999998,0.19999174063474065,91.05857756593132,22.763469269158605,-5.982567151674445e-05,1.6012324799419275e-08,0.4134171774640805,0.4134548024770015,0.270256390963087,109.63167333837652,9.121451580087763,20.20658259655223,49.488823516878405,50.76191178063962,19.69980965889066
38.71269283964,0.030376762894394442,0.1554414470395541,0.4255151976345988,0.2700737505950447,2.18710220634e-07,0.594636556793,98.59746343250883,15.974401062057181,0.1394269101976151,0.13942669373001232,114.57186449456601,114.73872714673146,-0.14542836260685865,1.5865221428188137,0.1931229665559342,0.026591417181871926,0.16306874986297015,0.19309699561050295,0.026596242819765713,0.16308354552120122,0.14103183549673237,0.4014874907927421,0.2604556552960097,0.20000000000000018,0.19999123602274363,91.65849570086745,22.913368793698552,-5.982576168905851e-05,1.6096945998356205e-08,0.4130951563208208,0.4131326375350625,0.269730379542921,108.83385364774233,9.188317481035407,20.135235475709425,49.66418203583323,50.19350752774125,19.922895395332038
38.99553467106,0.030416046482091667,0.15547311136615813,0.4243989751152011,0.2689258637490429,2.20924408963e-07,0.594530527723,99.20219747438176,16.136290963535185,0.13990378391529587,0.1399040632874865,115.33848843791695,115.50643124108862,-0.14539692843693608,1.5865221428183487,0.19312296655597871,0.026549458835008775,0.16294004675035778,0.1930968572973386,0.026554260509718326,0.16295478056724302,0.1411339635610099,0.40107897853585417,0.25994501497484424,0.19999999999999996,0.19999075852957762,92.27185664756303,23.06663179035393,-5.982579098784413e-05,1.6119994228347423e-08,0.41276911817759426,0.4128064427317743,0.2692015555191871,107.98795279617524,9.260292228036556,20.059827068047323,49.85087840527145,49.84879435928794,20.060665716254732
39.28328225584,0.030456011424422218,0.1555054820843927,0.4232778337709077,0.26777235168651503,2.23217343038e-07,0.594422295624,99.82075050126092,16.30188026667575,0.14038504087333303,0.14038583091326973,116.12263076793666,116.29167840504347,-0.14536520533998676,1.5865221428200071,0.1931229665557796,0.026507006062574563,0.16280972348903047,0.19309671462065228,0.02651178307414981,0.1628243933633711,0.1412372126433605,0.4006659822054555,0.25942876956209504,0.2,0.19999028180085865,92.89923311719996,23.223397650736715,-5.982568646034636e-05,1.601687671382024e-08,0.4124389757802589,0.41247613835149927,0.2686669268087455,107.09677824863023,9.337349044043629,19.980369834392665,50.04912362926723,49.797525375625696,20.08131915104095
39.5760906323,0.030496679254486115,0.15553851937279842,0.4221520694707368,0.2666135500979384,2.25593278383e-07,0.594311790391,100.45360500170153,16.471298135743048,0.1408707443304967,0.1408720574621439,116.92490313744459,117.09508115316255,-0.14533318909901727,1.5865221428201188,0.19312296655578928,0.02646405029621131,0.16267774984985287,0.19309656862369112,0.026468802210824982,0.1626923544940726,0.14134229711386645,0.4002456443234807,0.2589033472096143,0.2000000000000001,0.19998979689694596,93.54111550679195,23.38378763065262,-5.9825679421532385e-05,1.6021894921891544e-08,0.41210465255062656,0.41214164987716484,0.26812279437132963,106.15959239754555,9.419779950314885,19.89937213949527,50.252841797719356,50.10999358995941,19.956099140279495
39.87408951893,0.030538067988740276,0.15557219464465033,0.42102208715881534,0.265449892514165,2.28056494532e-07,0.594198705232,101.10119585980773,16.64466099107566,0.14136090590563133,0.14136276357541164,117.74585685088338,117.91719156670138,-0.14530087898257937,1.5865221428202023,0.19312296655577824,0.026420582051056955,0.16254409263660416,0.19309643192300524,0.026425308847512853,0.16255863203014737,0.14145012125902243,0.39981434774280317,0.25836422648378077,0.20000000000000018,0.19998928416872355,94.19794722544223,23.54790962544116,-5.982567415907525e-05,1.601618837554497e-08,0.4117660643941172,0.4118028964238808,0.26756447576683146,105.17353223633157,9.508095608626483,19.81613079123826,50.4639382195717,50.633563801532446,19.74974552294371
40.17743329744,0.030580199069088886,0.1556064248234194,0.41988827768418047,0.26428185286076106,2.30611722662e-07,0.594082340732,101.76401839404846,16.822101431558295,0.1418555683944879,0.1418579793157404,118.58611982560676,118.75863844770825,-0.14526827214970117,1.586522142822723,0.19312296655544262,0.026376597013867152,0.1624087344137228,0.1930962772773307,0.026381297383924578,0.1624232045734986,0.14156081032847037,0.3993715914633322,0.2578107811348618,0.2,0.19998875770963048,94.87022904007827,23.71589078552848,-5.9825515275058194e-05,1.584239406327015e-08,0.41142316714196153,0.4114598237847549,0.2669913224450096,104.13854859784328,9.602592060906733,19.729198270552693,50.68629684220747,51.03949354505446,19.592670901353337
40.48632880039,0.030623101222276388,0.15564118661053583,0.4187508342805532,0.2631096476700174,2.33264420994e-07,0.593962306999,102.44269106981524,17.00378502303361,0.14235484862538872,0.14235782710038997,119.44647609284884,119.62020693213341,-0.14523536093122846,1.5865221428222323,0.19312296655550906,0.02633208228490147,0.1622716311771761,0.19309612067648105,0.02633675541428792,0.16228602963375474,0.14167389820183024,0.39891923997022666,0.2572453417683964,0.19999999999999998,0.19998820992267857,95.55858915746798,23.887886935380862,-5.982554620587166e-05,1.587681097703353e-08,0.41107584932060737,0.41111232432072875,0.2664057480033571,103.05805565548583,9.703268644451372,19.63989478437126,50.91676971690118,51.00612861291296,19.60548716780742
40.80094481349,0.030666797890762498,0.1556764445053011,0.41761015331331963,0.26193370880801853,2.36020046383e-07,0.593838523351,103.13775823785615,17.189857490536795,0.14285878920212505,0.14286235177407142,120.32761572839293,120.50258806799016,-0.14520214246228624,1.5865221428188434,0.19312296655592026,0.026287027242776588,0.16213274574488828,0.19309597699683664,0.02629167296647123,0.16214707202558803,0.14178806175286937,0.39846258576812493,0.2566745240152556,0.19999999999999987,0.199987639254444,96.26357992175573,24.064035806637207,-5.98257598127816e-05,1.608972954869614e-08,0.41072401673827735,0.4107603088983022,0.26581460365277837,101.92545277439297,9.811092055813099,19.549042179961535,51.15340131727966,50.50459192487665,19.80017978340377
41.12142893518,0.030711309574330558,0.1557120906493912,0.41646680674293957,0.2607547160935484,2.38884184417e-07,0.593710880652,103.849725413215,17.380454162615422,0.14336738775301258,0.1433715456386741,121.2301795758304,121.40642360186835,-0.14516861695548222,1.5865221428170193,0.1931229665561314,0.02624142520752802,0.16199205291472796,0.19309581314000165,0.02624604236914877,0.16200630348584827,0.1419025902557682,0.39800447175758485,0.2561018815018167,0.1999999999999999,0.1999870518680762,96.98571336502262,24.24446621080779,-5.982587478747803e-05,1.6199042107700734e-08,0.4103676055514795,0.4104037059196338,0.26522156956289944,100.74047736566747,9.92649653991814,19.45478675357,51.40123161804883,50.12918823814156,19.948457877463387
41.44802958484,0.030756670775672224,0.1557480875825739,0.41532099448513343,0.2595729069025595,2.41863669758e-07,0.593579203032,104.57933128207542,17.575772788734337,0.14388078928364856,0.14388556284844867,122.15510407080974,122.33265128877751,-0.14513477481057357,1.5865221428162113,0.19312296655624583,0.026195264263770487,0.1618495111632114,0.19309564230436516,0.026199851830128205,0.16186368286347683,0.14201881837867153,0.3975395592665406,0.2555207408878691,0.2000000000000001,0.19998642873685124,97.7257410557101,24.429363015099643,-5.982592571340817e-05,1.6258305812755225e-08,0.4100065105705315,0.4100424111384902,0.26461973475846895,99.50814112102624,10.049429008866273,19.356273954002894,51.66283564576224,51.189617800360594,19.535211298119044
41.78094639875,0.03080290922204861,0.15578438943846387,0.41417314871071786,0.258388759272254,2.44965324033e-07,0.593443311865,105.32721699301894,17.77598500712783,0.14439904663979933,0.14440445602206814,123.10320200014675,123.28208506072504,-0.14510061254250362,1.5865221428171121,0.19312296655614355,0.026148536442471476,0.16170509096027705,0.19309547993981757,0.026153093784349456,0.1617191818689096,0.1421421978950282,0.3970460412006062,0.254903843305578,0.19999999999999984,0.19998575338674762,98.48431540382644,24.618886596320326,-5.982586893660269e-05,1.6205348174480605e-08,0.4096406569881794,0.40967635289011695,0.2639808696940058,98.2236910242478,10.18084323213976,19.25551072065631,51.93318497271807,54.87422617995155,18.22349160279098
42.12034494866,0.03085004790953611,0.15582088582712478,0.41302391450164927,0.2572030286745245,2.48196062926e-07,0.593303016901,106.09395647427021,17.981244460843488,0.14492214661209335,0.14492820255250272,124.0752009351137,124.25545351416496,-0.14506613106579636,1.586522142819803,0.19312296655579292,0.026101233985100322,0.1615587632569039,0.19309530085776885,0.026105760354041073,0.16157277107867238,0.14228000619503134,0.39649480799883935,0.254214801803808,0.20000000000000004,0.1999850248601677,99.26201879157469,24.813182143539017,-5.9825699316728986e-05,1.6023782301033407e-08,0.4092699712157688,0.40930545663727314,0.2632672916932439,96.88671793613845,10.321332183624346,19.151194650560292,52.2160637101949,61.90927237472904,16.152669247138387
42.46648771426,0.030898123293647217,0.15585751885554305,0.4118736080179508,0.25601608916240776,2.51564170389e-07,0.593158065722,106.88035263457957,18.191766092007953,0.1454502112639177,0.14545693012720684,125.07211872658753,125.25377593404302,-0.1450313222901567,1.5865221428193428,0.19312296655583716,0.026053348331142902,0.16141049634748944,0.19309511311117725,0.026057842758764722,0.16142441809950786,0.14244182689232207,0.3958475252098971,0.253405698317575,0.19999999999999976,0.1999842231932383,100.05966821991845,25.01245050666908,-5.982572833795885e-05,1.604669730426167e-08,0.40889437293483977,0.4089296403194923,0.2624293763476043,95.50189331274055,10.470996598206643,19.04284583050219,52.513159477363075,73.47652093685312,13.609789729421399
42.8196239769,0.030947169996791667,0.15589423260477034,0.41072264462891156,0.2548284120241412,2.55078322511e-07,0.593008214104,107.68719128941795,18.407760266792014,0.14598332478510287,0.14599073021150447,126.09495155620995,126.27804990562429,-0.14499618069108156,1.5865221428186773,0.1931229665559162,0.026004864858605238,0.1612602395465331,0.19309493144176285,0.026009326296143942,0.16127407198971552,0.14264153985566141,0.39504867335693483,0.2524071335012734,0.19999999999999976,0.19998333863995113,100.8780621583562,25.216889397853773,-5.982577028218472e-05,1.6087620124949353e-08,0.40851373374596095,0.4085487748883224,0.2613952530278664,94.06512475995889,10.630932585821375,18.932793754535645,52.818406673892724,88.37623476020435,11.315259161168722
43.17996369124,0.030997217179338888,0.1559309089369997,0.40957168843554687,0.25364077949854713,2.58747348651e-07,0.592853192056,108.51518011353718,18.629416432775397,0.1465214955162456,0.1465295986234912,127.1445965463126,127.32917381523484,-0.14496070569819386,1.5865221428242804,0.19312296655523506,0.02595577287989534,0.16110795411740333,0.19309473527303359,0.025960200501656455,0.16112169469583063,0.14288373140437513,0.394079907158674,0.25119617575429887,0.2,0.1999824154876813,101.71791301277429,25.426683533538295,-5.982541710913836e-05,1.5734924474486434e-08,0.4081279555192645,0.40816276394453327,0.2601411735480768,92.57541521896955,10.802003940621708,18.81947204599483,53.13645343269981,104.36198856313064,9.582032824097446
43.54780546972,0.03104830631523889,0.15596747409658837,0.4084211292612113,0.2524536551646229,2.62581602799e-07,0.592692562429,109.36524263244408,18.856981821701094,0.14706484700274974,0.1470736629132455,128.22222445414516,128.40832006970436,-0.14492488918022017,1.5865221428282543,0.19312296655479824,0.025906061244995844,0.16095359966461092,0.1930945322686584,0.02591045412751456,0.16096724551136035,0.14317155853869765,0.3929285986192023,0.24975704008050467,0.19999999999999982,0.19998146629981822,102.5801559955808,25.642068458564363,-5.982516663172177e-05,1.5508727635449304e-08,0.40773693592256877,0.4077715043680909,0.25865079081453585,91.03834562114389,10.984382384995223,18.702380434399036,53.469129424867944,120.7107299940035,8.284267687302336
43.9234354394,0.03110047714436111,0.15600385968426783,0.40727143179837255,0.2512675721141047,2.66592010934e-07,0.592525720781,110.2382882800339,19.090699892928633,0.14761346363737907,0.1476230178382115,129.32898817296254,129.51664318665775,-0.1448887255553477,1.586522142825574,0.1931229665551067,0.02585571428983903,0.16079712152224315,0.19309433630378595,0.02586007127435007,0.16081066903147337,0.14350605609211461,0.39159060840707477,0.24808455231496016,0.2,0.19998048809414057,103.46571399341217,25.863274179550377,-5.982533557435943e-05,1.566844431977188e-08,0.40734053647303275,0.4073748558042831,0.2569187464123188,89.45170083238119,11.1792172836808,18.582877696797677,53.81297860946082,133.99513818368274,7.462957339759473
44.30709241195,0.03115376283499306,0.15603993016187342,0.4061233203287631,0.25008339016688963,2.70789743262e-07,0.592352093696,111.13512987948468,19.330788242722036,0.14816734148618793,0.148177646514652,130.46591812220672,130.65517503742342,-0.14485221512464674,1.586522142826695,0.19312296655494846,0.025804724492084277,0.1606384900703573,0.19309412123275457,0.025809044660325624,0.16065193637278583,0.1438724413179935,0.3901250675027676,0.2462526261847741,0.20000000000000015,0.19997950121639713,104.3754088903885,26.090509231818206,-5.982526491976614e-05,1.5586509860554543e-08,0.4069386821357103,0.4069727450840571,0.2550215861075134,87.81624681283726,11.387414473899113,18.461168409737382,54.16775243069382,136.9932311043789,7.299630733127774
44.69913812981,0.031208213629140273,0.15607560979698654,0.40497714615654906,0.24890153635956253,2.75188118917e-07,0.592171053674,112.05688177349383,19.57754518540072,0.14872663358434488,0.14873771002529004,131.63442695889452,131.82533026934416,-0.14481534774808402,1.5865221428295995,0.1931229665545984,0.025753067582869764,0.1604776233088893,0.19309389739371566,0.02575734994081031,0.1604909652934093,0.14423298285301878,0.3886829013609181,0.24444991850789932,0.2000000000000003,0.19997849697740508,105.3103721051728,26.324054853721744,-5.982508184398938e-05,1.540525484955424e-08,0.4065311651833126,0.40656496386752083,0.25315468471373964,86.13716526473941,11.609390637903358,18.338804325281846,54.52918207003287,90.15463713361827,11.092052852676886
45.09986973871,0.031263870797043056,0.1561108233168187,0.40383353812413036,0.24772271480731167,2.79800671505e-07,0.591981967585,113.00452331904324,19.831232899044146,0.14929137653634147,0.14930323982214583,132.8357562180874,133.02835216680745,-0.14477812104185528,1.5865221428289848,0.19312296655469005,0.025700722343830674,0.16031444833149217,0.19309368840972171,0.025704965644613616,0.16032768209081555,0.14435892007263146,0.3881791524829252,0.24382023241029377,0.19999999999999984,0.19997752441682584,106.27159053555731,26.5641656825301,-5.982512059077294e-05,1.545270578162672e-08,0.40611780092527944,0.40615132544718147,0.2525025757399222,84.4115115254354,11.84672542794917,18.214778757403412,54.90047468150274,45.24650820862351,22.101152985975844
45.50961453026,0.03132077979586944,0.15614541580949642,0.40269312019357933,0.2465477043840829,2.84642244683e-07,0.591784177332,113.9791203385413,20.092136708887995,0.14986162695394256,0.1498742923577873,134.0712570474293,134.26559378117565,-0.14474053126601882,1.5865221428286156,0.1931229665547289,0.025647677297200216,0.16014892224801333,0.19309345591025442,0.02565188067448177,0.16016204504963644,0.1444813575375171,0.3876894026235763,0.24320804508605923,0.1999999999999999,0.19997657724514745,107.26014595613003,26.811111091299267,-5.9825143861047536e-05,1.547284522729342e-08,0.4056984807098039,0.4057317241472641,0.25186858866396683,82.64215589553808,12.100361966162003,18.087674434482206,55.28626709985489,43.24695688889646,23.123014240494392
45.92877242186,0.03137899616970278,0.15617932456907552,0.4015563301732058,0.24537700560413028,2.89729664263e-07,0.591576742297,114.98192892457556,20.360592876317405,0.15043751664588143,0.15045100398777972,135.34252180089294,135.5386497100138,-0.14470256973968532,1.5865221428284626,0.19312296655470662,0.025593909109084635,0.15998096483358462,0.19309323193416353,0.025598071199526805,0.1599939723849833,0.14460110418537578,0.3872104160320293,0.24260931184665355,0.20000000000000004,0.19997566531080121,108.27731095891778,27.065210841975187,-5.982515350888562e-05,1.5461298907837318e-08,0.40527300130662597,0.40530595278557474,0.2512485347675509,80.82931257321347,12.371749408288252,17.958328072106802,55.68447107017818,41.55100531038767,24.066806387233232
46.35767355649,0.03143856577173472,0.15621238741607446,0.4004239580169234,0.24421157060084892,2.95080135867e-07,0.591358760165,116.01405661781511,20.63689789471977,0.15101905411737732,0.15103337935872577,136.65095451253487,136.8489259656125,-0.14466423589425403,1.586522142828557,0.19312296655473007,0.02553940453681018,0.15981052698996454,0.19309298781273418,0.025543524267961137,0.15982341589379553,0.14471883409265116,0.3867394964030454,0.24202066231039424,0.19999999999999987,0.19997480145888608,109.32420701472344,27.326747497811432,-5.982514755809021e-05,1.5473444747726717e-08,0.4048412383372503,0.40487388925134177,0.25063892365101537,78.9739057875354,12.662410324371114,17.825868651127994,56.09824797720147,40.11159082309419,24.930449764766035
46.79677671991,0.031499552322209724,0.1562445269063132,0.39929643545669274,0.24305190855037953,3.00713784917e-07,0.591129078328,117.07693890249507,20.921436049401542,0.15160639432670364,0.15162157904663465,137.9983749518966,138.19824488149393,-0.14462551949826485,1.5865221428284981,0.193122966554726,0.02548414162050646,0.15963753199203018,0.1930927503958597,0.025488217373461713,0.15965029712926224,0.14483517490576492,0.38627413315057046,0.24143895824480555,0.19999999999999996,0.19997397862399738,110.40229086911967,27.596084082776947,-5.982515126623511e-05,1.547133532397993e-08,0.40440299743717306,0.4044353348185823,0.25003650533065075,77.08074631455631,12.973408377743679,17.69076495751794,56.52666814585855,38.8732297352863,25.724644101086163
47.24536377072,0.03156185607926666,0.1562755048796518,0.3981772503584797,0.24190174547882787,3.06636519449e-07,0.590887140196,118.16915987533817,21.21382829698076,0.15219811667944833,0.1522141770418106,139.3829881723189,139.58480898198027,-0.14458651420115043,1.5865221428320928,0.193122966554345,0.025428239192888495,0.15946234412201676,0.19309249496300102,0.02543227027640007,0.15947498323059975,0.14495026518039897,0.38581377205012823,0.24086350686972927,0.19999999999999998,0.19997319302780173,111.51012697374398,27.872861198574935,-5.9824924691920245e-05,1.527404869250404e-08,0.4039592014271496,0.4039912195455208,0.24944056235666762,75.17192131502453,13.302839444654863,17.55341932673875,56.96895752252219,37.788427762154605,26.46312797912983
47.69536377072,0.03162435607926667,0.15630470819468062,0.39708703034827214,0.24078232215359152,3.12752258503e-07,0.590636619312,119.27119897163799,21.50884889836339,0.15278336116368577,0.15280028791605407,140.78004787000137,140.98383709651662,-0.14454793592810766,1.5865221428303218,0.19312296655448974,0.02537272799241938,0.15928819162894461,0.19309224068210365,0.025376714849673576,0.1593007057412916,0.14506237061872737,0.3853653502975393,0.24030297967881195,0.20000000000000018,0.1999724551368473,112.6279160631543,28.152131806847066,-5.982503631374314e-05,1.5348988746666237e-08,0.4035180282936721,0.4035497297643736,0.24886007501121749,73.26107693848924,13.64981299469035,17.41439387773171,57.42376145969277,36.83893535120545,27.145192727923877
48.14536377072,0.03168685607926667,0.15633205223536215,0.3960286622389048,0.23969661000354267,3.19047413844e-07,0.590377859893,120.37952149776757,21.805551600934596,0.153360343147959,0.15337812478217647,142.18507309870216,142.39084196524234,-0.14450990225229887,1.5865221428282001,0.19312296655472536,0.02531777548145618,0.15911560414194512,0.19309200659690773,0.025321718333719503,0.15912799355776314,0.1451715840965688,0.38492849638735344,0.23975691229078464,0.19999999999999973,0.19997174849710433,113.7520754209661,28.43299767773606,-5.982517005120869e-05,1.547100225707254e-08,0.40308081972378373,0.40311220530605063,0.24829456237659558,71.36130412140668,14.013196820208112,17.27680409337927,57.88107537685254,36.057199153301376,27.733712642193414
48.59536377072,0.03174935607926667,0.15635748290953722,0.39500153851976144,0.23864405561022423,3.25526956184e-07,0.590110644501,121.49402246769897,22.1039082994794,0.15392915609151386,0.15394777612791605,143.59793076717838,143.80569030938375,-0.1444724070086556,1.5865221428291572,0.1931229665546818,0.025263374409766254,0.15894456395160628,0.19309176099587552,0.025267274568252694,0.15895683240506742,0.14527849950029467,0.38450083477222863,0.23922233527193396,0.20000000000000026,0.19997106256945893,114.88249996889012,28.71543079828826,-5.982510972168953e-05,1.5448442525212158e-08,0.40264753085498123,0.40267861000843347,0.2477409492787128,69.47877147226069,14.392885464292482,17.14178485269629,58.336982326709496,35.44709961676966,28.211052831157733
49.04536377072,0.03181185607926666,0.15638104474672718,0.39400494013383136,0.23762389538710418,3.3219592752e-07,0.589834774271,122.61459650387873,22.403890783927693,0.15448989437784238,0.15450933778318957,145.0184872878064,145.2282483531753,-0.14443544403204278,1.5865221428333276,0.19312296655413722,0.02520950966575035,0.15877502847031819,0.19309153524673212,0.025213367272055406,0.15878717603149003,0.14538358126019665,0.3840805077298995,0.23869692646970284,0.19999999999999982,0.1999703895821393,116.01908388825123,28.999403399555163,-5.982484685418399e-05,1.516644587695737e-08,0.4022180538018764,0.4022488267040133,0.24719683087406566,67.616927914287,14.789196002332822,17.00927861688499,58.791440984881454,34.97469428366187,28.592101245818224
49.49536377072,0.03187435607926666,0.15640270283001376,0.39303821139560785,0.2366355085655941,3.39059439499e-07,0.589549838143,123.74113785303977,22.705470743712944,0.1550426531640174,0.155062904098626,146.44660859675272,146.65838184384137,-0.1443990070162715,1.5865221428362581,0.19312296655383734,0.02515617455179741,0.15860698140938628,0.19309129991083973,0.02515999085756232,0.158619011652331,0.14548721114145793,0.3836659882033553,0.23817877706189736,0.20000000000000007,0.19996973067658308,117.1617197171611,29.28488887959162,-5.982466214637938e-05,1.5011170084733294e-08,0.40179234730100943,0.4018228230058512,0.2466602303680468,65.77856365559305,15.202521071087139,16.87757634483671,59.25021339369773,34.61988956126465,28.88512969489295
49.94536377072,0.03193685607926667,0.15642250888613693,0.3921005949534701,0.23567808606733318,3.46122712726e-07,0.589255492234,124.8735404019763,23.00861977184434,0.15558752823734803,0.15560857367955666,147.88216017382064,148.09595607168063,-0.14436308966905287,1.5865221428387273,0.1931229665535196,0.025103364900524873,0.15844041435355083,0.19309107975706216,0.025107140203544216,0.15845232785776364,0.14558972642351967,0.3832559270735208,0.23766620065000113,0.19999999999999998,0.19996907549262247,118.3103013220098,29.571858851810823,-5.982450651531579e-05,1.4846657236944338e-08,0.4013703900343592,0.40140057000991664,0.24612940131014677,63.965883043161696,15.63333377771458,16.746729187142982,59.7131528685454,34.498830137932586,28.98649015058825
50.39536377072,0.03199935607926667,0.15644044284409242,0.39119142064634777,0.23475097780225535,3.53391065213e-07,0.588951404926,126.01169769343456,23.313309369311536,0.15612461588242438,0.156146445132407,149.32500706274607,149.54083589024393,-0.14432768562043785,1.5865221428401572,0.1931229665533376,0.02505107380638146,0.1582753101604336,0.1930908490814933,0.025054809207407013,0.15828711004818746,0.14569219107960346,0.38284606844827357,0.2371538773686701,0.19999999999999993,0.19996840750722616,119.46472319940347,29.86028386334263,-5.982441637630842e-05,1.4752421506614155e-08,0.40095213857586526,0.40098203073166,0.24559883439669258,62.18319441746074,16.08151542178098,16.617083745249968,60.17903113028797,34.513655565517105,28.97403893081406
50.84536377072,0.03206185607926666,0.15645658126479825,0.3903098664855658,0.23385328522076756,3.60869907255e-07,0.588637299469,127.15550294214556,23.61951094917958,0.15665401275442048,0.1566766054425792,150.77501389132516,150.99288573660593,-0.14429278850980332,1.5865221428401841,0.19312296655334937,0.0249992950381867,0.15811165370770966,0.19309063679043537,0.025002990882742195,0.15812334072723797,0.14579435294011722,0.3824374210062789,0.2366430680661617,0.2000000000000003,0.19996774263002853,120.62487471846568,30.15013917285949,-5.982441468876942e-05,1.4758505528789101e-08,0.4005375546167822,0.40056716084828237,0.24506983537425608,60.432513387532026,16.547383915465485,16.48896745007454,60.646611319223595,34.45838005735344,29.02051687675316
51.29536377072,0.03212435607926667,0.15647091766046298,0.38945525257942887,0.2329843349189659,3.68564682132e-07,0.588312870406,128.30484905074167,23.92719584103712,0.15717581576235723,0.15719915309724705,152.23204489177877,152.45196965172318,-0.14425839196884338,1.58652214284088,0.19312296655325265,0.02494801977399097,0.1579494215690294,0.19309042056120185,0.024951677237472956,0.157960999102541,0.14589605018439272,0.3820306320286922,0.23613458184429947,0.19999999999999984,0.19996708870721766,121.79064606682333,30.441398824955467,-5.982437082385772e-05,1.4708412265918014e-08,0.40012657881213115,0.40015590768734305,0.24454324215646103,58.71410458548378,17.031682711673945,16.362605623043223,61.11496072433075,34.42425129058419,29.0492882926846
51.74536377072,0.03218685607926667,0.1564835220945814,0.3886267793828645,0.23214325728828308,3.76480946578e-07,0.58797813055,129.45962862596073,24.2363352952786,0.15769012195855955,0.15771418492125855,153.69596392123933,153.91795130087496,-0.14422448957996936,1.5865221428409577,0.19312296655325015,0.02489724051384757,0.15778859437186063,0.19309022064822837,0.024900859786641215,0.15780006269530192,0.14599757190867893,0.38162454513153443,0.2356269732228555,0.20000000000000034,0.19996643662265223,122.9619296926254,30.734034228613954,-5.982436592777418e-05,1.4707124407209449e-08,0.3997191620862967,0.39974821430426377,0.24401755779009265,57.031278372527034,17.534237852218958,16.238691159232474,61.58131774256031,34.48863460124937,28.995059142288408
52.19536377072,0.03224935607926667,0.15649440598741832,0.38782372284515154,0.23132931685773322,3.84624334573e-07,0.587633080534,130.6197339948304,24.546900487307838,0.15819702843483094,0.15822180217126616,155.16663448213825,155.39069399418358,-0.14419107495183825,1.5865221428403349,0.19312296655326755,0.02484694428248444,0.15762913525895028,0.1930900165041708,0.024850526322087563,0.15764049708779646,0.1460992109314562,0.38121798904051285,0.23511877810905665,0.2,0.19996577744018426,124.13861778514055,31.028016696997675,-5.982440518526033e-05,1.4716139418169405e-08,0.3993152110703612,0.39934399351008165,0.2434912660466055,55.38366021199917,18.055866950146868,16.117540298224313,62.04420659088851,34.418632258930266,29.054030749305554
52.64536377072,0.03231185607926666,0.1565036372938093,0.3870453268610451,0.23054168956723578,3.93000605048e-07,0.58727746291,131.78505722069403,24.858862522168316,0.15869663222789113,0.15872209976442506,156.64391974286235,156.87006070720687,-0.14415814166516272,1.5865221428401584,0.19312296655335848,0.024797121788432505,0.15747101888421408,0.19308982701625763,0.024800666840299183,0.1574822746860712,0.14619988534078357,0.38081529140365894,0.23461540606287537,0.1999999999999999,0.1999651323188704,125.32059760453436,31.323322138327985,-5.982441630969504e-05,1.4763212874413512e-08,0.39891466155616295,0.3989431754022034,0.2429699691182917,53.77070250842424,18.597488099459557,15.999072381334564,62.50362372050128,34.173263391279555,29.262642802067983
53.09536377072,0.03237435607926666,0.15651122771525502,0.38629091571162155,0.22977968799636653,4.01615608178e-07,0.586911064228,132.9554901197827,25.17219243847144,0.1591890302268739,0.15921517446233235,158.12768255825418,158.3559141016016,-0.14412568336474862,1.5865221428394143,0.19312296655344952,0.024747760755260063,0.15731421027758447,0.1930896334132302,0.024751269922978,0.15732536325392038,0.1462996519175011,0.3804162250972429,0.23411657317974177,0.19999999999999976,0.19996449687986717,126.50776007271352,31.61992248554064,-5.98244632055156e-05,1.4810352944039096e-08,0.3985174249555111,0.39854567831801446,0.24245337299085035,52.193288429821905,19.15955154549384,15.882888526500764,62.960839795071884,33.899298175164326,29.499135788381334
53.54536377072,0.03243685607926667,0.15651724901221767,0.385559743280635,0.22904249426841736,4.10475225421e-07,0.586533762874,134.1309242773074,25.486861213151176,0.15967431909193286,0.1597011233980208,159.61778549045857,159.8481165458498,-0.1440936936689896,1.5865221428370053,0.19312296655372402,0.02469885453324102,0.1571586921975397,0.193089453327645,0.024702327935270434,0.1571697424292298,0.14639829710820168,0.3800216443358143,0.23362334722761263,0.2,0.19996386937161706,127.69999548325772,31.917790007200853,-5.982461505071868e-05,1.49525059001121e-08,0.39812345759118906,0.3981514506750335,0.24194258345503855,50.652018171313514,19.742549973385746,15.768350666921725,63.41817360123553,33.46060566689768,29.885890588922972
53.99536377072,0.03249935607926667,0.15652171687021343,0.38485115024014127,0.22832943336992784,4.19585375548e-07,0.586145453281,135.31125106397894,25.802839765631543,0.1601525951750543,0.16018004473203998,161.1140908296105,161.346530136045,-0.14406216621983825,1.5865221428386327,0.19312296655354946,0.024650394951164417,0.15700444245678025,0.19308926817925703,0.02465383375998436,0.15701539338543963,0.14649508498427583,0.379634492830643,0.23313940784636716,0.2,0.19996326209657578,128.89719165759757,32.216899172012916,-5.982451247721343e-05,1.486211154144712e-08,0.39773270325705073,0.397760444780734,0.24144141118127566,49.1474107555492,20.346951846025593,15.655709524852812,63.87446052269557,32.87551710157113,30.41777249953005
54.44536377072,0.03256185607926666,0.15652470860113882,0.38416441056385014,0.22763970196271133,4.2895206152e-07,0.585746099215,136.4963616522051,26.120098962359975,0.1606239544486831,0.16065203113385432,162.6164606145651,162.85101671673291,-0.1440310947372292,1.5865221428349376,0.19312296655390088,0.024602373942376035,0.15685143908289792,0.1930890977199091,0.024605778181061376,0.15686229050049402,0.14658991532564486,0.37925517146692517,0.2326652561412803,0.20000000000000023,0.19996267252842256,130.0992385529637,32.51722206160141,-5.982474537979954e-05,1.5044077095183184e-08,0.3973451062913253,0.3973725957278473,0.2409503751189999,47.6798659918804,20.973213309162702,15.54481599771847,64.33012781539333,32.1524414927765,31.10183717229263
54.89536377072,0.03262435607926666,0.1565262429411567,0.3834988839590561,0.22697264101789943,4.3858137164e-07,0.585335666359,137.6861470328786,26.4386096211399,0.16108849243794182,0.16111718089702576,164.1247566540185,164.3614379018014,-0.14400047286292628,1.586522142833476,0.19312296655406805,0.024554784389122487,0.15669966301534438,0.19308892350738815,0.024558155277720865,0.1567104185359763,0.14668210893252578,0.3788863970402393,0.2322042881077135,0.2,0.1999621021107402,131.30602530506727,32.81873134895124,-5.982483750610612e-05,1.513063008218296e-08,0.396960618408733,0.3969878649135379,0.24047299219364235,46.249433370757444,21.621886520933664,15.43540192095881,64.7861328859963,31.377325610252498,31.87014764805995
55.34536377072,0.03268685607926666,0.15652639298446255,0.38285386581425995,0.2263274728297974,4.48479681105e-07,0.584914175868,138.88049803165492,26.7583425154912,0.1615463041585039,0.16157559308038424,165.63884054714615,165.87765509541393,-0.1439702943295318,1.5865221428337248,0.19312296655411557,0.024507619998104704,0.15654909772370043,0.19308875974965045,0.024510957531815612,0.15655975706360692,0.14677206821294958,0.3785265599187809,0.23175449170583134,0.20000000000000007,0.19996154880509834,132.51744144905808,33.12139909808806,-5.982482181865478e-05,1.5155232624408654e-08,0.3965791977334631,0.39660620058771057,0.2400071787174142,44.85624923626044,22.293437748950936,15.328176001951933,65.23933440434513,30.40097345263077,32.89368353806658
55.79536377072,0.03274935607926667,0.15652518421628187,0.3822287437792596,0.22570355956297772,4.58653378686e-07,0.584481685108,140.0793053253849,27.079268379121338,0.1619974840596007,0.16202735899476892,167.1585737045062,167.39952951298392,-0.14394055298645458,1.5865221428358027,0.1931229665537855,0.02446086943296797,0.1563997104631846,0.1930885930087807,0.02446417478565003,0.15641027711007366,0.14685825494209015,0.37818181300056725,0.2313235580584771,0.20000000000000046,0.1999610182355835,133.73337509974533,33.4251986047609,-5.982469084564457e-05,1.4984324891997858e-08,0.39620076131454784,0.3962275293535008,0.23956089969104183,43.499615525062616,22.98870893292937,15.224792558720765,65.68233991649363,29.364581398766607,34.0546315447222
56.24536377072,0.03281185607926666,0.15652268825848714,0.38162285606183816,0.22510016780335101,4.69108821997e-07,0.584038367064,141.28245945895387,27.40135791047047,0.16244212597145816,0.16247257182817018,168.68381736942433,168.92692220217998,-0.14391124255770382,1.5865221428366147,0.19312296655374922,0.02441451643815864,0.15625145259535553,0.19308843807299553,0.024417789619815458,0.1562619263282501,0.14694189068994626,0.37784727000895996,0.2309053793190137,0.1999999999999997,0.19996051002216111,134.95371521574918,33.730102153675176,-5.982463966436313e-05,1.49655399184212e-08,0.39582518593828414,0.39585171860215074,0.23912782976985295,42.18218360187361,23.706691181240387,15.124634241743692,66.11730135199036,28.337439593007804,35.289003324306954
56.69536377072,0.03287435607926667,0.15651894664442095,0.381035554596917,0.22451660795249606,4.79852464781e-07,0.583584392087,142.48985086142264,27.72458177699872,0.16288032305634603,0.16291131970806486,170.21443263842136,170.45969406396142,-0.14388235699169805,1.586522142835405,0.19312296655387806,0.024368553647414977,0.15610430374405113,0.19308828427923866,0.024371795731346027,0.15611468775021148,0.14702184297583387,0.3775274608660546,0.23050561789022073,0.2000000000000001,0.1999600315179794,136.17834932322762,34.036083315193714,-5.9824715914480464e-05,1.5032264322201172e-08,0.39545241998660363,0.3954787253495353,0.23871383299258045,40.90457741320055,24.447141695131762,15.0261186275467,66.55078565443677,27.224550267894074,36.73155259351706
57.14536377072,0.03293685607926667,0.15651402808587905,0.3804661799296021,0.22395215184372302,4.90890875993e-07,0.583119882915,143.70136986328188,28.048910619506458,0.16331216776276142,0.16334370350299204,171.75028048278836,171.9977058736354,-0.1438538901378239,1.5865221428357934,0.19312296655381386,0.02432297463050722,0.15595824643316306,0.19308813947861247,0.024326185605509566,0.15596854043527356,0.1470987809620666,0.3772197089208015,0.23012092795873487,0.2,0.19995957134303768,137.40716801940349,34.34311246338485,-5.982469143406277e-05,1.4999024244843895e-08,0.3950824191880214,0.39510849654750624,0.23831544440275276,39.66409974853352,25.21171553974252,14.929406506394221,66.9818990843141,26.198836680703874,38.1696337202837
57.59536377072,0.03299935607926666,0.15650796462869118,0.37991417140564077,0.22340620677694958,5.02230682756e-07,0.582644948081,144.9169067122904,28.3743150569849,0.16373775178735395,0.16376981010951655,173.29122176927527,173.54081830193118,-0.1438258359607647,1.5865221428356016,0.1931229665538412,0.02427777115804384,0.1558132573244133,0.19308799466168963,0.024280952054877653,0.15582346439120667,0.1471725705116352,0.37692455072266723,0.22975198021103202,0.19999999999999987,0.1999591346910607,138.64005901473428,34.651162754540984,-5.982470352439151e-05,1.501316848617762e-08,0.39471512442066636,0.39474098155059495,0.2379333585697295,38.46020251598536,26.000903130563763,14.834626048036014,67.40985561495782,25.26169048132725,39.58563266932483
58.04536377072,0.03306185607926666,0.15650082381016184,0.3793789038969287,0.22287808008676685,5.13878610373e-07,0.582159756683,146.1363515905423,28.70076569071259,0.16415716603553113,0.16418973692006725,174.8371172812549,175.08889193608698,-0.14379818847902737,1.5865221428337652,0.19312296655406616,0.024232936136376254,0.15566931661819633,0.19308785780864549,0.02423608699833015,0.15567943665857142,0.14724388283821693,0.37663930141746355,0.2293954185792466,0.19999999999999987,0.19995871306391136,139.87691231389107,34.960204967363865,-5.982481927624406e-05,1.512965308592129e-08,0.39435048552703655,0.3943761221966262,0.23756409991737804,37.29279658297809,26.814829983987835,14.742061044611164,67.83312027903598,24.48511883036806,40.841133217607016
58.49536377072,0.03312435607926666,0.15649263834770266,0.3788598384446232,0.22236720009692051,5.25841428227e-07,0.581664470379,147.3595946310187,29.028233108778497,0.16457050058805764,0.16460357047420143,176.38782773979716,176.64178730094108,-0.1437709417598021,1.5865221428335197,0.1931229665540791,0.024188459742320152,0.15552639564498416,0.19308771978201753,0.02419158158479099,0.15553643169621384,0.14731299312415777,0.3763628602737641,0.22904986714960632,0.1999999999999999,0.19995830797682865,141.11761615723904,35.27021158255816,-5.982483475275302e-05,1.5136358832990027e-08,0.3939884298798312,0.39401385378327664,0.23720624353617353,36.16137770059576,27.653813642822712,14.651470741470503,68.25253366336344,23.85371170133553,41.92219695285458
58.94536377072,0.03318685607926667,0.1564834788914658,0.3783563851646746,0.22187290627320883,5.38126001479e-07,0.581159305622,148.58652593415079,29.356687890601233,0.16497784467079069,0.16501139812668839,177.94321382475204,178.1993648800233,-0.14374408990948107,1.586522142832636,0.1931229665541807,0.024144336461183184,0.15538447947328327,0.19308759275926432,0.024147429324262094,0.15539443144547394,0.1473804773986866,0.3760929231761573,0.22871244577747069,0.19999999999999987,0.19995792150275227,142.3620586428348,35.581155181917225,-5.9824890452642165e-05,1.518898340435726e-08,0.39362891965373026,0.39365413056330784,0.23685680672064885,35.065169856306056,28.518327562590198,14.562363313225536,68.67017245008577,23.31968244308637,42.88223059814744
59.39536377072,0.03324935607926667,0.15647337259288052,0.37786803767318977,0.22139466508030925,5.50739239216e-07,0.580644462871,149.81703558443073,29.686100611325,0.16537928662678664,0.16541331206709436,179.50313619575573,179.76148513664128,-0.14371762710415625,1.5865221428319283,0.19312296655424963,0.02410055955901698,0.15524354917038252,0.19308746436683852,0.024103624427396615,0.15525342001835776,0.14744633294391088,0.37582950099560325,0.22838316805169237,0.19999999999999968,0.19995754639934102,143.61012951106562,35.89300668469006,-5.9824935061403295e-05,1.5224665972368712e-08,0.39327190688729863,0.39329691228833774,0.23651580354355034,34.00366320205536,29.40859618735298,14.475001958063851,69.0846193248984,22.928912277510182,43.613058827079634
59.84536377072,0.033311856079266663,0.15646239130561698,0.3773942375163887,0.2209318462107717,5.6368814701e-07,0.580120194692,151.05101366698815,30.01644184628674,0.1657749138916137,0.16580939480439905,181.06745551327487,181.32800853495374,-0.1436915475904854,1.5865221428324425,0.1931229665541888,0.02405712203060223,0.15510358484123515,0.19308734908712277,0.024060158871288227,0.15511337425021812,0.1475113928898633,0.3755692612114912,0.2280578683216279,0.1999999999999997,0.19995718971488227,144.86171596001597,36.20573955325891,-5.9824902642890976e-05,1.5193180047390342e-08,0.39291734118125715,0.39294214027634694,0.2361789200170407,32.97647911577431,30.324644316610794,14.389648969267984,69.49439851769164,22.617715321844216,44.213130538175925
60.29536377072,0.033374356079266664,0.1564505592811903,0.3769345006112868,0.2204839413300965,5.76979776805e-07,0.579586730502,152.28835028424325,30.347682175421117,0.16616481297097538,0.16619973906586227,182.63603245966436,182.89879556102744,-0.14366584567004903,1.5865221428330392,0.19312296655406577,0.024014015671366205,0.15496456263083572,0.1930872321554089,0.024017025431489,0.15497427345043113,0.14757528820272964,0.3753136799594105,0.22773839175668087,0.19999999999999968,0.19995684197307642,146.1167081785376,36.51932428112677,-5.982486503963713e-05,1.5129453245776858e-08,0.3925651621047309,0.39258976211265434,0.23584806701628594,31.98313313038345,31.266480238923698,14.307835194262696,69.89177513038383,22.398668943473844,44.64551007578348
60.74536377072,0.033436856079266664,0.15643794339633843,0.37648829126736183,0.2200503478710234,5.90621275966e-07,0.579044363979,153.52893557249016,30.679792187697903,0.16654906942106648,0.16658442925799838,184.20872776018808,184.473706743868,-0.143640515690302,1.58652214283307,0.19312296655404879,0.023971224413990154,0.15482643318887818,0.19308712406003936,0.023974207120974284,0.15483606531094196,0.14763891909764615,0.37505915637965903,0.22742023728201288,0.20000000000000032,0.19995650480796817,147.3749944021383,36.83373335804975,-5.982486309674684e-05,1.5120660279421827e-08,0.3922152446406803,0.3922396452874805,0.23551858318492913,31.022608121048762,32.23455604048657,14.230110033609385,70.27352547788809,22.289506635147468,44.864160358899035
61.19536377072,0.03349935607926667,0.15642457180635358,0.3760551703995214,0.21963059859316783,6.04619829985e-07,0.578493351785,154.7726597182958,31.01274248565948,0.1669277678319079,0.1669635497992364,185.78540220395527,186.05260267642296,-0.14361555206641174,1.5865221428335412,0.19312296655401945,0.023928736930701647,0.15468916229232624,0.19308701737709705,0.02393169348263228,0.15469871842595295,0.14770201598681934,0.37480676882281916,0.22710475283599982,0.19999999999999998,0.1999561782459287,148.63646320536967,37.14893899858564,-5.982483339828093e-05,1.5105472428444955e-08,0.3918675020933371,0.3918917102418486,0.23519186446090573,30.094310081715008,33.22887274320968,14.154366401619699,70.64957707224316,22.172308827006027,45.101302160377315
61.64536377072,0.033561856079266664,0.1564105014891867,0.3756346214566609,0.21922411996747418,6.18982707127e-07,0.577934000137,156.01941297512457,31.346503689653947,0.16730099181131666,0.167337190077314,187.36591666477847,187.63534403654725,-0.14359094932364647,1.5865221428328624,0.193122966554041,0.023886549943168182,0.15455274162294302,0.19308691418870813,0.023889480367107516,0.15456222166851613,0.14776480536110004,0.3745556113258048,0.22679080596470474,0.20000000000000004,0.19995585384916728,149.9010048158408,37.4649118489377,-5.982487617517407e-05,1.511661906761219e-08,0.3915219133904642,0.39154592878833266,0.23486673806403602,29.199686756719064,34.24694272687335,14.079556669433716,71.02496360350388,22.25019566870167,44.94342498779254
62.09536377072,0.033624356079266664,0.15639576967813013,0.37522618639077465,0.21883041671264453,6.33717101458e-07,0.577366576632,157.26908567993308,31.681046442407702,0.16766882397253352,0.16770543372024604,188.9501321223408,189.2217916079266,-0.1435667019519027,1.5865221428336034,0.1931229665540561,0.02384465848899709,0.1544171573660035,0.19308680829775862,0.023847563791354255,0.15442656439665506,0.14782816860270823,0.37430215835944725,0.22647398975673902,0.19999999999999998,0.19995553207795053,151.16850791761908,37.7816242047217,-5.982482947919365e-05,1.5124457242166045e-08,0.3911784435358039,0.3912022739680645,0.23453864015453652,28.341815637064904,35.28355461787065,14.006013419504901,71.39790388943872,22.171712638659884,45.10251491607112
62.54536377072,0.03368685607926667,0.1563804522930445,0.37482929516999663,0.21844884287695213,6.4883036653e-07,0.576791390183,158.5215682692151,32.01634141334504,0.16803134592315452,0.16806836245099926,190.5379096825601,190.81180630095244,-0.14354280466289948,1.5865221428339313,0.19312296655397282,0.023803057368476176,0.1542823948753589,0.1930867053770148,0.02380593762464741,0.15429172895734694,0.14789033983800595,0.3740534734178408,0.22616313357983484,0.2000000000000001,0.19995521005108205,152.4388619292897,38.099047753270405,-5.9824808806840934e-05,1.5081336179889604e-08,0.3908370554268879,0.3908607010613894,0.23421671451047885,27.5186436331476,36.33900032759788,13.933618213122326,71.76886754785814,22.42837332593568,44.58638107488704
62.99536377072,0.03374935607926667,0.15636458562378203,0.374443555969727,0.21807897034594498,6.64329816795e-07,0.576208719719,159.77675129598958,32.35235930296849,0.1683886382553417,0.1684260484394969,192.12911059895808,192.405249173541,-0.14351925208332394,1.586522142833128,0.19312296655402578,0.023761742396035693,0.15414844272984302,0.19308660647246265,0.023764598445683016,0.154157706410296,0.14795497684298206,0.3737949253981998,0.22583994855521775,0.20000000000000012,0.19995489929695948,153.71195363712903,38.41715696182906,-5.982485944411309e-05,1.5108758688597845e-08,0.3904977201309597,0.39052118742023467,0.23388202099325234,26.72469444047611,37.41857562589908,13.86266680127233,72.13619243219631,22.602862070422518,44.24218476776764
63.44536377072,0.033811856079266664,0.1563482153510027,0.37406852844185834,0.21772031309085563,6.80222937472e-07,0.57561888279,161.03452544559372,32.68907084732176,0.16874078053917074,0.16877857912211924,193.72359629291546,194.00198145189256,-0.1434960390062412,1.5865221428333496,0.19312296655393432,0.02372070668761978,0.15401528069519524,0.19308651092118653,0.023723538632751263,0.15402447413561024,0.1480179578226845,0.3735430014789331,0.2255250436562486,0.19999999999999987,0.19995458851638476,154.9876743102513,38.73592198266415,-5.982484547750744e-05,1.5061396574367336e-08,0.39016038638942396,0.3901836757425862,0.23355590245371693,25.95872910640615,38.52268714315517,13.793437306868526,72.49824519824685,22.71818484225054,44.017601183534374
63.89536377072,0.033874356079266664,0.15633136933118183,0.37370385489806845,0.21737248556688663,6.96517143153e-07,0.575022159839,162.29478155241551,33.02644682230848,0.16908785131612628,0.16912602876607277,195.32122837472397,195.6018645511814,-0.1434731601875905,1.586522142834288,0.19312296655386596,0.023679944485375477,0.15388289211402117,0.19308641585093245,0.023682752920552497,0.1538920170787052,0.14808306173313393,0.373282585836795,0.2251995241036611,0.2,0.19995428335573462,156.26591213089426,39.055316243829715,-5.9824786324824686e-05,1.5026002664342286e-08,0.38982501200480923,0.38984812789130285,0.23321879127689,25.220706976824637,39.64995909586921,13.725331434290654,72.85798560038063,23.10221433748614,43.28589395767916
64.34536377072,0.033936856079266664,0.15631409977611055,0.3733491111442569,0.21703501136814635,7.13220033822e-07,0.574418871852,163.55741061579877,33.364458047937745,0.16942992809453197,0.16946847737554557,196.9218686637365,197.20476009617212,-0.14345061057231545,1.5865221428350194,0.19312296655376612,0.023639452532085034,0.15375126839179257,0.1930863261462115,0.023642237587395525,0.1537603251407707,0.14814802312976652,0.3730227402497638,0.22487471711999726,0.19999999999999987,0.1999539819184465,157.54655689760105,39.37531176613547,-5.9824740228364703e-05,1.497431068031574e-08,0.389491575204961,0.3895145182834966,0.23288241804328805,24.511243875361583,40.79760313613412,13.658358299845414,73.21524139627513,23.029811195331128,43.421979951044136
64.79536377072,0.03399935607926667,0.1562964367400415,0.37300393280893923,0.21670749606889772,7.30339143018e-07,0.573809298479,164.82230381638794,33.70307539280396,0.16976708734700394,0.16980599805063815,198.5253792091919,198.810529941755,-0.14342838512960698,1.5865221428350937,0.19312296655371447,0.023599225084041643,0.15362039280004997,0.19308623715392043,0.02360198736853302,0.15362938315482824,0.14821253285064312,0.3727647013659984,0.22455216851535525,0.19999999999999976,0.19995368725842602,158.8294976219367,39.69588158725519,-5.982473553212131e-05,1.4947554305422273e-08,0.3891600336123817,0.38918280849730325,0.23254838360870356,23.82906744564648,41.965553300857266,13.592626998519806,73.56929606829473,23.55784869136277,42.44869780348997
65.24536377072,0.034061856079266664,0.1562784276717634,0.3726679331394002,0.21638950546763683,7.47882174037e-07,0.573193789861,166.0893525322539,34.04226977839005,0.17009940450864727,0.17013866902347188,200.13162231064396,200.4190361933952,-0.14340647885057178,1.5865221428345215,0.19312296655378736,0.023559258300360493,0.1534902547406854,0.19308615369372914,0.023561997972932465,0.15349917906273136,0.14828026743627584,0.3724937630238326,0.22421349558755674,0.19999999999999998,0.19995339542249294,160.11462489821878,40.016997412425205,-5.982477160326738e-05,1.4985301888259528e-08,0.3888303603793332,0.38885296798633123,0.23219765067010723,23.17230418659426,43.15496602959857,13.527843862166506,73.92161013897513,23.827165141287544,41.96890373111181
65.69536377072,0.034124356079266664,0.15626009475896982,0.3723407975291053,0.2160807027701355,7.6585675793e-07,0.572572642765,167.358448354812,34.38201218323966,0.17042695397611934,0.1704665642243936,201.74046053805168,202.03014122748647,-0.14338488686627127,1.586522142834677,0.19312296655371497,0.023519548233931896,0.15336084322255109,0.19308607074510334,0.023522265919821386,0.15336970339614467,0.14834609489166062,0.3722304532019319,0.22388435831027126,0.19999999999999993,0.1999531074671051,161.40182855162334,40.33863198642832,-5.98247618111003e-05,1.4947820758948183e-08,0.3885025276624066,0.38852497276484754,0.23185679294281758,22.539900328544228,44.36576850047617,13.464106646420491,74.2715448013668,23.96093642128958,41.73459594473478
66.14536377072,0.034186856079266664,0.15624148126156392,0.37202217006295796,0.21578068880139403,7.84270691025e-07,0.571946171129,168.6294831049743,34.722273647335705,0.17074980910850318,0.1707897597230918,203.35175675231002,203.64370771160688,-0.14336360429574313,1.5865221428349574,0.1931229665536971,0.023480090523965345,0.1532321458570797,0.1930859926837034,0.023482786283980837,0.1532409419312634,0.14841437563387125,0.37195733023300126,0.22354295459913,0.20000000000000004,0.19995282020112481,162.6909994968325,40.66075725547751,-5.982474412524752e-05,1.493856149892281e-08,0.38817650407816895,0.38819878680029013,0.2315032319787493,21.93107747639898,45.59739488751271,13.403284163548067,74.60858009111132,24.61210585745375,40.6304119522203
66.59536377072,0.034249356079266664,0.15622260918205463,0.37171176282531454,0.2154891536432599,8.03131714527e-07,0.571314656401,169.90234884874866,35.063025276293345,0.17106804222894081,0.17110832296722048,204.96537412504202,205.25959862466493,-0.14334262640790518,1.5865221428353564,0.19312296655364908,0.02344087032824469,0.1531041159742111,0.19308591681737844,0.02344354478723005,0.15311284984360407,0.14848363984184115,0.37168027340088,0.22319663355903885,0.2000000000000003,0.19995254024355485,163.98202690676928,40.98334721827274,-5.982471897869601e-05,1.4913692503171205e-08,0.3878521713993339,0.3878742965406938,0.23114457858156612,21.3448877114004,46.8496257052641,13.34559197641204,74.93110847143177,24.468505545495823,40.868862961027084
67.04536377072,0.034311856079266664,0.1562035168996665,0.37140924624836186,0.21520572934869536,8.22447771684e-07,0.570678408409,171.1769379132518,35.40423824561664,0.17138172462717266,0.17142232847429967,206.58117615886846,206.87767727693532,-0.14332194849130397,1.586522142835814,0.19312296655357328,0.023401882136741332,0.152976737240475,0.19308584594509423,0.023404535417888145,0.1529854091666527,0.1485509107772335,0.3714111896589331,0.2228602788816996,0.19999999999999993,0.19995226444110217,165.27480219499648,41.30637396387197,-5.982469013510183e-05,1.487443501702046e-08,0.38752948824901307,0.38755145647224964,0.23079624644542324,20.780549560721333,48.12192271806733,13.288980311213866,75.25031842782948,25.055362571310276,39.91161561337984
67.49536377072,0.03437435607926667,0.1561842226856109,0.3711143548119584,0.2149301321263475,8.42226735781e-07,0.570037694726,172.4531429022854,35.74588380486692,0.17169092656300552,0.17173184518543452,208.19902670715234,208.49780732997277,-0.14330156592370358,1.5865221428368623,0.19312296655345512,0.023363123231142473,0.15285000239169927,0.1930857762166928,0.02336575583676593,0.15285861387820424,0.14862322795258925,0.37112192095692037,0.22249869300433112,0.2000000000000001,0.19995198987069848,166.56921702791453,41.62980967923781,-5.982462406572964e-05,1.4813261728363614e-08,0.3872084362251869,0.38723025133916084,0.2304217846360641,20.237362280996788,49.413554301936685,13.232725852609626,75.57021970668198,25.852694239349425,38.680688006511026
67.94536377072,0.03443685607926667,0.1561647632574257,0.3708267810628111,0.21466201780538538,8.6247667931e-07,0.569392815152,173.7308567119053,36.087933281907574,0.1719957172709448,0.17203694395725458,209.81878999381283,210.11985281639977,-0.14328147414512937,1.5865221428371532,0.19312296655338082,0.023324592378814582,0.15272390899533242,0.19308571098069127,0.023327204392729166,0.15273246018030734,0.14869471675734036,0.3708359657375437,0.22214124898020332,0.19999999999999998,0.19995172007573192,167.8651620303412,41.95362796347165,-5.982460572484527e-05,1.4774781398330106e-08,0.38688900916557584,0.38691067152023806,0.23005161216972328,19.71479740567437,50.723321139083936,13.176813824202315,75.89088024931073,25.36986847572995,39.41683816597822
68.39536377072,0.03449935607926667,0.15614515491318615,0.370546276139772,0.21440112122658583,8.83205521276e-07,0.568745448733,175.00997254607142,36.43035808690586,0.17229616496458505,0.1723376942441786,211.44033063297732,211.74367815956185,-0.14326166864634393,1.5865221428372474,0.19312296655332947,0.02328628697646231,0.15259845011159948,0.19308564586463386,0.023288878985560202,0.15260694278295533,0.14876412349249032,0.37055833879668565,0.22179421530419532,0.1999999999999998,0.1999514543242519,169.16252902011283,42.27780161286449,-5.982459979625432e-05,1.474820265912058e-08,0.3865711894899418,0.3865927036145316,0.22969222075993634,19.210482782921527,52.054912481898604,13.121405758002075,76.21134643977847,26.29338506914324,38.03237952703001
68.84536377072,0.034561856079266665,0.15612542659941409,0.3702725926869274,0.21414716608751333,9.04421288708e-07,0.568094659918,176.2903839318324,36.77312971662695,0.17259233684327657,0.17263416184458144,213.06351364845932,213.36914819304326,-0.1432421449737431,1.5865221428384397,0.19312296655325575,0.023248204876054897,0.15247362026283398,0.19308558642282325,0.023250776859281105,0.15248205422042657,0.1488404981930001,0.37025283999427855,0.22141234180127844,0.2,0.19995118654915786,170.46121128411716,42.60230236434214,-5.982452463415555e-05,1.4710033191533967e-08,0.3862549633219444,0.3862763287094449,0.22929674889059992,18.72293067588795,53.41044184326523,13.066561956016901,76.5312255332413,27.271367687480886,36.66849464462529
69.29536377072,0.034624356079266665,0.156105588525437,0.3700055192992244,0.21389993077378738,9.26131933504e-07,0.567440396505,177.5719847345138,37.116219758389974,0.1728842990981221,0.17292641117038698,214.68820449290374,214.99612818003484,-0.1432228988204054,1.5865221428386893,0.19312296655318265,0.02321034315669735,0.1523494114090939,0.19308552813440008,0.023212895653485555,0.15235778829283902,0.14891508183354246,0.3699545054317435,0.22103942359820106,0.20000000000000007,0.19995092695475428,171.7610989982958,42.92710549460794,-5.982450890229529e-05,1.4672174586394249e-08,0.3859403102943391,0.3859615310990795,0.22891055121583564,18.253570704554214,54.783801820785825,13.012506963293523,76.84914235364955,26.605739836681074,37.58587455708748
69.74536377072,0.03468685607926667,0.15608567750958902,0.3697447818085734,0.21365910429898438,9.48345572254e-07,0.566782939694,178.8546691732071,37.45959989418211,0.17317211691898224,0.17321450484126666,216.3142690673892,216.62448383255196,-0.14320392583256902,1.586522142839375,0.19312296655313418,0.023172698401751145,0.15222581384821415,0.19308547690005795,0.023175231312949934,0.15223413320589418,0.14898752455236217,0.36966473455622106,0.2206772100038589,0.2000000000000002,0.19995067828964894,173.0620842436351,43.2521848237541,-5.9824465681312944e-05,1.464708354603772e-08,0.3856272058290422,0.3856482809054387,0.22853543933674636,17.80292141904282,56.170556307143734,12.959807095611334,77.16164234717944,27.634253810458137,36.18697312614071
70.19536377072,0.03474935607926667,0.15606570421412685,0.3694901587808462,0.21342445456671932,9.71070194251e-07,0.566122574051,180.13833183536448,37.80324190458866,0.17345585450206627,0.1734985150643972,217.94157373995316,218.25408133049078,-0.14318522184445515,1.5865221428397303,0.19312296655302588,0.023135264455576232,0.15210280883526192,0.19308542535263484,0.023137778397274128,0.15211107256631295,0.14906752487953717,0.3693447332469808,0.22027720836744363,0.2000000000000003,0.19995042439312463,174.36406357774405,43.577510162209094,-5.982444328811454e-05,1.4590995078833657e-08,0.38531560244030927,0.38533653660012285,0.22812119379815185,17.369988281299936,57.57056273184555,12.90860537191278,77.46770245032452,28.823071597947855,34.69442861430487
70.64536377072,0.034811856079266665,0.15604570071044474,0.3692414012566084,0.21319570054616369,9.94313981041e-07,0.565459571573,181.42286769204136,38.1471176729232,0.17373557505829346,0.17377850174292578,219.56998536496457,219.88478734052063,-0.14316678264264526,1.586522142839664,0.19312296655303562,0.023098037133386422,0.1519803840414493,0.1930853783447884,0.0231005321848173,0.151988592285136,0.1491462533155048,0.3690298195031592,0.21988356618765442,0.20000000000000012,0.19995017663141415,175.6669280082829,43.903057356681686,-5.982444746255311e-05,1.4596035491365456e-08,0.38500546889614423,0.38502626249216826,0.2277135341739522,16.953624201852907,58.98443825897163,12.859542645949054,77.76326324599225,28.24746193292581,35.40141066034609
71.09536377072,0.034874356079266665,0.15602567716194357,0.3689983208874285,0.21297264372548494,1.01808504229e-06,0.564794154018,182.70817211245327,38.491199189026624,0.1740113408214244,0.17405452624168394,221.1993713014799,221.51646903480287,-0.14314860412169006,1.5865221428401277,0.19312296655295427,0.02306100665473043,0.15185850866754366,0.1930853324548986,0.023063483338907814,0.15186666302684015,0.14922280737356364,0.3687236032705167,0.21950079589695304,0.20000000000000043,0.19994993533587765,176.9705713134122,44.22879998806769,-5.98244182414831e-05,1.4553913629811177e-08,0.38469672717415565,0.3847173842671366,0.22731713358256822,16.552894732194886,60.41239409654614,12.812390263563945,78.04944896533584,28.9864828286692,34.49883885225792
71.54536377072,0.034936856079266665,0.15600566074170022,0.3687606915939598,0.21275503085225958,1.04239159044e-06,0.564126571256,183.99414087841487,38.835458553348744,0.17428321305779304,0.17432665083238574,222.82959943176363,223.14899410953245,-0.1431306822795131,1.5865221428405643,0.19312296655284789,0.023024170231469646,0.15173717485003352,0.1930852911128415,0.023026628529498987,0.15174527514719852,0.14930530627258476,0.3683936076739002,0.21908830140131547,0.20000000000000004,0.19994969538104598,178.27488890350202,44.55471052826163,-5.982439073015655e-05,1.4498824363329277e-08,0.38438935735404317,0.38440987749371647,0.22688995031890963,16.167152874452892,61.85380986779595,12.766670759753742,78.32895661039896,30.376507823549012,32.92017653276004
71.99536377072,0.03499935607926667,0.1559856581560978,0.3685283413191487,0.2125426831630509,1.06724171751e-06,0.563457035262,185.28067019926993,39.179867980591425,0.17455125207441322,0.1745949385963667,224.46053817986135,224.78223080329403,-0.14311301310743207,1.5865221428404905,0.19312296655281525,0.022987520918300065,0.15161636098488865,0.1930852496214634,0.022989961352477557,0.15162440882812225,0.14938918299522605,0.36805810078317197,0.21866891778794592,0.20000000000000007,0.1999494573863925,179.5797753661404,44.88076281372091,-5.9824395370888794e-05,1.4481926768894482e-08,0.384083304707232,0.3841036919675829,0.22645563261872498,15.795970692671787,63.30728382928244,12.722544299538885,78.60063022427393,30.29199316701711,33.01202382050026
72.44536377072,0.035061856079266665,0.15596569685714748,0.3683010581347632,0.21233536127761574,1.09264354241e-06,0.56278578699,186.5676567258253,39.52439980374962,0.1748155172297239,0.17485944511264617,226.09205652957493,226.41604791522613,-0.1430955926642219,1.5865221428418756,0.19312296655273203,0.0229510550630471,0.15149605626235654,0.19308521286505403,0.022953477643709218,0.1515040515752276,0.14947090808227784,0.3677312004345473,0.21826029235226949,0.19999999999999987,0.19994922509250104,180.88512502691648,45.20693150265844,-5.982430806295014e-05,1.4438850115539026e-08,0.3837785418498342,0.3837987960372428,0.22603245619074291,15.438826431954444,64.7717625693527,12.679086564143542,78.87003491466018,30.2000591734418,33.11251790126984
72.89536377072,0.035124356079266665,0.15594578346715174,0.3680786859663247,0.21213290249917297,1.11860506628e-06,0.562113026229,187.85499756439106,39.86902647779834,0.17507606694325753,0.17512022969006594,227.72402404218937,228.0503148229902,-0.1430784171703836,1.5865221428424219,0.19312296655265546,0.022914771087483354,0.1513762566834157,0.19308517770596453,0.02291717623353387,0.15138420073948888,0.14955396712513555,0.3673989642627349,0.21784499713759933,0.2000000000000001,0.19994899891325904,182.19083340645466,45.5331906357347,-5.9824273634934144e-05,1.4399192949099415e-08,0.38347505865129783,0.3834951829920317,0.2256023724755399,15.094898513403606,66.2475470843374,12.636410414286193,79.13639769640928,31.6970676106276,31.54865971465176
73.34536377072,0.035186856079266665,0.15592593927643247,0.36786103070868503,0.21193509143225256,1.14513448556e-06,0.561438978017,189.14259029126652,40.21372058338001,0.1753329587052811,0.17537735240836366,229.3563108746465,229.6849015005324,-0.14306148281371112,1.5865221428423606,0.1931229665526076,0.02287866472969219,0.1512569493599953,0.19308514591072368,0.02288105257008953,0.1512648424786458,0.14964352117936183,0.3670407480455914,0.21739722686622956,0.19999999999999982,0.19994877238056027,183.49679807752682,45.85951279711971,-5.982427749851027e-05,1.4374412771189782e-08,0.3831728224628192,0.38319281776593794,0.22513865727954102,14.765012540924493,67.72767698153179,12.595388632305315,79.39413615512802,32.56988304637425,30.70321126349031
73.79536377072,0.03524935607926667,0.1559061774761272,0.3676479229305336,0.2117417454544064,1.17223979626e-06,0.560763823704,190.4303329661209,40.55845483073868,0.1755862490884508,0.17563086373306194,230.98878779685955,231.3196785356392,-0.14304478584543645,1.586522142842326,0.1931229665526166,0.022842729459230576,0.15113811385362255,0.1930851163359081,0.022845100212674288,0.15114595665340932,0.14973098618942643,0.3666908880053784,0.21695990181595198,0.19999999999999984,0.19994855627158462,184.80291316195408,46.18587463490549,-5.982427968564963e-05,1.4379075707893207e-08,0.3828717815084808,0.3828916493409536,0.22468575925488138,14.450616004163296,69.20120219870869,12.555492855407014,79.64641543874964,31.881084732018977,31.366561345250428
74.24536377072,0.035311856079266665,0.1558865244440026,0.36743913734289074,0.21155261289888813,1.19992901622e-06,0.560087772925,191.71812414594095,40.90320206304981,0.1758359937570888,0.1758808298853399,232.62132620899072,232.95451714727494,-0.1430283225946516,1.5865221428426497,0.19312296655257957,0.022806964090281052,0.15101974735206336,0.19308508836498722,0.022809318016809382,0.15102754059048099,0.14981644786758092,0.3663490412925741,0.2165325934249932,0.2000000000000002,0.1999483392038504,186.10907837010592,46.51224783888482,-5.9824259279750436e-05,1.4359891054027685e-08,0.3825719286641692,0.382591670944925,0.22424323457887005,14.150185088259155,70.67045369107792,12.515829393337414,79.8988200120667,32.5816566594721,30.692116439980996
74.69536377072,0.035374356079266665,0.1558669872629299,0.36723454063420896,0.21136755337127905,1.22820997788e-06,0.559410997298,193.005862898225,41.247935260290824,0.176082247479202,0.17612729937577906,234.25379815851585,234.5892892026973,-0.143012089478467,1.5865221428423915,0.19312296655259395,0.02277136723593149,0.15090184636356008,0.1930850611047245,0.022773704614539654,0.15090959086333663,0.1499073496330495,0.3659854342307739,0.2160780845977244,0.19999999999999984,0.1999481260811952,187.41519018931808,46.83860796919778,-5.982427555561998e-05,1.4367351752753166e-08,0.3822732550843627,0.3822928738975837,0.22377254086962617,13.861512297513189,72.14220054325558,12.476869704125082,80.1483083268379,33.97868885303265,29.430211516556163
75.14536377072,0.035436856079266665,0.15584758570953555,0.3670339610947544,0.21118637538521884,1.25709059014e-06,0.558733717555,194.29344881457226,41.59262754269566,0.17632506413689453,0.17637032749933662,235.88607635726788,236.2238672343466,-0.1429960829248622,1.5865221428424578,0.1931229665525723,0.022735935045562636,0.15078439921146564,0.19308503689417247,0.022738256032931205,0.1507920953927334,0.14999999513863022,0.36561485220833934,0.21561485706970912,0.20000000000000007,0.19994791655504116,188.7211468452888,47.16492951197907,-5.9824271370079174e-05,1.4356138500204452e-08,0.38197573118910594,0.3819952275990954,0.22329281799010456,13.583395261175456,73.61929626374311,12.438696690185925,80.39427481088075,34.01509730744043,29.39871054789724
75.59536377072,0.035499356079266665,0.1558283199277731,0.366837291679588,0.2110089717518149,1.28657869254e-06,0.558056121622,195.5807820235958,41.93725217427868,0.1765644967377133,0.1766099682485815,237.51803419787444,237.85812445649964,-0.14298029945467583,1.586522142842032,0.1931229665525888,0.02270066568972453,0.1506674008859399,0.1930850128322746,0.022702970692899727,0.15067505000131814,0.15009070747521905,0.3652520028620666,0.21516129538684756,0.19999999999999976,0.1999477100880849,190.026847155386,47.49118704248844,-5.982429821527191e-05,1.4364665013033573e-08,0.38167934428718303,0.38169872146714834,0.22282310515271067,13.315120004275359,75.10259011401395,12.400460816333936,80.6421644172123,33.37739922369917,29.960393058125497
76.04536377072,0.035561856079266665,0.15580920858254635,0.3666443798277296,0.21083517124518328,1.31668213894e-06,0.557378393085,196.86776320406344,42.281782566287816,0.17680059742572063,0.17684627044581078,239.14954577035124,239.49193478168516,-0.14296473559581857,1.586522142842088,0.19312296655259376,0.022665560169123786,0.15055085575686306,0.19308499281704894,0.02266784921354824,0.1505584577947989,0.1501795369174338,0.364896685093234,0.21471714817580018,0.19999999999999984,0.1999475109637304,191.33218934546278,47.81735642488845,-5.982429468476269e-05,1.4367240730450703e-08,0.38138410544862633,0.3814033633693011,0.22236314203279842,13.056703490118325,76.58901044638317,12.361856261597016,80.89399996556917,34.01877677050888,29.395530790128443
76.49536377072,0.035624356079266666,0.1557902526312533,0.36645512006646325,0.21066486743520996,1.34740858939e-06,0.556700675909,198.1542935973202,42.62619228061315,0.17703341749307303,0.177079285941698,240.78048587793336,241.12517283685366,-0.14294938801495682,1.586522142842294,0.19312296655251712,0.02263061839322776,0.15043476457663554,0.1930849740590337,0.022632891746780938,0.15044232033168373,0.150273307063514,0.36452160450852766,0.21424829744501367,0.20000000000000007,0.19994731673682292,192.63707380405208,48.14341207388126,-5.98242816951533e-05,1.43275613595506e-08,0.3810900165794601,0.3811091572536561,0.22187759571044924,12.807508514155675,78.0791985337926,12.322940317664777,81.14946386346713,34.96440811751353,28.60051274539105
76.94536377072,0.035686856079266666,0.1557714657959421,0.3662693729263725,0.21049790713043043,1.37876578099e-06,0.55602314075,199.4402750201469,42.97045503321222,0.17726300739143688,0.1773090678068204,242.41073005335917,242.75771397929645,-0.14293425335472065,1.5865221428423644,0.19312296655252373,0.022595841031054928,0.15031913062233604,0.19308495786348548,0.022598098793642295,0.1503266403324517,0.15036681381759742,0.364147577492228,0.21378076367463056,0.20000000000000012,0.19994712599704478,193.94140126834455,48.46932878501461,-5.9824277265363435e-05,1.4330980846466446e-08,0.38079708598136885,0.38081611001188775,0.22139341324494952,12.567340939703787,79.57132736334995,12.283788053696998,81.40811251615777,34.655321291781476,28.855597429914766
77.39536377072,0.035749356079266666,0.15575285073558745,0.36608704082060384,0.2103341900850164,1.41076131418e-06,0.555345925008,200.7256098769101,43.31454469731593,0.1774894167432663,0.17753566359673456,244.04015457422602,244.38943431230956,-0.14291932835246435,1.5865221428419767,0.1931229665525541,0.022561227565572363,0.1502039532288427,0.19308494345494415,0.02256347001096863,0.15021141771173266,0.1504585266856663,0.36378072602010453,0.21332219933443822,0.2,0.1999469410445312,195.245072175075,48.795082399151056,-5.982430170137221e-05,1.4346701604495138e-08,0.38050531196942766,0.38052422142773157,0.2209185196075495,12.33584038086909,81.06460274492848,12.24452476343173,81.6691557508626,34.065739371301945,29.35500648027712
77.84536377072,0.035811856079266666,0.15573441986957828,0.3659079935492692,0.2101735736796909,1.44340323891e-06,0.554669189555,202.0102011718383,43.65843530666968,0.17771269435318857,0.17775912277156433,245.66863647850795,246.02021070059425,-0.142904609781902,1.5865221428422376,0.1931229665525173,0.022526777956786245,0.1500892333140064,0.19308493193003465,0.02252900515752923,0.1500966527192703,0.15054849172550203,0.36342086586057937,0.21287237413507734,0.19999999999999984,0.19994676143684867,196.54798822802385,49.12064825048413,-5.982428525896921e-05,1.432765017739257e-08,0.3802146968687892,0.3802334921338526,0.22045267630837564,12.112620746564268,82.5585165195277,12.205433230950247,81.93072552838386,34.06422127463857,29.35631470737651
78.29536377072,0.03587435607926666,0.15571617327312495,0.3657321420404995,0.21001596876737452,1.47669964067e-06,0.553993062584,203.29395252068292,44.00210105887957,0.1779328882202432,0.17797949507539204,247.29605357956248,247.64992078539197,-0.14289009449599543,1.5865221428428393,0.19312296655242744,0.022492490101057423,0.1499749649143397,0.1930849211682763,0.022494702415031813,0.14998234034389454,0.15063980682873496,0.36305560544719806,0.2124157986184631,0.20000000000000007,0.19994658451894004,197.85005230131617,49.446001278246314,-5.982424732264846e-05,1.4281131832660776e-08,0.37992522557240344,0.37994390943566586,0.21997984231578524,11.897386268546523,84.05207475222772,12.166617156809092,82.19211528656889,34.32996270809758,29.129073296782956
78.74536377072,0.03593685607926667,0.15569812343953765,0.3655593648991717,0.20986124145963403,1.51065817489e-06,0.553317694489,204.57676816272135,44.345516318368546,0.17815004554860328,0.17819682620595495,248.9222844810899,249.278442999348,-0.14287577937857066,1.586522142843129,0.19312296655241332,0.022458363385474904,0.14986114701774741,0.19308491316445756,0.022460560875406786,0.1498684785917532,0.15073079780222703,0.36269164155315775,0.21196084375093072,0.1999999999999999,0.19994641238760932,199.1511667357681,49.7711177453218,-5.9824229059479705e-05,1.427380436069825e-08,0.3796368955163724,0.3796554682822302,0.21950868668295806,11.689827040859882,85.54446498692096,12.127924518445774,82.4543390321292,34.03292405754296,29.383311240291825
79.19536377072,0.03599935607926667,0.15568026955207134,0.36538958112826675,0.2097093115761954,1.54528652214e-06,0.552643203599,205.85855297211117,44.68865561950601,0.17836421275938819,0.17841116306063173,250.54720859161716,250.90565658109603,-0.1428616613763034,1.5865221428430565,0.1931229665523732,0.0224243965768181,0.149747776533804,0.19308490581967241,0.022426579487552785,0.149755064981298,0.15082015122233297,0.3623342278725335,0.21151407665020053,0.1999999999999997,0.19994624439334077,200.45123519048835,50.09597340112881,-5.982423363359857e-05,1.425304319013776e-08,0.3793496988718521,0.3793681623871444,0.21904601038011376,11.489503619757274,87.03596196100297,12.089210787252775,82.71838564138777,33.49290437105706,29.857070289316308
79.64536377072,0.036061856079266666,0.15566262267677558,0.3652226802798175,0.20956005760304194,1.58059201816e-06,0.551969729494,207.13921246915592,45.03149366971321,0.1785754355024671,0.17862255074008987,252.17070613886912,252.53144158956346,-0.14284773746336965,1.5865221428434177,0.19312296655232186,0.022390589880860554,0.1496348551670384,0.19308490122716088,0.02239275827002865,0.1496421005934782,0.15090790640759777,0.3619832071312172,0.2110753007236194,0.20000000000000012,0.19994608121707286,201.75016164866017,50.42054449020894,-5.982421086292433e-05,1.4226464450928233e-08,0.3790636399568534,0.37908199448873153,0.21859160981401157,11.296123625997545,88.52594333321059,12.050359036665176,82.98507927915985,30.507712697504438,32.77859634759839
80.09536377072,0.03612435607926666,0.15564518144277864,0.3650585891898919,0.20941340774711328,1.61658175748e-06,0.551297381542,208.41865283139327,45.374005352265776,0.17878375866740212,0.17883103631250324,253.79265818365909,254.1556789179881,-0.14283400468345642,1.5865221428438214,0.19312296655223712,0.022356942725741673,0.1495223820226981,0.19308489759515687,0.022359096858430273,0.14952958522790824,0.15098116428535024,0.3616901756197842,0.21070901133443398,0.2000000000000001,0.1999459252776263,203.04785031445903,50.744807869200045,-5.982418542771484e-05,1.4182566232534555e-08,0.37877871650473766,0.3787969640793632,0.21821227700261517,11.10944136088737,90.01352700961776,12.01138330307815,83.25435753463388,21.29584999832917,46.95750580880585
80.54536377072,0.03618685607926666,0.15562795526238776,0.3648972029367136,0.20926924767432586,1.65326236133e-06,0.550626290967,209.69678090429005,45.71616572934915,0.17898922639549586,0.17903666275896907,255.41294663363922,255.77825030764393,-0.14282046013112115,1.5865221428443004,0.19312296655220865,0.022323455239435727,0.14941035854128631,0.19308489601198237,0.02232559523101104,0.1494175198261939,0.15102013266767766,0.36153430209033244,0.21051416942265477,0.2,0.19994578482859357,204.34420456359254,51.068742070046675,-5.982415522964857e-05,1.4167822470767533e-08,0.3784949321646707,0.3785130735443695,0.2180104968463911,10.929061549771133,91.49916444755874,11.972299525627943,83.52614281487001,14.728898717644284,67.89373864062651
80.99536377072,0.03624935607926667,0.15561094302593834,0.3647384595973293,0.20912751657139098,1.69064083089e-06,0.549956555881,210.97350421200775,46.05795004474791,0.17919188209058404,0.17923947166499063,257.03145425675564,257.3990383612729,-0.14280710093459437,1.586522142844856,0.19312296655213698,0.022290126764512683,0.14929878353326487,0.19308489631729528,0.022292252745493624,0.1493059032506539,0.15105868069731299,0.36138010997143094,0.21032142927411795,0.20000000000000018,0.1999456503283011,205.63913298055965,51.39232127619599,-5.982412021321437e-05,1.413071881728456e-08,0.3782122839232459,0.3782303200017108,0.2178108932963783,10.754432093846694,92.98491926618466,11.93356732975314,83.79723953178434,14.334247746487252,69.76299124208035
81.44536377072,0.036311856079266666,0.1555941499419872,0.36458226513323244,0.20898811519124524,1.72872480194e-06,0.549288312799,212.24873096748476,46.39933372668129,0.17939176843076474,0.17943951065632457,258.648064694166,259.0179265562145,-0.1427939243302534,1.5865221428447929,0.1931229665520824,0.022256954873052126,0.14918764986771568,0.19308489750715724,0.022259067086155875,0.149194728747888,0.15109550417923262,0.361232816043481,0.2101373118642484,0.20000000000000007,0.19994552039911012,206.93254279866832,51.71552189549773,-5.98241241878128e-05,1.4102452539077603e-08,0.3779307537160104,0.37794868634328416,0.2176202195373918,10.586012212102116,94.46427795131224,11.89542463349434,84.06593550130754,13.890284254963396,71.99276714892795
81.89536377072,0.036374356079266666,0.155577578253855,0.36442854952955184,0.20885097127569685,1.76752143689e-06,0.548621664655,213.52237008294185,46.74029239056092,0.179588927379545,0.1796368155731398,260.26266247350276,260.6347992572321,-0.142780927485453,1.5865221428449645,0.19312296655206523,0.022223937601069194,0.14907695194452156,0.19308490016743296,0.022226036101595646,0.1490839900914771,0.15113165293952313,0.36108822100223326,0.20995656806271012,0.20000000000000012,0.1999453984348934,208.2243407275121,52.03832174599069,-5.982411337424054e-05,1.4093570754880602e-08,0.37765032735642473,0.3776681567959659,0.21743303951961282,10.423416685089384,95.9378321151156,11.857395534139659,84.33555219785096,13.459832446315533,74.29512989767848
82.34536377072,0.036436856079266666,0.1555612331371524,0.364277229366618,0.2087159962294656,1.80703755475e-06,0.547956717497,214.79433117931848,47.08080184152033,0.17978340019697045,0.1798314325781569,261.87513302083886,262.24954172903125,-0.14276810770531556,1.58652214284495,0.19312296655205527,0.022191075187152368,0.1489666915359013,0.19308490461478378,0.02219316018009746,0.14897368955657056,0.1511661550534419,0.36095021254651,0.2097840574930681,0.19999999999999993,0.19994528116305013,209.51443591937604,52.360697101462776,-5.982411428462342e-05,1.4088419320046341e-08,0.37737100933397555,0.3773887371232954,0.217254385915905,10.266020129902733,97.40873165514381,11.819488299556358,84.6060315519357,12.471147784120607,80.18508138226782
82.79536377072,0.036499356079266666,0.15554511330370804,0.3641282479327767,0.20858313462906866,1.84727956577e-06,0.54729355385,216.06452459607158,47.420838077043605,0.1799752274507741,0.18002339879525683,263.48536267311516,263.86204014846453,-0.1427554623383509,1.5865221428451395,0.19312296655198313,0.022158365634554616,0.14885686290713848,0.19308491040097,0.022160437244984676,0.14886382114195737,0.1511970619280862,0.3608265850475711,0.20962952311948488,0.19999999999999976,0.19994517697530267,210.80273520303734,52.68262747007782,-5.9824102349725905e-05,1.4051049213037459e-08,0.37709278512114874,0.3771104121226592,0.2170943486335828,10.113803093547693,98.87477447904541,11.782454550571575,84.87195903942522,11.729786391365227,85.25304439781961
83.24536377072,0.036561856079266666,0.15552922344769604,0.3639815223376764,0.20845229888998035,1.88825434118e-06,0.546632277405,217.33286140066647,47.76037728952881,0.18016444902747822,0.18021275859111668,265.0932386901953,265.47218161642314,-0.14274298870808888,1.5865221428461267,0.19312296655191488,0.022125805030972022,0.1487474538638293,0.19308491702572045,0.02212786348129961,0.14875437298210634,0.1512276280303005,0.36070432063837266,0.20947669260807217,0.19999999999999998,0.19994507319551777,212.0891516766473,53.00408701354796,-5.9824040121725375e-05,1.4015721916393886e-08,0.3768156238263777,0.3768331517356097,0.21693607588729805,9.966753676566844,100.33357223938746,11.746319952740325,85.1330462666912,10.914237231386172,91.62344365433901
83.69536377072,0.036624356079266666,0.15551356357686766,0.3638369979220827,0.20832343434521503,1.92996877884e-06,0.545972966881,218.5992533973851,48.09939586856359,0.1803511041430114,0.18039954665493443,266.6986492659487,267.07985416940517,-0.14273068428989344,1.5865221428458056,0.1931229665518983,0.022093391269363785,0.14863845824470795,0.1930849249798913,0.022095436632473243,0.1486453384148768,0.1512542215869066,0.3605979464118658,0.20934372482495922,0.2000000000000001,0.19994498414144538,213.3735920679237,53.32505719802502,-5.9824060361091114e-05,1.4007128790183287e-08,0.37653950984158874,0.37655693908522814,0.21679837317331677,9.824491347563571,101.78644009371492,11.710584588850981,85.392833501416,9.688154942308449,103.21882814166932
84.14536377072,0.036686856079266666,0.15549813752952465,0.36369460131641457,0.2081964637868899,1.97243032165e-06,0.545315716344,219.86361313652372,48.43787040353886,0.18053523135404562,0.18058380617666597,268.30148354006263,268.68494679076474,-0.1427185464918379,1.5865221428459042,0.1931229665518968,0.022061123232028426,0.14852987319737543,0.19308493428638515,0.022063155756477472,0.14853671518004385,0.15127833338786986,0.3605014992080031,0.20922316582013326,0.20000000000000018,0.19994490090685385,214.65597000048294,53.645513539579696,-5.9824054143842176e-05,1.400635163406605e-08,0.3762644359409203,0.37628176844578254,0.21667352110937493,9.686808195679566,103.23317854543792,11.67490954772531,85.65376852918195,9.169605100062475,109.05595051123704
84.59536377072,0.036749356079266667,0.15548294397225695,0.36355428232971965,0.2080713383574627,2.0156427723e-06,0.544660600057,221.12585392277595,48.77577768570056,0.18071686856808433,0.18076557287162373,269.90163160847646,270.28734942163237,-0.14270657283120824,1.5865221428460636,0.19312296655185218,0.02202900069816928,0.1484216988791372,0.1930849446789883,0.022031020587711864,0.14842850328596546,0.1513021840764618,0.36040609645341376,0.20910391237695197,0.19999999999999968,0.19994482016195522,215.93619841510136,53.96543319337513,-5.98240440963238e-05,1.3983258995153847e-08,0.37599040252286764,0.37600763983844576,0.2165500210976185,9.553878207052326,104.669536111716,11.639022014065848,85.91787168986298,8.207052769801486,121.84642015213804
85.04536377072,0.03681185607926667,0.15546798835538328,0.36341596509047525,0.20794797673509197,2.05961428934e-06,0.544007709697,222.38588982357086,49.113094710582764,0.18089605305468281,0.18094488370527848,271.49898453415364,271.88695297150775,-0.14269476086069544,1.5865221428463807,0.1931229665518134,0.021997024058976633,0.1483139375074933,0.19308495658746846,0.02199903137587994,0.14832070447472914,0.1513212390150409,0.3603298766989035,0.20900863768386257,0.19999999999999993,0.19994475470788992,217.21418666803112,54.284797866122545,-5.982402411230936e-05,1.3963163958408131e-08,0.37571741520492974,0.3757345576763743,0.21645135370988744,9.425279816905876,106.09764584456435,11.602951534600326,86.18496742126105,7.10094492757029,140.82632807323674
85.49536377072,0.03687435607926667,0.15545326742665636,0.36327960881203464,0.20782634138537828,2.10435091329e-06,0.543357109914,223.64363567735612,49.449798679994764,0.1810728214552688,0.18112177590990522,273.0934343573509,273.48364932851933,-0.14268310815893637,1.5865221428465501,0.19312296655176014,0.02196519293085048,0.14820658868906766,0.19308496943403264,0.02196718786943065,0.14821331879905617,0.1513392884908065,0.3602576787955741,0.20891839030476758,0.20000000000000012,0.19994469336968973,218.4898513634949,54.60358299385601,-5.982401343196386e-05,1.3935586018476442e-08,0.3754454729905836,0.3754625220931248,0.2163578926568403,9.300756242105015,107.51813873725098,11.566754174511463,86.4546773375372,6.876659159106063,145.41945105361248
85.94536377072,0.03693685607926667,0.155438786138499,0.36314514417276433,0.20770635803426532,2.14985891403e-06,0.542708884769,224.8990071011463,49.785867004339565,0.18124720979437894,0.1812962853456941,274.68487410548585,275.07733136934945,-0.1426716123462235,1.5865221428463554,0.19312296655176794,0.021933507395974543,0.14809965359842858,0.19308498398876173,0.02193549003643678,0.1481063470498033,0.15135715560521587,0.36018621033797493,0.20882905473275906,0.20000000000000018,0.19994463407150687,219.76310746748652,54.9217666379993,-5.9824025699928285e-05,1.3939627230286078e-08,0.3751745788553133,0.3751915350921411,0.2162653758799742,9.180250819925453,108.92948565517737,11.530499119670512,86.72651457854457,6.170495146317728,162.06154875541142
86.39536377072,0.03699935607926667,0.15542454078980703,0.3630125317160401,0.20758799092623306,2.1961444787e-06,0.542063093881,226.15192049831126,50.1212773043632,0.1814192534889391,0.18146844573026158,276.2731978026744,276.66789296882314,-0.14266027109736124,1.5865221428463172,0.19312296655173425,0.021901966693952606,0.14799313056339003,0.1930849991369128,0.02190393717642824,0.1479997877580513,0.15137150431279395,0.360128815507495,0.20875731119470103,0.20000000000000026,0.19994458748391375,221.033867235157,55.23933056751744,-5.982402810911225e-05,1.392217452433897e-08,0.3749047285630409,0.3749215929522724,0.21619107758252254,9.06329286200779,110.3351745580105,11.494220909591835,87.0002419359722,5.433919320109832,184.029232141744
86.84536377072,0.03706185607926667,0.1554105341823592,0.362881712516664,0.2074711783343048,2.2432138592e-06,0.541419811927,227.40229306569634,50.45600741335915,0.18158898735926893,0.18163829572730358,277.85830047905546,278.25522900915524,-0.14264908210823712,1.5865221428467022,0.19312296655168998,0.021870570720455486,0.1478870201216303,0.19308501536231995,0.021872529232454446,0.14789364162280422,0.15138551497851613,0.3600727728443837,0.2086872578658676,0.19999999999999998,0.1999445409633501,222.30205013691415,55.556250342141354,-5.982400383963693e-05,1.3899259521110707e-08,0.374635923475844,0.374652697444276,0.21611852968198642,8.949463628655385,111.73854003921409,11.457918576786867,87.27588639231098,5.340075329020102,187.2632759627192
87.29536377072,0.03712435607926666,0.15539676224283933,0.3627526578669886,0.2073558956241493,2.29107310943e-06,0.540779099326,228.65004280076002,50.790035378867785,0.18175644563847881,0.18180586752154795,279.4400781796278,279.8392353888569,-0.14263804311587247,1.5865221428473757,0.1931229665515939,0.02183931872594129,0.1477813206259211,0.1930850328136683,0.02184126539602531,0.14778790679898443,0.15139936450732974,0.3600173747286509,0.20861801022132118,0.1999999999999998,0.1999444962417184,223.56757251825573,55.87250566137209,-5.98239613958107e-05,1.3849499325147008e-08,0.37436815942086893,0.3743848438940949,0.21604681615584034,8.838958257785016,113.13550430213179,11.421581370521839,87.55355038496837,4.935251455297158,202.62392079874047
87.74536377072,0.03718685607926667,0.15538322859412418,0.36262530488007644,0.20724207628595226,2.33972840285e-06,0.540141030304,229.89508850821753,51.12333946454986,0.18192166198262294,0.18197119380624685,281.01842797276737,281.4198090312987,-0.14262715190979103,1.5865221428477052,0.19312296655155398,0.021808210668350723,0.14767603281626548,0.1930850515447939,0.021810145539073428,0.14768258373644952,0.15141125514025505,0.35996981219674734,0.2085585570564923,0.19999999999999998,0.19994445756088255,224.83035082714048,56.18807714562692,-5.982394062353791e-05,1.382884917688898e-08,0.3741014382727341,0.37411803344133426,0.21598524588701246,8.731913876525118,114.52243049354857,11.385208011812223,87.83326566914666,4.4994878924026995,222.24751436457495
88.19536377072,0.03724935607926667,0.15536992967779756,0.36249962204581604,0.20712969236801848,2.3891860122e-06,0.539505652058,231.13734980648866,51.45589815194729,0.1820846694805513,0.18213430904478,282.59324795843594,282.9968478929262,-0.14261640632936556,1.586522142848521,0.19312296655140743,0.02177724581034713,0.14757115507560117,0.1930850712522366,0.02177916904925558,0.1475776712421482,0.15142282476435648,0.3599235336996111,0.20850070893525463,0.20000000000000004,0.19994442045726699,226.09030477024973,56.50294318818622,-5.982388920910964e-05,1.3752954330925604e-08,0.3738357559350041,0.37385226306368785,0.21592533781675172,8.628218362238364,115.89878211433864,11.348818468064781,88.11489960950284,4.41185586009318,226.66198346264187
88.64536377072,0.03731185607926667,0.15535686906101748,0.36237554960182417,0.2070186805408067,2.43945339083e-06,0.538873029608,232.3767471341274,51.78769014209683,0.18224550066325226,0.18229524536402725,284.16443727622425,284.5702509711305,-0.14260580419822588,1.586522142848893,0.19312296655136568,0.02174642400450473,0.1474666877789853,0.19308509214282232,0.021748335673704877,0.14747316933498403,0.15143425205559488,0.3598778245344475,0.20844357247885262,0.2,0.19994438491521332,227.34735365025188,56.81708362597238,-5.982386576119936e-05,1.3731349390866399e-08,0.37357111335779536,0.3735875328090432,0.2158661667534337,8.528276327707939,117.25698858408826,11.312438736543037,88.39826878086498,4.237062635207299,236.01256013792084
89.09536377072,0.03737435607926666,0.15534404583975692,0.36225304845360223,0.20690900261384532,2.49060142415e-06,0.538243205933,233.6132017554543,52.118694357124284,0.1824041875135616,0.1824540327763997,285.73189611257857,286.1399183117684,-0.14259534342400126,1.5865221428490826,0.19312296655132075,0.02171574437796709,0.14736262883773174,0.19308511435077672,0.02171764445680832,0.14736907564617593,0.1514449046807103,0.35983521403376173,0.20839030935305142,0.19999999999999998,0.19994435350676357,228.6014168680873,57.130479244491255,-5.982385380409738e-05,1.3708079116270255e-08,0.37330750524992773,0.3733238366766676,0.21581100694850772,8.4325343005678,118.58831098174905,11.276227219122864,88.68214346586981,4.018424307968835,248.85376041970616
89.54536377072,0.03743685607926666,0.15533146524773173,0.3621320492373323,0.20680058398960055,2.54258558492e-06,0.537616243628,234.84663576639284,52.44888994175304,0.18256076147539504,0.1826107064422925,287.2955257081459,287.70575101633233,-0.14258502193207345,1.5865221428493679,0.193122966551262,0.02168520592909331,0.14725897571656985,0.19308513733442964,0.021687094630700857,0.14726538843428505,0.1514551871651291,0.35979408409579444,0.20833889693066535,0.19999999999999976,0.19994432212597646,229.8524165706046,57.44310913754126,-5.9823835829586613e-05,1.3677636800935034e-08,0.3730449251889075,0.3730611702550477,0.21575776374982325,8.34063581697193,119.89493630271585,11.240226818927631,88.96617622662926,3.9226392999061104,254.93039852630227
89.99536377072,0.037499356079266674,0.15531912426194522,0.3620125202091064,0.20669339594716118,2.59539374273e-06,0.536992185639,236.07697209972355,52.778256264788915,0.1827152534631879,0.1827652976085232,288.85522836451247,289.2676512487719,-0.1425748376906344,1.5865221428498337,0.19312296655118863,0.02165480756293091,0.1471557255526638,0.19308516049159785,0.021656685129565235,0.14716210493726037,0.15146533567163567,0.35975349006940044,0.20828815439776477,0.2000000000000001,0.19994429035161063,231.10027471481757,57.754953649694876,-5.982380646418761e-05,1.3639667173492853e-08,0.3727833659224339,0.3727995265471967,0.21570521429512746,8.252307525944392,121.17822764797658,11.20439389137865,89.25070018909827,3.8679813916446855,258.53278460959575
90.44536377072,0.03756185607926667,0.15530702861403084,0.36189439983916544,0.2065873712251346,2.64904391175e-06,0.536371085549,237.3041345303194,53.106772920431204,0.18286769387075213,0.18291783538101525,290.4109074507507,290.82552224196,-0.142564788679167,1.5865221428506207,0.1931229665510839,0.021624548525223268,0.14705287663022193,0.19308518477279218,0.021626415084199754,0.14705922305044236,0.15147532856980958,0.3597135184761823,0.20823818990637274,0.19999999999999982,0.1999442592498761,232.34491368242598,58.06599376832467,-5.982375685942287e-05,1.358544388097016e-08,0.3725228231039647,0.3725389002214698,0.2156534705876947,8.167873417616269,122.4308885398768,11.168713782860605,89.53582475491402,3.804676856253616,262.83441085314104
90.89536377072,0.03762435607926667,0.15529517766716264,0.36177765062037165,0.206482472953209,2.70352021353e-06,0.535752977362,238.5280476798265,53.43441972956203,0.18301811258032874,0.18306834719383908,291.9624674093885,292.37926830380906,-0.14255487293559632,1.5865221428501861,0.19312296655112296,0.021594427810756885,0.1469504263714702,0.19308521014797783,0.021596283348021494,0.14695673971622225,0.1514851426892521,0.3596742619986067,0.2081891193093546,0.2,0.19994423115229512,233.5862563378913,58.3762110714972,-5.982378424862489e-05,1.3605649940018338e-08,0.37226329020333404,0.37227928353215617,0.2156026526058657,8.086448006074052,123.66369007119818,11.133170445628945,89.82167342929843,3.7478565329111917,266.81917816721716
91.34536377072,0.03768685607926666,0.15528357217230893,0.361662229145508,0.20637865697319907,2.75879778864e-06,0.535137908679,239.7486370212547,53.761176740973795,0.1831665389714212,0.18321686578746169,293.5098137622285,293.9287948230332,-0.1425450885330748,1.586522142850028,0.1931229665511166,0.02156444476106991,0.14684837336882528,0.1930852364876601,0.021566289471544604,0.1468546542386199,0.15149483517174966,0.3596354920685839,0.20814065689683425,0.20000000000000023,0.1999442030959764,234.82422794869123,58.68558581353721,-5.982379421842765e-05,1.3602363679865448e-08,0.3720047636547707,0.37202067471615885,0.21555246446574708,8.007389434246274,124.8846466394111,11.097729864883272,90.10851878493784,3.702513237733942,270.08681287309383
91.79536377072,0.03774935607926666,0.15527220852306342,0.36154811167728473,0.2062759031542213,2.81494081198e-06,0.534525909767,240.96582888324681,54.08702423255804,0.1833130019296221,0.18336341844222964,295.05285311580485,295.47400827455715,-0.14253543356035348,1.5865221428500567,0.19312296655109468,0.021534598563629936,0.14674671568260034,0.19308526355600808,0.021536432531145615,0.14675296430105123,0.15150440880481916,0.35959719753619634,0.20809278873137718,0.20000000000000026,0.19994417677455328,236.0587532945821,58.99409982122279,-5.982379240876412e-05,1.3591017200553779e-08,0.37174723854454816,0.3717630679049735,0.2155028917335978,7.930720575515245,126.09194719170038,11.062362046519157,90.39660750523497,3.729932641984635,268.1013562400196
92.24536377072,0.03781185607926667,0.15526108797306654,0.3614352548899556,0.20617416691688906,2.87192671231e-06,0.533917024739,242.17955045407857,54.41194271229123,0.18345752985494237,0.1835080355905339,296.59149316636984,297.0148162245725,-0.1425259061428874,1.5865221428499245,0.19312296655110006,0.0215048887290082,0.1466454524661716,0.1930852913555394,0.021506712128996706,0.14665166936996218,0.1515142394136064,0.35955787510107373,0.20804363568746734,0.20000000000000012,0.19994414884262265,237.2897595112575,59.30173365511234,-5.9823800735436805e-05,1.3593792758115342e-08,0.3714907127279504,0.3715064617469702,0.21545198836897542,7.856477438220378,127.2835068723263,11.027061942324767,90.68598736729108,3.76809071380869,265.3863921946894
92.69536377072,0.03787435607926667,0.15525020801836603,0.36132363536312717,0.20607342734476114,2.9297710138e-06,0.533311279645,243.38972978534335,54.73591291925689,0.18360015067034113,0.183650739668801,298.1256427046003,298.55112733523987,-0.1425165044383836,1.5865221428504241,0.19312296655102681,0.02147531447926805,0.14654458188301625,0.1930853203280181,0.021477127193174392,0.1465507666072559,0.15152400700152321,0.35951880474904063,0.20799479774751742,0.19999999999999982,0.19994412597656203,238.51717164282812,59.608471061772114,-5.982376924951183e-05,1.3555867539594146e-08,0.3712351815525919,0.3712508490525185,0.215401411329042,7.784293810244584,128.46380472997328,10.99184631713256,90.97652670428435,3.7348507054488747,267.74831950874847
93.14536377072,0.03793685607926667,0.1552395677952618,0.3612132172469802,0.2059736494517184,2.98848102086e-06,0.532708711633,244.59629579533467,55.05891582459959,0.18374089183015183,0.1837915650777965,299.6552116199342,300.0828513690384,-0.1425072266386329,1.5865221428503147,0.19312296655101002,0.02144587524154789,0.14644410278856534,0.1930853498390318,0.02144767754175015,0.1464502562024053,0.15153366017779818,0.3594801920438575,0.20794653186605933,0.20000000000000012,0.1999441013331621,239.74091962278797,59.91429199714626,-5.982377614399681e-05,1.3547185595541578e-08,0.37098064211898457,0.3709962303016019,0.2153514267183801,7.714034976627808,129.63384312228646,10.956740234387743,91.26802120045693,3.7128780933404184,269.3328396086163
93.59536377072,0.03799935607926667,0.15522916374204188,0.3611039796548763,0.2058748159128344,3.04806944759e-06,0.532109343368,245.79917827224176,55.38093263230954,0.18387978032805966,0.18393053612149493,301.18011090455127,301.6098991927635,-0.142498070972652,1.586522142850427,0.1931229665509945,0.021416570111295857,0.14634401289870336,0.19308537966717382,0.02141836214449353,0.14635013544405598,0.15154330900522262,0.3594415967340826,0.20789828772886,0.20000000000000012,0.19994407740441728,240.9609314971807,60.21917940737059,-5.982376906077391e-05,1.3539147580843292e-08,0.3707270886408754,0.3707425986256614,0.2153014646262815,7.645953413778265,130.78813666297867,10.921747808344753,91.56043680444176,3.8097117362063635,262.4870513157986
94.04536377072,0.03806185607926667,0.15521899804279682,0.3609958834215298,0.20577688537873295,3.10857184675e-06,0.53151321233,246.9983078770686,55.70194478001841,0.1840168427051832,0.1840676777496282,302.70025265708705,303.1321827811722,-0.1424890356814923,1.5865221428510228,0.19312296655089242,0.021387398501174985,0.1462443110044797,0.1930854107918977,0.021389180214097206,0.14625040244080426,0.15155346087119678,0.35940098926967495,0.20784752839847817,0.1999999999999999,0.19994405446226038,242.17713685407847,60.523115803008594,-5.982373151303122e-05,1.3486278760410642e-08,0.37047451805568105,0.37048994923328404,0.2152488977759527,7.579813586378485,131.9293658879788,10.886928165554357,91.85327438495875,3.8851058289353055,257.3932459065202
94.49536377072,0.03812435607926667,0.15520906532407724,0.3608889120250461,0.20567984670096884,3.17000708283e-06,0.53092033726,248.1936161461037,56.02193393973175,0.18415210505815688,0.18420301879440323,304.21555008583545,304.6496152202775,-0.14248011904699487,1.5865221428513667,0.19312296655085717,0.021358359199394022,0.1461449937541277,0.1930854420620995,0.021360130826389746,0.14615105482475912,0.1515634967739494,0.3593608456584888,0.2077973488845394,0.19999999999999996,0.19994403145001813,243.38946657188862,60.82608351394685,-5.982370983037555e-05,1.3468026693885804e-08,0.370222921872513,0.37023827612599186,0.21519693138910426,7.515631172005037,133.05602378744962,10.85238423161349,92.14565008553184,3.8428307098889967,260.22483827524263
94.94536377072,0.03818685607926667,0.1551993676740081,0.3607830259341584,0.2055836582601503,3.23237662667e-06,0.530330749151,249.3850354933354,56.34088201838737,0.18428559304667724,0.18433658446787407,305.7259175117228,306.1621107102938,-0.14247131938012192,1.586522142851631,0.19312296655080025,0.021329451078619867,0.14604605807285545,0.19308547405718565,0.021331212757043798,0.14605208919095886,0.15157342414763028,0.359321136163481,0.2077477120158507,0.2000000000000001,0.19994400875901505,244.597851982901,61.12806552882182,-5.982369317703018e-05,1.3438561374812252e-08,0.3699722923021311,0.36998757067813953,0.21514552697089145,7.453573837949528,134.16382821735073,10.818061325476682,92.43800436266582,3.8365663561066263,260.6497339498141
95.39536377072,0.03824935607926667,0.15518990206912778,0.3606782067729331,0.20548830470380533,3.29570037273e-06,0.529744462817,250.57249921253904,56.65877115838285,0.18441733190107382,0.18446839766796777,307.2312703709219,307.66958456823295,-0.1424626350135072,1.5865221428516794,0.19312296655076117,0.021300673230940953,0.1459475016262387,0.1930855069594786,0.021302424950192918,0.14595350269929433,0.1515834227034646,0.3592811419399459,0.20769771923648134,0.19999999999999993,0.19994398839797997,245.8022248123817,61.42904555854025,-5.982369013501909e-05,1.341831090684309e-08,0.36972262343083734,0.36973782569499897,0.21509375396815753,7.39338362256347,135.25606827003455,10.784215324116877,92.72811882415658,3.9546335372033745,252.86793089485022
95.84536377072,0.03831185607926667,0.1551806689881321,0.3605744201587909,0.20539375117065878,3.36001698716e-06,0.529161502811,251.75594147882848,56.97558373818813,0.1845473464303274,0.18459848571284382,308.7315252170166,309.1719532301537,-0.14245406432749075,1.5865221428518783,0.19312296655071834,0.021272023179464902,0.14584931669179976,0.19308554074004824,0.021273765114070073,0.14585528826227068,0.15159395822356433,0.3592389998593369,0.20764504163577255,0.2,0.19994396694200023,247.00251934507213,61.729005871944494,-5.9823677589498914e-05,1.3396150855271571e-08,0.36947389569560607,0.3694890232221197,0.215039200538644,7.335057668454726,136.33157981846782,10.75093604320424,93.01515663206914,4.038700467703158,247.6043984932381
96.29536377072,0.03837435607926666,0.15517166515734485,0.36047164763834166,0.20529998248099682,3.42536607698e-06,0.528581880001,252.93529735051183,57.2913023725786,0.1846756610287998,0.18472687164948592,310.2265997230905,310.6691342530659,-0.1424456056889678,1.586522142851818,0.19312296655071218,0.021243499555279634,0.14575149932429385,0.19308557513122407,0.021245231758688275,0.14575744152079603,0.1516043881327983,0.3591972802223688,0.2075928920895705,0.20000000000000018,0.199943947082915,248.19866888434422,62.02793083874625,-5.982368139756389e-05,1.3392953412960651e-08,0.3692260991021159,0.3692411522167988,0.2149851939674521,7.278610601703755,137.38885822054047,10.718014036033443,93.30086680592585,4.000257597688513,249.98390118122254
96.74536377072,0.03843685607926667,0.15516289140987405,0.3603698549237322,0.20520696351385814,3.49180474366e-06,0.528005616529,254.11050276994322,57.60590991307835,0.18480229968402948,0.18485358025236134,311.71641268302153,312.16104631649034,-0.1424372575359767,1.5865221428518912,0.19312296655068678,0.021215101014339606,0.14565404565043708,0.1930856101784118,0.021216823592695118,0.1456599587831025,0.15161471887398875,0.35915595725748023,0.20754123838349148,0.20000000000000015,0.1999439280041781,249.3906087078068,62.32580397521473,-5.9823676779036106e-05,1.3379808372349089e-08,0.36897922383834075,0.3689942033268372,0.21493170089305658,7.22391469253795,138.42909870363846,10.68530161679366,93.58650189418519,3.9703031552009698,251.86993559673954
97.19536377072,0.03849935607926667,0.15515434408803433,0.3602690265486156,0.20511468246058126,3.55941046834e-06,0.527432720011,255.28149456481074,57.91938944815654,0.18492728598351763,0.18497863461311645,313.20088401296726,313.6476092236773,-0.1424290182908683,1.5865221428519445,0.19312296655067618,0.0211868269843839,0.14555695443496988,0.19308564563084055,0.021188540026351517,0.14556283875478493,0.15162498818842163,0.35911487999969427,0.20748989181127264,0.2000000000000001,0.19994391018199717,250.57827459095645,62.62260942201085,-5.982367341506034e-05,1.3374301666146948e-08,0.36873326677505,0.36874817327317305,0.2148785258894381,7.170921116742329,139.45209879177824,10.652843836570716,93.87164735927571,4.087875454315434,244.6258481149012
97.64536377072,0.03856185607926667,0.15514602412723946,0.3601691296868429,0.20502310555960343,3.62830452995e-06,0.526863208877,256.44821044847174,58.23172430345101,0.18505064312205946,0.1851020586624271,314.6799347519227,315.12874390248675,-0.14242088646249096,1.5865221428521543,0.19312296655061076,0.021158675894168602,0.14546022100274908,0.19308568166592555,0.021160379518570513,0.1454660768652627,0.1516359235241817,0.3590711386563273,0.20743521513214558,0.19999999999999993,0.1999438914384049,251.76160404003997,62.91833071188278,-5.982366019230412e-05,1.3340439863895881e-08,0.3684882160689013,0.3685030504773481,0.21482190219510391,7.119642244291347,140.45649566195794,10.62063695009621,94.15631140568657,4.198346991799669,238.18898293857762
98.09536377072,0.03862435607926666,0.15513792818697286,0.36007014895619843,0.20493222076922557,3.69865286366e-06,0.526297087917,257.6105890208013,58.54289804187034,0.18517239390835907,0.18522387389696168,316.1534870626716,316.6043724059285,-0.14241286051436264,1.5865221428521938,0.19312296655058622,0.021130647201142723,0.14536384420186033,0.1930857180957667,0.02113234143354919,0.14536967164284711,0.15164676033896968,0.3590277913970524,0.2073810310580827,0.19999999999999973,0.19994387457170326,252.9405339000062,63.21295316266542,-5.982365770540454e-05,1.332773891249417e-08,0.36824406880179894,0.36825883121119585,0.21476578864730803,7.069973929175464,141.44323727607085,10.5886326229522,94.44090050233432,4.162557791872473,240.23690480707126
98.54536377072,0.03868685607926666,0.15513005689736245,0.35997205399436183,0.20484199709699938,3.77071049755e-06,0.525734370537,258.7685697680207,58.852894463594,0.18529256077189268,0.1853441042026532,317.62146423161465,318.07441791237125,-0.14240493898548534,1.5865221428517773,0.19312296655060526,0.021102739601481638,0.14526782025445842,0.19308575509309428,0.02110442455900028,0.14527361962517585,0.15165750443597875,0.35898481500911184,0.20732731057313308,0.19999999999999998,0.19994385809454757,254.11500325950632,63.506460972108385,-5.9823683962179075e-05,1.333759769295284e-08,0.3680008154034877,0.3680155067036603,0.21471015519685283,7.021898482322756,142.41162878065597,10.556824294711236,94.72545645199197,4.12818979674311,242.23692447206258
98.99536377072,0.03874935607926667,0.1551224070188676,0.35987483005097776,0.20475242303211016,3.84487252958e-06,0.525175058162,259.9220930627544,59.161697606133096,0.18541116576969918,0.18546277090801352,319.0837906688875,319.5388047254173,-0.14239712041258512,1.5865221428520784,0.19312296655054378,0.021074952595807023,0.14517214814077467,0.19308579246742164,0.021076628349541424,0.14517791963498244,0.15166815752413598,0.3589422026561742,0.20727404513203823,0.2000000000000001,0.19994384287025344,255.28495136494263,63.79883930394488,-5.9823664977365354e-05,1.3305756496606591e-08,0.3677584532906308,0.3677730739724223,0.21465499299418647,6.9754232642949505,143.36047607586667,10.525340103297271,95.00880638400751,4.181740510771567,239.13487635690035
99.44536377072,0.03881185607926667,0.1551149795362256,0.3597784470230036,0.204663467486778,3.92174157471e-06,0.524619161897,261.0711001636207,59.46929174418631,0.18552823059282558,0.18557989571245664,320.5403919078071,320.99745827344844,-0.1423894033615758,1.5865221428520817,0.19312296655053673,0.02104728421647329,0.1450768217754762,0.19308583052603992,0.021048950827353793,0.14508256555270105,0.15167917349735752,0.35889813876325344,0.20721896526589592,0.19999999999999993,0.199943828058649,256.45031890234054,64.09007300546654,-5.982366476642298e-05,1.330211496508582e-08,0.36751696704751213,0.36753151751504487,0.21459795175550478,6.930467701355903,144.29040623107676,10.494309402457565,95.28973862404126,4.291800990886564,233.00241603081145
99.89536377072,0.03887435607926666,0.15510777110589513,0.3596828921913576,0.20457512108546244,4.00227508869e-06,0.524066679974,262.2155332146467,59.77566138943005,0.18564377657261943,0.18569549984504038,321.9911946040768,322.4503051088469,-0.14238178643223298,1.5865221428517988,0.19312296655054903,0.02101973329523813,0.14498183781163118,0.19308586917700132,0.02102139082377618,0.1449875540306001,0.1516903910335529,0.3588532686185338,0.2071628775849809,0.19999999999999987,0.19994381413965664,257.6110470355532,64.38014756852354,-5.9823682596604755e-05,1.3308465440786676e-08,0.3672763481954911,0.3672908288508615,0.21453986681415957,6.886970494966042,145.20172559631834,10.463610991683208,95.5693021075449,4.315176502748375,231.74023110366193
100.3453637707,0.03893685607926389,0.15510078232296368,0.3595881367182287,0.20448735439526503,4.08808084553e-06,0.523517619925,263.35533524430764,60.08079129036806,0.1857578246873012,0.18580960457551227,323.43612653467574,323.8972729068281,-0.14237426824059707,1.5865221428513196,0.19312296655059324,0.020992298517831798,0.1448871923871527,0.1930859084514895,0.02099394702906538,0.1448928812228723,0.15170152212972451,0.3588087442340689,0.20710722210434437,0.19999999999999973,0.19994380125913727,258.76707793080135,64.66904860387437,-5.9823712805773255e-05,1.3331358239554447e-08,0.3670365869509066,0.36705099823745146,0.21448222946357615,6.8449046463522905,146.09407313408065,10.433138486721708,95.84843537471524,4.283158890781286,233.47254339602404
100.7953637707,0.03899935607926389,0.15509400978343327,0.3594941685799791,0.20440015879654586,4.18182373819e-06,0.522971976513,264.49045016464,60.384666431997125,0.1858703955679386,0.18592222984688297,324.8751165966371,325.33829046427496,-0.14236684743652583,1.586522142850987,0.19312296655061556,0.020964979286195062,0.1447928841006873,0.19308594815309646,0.020966618782241805,0.14479854551148574,0.15171256788442772,0.3587645612153687,0.207051993330941,0.19999999999999984,0.19994379010747065,259.91835447269904,64.95676212393808,-5.982373376678396e-05,1.3342926763471041e-08,0.36679767976376915,0.3668120215759231,0.21442503401510393,6.804245615192877,146.96706388246002,10.402881523456022,96.12721222915381,4.252340026670961,235.16463728863008
101.2453637707,0.03906185607926389,0.1550874543724462,0.35940095993701215,0.20431350556456596,4.2881600447e-06,0.522429754293,265.62082276961667,60.68727203541458,0.18598150950461453,0.1860333979722764,326.30809480503126,326.77328769761345,-0.14235952267085406,1.586522142851208,0.19312296655055805,0.02093777435102353,0.1446989092945193,0.19308598854952363,0.020939405014703427,0.1447045438633612,0.1517235335374309,0.3587206986030676,0.2069971650656367,0.2000000000000003,0.19994377879544536,261.0648212781709,65.24327352686039,-5.982371984458723e-05,1.3313150581950595e-08,0.36655961736814274,0.36657389118270517,0.2143682533366679,6.765559886469688,147.80742714285637,10.372882346340829,96.40521955334461,4.333736882715892,230.7477419748921
101.6953637707,0.039124356079263886,0.15508111604659977,0.35930848772665,0.20422737168005026,4.41546800584e-06,0.521890947812,266.7463987335921,60.98859355743361,0.18609118645248682,0.18614312229739938,327.7349922910258,328.20219564101956,-0.1423522926412124,1.5865221428505967,0.1931229665505942,0.020910682901991086,0.1446052658169511,0.19308602994861315,0.02091230435843964,0.1446108721999824,0.15173499453091174,0.358674854629323,0.20693986009841128,0.1999999999999998,0.19994377270960906,262.20642148340346,65.52857080762233,-5.9823758369326185e-05,1.3331846737685282e-08,0.36632239431322283,0.3663365967258652,0.21430890776192182,6.728133774743496,148.62962501635516,10.343154194809255,96.68230610947028,4.43254905990844,225.603819942978
102.1453637707,0.039186856079263886,0.15507499168391548,0.3592167384099548,0.20414174672603935,4.57911625664e-06,0.521355553923,267.86712460958114,61.28861669006752,0.18619944603753125,0.18625143281967027,329.1557412996487,329.6249464439947,-0.14234515603501752,1.5865221428513776,0.1931229665504613,0.02088370363172249,0.14451194978866796,0.19308607183743812,0.020885316351374854,0.1445175295643226,0.15174646531109434,0.3586289715079287,0.20688250619683438,0.19999999999999996,0.19994376286969742,263.34310381403225,65.81263748561643,-5.9823709153139504e-05,1.3263035114619015e-08,0.36608600077170583,0.366100135781008,0.21424951151029112,6.691848467344008,149.43554159661053,10.313668994358013,96.95870601888036,4.420691294590745,226.20896447205484
102.5953637707,0.03924935607926389,0.1550690808351333,0.3591256916162482,0.2040566107811149,4.80757044517e-06,0.520823567002,268.9829478269949,61.5873273599139,0.18630630756226224,0.18635834390664816,330.5702751869088,331.0414733687007,-0.14233811159578558,1.5865221428500302,0.19312296655061498,0.02085683588638601,0.144418959580749,0.19308611452343288,0.02085843991794118,0.1444245128707076,0.15175785864410282,0.3585833981766636,0.2068255395325608,0.19999999999999984,0.1999437540644242,264.47481338392845,66.09546180298031,-5.982379407409866e-05,1.3342615901024146e-08,0.36585043261711536,0.36586450053132574,0.21419051628533298,6.657545464773997,150.20550821487285,10.28444122672609,97.23425686962054,4.393064675873611,227.63152236112677
103.0453637707,0.03931185607926389,0.15506338566201208,0.3590353176871592,0.2039719320251471,5.151962841e-06,0.520294987001,270.09381668939045,61.88471172764645,0.18641179001162944,0.18646387095554978,331.9785284170369,332.4517107869945,-0.14233115806127072,1.5865221428532355,0.19312296655020603,0.02083007829394396,0.14432629106972839,0.1930861586229504,0.020831673370348018,0.14433181690240035,0.15176918027924827,0.35853811163403465,0.20676893135478638,0.19999999999999996,0.19994374955140237,265.60149667477776,66.37703174225915,-5.9823592046814866e-05,1.3130874165767636e-08,0.3656156794036502,0.3656296777614795,0.21413189231243834,6.624593835990928,150.95265079755893,10.255560369375365,97.50807990815883,4.366690994116479,229.0063577540439
103.4953637707,0.039374356079263886,0.155057902386478,0.3589456090890551,0.20388770670257708,5.70038149404e-06,0.519769800768,271.19968037186356,62.18075618720358,0.18651591205828486,0.18656803469205632,333.3804365590671,333.85559417716576,-0.1423242942116043,1.5865221428552336,0.1931229665499569,0.02080342974449388,0.1442339410280877,0.19308620395958145,0.020805015781512448,0.14423943906405226,0.15178043106298156,0.3584931084978598,0.20671267743487826,0.20000000000000015,0.1999437474988915,266.7231027306308,66.65733382843632,-5.982346610311495e-05,1.3001866250306193e-08,0.3653817329551746,0.36539566089678255,0.2140736352123944,6.592263650765067,151.69296208047516,10.226914672764156,97.78120107554564,4.427428078319437,225.86476444346442
103.9453637707,0.039436856079263886,0.15505263125212868,0.35885655291566204,0.20380392166353337,6.58029469335e-06,0.519247996061,272.3004889182833,62.47544736512302,0.18661869206821993,0.1866708495765819,334.7759362834063,335.25306012038254,-0.14231751883335697,1.58652214285436,0.19312296655001576,0.020776889459292354,0.14414190736663768,0.19308625255135115,0.02077846607781139,0.14414737624324417,0.1517920603115536,0.35844659150386504,0.20665453119231145,0.19999999999999976,0.19994375151840116,267.83957966481677,66.93635661858947,-5.9823521159074744e-05,1.30323529745624e-08,0.365148587979234,0.3651624420526753,0.2140134184048203,6.561230164416892,152.41044361211976,10.198657460085405,98.05212145948727,4.513505264238655,221.5572911641838
104.3953637707,0.039499356079263886,0.15504757227708715,0.358768128262258,0.20372055598517086,7.92033215625e-06,0.518729569914,273.39619323831295,62.76877211969649,0.18672014810600182,0.18677234241365456,336.16496535800945,336.64404629684896,-0.14231083071554185,1.58652214285746,0.193122966549688,0.020750455542918975,0.14405018411275625,0.1930863046628753,0.020752023005590634,0.14405562469265348,0.15180374945305852,0.3583998349362053,0.20659608548314679,0.19999999999999998,0.1999437538066506,268.95088028604636,67.21408507196307,-5.982332577092464e-05,1.2862622078557706e-08,0.3649162293456378,0.3649300117362242,0.2139528914667597,6.5336880322340605,153.05291514784346,10.172383759840745,98.30537498475732,4.515926094493534,221.43852203855675
104.7937547381,0.039554688158069444,0.15504326371445448,0.35869034159663904,0.20364707788218456,9.40870504129e-06,0.518273427128,274.3619363593676,63.02730570287619,0.18680887783389521,0.18686110685190258,337.38924206224374,337.8700479716509,-0.14230498154352844,1.5865221428514908,0.19312296655042213,0.020727141376942794,0.14396923760631225,0.1930863458077771,0.020728701188682738,0.14397465467464313,0.1518140475030009,0.35835864274010737,0.20654459523710647,0.20000000000000012,0.19994375310564844,269.9303707468486,67.4588713153951,-5.9823702014405455e-05,1.324276244218936e-08,0.3647111709898142,0.3647248938195455,0.21389956767315102,6.508687320695979,153.64081123089952,10.146988470134763,98.55140793184708,4.496305601760286,222.40481154317092
105.1651992573,0.039606277674625004,0.15503939397940114,0.3586182262315564,0.20357883225215528,1.02885477186e-05,0.517850593622,275.25869146083664,63.26737089679878,0.18689069448945425,0.18694295673190284,338.52606235763545,339.0084700140635,-0.14229958809232057,1.5865221428541596,0.19312296655010633,0.02070547868283673,0.14389398417875826,0.19308638332235847,0.020707031958953438,0.14389938137098934,0.15182360898254482,0.35832039682035155,0.20649678783780673,0.19999999999999998,0.199943751609411,270.8398914322884,67.68617092534704,-5.9823533793412764e-05,1.3079248795122567e-08,0.36452053466957984,0.36453420714802953,0.2138500578710182,6.485528058680429,154.1894493327447,10.122595054878081,98.78889697539563,4.477923522372704,223.31779339324962
105.5493804197,0.03965963616940278,0.15503554337060751,0.3585440574009536,0.20350851403034606,1.13044277421e-05,0.517415713847,276.1824446045952,63.514663582627314,0.18697440175917393,0.18702669445747827,339.69710818722257,340.1811658134939,-0.1422940700182007,1.5865221428562166,0.1931229665498379,0.0206831493276707,0.14381637364247057,0.19308642603432968,0.020684695529380757,0.14382174915283416,0.1518334560337089,0.35828100861435375,0.20644755258064484,0.19999999999999976,0.19994375386155055,271.776793200356,67.92031498686653,-5.982340414156795e-05,1.2940248872439497e-08,0.36432392718563916,0.3643375447383324,0.21379906936556198,6.463109424698912,154.72428738069613,10.098337518803115,99.02620091059534,4.459718141552273,224.22941725459242
105.9609407409,0.039716797325125,0.1550315919359243,0.3584650596302969,0.2034334676943726,1.23859007234e-05,0.516952536318,277.16776615117664,63.77843839446574,0.18706305435914522,0.1871153702047986,340.94620454564233,341.4320221126593,-0.14228822592879942,1.5865221428565286,0.19312296654983513,0.020659312916903746,0.14373347876157366,0.19308647776170618,0.020660850631827737,0.1437388278504724,0.15184395986192964,0.3582389933014581,0.20639503343952845,0.20000000000000004,0.19994376521035778,272.7761366746058,68.17006787103654,-5.982338447951818e-05,1.2938805582507484e-08,0.36411393309534856,0.3641274837156641,0.21374468003832509,6.440294662984496,155.2723985980775,10.073283951551018,99.27249195095176,4.514934044447238,221.48717792009953
106.4030809388,0.03977820568594445,0.15502754299959698,0.35838071264412813,0.20335316964453115,1.34879663514e-05,0.51645798539,278.2213462089069,64.06048630300916,0.1871571325678788,0.18720947190472673,342.281832511916,342.769531940176,-0.1422820241634315,1.5865221428581693,0.19312296654961586,0.020633801029838535,0.14364470414825092,0.1930865391288568,0.020635329385450055,0.14365002396606155,0.15185555377824014,0.3581926176351187,0.20633706385687858,0.20000000000000018,0.19994377894647974,273.8447094547575,68.43712305715854,-5.982328106224344e-05,1.2825274176009316e-08,0.3638890441279732,0.36390252059708117,0.21368464618145863,6.417338603441137,155.82783795509482,10.047522303735153,99.52702465047042,4.585640657481425,218.0720371903783
106.8530809388,0.03984070568594445,0.15502362614102053,0.35829539558790124,0.20327176944688072,1.44632948731e-05,0.51595784903,279.2883447778797,64.34612640468518,0.1872516636158414,0.1873040218845678,343.6344711825649,344.124076439701,-0.14227579255761125,1.5865221428582208,0.19312296654961073,0.02060793637278273,0.14355464594635287,0.19308660313608478,0.02060945476421805,0.14355993439751236,0.15186740789878175,0.358145201152926,0.20627779325414422,0.20000000000000037,0.19994379721081676,274.92689016179185,68.707581020773,-5.982327782039221e-05,1.2822609640750215e-08,0.36366090350003366,0.363674300509333,0.2136232649756902,6.395117137186895,156.36930153868664,10.021276469995946,99.7876870271003,4.588479386786554,217.93712376254763
107.3030809388,0.039903205685944444,0.15501991379072977,0.35821058997419697,0.2031906761834672,1.49069265205e-05,0.515460965789,280.3499425472008,64.6303206890865,0.18734498050057796,0.18739735785631287,344.9802632362873,345.4717646755866,-0.14226964098233985,1.5865221428556253,0.19312296654995414,0.020582171474912238,0.1434648788899647,0.19308666705822075,0.02058368011951566,0.1434701366818742,0.1518792163260914,0.3580979674454061,0.20621875111931473,0.1999999999999999,0.19994381499024158,276.00359330848624,68.97666992780107,-5.9823441411754885e-05,1.3000445164834673e-08,0.3634335004186812,0.3634468197602013,0.21356212037347957,6.374115609205985,156.88450936718556,9.995527171336917,100.0447483017795,4.572589785244151,218.69444821554345
107.7437997238,0.039964416628305556,0.15501647315172318,0.35812801626346674,0.20311154311174356,1.54356425067e-05,0.514977485128,281.38436892947436,64.9072410764285,0.18743521125251086,0.18748760850188162,346.29161000590284,346.7849590951167,-0.1422636928952059,1.5865221428527385,0.19312296655030578,0.020557033604581644,0.14337724228266369,0.19308672814269637,0.020558532855950384,0.1433824705323157,0.15189073871928108,0.3580518778744061,0.20616113915512504,0.19999999999999996,0.1999438307169439,277.0527389561846,69.2388710497182,-5.982362336620639e-05,1.3182521740873199e-08,0.36321149431375394,0.3632247388171246,0.21350245686972713,6.3549730052899305,157.35708069374834,9.97098791064203,100.29096504396526,4.5584889564426065,219.37093838665098
108.1551385177,0.04002154701634722,0.15501343437185106,0.3580513572429728,0.20303792287112177,1.60237914566e-05,0.514529072798,282.34509094582967,65.16443048831636,0.18751840300486614,0.187570822976885,347.50952143414605,348.0045865254812,-0.14225820880062745,1.586522142854301,0.19312296655009373,0.020533655644781726,0.143295693043377,0.19308678141806884,0.020535146857268836,0.14330089621934972,0.15190145958252335,0.358008994420375,0.20610753483785163,0.20000000000000026,0.19994384103597923,278.0271329220279,69.4823885121181,-5.9823524878321876e-05,1.307272068373777e-08,0.36300490908035216,0.3630180900656332,0.21344694372363376,6.33744653192102,157.79225827990976,9.947233492899725,100.53046414501016,4.545771492512075,219.98466083199048
108.555876717,0.04007720509958333,0.15501063625914147,0.35797704896206417,0.2029664127029227,1.66853286432e-05,0.514094861003,283.2766172091887,65.41380407167355,0.18759851168662936,0.18765095173705118,348.6904212808622,349.18715022572417,-0.14225292784709742,1.5865221428568854,0.1931229665497884,0.02051095807816032,0.14321647278913247,0.1930868332045841,0.020512441523224706,0.14322165172635284,0.1519118735012755,0.35796733874383996,0.20605546524256446,0.20000000000000018,0.19994385277370344,278.97191502468087,69.71850625618134,-5.9823361986399703e-05,1.2914602720570656e-08,0.3628042237661002,0.36281734334837673,0.21339301995037763,6.321147944364985,158.1991133258405,9.924040502210058,100.76540898611836,4.5740535989646265,218.62446041873187
108.9645424018,0.04013396422247223,0.15500795053444485,0.3579016447326332,0.20289369419818834,1.74337297582e-05,0.513654716164,284.2220313717733,65.66689550531888,0.1876792617915174,0.1877317156114836,349.8889268770922,350.3873444818504,-0.14224760471736042,1.5865221428587333,0.1931229665495715,0.020487890676807334,0.14313591679521717,0.19308688928371456,0.020489365710174054,0.1431410692644639,0.1519226503281436,0.3579242314352835,0.20600158110713992,0.2,0.19994387104158598,279.93078040269995,69.95814647439224,-5.982324551290219e-05,1.2802314763860068e-08,0.3626001546791232,0.36261320721120327,0.21333721702191796,6.3053115196606475,158.59644632654408,9.90067132339527,101.00325193474524,4.6321592493062855,215.88204251608155
109.3904423948,0.04019311699927778,0.15500532954281934,0.357823456278973,0.20281812673615365,1.82729194863e-05,0.513198815693,285.20240555866866,65.92934588769937,0.18776241572038363,0.18781488385989623,351.131751446368,351.6319201551024,-0.14224212310240958,1.5865221428645184,0.19312296654889066,0.020463935081079833,0.1430522110317762,0.19308695097068235,0.020465401335984956,0.14305733583422053,0.1519339947192489,0.3578788538674597,0.2059448591482108,0.20000000000000012,0.19994389024181067,280.9251030747607,70.20664837160736,-5.982288087125198e-05,1.2449752340160103e-08,0.3623881064144333,0.36240108885937483,0.2132784752161661,6.289752451236929,158.988769073629,9.876824477654639,101.24711664790676,4.650480691244414,215.0315346718302
109.829766747,0.04025413427041667,0.15500281546925745,0.3577432124686861,0.20274039699942867,1.91927246145e-05,0.512731501767,286.2083957212237,66.19865377681934,0.1878471326584145,0.18789961327163707,352.407049498043,352.9090150648825,-0.142236538431062,1.5865221428678364,0.1931229665484792,0.020439314262651942,0.14296612977433482,0.19308701771962863,0.020440771255352146,0.14297122527051428,0.15194566862899075,0.35783215822643266,0.2058864895974419,0.20000000000000015,0.19994391220061214,281.94540533432956,70.4616441637135,-5.9822671738540834e-05,1.2236722746195028e-08,0.3621700404114197,0.3621829486160419,0.21321802714847202,6.275411672073018,159.3520954888463,9.8531488632397,101.49039803212733,4.641720664615466,215.4373501238776
110.2548506092,0.040313173695722224,0.15500056150444672,0.3576659415577412,0.20266538005329446,2.01388402602e-05,0.512282182594,287.176634868704,66.45785555702228,0.18792809343063893,0.18798058894135378,353.6344904257263,354.13818542139666,-0.14223120138003864,1.586522142865411,0.193122966548783,0.020415577236328024,0.1428830893994388,0.19308707998225835,0.02041702568561444,0.14288815796144352,0.15195694168858856,0.35778706598956056,0.205830124300972,0.19999999999999998,0.199943930320171,282.9274205132357,70.7070699124906,-5.9822824605149094e-05,1.239401914432392e-08,0.36195967774734433,0.3619725177207626,0.21315965470579035,6.262115373793072,159.69044648793857,9.829640281983108,101.7331226080485,4.63406811477042,215.79311637924462
110.667148162,0.04037043724472222,0.15499854236858357,0.35759133675716037,0.2025927943885768,2.11078190906e-05,0.511849062112,288.1108880347915,66.7079591439449,0.18800568141844345,0.1880581913536799,354.81884717873646,355.3242108990229,-0.14222608670763082,1.5865221428686809,0.19312296654836492,0.02039263452943791,0.14280278193872104,0.19308713872807456,0.020394074929465433,0.14280782516888013,0.15196785539735552,0.3577434111524034,0.20577555575504786,0.19999999999999987,0.19994394752639594,283.87496621705486,70.94388096168157,-5.982261851444903e-05,1.2177525654522015e-08,0.3617562382589886,0.3617690140603154,0.21310314299524025,6.249617835515878,160.00978400904967,9.80665387429711,101.97158101204778,4.62691655130053,216.12665560586365
111.0761602396,0.04042724447772222,0.1549967019396646,0.3575176535755338,0.20252095163586917,2.21060790518e-05,0.511421993015,289.0329378430633,66.95479583954365,0.18808174974714015,0.18813427370601749,355.987733682607,356.4947443302361,-0.14222107217363167,1.5865221428716576,0.19312296654798697,0.02036995241346462,0.14272334221655764,0.1930871968837949,0.02037138495504122,0.1427283607242836,0.15197866321783504,0.3577001798685953,0.20572151665076027,0.19999999999999996,0.19994396462441452,284.81013485244625,71.17759883016066,-5.982243088675787e-05,1.1981815539741092e-08,0.3615549969759546,0.3615677101489888,0.21304717957953678,6.237996953358231,160.30786925306995,9.784043026472958,102.20723654774127,4.620433905561313,216.42988958166148
111.4892380565,0.0404846163967361,0.15499500835815486,0.3574435575658719,0.20244854920771707,2.31353159871e-05,0.51099328222,289.95931521430333,67.20279104235316,0.1881576736868644,0.18821021052844528,357.1621062566565,357.6707715613284,-0.14221606715344448,1.586522142869633,0.19312296654826785,0.02034712279107019,0.14264334120830943,0.1930872564183595,0.020348547386059512,0.14264833467678306,0.1519895613474343,0.3576565873516032,0.20566702600416892,0.19999999999999996,0.1999439828463715,285.7496922099017,71.41241404675483,-5.982255849579232e-05,1.212727696042748e-08,0.36135233381065845,0.36136498355281543,0.21299074854228434,6.226930287385847,160.59277265810118,9.761428079498755,102.44402682228743,4.649291205403965,215.0865488566687
111.9099404375,0.04054304728298611,0.1549934541391543,0.3573684213685129,0.20237496722935858,2.41936144593e-05,0.510559311674,290.89776620987504,67.45401840628287,0.18823407975639084,0.18828662515737393,358.35178461615794,358.86212614328554,-0.14221103035091387,1.5865221428690133,0.19312296654833527,0.020323952012771006,0.14256209879477436,0.19308731986130243,0.020325368155413984,0.14256706546539416,0.15200080938846777,0.35761159518780583,0.20561078579933806,0.2,0.1999440057820174,286.7014933208686,71.65029129528935,-5.982259755343833e-05,1.2162182372321695e-08,0.3611465258459359,0.3611591077022249,0.21293250564570618,6.216211951123864,160.8696755938646,9.738701007440312,102.68309903302357,4.697630427666625,212.87328056087912
112.3379223002,0.04060248920836111,0.15499204967765595,0.3572923146347308,0.20230026495707487,2.52769466817e-05,0.510120550435,291.8472227588724,67.70819200415174,0.18831086732145827,0.18836341731440057,359.5554147630242,360.0674521702908,-0.1422059684040633,1.5865221428698257,0.1931229665482337,0.02030046230768061,0.14247969086041914,0.1930873880310834,0.02030186963295863,0.14248462946212348,0.15201233155130786,0.3575655065359375,0.20555317498462963,0.20000000000000007,0.19994403321252385,287.66445497190324,71.8909597911209,-5.982254634995243e-05,1.2109580005414955e-08,0.36093776531669197,0.36095027606718644,0.21287284333236758,6.206141716271291,161.13070659959237,9.716021269821525,102.9227882719908,4.713332196589171,212.16412471916482
112.7698851759,0.040662484052208334,0.15499080908052973,0.35721582316500766,0.20222501408447793,2.63810367812e-05,0.509680465225,292.8001302728215,67.96328944016886,0.18838741880825358,0.18843997364442278,360.7634197129903,361.27715916459806,-0.1422009220831133,1.586522142874013,0.1931229665477319,0.020276836840774318,0.1423967585332416,0.19308745750236714,0.02027823536561431,0.1424016691110547,0.15202395239287764,0.3575190231671478,0.20549507077427015,0.20000000000000012,0.1999440604801502,288.63091670287037,72.13250301011995,-5.982228241663279e-05,1.1849743408731683e-08,0.3607276763653248,0.3607401161240828,0.21281267005375132,6.196568415452974,161.37964320803826,9.693359897748131,103.16340366484386,4.7112243933643665,212.2590470130171
113.2009502899,0.04072235420693056,0.1549897480484591,0.3571398099357535,0.2021500618872944,2.75013901165e-05,0.509244033138,293.7456395519315,68.21640633691013,0.18846287093277,0.18851542710271998,361.9620458888416,362.477474170058,-0.14219594814726122,1.5865221428749214,0.19312296654760722,0.020253343082597214,0.14231424061771616,0.19308752907097587,0.020254732615162786,0.1423191224507894,0.15203554062075822,0.35747267025500284,0.20543712963424463,0.19999999999999996,0.19994409092019574,289.58987367598303,72.37217221285862,-5.982222516243141e-05,1.1785195042079977e-08,0.36051863722544125,0.3605310041663673,0.21275266565234,6.187555642381363,161.6147082622657,9.671054338373022,103.40134229544942,4.70962044769513,212.33133563648343
113.6225412483,0.04078090850670833,0.15498887705834433,0.3570657634433422,0.20207688638499785,2.86207898418e-05,0.508819825436,294.6651056842822,68.46255137137898,0.18853576708117514,0.1885883261898216,363.12765705566113,363.6447276493884,-0.1421911427314404,1.5865221428747014,0.19312296654763772,0.020230444303995343,0.14223376639882437,0.1930875978423154,0.02023182530032698,0.14223862098715306,0.15204686832880165,0.3574273594229825,0.20538049109418083,0.20000000000000026,0.1999441187788443,290.52241766144056,72.60523939422056,-5.9822239029116986e-05,1.1800982413490146e-08,0.36031477529566724,0.36032707321863605,0.2126940102359667,6.1794093467307105,161.82776441717067,9.649606401216483,103.6311698551699,4.708761834707406,212.37005291479946
114.0198623935,0.04083609199909723,0.15498820613527678,0.3569962403309446,0.20200803419566785,2.96907961019e-05,0.508422415631,295.5268541412395,68.69324513613245,0.18860366375283172,0.1886562256900198,364.2200992773719,364.73870909073247,-0.14218666690284376,1.5865221428769773,0.19312296654736497,0.020208934741898256,0.1421581328728619,0.19308766149208698,0.02021030796011842,0.1421629626876087,0.15205753968240138,0.3573846740072186,0.2053271343248172,0.20000000000000004,0.19994414476557917,291.3964230209234,72.82367625644846,-5.9822095577199974e-05,1.1659739840297334e-08,0.36012317608823585,0.36013541125333914,0.21263875345286756,6.171935080075775,162.02373923669376,9.628459434548656,103.85877479130451,4.708253906677268,212.39296346821806
114.4111904263,0.040890443114763884,0.15498768888739353,0.35692800928238466,0.20194032039499113,3.07383493832e-05,0.508033251106,296.37104288866317,68.91923809120027,0.1886697831278994,0.18872234598001433,365.2902809798634,365.81039864833997,-0.1421823082116802,1.5865221428790526,0.19312296654711966,0.020187817219267087,0.14208383869837937,0.19308772534109495,0.02018918276858995,0.14208864405219,0.15206804649856945,0.35734264674132055,0.2052746002427511,0.20000000000000007,0.19994417205320322,292.25261819026264,73.03766278960076,-5.982196477072321e-05,1.1532730326280216e-08,0.35993496980317286,0.35994714300242264,0.2125843486526396,6.165372013160632,162.19621425364036,9.607677301940816,104.08342917574815,4.708299797499491,212.39089331802649
114.8111069146,0.04094598707147223,0.15498730920739232,0.3568585204278383,0.20187121122044596,3.1732669175e-05,0.507637823792,297.2290614865535,69.14893335663962,0.18873658988781467,0.18878915091917975,366.37799484319316,366.8996450692028,-0.14217790423625143,1.5865221428789673,0.1931229665471279,0.020166305110149496,0.14200811635307856,0.19308779320966177,0.020167662618739264,0.14201289595927288,0.1520787822159728,0.3572997038717485,0.20522092165577568,0.2000000000000001,0.19994420248567954,293.1228388559685,73.25515598722467,-5.982197014420265e-05,1.1536993582694777e-08,0.35974314559347415,0.3597552535673783,0.21252875859212908,6.159350332833063,162.35478515800523,9.586728239576132,104.31087384659337,4.7591062089378,210.12348875970835
115.2256442292,0.041003561698499995,0.1549870741853223,0.35678674429387003,0.20179967010854774,3.24454981534e-05,0.507230325963,298.1134148749915,69.38567855869535,0.18880503325980474,0.18885758762726673,367.4990934336869,368.02232325521345,-0.14217339233624227,1.5865221428753797,0.19312296654757302,0.020144079830086536,0.14192984122476335,0.19308786761198388,0.020145428585421003,0.1419345926313279,0.1520901421943193,0.3572542639605876,0.20516412176626833,0.2000000000000003,0.19994423882869847,294.0197669268516,73.47932650683526,-5.982219627442831e-05,1.176747588260696e-08,0.35954485452670276,0.3595568910636794,0.2124699360807215,6.153750012782797,162.5025387646172,9.565427493712152,104.54315822866793,4.812661190774894,207.7852481942508
115.6516578697,0.041062730259680554,0.15498699769481314,0.35671323502368757,0.20172623732887443,3.32156185989e-05,0.506814042057,299.01688853904983,69.62754234066392,0.1888745265309133,0.1889270724824849,368.64443087971375,369.1692744485222,-0.14216881120252545,1.5865221428722904,0.1931229665479497,0.020121316002696628,0.14184962461246287,0.19308794525916678,0.020122655658423097,0.141854346632111,0.15210183622641543,0.3572074878340873,0.20510565160767186,0.19999999999999993,0.19994427743292156,294.93608651779874,73.70834436191497,-5.9822390996444597e-05,1.1962519863573107e-08,0.35934164518079414,0.3593536072731402,0.21240938382259436,6.14921488424585,162.62238656872725,9.544426746824042,104.77318612485084,4.820533767810593,207.44590706480696
116.0727889185,0.041121220683125,0.1549870813205976,0.35664080007826315,0.20165371875766555,3.40112786809e-05,0.506404995015,299.90464124689845,69.86519755513129,0.18894239124932052,0.1889949335616949,369.7698388020297,370.2962680383378,-0.14216433751732538,1.5865221428808927,0.19312296654689504,0.020098887497403316,0.14177054523914095,0.19308801714698903,0.02010021864534161,0.14177523988814694,0.15211340855565475,0.3571611985118542,0.20504778995619943,0.20000000000000007,0.19994431030708668,295.83646341039525,73.93337539163444,-5.982184878572383e-05,1.1416423362220485e-08,0.3591413167542157,0.35915320950967344,0.21234946174029248,6.1457159898744855,162.71497115186787,9.523892004954156,104.99909065325585,4.8271778940355645,207.16037857970693
116.4819437293,0.04117804774018055,0.15498731574947291,0.3565706386308656,0.20158332288139266,3.48121032224e-05,0.506009920119,300.7620164785075,70.09472058867071,0.18900754275895365,0.1890600829101973,370.85673706717824,371.38469771165484,-0.14216004259994808,1.5865221428815979,0.19312296654683067,0.020077167182852337,0.14169392076886128,0.19308808426846982,0.020078490362059276,0.1416985898379348,0.15212466461096671,0.3571161742902861,0.20499150967931937,0.2000000000000001,0.19994434044465215,296.7060313748255,74.15070569235273,-5.9821804343496154e-05,1.1383094467021238e-08,0.35894720722952267,0.35895903518442107,0.2122911773447151,6.1429618449384025,162.7879230316182,9.503886329783425,105.2201136777262,4.834257943975184,206.85698024166774
116.8819713451,0.04123360713126389,0.1549876899345919,0.3565022379022626,0.2015145479676707,3.56165907756e-05,0.505625880902,301.59535689063125,70.3178093977554,0.189070502933553,0.18912304369631194,371.91316628838666,372.4426154110448,-0.14215589214295887,1.5865221428828178,0.1931229665466925,0.020055997758403672,0.14161919982263588,0.19308814686726697,0.020057313523801926,0.14162384518082372,0.1521356832051132,0.35707209991301136,0.20493641670789817,0.2,0.19994436677967864,297.5512237578299,74.3619425305568,-5.982172744944947e-05,1.1311551695314392e-08,0.3587579198216817,0.35876968771079787,0.21223412253408064,6.140699319354581,162.8479018420829,9.484345968354106,105.43689605341737,4.841487830910743,206.54807673282696
117.2801769357,0.04128891346329167,0.1549882065349951,0.356434339591292,0.2014461330562969,3.64339745482e-05,0.505245753641,302.4200626782183,70.53858668074169,0.1891324595956768,0.18918499983241902,372.95864935896003,373.4895715373255,-0.1421518079287032,1.58652214288383,0.19312296654654515,0.020034989711709063,0.14154500949065305,0.19308820915597052,0.02003629814112573,0.14154963137050455,0.15214666475138686,0.35702817372717816,0.2048815089757913,0.19999999999999973,0.19994439383402138,298.38765828772745,74.57099107123258,-5.9821663644932244e-05,1.1235234964601659e-08,0.3585699765964243,0.3585816850088656,0.2121772595590602,6.138841446706691,162.89718649379202,9.465005305845358,105.65234436608549,4.848841412175012,206.23483323028228
117.683297439,0.041344902422083336,0.15498887596499455,0.3563657913504107,0.20137691538541613,3.72741994119e-05,0.504863106695,303.25001160641324,70.76076757501608,0.18919446046417465,0.18924699914943383,374.0107791814293,374.5431837801766,-0.14214772069106596,1.5865221428850234,0.19312296654640504,0.020013787840408075,0.14147009521594334,0.19308827282127825,0.02001508881507158,0.14147469319659817,0.1521577961568598,0.35698364810458677,0.20482585194772698,0.19999999999999998,0.19994442197344967,299.22941012615894,74.7813690552704,-5.9821588427322325e-05,1.1162692992172651e-08,0.35838019943772365,0.35839184730734236,0.2121196206059457,6.1376672652612045,162.92834993840975,9.445783210962503,105.8673460597136,4.856898696987576,205.89270281058901
118.0940744906,0.041401954790361115,0.15498970905239373,0.35629612523057536,0.20130641617818162,3.81400227981e-05,0.504475412098,304.09059675553766,70.98579583132303,0.1892569013521267,0.18930943854805657,375.07639258686066,375.61029860422553,-0.14214360451479946,1.5865221428856382,0.19312296654635625,0.01999225008750332,0.14139395350404246,0.19308833760057828,0.01999354345961777,0.14139852707725697,0.15216915580670604,0.35693820950495697,0.20476905369825094,0.19999999999999984,0.19994445017570295,300.0819494971947,74.99444308966596,-5.9821549669436536e-05,1.1137424316132183e-08,0.35818731286438166,0.35819889890366574,0.2120607997929703,6.137261333497068,162.93912637254292,9.426584570342355,106.08296064580705,4.8866025922577,204.64115530581375
118.5106245311,0.04145980896265278,0.1549907115879931,0.35622566372614634,0.20123495213815323,3.90249180163e-05,0.504084528651,304.9376913512527,71.21256669445265,0.18931946787552045,0.18937200010758154,376.15025804570536,376.6856771085155,-0.14213948003548582,1.5865221428835128,0.19312296654658126,0.01997047785148008,0.14131694113403417,0.19308840564474428,0.0199717633161009,0.14132148922262636,0.152180791750032,0.3568916657327791,0.2047108739827471,0.19999999999999982,0.19994448203461013,300.94108953357187,75.20916851213349,-5.982168364004892e-05,1.125395332479684e-08,0.35799222068973785,0.35800374216990777,0.21200054832050097,6.137555619407166,162.93131370377563,9.407427773884802,106.29898246745184,4.958004803277044,201.69403614515255
118.9278997812,0.04151776385849999,0.15499187353424734,0.35615525505198414,0.2011633815177368,3.99159448279e-05,0.503695224817,305.7808868758507,71.43829375951155,0.18938139264070766,0.18943391864257184,377.2191806353622,377.7561057791695,-0.1421353978381945,1.5865221428815932,0.19312296654683644,0.019948735780813624,0.14123999355994613,0.19308847487439015,0.019950013294391764,0.1412445159798842,0.1521926639950741,0.3568441767538857,0.20465151275881158,0.19999999999999996,0.19994451504722952,301.7962744967115,75.42290613865077,-5.982180463215414e-05,1.1386069864727233e-08,0.357797292659854,0.3578087491147098,0.21193907326654576,6.138572072584615,162.90433478269077,9.388485177021298,106.51345570077065,5.010849231692564,199.56697034011938
119.3411017427,0.04157515301981944,0.15499317653827416,0.35608569514048755,0.2010925186022134,4.08013149678e-05,0.503311934755,306.6105332065731,71.66039364713441,0.1894419807601242,0.1894945020017368,378.2709268537075,378.8093338777181,-0.1421314038118071,1.5865221428892562,0.1931229665458819,0.019927272356440595,0.14116399100493227,0.1930885415783196,0.01992854219377522,0.14116848867142845,0.15220444832981672,0.3567970394101425,0.2045925910803258,0.1999999999999999,0.1999445458934668,302.6377181592422,75.63320869446535,-5.982132162962728e-05,1.0891820778624606e-08,0.35760475860675917,0.3576161523547692,0.21187805341008223,6.140088777287473,162.86409468525196,9.369770326379374,106.7262019416452,5.024165074983071,199.03804613811766
119.749303041,0.04163184764458334,0.15499461213228338,0.35601713114605793,0.20102251901377455,4.16785699886e-05,0.502935429094,307.42492530696717,71.8784099117374,0.18950112808866454,0.18955364485942175,379.3033352187046,379.8431968762156,-0.14212750470478097,1.5865221428887715,0.19312296654595945,0.01990613337809509,0.14108909730413294,0.19308860625661886,0.019907395707195415,0.14109357075074475,0.15221611752988742,0.35675036261024906,0.20453424508036164,0.2,0.19994457572518987,303.46369078725127,75.83964443145337,-5.9821352182964915e-05,1.0931966443195051e-08,0.3574150335670741,0.357426365959877,0.21181762973182786,6.1420848585418115,162.81116640863365,9.351282942629274,106.93719847159633,5.037684440850823,198.5038983170427
120.1553339308,0.041688240823722224,0.15499618773732013,0.3559490770026156,0.20095288926529545,4.2609546304e-05,0.502563024019,308.2298302419113,72.09388642139938,0.18955927085983426,0.18961178226693876,380.3237166633107,380.86501600882144,-0.14212367184132102,1.5865221428842788,0.19312296654649663,0.01988517007520841,0.1410147867253942,0.19308867090362672,0.019886425015915005,0.14101923633290248,0.1522277529987087,0.3567038207376484,0.2044760677389397,0.2000000000000002,0.19994460612122905,304.28004093650316,76.04367572680758,-5.9821635356449576e-05,1.1210121719784638e-08,0.3572267857258037,0.3572380577280154,0.21175738071798053,6.144735982662099,162.7409221196136,9.333037633421862,107.14625176469586,5.051738336312142,197.9516620668872
120.5629420142,0.04174485305752778,0.15499791510808905,0.3558808948638926,0.20088297975580358,4.36286402092e-05,0.502191256973,309.03267254889295,72.30881075670277,0.18961695467774917,0.1896694624207967,381.3414833055957,381.8842166550262,-0.1421198692589054,1.5865221428849086,0.19312296654642652,0.019864188280795204,0.14094037136603269,0.1930887339759764,0.019865435938062316,0.1409447974849101,0.15223946351330947,0.3566569786788946,0.20441751516558515,0.20000000000000015,0.19994463442000354,305.0942998368765,76.2471834687192,-5.9821595665976446e-05,1.1173817426879395e-08,0.3570382724482202,0.35704948494767835,0.21169674311033793,6.147949902374401,162.6558472140103,9.314917953741089,107.35467611911456,5.066230795939212,197.38540154971625
120.9743696581,0.041801995785847215,0.154999808812478,0.35581220883565223,0.20081240002317424,4.47305081174e-05,0.5018180986,309.83774966046775,72.52433335878534,0.1896744906976917,0.1897269931936638,382.3620830192531,382.9062543642403,-0.1421160763985685,1.5865221428865703,0.19312296654623676,0.019843073323626663,0.14086544403659354,0.1930887985126548,0.019844313535916466,0.14086984608466238,0.15225131448367027,0.35660957479650196,0.2043582603128317,0.19999999999999993,0.1999446642718561,305.910824699681,76.45125831957212,-5.982149091643407e-05,1.1075562689200069e-08,0.3568484622185264,0.3568596137404249,0.21163537821540107,6.151852428233463,162.55266387902535,9.296925256269919,107.56244375801475,5.0812770531370814,196.80092022981103
121.3893513515,0.04185963213215278,0.15500187185607558,0.3557430574172263,0.2007411855611507,4.5905804512e-05,0.501443822754,310.64438348918065,72.74027270073812,0.1897318307509534,0.18978432624669478,383.38465618991876,383.9302683111556,-0.1421122964951116,1.5865221428837377,0.19312296654656827,0.019821839635007527,0.1407900551708377,0.19308886449970958,0.019823072286342884,0.14079443272495856,0.15226330081307132,0.3565616294805568,0.20429832866748548,0.2000000000000001,0.199944695831438,306.728927721585,76.65572846833375,-5.982166946250089e-05,1.1247225373267611e-08,0.35665748279843257,0.3566685722708502,0.21157331242755134,6.15649453440099,162.43009628486536,9.279108115771473,107.76897817370232,5.097094549139137,196.1902001933421
121.8055881958,0.04191744280497222,0.15500409417673158,0.35567381770858636,0.20066972353185478,4.7153416782e-05,0.501070517527,311.44799587146366,72.95540318851691,0.1897886526678014,0.18984114107185598,384.4033990599806,384.9504465603755,-0.14210855066747463,1.5865221428911276,0.19312296654566918,0.01980060523268501,0.14071462337896873,0.19308893063706206,0.01980183041573548,0.14071897674349212,0.1522753581018692,0.3565134003208686,0.20423804221899938,0.1999999999999999,0.1999447273474705,307.5439662434919,76.85943281648872,-5.982120366843091e-05,1.0781664450121298e-08,0.35646639463543467,0.3564774228293698,0.21151087920216036,6.161644471609584,162.29433629408572,9.261457586203642,107.97436480081203,5.113315720847689,195.56781833808205
122.2210102905,0.041975140318125,0.15500646553445308,0.35560483033388546,0.20059836479943238,4.84626166488e-05,0.500700020111,312.24456673281776,73.16864863084812,0.18984468023964382,0.18989715932704063,385.4132153636658,385.9616856662051,-0.14210485727166322,1.5865221428895084,0.19312296654586295,0.019779475187661516,0.14063952213962302,0.19308899795639692,0.01978069278712835,0.1406438508685266,0.1522874266241016,0.35646512623290894,0.20417769960880733,0.19999999999999984,0.19994476079923307,308.3518622089144,77.06135315475146,-5.9821305731233565e-05,1.088200640708692e-08,0.35627614384714157,0.35628710963270455,0.211448387815167,6.1674187112371746,162.1423883833244,9.244180222604994,108.17616878072955,5.182006954305547,192.97542608836818
122.6309445915,0.04203207563770833,0.15500895425971908,0.3555368567079694,0.20052790244825033,4.90994168965e-05,0.500336433848,313.0252450488102,73.3776395705151,0.1898993058574212,0.18995177569222269,386.4028846193253,386.9527493372777,-0.1421012562629831,1.5865221428874534,0.1931229665461266,0.01975868480019803,0.1405655889618723,0.19308906373968618,0.01975989500615219,0.14056989366913597,0.15229961552553917,0.3564163706284773,0.20411675510293814,0.2000000000000001,0.19994479353510453,309.14363963274553,77.25924498657982,-5.982143526095385e-05,1.1018519430194829e-08,0.3560888520598071,0.3560997569923673,0.21138527309922633,6.1740545639573154,161.96811829907784,9.227457934832506,108.37220901599827,5.2732922103329125,189.63485430231225
123.0319372763,0.04208776906615278,0.15501153123463188,0.3554704532265756,0.20045892199194373,4.98797195733e-05,0.499982704867,313.7837209918452,73.58068683952268,0.18995211060163977,0.19000457252368141,387.3644078313679,387.9156273076213,-0.14209777525057143,1.586522142885158,0.19312296654640593,0.019738405176925926,0.14049343463993585,0.1930891265559309,0.019739608346422376,0.14049771651675474,0.15231167264322995,0.3563681421591088,0.20405646951587883,0.20000000000000007,0.19994482405732122,309.9128994614567,77.45150836991128,-5.982157994521842e-05,1.1163159285842994e-08,0.3559060665725534,0.35591691366971495,0.21132284076593721,6.180972399109582,161.78684120059455,9.211718769654393,108.55737403688869,5.312880654343979,188.22180753907364
123.4016607454,0.042139119547972226,0.15501402815672788,0.35540929811705163,0.20039526996032375,5.08505478804e-05,0.499658232586,314.4785065637354,73.76668392255118,0.190000251722775,0.19005270969121715,388.2451904862866,388.79765095992394,-0.14209460172234234,1.5865221428863545,0.1931229665462504,0.019719756763995885,0.1404270513967871,0.19308917989324276,0.019720953815531114,0.1404313135149391,0.1523228256351194,0.3563235301907737,0.20400070455565428,0.19999999999999998,0.1999448483344706,310.6175647579184,77.62762572836822,-5.9821504527768354e-05,1.1082623707636685e-08,0.3557379007147256,0.35574869775809326,0.21126509003724034,6.188100830340919,161.60046958137676,9.19643197090468,108.73782388254072,5.331509315859388,187.56414755299167
123.7631956083,0.042189332723375,0.15501658456404224,0.35534956048137906,0.20033297591733681,5.14373978611e-05,0.49934250311,315.1536781132868,73.94743024748624,0.19004682499881873,0.19009927995590598,389.101108360773,389.6547747980718,-0.14209153155781973,1.5865221428870966,0.19312296654617186,0.019701567335765773,0.14036227176761487,0.19308923057969685,0.019702758635337235,0.14036651536366226,0.15233376546992142,0.3562797708511712,0.20394600538124977,0.20000000000000023,0.1999448709785196,311.3023374519793,77.79877090879373,-5.982145775407233e-05,1.104194513601442e-08,0.35557379722425425,0.35558454734635897,0.21120844304658065,6.195832164528893,161.39881995593663,9.181599908179681,108.91348022136343,5.350100613574651,186.91237272486612
124.1405906349,0.04224174869929166,0.15501937932132848,0.3552872638455771,0.2002678845242486,5.19837062597e-05,0.499014539704,315.85400171184165,74.13490988402756,0.19009491726485492,0.19014736633443552,389.9889115958692,390.54382892220707,-0.14208836121398782,1.5865221428900709,0.19312296654581343,0.01968262791553265,0.14029478933849485,0.19308928626077326,0.019683812996282274,0.1402990128129285,0.15234522187531482,0.3562339452278085,0.20388872335249367,0.19999999999999993,0.19994489726253561,312.01261873330503,77.97629286256414,-5.982127028181239e-05,1.0856360255218078e-08,0.3554028468451677,0.3554135459940407,0.21114912122713383,6.204593080778223,161.17092402046342,9.166545409479005,109.09235217074396,5.369604810112297,186.2334446134196
124.5451392321,0.04229793600445833,0.1550225193521337,0.3552205485352877,0.20019802918315396,5.28276505694e-05,0.498664774049,316.5996357277972,74.33451931400062,0.19014588097592275,0.19019831918723631,390.93415504179785,391.49040418895873,-0.1420850016268571,1.586522142883639,0.19312296654656533,0.01966237987371179,0.14022260828308605,0.19308934998080823,0.019663557833443077,0.1402268085404609,0.15235754503195167,0.3561846526050196,0.2038271075730679,0.2000000000000001,0.1999449297965961,312.768852856874,78.16530218492389,-5.982167569085206e-05,1.1245693265493628e-08,0.35521999363514095,0.35523063396922233,0.2110853113338472,6.2145028126257955,160.91391864339232,9.150961153485754,109.27813846298356,5.390668785434439,185.50573960358966
124.9707594299,0.04235704992081944,0.15502598263282721,0.355150418653481,0.2001244360206538,5.38902923797e-05,0.498298758241,317.3784232973514,74.5430040927361,0.19019884824654384,0.19025127185860577,391.9214273900875,392.4790675756006,-0.14208150996630753,1.5865221428844378,0.19312296654648242,0.019641136758351628,0.14014683998703512,0.19308941986994482,0.019642306962113734,0.1401510148451082,0.15237055943645256,0.3561325949866026,0.20376203555015004,0.19999999999999993,0.19994496703953393,313.5587105084893,78.36271688159813,-5.9821625331135664e-05,1.120277204336162e-08,0.35502805302035345,0.3550386290114596,0.21101792212158643,6.225422173258266,160.6316764018944,9.135040453396646,109.46859021605907,5.413319803322906,184.72952574982935
125.403566039,0.04241716194986111,0.15502966761143877,0.35507915857391725,0.20004949096247848,5.50722580429e-05,0.497928611275,318.1643705569276,74.75340555123971,0.19025203260506252,0.19030444244530462,392.9177761081673,393.47682012029384,-0.1420780039738112,1.5865221428836442,0.1931229665466089,0.019619596561013336,0.14006997023278522,0.1930894898886585,0.0196207589759516,0.14007411957942695,0.15238384687952186,0.35607944521495916,0.2036955983354373,0.1999999999999997,0.19994500346238564,314.35583000378693,78.56194610438037,-5.9821675357785153e-05,1.1268252997354011e-08,0.3548333221281691,0.3548438334922469,0.2109491191035837,6.237255030157308,160.32693791819818,9.119218566747934,109.65851872948548,5.43714466606819,183.92006492686147
125.8370632229,0.04247736989206945,0.15503352434142337,0.3550078300487699,0.19997430570734653,5.63256349229e-05,0.49755993246,318.94550443605345,74.96251844709795,0.19030462466446077,0.19035702033511445,393.9080228831514,394.4684621244246,-0.1420745370250831,1.5865221428820209,0.1931229665467743,0.019598082557911352,0.13999315182504948,0.19308955953159604,0.01959923719797685,0.13999727568055334,0.15239721082430158,0.3560259894366649,0.20362877861236334,0.20000000000000004,0.1999450399603855,315.1480675070632,78.75995537608816,-5.98217776759391e-05,1.1353895601473596e-08,0.354638721309934,0.35464916809839203,0.21087991995624628,6.24997561941805,160.00062414533264,9.104006718971164,109.84174670216073,5.461697726480068,183.0932523328192
126.2612704796,0.04253628756661111,0.1550374582733252,0.3549380613809002,0.19990060310757501,5.76184410641e-05,0.497201139481,319.7040078554318,75.16557307167564,0.19035544063737622,0.19040782385387112,394.8695809271075,395.4313749758687,-0.14207118714226752,1.58652214288687,0.1931229665462021,0.019577086974173992,0.13991814383479362,0.19308962566154506,0.019578234209771603,0.13992224344174733,0.15241034427464334,0.3559734556324355,0.20356311135779215,0.2,0.19994507389397848,315.9173533901527,78.95222753695482,-5.982147202043819e-05,1.1057599280661634e-08,0.3544487067456101,0.35445909210624327,0.21081191431636528,6.263222968834718,159.662206658763,9.08956956539555,110.01621064731717,5.486489932212636,182.2658953821705
126.6644312223,0.04259228211420833,0.15504134191817687,0.3548717737251569,0.19983043180698,5.89078379481e-05,0.496861960431,320.41946821448215,75.35710488403802,0.19040314663920108,0.19045552099603424,395.7765730985202,396.3396450731408,-0.14206804230160186,1.5865221428893195,0.19312296654591868,0.019557184792782283,0.1398470049474864,0.19308968492849643,0.019558325375639375,0.13985108285472578,0.15242287888458592,0.355923317191249,0.20350043830666306,0.20000000000000004,0.19994510276772684,316.6429855172778,79.13358758124238,-5.982131764392662e-05,1.0910850001266681e-08,0.354268493615888,0.3542788240055541,0.21074700950234254,6.276781952640906,159.31730742681893,9.0756447007665,110.18500976746515,5.551059191187826,180.14580020826946
127.0583662777,0.04264699531634722,0.15504527595719908,0.3548070187052245,0.19976174274802544,6.01979354997e-05,0.496532244314,321.1134535604806,75.54288774313436,0.19044921226990072,0.19050157783461455,396.656341303615,397.22065284630327,-0.14206500559441615,1.5865221428925094,0.19312296654551375,0.019537786545009518,0.1397776324917886,0.19308974250522315,0.019538920658494954,0.1397816892818761,0.1524353563371612,0.3558734073789231,0.20343805104176188,0.19999999999999998,0.19994513074967837,317.34683727897465,79.30950402464035,-5.982111658253686e-05,1.0701173280835974e-08,0.35409275531253487,0.3541030322070146,0.21068240065128374,6.290693370674534,158.96498860709414,9.062097673493806,110.34972652357867,5.6547578650236705,176.8422315985079
127.4593914592,0.04270269325822222,0.15504942418095327,0.3547411094229965,0.19969168524204325,6.14992155268e-05,0.496198301384,321.81473972723876,75.7306250633234,0.19049555540213728,0.1905479100438491,397.54536479056213,398.1109289415732,-0.1420619505509868,1.5865221428944232,0.19312296654529984,0.019518087785076167,0.13970715008572815,0.1930898026703252,0.019519215135997338,0.13971118472047017,0.1524482819828821,0.355821704794971,0.2033734228120889,0.2,0.19994516088457626,318.0580928685956,79.48727192196651,-5.9820995945703004e-05,1.0590417431899368e-08,0.3539142052189463,0.3539244259882278,0.21061547103557213,6.304980000468837,158.604785411792,9.048645846821168,110.5137737655303,5.717302487080311,174.9076600826618
127.8727433494,0.042760103242972226,0.15505385045811995,0.354673185259301,0.19961933480118108,6.27947873943e-05,0.49585586508,322.5320930289391,75.92266362455284,0.19054274633889598,0.19059508717243884,398.4547566534919,399.02160211134026,-0.14205883963399613,1.5865221428964835,0.19312296654503172,0.019497834632376344,0.13963464696262295,0.19308986673348083,0.019498954826009843,0.13963865806434064,0.15246165937867437,0.3557681952104614,0.203306535831787,0.19999999999999996,0.19994519430462304,318.7856429128082,79.66911374068374,-5.9820866082915813e-05,1.0451595144900239e-08,0.3537305361284672,0.3537406972825351,0.21054620223600315,6.319785725683101,158.23321286607558,9.03526582285835,110.6774299290782,5.742861595177506,174.12921823498883
128.2877500296,0.042817743059666666,0.1550584466064526,0.3546049907742324,0.1995465441677798,6.40311642343e-05,0.495513840745,323.24670339904833,76.11396789123205,0.19058954314484222,0.1906418695411405,399.36067129028044,399.92879315576295,-0.14205575472562293,1.5865221428951888,0.19312296654519442,0.019477551616525313,0.13956199918504075,0.19308993129552204,0.01947866464433605,0.1395659867028355,0.15247514748429697,0.35571424278878405,0.20323909530448708,0.20000000000000018,0.19994522817796326,319.5104107438407,79.85026054643969,-5.9820947695410354e-05,1.0535838868008796e-08,0.35354650059092924,0.35355660200084416,0.21047636017784352,6.334879789459015,157.85619194605076,9.022050012149354,110.83955405405324,5.768702283850539,173.34921283760758
128.6914876466,0.04287381772869444,0.1550630602767576,0.3545386475590829,0.19947558728232528,6.49253566067e-05,0.49518280127,323.9365018996853,76.29862991382505,0.19063451418696653,0.1906868278017945,400.2351318135103,400.8044857687596,-0.14205279019201544,1.586522142889561,0.19312296654587058,0.019457868518894576,0.13949146396426765,0.1930899919504836,0.019458974789642668,0.13949542927867806,0.15248832384094355,0.35566153736557843,0.20317321352463488,0.19999999999999998,0.1999452595333877,320.21001450867834,80.02511730483197,-5.982130241166672e-05,1.0885958801054585e-08,0.35336781670406636,0.35337786186708825,0.21040813237351996,6.349951185318151,157.48152557646742,9.00893520101251,111.00090939577525,5.794344518162175,172.582074963878
129.0904977076,0.04292923579272222,0.15506775805674508,0.35447307857390736,0.19940532051716228,6.57082521178e-05,0.494857272905,324.6129757250291,76.47972486359616,0.19067842608792934,0.19073072768968838,401.0927005886253,401.6632628334193,-0.14204989541964919,1.5865221428911374,0.19312296654570585,0.019438463185498966,0.13942188919068255,0.19309005072651653,0.019439562926207236,0.13942583306621206,0.1525013986054919,0.3556092383065615,0.2031078397010696,0.20000000000000012,0.19994528962717048,320.8961044020886,80.19659618653665,-5.982120305780825e-05,1.0800649263842388e-08,0.3531915658773796,0.3532015567301927,0.21034043061360852,6.365353980710051,157.10045396225564,8.996144110794114,111.15873508519499,5.819960930235857,171.8224592891682
129.4908784232,0.04298484422544445,0.1550726107182944,0.3544072738275531,0.1993346631092587,6.64511945843e-05,0.494532244918,325.2865223841167,76.66003619837856,0.19072196181683415,0.19077425238993684,401.9465585824953,402.5183238885742,-0.14204702547582215,1.5865221428934224,0.19312296654544453,0.01941903787474692,0.13935220800097473,0.19309010872459,0.019420131171123338,0.13935613072672237,0.15251457224107004,0.3555565437629432,0.20304197152187317,0.2,0.19994531850442754,321.5792259049598,80.36733267753557,-5.982105902857526e-05,1.0665335281601074e-08,0.353015045471237,0.35302498274620364,0.21027221689425477,6.381401434533709,156.70538991456982,8.983427163592792,111.31609148596519,5.8459588734312335,171.05833647664014
129.897578587,0.04304133035930556,0.15507768367155078,0.35434041649352116,0.19926273282197038,6.71732711215e-05,0.494203725275,325.9653075386372,76.84174990090156,0.1907656494137655,0.19081792709030082,402.80705743953877,403.38003516375227,-0.1420441455365795,1.586522142893876,0.19312296654536523,0.01939935377436615,0.13928156293769162,0.19309016830229542,0.019400440481500664,0.1392854639993013,0.1525280092078911,0.3555027958952617,0.20297478668737057,0.20000000000000004,0.19994534932314129,322.2676596299636,80.5393978095752,-5.982103042923015e-05,1.0624279234150436e-08,0.35283608332499655,0.3528459657191202,0.21020263963401323,6.398081478249805,156.29685295498143,8.970622369120695,111.47498566456994,5.872421663167417,170.28749932453394
130.3139260816,0.04309915640022223,0.15508302705491406,0.3542719543562276,0.19918892730131355,6.78964193571e-05,0.493869101075,326.6545570472472,77.02626495598206,0.19080981993087073,0.19086208301178015,403.68082200322925,404.255030836482,-0.14204123373915412,1.586522142893007,0.19312296654546263,0.019379252129747275,0.1392093823337611,0.19309023040550083,0.01938033197331035,0.13921326076674717,0.15254182307371159,0.35544754043246823,0.20290571735875665,0.2000000000000002,0.1999453820335392,322.9667058281804,80.71411617504882,-5.9821085207634184e-05,1.067470556392891e-08,0.35265323125868053,0.35266305632867057,0.21013111077356042,6.415530521365122,155.87175474729344,8.95775172136892,111.63515479162893,5.8996570836345334,169.50137708409682
130.7419601947,0.04315860558259722,0.15508867823173522,0.3542015455911109,0.19911286735937567,6.8649927433e-05,0.493526842675,327.3572000813524,77.21436551536812,0.1908546523814179,0.19090689926928298,404.5715655967205,405.1470294620781,-0.1420382783311136,1.5865221428910712,0.1931229665456988,0.01935863765375454,0.1391353213736704,0.19309029531627628,0.019359710346389405,0.13913917617403593,0.15255608647930122,0.35539048681128727,0.20283440033198605,0.20000000000000007,0.19994541661149925,323.67933536431775,80.89223023240278,-5.982120723224682e-05,1.0797007732321617e-08,0.3524656157657572,0.35247538096823067,0.21005725417529672,6.433009048771093,155.44825017633568,8.944917276944912,111.79533237019992,5.926857777803348,168.7234682338922
131.1668233887,0.04321761435954166,0.15509444114892054,0.35413163611662674,0.1990371949677062,6.94418025829e-05,0.493188856338,328.04866156173665,77.39947272479782,0.19089857907719163,0.19095080971808218,405.4481342865345,406.0248332118751,-0.14203538260912918,1.5865221428978542,0.19312296654485722,0.019338227233790438,0.13906195465975027,0.19309035885176554,0.019339292845837956,0.1390657860360986,0.15257030442412375,0.35533361502778993,0.20276331060366617,0.20000000000000023,0.19994545073249667,324.3806243279635,81.06750995857098,-5.982077968536004e-05,1.0361222990695751e-08,0.35227975897724895,0.35228946484065193,0.20998363296949288,6.449851187807533,155.0423367736528,8.932370028651533,111.95237062418965,5.9532872403548245,167.97442482220941
131.5688165119,0.043273446737763885,0.15510003092284588,0.3540654683246154,0.1989654374017695,7.02379836233e-05,0.492870647773,328.6974137014615,77.57314646022368,0.1909396202111016,0.19099183834169203,406.27056016168524,406.84841786125946,-0.1420326770869451,1.5865221428890284,0.19312296654595834,0.01931896204308632,0.1389926690264142,0.19309041597547563,0.01932002132072974,0.13899647952638852,0.15258381186206735,0.3552795852815225,0.20269577341945513,0.19999999999999993,0.19994547988515077,325.03859804694804,81.23196211473717,-5.9821335984810986e-05,1.0931389127222246e-08,0.3521042406173069,0.35211389359547596,0.20991369081250727,6.466641994970359,154.63976524102966,8.920241772660225,112.1045847731296,5.979392268328748,167.24107653828537
131.9594808406,0.04332770567230555,0.1551055923731126,0.35400113898797125,0.19889554661485864,7.10377581761e-05,0.492562881183,329.32276415504947,77.74055546369542,0.19097902394277907,0.19103123118909723,407.06331961874486,407.6422942934978,-0.14203007952262592,1.5865221428820344,0.193122966546833,0.01930028264020911,0.13892545713514537,0.19309046973218388,0.019301335959837497,0.1389292480359607,0.1525969906133779,0.3552268702806538,0.20262987966727591,0.19999999999999998,0.19994550666467234,325.6728379329715,81.39048168577341,-5.9821776821067374e-05,1.1384293507887833e-08,0.3519339755802986,0.35194357890874844,0.2098454506095268,6.483572817024636,154.23594802146573,8.908612618407288,112.25092422738923,6.049960493338261,165.29033554865705
132.3509809023,0.043382080680875,0.15511129378833985,0.3539366419944915,0.19882534820615164,7.18482338619e-05,0.492255901026,329.94438533811496,77.90696612542867,0.1910180408765729,0.19107023831106068,407.85135146354355,408.43143645249586,-0.1420275074785482,1.586522142879243,0.1931229665471416,0.01928160528584818,0.13885822008742651,0.19309052227928125,0.019282652798171068,0.13886199191345006,0.15261044670143925,0.35517304592995125,0.202562599228512,0.19999999999999993,0.1999455319697995,326.3032960305637,81.54805543297988,-5.9821952758110086e-05,1.1544076805591885e-08,0.35176364681552114,0.3517732018226089,0.2097757743405935,6.500842496540039,153.826215683926,8.897040195970451,112.39692953763533,6.14902079174919,162.627519708798
132.7526505971,0.043437868138486116,0.1551172793687544,0.3538704381598145,0.1987531587910601,7.26854895617e-05,0.491942427406,330.5768768262246,78.07628681452812,0.19105758565267109,0.19110977073331656,408.6531636407527,409.2343783599601,-0.14202490062947826,1.5865221428794953,0.19312296654711295,0.01926248651526085,0.13878936023795502,0.19309057802821644,0.019263527866472112,0.13879311173999995,0.1526244332612224,0.35511709969067506,0.20249266642945266,0.19999999999999987,0.19994555994748017,326.94477801229317,81.70838562845954,-5.9821936859716374e-05,1.1529244225982893e-08,0.35158920707580665,0.35159871059702036,0.2097033512618497,6.518887411733279,153.40040973864808,8.885296702477584,112.54548198949385,6.202963204346566,161.21327292402378
133.1709138357,0.04349596025495833,0.15512365894310912,0.3538014603227243,0.1986778013796152,7.35774683147e-05,0.491617575182,331.22981165346295,78.2510802733555,0.19109824613584256,0.1911504155928516,409.4808919268184,410.0632728912064,-0.14202222020076594,1.5865221428735226,0.19312296654784908,0.01924262441078381,0.13871778693009706,0.19309063833287884,0.01924365912395562,0.1387215164419551,0.15263905426851423,0.35505861566518676,0.20241956139667253,0.20000000000000004,0.19994559167388873,327.606992711359,81.87389921545939,-5.9822313336344024e-05,1.1910428199257694e-08,0.3514078934469058,0.3514173412613106,0.2096276429873802,6.537726405446907,152.95837390302077,8.873302504709052,112.6976116805779,6.229621714794739,160.5233906298192
133.6057736944,0.04355635745755555,0.15513044838105322,0.35372970250746055,0.19859925412640733,7.45679744716e-05,0.491281506726,331.90249840499445,78.43116140720701,0.1911399650789136,0.19119211621247126,410.3336598122015,410.9172423019522,-0.14201947002308035,1.5865221428781482,0.19312296654729355,0.019222024239921948,0.13864351495804608,0.19309070287947305,0.0192230518146511,0.13864722072458252,0.1526543159657557,0.3549975688734441,0.20234325290768837,0.19999999999999987,0.1999456265059076,328.2892391245889,82.04442068761259,-5.982202178067553e-05,1.1622769413577316e-08,0.3512197434063221,0.35122913106770953,0.20954861718288134,6.556214997768134,152.52702974817328,8.861448492068387,112.84836794967207,6.255929333272167,159.84835293479082
134.0174195324,0.04361353049061111,0.15513701484655182,0.3536617312569542,0.1985247164104024,7.56006313923e-05,0.490964929029,332.53348754147333,78.60007991032906,0.19117894069679295,0.19123107838796288,411.13356745180243,411.7182769883165,-0.14201690068054162,1.5865221428673597,0.19312296654860087,0.019202570583848014,0.1385733400905384,0.1930907598320236,0.019203591825295206,0.13857702488253673,0.15266881968781051,0.3549395539917623,0.2022707343039518,0.2,0.1999456551965881,328.9291969343411,82.20437051746129,-5.982270178117588e-05,1.2299694596151767e-08,0.35104197238712165,0.35105130691460024,0.2094735162199648,6.574585926668701,152.10083359678492,8.849815708143213,112.99670331890005,6.282077379015464,159.18301218962722
134.4042464675,0.04366725645381945,0.15514330977890978,0.353597814989807,0.19845450521089725,7.66281279143e-05,0.49066881775,333.12129875582144,78.75743949815562,0.19121511305007294,0.1912672407653134,411.8787382539771,412.46449771479416,-0.14201451617348315,1.5865221428687777,0.19312296654843888,0.019184330884798588,0.1385075120157697,0.19309081042810755,0.019185346545115944,0.1385111784121265,0.15268249968897818,0.3548848339862811,0.20220233429730294,0.19999999999999993,0.1999456792865545,329.52536415009666,82.35337410388041,-5.98226124082224e-05,1.2215828348871582e-08,0.35087521291383367,0.35088450084041284,0.20940268051577107,6.593369610028372,151.6675173918692,8.838938830343979,113.13575296697508,6.307997374205594,158.52891824101883
134.7868644166,0.04372039783563889,0.15514966023116106,0.35353454223940034,0.19838488200823928,7.76568698052e-05,0.490377243668,333.69781655899556,78.91177579130012,0.19125046352365435,0.1913025805535971,412.6095923502957,413.1963815633191,-0.14201218578036023,1.5865221428659086,0.19312296654877525,0.019166327566500226,0.13844250635733313,0.193090860871322,0.019167337699542833,0.13844615451338052,0.15269608140440255,0.354830507126266,0.20213442572186346,0.2,0.19994570376861412,330.1100770261349,82.49951532416085,-5.982279324134865e-05,1.2390000136974777e-08,0.3507105368330018,0.35071977855217773,0.20933235374246031,6.612788393479372,151.22213815068744,8.828932727876525,113.26397321417956,6.333937092028007,157.87968612107244
135.1687685066,0.043773440070361117,0.1551561236215818,0.35347132898661204,0.19831520536503025,7.86723849085e-05,0.490087503973,334.2683982571888,79.06452296361721,0.19128532692265338,0.19133743194898986,413.332921220806,413.92072958332926,-0.1420098875248299,1.5865221428673337,0.1931229665486018,0.019148394425063407,0.1383777237313268,0.1930909125135648,0.019149398927072465,0.13838135324917322,0.15270968919926214,0.3547760759459597,0.20206638674669758,0.20000000000000007,0.1999457294183822,330.68876879468127,82.64415242612478,-5.9822703424305956e-05,1.2300183094282602e-08,0.35054642575077766,0.3505556202545886,0.20926189192593975,6.6326986580125205,150.76819429930933,8.819322055528577,113.387400267703,6.360176075987778,157.22835155073804
135.5529450143,0.04382679791865278,0.1551627504562637,0.35340767773771586,0.19824492728145215,7.96750043309e-05,0.489797325962,334.83747250184757,79.21686658415257,0.1913199768876206,0.1913720690442832,414.05433908600014,414.6431639054765,-0.14200760334025508,1.5865221428608343,0.19312296654940336,0.01913039083269031,0.1383126560828412,0.1930909653618392,0.019131389587711684,0.1383162665333029,0.15272342996389027,0.3547211128914556,0.20199768292756531,0.20000000000000026,0.199945755855693,331.2659312921204,82.7884077938797,-5.982311308549981e-05,1.2715251074268963e-08,0.35038159263318047,0.35039073883439337,0.20919074159061862,6.652442599229905,150.32072582118352,8.809945601446874,113.50807885076705,6.386164355794334,156.58851609302442
135.9331995033,0.043879611042125,0.15516942990359725,0.35334461542733225,0.198175185523735,8.06458166885e-05,0.489511364794,335.39589212319396,79.36635791624819,0.19135386093768367,0.19140594079575862,414.76225003944216,415.35207228514173,-0.14200536967459154,1.5865221428660012,0.19312296654876693,0.0191126066069919,0.13824835119086193,0.19309101679560567,0.019113599779541766,0.13825194313116096,0.15273708113567416,0.35466650820113854,0.20192942706546438,0.19999999999999993,0.1999457813959521,331.8322878617626,82.92996217767951,-5.982278741267777e-05,1.2385692471639231e-08,0.35021869177432985,0.35022779108453184,0.20912005516390392,6.672392409858257,149.87128132969673,8.80070879655636,113.62721152542748,6.412313293056607,155.94995975677327
136.3165972756,0.04393286073272222,0.15517628597157768,0.35328096639378864,0.19810468042221097,8.16046731318e-05,0.489224294367,335.9540449057391,79.51577781445272,0.19138761341038366,0.1914396811858489,415.46982272019187,416.06064191543504,-0.14200314466737973,1.5865221428668963,0.1931229665486623,0.019094710465462537,0.13818361142140748,0.19309106796301165,0.019095698079080875,0.13818718493073398,0.15275089666965444,0.35461124606469296,0.20186034939503852,0.2000000000000001,0.19994580660523364,332.3983738962697,83.0714488239222,-5.982273099114366e-05,1.2331513588037524e-08,0.3500546892587931,0.3500637418785931,0.20904851766459054,6.692703548625056,149.4164492323045,8.79164195408315,113.74439555463977,6.438626245569502,155.3126337606741
136.7093804177,0.043987413946902774,0.1551834367437493,0.35321569184931073,0.19803225510556144,8.25788261965e-05,0.488931488949,336.52077371924963,79.66749355299356,0.1914217670650487,0.19147382145035763,416.1882672722432,416.7800987351228,-0.14200089319901243,1.5865221428684235,0.19312296654847477,0.01907641241976228,0.1381173863775386,0.1930911209519321,0.01907739430533878,0.13812094086465954,0.15276510335766297,0.35455441931172066,0.2017893159540577,0.20000000000000007,0.1999458332811797,332.97315737064423,83.215109901599,-5.982263473480742e-05,1.2234413482303808e-08,0.34988692416049955,0.34989592859215196,0.2089749547504959,6.713622798273736,148.95087645631932,8.782649851100675,113.8608525847898,6.465432446313582,154.66869514198905
137.1128052278,0.04404344517052777,0.15519091479137362,0.35314857248358605,0.19795765769221244,8.35982988818e-05,0.488632097825,337.09749423585964,79.82188411337853,0.1914564020253207,0.19150844231434974,416.9193783492382,417.5122399264438,-0.14199860998328484,1.5865221428774083,0.19312296654736683,0.01905765596805939,0.13804946927844158,0.19309117568648448,0.01905863194062262,0.13805300409850785,0.1527797514215016,0.3544958270508284,0.20171607562932678,0.19999999999999998,0.1999458608203915,333.5580743524972,83.36130399674093,-5.982206841004256e-05,1.1660716836559004e-08,0.3497148726503732,0.34972382726030915,0.20889910636638206,6.735066926034308,148.47662406063316,8.773810699562153,113.9755613886112,6.492705220995637,154.0190053240478
137.5138482298,0.04409914558747223,0.1551984809418104,0.35308176885694376,0.19788328791513335,8.46662606608e-05,0.488335813067,337.66542085565015,79.97392050981394,0.19149039036490353,0.19154241768830832,417.63934136546413,418.23321734983233,-0.14199636942549,1.5865221428823104,0.19312296654678016,0.019039047379061674,0.1379820545544299,0.19309122899137002,0.019040017572834717,0.13798557016164667,0.15279436997182227,0.354437352846611,0.2016429828747887,0.2,0.19994588693579826,334.13407283686377,83.50526852860034,-5.982175942387258e-05,1.1356937612561069e-08,0.3495440937857696,0.3495529997246078,0.20882341080737804,6.757182466796731,147.99067583475423,8.764944154050436,114.09085813032617,6.520541638797184,153.36149286280238
137.9162322368,0.04415503225511111,0.1552062059988857,0.35301465704713286,0.19780845104824715,8.58318637073e-05,0.488039872467,338.2298440502098,80.12501902424306,0.19152405313377116,0.1915760668453857,418.3548630744528,418.94974720838826,-0.14199415034843454,1.5865221428861165,0.19312296654630137,0.019020413550227835,0.1379145153717615,0.1930912822877587,0.019021377989693743,0.13791801183925811,0.15280909479930527,0.35437845353428576,0.2015693587349805,0.2,0.1999459135369538,334.70651779440414,83.64834528004869,-5.982151952688142e-05,1.1109024811162271e-08,0.34937299963532303,0.3493818570883189,0.20874716494068177,6.779612409844153,147.50105751591008,8.756048491744314,114.20676814922338,6.548443514445755,152.7080439487669
138.3239743299,0.044211663101375004,0.15521416969708296,0.352946564826401,0.19773239512931806,8.7168684269e-05,0.487741342511,338.7962606390012,80.27665117891115,0.1915577192299927,0.19160971892541667,419.07291181791237,419.6688076616931,-0.1419919309945783,1.58652214288481,0.1931229665464845,0.019001569440438848,0.13784618036216617,0.19309133632593858,0.01900252805445854,0.13784965743322883,0.15282407372521903,0.35431853783154493,0.2014944641063259,0.20000000000000012,0.19994594052713932,335.2809843150329,83.7919275028794,-5.9821601872123153e-05,1.120383785746526e-08,0.3491998894502343,0.3492086977670657,0.20866960334352708,6.802234758344417,147.01050985829076,8.747452739398847,114.3189943165927,6.6195603523066024,151.0674345089319
138.7260257409,0.044267503575125,0.15522215518588026,0.35287932950303397,0.1976571743171537,8.85507093557e-05,0.487448298608,339.3493267966692,80.42470936575752,0.1915904806809874,0.19164246804421617,419.7740361624267,420.37091987013764,-0.1419897712941931,1.5865221428792775,0.19312296654714797,0.01898302435281151,0.1377788966163233,0.19309138822334931,0.01898397733082538,0.1377823549327902,0.15283909773851245,0.35425844178169036,0.2014193440431779,0.19999999999999984,0.19994596519533675,335.8419113379881,83.9321248244386,-5.982195059317519e-05,1.1547385270205268e-08,0.3490294423870774,0.34903820319368584,0.20859180828424465,6.824275401340873,146.53570396697563,8.739569569685731,114.42211106924792,6.7050533912455865,149.14124342479423
139.0927911434,0.04431844321436111,0.15522955116925727,0.35281791180065014,0.19758836063139287,8.95483616482e-05,0.487182108586,339.8491355665074,80.55851032106402,0.19161999337806424,0.19167197352882873,420.4076458875715,421.0054223331315,-0.14198782577364844,1.586522142877052,0.19312296654743044,0.018966137522389827,0.13771760062675295,0.19309143152502736,0.018967085850064333,0.13772104359924206,0.1528529160514187,0.354203168531478,0.20135025248005928,0.2000000000000002,0.19994598341638725,336.3488256948127,84.05882019275877,-5.982209086985435e-05,1.1693646051469386e-08,0.3488741638532401,0.3488828857895996,0.2085202563975251,6.84637707910202,146.06265305666764,8.732062324375894,114.52048357562232,6.747492763667882,148.20319710226826
139.4510851145,0.04436820626590277,0.1552368839761032,0.35275783079866435,0.19752094682256116,9.07255120637e-05,0.486923118531,340.3330522771463,80.68805690383093,0.1916484830435115,0.19170045586177317,421.0211091809772,421.6197499785728,-0.14198594767584893,1.5865221428807574,0.19312296654697197,0.018949668544842514,0.13765779507475237,0.19309147380396544,0.01895061238457775,0.13766122324234137,0.15286646095405984,0.35414898891862057,0.20128252796456073,0.19999999999999984,0.19994600139166324,336.8396218987579,84.18148728221928,-5.982185731223666e-05,1.1456258164344035e-08,0.3487226609817623,0.3487313454134955,0.20845012023845794,6.868646023174372,145.58910105806356,8.724982472212726,114.61341076441062,6.773211884016815,147.64044254392283
139.8218805361,0.04441970563001389,0.15524458551993706,0.352695564177436,0.19745097865749897,9.210813664e-05,0.486656177062,340.8293280664892,80.82091206507465,0.19167761422324056,0.19172957911948793,421.65024013156386,422.249767356525,-0.14198402730082327,1.5865221428841776,0.19312296654656677,0.01893265346409815,0.13759597909858468,0.19309151803505023,0.0189335925665005,0.13759939159204337,0.15288052667270233,0.3540927260420253,0.20121219936932297,0.19999999999999976,0.19994602016158772,337.34295271707987,84.30728741448397,-5.982164174023197e-05,1.1246448217150373e-08,0.34856606518790495,0.3485747099130278,0.20837728726938826,6.891744141138549,145.101149944141,8.717975016081532,114.7055363378949,6.799566914659909,147.0681901584046
140.216281244,0.044474483506111114,0.15525290464203717,0.35262923307005295,0.19737632842801578,9.37230363973e-05,0.486373435417,341.35214408259736,80.96087215905925,0.1917082094214489,0.19176016376892044,422.31301624165667,422.91347729912457,-0.14198201043453818,1.5865221428914138,0.19312296654568603,0.018914586477286915,0.13753031112190112,0.19309156714715175,0.01891552032199447,0.13753370613051358,0.15289554137343242,0.35403266723470017,0.20113712586126775,0.2,0.19994604212757822,337.8732001051778,84.4398161364789,-5.982118562730676e-05,1.0790390803094851e-08,0.34839971128431424,0.34840831171581677,0.20829954042300727,6.915742609876869,144.59763129006973,8.710568470960606,114.80306978055583,6.826740781060761,146.48278469489753
140.6340985021,0.04453251368084722,0.1552618578905279,0.35255885495422196,0.19729699706369405,9.56015860545e-05,0.486075226985,341.90031737860164,81.10762050583632,0.19174018556596023,0.1917921263409147,423.007937884438,423.60937806647945,-0.14197990251931802,1.586522142898181,0.19312296654487138,0.018895482707750523,0.1374608406337984,0.19309162071912708,0.018896410750961663,0.13746421625631036,0.15291150589928243,0.35396880912722795,0.20105730322794552,0.20000000000000015,0.19994606757704275,338.42916415057067,84.57877373386734,-5.982075909072293e-05,1.0368550462658277e-08,0.3482237246396224,0.34823227596113776,0.2082168753368618,6.939896707536844,144.0943636688401,8.702905712663195,114.90415190238662,6.854141921766704,145.8971832526985
141.0452424845,0.04458961701173612,0.15527080469104756,0.3524894895318819,0.19721868484083435,9.76900908784e-05,0.485783090065,342.43402605689107,81.25049661228287,0.19177121717926382,0.19182314617261614,423.68452266917393,424.28691613957494,-0.14197785684318953,1.5865221429034162,0.1931229665442169,0.018876719750628337,0.13739257531114385,0.19309167193346802,0.01887764224331461,0.13739593241182438,0.15292727397567726,0.3539057368183754,0.20097846284269813,0.2,0.19994609084690004,338.9704586091378,84.71406406003612,-5.982042911023555e-05,1.0029665986621694e-08,0.34805079098950875,0.34805929539045316,0.2081352274762618,6.964066835897551,143.5942565693537,8.695399066583585,115.00334744186723,6.881565933565333,145.31576237937765
141.4322870168,0.044643373196777775,0.15527934962114884,0.35242408565969013,0.1971447360385413,9.99461700433e-05,0.485509259562,342.93127499141247,81.38361228866648,0.1918000398485838,0.191851959506896,424.3148872800789,424.91816891605447,-0.14197595680940367,1.5865221429060836,0.19312296654391312,0.01885908853063887,0.13732839666521585,0.19309171784927961,0.018860006067148972,0.13733173729021625,0.1529421710031522,0.35384614870695613,0.20090397770380394,0.2,0.19994611077493257,339.47477582452325,84.84011145555569,-5.98202609780607e-05,9.872369588492802e-09,0.347888209944432,0.3478966726082338,0.2080580899506381,6.9873210677908215,143.1163661005447,8.688342860705868,115.09674698988074,6.907916252937721,144.76145387181427
141.79010119,0.04469306960972222,0.15528735305347902,0.352363528595711,0.197076175542232,0.000102233374216,0.485257131843,343.38650459453254,81.50547920949438,0.19182635191132993,0.1918782667337689,424.891983804027,425.49607855232284,-0.1419742222657283,1.586522142915799,0.19312296654272268,0.01884281624731468,0.13726913800018808,0.19309175685638216,0.018843729615992733,0.13727246488641753,0.15295598923782278,0.3537908757623209,0.2008348865244981,0.20000000000000018,0.1999461252446771,339.93647799488775,84.95550580913928,-5.981964861234701e-05,9.255951560760423e-09,0.3477380924785559,0.3477465203385113,0.20798653846139878,7.010248283092691,142.64829997702063,8.681569165914249,115.18654990692467,6.933602652088042,144.22516694100602
142.1460526129,0.044742507307347225,0.1552954183461065,0.3523031953138447,0.1970077769677382,0.000104574293866,0.485007294161,343.83510640704213,81.62557184229271,0.19185221106251626,0.1919041205129622,425.4606782493349,426.06557427182986,-0.14197251761746132,1.586522142912254,0.1931229665431551,0.018826654694254645,0.13721025724870078,0.19309179595387826,0.0188275639354211,0.13721357052209196,0.15296978004495332,0.35373571253596087,0.20076593249100755,0.20000000000000015,0.19994614009177322,340.3914578725525,85.06922037678235,-5.9819872055832946e-05,9.479861340366824e-09,0.3475889323650432,0.34759732574017205,0.2079151290016837,7.033059561987915,142.18562933901092,8.674873963059259,115.2754500247912,6.958662450722834,143.70577781023488
142.5154636386,0.04479381439425,0.15530389810937328,0.3522404859539158,0.19693658784454254,0.000106981314554,0.484749028197,344.29618009377094,81.74900324940548,0.19187871720065244,0.1919306190413142,426.04518334317646,426.65090291636415,-0.14197077025909222,1.586522142910259,0.19312296654341093,0.018809909719534147,0.13714922427609333,0.19309183795485765,0.01881081450159028,0.13715252276786702,0.152984138387625,0.35367827916655536,0.20069414077893036,0.2,0.19994615740873492,340.85908605120835,85.18609729196808,-5.9819997799692715e-05,9.612333151665098e-09,0.3474343201209364,0.34744267605041984,0.20784078081475488,7.056243547744517,141.71846439734122,8.667912120373973,115.36803628286617,6.983953546582554,143.18537391895
142.9027570453,0.04484760514518056,0.15531290698466985,0.35217463794509835,0.1968617309604285,0.00010945765348,0.484479359681,344.7746610114297,81.87709464703659,0.19190614725274682,0.19195803958831148,426.65175565846624,427.25832987466697,-0.1419689620512865,1.586522142910059,0.19312296654343636,0.01879238455565973,0.13708531852703895,0.1930918833147926,0.01879328448913363,0.1370886008723323,0.15299924160688033,0.35361786628965947,0.20061862468277913,0.19999999999999984,0.1999461769521846,341.3443682246183,85.30738743384792,-5.9820010400724044e-05,9.625500396737152e-09,0.3472724303939495,0.34728074542023823,0.20776257561988853,7.080121227685212,141.2405194546283,8.660716892274245,115.46388277534459,7.009985003278543,142.653657537399
143.3017587951,0.044903022054875,0.15532231277212935,0.3521066874158275,0.19678437464369816,0.000111998661555,0.484202703169,345.2623479448831,82.00765053465896,0.19193402491746805,0.191985907938462,427.2699984795421,427.87744378198323,-0.14196712429427327,1.586522142914159,0.19312296654292535,0.018774361900966166,0.1370195675842183,0.19309192983836107,0.018775256824300313,0.13702283322242434,0.1530148546699048,0.35355541403500834,0.20054055936510354,0.19999999999999987,0.19994619644162245,341.8389874299399,85.43101104960226,-5.981975198521283e-05,9.360889841047992e-09,0.3471058663157581,0.3471141390186903,0.20768173042671412,7.104611541431094,140.75364911486326,8.653515742827004,115.55996773090881,7.036600711265491,142.11407482579125
143.697765961,0.044958023050138886,0.15533177255226663,0.3520391307048821,0.19670735815261545,0.000114584452992,0.483929282251,345.74109711188737,82.13581374378927,0.1919613133121216,0.1920131869381815,427.87691085567667,428.4852112800935,-0.1419653253841746,1.5865221429167387,0.1931229665426199,0.01875650648558127,0.1369543956416926,0.19309197536140063,0.018757396515579776,0.1369576449694568,0.15303040429680914,0.353493215525863,0.20046281122905385,0.20000000000000026,0.19994621573778532,342.3245417285104,85.55236912716626,-5.9819589381948646e-05,9.202727468959893e-09,0.34694076899448717,0.346949000378868,0.20760121370987952,7.129178904722366,140.26860783891962,8.64649284905117,115.65382837386328,7.063241172332938,141.57806247888703
144.0801284807,0.04501112895565278,0.1553410216697806,0.3519737903817204,0.1966327687119398,0.000117192767457,0.483666373474,346.1983615670623,82.25822540324887,0.19198730490972415,0.19203917204423038,428.45658697031115,429.065704141713,-0.14196361198812735,1.5865221429197973,0.19312296654224673,0.018739296186423657,0.13689154899563252,0.1930920169917232,0.018740181767599243,0.13689478356606305,0.1530454689365593,0.3534329569649962,0.20038748802843692,0.2000000000000001,0.19994623161089642,342.78830699673114,85.66827997358001,-5.981939659172042e-05,9.00950425375413e-09,0.34678156224825135,0.3467897562485039,0.20752320827948215,7.153388068573848,139.7938977186467,8.639751817777727,115.74406546520626,7.089430854911047,141.0550466554409
144.4515568657,0.04506271623134722,0.155350115166276,0.35191021217339824,0.19656009700712224,0.000119824391327,0.483412008225,346.6378565848871,82.37588010798464,0.19201222026826853,0.19206408266938224,429.01373669287176,429.62363887221596,-0.1419619695380958,1.5865221429236998,0.193122966541764,0.018722605771922828,0.1368305732353805,0.1930920558087601,0.0187234872230339,0.13683379415566135,0.153060150559385,0.35337423047127925,0.20031407991189426,0.19999999999999973,0.19994624532079597,343.23405085008744,85.77968584278429,-5.9819150621809314e-05,8.759548641990023e-09,0.34662709493778104,0.34663525435868764,0.20744718612855562,7.177408351658825,139.32605628727845,8.633294524356701,115.83063651758292,7.115138079430398,140.5454101995523
144.8210984274,0.04511404144825,0.15535927031074956,0.35184685084228007,0.1964875805315305,0.000122497625914,0.483159935063,347.0705290163729,82.49170837702593,0.19203668571424942,0.19208854349935772,429.5622373933988,430.17291239438146,-0.14196035672808804,1.5865221429270477,0.19312296654136357,0.018706027004387345,0.13676997844697988,0.1930920940600364,0.01870690439514447,0.13677318595084517,0.1530748044044934,0.35331561508884346,0.20024081068435007,0.2,0.19994625872843866,343.67287513557136,85.8893622578275,-5.981893959061679e-05,8.552203389911028e-09,0.3464735927271636,0.346481718160833,0.2073713078124106,7.20148304374702,138.86028668335067,8.626973545334748,115.91550556461078,7.140632393792726,140.0436186673451
145.1956234223,0.04516605880865278,0.155368659042902,0.35178252655056647,0.19641386750766446,0.000125230936772,0.482905473713,347.50436511858686,82.60784816572875,0.19206115430887047,0.19211300697166925,430.1122132843156,430.7236631854994,-0.14195874372484596,1.586522142930057,0.1931229665409679,0.018689251849639245,0.1367086385333394,0.19309213315869353,0.018690125097106013,0.13671183232297784,0.15308970326140445,0.3532560196592209,0.20016631639781643,0.2000000000000002,0.19994627264911935,344.11287941725374,85.99933386706195,-5.9818749909013036e-05,8.347322832946702e-09,0.3463182029223401,0.3463262936143396,0.20729416081340354,7.225869404182647,138.39165144905007,8.62064905706188,116.00054629074802,7.166267831421202,139.54264946886332
145.5775267453,0.04521910093684722,0.15537834668284237,0.35171682102906837,0.196338474346226,0.000128042772048,0.482647039968,347.9419060552809,82.72497975453794,0.1920857685609686,0.1921376152860176,430.66688580981884,431.27911722841424,-0.14195712107043512,1.5865221429323564,0.1931229665407359,0.018672174287617548,0.13664616455509299,0.1930921734257254,0.018673043258802556,0.13664934415796717,0.15310494469422822,0.3531950539267658,0.2000901092325376,0.19999999999999984,0.1999462874204773,344.5566408772069,86.1102449326119,-5.98186049804994e-05,8.22719670168226e-09,0.34615994023969016,0.3461679949929607,0.20721523994070762,7.250715959354239,137.9174147223196,8.614296470975681,116.08609053209624,7.192274834702505,139.03806834174785
145.9648584454,0.04527289700630556,0.15538828859848355,0.3516500623485879,0.19626177375010437,0.000130986183203,0.482385999014,348.3806727033083,82.84243947154056,0.19211038817870754,0.1921622291333269,431.22311217484884,431.83612730038703,-0.14195549811230057,1.5865221429318435,0.19312296654077166,0.018654882711315816,0.13658287854381976,0.19309221413825767,0.018655747362115706,0.1365860438043203,0.1531204533923866,0.3531330191343117,0.2000125657419251,0.20000000000000018,0.19994630201333766,345.00164555280514,86.2214666220437,-5.981863731019388e-05,8.245693017272515e-09,0.3459996204681717,0.3460076388885146,0.2071349351566544,7.2758942333878505,137.4401507118079,8.60796077208183,116.17153312818253,7.218507091011702,138.53280011945603
146.352811363,0.04532677935597222,0.1553983637010735,0.35158307557766616,0.19618471187659267,0.000134064167391,0.482125608729,348.81510273532086,82.95873825782162,0.19213470197037522,0.19218653671054162,431.7738409931425,432.3876320797932,-0.14195389532728475,1.5865221429323308,0.19312296654071973,0.018637592188084688,0.1365195670520702,0.1930922548486266,0.018638452504237422,0.1365227179052535,0.15313603771395043,0.3530706818477981,0.19993464413384768,0.19999999999999987,0.19994631690983455,345.44225174855114,86.33158924459138,-5.981860659032279e-05,8.218803415616094e-09,0.34583923614804185,0.3458472180709384,0.20705423879052084,7.301188432365593,136.96400377328695,8.601703071439458,116.25604740069856,7.272813280955829,137.49837392615902
146.7375121868,0.045380210025944445,0.1554084692035129,0.3515165296114083,0.19610806040789538,0.000137270071356,0.481868452613,349.2409105500222,83.07272883944798,0.19215847308626777,0.19221030215122775,432.3136393894702,432.92819103640227,-0.14195232827431958,1.586522142932069,0.19312296654075883,0.01862047478051241,0.13645686051097763,0.193092294651404,0.018621330867228197,0.1364599973150674,0.15315166187579407,0.35300818520061816,0.1998565233248241,0.1999999999999999,0.1999463309627478,345.87411336839324,86.43952602107703,-5.981862309933916e-05,8.239053883585257e-09,0.34568038432378534,0.34568833065670823,0.20697333612997318,7.326491063379578,136.49098747944396,8.59561296366438,116.33841637905621,7.339075974044211,136.25693527859042
147.1187560525,0.04543316056284722,0.15541859650766465,0.35145046140347214,0.19603186489580748,0.00014060615995,0.481614636516,349.65799976939974,83.18438541566408,0.19218169999709755,0.19223352392503343,432.8423851850638,433.4576818195675,-0.14195079711606384,1.5865221429303555,0.1931229665409775,0.01860353847268969,0.13639478902322363,0.19309233355694208,0.01860439044173011,0.136397912160451,0.15316724491546543,0.3529458530430261,0.19977860812756068,0.2,0.19994634423953794,346.2971326353884,86.54525254967544,-5.9818731101835e-05,8.35227442763653e-09,0.34552314125325007,0.3455310529644894,0.20689264640294025,7.35183295946431,136.02050067155835,8.589716708277816,116.41827477689816,7.37661186922363,135.5635917584542
147.4992106949,0.04548600148540278,0.15542881433162384,0.35138440880991534,0.1959555944782915,0.000144082623587,0.481362363749,350.0693712344231,83.29451132446327,0.19220455297897382,0.19225637234042364,433.3638825588863,433.97991396821214,-0.1419492906233777,1.5865221429280139,0.19312296654124939,0.01858666396829599,0.1363329159385069,0.19309237177205282,0.018587511907505162,0.13633602571406123,0.15318284261633153,0.3528834622409211,0.19970061962458957,0.2,0.1999463568072268,346.71435306940214,86.64952948948422,-5.981887869488389e-05,8.493072911619493e-09,0.3453664007887246,0.34537427865140363,0.20681188075981197,7.377313059849476,135.55070686134115,8.584038350363075,116.49528569006259,7.401896776744031,135.10050601379544
147.8817680507,0.04553913445148611,0.15543920056290728,0.35131786713955837,0.1958786665766511,0.000147728141675,0.481109718692,350.4781275154287,83.4039371372651,0.19222720626635442,0.1922790235450347,433.8820646526938,434.498826165599,-0.14194779726979245,1.5865221429296685,0.1931229665410622,0.018569722564041824,0.13627076929423207,0.1930924094061158,0.018570566601289314,0.13627386617135845,0.1531985742055621,0.3528205358830634,0.1996219616775013,0.20000000000000018,0.1999463669617078,347.1289221355429,86.75314251715096,-5.981877440053296e-05,8.396150441569716e-09,0.34520896732735873,0.34521681251499664,0.20673042183392273,7.403320790469189,135.0745197057204,8.578564805941298,116.56961538687978,7.427400471461302,134.6366072278388
148.2676686872,0.04559273176211111,0.15544979369446904,0.3512506133551304,0.19580081966066137,0.000151582101675,0.480855899373,350.8854902342568,83.51298988747196,0.1922497285535383,0.19230154084114373,434.39848012172877,435.01596924921705,-0.14194631258112045,1.5865221429313274,0.19312296654084518,0.018552659488239462,0.1362081476573243,0.19309244812479148,0.01855349944440341,0.13621123097749102,0.15321449174451648,0.35275686572615894,0.19954237398164246,0.1999999999999999,0.19994637979885815,347.54207663126283,86.85640349046591,-5.98186698397285e-05,8.283773667017158e-09,0.3450503305872769,0.3450581414316432,0.20664800005127204,7.429586426399222,134.596994046229,8.573145855543654,116.64329720383445,7.452948836153076,134.17507915110838
148.6561082108,0.04564668169594444,0.15546057159303706,0.3511827874484416,0.19572221585540456,0.000155669639403,0.480601451733,351.29049728645373,83.62141201561535,0.19227206757756524,0.1923238755678963,434.9119093020691,435.5301218364127,-0.14194483994285356,1.5865221429370473,0.19312296654015562,0.018535510872706357,0.13614518306831996,0.1930924867064185,0.01853634677540606,0.13614825292821814,0.15323056254444806,0.3526925825229834,0.19946201997853535,0.20000000000000023,0.19994639192142605,347.9528422334619,86.9590670686072,-5.981830930590348e-05,7.926725942297708e-09,0.3448908250611765,0.3448986018072147,0.206564784673471,7.45594605814039,134.1211419989019,8.567766707533478,116.71653000550523,7.478565104772671,133.71549033675188
149.045090986,0.04570070708138889,0.15547148097205285,0.3511147330199225,0.19564325204786967,0.000159997823432,0.480347691265,351.69100894810083,83.72863070838723,0.19229410684011072,0.19234590988207903,435.419639656488,436.0385675682559,-0.1419433870768927,1.5865221429399314,0.193122966539763,0.01851836482112003,0.13608219876648095,0.19309252538389265,0.01851919664645533,0.1360852550662831,0.15324670484718972,0.35262801331005655,0.19938130846286684,0.19999999999999996,0.19994640454555174,348.3590482386535,87.06059141783453,-5.981812751798543e-05,7.723399697567856e-09,0.34473126959738715,0.34473901199220847,0.20648119905222576,7.482556208683706,133.64416813060132,8.562485236349666,116.78852253721574,7.5042688645752,133.25748557872438
149.4330259893,0.045754586942958336,0.15548247604873336,0.35104672818122246,0.1955642521324891,0.000164562127356,0.480095648935,352.08539800274144,83.83421035296992,0.19231575902078032,0.1923675573004107,435.9196083557114,436.5392407088772,-0.14194195971010126,1.5865221429452399,0.1931229665391752,0.01850129120751117,0.1360194515777474,0.1930925636349241,0.018502119009664128,0.13602249449875609,0.1532628523419286,0.35256342332816176,0.19930057098623316,0.2000000000000003,0.19994641684294917,348.75904463340515,87.16056372230622,-5.98177929300725e-05,7.4190653620576086e-09,0.3445723148021835,0.3445800233050741,0.20639758654555554,7.50909684855479,133.17180749805632,8.55728273863636,116.85952545250998,7.529810968599066,132.80545875191495
149.8197528186,0.04580829900258333,0.15549355075874513,0.35097880290520267,0.19548525214645754,0.000169355778567,0.479845415114,352.47354648528784,83.9381193695606,0.1923370201507826,0.19238881380671416,436.4116658548484,437.03199150283086,-0.14194055813838702,1.5865221429437972,0.19312296653934624,0.018484296684181042,0.1359569662951518,0.19309260164001923,0.01848512050758251,0.13595999598257758,0.15327899739109188,0.3524988431323638,0.1992198457412719,0.19999999999999998,0.19994642887987288,349.15271174565515,87.2589541091933,-5.9817883857338217e-05,7.507616750501711e-09,0.34441402348270467,0.3444216984615202,0.2063139867061228,7.535738579445813,132.7009939977962,8.552240466712497,116.92842406527917,7.55531468252185,132.35716075643523
150.2062389017,0.045861977625236104,0.1555047324706645,0.35091078471263,0.1954060522419655,0.00017437258006,0.479596354975,352.856454756113,84.04062555897437,0.19235794731877084,0.19240973638985945,436.8970803150874,437.5180898980584,-0.14193917858703609,1.586522142938095,0.19312296654004849,0.01846733808415415,0.13589458445484187,0.19309263957359366,0.018468157948471668,0.1358976009665795,0.15329518054269994,0.3524341105294437,0.19913892998674373,0.19999999999999996,0.19994644077578824,349.54106412075197,87.35601619433542,-5.981824328094021e-05,7.871236995526942e-09,0.3442559942091862,0.3442636358105891,0.2062301895731518,7.562666573400875,132.22849246285196,8.547388669652664,116.99479673253663,7.58096713390096,131.9092910359878
150.5935875886,0.04591577605397222,0.1555160533941546,0.3508424771236929,0.19532642372953826,0.000179601259823,0.479347756266,353.23520516628747,84.14201867122868,0.19237860154896202,0.19243038618588285,437.3772238375161,437.998909928856,-0.1419378170235297,1.5865221429317686,0.19312296654078523,0.018450366734196616,0.13583212703258613,0.19309267763680327,0.018451182654285553,0.13583513041288528,0.1533114482395378,0.35236903974577516,0.19905759150623736,0.19999999999999996,0.19994645245024695,349.9251995486672,87.45202428884893,-5.981864202864173e-05,8.252731831248639e-09,0.34409777346712606,0.34410538180321215,0.2061459546610955,7.589824318846393,131.75535532711697,8.542660054646579,117.05955681287746,7.606689766845878,131.46322916422173
150.9822206975,0.045969752874652776,0.15552752667731623,0.3507738030615918,0.19524627638427555,0.000185019643552,0.479099352123,353.6101697840843,84.24239831056295,0.19239900470871033,0.19245078432609658,437.8525680946472,438.4749239323004,-0.14193647200432258,1.5865221429338787,0.19312296654057737,0.018433364085238386,0.13576952561321848,0.19309271592673302,0.01843417602171716,0.13577251570814014,0.15332781849510926,0.35230355872244873,0.19897574022733946,0.20000000000000015,0.1999464646092658,350.30549508403476,87.54707301061252,-5.981850902392338e-05,8.145106811241476e-09,0.3439391879432822,0.3439467626240843,0.20606118869009704,7.617150009287011,131.28269743680724,8.538041701845112,117.12287605527801,7.632446662033773,131.01958576066036
151.3717223585,0.04602385032756944,0.1555391403055344,0.3507048339831509,0.1951656936776165,0.00019059446635,0.478851412177,353.98090682786165,84.34164621020622,0.19241913432385316,0.19247090897537786,438.32255303806784,438.94557107106056,-0.1419351450505535,1.5865221429312863,0.1931229665408696,0.018416348253387706,0.1357068467446934,0.19309275413269572,0.018417156214542894,0.13570982357420885,0.1533442740712592,0.3522377364193091,0.19889346234804992,0.19999999999999996,0.19994647661775156,350.68150293600866,87.6410501020592,-5.981867242654815e-05,8.296430209497885e-09,0.34378040622076866,0.34378794729687906,0.20597598092763347,7.644546584684682,130.81220565827024,8.533563038533979,117.18434556403004,7.658164984682225,130.57958427380302
151.7604029892,0.0460778337485,0.1555508437101481,0.3506358685295877,0.19508502481943962,0.000196274362086,0.478605007729,354.34580864512674,84.4393319946174,0.19243890499916597,0.1924906745900811,438.7851406397441,439.4088104453044,-0.141933841728914,1.5865221429312943,0.1931229665408584,0.01839939269263654,0.13564436107939223,0.19309279226813636,0.0184001966948222,0.1356473246873015,0.1533607433578807,0.3521718592727697,0.19881111591488904,0.20000000000000007,0.19994648860544884,351.05159251657926,87.73354812316487,-5.9818671926947786e-05,8.290612640848849e-09,0.3436221139317979,0.34362962151417353,0.20589070217012195,7.671614298305427,130.35066168809982,8.529281093422687,117.243175485346,7.683504155032602,130.14895024752633
152.1391247884,0.04613043399838889,0.15556235565436669,0.3505685336552752,0.1950061780009085,0.00020188421913,0.478365883088,354.6965062801735,84.53321525843779,0.19245786683633326,0.19250963246235947,439.2297215386113,439.8540177458125,-0.14193259172683437,1.5865221429328402,0.19312296654067296,0.018382894729941,0.13558353414017868,0.19309282869232758,0.01838369499210607,0.13558648528561418,0.15337683694217125,0.3521074849346798,0.19873064799250856,0.19999999999999987,0.19994649924950428,351.4072763506314,87.82244518797991,-5.9818574482672915e-05,8.194600553679265e-09,0.3434680236233602,0.34347549963507895,0.2058073688164267,7.698288802094907,129.89899777829507,8.525111038454565,117.30052494205171,7.708362138819983,129.72924494088218
152.5092991238,0.04618184710052778,0.15557371115545404,0.350502589076581,0.19492887792112695,0.000207373831659,0.478133073114,355.03465969718275,84.6237403811887,0.19247611410609708,0.19252787584333764,439.6584000783714,440.2833002813292,-0.141931388848604,1.5865221429295742,0.19312296654107214,0.018366791192968836,0.13552413509397077,0.19309286410477414,0.018367587840278872,0.1355270741965563,0.15339261084160474,0.3520443893389413,0.19865177849733653,0.20000000000000018,0.19994650957150317,351.7502375789095,87.90816249946185,-5.981878035132837e-05,8.401301876403977e-09,0.3433175505357871,0.34332499603986416,0.205725690809309,7.72460606559855,129.45643978577615,8.52108497453882,117.35594739261737,7.732745379934321,129.32017684106052
152.8761295361,0.04623279576890278,0.15558506496839378,0.35043711167958896,0.1948520467111952,0.000212740448894,0.477903260571,355.3652452248367,84.71223954740309,0.19249391863627272,0.19254567685890264,440.0774847722398,440.70297545335904,-0.14193021512409754,1.5865221429296679,0.19312296654105993,0.018350854337254342,0.13546532522108506,0.19309289899412982,0.01835164745666388,0.13546825257846903,0.15340828504711487,0.3519816925168391,0.1985734074697242,0.20000000000000004,0.1999465193900113,352.0855234301198,87.99196134212005,-5.981877444494188e-05,8.394973605163614e-09,0.3431685699760334,0.34317598572648883,0.2056445290199863,7.750943651997947,129.01654880979967,8.517190231080212,117.4096119575778,7.757057183885038,128.91486762240945
153.2447074199,0.04628398714165278,0.15559657409426042,0.3503711914599649,0.1947746173657045,0.000217987845238,0.477673249085,355.69288204147733,84.79994933104776,0.19251153092961998,0.19256328544708876,440.49283137252513,441.1189072650899,-0.1419290541061602,1.5865221429246221,0.1931229665416784,0.01833486273810308,0.13540628766088775,0.19309293386956333,0.018335652336198167,0.13540920329208855,0.15342407697991386,0.35191852478873614,0.19849444780882228,0.19999999999999993,0.19994652932482093,352.41781854712514,88.0750128254,-5.9819092479429514e-05,8.715228538846986e-09,0.34301901262565815,0.34302639867067053,0.20556275763637225,7.777486936936547,128.57623652838782,8.51328821256695,117.46342600310923,7.781445301976797,128.51083072523303
153.6193938646,0.04633602692563889,0.155608377620894,0.3503040445063761,0.1946956668854821,0.000223123570609,0.477440345106,356.0213027245267,84.88786895908548,0.19252915205855448,0.19258090282182483,440.9091716836122,441.53583418763816,-0.14192789248440585,1.586522142916925,0.19312296654261304,0.0183186278628642,0.13534632563488452,0.19309296927583083,0.018319413882188842,0.13534922933725496,0.15344017454989906,0.3518541345134683,0.19841395996356925,0.20000000000000012,0.19994653931436068,352.7509086535126,88.15826303009958,-5.9819577635789045e-05,9.199174755281092e-09,0.3428671133652178,0.3428744691914295,0.20547940365035872,7.804498093774349,128.13123765097725,8.50937959048205,117.51738059946516,7.806186647237897,128.1035216284298
154.0034233186,0.04638936434980555,0.15562058368641374,0.35023508109917034,0.1946144974127566,0.000228156785701,0.477202596651,356.3530533099078,84.97668001628226,0.19254691809644142,0.19259866538133213,441.32973332619,441.95698838936477,-0.14192672129943462,1.58652214291515,0.19312296654284186,0.01830201065801508,0.13528492398643346,0.1930930053801277,0.018302793044198643,0.13528781557922592,0.15345671962793284,0.3517879542024765,0.19833123457454366,0.20000000000000004,0.19994654910775714,353.08737612897164,88.24235719721841,-5.981968952406547e-05,9.317657756469089e-09,0.3427115671702138,0.34271889231974456,0.20539373244251202,7.8324521458281176,127.67393676738142,8.505522515495386,117.57067225184544,7.831678865722846,127.6865429680386
154.3985213817,0.04644423908079166,0.15563325671151657,0.3501639759787419,0.19453071926722532,0.000233098939546,0.476959021901,356.6892334300615,85.06667687896152,0.19256488683864928,0.19261663019384734,441.755910309023,442.38376584331326,-0.14192553677764286,1.5865221429099583,0.193122966543464,0.018284937916681822,0.13522181006288084,0.19309304265385047,0.0182857165207869,0.13522468902085485,0.15347379078974044,0.35171966955835776,0.19824587876861732,0.19999999999999982,0.19994655940001982,353.42833594811015,88.3275743609129,-5.9820016751199745e-05,9.639822273754817e-09,0.34255168334122815,0.3425589764835086,0.20530533714964525,7.861316844921915,127.2051514684793,8.501622673144531,117.62460396635385,7.85793400021998,127.259913352798
154.8038187772,0.04650053038572223,0.1556463772214122,0.350090873094257,0.19444449587284482,0.000237962738259,0.47671023205,357.0286853570896,85.15754961841091,0.1925829953144722,0.19263473589532315,442.1862349755005,442.8146968248903,-0.14192434304824975,1.5865221429069938,0.19312296654383174,0.018267449175656175,0.13515712772790112,0.1930930806590175,0.018268223958033493,0.13515999392584144,0.15349135436919173,0.3516494152423932,0.19815806087320145,0.2000000000000001,0.19994656868508773,353.77261457237125,88.41362040312924,-5.982020361283702e-05,9.830225522478031e-09,0.34238782632201326,0.3423950871398409,0.205214392093243,7.891021769253481,126.7263010091282,8.497761159225297,117.67805440311594,7.8849378314292675,126.82408173391197
155.2112166373,0.04655711342184722,0.1556596891334863,0.35001721822027676,0.19435752908679046,0.000242734211951,0.476461249543,357.3643804000823,85.24741662385698,0.19260086874558893,0.19265260768871034,442.6117970239393,443.24085847795834,-0.14192316479558764,1.5865221429028404,0.19312296654434305,0.01824989447643982,0.13509217030027987,0.19309311808284807,0.01825066548659062,0.13509502391498593,0.15350906314235582,0.35157858015229043,0.1980695170099346,0.20000000000000012,0.19994657675667135,354.113083376884,88.49871364705533,-5.9820465403426226e-05,1.0094991509390638e-08,0.34222327242226275,0.342230501363516,0.20512269521755788,7.9197264582025415,126.26698728518456,8.49421722642498,117.7271517014025,7.911015920904647,126.40601535859976
155.5751625853,0.046607661470180556,0.1556716823569769,0.34995127198143655,0.19427958962445965,0.000247028309118,0.476239736876,357.65959579667475,85.32644705402467,0.19261655853744908,0.1926682982003669,442.9860428506995,443.61563160623564,-0.14192213048411784,1.5865221428949539,0.19312296654528413,0.018234232847529855,0.13503419140177,0.1930931483045081,0.018235000762185774,0.13503703478004014,0.15352492855542954,0.3515151185047032,0.19799018994927364,0.19999999999999984,0.1999465814734906,354.41249794223285,88.57354490846657,-5.982096249468327e-05,1.0582290599359112e-08,0.34207639693469466,0.34208359994441845,0.20504054335122274,7.947925484587937,125.8189954018983,8.49090871241398,117.77302452185926,7.936556948122063,125.99922189641927
155.9227521214,0.046655937794638884,0.1556832284426952,0.34988815958779174,0.19420493114509654,0.000251223137785,0.476028988839,357.93742607377544,85.40082341301527,0.1926313001683826,0.19268304090107446,443.33824948679074,443.9683344914028,-0.14192115870917954,1.5865221428888234,0.19312296654605296,0.018219292870218756,0.13497886082723753,0.19309317682828625,0.018220058002813115,0.13498169506571295,0.15354012114787088,0.351454348138782,0.19791422699091113,0.19999999999999993,0.1999465856308417,354.6942802223527,88.64396926443807,-5.982134890780699e-05,1.09803943715292e-08,0.3419362303340736,0.34194341019034263,0.20496187538155614,7.975494016389771,125.38408253394506,8.48797003849321,117.81379946736013,7.961273456040871,125.60804568786894
156.2832320033,0.04670600444490278,0.15569529961571155,0.3498225689329172,0.19412726931720564,0.000255628923908,0.475811269531,358.2213116133583,85.47682079178307,0.19264633891614866,0.1926980795346907,443.69813240514134,444.32872447439723,-0.14192016732698098,1.5865221428847112,0.19312296654655106,0.01820381684037873,0.1349215210423405,0.19309320733346047,0.018204578984073697,0.13492434540909842,0.15355591912562472,0.3513911562302556,0.19783523710463086,0.20000000000000012,0.19994659109181967,354.98220335692645,88.71592904821486,-5.982160810047432e-05,1.1238299180149625e-08,0.34179097388594765,0.34179812873461285,0.2048800726962498,8.003346157589819,124.9477381472085,8.485147659069936,117.85298738214425,7.986064764938204,125.21811798852072
156.6580863176,0.04675806754411112,0.15570795627572911,0.3497542131025059,0.19404625682677676,0.000260203242164,0.475585782135,358.5119313309068,85.55462093893375,0.19266170915513092,0.19271344880222402,444.0665522698406,444.6976634319568,-0.14191915407101297,1.5865221428840233,0.19312296654665204,0.018187743050316695,0.13486194070350868,0.19309323977113124,0.018188501978258276,0.13486475439586978,0.15357239234053383,0.3513252633711241,0.19775287103059025,0.20000000000000018,0.19994659752464147,355.2769560689876,88.78959620085297,-5.9821651465785664e-05,1.129059068460947e-08,0.3416400415374501,0.341647169345118,0.20479477359845452,8.031630832438495,124.50771466750652,8.482291380035683,117.89267253346739,8.011260577572191,124.82430078476483
157.0310381942,0.046809866415861115,0.15572065240025676,0.3496860519599366,0.1939653995596798,0.000264706928523,0.475362360073,358.796437639184,85.63078450014457,0.19267673138460273,0.19272847076831956,444.4272221393285,445.0588414749456,-0.1419181637924316,1.5865221428834357,0.19312296654670089,0.018171770410960554,0.13480270921224305,0.19309327158912426,0.018172526221574233,0.134805512578582,0.1535888278005072,0.3512595215314757,0.19767069373096852,0.1999999999999997,0.19994660316756985,355.5655087173708,88.86171342195773,-5.9821688491723535e-05,1.131588156511043e-08,0.3414899929097145,0.341497094558908,0.20470966999726148,8.060682002174362,124.05898157627988,8.479384852371886,117.93308328495978,8.037119423830136,124.42268769019289
157.4057624522,0.046861911451694445,0.15573351359551768,0.3496174114368096,0.1938838978412919,0.000269163254376,0.475138805183,359.07763797281694,85.70606303773464,0.19269155511546374,0.19274329429494186,444.7837010105515,445.4158226145657,-0.1419171865749247,1.586522142882733,0.19312296654679686,0.018155741440893367,0.13474324265392074,0.19309330338240405,0.01815649414480884,0.13474603572947458,0.15360538771175228,0.3511932818869754,0.19758789417522313,0.20000000000000026,0.19994660868572095,355.85070839480807,88.93299261574344,-5.982173278962222e-05,1.1365575147692653e-08,0.34133934879656186,0.34134642437654533,0.20462392198164706,8.09008393599306,123.60811184553546,8.47644461680174,117.97399088974542,8.063157194972664,124.02089849165966
157.7864210077,0.04691478069551389,0.15574668577440387,0.3495475240748384,0.19380083830043454,0.00027361088451,0.474912666231,359.35851267529176,85.781254402461,0.19270633797918474,0.19275807671821832,445.13976707775277,445.7723903686466,-0.14191621207645388,1.586522142884998,0.1931229665465168,0.018139478822589025,0.13468288244089902,0.1930933356205771,0.01814022835975853,0.13468566501212567,0.15362225718103037,0.35112580400846355,0.19750354682743318,0.1999999999999999,0.19994661440253683,356.1355777146223,89.0041893631305,-5.982159002604348e-05,1.1220580020676607e-08,0.34118644082581506,0.34119348979563147,0.20453657105771736,8.119968716197562,123.15318383003357,8.473406909835594,118.016284434451,8.089960479139847,123.60999816729927
158.1757315504,0.04696885160422222,0.15576026906885349,0.3494758807693553,0.19371561170050183,0.00027808458328,0.474682387594,359.6407913814493,85.85682162504551,0.19272117092980662,0.19277290891959506,445.49761300649476,446.1307404920233,-0.14191523427197206,1.586522142881585,0.19312296654696048,0.018122867681566138,0.13462120071358055,0.19309336858315762,0.01812361396671302,0.1346239724815496,0.1536395612289997,0.3510565878188034,0.1974170265898037,0.20000000000000023,0.19994662042738498,356.4218708773791,89.07574212911565,-5.982180515395896e-05,1.1450307368932044e-08,0.3410301851188806,0.3410372067212621,0.20444696986818886,8.150749605844384,122.68810212044346,8.470352688639572,118.05883848746923,8.138086330280542,122.87901103717184
158.574314902,0.04702421040305555,0.155774293537751,0.349402351318934,0.193628057781183,0.000282625170427,0.474447675844,359.92457822088824,85.93279258134822,0.1927360591274477,0.19278779643798055,445.8573708022364,446.4910051761052,-0.14191425281206982,1.5865221428794556,0.1931229665472003,0.018105882708761088,0.13455810160953183,0.19309340233099817,0.018106625655987682,0.13456086227424258,0.15365741881662426,0.3509851574695034,0.19732773865287911,0.20000000000000004,0.19994662635167731,356.70969367630045,89.14767712593601,-5.982193936882041e-05,1.1574474712006122e-08,0.3408703388315164,0.34087733230648404,0.20435450242267342,8.182074746189462,122.21838971413916,8.4673783865723,118.10030854246641,8.185393679250337,122.16883380147763
158.9689464659,0.04707902034248611,0.15578829532083724,0.3493293687313407,0.19354107341050344,0.000287188838245,0.474216337498,360.20035492987273,86.00661919131572,0.19275050409220315,0.1928022414353788,446.20697412118847,446.8411010759613,-0.1419133005549189,1.5865221428829217,0.19312296654680602,0.01808908771665041,0.1344956791746501,0.19309343478325788,0.018089827405312314,0.1344984290068561,0.15367515030761703,0.3509142315035605,0.19723908119594347,0.20000000000000015,0.1999466313444043,356.98939276327707,89.21758135791141,-5.9821720899133624e-05,1.1370326902238048e-08,0.34071220672148883,0.340719172754931,0.2042626879082933,8.21292763806897,121.75926101731984,8.46454000571815,118.139910653675,8.211857440056122,121.77512911051775
159.3381586515,0.04713029981270834,0.15580149910915467,0.3492609213413967,0.19345942223224202,0.000291712907343,0.474000835827,360.4536880618297,86.07443755927312,0.1927637535475442,0.19281549261565215,446.52812562110284,447.16270506911764,-0.14191242713694763,1.5865221428821767,0.1931229665468668,0.018073393797661735,0.1344373229340042,0.19309346349778087,0.018074130668047216,0.13444006347829213,0.15369178587823176,0.3508476892214061,0.19715590334317432,0.2000000000000001,0.19994663424321252,357.24632980823293,89.2817958128699,-5.9821767850465335e-05,1.1401790622755925e-08,0.340564375329072,0.34057131783382477,0.2041765481246457,8.2436516587341,121.30546527163189,8.46188926773011,118.1769186951614,8.238187431022716,121.38592480116183
159.7004644428,0.0471806200615,0.1558145552917491,0.34919359572022324,0.19337904042847415,0.000296517357162,0.473790250585,360.6978859216008,86.13981037563717,0.192776507195885,0.1928282486291424,446.837696297238,447.4727119214064,-0.14191158639411672,1.586522142880791,0.19312296654706104,0.018058011139069657,0.1343800994904739,0.19309349127044206,0.018058745376667372,0.13438283140590307,0.1537081542185338,0.35078221586116964,0.19707406164263586,0.2,0.1999466364142768,357.49400189950114,89.34369439773688,-5.982185520281291e-05,1.1502376828786964e-08,0.340419413603602,0.34042633424923247,0.20409179207308834,8.274212359900341,120.85742503375204,8.459462558550186,118.21081931372525,8.264178602242655,121.00416122766627
160.0719833304,0.04723221990700001,0.15582804691981056,0.34912439194798367,0.1932963450281731,0.000301824729979,0.473575228659,360.9437726272704,86.20563530329433,0.1927893312042151,0.19284107416326324,447.14940793056473,447.7848627474107,-0.14191074100787793,1.5865221428790544,0.19312296654728345,0.018042255282009097,0.13432146247718232,0.19309352000201152,0.018042986749115864,0.13432418527248122,0.15372498422145287,0.3507148958506062,0.19698991162915336,0.19999999999999998,0.1999466393916419,357.7433865088859,89.4060214216788,-5.982196465970091e-05,1.1617529160901086e-08,0.34027087094173564,0.3402777684837264,0.20400464551046377,8.30538508740791,120.4038090318215,8.457105649814322,118.2437634584777,8.290558494819743,120.61913568607447
160.4599080352,0.04728609833822222,0.15584224591042833,0.349051953189775,0.19320970727934667,0.000307756363463,0.473351709263,361.1956338529538,86.27305963561625,0.19280244828528986,0.19285419278968008,447.46869348857007,448.10459816958945,-0.14190987631389484,1.586522142880258,0.19312296654711975,0.01802582289074152,0.13426028039126658,0.1930935505063704,0.01802655142503822,0.1342629935054266,0.1537426063742663,0.3506444072385321,0.19690180086426579,0.20000000000000037,0.1999466425218484,357.9988305918924,89.46986289667768,-5.982188878705941e-05,1.1532774735201201e-08,0.34011588095520157,0.34012275397237324,0.2039133971556222,8.337664082987569,119.93766959746331,8.454749646184203,118.27671330887011,8.317852099736317,120.22334468194029
160.8622208244,0.047341975114499994,0.15585709175648332,0.34897663181240957,0.19311954005592624,0.000314409229695,0.473120979557,361.4515685395328,86.34157445093464,0.19281575835289796,0.19286750477836945,447.7931429904674,448.4295048114891,-0.14190899889363617,1.5865221428807308,0.19312296654706046,0.018008801612359203,0.13419687631371754,0.19309358232512974,0.018009527084210927,0.13419957929967935,0.15376093531314716,0.3505710914827131,0.19681015616956593,0.19999999999999965,0.199946645398184,358.2584062172141,89.53473677325329,-5.9821858988673426e-05,1.150206596634007e-08,0.33995526209138793,0.3399621094512241,0.2038184890291068,8.370422346248482,119.46828470945525,8.452406452874747,118.30950221991397,8.345440927822263,119.82590358601331
161.2567866711,0.04739677592654167,0.15587176905784614,0.3489025662415476,0.19303079718370145,0.000321725692615,0.47289575396,361.697366911696,86.40737573133798,0.19282852312985047,0.19288027086991913,448.104742643034,448.7415434990001,-0.14190815742192164,1.5865221428806004,0.19312296654708982,0.01799212839666446,0.13413473970849035,0.19309361259735705,0.017992850836056798,0.13413743264300534,0.15377896337967678,0.35049897921674306,0.19672001583706628,0.2000000000000003,0.1999466484736885,358.5077011863946,89.59704145663937,-5.982186720432381e-05,1.1517276021777434e-08,0.33979785406151625,0.33980467595844804,0.2037251388345425,8.40215950181556,119.01702172922536,8.450138398812143,118.34125700717192,8.37216490778038,119.4434188785131
161.6180992486,0.04744695822897223,0.15588530933914604,0.3488345766786823,0.19294926733953624,0.000329278999617,0.472690420306,361.917927808131,86.46642083102329,0.19283996217407837,0.1928917129530887,448.38434863915427,449.0215434518324,-0.1419074033240597,1.5865221428787217,0.193122966547332,0.01797687793823139,0.13407788012282784,0.19309363875441837,0.01797759787451062,0.13408056486497444,0.153795516817923,0.35043276546496754,0.19663724864704454,0.2,0.1999466494388758,358.73140046792264,89.65294817123166,-5.9821985620711615e-05,1.1642686814639092e-08,0.3396538140817695,0.3396606152253214,0.20363942433718252,8.433071968576614,118.58075013781557,8.447988986044436,118.37136644613756,8.398178579747,119.07343842527882
161.9688793543,0.04749567768809722,0.15589854789368945,0.34876841569679656,0.1928698678031071,0.000337109071722,0.472491911591,362.1279247709871,86.5226379203172,0.19285084008654066,0.19290259409171903,448.65056269130423,449.28813259197443,-0.14190668624874947,1.5865221428745442,0.19312296654781663,0.01796208790117551,0.13402271412404507,0.19309366392689908,0.01796280550404003,0.13402539126613297,0.15381162873144522,0.35036831781330274,0.19655668908185753,0.19999999999999973,0.19994665008607043,358.94438562194745,89.70617706935683,-5.9822248943408596e-05,1.189361942266487e-08,0.3395140643939236,0.33952084628456886,0.20355599607731611,8.46320752303395,118.15851109385453,8.445996234874034,118.39929502584182,8.42332376911556,118.71798204724581
162.3271039792,0.04754543110822222,0.15591216266543118,0.34870069376558127,0.1927885311001501,0.000345336191971,0.472290051534,362.3381759859498,86.57892307399824,0.19286171824441142,0.19291347500931144,448.91709905994804,449.55504450261134,-0.1419059691275648,1.5865221428727336,0.19312296654804686,0.01794699999953321,0.13396641369960313,0.19309369003122256,0.01794771517715761,0.1339690829152667,0.15382812419157968,0.350302335973915,0.19647421178233535,0.1999999999999999,0.19994665120385666,359.1576284347614,89.75947062518661,-5.98223630632333e-05,1.2012835171049119e-08,0.33937144091361043,0.33937820272458075,0.20347058179334324,8.493598994595928,117.73572082179207,8.443981263397712,118.4275484284551,8.448548973860248,118.36352053991675
162.7011287508,0.04759737899316666,0.15592648016592284,0.3486298169646933,0.19270333679877047,0.000353923062427,0.472080222788,362.55317058690326,86.63647805246801,0.19287282846988196,0.1929245878636392,449.1896486393713,449.8279780965515,-0.1419052367265472,1.5865221428706353,0.1931229665483242,0.017931263993376405,0.13390766965852405,0.1930937177898861,0.017931976578448187,0.13391033036494304,0.1538453916449657,0.35023326616175704,0.19638787451679135,0.2000000000000001,0.1999466525885297,359.3756820165112,89.8139666228601,-5.982249532410222e-05,1.2156453621514629e-08,0.3392226271227837,0.33922936737764514,0.2033811700914648,8.524954237253171,117.30268247424756,8.44185930204494,118.45731659585489,8.47448381820354,118.00128732937797
163.0906620897,0.04765148084579167,0.15594150204245003,0.34855581774055,0.19261431569809997,0.000362806724765,0.471862711918,362.77216176574404,86.69510293200243,0.192884131373399,0.1929358930200996,449.4672646977465,450.1059853079775,-0.14190449162634344,1.586522142868738,0.19312296654852734,0.017914894397424552,0.13384653300487298,0.19309374701595963,0.01791560420557261,0.13384918455325984,0.15386342326213945,0.35016113969408125,0.1962977164319418,0.20000000000000018,0.1999466543997467,359.59778885922674,89.86947583851979,-5.982261491732643e-05,1.2261636150867616e-08,0.3390677522278812,0.3390744692830877,0.20328780151239634,8.557316257989593,116.85906770903128,8.4396751338891,118.48797307191947,8.501217104214133,117.63021550223563
163.4864431464,0.047706450437,0.1559568795194572,0.3484804388668945,0.1925235593474373,0.000371899533163,0.471642775737,362.9895279716971,86.75329279934881,0.1928953366073029,0.19294710115672606,449.74282077104596,450.38192963181217,-0.14190375295222157,1.5865221428662997,0.19312296654882924,0.01789828191849279,0.13378446067646568,0.19309377630461713,0.01789898893704315,0.1337871030295639,0.1538817945052609,0.35008765472310455,0.19620586021784364,0.20000000000000004,0.19994665553680063,359.8182479061886,89.9245728648574,-5.98227685943975e-05,1.2417955552734838e-08,0.3389105070277545,0.33891720078892584,0.20319267433435942,8.59007139017391,116.41346789549262,8.437458020773128,118.5191081885074,8.528246113561083,117.25740400594943
163.8750373565,0.04776042185506944,0.15597208969383097,0.3484062391014384,0.19243414940760745,0.000381098719523,0.471427872204,363.1979108698087,86.80907779656923,0.19290606586762796,0.19295783359271435,450.00698866637794,450.6464697320666,-0.14190304565546707,1.586522142863546,0.19312296654918581,0.017881990440210258,0.1337235597799066,0.19309380439463616,0.017882694790477792,0.13372619335970717,0.15389988141317434,0.3500153070932319,0.19611542568005758,0.19999999999999984,0.1999466562041738,360.0295960140262,89.9773926523518,-5.982294215556294e-05,1.2602585641730002e-08,0.3387562293663062,0.3387629009024543,0.20309901945797323,8.622519578206381,115.9753817813906,8.43521386323135,118.5506397601781,8.554940134821296,116.89152515862567
164.2506296536,0.047812587451888884,0.15598689571875227,0.3483343441691765,0.19234744845042426,0.000390357430458,0.471221134999,363.3945807500466,86.86172716857219,0.19291618049751327,0.1929679517970541,450.25630791861886,450.89614026794675,-0.14190237888213053,1.5865221428631027,0.19312296654925065,0.017866262344744067,0.13366473859901895,0.19309383080225026,0.01786696421756489,0.13366736407053476,0.1539174091539943,0.3499451961302772,0.1960277869762829,0.2,0.19994665624880925,360.2290646953567,90.02724322326209,-5.98229701109787e-05,1.2636158785994667e-08,0.3386072201604702,0.3386138711562439,0.20300825997415659,8.654296865004115,115.54953748394723,8.432977899151574,118.58207289984813,8.58099424710773,116.53661233219627
164.6184628037,0.04786367538940278,0.15600149576438024,0.34826376537423714,0.1922622696098569,0.00039971794513,0.471019601093,363.5826725777697,86.9120801590608,0.19292584348886524,0.19297761864856472,450.49475273683043,451.13492104800054,-0.14190174187422855,1.5865221428603415,0.19312296654958602,0.01785087659820269,0.1336071727049214,0.1930938562999455,0.0178515761057296,0.1336097904561249,0.15393461838133568,0.3498763592225874,0.19594174084125174,0.20000000000000023,0.19994665586792404,360.4198334410538,90.07491929577658,-5.982314414954004e-05,1.2809819871506534e-08,0.33846139091948463,0.3384680223577183,0.20291914976983494,8.685496061892087,115.13447163801438,8.430745522678052,118.61347223802184,8.606448761046343,116.19194254964964
164.9869687629,0.047914856772625004,0.15601622129052184,0.34819289109734913,0.1921766698068273,0.000409251400241,0.47081862828,363.76662962003564,86.96132624973016,0.1929352841714059,0.19298706315955097,450.7279558697659,451.3684527574542,-0.14190111953448215,1.586522142855228,0.19312296655020805,0.017835480073787983,0.1335495416457428,0.19309388169081632,0.017836177227685504,0.13355215171492185,0.15395190175065165,0.34980722574843337,0.19585532399778172,0.20000000000000026,0.19994665543764023,360.60640858136185,90.12154728840399,-5.982346644728409e-05,1.3131917775410784e-08,0.3383153965985597,0.3383220085762462,0.2028296556562916,8.71649599046091,114.72499971254184,8.428465072903371,118.64556492200398,8.631620824794375,115.85309645756159
165.3616731529,0.0479668990490139,0.156031295601653,0.34812065530007996,0.19208935969842697,0.000419033944086,0.470615233284,363.9490857324954,87.01017053502088,0.19294463818124857,0.19299642113968873,450.95925626751625,451.6000790508007,-0.14190050290321388,1.586522142850274,0.19312296655083633,0.017819842473691082,0.13349098274299684,0.19309390760713357,0.017820537240879203,0.1334935850177049,0.15396951916016716,0.3497367561135128,0.19576723695334564,0.20000000000000032,0.19994665487863134,360.7914614902709,90.16779477724535,-5.9823778708611997e-05,1.3457235326086447e-08,0.33816705181082973,0.33817364404311306,0.20273843186657756,8.74777937242899,114.31472576363464,8.426098617766575,118.67888632248886,8.656934755754978,115.51432790171111
165.7434440069,0.04801992277873611,0.15604675857554606,0.3480468810561423,0.19200012248059622,0.000429106656383,0.470408998587,364.13021889924465,87.05866066205105,0.1929539148808383,0.19300570204816603,451.1888795612957,451.83002587719125,-0.14189989136972336,1.5865221428483713,0.1931229665510019,0.017803928637208075,0.1334313630193744,0.19309393386577775,0.01780462095956866,0.13343395729561744,0.15398751357838136,0.3496647784414859,0.19567726486310455,0.2,0.19994665404667095,360.97517274994823,90.21370681134748,-5.9823898634903117e-05,1.3542966748048002e-08,0.3380160196905105,0.3380225916606212,0.202645255905313,8.779541981357951,113.901158183804,8.423624046404077,118.71375010223605,8.682564191605582,115.17334947742894
166.1288515462,0.04807345160363889,0.1560624754256463,0.34797222289049073,0.19190974746484443,0.000439456352057,0.47020181948,364.30820182257776,87.10630745541684,0.19296302104851962,0.19301481263882883,451.4145092779946,452.0559734996315,-0.14189929107029098,1.5865221428500471,0.19312296655083797,0.017787882460348188,0.13337122051007927,0.19309396006512125,0.017788572330562337,0.1333738067634059,0.1540057251977674,0.34959193196312044,0.19558620676535304,0.20000000000000018,0.19994665292582695,361.15568906570496,90.25882021228968,-5.9823793008284554e-05,1.3458079095585163e-08,0.33786366321939215,0.3378702148653886,0.20255095526423433,8.811589503250996,113.48690263329387,8.421089185938982,118.7494845286449,8.708349486766869,114.83232287812876
166.5127397534,0.04812676941019445,0.15607823649263303,0.3478976781037625,0.19181944161112946,0.000450035078418,0.469996475059,364.48061480463053,87.15246315154204,0.19297183356441286,0.1930236296673646,451.6330779561726,452.27485013473665,-0.14189871012568744,1.586522142858648,0.19312296654979016,0.017771918743075314,0.13331136014261993,0.1930939858536345,0.017772606207046703,0.13331393853249818,0.15402391052942582,0.3495191906312473,0.1954952801018215,0.2000000000000003,0.19994665159818922,361.3305562678519,90.30252168832067,-5.982325088638163e-05,1.2915535307911341e-08,0.33771202148623475,0.3377185532120905,0.20245679073769693,8.843490553099048,113.07752227422998,8.418536766476198,118.78548823141585,8.733944827233746,114.49579998282684
166.8921259893,0.04817946194295833,0.1560939158041699,0.347823831914757,0.19172991611058712,0.000460810478558,0.469794536502,364.64623379303555,87.19680006638269,0.1929802907916739,0.19303209186289383,451.84303385941826,452.4851018598036,-0.14189815261238525,1.5865221428610305,0.19312296654951056,0.017756161118151717,0.13325224620302548,0.19309401076865407,0.01775684627460159,0.13325481707841405,0.15404192663675573,0.3494471262005299,0.1954051995637742,0.19999999999999984,0.19994664969987308,361.49853304900125,90.34450081041699,-5.982310071761532e-05,1.2770740021039728e-08,0.3375622706471682,0.33756878333688556,0.2023635024668421,8.875060923343643,112.67528286704471,8.41596127197846,118.8218395597388,8.759195760786127,114.16573248389771
167.2679542134,0.04823166030741667,0.1561095489460328,0.3477505064150301,0.19164095746899729,0.000471801170369,0.469595470793,364.8056236006257,87.23946940275165,0.19298842251142379,0.19304022888745703,452.0450930033774,452.68744569927793,-0.1418976165571184,1.5865221428611052,0.1931229665494928,0.017740569827463554,0.13319373043602148,0.19309403501655376,0.01774125275454984,0.1331962940721319,0.15405981667692734,0.34937556603975445,0.1953157493628271,0.19999999999999976,0.19994664735901807,361.66019220225655,90.38490080112084,-5.9823096010269694e-05,1.2761547374395832e-08,0.3374140351333861,0.33742052948414675,0.20227086697914565,8.906475892072132,112.27785401520303,8.413331125966621,118.85898522567759,8.784237042606238,113.84027948582148
167.643313713,0.04828379357125,0.1561252628118145,0.3476771010325219,0.19155183822070743,0.000483058694462,0.4693976291,364.96017078646076,87.28084234846814,0.19299630023256506,0.19304811216436268,452.2410131349289,452.88364187664126,-0.14189709724322652,1.5865221428589773,0.19312296654974723,0.017725016580906312,0.13313533182782966,0.193094058891158,0.017725697330908383,0.1331378884123839,0.15407772697680788,0.3493039248415041,0.1952261978646962,0.20000000000000007,0.19994664468761808,361.8169399684709,90.42407316645804,-5.98232301363133e-05,1.2893286438497853e-08,0.3372660964130599,0.33727257290041196,0.20217812658711215,8.938005129226381,111.88178855817617,8.410693475233264,118.89626021262958,8.809298967986575,113.5164107421089
168.020838157,0.048336227521805546,0.15614116879636647,0.34760309802811984,0.19146192923175337,0.000494626997419,0.469199633766,365.11092954496297,87.32120111589941,0.19300397827260934,0.19305579576822965,452.43213066086236,453.0750286817259,-0.1418965911085701,1.586522142859171,0.19312296654969419,0.01770939220406776,0.13307664033957184,0.19309408282584345,0.017710070777583062,0.1330791898742364,0.15409578367051663,0.3492316980664047,0.19513591439588807,0.19999999999999973,0.19994664194835565,361.9698454256833,90.46228523517911,-5.982321793496226e-05,1.2865841725329119e-08,0.3371174157520691,0.3371238743802343,0.2020846281592113,8.969663146769781,111.48690688123858,8.408000566349076,118.93434022854976,8.83440818094282,113.1937736539222
168.4012750662,0.048389065981416665,0.1561572993660664,0.347528348589206,0.1913710492231396,0.000506515391297,0.469001113732,365.2581050009473,87.3606006178749,0.19301146756282447,0.1930632914202191,452.6187056188222,453.2618665183591,-0.14189609738786135,1.5865221428606036,0.19312296654954667,0.017693666433043972,0.13301754182454273,0.19309410642566238,0.017694342863011712,0.1330200844346887,0.1541140229279259,0.3491587410360291,0.19504471810810323,0.19999999999999982,0.19994663835750207,362.1191169726149,90.49958864620733,-5.9823127629421435e-05,1.2789436176774416e-08,0.33696770398740056,0.3369741450739762,0.20199018440720615,9.001352828398534,111.09441203605324,8.405122339158664,118.9750677799293,8.859432296687077,112.87404954535778
168.7834722792,0.04844214892766667,0.15617360743820333,0.347453076979927,0.19127946954172367,0.000518695612127,0.46880268995,365.40116508329993,87.39889841662284,0.19301874151931905,0.19307057152731683,452.80006349992277,453.44347992748493,-0.14189561787613103,1.5865221428662715,0.19312296654886082,0.017677887540949337,0.13295821727501214,0.1930941299276294,0.0176785618443746,0.13296075302274202,0.15413238973731097,0.34908527379506016,0.1949528840577492,0.20000000000000015,0.1999466348857373,362.26421452706506,90.53584897285772,-5.982277037075434e-05,1.2434320240117813e-08,0.3368174196191044,0.336823843321412,0.20189508018215563,9.03289915081104,110.70642805861644,8.402072454709145,119.0182547687417,8.884214028676542,112.55919733272876
169.1633470442,0.048494909311694444,0.15618991773618718,0.3473780898687978,0.19118817213261063,0.000531049562913,0.468606481477,365.53859345429686,87.43568858207279,0.1930257236437377,0.19307756004868787,452.9742820363697,453.6179439328488,-0.1418951576074301,1.5865221428705427,0.1931229665483652,0.0176622243299477,0.13289930146523607,0.1930941530142077,0.017662896559051393,0.13290183053310964,0.15415068715290628,0.3490120841302032,0.1948613969772969,0.19999999999999987,0.19994663108132388,362.40360037671616,90.57068165965356,-5.98225011527731e-05,1.2177681085745462e-08,0.33666817069391386,0.3366745774744245,0.20180033528246963,9.063658994573975,110.33071749485028,8.398979285581808,119.06208671292475,8.908332142634457,112.25445840912151
169.5225047578,0.04854479232747222,0.15620543129173478,0.34730703155513587,0.1911016002634011,0.000542893875857,0.468421902951,365.66416155984035,87.46930370346625,0.19303209850687064,0.1930839414614805,453.1334652633066,453.77735144435945,-0.14189473736478941,1.5865221428774696,0.19312296654749925,0.017647433596603097,0.13284364341812935,0.19309417421860042,0.017648103958131447,0.13284616651650677,0.1541680257030541,0.34894272992528136,0.19477470422222726,0.19999999999999996,0.19994662691344497,362.53095734230783,90.60250792099883,-5.9822064546466436e-05,1.1729284210559854e-08,0.3365271745208925,0.3365335661791313,0.20171055543222224,9.093488272791124,109.96880075076662,8.39578246193482,119.10742143854316,8.931564202466921,111.96247122355089
169.8724433235,0.048593394906041656,0.15622063168694802,0.3472376566249762,0.19101702493802816,0.000554408846737,0.468242917503,365.7824264412556,87.50096372038767,0.19303809850430292,0.19308994803471283,453.2833901616433,453.92748758251406,-0.14189434182562133,1.5865221428787617,0.1931229665473663,0.017633039966390145,0.1327894572863002,0.1930941949629337,0.017633708560437125,0.13279197475915902,0.15418495328099455,0.3488750196128537,0.19469006633185917,0.20000000000000004,0.19994662266704863,362.65090718775264,90.63248297389066,-5.982198310050535e-05,1.1660450383033094e-08,0.33638990708849237,0.33639628449584325,0.20162290361960658,9.122357954117817,109.62078061720892,8.392683288969248,119.1514043326679,8.953889387850525,111.68330952992267
170.2274205427,0.04864269729759722,0.15623613752493232,0.34716713652313247,0.19093099899820015,0.000565888655475,0.468062221181,365.8982807615126,87.53197841974583,0.19304397235817244,0.19309582854121593,453.4302591812584,454.0745635363513,-0.14189395461288168,1.5865221428814393,0.19312296654703986,0.017618456136177796,0.13273453256849851,0.19309421601785923,0.017619122946695875,0.1327370443647736,0.15420215981933652,0.34880619345785396,0.19460403363851744,0.19999999999999984,0.19994661832508479,362.76841221169906,90.66184696955935,-5.9821814335503376e-05,1.1491407825303668e-08,0.33625076862753506,0.33625713165463683,0.2015338073356277,9.152284723912802,109.26233505249586,8.389964994524387,119.19000861775208,8.977092500571555,111.39464140937969
170.5968202067,0.04869400280648611,0.15625236773143047,0.347093586645139,0.19084121891370853,0.000577505565043,0.46787511932,366.0144444470129,87.56307593747285,0.19304985807772823,0.19310172122526148,453.57752038448575,454.2220322263848,-0.14189356661981067,1.586522142881106,0.19312296654704048,0.017603297095403703,0.13267741742815053,0.19309423795810282,0.017603962025877037,0.1326799232207987,0.15422010491077068,0.3487344130921191,0.19451430818134843,0.19999999999999984,0.19994661369033226,362.88623113755017,90.69128924693557,-5.9821835340923e-05,1.1491718687750563e-08,0.3361060812619291,0.3361124290802971,0.20144088678994265,9.183789008532248,108.88751898273628,8.387428739666007,119.22605020425137,9.001546214475736,111.09202532247862
170.9865817019,0.048748136347486114,0.15626959643810234,0.3470158007100178,0.19074620427191546,0.00058936493588,0.467678745211,366.1321494387322,87.59458606954708,0.19305581799454863,0.1931076886813842,453.72673550827926,454.3714575899799,-0.14189317373064503,1.586522142883915,0.19312296654671962,0.01758732147418282,0.132617199013487,0.19309426093317272,0.017587984387660842,0.13261969833950324,0.1542390825955271,0.3486585023514901,0.194419419755963,0.20000000000000012,0.19994660849554904,363.00561355964186,90.72112194863746,-5.9821658293657265e-05,1.1325584914345654e-08,0.3359535325029564,0.3359598639396797,0.20134261942475776,9.21660908740715,108.49977367124329,8.38469727554914,119.26489020851464,9.026931045064304,110.77962100383769
171.3957256777,0.04880496189968055,0.15628779594711953,0.346933947684229,0.1906461517371095,0.00060147114597,0.467473755478,366.2503382936419,87.62622573384775,0.19306179846849406,0.1931136772655607,453.8765640274897,454.52149721322814,-0.14189277948187806,1.586522142884709,0.19312296654663605,0.017570572799303054,0.1325540372802845,0.19309428487258304,0.01757123354496807,0.13255652962026454,0.15425905128987674,0.34857862757367253,0.1943195762837958,0.20000000000000015,0.19994660270942433,363.1254870007666,90.75107702672307,-5.9821608244803315e-05,1.1282308420845766e-08,0.33579352755981,0.33579984129910373,0.2012392205655088,9.249130328605421,108.11827322913066,8.381756824603809,119.30673019105016,9.052000397211103,110.47281883771208
171.7840821863,0.04885890030365277,0.15630517693056584,0.3468560674514434,0.19055089052087754,0.000612870551179,0.467280253015,366.3574357467153,87.65489618220398,0.19306721429744633,0.1931191014819483,454.01233192891925,454.6574564077109,-0.14189242245995493,1.5865221428765173,0.1931229665476236,0.01755469575615716,0.13249413479908143,0.19309430654532878,0.017555354548432836,0.13249662089439426,0.15427804941598622,0.3485026350741739,0.19422458565818768,0.1999999999999999,0.19994659639252224,363.2341114394998,90.77822048941945,-5.982212457622538e-05,1.1793677145988113e-08,0.3356417791416895,0.33564807706163236,0.2011408473607912,9.281078611620543,107.74609739302626,8.378568409312773,119.3521316706683,9.076538016899594,110.17416531921106
172.1487943371,0.048909554769041665,0.15632159336357446,0.3467827680730149,0.19046117470944043,0.000623684651405,0.467099478396,366.4535030167863,87.68061380320695,0.19307206958415155,0.19312396497648207,454.13411681999327,454.7794128901944,-0.14189210239314853,1.5865221428680913,0.19312296654865607,0.01753980423164915,0.1324379259564614,0.1930943265401546,0.01754046133798067,0.13244040674197838,0.15429592889861246,0.3484311171488323,0.19413518825021983,0.2,0.19994659013544847,363.33154869766224,90.80256812233108,-5.982265566251144e-05,1.232829394126611e-08,0.3354993876617263,0.33550567213058824,0.20104826654601135,9.311537509349222,107.3936499741265,8.375201314061444,119.40011499437774,9.099805338453818,109.89246064135189
172.5035881254,0.04895883168408334,0.15633765039832553,0.3467113129653507,0.19037366256702515,0.000634352663767,0.466924501234,366.5427669757196,87.70451014855279,0.19307657869473305,0.19312848217937126,454.24727712427233,454.89273263408194,-0.1418918051453777,1.5865221428655554,0.193122966548978,0.01752533569105419,0.13238329083027883,0.19309434584035226,0.01752599121495737,0.13238576666302676,0.15431335722392464,0.348361403849192,0.19404804662526737,0.20000000000000032,0.19994658390481257,363.42208581521135,90.82519130906097,-5.982281551242252e-05,1.2494982826183332e-08,0.33536098281095045,0.3353672547331723,0.2009580218417998,9.341264723112022,107.05188533259468,8.371879790432182,119.4474867093591,9.122441921641949,109.61977161264403
172.8602344825,0.049008365900347226,0.15635387824055427,0.34663933440683375,0.19028545616627948,0.000645164916883,0.466749486436,366.6283323827137,87.72741637567779,0.19308089886704125,0.19313281049239872,454.3557487583915,455.0013571016243,-0.14189152035618546,1.5865221428654899,0.19312296654896807,0.017510809147145437,0.13232841398258138,0.19309436515846434,0.017511463085417657,0.132330884850883,0.1543309117751937,0.3482911856440668,0.1939602738688731,0.2,0.1999465775648441,363.508871797239,90.84687696115255,-5.9822819642452174e-05,1.2489853595809564e-08,0.3352219656173004,0.3352282249633008,0.20086712353180208,9.37104770662338,106.71165394806476,8.368666027805645,119.49335732569685,9.145082559277698,109.34838406521531
173.2276308753,0.049059393177125,0.15637068556798098,0.34656503086820856,0.19019434530022758,0.000656311975213,0.466570091459,366.7121115005422,87.7498444055123,0.1930851268519642,0.19313704715519958,454.4619559060545,455.1077138920625,-0.14189124163277445,1.5865221428669465,0.19312296654882244,0.01749586306360207,0.13227192847918287,0.19309438485680186,0.017496515369040032,0.13227439423047846,0.15434903180891912,0.3482187055084349,0.1938696736995158,0.20000000000000007,0.1999465706635656,363.5938463255823,90.86810958047217,-5.982272782700804e-05,1.2414447247977023e-08,0.33507887328430663,0.33508511966761234,0.20077329712576908,9.401622096672051,106.36462407417716,8.365328712027289,119.5410287419125,9.168286435309271,109.07163591102041
173.6122289336,0.04911280957411111,0.15638837835941974,0.3464870773413495,0.19009869898192974,0.000667950612957,0.466383332114,366.79506780911004,87.77205216576148,0.19308931136641275,0.19314124137082084,454.56711997487156,455.2130261340157,-0.14189096578137717,1.5865221428653724,0.19312296654897024,0.017480237279509862,0.13221284839042635,0.19309440523749186,0.017480887869143036,0.1322153087548603,0.15436804008505914,0.3481426724046139,0.19377463231955475,0.19999999999999993,0.19994656274405972,363.6779867994294,90.88913317544218,-5.982282704763975e-05,1.2490963818834189e-08,0.3349292081981339,0.3349354409351312,0.20067487135935583,9.433346377238536,106.00692055714956,8.36181102475495,119.59131784245338,9.192315789390898,108.78651505359805
174.0041555997,0.049167243833291664,0.1564065126635587,0.3464074540454963,0.19000094138193757,0.00067985238495,0.466194181598,366.87461216378034,87.79334653129955,0.19309332195580903,0.19314526200824744,454.6679586950799,455.3140069330854,-0.14189070139906113,1.5865221428627825,0.19312296654930394,0.01746433502837516,0.13215269588008852,0.19309442560972817,0.017464983859837274,0.1321551507124761,0.1543874531346623,0.34806502020787017,0.19367756707320788,0.20000000000000004,0.19994655437628858,363.7586669686979,90.90929172638192,-5.982299029483329e-05,1.2663758930386848e-08,0.33477682639179773,0.33478304511469636,0.2005743496574645,9.465781779253488,105.64367775641499,8.35818539073149,119.64319445569059,9.216869901652567,108.49670340043554
174.3893261727,0.04922073974620834,0.15642443676569,0.3463290218302122,0.18990458506452218,0.000691766163025,0.466009401052,366.9478758636967,87.81295953855594,0.193097014303974,0.1931489648198061,454.76083540225267,455.40701450088244,-0.14189045799788413,1.5865221428602334,0.193122966549589,0.017448727855069325,0.13209363290889278,0.1930944451442841,0.017449375056097317,0.13209608266749365,0.15440657347839162,0.3479885388343791,0.19358196535598746,0.19999999999999996,0.1999465455221568,363.8329773248021,90.92785807745055,-5.982315095520718e-05,1.2811351979280516e-08,0.3346272046688166,0.33463341053850626,0.20047534360040076,9.498744579502574,105.27707020966844,8.35452377045089,119.69563166926396,9.241833605463203,108.20363606296283
174.7737228855,0.04927412817854167,0.1564424268385012,0.3462505644068652,0.18980813756836398,0.000704109300293,0.465826078895,367.0161409957374,87.83123440774979,0.19310045337699538,0.19315241461776703,454.8473754034872,455.49367643446413,-0.14189023128401423,1.586522142856455,0.1931229665500855,0.01743317268586147,0.13203474045061575,0.19309446425759544,0.017433818297048848,0.13203718528145336,0.15442569746754875,0.34791204288023175,0.193486345412683,0.19999999999999998,0.19994653631239573,363.9022181407759,90.94515726271123,-5.9823389109148195e-05,1.306845742732321e-08,0.33447801489898943,0.33448420828538517,0.2003763186682292,9.531685130985025,104.91324317347208,8.350782600349392,119.74925559170472,9.266719587045715,107.91305279140381
175.1610717726,0.04932792663508333,0.15646065753447297,0.34617132154218966,0.1897106640077167,0.000717341703099,0.465642446995,367.08002864067385,87.8483374048153,0.19310367073490242,0.19315564295611762,454.9283660454891,455.57478118994567,-0.14189001919029387,1.5865221428543839,0.19312296655033795,0.017417519280613657,0.13197544953745624,0.19309448313191893,0.017418163328238943,0.13197788954305545,0.15444501025128649,0.34783479174654336,0.19338978149525687,0.20000000000000015,0.19994652676127037,363.96701932951373,90.9613467159754,-5.982351966027366e-05,1.3199175086242576e-08,0.33432781574028725,0.33433399690311094,0.2002763161473859,9.56484148618764,104.54956325664948,8.346905545595693,119.80487793199691,9.291745772291602,107.62240213050644
175.5534709197,0.04938242651662499,0.15647923075807743,0.34609085614212615,0.18961162538404872,0.00073203910966,0.465457554273,367.1397327633205,87.86432045498032,0.19310667637684747,0.1931586605481291,455.0040532183009,455.65057500379334,-0.14188982105137748,1.5865221428519478,0.19312296655062208,0.01740168351720891,0.13191544078389347,0.193094501538403,0.017402326053714154,0.13191787617193568,0.1544646181943342,0.3477563599757733,0.1932917417814391,0.20000000000000018,0.19994651616819503,364.02757793489354,90.97647528340727,-5.9823673204117966e-05,1.3346301841465902e-08,0.33417579810689974,0.3341819675722619,0.2001747852776173,9.5978519487191,104.18997973118942,8.343187485153972,119.8582678118428,9.31669302530264,107.33422227008668
175.928208364,0.049434473383888886,0.15649706779331507,0.34601382905815875,0.18951676126484368,0.0007477410714,0.465282057281,367.1920369959948,87.87832252281734,0.19310930866984877,0.19316130425654407,455.07035951881204,455.7169747279804,-0.1418896475283371,1.5865221428515335,0.19312296655068317,0.017386580549619612,0.13185818347611047,0.19309451854251766,0.017387221696852903,0.13186061465370508,0.1544833853914106,0.3476812911877723,0.1931979057963617,0.19999999999999998,0.19994650591775495,364.080631186289,90.98972833252301,-5.9823699327665736e-05,1.3377943197667719e-08,0.33403075059455295,0.3340369093937665,0.20007760782972914,9.63046827176068,103.83711069712875,8.339671452334676,119.90880045041246,9.341344635020413,107.05096954147595
176.2815948182,0.04948355483586111,0.15651397785582635,0.3459410278944912,0.18942705003866486,0.000763868406223,0.46511753827,367.23714349247103,87.89039772573159,0.19311157810947358,0.19316358472606404,455.1275412182027,455.7742369947126,-0.141889497917691,1.5865221428508305,0.19312296655077277,0.017372355900617052,0.13180423324240026,0.19309453442541535,0.017372995859934154,0.13180666090882567,0.15450112050559095,0.34761035073149865,0.1931092302259077,0.19999999999999987,0.19994649601252013,364.1263841128292,91.00115710537345,-5.982374363666665e-05,1.3424328315636558e-08,0.33389408075286475,0.33390023065738217,0.19998577455681532,9.6623066982987,103.49495531704412,8.336255072327948,119.957941704481,9.365324455272392,106.77686659718773
176.6346995505,0.049532597159791664,0.15653096166300917,0.34586812685536306,0.18933716519235388,0.000780591242076,0.464954124245,367.27812534107903,87.90136874271442,0.1931136395316894,0.19316565669941888,455.17949408379343,455.8262630604042,-0.14188936202762514,1.5865221428524985,0.19312296655058075,0.017358159885548223,0.13175036958410485,0.19309455073191734,0.017358798627637076,0.13175279362365366,0.15451887734901637,0.34753932335683624,0.19302044600781987,0.20000000000000018,0.19994648655149877,364.1679534914502,91.01154059234321,-5.982363849854622e-05,1.3324896741551129e-08,0.33375763022900745,0.333763770945712,0.19989382876736783,9.693786127803419,103.15886763086621,8.33285645872127,120.00686738739964,9.388965029884147,106.5080119924932
176.9997847884,0.049583303442833335,0.1565486123404645,0.34579258599879,0.1892439736583255,0.000797954290721,0.46478623847,367.3162006265948,87.91156166023951,0.19311555432958713,0.19316758288394123,455.22776228683426,455.8745992719565,-0.1418892358019619,1.5865221428534133,0.1931229665504461,0.017343500406057824,0.13169472429090628,0.1930945672170256,0.017344137896769585,0.13169714460370652,0.15453727432920147,0.34746573543542386,0.1929284611062224,0.1999999999999999,0.19994647620204375,364.2065753482401,91.02118693859414,-5.982358083356232e-05,1.3255174735604669e-08,0.3336166663649213,0.3336227976408116,0.19979856831931994,9.726053796522681,102.81662233428384,8.32947580585449,120.05557412113929,9.413206747792868,106.23372319262741
177.3807173974,0.04963621074963888,0.1565671276161559,0.3457135841344908,0.18914645651833492,0.000815932997809,0.464612358744,367.35127174905347,87.92095035042571,0.19311731768957902,0.1931693588661484,455.2722220994792,455.9191217271848,-0.14188911955587136,1.5865221428535745,0.19312296655044076,0.017328223917321695,0.13163671189042095,0.19309458394946524,0.01732886010960573,0.13163912833806568,0.1545565109566549,0.34738878892558495,0.19283227796893004,0.19999999999999987,0.1999464645674085,364.24215087494036,91.03007122453886,-5.982357067502164e-05,1.3252399178043106e-08,0.33346970600821796,0.3334758274926735,0.19969896013804236,9.759298427720914,102.46638192347292,8.326149143180537,120.10354160170692,9.438147404081827,105.95299661960335
177.7729666725,0.049690689815625,0.15658629699675744,0.34563204389780644,0.189045746901049,0.000834411946421,0.46443434945,367.3824152651731,87.9292876035148,0.1931188832826325,0.193170938315176,455.3117028686879,455.95865812367936,-0.14188901635374673,1.5865221428549596,0.19312296655027467,0.017312513953567456,0.13157702669374868,0.1930946005276189,0.01731314883641854,0.13157943926168153,0.15457636221284557,0.347309383899992,0.19273302168714643,0.20000000000000012,0.19994645161877703,364.2737434995908,91.0379593690971,-5.9823483367082986e-05,1.3166401302555641e-08,0.33331850802779506,0.33332461968394084,0.19959616937879743,9.792757810126176,102.11628015204793,8.3228564781776,120.15105662604952,9.46318483477055,105.67266913414849
178.1648357717,0.04974511607940278,0.1566055516481096,0.3455503941161046,0.188944842467995,0.00085317202297,0.464257147565,367.40849402749944,87.9362690002451,0.19312019406026873,0.1931722638935296,455.3447630277446,455.99176486355304,-0.14188892994636548,1.5865221428581335,0.19312296654988126,0.017296839649558533,0.13151744998120415,0.1930946162922158,0.017297473293829163,0.1315198589332773,0.154596236734318,0.34722988581213476,0.19263364907781677,0.19999999999999998,0.199946437628341,364.30019976762594,91.04456326011864,-5.982328331599618e-05,1.2962697581997418e-08,0.3331675848656175,0.33317368736185904,0.19949325814962793,9.826302324481494,101.76768096261145,8.319652365408487,120.19732989779807,9.488263505545547,105.39336301268786
178.5455742734,0.04979799642686111,0.15662436042873992,0.34547087740674953,0.1888465169780096,0.000871983915377,0.464085665913,367.42901255855026,87.94176189916249,0.19312122523429323,0.1931733097654949,455.37077445771274,456.0178129428504,-0.1418888619639791,1.586522142861297,0.19312296654950667,0.017281629911769292,0.13145961323451888,0.19309463116876188,0.017282262426772943,0.1314620189513798,0.15461558859584218,0.34715247836416385,0.19253688976832167,0.2000000000000001,0.19994642364909448,364.3210166705747,91.04975778713809,-5.9823083919940956e-05,1.2768741619595403e-08,0.33302106948524496,0.33302716378586045,0.19939305327888032,9.85967405706309,101.42323105332662,8.31662699533714,120.2410545237471,9.513267012510918,105.11635999335432
178.9035288569,0.04984771234123612,0.1566421361183916,0.3453959451020869,0.1887538089836953,0.000890124905661,0.463925103384,367.4439712303526,87.94576639988856,0.19312197691924518,0.19317407530401615,455.3897376302411,456.03680283393703,-0.14188881241050666,1.586522142856104,0.193122966550137,0.01726734759663015,0.13140527994198006,0.19309464486036026,0.01726797912543529,0.1314076829010971,0.15463382146562693,0.3470795468881772,0.19244572542255028,0.1999999999999999,0.19994641041511407,364.33619425119383,91.05354337904731,-5.9823411235893076e-05,1.3095124984374706e-08,0.3328834292568529,0.33288951657139265,0.19929864260633126,9.892603454058712,101.08562469364145,8.313761849988406,120.28249281658152,9.53792334429823,104.84462538669908
179.2522331658,0.04989614349525,0.15665953916929834,0.3453227883778256,0.18866324920852726,0.000907775882942,0.463769326704,367.45450642409924,87.94858671653476,0.19312250628340633,0.19317461756548238,455.403093140634,456.05017716189377,-0.14188877752153717,1.5865221428550744,0.19312296655025266,0.017253450281916625,0.13135238970767385,0.1930946587000202,0.017254080879757827,0.1313547900906466,0.15465161922588724,0.3470083558477135,0.19235673662182626,0.20000000000000007,0.19994639813449874,364.3468849678546,91.05620817277942,-5.9823476139531095e-05,1.3155010414322987e-08,0.33274944466675255,0.33275552545525505,0.19920648494913976,9.924336890500593,100.76239964779744,8.311077024801193,120.32134908819724,9.56154273760934,104.58563303457332
179.6095579898,0.04994577194302778,0.15667745862104357,0.34524766618189684,0.18857020756085327,0.000925483562272,0.4636103397,367.46116913137297,87.95037035189021,0.1931228410498423,0.19317496560509345,455.41153948326314,456.05863540515577,-0.1418887554486825,1.5865221428562635,0.19312296655011738,0.01723922540481452,0.13129823077564495,0.19309467284255397,0.017239855025489796,0.1313006284276271,0.1546698920168152,0.3469352646833261,0.1922653726665109,0.20000000000000007,0.19994638541757676,364.35364828613064,91.0578911971325,-5.98234011883747e-05,1.308495534146914e-08,0.3326122461384542,0.33261832000865393,0.19911186755902877,9.956828865975261,100.43358316795285,8.308541078713189,120.35807376123344,9.585802794773308,104.32094436005438
179.985090348,0.049997929215,0.1566963878480198,0.3451685306913914,0.1884721428433716,0.000943596921961,0.463443952108,367.46366282727035,87.95103792498088,0.1931229663418943,0.19317510583222167,455.41470075225124,456.06180112828883,-0.14188874719098798,1.586522142854701,0.19312296655029865,0.017224292777593214,0.13124135315362004,0.19309468714674496,0.01722492139173524,0.1312437480100871,0.15468913733015505,0.3468582834308711,0.19216914610071606,0.20000000000000023,0.1999463709838222,364.3561840441552,91.058516708096,-5.982349967625922e-05,1.317881359597095e-08,0.33246816046795463,0.33247422725639436,0.1990122144027767,nan,nan,nan,nan,nan,nan
