CA10_deg_atdc,CA50_deg_atdc,CA90_deg_atdc,CH3OCH3_mass_balance_residual_mg,CH4_mass_balance_residual_mg,acceptable,blowby_mass_in_mg,blowby_mass_out_mg,boundary_fuel_reaction_extent_fraction_initial_total,boundary_leak_bias,boundary_mass_fraction_initial,boundary_piston_area_fraction,branch,compression_ratio,core_fuel_reaction_extent_fraction_initial_total,cumulative_chemical_heat_release_mJ,end_boundary_X_CH2O,end_boundary_X_CH3OCH3,end_boundary_X_CH4,end_boundary_X_CO,end_boundary_X_CO2,end_boundary_X_O2,end_core_X_CH2O,end_core_X_CH3OCH3,end_core_X_CH4,end_core_X_CO,end_core_X_CO2,end_core_X_O2,error,final_boundary_temperature_K,final_boundary_volume_fraction,final_core_temperature_K,final_fuelConsumed_CH3OCH3_fraction,final_fuelConsumed_CH4_fraction,final_fuel_consumed_fraction,fuel_composition,fuel_profile,gross_imep_bar,gross_indicated_power_W_per_cylinder,gross_indicated_work_mJ,initial_trapped_mass_mg,intake_pressure_bar,interzone_heat_transfer_coeff_W_m2K,inventory_fuelConsumed_CH3OCH3_fraction,inventory_fuelConsumed_CH4_fraction,mass_balance_residual_mg,mass_retained_end_fraction,max_boundary_X_CH2O,max_boundary_X_CH3OCH3,max_boundary_X_CH4,max_boundary_X_CO,max_boundary_X_CO2,max_boundary_X_O2,max_core_X_CH2O,max_core_X_CH3OCH3,max_core_X_CH4,max_core_X_CO,max_core_X_CO2,max_core_X_O2,max_fuelConsumed_CH3OCH3_fraction,max_fuelConsumed_CH4_fraction,max_fuel_consumed_fraction,max_interzone_pressure_difference_bar,max_pressure_rise_bar_per_deg,max_pressure_rise_deg_atdc,max_volume_closure_error_mm3,mechanism,mechanism_case,mixing_case,mixing_model,mixing_time_max_observed_ms,mixing_time_min_observed_ms,mixing_time_ms,model,options,peak_boundary_temperature_K,peak_core_temperature_K,peak_pressure_bar,peak_pressure_deg_atdc,peak_temperature_K,pressure_equalization_coeff_m_s_Pa,retry_step_deg,sealing_case,sealing_model_class,status,two_zone_note,wall_energy_gas_to_wall_mJ
-3.5739021613103814,-1.684127432390509,9.021450603866763,2.4180750036233454e-06,2.715375877628643e-06,True,0.0,0.18053690186948892,0.05950276637970888,0.0,0.2,0.2,cool_partial_candidate,7.75,0.2654309137895703,226.3286070026228,0.0023110551725264964,0.0032573184751204603,0.025228193998588326,0.005411215694529082,0.0008308851988756059,0.18781746767433913,0.0024182095127917042,0.0032003875779560826,0.025184814152743384,0.005603860527462264,0.0008523274875986934,0.18755048131171123,,537.7736692948997,0.2291809387081739,447.1745787118688,0.6032752139605682,0.05872165623433317,0.32504406064727104,"ch3och3:0.25, CH4:0.75",dme_llnl_2004,0.6379089622436241,0.2533870857127826,25.33870857127826,1.5720532702758607,3.0,100.0,0.603275213960568,0.05872165623433313,0.0001812238177786875,0.8850432557825756,0.0023110551725264964,0.009000900090009053,0.027002700270030426,0.005411215694529082,0.0008308851988756059,0.20252025202521975,0.002687948383634767,0.009000900090009001,0.027002700270027293,0.005748812818003158,0.0008688963766604146,0.20252025202520252,0.6032752139605682,0.05872583969444569,0.32504406064727104,0.05932340070705337,3.720342436870453,-2.5,0.2885835513203843,mechanisms/llnl_dme_2004/llnl_dme_2004.yaml,dme_llnl_2004,central,diffusion-strain,33.773727880779255,11.927471734515462,10.0,experimental-pressure-coupled-two-zone,"{'boundary_mass_fraction': 0.2, 'boundary_piston_area_fraction': None, 'pressure_equalization_coeff_m_s_Pa': 5e-05, 'interzone_heat_transfer_coeff_W_m2K': 100.0, 'interface_area_factor': 1.0, 'mixing_time_ms': 10.0, 'mixing_model': 'diffusion-strain', 'mixing_length_mm': 1.0, 'molecular_diffusivity_m2_s': 3e-06, 'piston_strain_coefficient': 1.0, 'mixing_min_time_ms': 0.1, 'mixing_max_time_ms': 100.0, 'integrator_rtol': 1e-07, 'integrator_atol': 1e-14, 'boundary_leak_bias': 0.0}",797.1314311377816,877.1016562808352,61.4639478891746,2.0,877.1016562808352,5e-05,,annular_3um_e05,ringless-annulus,ok,"Experimental two-reactor spatial bracket. Pressure equalization, zone mass, mixing time, interface heat transfer, and leakage allocation are model inputs, not calibrated measurements. Gross work excludes gas exchange and friction.",-70.11451063723791
-8.818233318953503,-1.6628073494906312,-1.0891847667485746,-3.8513593551480286e-05,0.002970431367266195,False,0.0,0.2120914223010026,0.16324340467535473,0.0,0.2,0.2,rapid_heat_release,7.75,0.7249265820399488,2146.6639101427995,1.2868174274534691e-14,2.177114087706367e-46,7.21139893404744e-26,1.4904701290266052e-08,0.04454458362870874,0.12050914569371664,1.4045714736365381e-14,2.110613525249262e-46,7.169468225330625e-26,1.489151090765388e-08,0.04454458355609894,0.12050914533720862,,639.5336162268819,0.18008447743795095,708.2747569489312,0.9601246621142899,0.9426821132459225,0.9512126636165973,"ch3och3:0.25, CH4:0.75",dme_llnl_2004,12.519700561389495,4.973014375107064,497.30143751070636,1.5720532702758607,3.0,100.0,0.9601246621142899,0.9426821132459225,0.0002878505070449808,0.86490325943549,0.0029937224133793237,0.00900090009000911,0.02700270027003598,0.023834149065121314,0.04454458362870874,0.2025202520256013,0.0034126611084332836,0.009000900090009005,0.02700270027003731,0.025245656800890796,0.04454458355609894,0.2025202520252681,0.9601246621142899,0.9426821132459225,0.9512126636165973,0.14767304294530303,59.77127773299833,-1.5,0.30499746880424566,mechanisms/llnl_dme_2004/llnl_dme_2004.yaml,dme_llnl_2004,fast,diffusion-strain,3.1662869888230554,2.35687941935995,10.0,experimental-pressure-coupled-two-zone,"{'boundary_mass_fraction': 0.2, 'boundary_piston_area_fraction': None, 'pressure_equalization_coeff_m_s_Pa': 5e-05, 'interzone_heat_transfer_coeff_W_m2K': 100.0, 'interface_area_factor': 1.0, 'mixing_time_ms': 10.0, 'mixing_model': 'diffusion-strain', 'mixing_length_mm': 0.5, 'molecular_diffusivity_m2_s': 8e-06, 'piston_strain_coefficient': 2.0, 'mixing_min_time_ms': 0.1, 'mixing_max_time_ms': 100.0, 'integrator_rtol': 1e-07, 'integrator_atol': 1e-14, 'boundary_leak_bias': 0.0}",1860.1128888242888,1995.4381367478202,143.64439017001442,0.25,1995.4381367478202,5e-05,,annular_3um_e05,ringless-annulus,ok,"Experimental two-reactor spatial bracket. Pressure equalization, zone mass, mixing time, interface heat transfer, and leakage allocation are model inputs, not calibrated measurements. Gross work excludes gas exchange and friction.",546.742474500464
-11.386052094241036,-8.047451800640841,14.174165938290095,-1.6127938976748166e-06,-1.63709571459305e-06,False,0.0,0.1736649196914234,0.06263821596061768,0.0,0.2,0.2,no_positive_gross_work,7.75,0.03576855148744977,62.558071955918265,0.0017719648991141232,0.0045869536036253905,0.025738603738002012,0.0036977922376537796,0.0005592490951838772,0.19166499190979316,0.00031066309812945354,0.007882424867643475,0.026793266523618832,0.0005036821840736767,6.455463588758353e-05,0.2002741638378802,,536.7844290822887,0.27778421538630405,358.57092108216193,0.18644830021087694,0.013996787862789547,0.09833688767769048,"ch3och3:0.25, CH4:0.75",dme_llnl_2004,-1.3021449967464636,-0.5172316826222251,-51.72316826222251,1.5720532702758607,3.0,100.0,0.18644830021087694,0.013996787862789581,-0.00010788276830521733,0.8895985013964173,0.0022689388152443823,0.009000900090009005,0.027002700270028664,0.004517663299590039,0.0006883247965384231,0.20252025202522483,0.00031066309812945354,0.009000900090009001,0.027002700270027116,0.0005036821840736767,6.455463588758353e-05,0.20252025202520252,0.18644851416589275,0.014006189417024317,0.09833872306064399,0.059586557887540546,1.1587850729460172,-9.5,0.31525705564269846,mechanisms/llnl_dme_2004/llnl_dme_2004.yaml,dme_llnl_2004,slow,diffusion-strain,100.0,100.0,10.0,experimental-pressure-coupled-two-zone,"{'boundary_mass_fraction': 0.2, 'boundary_piston_area_fraction': None, 'pressure_equalization_coeff_m_s_Pa': 5e-05, 'interzone_heat_transfer_coeff_W_m2K': 100.0, 'interface_area_factor': 1.0, 'mixing_time_ms': 10.0, 'mixing_model': 'diffusion-strain', 'mixing_length_mm': 1.5, 'molecular_diffusivity_m2_s': 1e-06, 'piston_strain_coefficient': 0.1, 'mixing_min_time_ms': 0.1, 'mixing_max_time_ms': 100.0, 'integrator_rtol': 1e-07, 'integrator_atol': 1e-14, 'boundary_leak_bias': 0.0}",823.4296334117838,690.841477523047,52.22006174646258,-2.0,823.4296334117838,5e-05,,annular_3um_e05,ringless-annulus,ok,"Experimental two-reactor spatial bracket. Pressure equalization, zone mass, mixing time, interface heat transfer, and leakage allocation are model inputs, not calibrated measurements. Gross work excludes gas exchange and friction.",-61.58208050109703
3.83308031756086,12.184990117556621,26.05592936760324,7.259393526910988e-06,7.573565859412806e-06,False,0.0,0.569297672185793,1.27905243507145e-05,0.0,0.2,0.2,no_positive_gross_work,7.75,0.00127337420167807,0.6528097946869558,4.747871648791441e-06,0.008974015766413814,0.026999535363239985,4.194504181417188e-06,4.868903910619531e-07,0.20247062931962054,5.760674840164247e-06,0.008968645712366977,0.02699888231591744,4.663702945013269e-06,5.673332552715808e-07,0.2024612742084241,,534.4895166633967,0.26575421701797264,370.6975259886417,0.0028344260970614077,0.0004284027331445982,0.0016051059577595955,"ch3och3:0.25, CH4:0.75",dme_llnl_2004,-4.36317427646475,-1.7331187987732835,-173.31187987732835,1.5720532702758607,3.0,100.0,0.0028344260970613712,0.0004284027331445982,0.0005010205115388988,0.6375449207281983,4.747871648791441e-06,0.009000900090009154,0.027002700270030353,4.194504181417188e-06,4.868903910619531e-07,0.20252025202522048,6.403470554306885e-06,0.009000900090009001,0.0270027002700273,5.215385133267799e-06,6.432924187627614e-07,0.20252025202520252,0.002872104800340054,0.0008612423014456157,0.0016556073599690874,0.05933617220848217,0.789450319593378,-25.75,0.2660172037659443,mechanisms/llnl_dme_2004/llnl_dme_2004.yaml,dme_llnl_2004,central,diffusion-strain,33.773727880779255,11.927471734515462,10.0,experimental-pressure-coupled-two-zone,"{'boundary_mass_fraction': 0.2, 'boundary_piston_area_fraction': None, 'pressure_equalization_coeff_m_s_Pa': 5e-05, 'interzone_heat_transfer_coeff_W_m2K': 100.0, 'interface_area_factor': 1.0, 'mixing_time_ms': 10.0, 'mixing_model': 'diffusion-strain', 'mixing_length_mm': 1.0, 'molecular_diffusivity_m2_s': 3e-06, 'piston_strain_coefficient': 1.0, 'mixing_min_time_ms': 0.1, 'mixing_max_time_ms': 100.0, 'integrator_rtol': 1e-07, 'integrator_atol': 1e-14, 'boundary_leak_bias': 0.0}",680.9707173038121,698.7265493054,42.51699366948109,-6.0,698.7265493054,5e-05,,annular_5um_e05,ringless-annulus,ok,"Experimental two-reactor spatial bracket. Pressure equalization, zone mass, mixing time, interface heat transfer, and leakage allocation are model inputs, not calibrated measurements. Gross work excludes gas exchange and friction.",-145.6748589154496
-16.77178522447358,-14.475216370352925,4.0461040228299545,2.0460359471092135e-07,-5.8059260888062055e-06,False,0.0,0.5957825407432882,0.046333586991811136,0.0,0.2,0.2,no_positive_gross_work,7.75,0.26382389128113154,216.76557409132468,0.002765763247556472,0.0027978639090592357,0.024910071305059785,0.0070418652492737245,0.000941948555520704,0.1858815592732569,0.0027657727628268027,0.0027978528130991314,0.024910064951373347,0.007041877808586043,0.0009419489280543262,0.18588154497458248,,521.167108200852,0.20775250206384457,472.7751191222412,0.5727809862314208,0.058538960008658956,0.31003703752682726,"ch3och3:0.25, CH4:0.75",dme_llnl_2004,-3.7603569331982416,-1.4936706347434336,-149.36706347434335,1.5720532702758607,3.0,100.0,0.5727809862314208,0.05853896000865899,-0.0004292568387700207,0.6212893703022883,0.0027657679454029475,0.009000900090009076,0.027002700270035658,0.0070418652492737245,0.000941948555520704,0.2025202520252206,0.0030545894353725556,0.009000900090009001,0.027002700270036945,0.007177212341575916,0.0009589910326482115,0.20252025202520252,0.5728049575259282,0.05862354010346823,0.31009197594324517,0.055886897495948364,3.6594362718018516,-16.0,0.29894355179860754,mechanisms/llnl_dme_2004/llnl_dme_2004.yaml,dme_llnl_2004,fast,diffusion-strain,3.1662869888230554,2.35687941935995,10.0,experimental-pressure-coupled-two-zone,"{'boundary_mass_fraction': 0.2, 'boundary_piston_area_fraction': None, 'pressure_equalization_coeff_m_s_Pa': 5e-05, 'interzone_heat_transfer_coeff_W_m2K': 100.0, 'interface_area_factor': 1.0, 'mixing_time_ms': 10.0, 'mixing_model': 'diffusion-strain', 'mixing_length_mm': 0.5, 'molecular_diffusivity_m2_s': 8e-06, 'piston_strain_coefficient': 2.0, 'mixing_min_time_ms': 0.1, 'mixing_max_time_ms': 100.0, 'integrator_rtol': 1e-07, 'integrator_atol': 1e-14, 'boundary_leak_bias': 0.0}",844.9381965042105,908.3795146633499,54.29041476439321,-4.75,908.3795146633499,5e-05,,annular_5um_e05,ringless-annulus,ok,"Experimental two-reactor spatial bracket. Pressure equalization, zone mass, mixing time, interface heat transfer, and leakage allocation are model inputs, not calibrated measurements. Gross work excludes gas exchange and friction.",-117.32648556678095
-6.447196786647599,0.7280445787116432,10.59351616153076,1.6560857935313243e-05,1.7302620785331497e-05,False,0.0,0.5637197244255269,0.002761529023581916,0.0,0.2,0.2,no_positive_gross_work,7.75,2.2935130296749803e-05,1.4521748099441172,5.107066024016193e-05,0.008766923975837282,0.02697163316599727,5.3138956625038257e-05,5.378886488315081e-06,0.2020932132968802,3.768256310901391e-06,0.008983289976258794,0.027000384443442486,3.654462635046375e-06,3.853275787818003e-07,0.20248827705178118,,539.4574513009667,0.30783199720136767,326.7774348036578,0.006158896360794843,0.0009795760774349996,0.0035126033830476947,"ch3och3:0.25, CH4:0.75",dme_llnl_2004,-4.247863984869037,-1.6873158073286043,-168.73158073286044,1.5720532702758607,3.0,100.0,0.006158896360794825,0.0009795760774349474,0.001144717566070061,0.6406836506930356,6.233940759847312e-05,0.009000900090024029,0.0270027002700272,5.766694015756749e-05,6.151414736603408e-06,0.20252025203720506,3.768256310901391e-06,0.009000900090009005,0.027002700270027012,3.654462635046375e-06,3.853275787818003e-07,0.20252025202560453,0.00619952136253766,0.001102948828872688,0.003595507057852195,0.05959875034535187,0.7435028310073619,-25.5,0.23438629181920662,mechanisms/llnl_dme_2004/llnl_dme_2004.yaml,dme_llnl_2004,slow,diffusion-strain,100.0,100.0,10.0,experimental-pressure-coupled-two-zone,"{'boundary_mass_fraction': 0.2, 'boundary_piston_area_fraction': None, 'pressure_equalization_coeff_m_s_Pa': 5e-05, 'interzone_heat_transfer_coeff_W_m2K': 100.0, 'interface_area_factor': 1.0, 'mixing_time_ms': 10.0, 'mixing_model': 'diffusion-strain', 'mixing_length_mm': 1.5, 'molecular_diffusivity_m2_s': 1e-06, 'piston_strain_coefficient': 0.1, 'mixing_min_time_ms': 0.1, 'mixing_max_time_ms': 100.0, 'integrator_rtol': 1e-07, 'integrator_atol': 1e-14, 'boundary_leak_bias': 0.0}",699.0653662741877,645.47261539782,40.167282332240774,-5.75,699.0653662741877,5e-05,,annular_5um_e05,ringless-annulus,ok,"Experimental two-reactor spatial bracket. Pressure equalization, zone mass, mixing time, interface heat transfer, and leakage allocation are model inputs, not calibrated measurements. Gross work excludes gas exchange and friction.",-101.2419027504525
-166.01898398873865,-161.55771750527325,103.57013225481415,-3.7976821384768803e-06,-3.967497528684562e-06,False,0.28173525272993366,1.5330708875227312,1.025027513231071e-13,0.0,0.2,0.2,no_positive_gross_work,7.75,4.1204054334066963e-16,1.0545137372109065e-10,3.879998443407821e-16,0.009000900089987848,0.027002700270027574,9.584438069834498e-18,5.633363752379728e-19,0.2025202520251629,4.074303350793952e-17,0.009000900090005948,0.027002700270026922,1.0613157733481393e-18,6.181893641901906e-20,0.20252025202520002,,551.0066442283332,0.34690256437634276,462.8614938174177,0.0,0.0,0.0,"ch3och3:0.25, CH4:0.75",dme_llnl_2004,-0.3790334823909485,-0.15055783062337696,-15.055783062337696,1.5720532702758607,3.0,100.0,0.0,0.0,-0.0002624832692400212,0.2041789071791303,3.879998443407821e-16,0.009000900090009003,0.027002700270027574,9.584438069834498e-18,5.633363752379728e-19,0.20252025202520532,4.074303350793952e-17,0.009000900090009001,0.027002700270027012,1.0613157733481393e-18,6.181893641901906e-20,0.20252025202520252,0.0,3.481112431584633e-17,0.0,0.06116189001153223,0.001007920736016299,122.75,0.20722947391978458,mechanisms/llnl_dme_2004/llnl_dme_2004.yaml,dme_llnl_2004,central,diffusion-strain,33.773727880779255,11.927471734515462,10.0,experimental-pressure-coupled-two-zone,"{'boundary_mass_fraction': 0.2, 'boundary_piston_area_fraction': None, 'pressure_equalization_coeff_m_s_Pa': 5e-05, 'interzone_heat_transfer_coeff_W_m2K': 100.0, 'interface_area_factor': 1.0, 'mixing_time_ms': 10.0, 'mixing_model': 'diffusion-strain', 'mixing_length_mm': 1.0, 'molecular_diffusivity_m2_s': 3e-06, 'piston_strain_coefficient': 1.0, 'mixing_min_time_ms': 0.1, 'mixing_max_time_ms': 100.0, 'integrator_rtol': 1e-07, 'integrator_atol': 1e-14, 'boundary_leak_bias': 0.0}",551.0066442283332,487.1094156913826,3.0000000000000004,-180.0,551.0066442283332,5e-05,,ringpack_area_0p006,ring-pack-orifice,ok,"Experimental two-reactor spatial bracket. Pressure equalization, zone mass, mixing time, interface heat transfer, and leakage allocation are model inputs, not calibrated measurements. Gross work excludes gas exchange and friction.",-172.2759179328924
-168.43273918171815,-166.91639355241932,-161.04590482539228,0.0007166827893850862,0.00023231422943256115,False,0.2678229146158374,1.5239594640630987,0.0034633083848696553,0.0,0.2,0.2,no_positive_gross_work,7.75,-0.0015265805045523476,1.0395667786434806,9.323282549417791e-05,0.008951206476078005,0.02695596714352907,0.00023568391669815802,0.00028288573908976457,0.20119565253457358,9.346969135493e-05,0.008951177014019387,0.026955862549222533,0.0002361936242176989,0.0002835300541096933,0.2011927996262197,,547.4623841464858,0.2379747047118494,508.59765824970515,0.03528764681569033,0.009950936997927125,0.022342249813427802,"ch3och3:0.25, CH4:0.75",dme_llnl_2004,-0.4104148401161122,-0.16302298043366092,-16.302298043366093,1.5720532702758607,3.0,100.0,0.03528764681569031,0.009950936997927134,0.012106975190188787,0.19325664809380064,0.0007669863456912918,0.009081413585495994,0.02700270027002701,0.0019246573117353719,0.0023136248112968698,0.20256983227288256,0.0010434815764843563,0.009000900090009001,0.027002700270027005,0.002360556566962825,0.002885055653123778,0.2025202520671492,0.03729561009581753,0.012019500691044004,0.024381175930099096,2.3912975120423874,4.112420821190291,-169.75,0.2137390828173335,mechanisms/llnl_dme_2004/llnl_dme_2004.yaml,dme_llnl_2004,fast,diffusion-strain,3.1662869888230554,2.35687941935995,10.0,experimental-pressure-coupled-two-zone,"{'boundary_mass_fraction': 0.2, 'boundary_piston_area_fraction': None, 'pressure_equalization_coeff_m_s_Pa': 5e-05, 'interzone_heat_transfer_coeff_W_m2K': 100.0, 'interface_area_factor': 1.0, 'mixing_time_ms': 10.0, 'mixing_model': 'diffusion-strain', 'mixing_length_mm': 0.5, 'molecular_diffusivity_m2_s': 8e-06, 'piston_strain_coefficient': 2.0, 'mixing_min_time_ms': 0.1, 'mixing_max_time_ms': 100.0, 'integrator_rtol': 1e-07, 'integrator_atol': 1e-14, 'boundary_leak_bias': 0.0}",555.5713117086374,581.6514816804103,4.654753626865638,-169.5,581.6514816804103,5e-05,,ringpack_area_0p006,ring-pack-orifice,ok,"Experimental two-reactor spatial bracket. Pressure equalization, zone mass, mixing time, interface heat transfer, and leakage allocation are model inputs, not calibrated measurements. Gross work excludes gas exchange and friction.",-155.37909504537373
-162.68653032879752,-155.130022767366,-153.4988351752344,-7.01931148989277e-06,-7.3331837605652224e-06,False,0.2889262810357427,1.5319982581017495,1.8080432014777672e-13,0.0,0.2,0.2,no_positive_gross_work,7.75,6.390542794655708e-17,5.512724771055465e-08,7.583043999803645e-16,0.009000900089975042,0.02700270027002744,3.551095624497175e-17,2.0818265974750914e-18,0.20252025202513677,2.362158248434186e-17,0.009000900090007688,0.02700270027002697,1.0886895149624128e-18,6.267914277469628e-20,0.20252025202520177,,551.4353034634512,0.3892991181466092,439.8611090100878,0.0,0.0,0.0,"ch3och3:0.25, CH4:0.75",dme_llnl_2004,-0.36523725573527854,-0.14507776078109413,-14.507776078109416,1.5720532702758607,3.0,100.0,0.0,0.0,-0.00048515166890821746,0.20957715053825623,7.583043999803645e-16,0.00900090009000906,0.0270027002700277,3.551095624497175e-17,2.0818265974750914e-18,0.20252025202521648,2.362158248434186e-17,0.009000900090009001,0.027002700270027005,1.0886895149624128e-18,6.267914277469628e-20,0.20252025202520252,0.0,3.481112431584633e-17,0.0,0.061530108811523536,0.005038329258669982,25.5,0.18653208847346153,mechanisms/llnl_dme_2004/llnl_dme_2004.yaml,dme_llnl_2004,slow,diffusion-strain,100.0,100.0,10.0,experimental-pressure-coupled-two-zone,"{'boundary_mass_fraction': 0.2, 'boundary_piston_area_fraction': None, 'pressure_equalization_coeff_m_s_Pa': 5e-05, 'interzone_heat_transfer_coeff_W_m2K': 100.0, 'interface_area_factor': 1.0, 'mixing_time_ms': 10.0, 'mixing_model': 'diffusion-strain', 'mixing_length_mm': 1.5, 'molecular_diffusivity_m2_s': 1e-06, 'piston_strain_coefficient': 0.1, 'mixing_min_time_ms': 0.1, 'mixing_max_time_ms': 100.0, 'integrator_rtol': 1e-07, 'integrator_atol': 1e-14, 'boundary_leak_bias': 0.0}",551.4353034634512,468.0926484862816,3.0000000000000004,-180.0,551.4353034634512,5e-05,,ringpack_area_0p006,ring-pack-orifice,ok,"Experimental two-reactor spatial bracket. Pressure equalization, zone mass, mixing time, interface heat transfer, and leakage allocation are model inputs, not calibrated measurements. Gross work excludes gas exchange and friction.",-153.78893876906392
-5.955028353664297,-2.464961849360467,18.292193454232702,-4.704350240011351e-07,-6.401427082487926e-08,True,0.0,0.0,0.06661284541937637,0.0,0.2,0.2,cool_partial_candidate,7.75,0.37715424867020936,338.35053565037185,0.002208890216722077,0.0020229053016255555,0.024243421148972977,0.008846846863557137,0.0013508027278157852,0.18267284888693688,0.0021873559208230435,0.0017170954624882075,0.024004339644526623,0.009714104797110414,0.0014739072531661183,0.18141115451126308,,541.6698266947263,0.21699123710892146,488.1893653371855,0.8008212192383747,0.10197297828999825,0.4437556022549524,"ch3och3:0.25, CH4:0.75",dme_llnl_2004,3.4259258089979907,1.3608295352318267,136.08295352318268,1.5720532702758607,3.0,100.0,0.8008212192383747,0.10197297828999832,-4.023406499457927e-15,1.0000000000000027,0.0023677318617247307,0.00900090009000928,0.027002700270030624,0.008846846863557137,0.0013508027278157852,0.2025202520252543,0.002896840596286741,0.009000900090009038,0.027002700270029205,0.010356558548376164,0.0015660924861197964,0.20252025202520357,0.8008212192383747,0.10197297828999825,0.4437556022549524,0.05932004649764451,4.966655927742522,-5.25,0.2690265119404158,mechanisms/llnl_dme_2004/llnl_dme_2004.yaml,dme_llnl_2004,central,diffusion-strain,33.773727880779255,11.927471734515462,10.0,experimental-pressure-coupled-two-zone,"{'boundary_mass_fraction': 0.2, 'boundary_piston_area_fraction': None, 'pressure_equalization_coeff_m_s_Pa': 5e-05, 'interzone_heat_transfer_coeff_W_m2K': 100.0, 'interface_area_factor': 1.0, 'mixing_time_ms': 10.0, 'mixing_model': 'diffusion-strain', 'mixing_length_mm': 1.0, 'molecular_diffusivity_m2_s': 3e-06, 'piston_strain_coefficient': 1.0, 'mixing_min_time_ms': 0.1, 'mixing_max_time_ms': 100.0, 'integrator_rtol': 1e-07, 'integrator_atol': 1e-14, 'boundary_leak_bias': 0.0}",842.7538158680586,920.7428655143026,69.12925694758026,2.0,920.7428655143026,5e-05,,sealed_reference,none,ok,"Experimental two-reactor spatial bracket. Pressure equalization, zone mass, mixing time, interface heat transfer, and leakage allocation are model inputs, not calibrated measurements. Gross work excludes gas exchange and friction.",-35.465110830660066
-11.170223703401541,-4.656440218428328,-3.741441640832979,-2.1176963226277177e-05,-0.0026306804354346964,False,0.0,0.0,0.17601200578215848,0.0,0.2,0.2,rapid_heat_release,7.75,0.8810087574435012,2113.2563459120147,3.101841798353669e-15,4.3081253080983124e-48,9.478731460986302e-27,1.2332340192195235e-08,0.044547213046679614,0.12050550973628832,3.66792854465276e-15,4.151910548532615e-48,9.40230995724277e-27,1.2317696728571352e-08,0.0445472129351661,0.12050550952918355,,666.6093567258531,0.18322011731259835,742.8654742461589,1.0,1.0,1.0,"ch3och3:0.25, CH4:0.75",dme_llnl_2004,16.696500498795686,6.632102468214139,663.210246821414,1.5720532702758607,3.0,100.0,1.0,1.0,2.541098841762901e-15,0.9999999999999983,0.0030894839804317567,0.009000900090009019,0.027002700270035995,0.02422259916713453,0.044547213046679614,0.20252025202522078,0.0034669929750613393,0.009000900090010273,0.027002700270037327,0.02628873051916938,0.0445472129351661,0.20252025202521493,1.0,1.0,1.0,0.178365992999468,70.07002826024504,-4.5,0.23378737085518683,mechanisms/llnl_dme_2004/llnl_dme_2004.yaml,dme_llnl_2004,fast,diffusion-strain,3.1662869888230554,2.35687941935995,10.0,experimental-pressure-coupled-two-zone,"{'boundary_mass_fraction': 0.2, 'boundary_piston_area_fraction': None, 'pressure_equalization_coeff_m_s_Pa': 5e-05, 'interzone_heat_transfer_coeff_W_m2K': 100.0, 'interface_area_factor': 1.0, 'mixing_time_ms': 10.0, 'mixing_model': 'diffusion-strain', 'mixing_length_mm': 0.5, 'molecular_diffusivity_m2_s': 8e-06, 'piston_strain_coefficient': 2.0, 'mixing_min_time_ms': 0.1, 'mixing_max_time_ms': 100.0, 'integrator_rtol': 1e-07, 'integrator_atol': 1e-14, 'boundary_leak_bias': 0.0}",1890.7682571661367,2018.2891129759962,154.9942836452088,-1.25,2018.2891129759962,5e-05,,sealed_reference,none,ok,"Experimental two-reactor spatial bracket. Pressure equalization, zone mass, mixing time, interface heat transfer, and leakage allocation are model inputs, not calibrated measurements. Gross work excludes gas exchange and friction.",643.3639361849126
-12.015529736912182,6.715523793413063,12.058064298491905,-3.69767652108297e-07,-3.9085477432405574e-08,True,0.0,0.0,0.06594018384745373,0.0,0.2,0.2,cool_partial_candidate,7.75,0.26984192400449264,233.85400327428266,0.0022075487681784437,0.0035295263390834127,0.025377183145279505,0.004877592551295462,0.0007453329902213341,0.18874507940218538,0.0020903120350973456,0.0033065473331664297,0.02532300735966655,0.004875917196103316,0.0007995518021170842,0.18832668099756647,,540.4599741886964,0.23734649502953492,434.0963840550194,0.6261202724805607,0.05785368582789627,0.3357733166109447,"ch3och3:0.25, CH4:0.75",dme_llnl_2004,2.067234229036209,0.8211366947077745,82.11366947077744,1.5720532702758607,3.0,100.0,0.6261202724805607,0.05785368582789627,-3.409307612698559e-14,1.0000000000000218,0.002422814530710679,0.009000900090009548,0.027002700270028678,0.004877592551295462,0.0007453329902213341,0.20252025202524385,0.002126904329810848,0.009000900090009001,0.027002700270027116,0.004875917196103316,0.0008021373620828636,0.20252025202520252,0.6261202724805607,0.05785368582789627,0.3357733166109447,0.059583197959745884,1.567014545872567,-12.25,0.1465923185946979,mechanisms/llnl_dme_2004/llnl_dme_2004.yaml,dme_llnl_2004,slow,diffusion-strain,100.0,100.0,10.0,experimental-pressure-coupled-two-zone,"{'boundary_mass_fraction': 0.2, 'boundary_piston_area_fraction': None, 'pressure_equalization_coeff_m_s_Pa': 5e-05, 'interzone_heat_transfer_coeff_W_m2K': 100.0, 'interface_area_factor': 1.0, 'mixing_time_ms': 10.0, 'mixing_model': 'diffusion-strain', 'mixing_length_mm': 1.5, 'molecular_diffusivity_m2_s': 1e-06, 'piston_strain_coefficient': 0.1, 'mixing_min_time_ms': 0.1, 'mixing_max_time_ms': 100.0, 'integrator_rtol': 1e-07, 'integrator_atol': 1e-14, 'boundary_leak_bias': 0.0}",838.4886588421679,822.1516359012425,59.25802541884104,9.0,838.4886588421679,5e-05,,sealed_reference,none,ok,"Experimental two-reactor spatial bracket. Pressure equalization, zone mass, mixing time, interface heat transfer, and leakage allocation are model inputs, not calibrated measurements. Gross work excludes gas exchange and friction.",-33.11203842182433
-7.940253079406996,-6.044156301387075,15.61302503582683,-8.239784324877247e-08,-1.7119788208508498e-07,True,0.0,0.18506852200398274,0.06811076680355108,0.0,0.2,0.2,cool_partial_candidate,7.75,0.3839886099445005,350.7150262435914,0.0018173649883425867,0.0014860288380528501,0.02398465531252419,0.01028259774177794,0.0012563271937523993,0.18157448031384146,0.0017954350298092859,0.0011532169321757872,0.02371092830081612,0.01122838144353419,0.001419988262553567,0.18029118525156548,,543.4278163248852,0.2159629616403329,484.3665864447826,0.8157170883958527,0.10403442615838449,0.4520939238825179,"CH3OCH3:0.25, CH4:0.75",dme_zhao_full,1.866734104909557,0.7414950136145702,74.14950136145701,1.5720532702758607,3.0,100.0,0.8157170883958527,0.1040344261583845,-1.604872687172213e-05,0.8822861306445179,0.0019392621449164519,0.009000900090009239,0.027002700270030777,0.01028259774177794,0.0012563271937523993,0.20252025202522278,0.0025788271998428538,0.009000900090009001,0.027002700270031748,0.01196382338481571,0.0015482790396996145,0.20252025202520252,0.8157170883958527,0.10403496710270224,0.4520941937532943,0.059316019341823414,7.269706417018455,-7.25,0.2285418399989979,mechanisms/dme_zhao_full.yaml,dme_zhao_full,central,diffusion-strain,33.773727880779255,11.927471734515462,10.0,experimental-pressure-coupled-two-zone,"{'boundary_mass_fraction': 0.2, 'boundary_piston_area_fraction': None, 'pressure_equalization_coeff_m_s_Pa': 5e-05, 'interzone_heat_transfer_coeff_W_m2K': 100.0, 'interface_area_factor': 1.0, 'mixing_time_ms': 10.0, 'mixing_model': 'diffusion-strain', 'mixing_length_mm': 1.0, 'molecular_diffusivity_m2_s': 3e-06, 'piston_strain_coefficient': 1.0, 'mixing_min_time_ms': 0.1, 'mixing_max_time_ms': 100.0, 'integrator_rtol': 1e-07, 'integrator_atol': 1e-14, 'boundary_leak_bias': 0.0}",852.7478832592109,932.1154078430943,65.5463837077119,0.25,932.1154078430943,5e-05,,annular_3um_e05,ringless-annulus,ok,"Experimental two-reactor spatial bracket. Pressure equalization, zone mass, mixing time, interface heat transfer, and leakage allocation are model inputs, not calibrated measurements. Gross work excludes gas exchange and friction.",-38.24089097587775
-13.825182345683084,-2.654059985755154,-2.257775980381924,3.4758577574788616e-06,0.0033703720467510873,False,0.0,0.21423834179748014,0.16246088327802288,0.0,0.2,0.2,rapid_heat_release,7.75,0.7210319823772452,2267.4551486620567,3.1121768618735095e-17,7.35477801213121e-33,2.840107326499862e-17,1.0717652205473855e-08,0.044497503757905274,0.12057442211745939,3.149738130060191e-17,6.031480310457667e-33,2.8304237076445314e-17,1.0706005248537228e-08,0.04449750362004226,0.12057442136969332,,638.8721544606401,0.17993675424455452,707.2646997427994,0.966904732486733,0.945636404536739,0.9560380117930318,"CH3OCH3:0.25, CH4:0.75",dme_zhao_full,12.100749498176144,4.80660067778177,480.660067778177,1.5720532702758607,3.0,100.0,0.966904732486733,0.9456364045367389,0.00025198704564192076,0.8635603939773085,0.002756848941051617,0.009000900090009,0.027002700270036126,0.022504386523283963,0.044497503757905274,0.20252025202521273,0.0031422714743036054,0.009000900090009001,0.027002700270037188,0.02432792759608918,0.04449750362004226,0.20252025202520252,0.966904732486733,0.945636404536739,0.9560380117930318,0.23291776654209942,58.27723224015358,-2.5,0.2943656012438016,mechanisms/dme_zhao_full.yaml,dme_zhao_full,fast,diffusion-strain,3.1662869888230554,2.35687941935995,10.0,experimental-pressure-coupled-two-zone,"{'boundary_mass_fraction': 0.2, 'boundary_piston_area_fraction': None, 'pressure_equalization_coeff_m_s_Pa': 5e-05, 'interzone_heat_transfer_coeff_W_m2K': 100.0, 'interface_area_factor': 1.0, 'mixing_time_ms': 10.0, 'mixing_model': 'diffusion-strain', 'mixing_length_mm': 0.5, 'molecular_diffusivity_m2_s': 8e-06, 'piston_strain_coefficient': 2.0, 'mixing_min_time_ms': 0.1, 'mixing_max_time_ms': 100.0, 'integrator_rtol': 1e-07, 'integrator_atol': 1e-14, 'boundary_leak_bias': 0.0}",1856.2158563926182,1994.2657082076962,143.3599437394444,-0.25,1994.2657082076962,5e-05,,annular_3um_e05,ringless-annulus,ok,"Experimental two-reactor spatial bracket. Pressure equalization, zone mass, mixing time, interface heat transfer, and leakage allocation are model inputs, not calibrated measurements. Gross work excludes gas exchange and friction.",556.7236717425001
-17.04979194507091,2.0489694766562825,4.658169644633809,1.0207139857459189e-06,1.114969777634228e-06,True,0.0,0.17956998899033827,0.06836502537317413,0.0,0.2,0.2,cool_partial_candidate,7.75,0.26488382217689993,229.6490851811459,0.0017901945316407045,0.0031830474278938137,0.02530694347310688,0.005842086688584092,0.0005101607889380143,0.18788544257785184,0.0016267873470044733,0.003001944463013334,0.02525503853072693,0.00578630199631968,0.0005661182208676036,0.18756016137716297,,541.803598694553,0.24466501279564473,423.25545581498756,0.6224945394536686,0.05647322309081729,0.33329476944551906,"CH3OCH3:0.25, CH4:0.75",dme_zhao_full,0.5350669634089039,0.21253668868754846,21.253668868754847,1.5720532702758607,3.0,100.0,0.6224945394536687,0.05647322309081732,7.443478440657756e-05,0.8857262491218117,0.001957786563750664,0.009000900090009218,0.027002700270028414,0.0058537839927111455,0.0005101607889380143,0.20252025202523521,0.0016482147648019148,0.009000900090009001,0.027002700270027123,0.00578630199631968,0.0005689721858279905,0.20252025202520252,0.6224951625500533,0.05647821525166844,0.3332969297560036,0.05957838364659634,2.6483625729847375,3.0,0.1391751754617881,mechanisms/dme_zhao_full.yaml,dme_zhao_full,slow,diffusion-strain,100.0,100.0,10.0,experimental-pressure-coupled-two-zone,"{'boundary_mass_fraction': 0.2, 'boundary_piston_area_fraction': None, 'pressure_equalization_coeff_m_s_Pa': 5e-05, 'interzone_heat_transfer_coeff_W_m2K': 100.0, 'interface_area_factor': 1.0, 'mixing_time_ms': 10.0, 'mixing_model': 'diffusion-strain', 'mixing_length_mm': 1.5, 'molecular_diffusivity_m2_s': 1e-06, 'piston_strain_coefficient': 0.1, 'mixing_min_time_ms': 0.1, 'mixing_max_time_ms': 100.0, 'integrator_rtol': 1e-07, 'integrator_atol': 1e-14, 'boundary_leak_bias': 0.0}",840.5178207833836,837.2479519423413,59.32458422993014,4.5,840.5178207833836,5e-05,,annular_3um_e05,ringless-annulus,ok,"Experimental two-reactor spatial bracket. Pressure equalization, zone mass, mixing time, interface heat transfer, and leakage allocation are model inputs, not calibrated measurements. Gross work excludes gas exchange and friction.",-35.41470573971881
5.34031426700156,12.262633342296581,16.24826888840805,3.8170708890732334e-07,-1.6027732305342457e-07,False,0.0,0.5780647594134826,0.0007793503449752287,0.0,0.2,0.2,no_positive_gross_work,7.75,0.19802617231729713,135.54106945802988,0.0008588554956351245,0.00502394218482501,0.025941823590892327,0.003577840051190725,0.0003544530515650107,0.19287239928816063,0.0010498987872387864,0.004152616296713317,0.02570307583508662,0.00438757647587817,0.0004360713210682969,0.19073297341743284,,540.8235279255986,0.23642145547035795,421.0605041754401,0.37408073275226295,0.031041697201466354,0.19881028388897193,"CH3OCH3:0.25, CH4:0.75",dme_zhao_full,-3.030697104860752,-1.203838717640636,-120.38387176406361,1.5720532702758607,3.0,100.0,0.37408073275226295,0.031041697201466354,-1.390392930600669e-05,0.6322956311889218,0.0008588554956351245,0.009000900090009083,0.02700270027003073,0.003577840051190725,0.0003544530515650107,0.20252025202523205,0.0012357032483166165,0.009000900090009001,0.02700270027003242,0.00506936903962999,0.0005021374436370461,0.20252025202520252,0.37408073275226295,0.03112605898907746,0.19883988110692205,0.05932820208812773,0.7863736578604303,-25.75,0.32198013893397176,mechanisms/dme_zhao_full.yaml,dme_zhao_full,central,diffusion-strain,33.773727880779255,11.927471734515462,10.0,experimental-pressure-coupled-two-zone,"{'boundary_mass_fraction': 0.2, 'boundary_piston_area_fraction': None, 'pressure_equalization_coeff_m_s_Pa': 5e-05, 'interzone_heat_transfer_coeff_W_m2K': 100.0, 'interface_area_factor': 1.0, 'mixing_time_ms': 10.0, 'mixing_model': 'diffusion-strain', 'mixing_length_mm': 1.0, 'molecular_diffusivity_m2_s': 3e-06, 'piston_strain_coefficient': 1.0, 'mixing_min_time_ms': 0.1, 'mixing_max_time_ms': 100.0, 'integrator_rtol': 1e-07, 'integrator_atol': 1e-14, 'boundary_leak_bias': 0.0}",680.7264847705007,774.1447517159406,42.37909047088132,-5.75,774.1447517159406,5e-05,,annular_5um_e05,ringless-annulus,ok,"Experimental two-reactor spatial bracket. Pressure equalization, zone mass, mixing time, interface heat transfer, and leakage allocation are model inputs, not calibrated measurements. Gross work excludes gas exchange and friction.",-113.73289234092054
-19.88493292930416,-2.0652880981383315,10.16575565853886,1.517035722786218e-06,4.647815781692157e-06,False,0.0,0.6172157667694029,0.061122528166195886,0.0,0.2,0.2,no_positive_gross_work,7.75,0.4766241647304803,514.8288947469667,0.0008505534950192634,0.00016228298376376295,0.017037419934547843,0.018952371012148674,0.004372352052357593,0.16761472817144374,0.0008505346970104124,0.00016226416686406392,0.017037303223219943,0.018952500033470352,0.004372406325067675,0.16761449993927593,,539.5214959795599,0.1929386805338497,513.4714139576596,0.8186713539216008,0.26910550933588867,0.5378792507552307,"CH3OCH3:0.25, CH4:0.75",dme_zhao_full,-1.7130684024772118,-0.6804566730081105,-68.04566730081105,1.5720532702758607,3.0,100.0,0.8186713539216008,0.26910550933588867,0.00038255038015737954,0.6071390653058562,0.0025050172630201014,0.009000900090009062,0.027002700270035852,0.018952371012148674,0.004372352052357593,0.2025202520252147,0.0029585813383464143,0.009000900090009001,0.027002700270036845,0.019408515387189955,0.004542485472656347,0.20252025202520252,0.8186713575712146,0.26912042335066827,0.5378865345088581,0.05586650700879516,5.329540538675744,-19.75,0.20556251904735875,mechanisms/dme_zhao_full.yaml,dme_zhao_full,fast,diffusion-strain,3.1662869888230554,2.35687941935995,10.0,experimental-pressure-coupled-two-zone,"{'boundary_mass_fraction': 0.2, 'boundary_piston_area_fraction': None, 'pressure_equalization_coeff_m_s_Pa': 5e-05, 'interzone_heat_transfer_coeff_W_m2K': 100.0, 'interface_area_factor': 1.0, 'mixing_time_ms': 10.0, 'mixing_model': 'diffusion-strain', 'mixing_length_mm': 0.5, 'molecular_diffusivity_m2_s': 8e-06, 'piston_strain_coefficient': 2.0, 'mixing_min_time_ms': 0.1, 'mixing_max_time_ms': 100.0, 'integrator_rtol': 1e-07, 'integrator_atol': 1e-14, 'boundary_leak_bias': 0.0}",903.7850800990468,1120.8298553991792,60.978439899543275,4.25,1120.8298553991792,5e-05,,annular_5um_e05,ringless-annulus,ok,"Experimental two-reactor spatial bracket. Pressure equalization, zone mass, mixing time, interface heat transfer, and leakage allocation are model inputs, not calibrated measurements. Gross work excludes gas exchange and friction.",-2.996221060667537
-11.58833913319813,-8.098792096769138,-5.491379786738293,6.449667976011559e-06,6.80138406660969e-06,False,0.0,0.5676412307812909,0.05850761683780406,0.0,0.2,0.2,no_positive_gross_work,7.75,0.0013375535228144872,40.727855987464494,0.0011677565663468776,0.004541955703662127,0.025749224747796413,0.004162207988989998,0.00037647677468642264,0.19154628534490695,9.72748545863059e-05,0.00860839044583409,0.02689964810948472,0.0003363905923628014,2.9812323219565453e-05,0.20158104409658176,,539.335044078111,0.3145297976577123,330.0125008092751,0.11254635804348397,0.009957337958388528,0.06013009710720551,"CH3OCH3:0.25, CH4:0.75",dme_zhao_full,-4.126551534983471,-1.6391286678517303,-163.91286678517304,1.5720532702758607,3.0,100.0,0.11254635804348397,0.009957337958388563,0.0004504476494582913,0.6386307708700852,0.001499963736819177,0.00900090009000906,0.02700270027002835,0.005200809085835633,0.0004694668775570208,0.20252025202522117,9.72748545863059e-05,0.009000900090009001,0.027002700270027123,0.0003363905923628014,2.9812323219565453e-05,0.20252025202520252,0.11254635804348397,0.009958378361455602,0.06013032067031922,0.05959058368145721,0.740779798384601,-25.75,0.28156146691854556,mechanisms/dme_zhao_full.yaml,dme_zhao_full,slow,diffusion-strain,100.0,100.0,10.0,experimental-pressure-coupled-two-zone,"{'boundary_mass_fraction': 0.2, 'boundary_piston_area_fraction': None, 'pressure_equalization_coeff_m_s_Pa': 5e-05, 'interzone_heat_transfer_coeff_W_m2K': 100.0, 'interface_area_factor': 1.0, 'mixing_time_ms': 10.0, 'mixing_model': 'diffusion-strain', 'mixing_length_mm': 1.5, 'molecular_diffusivity_m2_s': 1e-06, 'piston_strain_coefficient': 0.1, 'mixing_min_time_ms': 0.1, 'mixing_max_time_ms': 100.0, 'integrator_rtol': 1e-07, 'integrator_atol': 1e-14, 'boundary_leak_bias': 0.0}",801.740294949813,653.3321063649861,41.9348085923538,-5.25,801.740294949813,5e-05,,annular_5um_e05,ringless-annulus,ok,"Experimental two-reactor spatial bracket. Pressure equalization, zone mass, mixing time, interface heat transfer, and leakage allocation are model inputs, not calibrated measurements. Gross work excludes gas exchange and friction.",-77.14992680625346
-173.26857096652756,-172.10457251990798,-161.55901907820135,-7.544880747164931e-06,-7.88225413132676e-06,False,0.28181103601173807,1.5331433722045518,6.531136171363672e-14,0.0,0.2,0.2,no_positive_gross_work,7.75,4.466300697621577e-16,1.7344757487920405e-09,5.140595132530315e-16,0.009000900089987298,0.027002700270027564,3.089053859518158e-17,4.451263020126063e-19,0.20252025202516272,5.718106495102364e-17,0.009000900090005873,0.02700270027002694,3.4858361873698175e-18,4.5977941205747097e-20,0.20252025202520102,,551.001006816144,0.3461097136574995,462.7064428889092,0.0,0.0,0.0,"CH3OCH3:0.25, CH4:0.75",dme_zhao_full,-0.37904818264318973,-0.15056366978585173,-15.056366978585173,1.5720532702758607,3.0,100.0,0.0,0.0,-0.0005214772834580588,0.20434575433320645,5.140595132530315e-16,0.009000900090009142,0.027002700270027564,3.089053859518158e-17,4.451263020126063e-19,0.2025202520252128,5.718106495102364e-17,0.009000900090009001,0.027002700270027005,3.4858361873698175e-18,4.5977941205747097e-20,0.20252025202520252,2.4590659503849026e-06,2.459065950208157e-06,2.459065950294597e-06,0.061159624584199046,0.0010109798922044444,123.0,0.29312903412434305,mechanisms/dme_zhao_full.yaml,dme_zhao_full,central,diffusion-strain,33.773727880779255,11.927471734515462,10.0,experimental-pressure-coupled-two-zone,"{'boundary_mass_fraction': 0.2, 'boundary_piston_area_fraction': None, 'pressure_equalization_coeff_m_s_Pa': 5e-05, 'interzone_heat_transfer_coeff_W_m2K': 100.0, 'interface_area_factor': 1.0, 'mixing_time_ms': 10.0, 'mixing_model': 'diffusion-strain', 'mixing_length_mm': 1.0, 'molecular_diffusivity_m2_s': 3e-06, 'piston_strain_coefficient': 1.0, 'mixing_min_time_ms': 0.1, 'mixing_max_time_ms': 100.0, 'integrator_rtol': 1e-07, 'integrator_atol': 1e-14, 'boundary_leak_bias': 0.0}",551.001006816144,486.9700251395896,3.0000000000000004,-180.0,551.001006816144,5e-05,,ringpack_area_0p006,ring-pack-orifice,ok,"Experimental two-reactor spatial bracket. Pressure equalization, zone mass, mixing time, interface heat transfer, and leakage allocation are model inputs, not calibrated measurements. Gross work excludes gas exchange and friction.",-172.2303830587728
-173.07004387327905,-171.78220352919865,-169.1747596017458,-6.056910238151879e-06,-6.327748222333881e-06,False,0.26482575093603455,1.53632169931627,5.4244168243386585e-14,0.0,0.2,0.2,no_positive_gross_work,7.75,7.747163719778748e-15,1.0183921496149134e-09,1.255965341989803e-16,0.009000900090000432,0.02700270027002725,3.8522869089756e-18,5.2314356297271244e-20,0.20252025202518648,5.405589231572499e-17,0.009000900090004484,0.0270027002700271,2.1787843082496706e-18,2.7198163325528143e-20,0.20252025202519508,,547.8996413703328,0.26567845289946335,514.3166906435831,0.0,0.0,0.0,"CH3OCH3:0.25, CH4:0.75",dme_zhao_full,-0.4113973795352871,-0.1634132599480716,-16.34132599480716,1.5720532702758607,3.0,100.0,0.0,0.0,-0.000418633667274362,0.1914540437361164,1.7944480823384124e-16,0.009000900090009001,0.02700270027002725,3.8522869089756e-18,5.2314356297271244e-20,0.2025202520252048,6.664565239535796e-17,0.009000900090009001,0.027002700270027102,2.1787843082496706e-18,2.7198163325528143e-20,0.20252025202520252,2.617411784502045e-06,2.617411784327582e-06,2.617411784412906e-06,0.057168513963117146,0.0009447595469327386,119.0,0.2328655178727803,mechanisms/dme_zhao_full.yaml,dme_zhao_full,fast,diffusion-strain,3.1662869888230554,2.35687941935995,10.0,experimental-pressure-coupled-two-zone,"{'boundary_mass_fraction': 0.2, 'boundary_piston_area_fraction': None, 'pressure_equalization_coeff_m_s_Pa': 5e-05, 'interzone_heat_transfer_coeff_W_m2K': 100.0, 'interface_area_factor': 1.0, 'mixing_time_ms': 10.0, 'mixing_model': 'diffusion-strain', 'mixing_length_mm': 0.5, 'molecular_diffusivity_m2_s': 8e-06, 'piston_strain_coefficient': 2.0, 'mixing_min_time_ms': 0.1, 'mixing_max_time_ms': 100.0, 'integrator_rtol': 1e-07, 'integrator_atol': 1e-14, 'boundary_leak_bias': 0.0}",553.796207391937,530.0302806935374,3.0000000000000004,-180.0,553.796207391937,5e-05,,ringpack_area_0p006,ring-pack-orifice,ok,"Experimental two-reactor spatial bracket. Pressure equalization, zone mass, mixing time, interface heat transfer, and leakage allocation are model inputs, not calibrated measurements. Gross work excludes gas exchange and friction.",-221.30424979407636
-174.57740274696826,-159.91203499754226,-155.78470590625653,-5.880976080303551e-06,-6.143947074326445e-06,False,0.2888972685086017,1.5319413943245577,1.7087027507494337e-13,0.0,0.2,0.2,no_positive_gross_work,7.75,7.042135266942407e-17,9.185736284554984e-10,9.984591470608581e-16,0.00900090008997387,0.027002700270027415,1.1327224099784057e-16,1.6324420680023784e-18,0.20252025202513638,3.156914336782148e-17,0.009000900090007678,0.027002700270026967,3.4511411609648514e-18,4.71236961015872e-20,0.20252025202520224,,551.4374134001475,0.3892699838144225,439.8749006663917,0.0,0.0,0.0,"CH3OCH3:0.25, CH4:0.75",dme_zhao_full,-0.3652766332016368,-0.14509340210616373,-14.509340210616374,1.5720532702758607,3.0,100.0,0.0,0.0,-0.0004064736782974253,0.20954481910170697,9.984591470608581e-16,0.00900090009000901,0.02700270027002779,1.1327224099784057e-16,1.6324420680023784e-18,0.20252025202520285,3.156914336782148e-17,0.009000900090009001,0.027002700270027005,3.4511411609648514e-18,4.71236961015872e-20,0.20252025202520252,3.000395316082188e-06,3.000395315922026e-06,3.000395316000356e-06,0.06152475284399116,0.0011163628582759877,29.25,0.1751112191871051,mechanisms/dme_zhao_full.yaml,dme_zhao_full,slow,diffusion-strain,100.0,100.0,10.0,experimental-pressure-coupled-two-zone,"{'boundary_mass_fraction': 0.2, 'boundary_piston_area_fraction': None, 'pressure_equalization_coeff_m_s_Pa': 5e-05, 'interzone_heat_transfer_coeff_W_m2K': 100.0, 'interface_area_factor': 1.0, 'mixing_time_ms': 10.0, 'mixing_model': 'diffusion-strain', 'mixing_length_mm': 1.5, 'molecular_diffusivity_m2_s': 1e-06, 'piston_strain_coefficient': 0.1, 'mixing_min_time_ms': 0.1, 'mixing_max_time_ms': 100.0, 'integrator_rtol': 1e-07, 'integrator_atol': 1e-14, 'boundary_leak_bias': 0.0}",551.4374134001475,468.1980418989816,3.0000000000000004,-180.0,551.4374134001475,5e-05,,ringpack_area_0p006,ring-pack-orifice,ok,"Experimental two-reactor spatial bracket. Pressure equalization, zone mass, mixing time, interface heat transfer, and leakage allocation are model inputs, not calibrated measurements. Gross work excludes gas exchange and friction.",-153.75990197393685
-9.46772293370578,4.899993094698215,19.883050347064184,1.518962653424727e-06,1.451874547306393e-07,True,0.0,0.0,0.08054404110061808,0.0,0.2,0.2,cool_partial_candidate,7.75,0.5999876788325766,703.2776594890514,0.000959991054089849,0.0006321426828760652,0.016990508484214017,0.01710858790341129,0.004696412503462552,0.16828087599634425,0.000756341799908298,0.00029359269247016315,0.015202764382566744,0.019157798312562143,0.0055942218573398934,0.16458688615236533,,560.6137291291284,0.18937881109449178,598.6459743204048,0.9591821886718839,0.4138779816862444,0.6805675028185553,"CH3OCH3:0.25, CH4:0.75",dme_zhao_full,7.491601234000186,2.9757772916829186,297.57772916829185,1.5720532702758607,3.0,100.0,0.9591821886718839,0.4138779816862444,8.258571235729428e-15,0.9999999999999948,0.0020967545470016425,0.009000900090009024,0.027002700270030777,0.01710858790341129,0.004696412503462552,0.20252025202525825,0.002725207562902166,0.009000900090009001,0.027002700270034256,0.020601697421875332,0.006179447570371569,0.20252025202520252,0.9591821886718839,0.4138779816862444,0.6805675028185553,0.05931266204667976,8.76898364981929,-9.25,0.36340457794280673,mechanisms/dme_zhao_full.yaml,dme_zhao_full,central,diffusion-strain,33.773727880779255,11.927471734515462,10.0,experimental-pressure-coupled-two-zone,"{'boundary_mass_fraction': 0.2, 'boundary_piston_area_fraction': None, 'pressure_equalization_coeff_m_s_Pa': 5e-05, 'interzone_heat_transfer_coeff_W_m2K': 100.0, 'interface_area_factor': 1.0, 'mixing_time_ms': 10.0, 'mixing_model': 'diffusion-strain', 'mixing_length_mm': 1.0, 'molecular_diffusivity_m2_s': 3e-06, 'piston_strain_coefficient': 1.0, 'mixing_min_time_ms': 0.1, 'mixing_max_time_ms': 100.0, 'integrator_rtol': 1e-07, 'integrator_atol': 1e-14, 'boundary_leak_bias': 0.0}",868.7448220423909,1155.7100230552733,80.74538173950486,8.75,1155.7100230552733,5e-05,,sealed_reference,none,ok,"Experimental two-reactor spatial bracket. Pressure equalization, zone mass, mixing time, interface heat transfer, and leakage allocation are model inputs, not calibrated measurements. Gross work excludes gas exchange and friction.",52.467560640640215
-22.53863596598618,-6.451075431487138,-4.241220937306993,1.2151899449912475e-06,-0.001000042504944967,False,0.0,0.0,0.18412018385146736,0.0,0.2,0.2,rapid_heat_release,7.75,0.8373567989835421,1452.0001915601867,1.173383644000992e-18,7.229818454460476e-36,1.0454973002555745e-18,8.883082099311393e-09,0.04450091224147715,0.12056970306529159,1.1983807897207117e-18,5.58341094364495e-36,1.0430351976610232e-18,8.870055383422588e-09,0.04450091206700202,0.12056970255176695,,666.6021950628063,0.18322114068610285,742.8524243090121,1.0,1.0,1.0,"CH3OCH3:0.25, CH4:0.75",dme_zhao_full,16.324969332350307,6.484524670927899,648.4524670927899,1.5720532702758607,3.0,100.0,1.0,1.0,9.952637130238029e-15,0.9999999999999937,0.002822754714198178,0.009000900090009069,0.027002700270036217,0.023865968104943017,0.04450091224147715,0.20252025202521903,0.0031771450190032045,0.009000900090009001,0.027002700270037296,0.02560678033203453,0.04450091206700202,0.20252025202520252,1.0,1.0,1.0,0.1080786225786619,69.85759392861382,-5.5,0.14203323485970004,mechanisms/dme_zhao_full.yaml,dme_zhao_full,fast,diffusion-strain,3.1662869888230554,2.35687941935995,10.0,experimental-pressure-coupled-two-zone,"{'boundary_mass_fraction': 0.2, 'boundary_piston_area_fraction': None, 'pressure_equalization_coeff_m_s_Pa': 5e-05, 'interzone_heat_transfer_coeff_W_m2K': 100.0, 'interface_area_factor': 1.0, 'mixing_time_ms': 10.0, 'mixing_model': 'diffusion-strain', 'mixing_length_mm': 0.5, 'molecular_diffusivity_m2_s': 8e-06, 'piston_strain_coefficient': 2.0, 'mixing_min_time_ms': 0.1, 'mixing_max_time_ms': 100.0, 'integrator_rtol': 1e-07, 'integrator_atol': 1e-14, 'boundary_leak_bias': 0.0}",1889.5601862263486,2019.427198655465,155.08531632461975,-1.25,2019.427198655465,5e-05,,sealed_reference,none,ok,"Experimental two-reactor spatial bracket. Pressure equalization, zone mass, mixing time, interface heat transfer, and leakage allocation are model inputs, not calibrated measurements. Gross work excludes gas exchange and friction.",655.5065022915383
-18.38167893171498,-2.0727497297549604,5.019369280451098,-4.068167915718562e-07,-4.7258527046938296e-08,True,0.0,0.0,0.07396714423251215,0.0,0.2,0.2,cool_partial_candidate,7.75,0.3075956171844835,267.19920614628757,0.001906687151106575,0.00282186762027879,0.025151772828146162,0.006571423612312433,0.0006029394496104612,0.18669619898641865,0.0018491187199847956,0.002541542896945683,0.02501812136084899,0.006768211432151694,0.0006933980412102797,0.1859933073113808,,541.2203806326871,0.2336666749188093,443.6102962639162,0.7098027853751038,0.06735283856456438,0.3815529977995242,"CH3OCH3:0.25, CH4:0.75",dme_zhao_full,2.402048911992799,0.9541301495572442,95.41301495572442,1.5720532702758607,3.0,100.0,0.7098027853751038,0.06735283856456438,2.329340604949326e-15,0.9999999999999986,0.002032140258530906,0.009000900090009027,0.0270027002700284,0.006571423612312433,0.0006029394496104612,0.2025202520252589,0.0019127437086432224,0.009000900090009001,0.02700270027002712,0.006777250695499012,0.0006979540975000167,0.20252025202520252,0.7098027853751038,0.067353687475977,0.381553028929288,0.05957502158674644,4.769253347746542,-1.75,0.19247162236398999,mechanisms/dme_zhao_full.yaml,dme_zhao_full,slow,diffusion-strain,100.0,100.0,10.0,experimental-pressure-coupled-two-zone,"{'boundary_mass_fraction': 0.2, 'boundary_piston_area_fraction': None, 'pressure_equalization_coeff_m_s_Pa': 5e-05, 'interzone_heat_transfer_coeff_W_m2K': 100.0, 'interface_area_factor': 1.0, 'mixing_time_ms': 10.0, 'mixing_model': 'diffusion-strain', 'mixing_length_mm': 1.5, 'molecular_diffusivity_m2_s': 1e-06, 'piston_strain_coefficient': 0.1, 'mixing_min_time_ms': 0.1, 'mixing_max_time_ms': 100.0, 'integrator_rtol': 1e-07, 'integrator_atol': 1e-14, 'boundary_leak_bias': 0.0}",856.0441118660601,864.3818180213481,66.73083748182897,1.25,864.3818180213481,5e-05,,sealed_reference,none,ok,"Experimental two-reactor spatial bracket. Pressure equalization, zone mass, mixing time, interface heat transfer, and leakage allocation are model inputs, not calibrated measurements. Gross work excludes gas exchange and friction.",-22.17927027492743
-7.9446867109751445,-6.104687692790944,15.123654984237152,4.398878489095137e-06,4.229011391241307e-06,True,0.0,0.18492856283252707,0.06757112481450088,0.0,0.2,0.2,cool_partial_candidate,7.75,0.3778368286398689,343.2015417415025,0.0018756639174805395,0.001566723643565413,0.024093803569352274,0.010073261701421733,0.0011983822709543865,0.1818848300476319,0.0018621845794137431,0.001241870730927306,0.02384252143873749,0.010973172243249509,0.0013495932106304257,0.18066133909752383,,543.064947033249,0.21681050055320134,481.9379615811765,0.8066210358416068,0.10001847909114187,0.44559347205210886,"CH3OCH3:0.25, CH4:0.75",dme_zhao_sk39,1.7836010627510688,0.7084733122029941,70.84733122029942,1.5720532702758607,3.0,100.0,0.8066210358416068,0.1000184790911418,0.0002726869423150393,0.8821914923135248,0.0019607646412402972,0.00900090009000911,0.027002700270030735,0.010073261701421733,0.0011983822709543865,0.20252025202521828,0.002605652160515113,0.009000900090009001,0.0270027002700319,0.011675448315163461,0.0014688174211035358,0.20252025202520252,0.8066210358416068,0.10002246665981658,0.4455938086773932,0.05931363471588353,7.242675368902795,-7.25,0.196975391752262,mechanisms/dme_zhao_sk39.yaml,dme_zhao_sk39,central,diffusion-strain,33.773727880779255,11.927471734515462,10.0,experimental-pressure-coupled-two-zone,"{'boundary_mass_fraction': 0.2, 'boundary_piston_area_fraction': None, 'pressure_equalization_coeff_m_s_Pa': 5e-05, 'interzone_heat_transfer_coeff_W_m2K': 100.0, 'interface_area_factor': 1.0, 'mixing_time_ms': 10.0, 'mixing_model': 'diffusion-strain', 'mixing_length_mm': 1.0, 'molecular_diffusivity_m2_s': 3e-06, 'piston_strain_coefficient': 1.0, 'mixing_min_time_ms': 0.1, 'mixing_max_time_ms': 100.0, 'integrator_rtol': 1e-07, 'integrator_atol': 1e-14, 'boundary_leak_bias': 0.0}",852.0629356974612,929.5100772514322,65.49527406515394,0.25,929.5100772514322,5e-05,,annular_3um_e05,ringless-annulus,ok,"Experimental two-reactor spatial bracket. Pressure equalization, zone mass, mixing time, interface heat transfer, and leakage allocation are model inputs, not calibrated measurements. Gross work excludes gas exchange and friction.",-39.984693899617454
-13.685542257314063,-2.400040324864766,-2.009038413118613,4.324887317885795e-06,0.0027957357295626947,False,0.0,0.21460540849975868,0.17688518415371557,0.0,0.2,0.2,rapid_heat_release,7.75,0.7186689330922654,2278.900870933673,6.661131398449017e-26,-5.588952040607543e-38,1.8659324891695694e-29,1.0720789006094966e-08,0.04449671345236309,0.12057551848002979,7.559338822473309e-26,-5.204557100015025e-37,2.289536424398971e-29,1.0709135923292334e-08,0.044496713314369434,0.12057551773194834,,638.8267144791544,0.1799167345489613,707.2119688809157,0.96678874797694,0.9452063839319216,0.9557615754348193,"CH3OCH3:0.25, CH4:0.75",dme_zhao_sk39,12.112326454497506,4.811199219889372,481.1199219889372,1.5720532702758607,3.0,100.0,0.96678874797694,0.9452063839319216,0.0002697963225184781,0.8633155702258287,0.0027849028562110904,0.009000900090009057,0.02700270027003607,0.023702793469912366,0.04449671345236309,0.20252025202521287,0.0031707074075830646,0.009000900090009001,0.027002700270037133,0.02392143696944535,0.044496713314369434,0.20252025202520252,0.96678874797694,0.9452063839319216,0.9557615754348193,0.24864164238164202,58.814759367626436,-2.25,0.254120356281151,mechanisms/dme_zhao_sk39.yaml,dme_zhao_sk39,fast,diffusion-strain,3.1662869888230554,2.35687941935995,10.0,experimental-pressure-coupled-two-zone,"{'boundary_mass_fraction': 0.2, 'boundary_piston_area_fraction': None, 'pressure_equalization_coeff_m_s_Pa': 5e-05, 'interzone_heat_transfer_coeff_W_m2K': 100.0, 'interface_area_factor': 1.0, 'mixing_time_ms': 10.0, 'mixing_model': 'diffusion-strain', 'mixing_length_mm': 0.5, 'molecular_diffusivity_m2_s': 8e-06, 'piston_strain_coefficient': 2.0, 'mixing_min_time_ms': 0.1, 'mixing_max_time_ms': 100.0, 'integrator_rtol': 1e-07, 'integrator_atol': 1e-14, 'boundary_leak_bias': 0.0}",1855.182748683038,1993.1771508114439,143.29984080656777,0.25,1993.1771508114439,5e-05,,annular_3um_e05,ringless-annulus,ok,"Experimental two-reactor spatial bracket. Pressure equalization, zone mass, mixing time, interface heat transfer, and leakage allocation are model inputs, not calibrated measurements. Gross work excludes gas exchange and friction.",555.7606819303426
-16.959563178845197,2.371667320875886,5.0142242117935085,1.9647306894149634e-06,1.7396579576953807e-06,True,0.0,0.17895128055046414,0.06780173090137215,0.0,0.2,0.2,cool_partial_candidate,7.75,0.26178191565421416,227.87146138917814,0.0018044755646832995,0.003234984231749569,0.025323831013402968,0.005810007800815604,0.0005033872606766377,0.18796847577044412,0.001629772383016448,0.0030661054669402876,0.025278687640789665,0.005743846867738462,0.0005574920670615629,0.1876704214940342,,541.7610994289067,0.2448911426110811,422.80597963987555,0.6158571996723701,0.055718965958304445,0.329663299054265,"CH3OCH3:0.25, CH4:0.75",dme_zhao_sk39,0.5253743681009391,0.20868664326815106,20.868664326815104,1.5720532702758607,3.0,100.0,0.61585719967237,0.05571896595830441,0.00011341804729596726,0.8860950185445445,0.0019738240200809043,0.009000900090009003,0.02700270027002837,0.005824029776287018,0.0005033872606766377,0.20252025202521629,0.0016492256635402788,0.009000900090009001,0.027002700270027116,0.005743846867738462,0.0005602448101997647,0.20252025202520252,0.6158584610330864,0.055737138443473805,0.32966782026056524,0.05957595342498796,2.5084871414411083,3.25,0.2735898150086012,mechanisms/dme_zhao_sk39.yaml,dme_zhao_sk39,slow,diffusion-strain,100.0,100.0,10.0,experimental-pressure-coupled-two-zone,"{'boundary_mass_fraction': 0.2, 'boundary_piston_area_fraction': None, 'pressure_equalization_coeff_m_s_Pa': 5e-05, 'interzone_heat_transfer_coeff_W_m2K': 100.0, 'interface_area_factor': 1.0, 'mixing_time_ms': 10.0, 'mixing_model': 'diffusion-strain', 'mixing_length_mm': 1.5, 'molecular_diffusivity_m2_s': 1e-06, 'piston_strain_coefficient': 0.1, 'mixing_min_time_ms': 0.1, 'mixing_max_time_ms': 100.0, 'integrator_rtol': 1e-07, 'integrator_atol': 1e-14, 'boundary_leak_bias': 0.0}",839.7938999719378,834.8514380996768,58.86672517628526,4.75,839.7938999719378,5e-05,,annular_3um_e05,ringless-annulus,ok,"Experimental two-reactor spatial bracket. Pressure equalization, zone mass, mixing time, interface heat transfer, and leakage allocation are model inputs, not calibrated measurements. Gross work excludes gas exchange and friction.",-35.92982176049154
4.942951523997047,11.332598430508506,14.908441122652526,6.001985614010618e-06,6.5993878415792385e-06,False,0.0,0.5797140805602948,0.0008301170734026918,0.0,0.2,0.2,no_positive_gross_work,7.75,0.19612644087139178,134.65023425630451,0.0009035284890343462,0.005067141288271094,0.02594623306776489,0.0035672927111483656,0.00034511512789972413,0.19293131626819357,0.0011028006416897097,0.004212909022257273,0.02571071670594907,0.004367143939241056,0.0004238136656773057,0.1908245766691919,,540.7397995296255,0.23674099457607145,419.93692320669857,0.37066087611429516,0.031217386037948866,0.19722751517367573,"CH3OCH3:0.25, CH4:0.75",dme_zhao_sk39,-3.0656338253021125,-1.2177161112829245,-121.77161112829245,1.5720532702758607,3.0,100.0,0.37066087611429505,0.031217386037948883,0.0004381634143675676,0.6309589153598729,0.0009035284890343462,0.009000900090009012,0.027002700270030697,0.0035672927111483656,0.00034511512789972413,0.2025202520252298,0.0013009084997266146,0.009000900090009001,0.027002700270032237,0.005051271377529007,0.000488854277732144,0.20252025202520252,0.37066087611429516,0.031223352672404517,0.19722751517367573,0.05932581359351694,0.7889683424692748,-26.0,0.1618686377645863,mechanisms/dme_zhao_sk39.yaml,dme_zhao_sk39,central,diffusion-strain,33.773727880779255,11.927471734515462,10.0,experimental-pressure-coupled-two-zone,"{'boundary_mass_fraction': 0.2, 'boundary_piston_area_fraction': None, 'pressure_equalization_coeff_m_s_Pa': 5e-05, 'interzone_heat_transfer_coeff_W_m2K': 100.0, 'interface_area_factor': 1.0, 'mixing_time_ms': 10.0, 'mixing_model': 'diffusion-strain', 'mixing_length_mm': 1.0, 'molecular_diffusivity_m2_s': 3e-06, 'piston_strain_coefficient': 1.0, 'mixing_min_time_ms': 0.1, 'mixing_max_time_ms': 100.0, 'integrator_rtol': 1e-07, 'integrator_atol': 1e-14, 'boundary_leak_bias': 0.0}",680.9730817361144,780.4284899166795,42.48636523656032,-5.75,780.4284899166795,5e-05,,annular_5um_e05,ringless-annulus,ok,"Experimental two-reactor spatial bracket. Pressure equalization, zone mass, mixing time, interface heat transfer, and leakage allocation are model inputs, not calibrated measurements. Gross work excludes gas exchange and friction.",-113.94190826440466
-19.863475969117488,-2.082022387332057,9.827348619626685,4.10712467025961e-06,1.0475847986948518e-05,False,0.0,0.6160364983310093,0.06012498606489089,0.0,0.2,0.2,no_positive_gross_work,7.75,0.47369086167243196,505.8547441124843,0.0008466369361779338,0.00017979353840561995,0.017224529195618375,0.018655876623546057,0.004260420789085895,0.16817903719785438,0.0008466175475982122,0.00017977339747768191,0.017224414327786576,0.018656004296188546,0.00426047376845973,0.1681788136956891,,538.9810232705831,0.1934035848431306,512.2538630360287,0.816293728030494,0.2640421940105692,0.5341294137048718,"CH3OCH3:0.25, CH4:0.75",dme_zhao_sk39,-1.7656194038393895,-0.7013307253801248,-70.13307253801247,1.5720532702758607,3.0,100.0,0.8162937280304939,0.2640421940105692,0.0008236813930652046,0.6076086024643242,0.0025309374583162778,0.009000900090009003,0.027002700270035783,0.018655876623546057,0.004260420789085895,0.2025202520252146,0.0029834349915204244,0.009000900090009001,0.02700270027003678,0.01913190467469285,0.004433376604132793,0.20252025202520252,0.8162937309876446,0.26404966874727503,0.5341329606687533,0.055868103532479146,5.2481993085913246,-19.75,0.24857571449128105,mechanisms/dme_zhao_sk39.yaml,dme_zhao_sk39,fast,diffusion-strain,3.1662869888230554,2.35687941935995,10.0,experimental-pressure-coupled-two-zone,"{'boundary_mass_fraction': 0.2, 'boundary_piston_area_fraction': None, 'pressure_equalization_coeff_m_s_Pa': 5e-05, 'interzone_heat_transfer_coeff_W_m2K': 100.0, 'interface_area_factor': 1.0, 'mixing_time_ms': 10.0, 'mixing_model': 'diffusion-strain', 'mixing_length_mm': 0.5, 'molecular_diffusivity_m2_s': 8e-06, 'piston_strain_coefficient': 2.0, 'mixing_min_time_ms': 0.1, 'mixing_max_time_ms': 100.0, 'integrator_rtol': 1e-07, 'integrator_atol': 1e-14, 'boundary_leak_bias': 0.0}",899.5435317811077,1116.654562297361,60.369187030987405,4.5,1116.654562297361,5e-05,,annular_5um_e05,ringless-annulus,ok,"Experimental two-reactor spatial bracket. Pressure equalization, zone mass, mixing time, interface heat transfer, and leakage allocation are model inputs, not calibrated measurements. Gross work excludes gas exchange and friction.",-6.4485912464863455
-11.616708133214077,-8.117126752045598,-5.481647010540208,1.1283584485228683e-05,1.1884825326146203e-05,False,0.0,0.5681238864895115,0.05798364738519869,0.0,0.2,0.2,no_positive_gross_work,7.75,0.0013175586765590609,40.500205837952485,0.0011774510819725261,0.004580626560382826,0.025760608835161743,0.004148721575600515,0.00037206362062395046,0.19159833837652188,9.828092966045248e-05,0.008611940445230771,0.026900514605993325,0.00033541347736081294,2.9472502691100177e-05,0.20158539622199048,,539.3408956255204,0.31462391067296686,329.9569118227051,0.11174616307908912,0.010075999981815131,0.059799377800116106,"CH3OCH3:0.25, CH4:0.75",dme_zhao_sk39,-4.137226724624035,-1.6433690145979807,-164.33690145979807,1.5720532702758607,3.0,100.0,0.11174616307908915,0.010075999981815166,0.0007868942726538756,0.6381097310637991,0.0015124550894514738,0.009000900090009005,0.027002700270028355,0.005182720642868114,0.0004638894218737688,0.20252025202522406,9.828092966045248e-05,0.009000900090009001,0.027002700270027116,0.00033541347736081294,2.9472502691100177e-05,0.20252025202520252,0.11174901359826073,0.010080848186832313,0.05980324900573607,0.05958814954331086,0.7416315489484688,-25.25,0.21901786946869833,mechanisms/dme_zhao_sk39.yaml,dme_zhao_sk39,slow,diffusion-strain,100.0,100.0,10.0,experimental-pressure-coupled-two-zone,"{'boundary_mass_fraction': 0.2, 'boundary_piston_area_fraction': None, 'pressure_equalization_coeff_m_s_Pa': 5e-05, 'interzone_heat_transfer_coeff_W_m2K': 100.0, 'interface_area_factor': 1.0, 'mixing_time_ms': 10.0, 'mixing_model': 'diffusion-strain', 'mixing_length_mm': 1.5, 'molecular_diffusivity_m2_s': 1e-06, 'piston_strain_coefficient': 0.1, 'mixing_min_time_ms': 0.1, 'mixing_max_time_ms': 100.0, 'integrator_rtol': 1e-07, 'integrator_atol': 1e-14, 'boundary_leak_bias': 0.0}",801.0316675402642,653.4297099545324,41.961124201148934,-5.25,801.0316675402642,5e-05,,annular_5um_e05,ringless-annulus,ok,"Experimental two-reactor spatial bracket. Pressure equalization, zone mass, mixing time, interface heat transfer, and leakage allocation are model inputs, not calibrated measurements. Gross work excludes gas exchange and friction.",-77.27466890725715
-170.7233608586294,-158.47562146034954,-153.76912082914686,-4.432171230517708e-06,-4.630358140341816e-06,False,0.2818184442267761,1.5331143933104399,1.016006490964992e-13,0.0,0.2,0.2,no_positive_gross_work,7.75,4.504619176923558e-16,1.3844973360704968e-08,5.114258448687918e-16,0.009000900089987303,0.027002700270027553,3.100681309051389e-17,4.467501963966209e-19,0.20252025202516266,5.4778086895801435e-17,0.009000900090005919,0.027002700270026964,3.527555419063573e-18,4.652407268736782e-20,0.2025202520252015,,551.0060410548125,0.3466202092037076,462.8091367361317,0.0,0.0,0.0,"CH3OCH3:0.25, CH4:0.75",dme_zhao_sk39,-0.3790755208118983,-0.15057452891984702,-15.057452891984703,1.5720532702758607,3.0,100.0,0.0,0.0,-0.0003063370635141777,0.2042320475561057,5.114258448687918e-16,0.009000900090009114,0.027002700270027553,3.100681309051389e-17,4.467501963966209e-19,0.20252025202520824,5.4778086895801435e-17,0.009000900090009001,0.027002700270027026,3.527555419063573e-18,4.652407268736782e-20,0.20252025202520252,2.483460798776835e-06,2.483460798840314e-06,2.4834607988092687e-06,0.06116234763828397,0.001014094034013313,122.0,0.17189454746306532,mechanisms/dme_zhao_sk39.yaml,dme_zhao_sk39,central,diffusion-strain,33.773727880779255,11.927471734515462,10.0,experimental-pressure-coupled-two-zone,"{'boundary_mass_fraction': 0.2, 'boundary_piston_area_fraction': None, 'pressure_equalization_coeff_m_s_Pa': 5e-05, 'interzone_heat_transfer_coeff_W_m2K': 100.0, 'interface_area_factor': 1.0, 'mixing_time_ms': 10.0, 'mixing_model': 'diffusion-strain', 'mixing_length_mm': 1.0, 'molecular_diffusivity_m2_s': 3e-06, 'piston_strain_coefficient': 1.0, 'mixing_min_time_ms': 0.1, 'mixing_max_time_ms': 100.0, 'integrator_rtol': 1e-07, 'integrator_atol': 1e-14, 'boundary_leak_bias': 0.0}",551.0060410548125,487.0793529124138,3.0000000000000004,-180.0,551.0060410548125,5e-05,,ringpack_area_0p006,ring-pack-orifice,ok,"Experimental two-reactor spatial bracket. Pressure equalization, zone mass, mixing time, interface heat transfer, and leakage allocation are model inputs, not calibrated measurements. Gross work excludes gas exchange and friction.",-172.2421085263031
-174.97198853443868,-173.4867054388672,-173.06305722439112,-5.397261536389344e-06,-5.6386029756655815e-06,False,0.26481664002894467,1.5362152345419382,5.341962802973722e-14,0.0,0.2,0.2,no_positive_gross_work,7.75,7.74158147765501e-15,6.372449573281973e-10,1.255393580298693e-16,0.00900090009000045,0.02700270027002723,3.850632134046187e-18,5.228937073132607e-20,0.2025202520251858,5.405457252042067e-17,0.009000900090004506,0.027002700270027123,2.1781991787638913e-18,2.7190173124217855e-20,0.20252025202519466,,547.893683139596,0.26568217187663645,514.3015747375049,0.0,0.0,0.0,"CH3OCH3:0.25, CH4:0.75",dme_zhao_sk39,-0.4113899919020574,-0.1634103254684433,-16.341032546844332,1.5720532702758607,3.0,100.0,0.0,0.0,-0.00037304092373633237,0.19148696954383718,1.7957003682163055e-16,0.009000900090009024,0.02700270027002723,3.850632134046187e-18,5.228937073132607e-20,0.2025202520252061,6.672349977301663e-17,0.009000900090009001,0.027002700270027123,2.1781991787638913e-18,2.7190173124217855e-20,0.20252025202520252,0.0,3.481112431584633e-17,0.0,0.0571708516491513,0.000943872597605866,119.25,0.17610176766716132,mechanisms/dme_zhao_sk39.yaml,dme_zhao_sk39,fast,diffusion-strain,3.1662869888230554,2.35687941935995,10.0,experimental-pressure-coupled-two-zone,"{'boundary_mass_fraction': 0.2, 'boundary_piston_area_fraction': None, 'pressure_equalization_coeff_m_s_Pa': 5e-05, 'interzone_heat_transfer_coeff_W_m2K': 100.0, 'interface_area_factor': 1.0, 'mixing_time_ms': 10.0, 'mixing_model': 'diffusion-strain', 'mixing_length_mm': 0.5, 'molecular_diffusivity_m2_s': 8e-06, 'piston_strain_coefficient': 2.0, 'mixing_min_time_ms': 0.1, 'mixing_max_time_ms': 100.0, 'integrator_rtol': 1e-07, 'integrator_atol': 1e-14, 'boundary_leak_bias': 0.0}",553.796802804946,530.0653287872444,3.0000000000000004,-180.0,553.796802804946,5e-05,,ringpack_area_0p006,ring-pack-orifice,ok,"Experimental two-reactor spatial bracket. Pressure equalization, zone mass, mixing time, interface heat transfer, and leakage allocation are model inputs, not calibrated measurements. Gross work excludes gas exchange and friction.",-221.31601762282668
-173.68774969258098,-172.83720147854498,-171.1626003272183,-4.861740656170759e-06,-5.0791359923583656e-06,False,0.2889644173810259,1.5318225663843965,1.7500416774616672e-13,0.0,0.2,0.2,no_positive_gross_work,7.75,7.029236698345814e-17,2.1726485327768294e-09,9.970089997139612e-16,0.009000900089973929,0.027002700270027394,1.1298253950498436e-16,1.6282068326862254e-18,0.20252025202513727,3.1556182022884887e-17,0.009000900090007698,0.02700270027002698,3.4441123831757775e-18,4.7023669306956515e-20,0.20252025202520202,,551.434390336785,0.3895797694226274,439.89075139879395,0.0,0.0,0.0,"CH3OCH3:0.25, CH4:0.75",dme_zhao_sk39,-0.36522220251755577,-0.14507178141539287,-14.507178141539287,1.5720532702758607,3.0,100.0,0.0,0.0,-0.00033602748597863117,0.20961830937233025,9.970089997139612e-16,0.009000900090009025,0.027002700270027758,1.1298253950498436e-16,1.6282068326862254e-18,0.2025202520252028,3.1556182022884887e-17,0.009000900090009001,0.027002700270027033,3.4441123831757775e-18,4.7023669306956515e-20,0.20252025202520252,2.4715048704408655e-06,2.4715048705027967e-06,2.471504870472508e-06,0.06152984382971248,0.001061819248511231,125.5,0.30542254247848966,mechanisms/dme_zhao_sk39.yaml,dme_zhao_sk39,slow,diffusion-strain,100.0,100.0,10.0,experimental-pressure-coupled-two-zone,"{'boundary_mass_fraction': 0.2, 'boundary_piston_area_fraction': None, 'pressure_equalization_coeff_m_s_Pa': 5e-05, 'interzone_heat_transfer_coeff_W_m2K': 100.0, 'interface_area_factor': 1.0, 'mixing_time_ms': 10.0, 'mixing_model': 'diffusion-strain', 'mixing_length_mm': 1.5, 'molecular_diffusivity_m2_s': 1e-06, 'piston_strain_coefficient': 0.1, 'mixing_min_time_ms': 0.1, 'mixing_max_time_ms': 100.0, 'integrator_rtol': 1e-07, 'integrator_atol': 1e-14, 'boundary_leak_bias': 0.0}",551.434390336785,468.0334364018687,3.0000000000000004,-180.0,551.434390336785,5e-05,,ringpack_area_0p006,ring-pack-orifice,ok,"Experimental two-reactor spatial bracket. Pressure equalization, zone mass, mixing time, interface heat transfer, and leakage allocation are model inputs, not calibrated measurements. Gross work excludes gas exchange and friction.",-153.7831432561499
-9.526754321736089,4.689348308328954,18.585337144385015,1.6454563507681643e-07,8.150079479103857e-08,True,0.0,0.0,0.0799961205444506,0.0,0.2,0.2,cool_partial_candidate,7.75,0.5943510520325349,687.1774092916304,0.0009608399864534705,0.0006487235100334406,0.017232485856026134,0.016828380016819817,0.004550122001451985,0.16893095496768756,0.000751271611964055,0.0003046780958630284,0.015505317190394706,0.018810628086595376,0.005410852901525553,0.16539196847803536,,559.6389465745784,0.1905614361001962,593.049387974614,0.9578115491874319,0.4030258900266363,0.6743524631160723,"CH3OCH3:0.25, CH4:0.75",dme_zhao_sk39,7.329279830186856,2.9113007756038742,291.13007756038746,1.5720532702758607,3.0,100.0,0.9578115491874318,0.4030258900266363,3.070494433796839e-14,0.9999999999999805,0.0021241992638270624,0.009000900090009017,0.027002700270030752,0.016828380016819817,0.004550122001451985,0.20252025202521237,0.002756726517396443,0.009000900090009001,0.027002700270031633,0.020241586048533607,0.005985012752305347,0.20252025202520252,0.9578115491874319,0.4030258900266363,0.6743524631160723,0.05931027842441399,8.838735313896407,-9.25,0.21119370155272216,mechanisms/dme_zhao_sk39.yaml,dme_zhao_sk39,central,diffusion-strain,33.773727880779255,11.927471734515462,10.0,experimental-pressure-coupled-two-zone,"{'boundary_mass_fraction': 0.2, 'boundary_piston_area_fraction': None, 'pressure_equalization_coeff_m_s_Pa': 5e-05, 'interzone_heat_transfer_coeff_W_m2K': 100.0, 'interface_area_factor': 1.0, 'mixing_time_ms': 10.0, 'mixing_model': 'diffusion-strain', 'mixing_length_mm': 1.0, 'molecular_diffusivity_m2_s': 3e-06, 'piston_strain_coefficient': 1.0, 'mixing_min_time_ms': 0.1, 'mixing_max_time_ms': 100.0, 'integrator_rtol': 1e-07, 'integrator_atol': 1e-14, 'boundary_leak_bias': 0.0}",868.3686364620952,1153.6901659321536,80.86074440813823,8.75,1153.6901659321536,5e-05,,sealed_reference,none,ok,"Experimental two-reactor spatial bracket. Pressure equalization, zone mass, mixing time, interface heat transfer, and leakage allocation are model inputs, not calibrated measurements. Gross work excludes gas exchange and friction.",48.875705064927374
-16.170748533882964,-5.1745961194851855,-4.0001394432793465,5.168932729877467e-07,0.0029780106551292175,False,0.0,0.0,0.1893895897439524,0.0,0.2,0.2,rapid_heat_release,7.75,0.7465655207441516,2164.841487512319,4.8581346067116326e-26,2.57218733598073e-61,5.446699373587595e-31,8.890582349944122e-09,0.04449995277869659,0.12057103347689707,5.578406881533971e-26,1.6223879014944345e-61,5.443624629012295e-31,8.877501166068742e-09,0.044499952603658806,0.12057103296156135,,666.7246897809495,0.18320722375727264,743.0580307259738,1.0,1.0,1.0,"CH3OCH3:0.25, CH4:0.75",dme_zhao_sk39,16.34902137221163,6.494078504855038,649.4078504855038,1.5720532702758607,3.0,100.0,1.0,1.0,-1.9058241313221758e-14,1.0000000000000122,0.0028485768852525594,0.009000900090009254,0.027002700270036154,0.024027417254240045,0.04449995277869659,0.2025202520252268,0.0032043511824165027,0.009000900090009001,0.027002700270037226,0.023804808240138198,0.044499952603658806,0.20252025202520252,1.0,1.0,1.0,0.2011293312424235,65.09685530828128,-5.25,0.31457460655336145,mechanisms/dme_zhao_sk39.yaml,dme_zhao_sk39,fast,diffusion-strain,3.1662869888230554,2.35687941935995,10.0,experimental-pressure-coupled-two-zone,"{'boundary_mass_fraction': 0.2, 'boundary_piston_area_fraction': None, 'pressure_equalization_coeff_m_s_Pa': 5e-05, 'interzone_heat_transfer_coeff_W_m2K': 100.0, 'interface_area_factor': 1.0, 'mixing_time_ms': 10.0, 'mixing_model': 'diffusion-strain', 'mixing_length_mm': 0.5, 'molecular_diffusivity_m2_s': 8e-06, 'piston_strain_coefficient': 2.0, 'mixing_min_time_ms': 0.1, 'mixing_max_time_ms': 100.0, 'integrator_rtol': 1e-07, 'integrator_atol': 1e-14, 'boundary_leak_bias': 0.0}",1887.6321569752956,2018.772162883926,154.83073676485523,-1.25,2018.772162883926,5e-05,,sealed_reference,none,ok,"Experimental two-reactor spatial bracket. Pressure equalization, zone mass, mixing time, interface heat transfer, and leakage allocation are model inputs, not calibrated measurements. Gross work excludes gas exchange and friction.",654.0941624629767
-18.349399508911024,-1.9546098747535903,4.94705748873176,-3.9494256037661545e-07,-4.357927543378483e-08,True,0.0,0.0,0.07337142102264194,0.0,0.2,0.2,cool_partial_candidate,7.75,0.3042671037741215,265.0958126599842,0.0019271773499924289,0.002874243356828748,0.025170662136923386,0.006535440229442457,0.0005941374682377931,0.18678297621391965,0.001866034291283626,0.0026074830301614873,0.025045134847304546,0.00671573700348119,0.0006803825112879563,0.18611415760370692,,541.1419573177509,0.2339495283918419,442.85328050636446,0.7027456894881701,0.06642802425890562,0.377629095613361,"CH3OCH3:0.25, CH4:0.75",dme_zhao_sk39,2.3809709517200104,0.945757665014141,94.57576650141411,1.5720532702758607,3.0,100.0,0.7027456894881701,0.06642802425890569,-8.046812998915853e-15,1.000000000000005,0.002050988887499161,0.009000900090009038,0.027002700270028396,0.006535440229442457,0.0005941374682377931,0.20252025202522062,0.0019274378488981466,0.009000900090009001,0.027002700270027116,0.006723962341809324,0.0006847178294895898,0.20252025202520252,0.7027456894881701,0.06642879269116139,0.37762911756518747,0.059572592381653376,4.589164768817952,-1.5,0.2990721965606043,mechanisms/dme_zhao_sk39.yaml,dme_zhao_sk39,slow,diffusion-strain,100.0,100.0,10.0,experimental-pressure-coupled-two-zone,"{'boundary_mass_fraction': 0.2, 'boundary_piston_area_fraction': None, 'pressure_equalization_coeff_m_s_Pa': 5e-05, 'interzone_heat_transfer_coeff_W_m2K': 100.0, 'interface_area_factor': 1.0, 'mixing_time_ms': 10.0, 'mixing_model': 'diffusion-strain', 'mixing_length_mm': 1.5, 'molecular_diffusivity_m2_s': 1e-06, 'piston_strain_coefficient': 0.1, 'mixing_min_time_ms': 0.1, 'mixing_max_time_ms': 100.0, 'integrator_rtol': 1e-07, 'integrator_atol': 1e-14, 'boundary_leak_bias': 0.0}",854.7743597350872,862.9849781947754,66.56107748672629,1.25,862.9849781947754,5e-05,,sealed_reference,none,ok,"Experimental two-reactor spatial bracket. Pressure equalization, zone mass, mixing time, interface heat transfer, and leakage allocation are model inputs, not calibrated measurements. Gross work excludes gas exchange and friction.",-22.73006101524959
-5.489077072569435,-3.4989351188069078,9.755866135815861,1.845318383099082e-06,1.850236315185184e-06,True,0.0,0.18923912563276094,0.061497726690654,0.0,0.2,0.2,cool_partial_candidate,8.0,0.2872406104480234,246.04205107926452,0.002422142569638616,0.0029142420145366194,0.02500674108429134,0.006260486363400179,0.000953019360706194,0.1864566538567474,0.0024851596495668923,0.0028007017866726134,0.024934318109014652,0.006578457199002664,0.0009899780870537133,0.18599948589237134,,538.5645446829509,0.22740747133655087,451.4464990385452,0.6437927804454502,0.0664689510780877,0.3488181675702109,"ch3och3:0.25, CH4:0.75",dme_llnl_2004,0.7147533399105324,0.2839108344965377,28.39108344965377,1.5648087851593817,3.0,100.0,0.6437927804454502,0.0664689510780877,0.00012200249138571645,0.878987688515016,0.002422142569638616,0.009000900090009239,0.02700270027003044,0.006260486363400179,0.000953019360706194,0.20252025202522103,0.0027903596197986352,0.009000900090009001,0.02700270027002733,0.0068243012139868105,0.0010192105300395903,0.20252025202520252,0.6437927804454502,0.06647325819145179,0.3488181675702109,0.05916542879153742,4.3812400271390715,-4.5,0.15864764742223322,mechanisms/llnl_dme_2004/llnl_dme_2004.yaml,dme_llnl_2004,central,diffusion-strain,33.773727880779255,11.927471734515462,10.0,experimental-pressure-coupled-two-zone,"{'boundary_mass_fraction': 0.2, 'boundary_piston_area_fraction': None, 'pressure_equalization_coeff_m_s_Pa': 5e-05, 'interzone_heat_transfer_coeff_W_m2K': 100.0, 'interface_area_factor': 1.0, 'mixing_time_ms': 10.0, 'mixing_model': 'diffusion-strain', 'mixing_length_mm': 1.0, 'molecular_diffusivity_m2_s': 3e-06, 'piston_strain_coefficient': 1.0, 'mixing_min_time_ms': 0.1, 'mixing_max_time_ms': 100.0, 'integrator_rtol': 1e-07, 'integrator_atol': 1e-14, 'boundary_leak_bias': 0.0}",823.793420662903,892.9233172270003,65.58051161283652,1.25,892.9233172270003,5e-05,,annular_3um_e05,ringless-annulus,ok,"Experimental two-reactor spatial bracket. Pressure equalization, zone mass, mixing time, interface heat transfer, and leakage allocation are model inputs, not calibrated measurements. Gross work excludes gas exchange and friction.",-63.36937843336178
-13.26279300779763,-3.6986708285615473,-2.650082995856591,2.2450540439194014e-05,-0.0034575642460250872,False,0.0,0.22175165127970559,0.17018818126723956,0.0,0.2,0.2,rapid_heat_release,8.0,0.8559103187062923,1795.7716868429527,7.1046214857721524e-15,7.320093953447905e-47,4.210847947123131e-26,1.4791883925416147e-08,0.044546225698241564,0.12050687049700265,7.66387104998289e-15,7.107255044928607e-47,4.1851137892622756e-26,1.477978365111934e-08,0.044546225632536615,0.12050687014819483,,635.820315031064,0.18025130450164317,702.2430905618785,0.9604840198665265,0.9436717418623342,0.951894048443951,"ch3och3:0.25, CH4:0.75",dme_llnl_2004,12.14895409194352,4.825748271334499,482.5748271334499,1.5648087851593817,3.0,100.0,0.9604840198665265,0.9436717418623342,0.00032304916818658543,0.8580818931015441,0.0030319141019622643,0.009000900090009202,0.027002700270036033,0.024634657532286226,0.044546225698241564,0.20252025202522625,0.0034426865051540253,0.009000900090009005,0.027002700270037414,0.02679559154037981,0.044546225632536615,0.20252025202520252,0.9604840198665265,0.9436717418623342,0.951894048443951,0.14219385261137038,66.93264818015695,-3.5,0.2519780156622157,mechanisms/llnl_dme_2004/llnl_dme_2004.yaml,dme_llnl_2004,fast,diffusion-strain,3.1662869888230554,2.35687941935995,10.0,experimental-pressure-coupled-two-zone,"{'boundary_mass_fraction': 0.2, 'boundary_piston_area_fraction': None, 'pressure_equalization_coeff_m_s_Pa': 5e-05, 'interzone_heat_transfer_coeff_W_m2K': 100.0, 'interface_area_factor': 1.0, 'mixing_time_ms': 10.0, 'mixing_model': 'diffusion-strain', 'mixing_length_mm': 0.5, 'molecular_diffusivity_m2_s': 8e-06, 'piston_strain_coefficient': 2.0, 'mixing_min_time_ms': 0.1, 'mixing_max_time_ms': 100.0, 'integrator_rtol': 1e-07, 'integrator_atol': 1e-14, 'boundary_leak_bias': 0.0}",1873.487051919563,2006.1933450285749,148.91865694207192,-1.75,2006.1933450285749,5e-05,,annular_3um_e05,ringless-annulus,ok,"Experimental two-reactor spatial bracket. Pressure equalization, zone mass, mixing time, interface heat transfer, and leakage allocation are model inputs, not calibrated measurements. Gross work excludes gas exchange and friction.",544.2550047030362
-11.7673800900224,10.668073751580662,23.11946475885318,-4.1865457976018517e-07,-3.475967348351892e-07,False,0.0,0.1827496343973817,0.06277361026497105,0.0,0.2,0.2,no_positive_gross_work,8.0,0.18066494700352406,157.23324290013502,0.0019556440084794093,0.0039145060163938445,0.025570183828165532,0.004231285603444883,0.0006294540352166049,0.1901007888807191,0.0010073947936877277,0.004653231644529356,0.026023127287800193,0.002809387933466814,0.0003812931996092062,0.19300206986924553,,540.0063300243623,0.25636244976532824,399.9044016262659,0.46149896119475464,0.0346790993900826,0.24342200490272017,"ch3och3:0.25, CH4:0.75",dme_llnl_2004,-0.3280949419335373,-0.13032427210498024,-13.032427210498025,1.5648087851593817,3.0,100.0,0.46149896119475464,0.03467909939008257,-2.2349951371968397e-05,0.8832270842425017,0.002352537710937607,0.009000900090009143,0.027002700270028684,0.00458518850486125,0.0006936959286682464,0.20252025202522272,0.0010073947936877277,0.009000900090009001,0.027002700270027116,0.002809387933466814,0.0003812931996092062,0.20252025202520252,0.46149896119475464,0.03467997650154351,0.24342200490272017,0.059427458666748714,1.3841493470983721,-11.5,0.24666168323856316,mechanisms/llnl_dme_2004/llnl_dme_2004.yaml,dme_llnl_2004,slow,diffusion-strain,100.0,100.0,10.0,experimental-pressure-coupled-two-zone,"{'boundary_mass_fraction': 0.2, 'boundary_piston_area_fraction': None, 'pressure_equalization_coeff_m_s_Pa': 5e-05, 'interzone_heat_transfer_coeff_W_m2K': 100.0, 'interface_area_factor': 1.0, 'mixing_time_ms': 10.0, 'mixing_model': 'diffusion-strain', 'mixing_length_mm': 1.5, 'molecular_diffusivity_m2_s': 1e-06, 'piston_strain_coefficient': 0.1, 'mixing_min_time_ms': 0.1, 'mixing_max_time_ms': 100.0, 'integrator_rtol': 1e-07, 'integrator_atol': 1e-14, 'boundary_leak_bias': 0.0}",831.2586156708503,713.2867650384652,54.28111782380271,-1.75,831.2586156708503,5e-05,,annular_3um_e05,ringless-annulus,ok,"Experimental two-reactor spatial bracket. Pressure equalization, zone mass, mixing time, interface heat transfer, and leakage allocation are model inputs, not calibrated measurements. Gross work excludes gas exchange and friction.",-47.99989466406814
3.7967263669314737,11.068320287154192,21.565124838876095,1.370941763050541e-05,1.4341882897661118e-05,False,0.0,0.5846834247013996,2.90908249999125e-05,0.0,0.2,0.2,no_positive_gross_work,8.0,0.005029655811994583,2.597969302043587,2.179415293571859e-05,0.008894863679655788,0.02698926296526659,1.990700738913845e-05,2.1409663585093625e-06,0.20232642574726076,2.6451402767646486e-05,0.00887251821103435,0.02698642115915539,2.2397959317460297e-05,2.501479668261504e-06,0.20228749648173033,,534.8577938613917,0.26557433578347933,370.3357374308393,0.010481385287842664,0.001054183946525072,0.005664703687848244,"ch3och3:0.25, CH4:0.75",dme_llnl_2004,-4.563338781019608,-1.8126271666976213,-181.2627166697621,1.5648087851593817,3.0,100.0,0.010481385287842664,0.001054183946525072,0.0009489025288461647,0.6257483132863438,2.179415293571859e-05,0.009000900090009444,0.02700270027003038,1.990700738913845e-05,2.1409663585093625e-06,0.2025202520252223,3.029482213425066e-05,0.009000900090009001,0.027002700270027283,2.513781232074362e-05,2.840216647713244e-06,0.20252025202520252,0.01048723751335617,0.0011033232643738677,0.005689528017554685,0.059177679232903756,0.8250901679057421,-25.5,0.2192857635264423,mechanisms/llnl_dme_2004/llnl_dme_2004.yaml,dme_llnl_2004,central,diffusion-strain,33.773727880779255,11.927471734515462,10.0,experimental-pressure-coupled-two-zone,"{'boundary_mass_fraction': 0.2, 'boundary_piston_area_fraction': None, 'pressure_equalization_coeff_m_s_Pa': 5e-05, 'interzone_heat_transfer_coeff_W_m2K': 100.0, 'interface_area_factor': 1.0, 'mixing_time_ms': 10.0, 'mixing_model': 'diffusion-strain', 'mixing_length_mm': 1.0, 'molecular_diffusivity_m2_s': 3e-06, 'piston_strain_coefficient': 1.0, 'mixing_min_time_ms': 0.1, 'mixing_max_time_ms': 100.0, 'integrator_rtol': 1e-07, 'integrator_atol': 1e-14, 'boundary_leak_bias': 0.0}",684.0359690706114,703.5739164232912,43.729244725194526,-6.0,703.5739164232912,5e-05,,annular_5um_e05,ringless-annulus,ok,"Experimental two-reactor spatial bracket. Pressure equalization, zone mass, mixing time, interface heat transfer, and leakage allocation are model inputs, not calibrated measurements. Gross work excludes gas exchange and friction.",-143.53479420188916
-17.73268026965848,-14.73923108223283,6.445566668495727,1.980536345048649e-06,-4.085904951425877e-06,False,0.0,0.6147975864459615,0.04731933411308637,0.0,0.2,0.2,no_positive_gross_work,8.0,0.29011529271962555,241.77752532990485,0.0026519042013800273,0.0022381373933476967,0.024503315492583444,0.008540776900835144,0.0011338082516878297,0.18370581069070574,0.0026519106713170297,0.0022381202068016874,0.02450330414759895,0.008540808804761355,0.001133810744646374,0.1837057695791576,,522.9553490650164,0.20607182860360673,475.3900131871456,0.6181019736667507,0.06869128930030113,0.3373891471962009,"ch3och3:0.25, CH4:0.75",dme_llnl_2004,-3.8689341962427095,-1.5367991654365025,-153.67991654365025,1.5648087851593817,3.0,100.0,0.6181019736667507,0.06869128930030115,-0.0003192907434166617,0.607314132224815,0.002763410825647396,0.009000900090009084,0.027002700270035797,0.008540776900835144,0.0011338082516878297,0.20252025202523444,0.003123317699019543,0.009000900090009022,0.027002700270037098,0.008762097326075602,0.0011624700739635897,0.2025202520252051,0.6181079096785848,0.0687478078835862,0.3374066848199868,0.05575312301921775,3.7564454804820713,-17.0,0.14008757756002735,mechanisms/llnl_dme_2004/llnl_dme_2004.yaml,dme_llnl_2004,fast,diffusion-strain,3.1662869888230554,2.35687941935995,10.0,experimental-pressure-coupled-two-zone,"{'boundary_mass_fraction': 0.2, 'boundary_piston_area_fraction': None, 'pressure_equalization_coeff_m_s_Pa': 5e-05, 'interzone_heat_transfer_coeff_W_m2K': 100.0, 'interface_area_factor': 1.0, 'mixing_time_ms': 10.0, 'mixing_model': 'diffusion-strain', 'mixing_length_mm': 0.5, 'molecular_diffusivity_m2_s': 8e-06, 'piston_strain_coefficient': 2.0, 'mixing_min_time_ms': 0.1, 'mixing_max_time_ms': 100.0, 'integrator_rtol': 1e-07, 'integrator_atol': 1e-14, 'boundary_leak_bias': 0.0}",849.4962101869957,923.2212996880968,56.10132273867672,-4.25,923.2212996880968,5e-05,,annular_5um_e05,ringless-annulus,ok,"Experimental two-reactor spatial bracket. Pressure equalization, zone mass, mixing time, interface heat transfer, and leakage allocation are model inputs, not calibrated measurements. Gross work excludes gas exchange and friction.",-106.86007646897797
-6.951947436188971,-0.26264588080762985,8.864308834687103,8.982248226913953e-06,9.385275944766248e-06,False,0.0,0.578726968300708,0.005840578433906564,0.0,0.2,0.2,no_positive_gross_work,8.0,5.322765207664382e-05,3.1093908013281704,0.00011635530850368156,0.00850521056326022,0.02693188296352901,0.0001358123066066326,1.3319498074688846e-05,0.2016135925590401,8.676373041447677e-06,0.008963165584543338,0.02699737901007706,9.51375949618765e-06,9.615062863029656e-07,0.20245162728691934,,539.6064850212597,0.3087198204357379,325.9168587008355,0.011867139942123722,0.0009526994282590526,0.006290576665920484,"ch3och3:0.25, CH4:0.75",dme_llnl_2004,-4.432510721689512,-1.760660283262534,-176.0660283262534,1.5648087851593817,3.0,100.0,0.011867139942123758,0.0009526994282590526,0.0006209195317135375,0.6297644202109891,0.00014287828934413492,0.009000900090009097,0.027002700270028643,0.00015106392239217718,1.5354836142772024e-05,0.20252025202521665,8.676373041447677e-06,0.009000900090009001,0.027002700270027116,9.51375949618765e-06,9.615062863029656e-07,0.20252025202520252,0.011891459884826105,0.0010609095934120756,0.006357759010333379,0.059439727044978644,0.7759410588543005,-25.5,0.2263974250307591,mechanisms/llnl_dme_2004/llnl_dme_2004.yaml,dme_llnl_2004,slow,diffusion-strain,100.0,100.0,10.0,experimental-pressure-coupled-two-zone,"{'boundary_mass_fraction': 0.2, 'boundary_piston_area_fraction': None, 'pressure_equalization_coeff_m_s_Pa': 5e-05, 'interzone_heat_transfer_coeff_W_m2K': 100.0, 'interface_area_factor': 1.0, 'mixing_time_ms': 10.0, 'mixing_model': 'diffusion-strain', 'mixing_length_mm': 1.5, 'molecular_diffusivity_m2_s': 1e-06, 'piston_strain_coefficient': 0.1, 'mixing_min_time_ms': 0.1, 'mixing_max_time_ms': 100.0, 'integrator_rtol': 1e-07, 'integrator_atol': 1e-14, 'boundary_leak_bias': 0.0}",701.9544948654553,650.0861471153354,41.28632213029123,-5.75,701.9544948654553,5e-05,,annular_5um_e05,ringless-annulus,ok,"Experimental two-reactor spatial bracket. Pressure equalization, zone mass, mixing time, interface heat transfer, and leakage allocation are model inputs, not calibrated measurements. Gross work excludes gas exchange and friction.",-98.95181485782474
-174.11813934190596,-173.7701633342808,-172.47058608412013,0.006405813276548568,-8.78425872747436e-05,False,0.2941989241704255,1.5392980595241599,2.004038651539163e-05,0.0,0.2,0.2,no_positive_gross_work,8.0,0.0027918264748485696,21.074295483673673,8.056118744374854e-05,0.008660472452238324,0.02696792524760612,0.00025966312553087187,0.0001704305441023955,0.20108774212557604,7.962478283475016e-05,0.008665325330240246,0.026968381731345123,0.00025609342620585944,0.00016805674357292072,0.20110719935412535,,551.027593084547,0.264779167369743,450.47843093156274,0.28843070157041967,0.0,0.139291060844135,"ch3och3:0.25, CH4:0.75",dme_llnl_2004,-0.40625934779113343,-0.16137235604640535,-16.137235604640534,1.5648087851593817,3.0,100.0,0.28843070157041967,0.0,-0.010881165347899175,0.21126595037608678,0.0006026234866959859,0.009000900090009003,0.027002700270027005,0.0019414983345920364,0.0012735329313328576,0.20252026057891698,0.000879716747898022,0.009000900090009001,0.027002700270027005,0.0028093505138070576,0.001854984185984264,0.20252025202563914,0.2932970957348794,0.004664633191557525,0.1457919597600164,1.2703009144512907,3.7595065337349505,-173.75,0.23169725866902352,mechanisms/llnl_dme_2004/llnl_dme_2004.yaml,dme_llnl_2004,central,diffusion-strain,33.773727880779255,11.927471734515462,10.0,experimental-pressure-coupled-two-zone,"{'boundary_mass_fraction': 0.2, 'boundary_piston_area_fraction': None, 'pressure_equalization_coeff_m_s_Pa': 5e-05, 'interzone_heat_transfer_coeff_W_m2K': 100.0, 'interface_area_factor': 1.0, 'mixing_time_ms': 10.0, 'mixing_model': 'diffusion-strain', 'mixing_length_mm': 1.0, 'molecular_diffusivity_m2_s': 3e-06, 'piston_strain_coefficient': 1.0, 'mixing_min_time_ms': 0.1, 'mixing_max_time_ms': 100.0, 'integrator_rtol': 1e-07, 'integrator_atol': 1e-14, 'boundary_leak_bias': 0.0}",552.2470641804164,548.3941466704732,4.635119056265871,-173.75,552.2470641804164,5e-05,,ringpack_area_0p006,ring-pack-orifice,ok,"Experimental two-reactor spatial bracket. Pressure equalization, zone mass, mixing time, interface heat transfer, and leakage allocation are model inputs, not calibrated measurements. Gross work excludes gas exchange and friction.",-127.58424144800203
-164.85697201692278,-160.85504552743103,167.37156793099032,-4.7123380027155e-06,-4.923052719477198e-06,False,0.2649277394609818,1.53028548489332,5.0804941610073857e-14,0.0,0.2,0.2,no_positive_gross_work,8.0,7.400661891648925e-15,1.3951010920465488e-11,9.401961117040557e-17,0.009000900090000662,0.027002700270027248,1.185940864657598e-18,6.812844646390722e-20,0.2025202520251854,4.002562139972166e-17,0.009000900090004637,0.02700270027002711,6.727234920450465e-19,3.765214356824037e-20,0.20252025202519416,,547.8609914352868,0.26595964670942207,514.2073605509358,0.0,0.0,0.0,"ch3och3:0.25, CH4:0.75",dme_llnl_2004,-0.40864045752567885,-0.16231816883805633,-16.23181688380563,1.5648087851593817,3.0,100.0,0.0,0.0,-0.00032570126714345776,0.1915740401237929,1.4153705504219483e-16,0.009000900090009017,0.027002700270027255,1.185940864657598e-18,6.812844646390722e-20,0.20252025202520402,5.225405972940845e-17,0.009000900090009001,0.027002700270027113,6.727234920450465e-19,3.765214356824037e-20,0.20252025202520263,1.9603792649438383e-06,1.960379264849157e-06,1.9603792648954625e-06,0.057044392689014206,0.0009443860116700176,118.75,0.2779867000765158,mechanisms/llnl_dme_2004/llnl_dme_2004.yaml,dme_llnl_2004,fast,diffusion-strain,3.1662869888230554,2.35687941935995,10.0,experimental-pressure-coupled-two-zone,"{'boundary_mass_fraction': 0.2, 'boundary_piston_area_fraction': None, 'pressure_equalization_coeff_m_s_Pa': 5e-05, 'interzone_heat_transfer_coeff_W_m2K': 100.0, 'interface_area_factor': 1.0, 'mixing_time_ms': 10.0, 'mixing_model': 'diffusion-strain', 'mixing_length_mm': 0.5, 'molecular_diffusivity_m2_s': 8e-06, 'piston_strain_coefficient': 2.0, 'mixing_min_time_ms': 0.1, 'mixing_max_time_ms': 100.0, 'integrator_rtol': 1e-07, 'integrator_atol': 1e-14, 'boundary_leak_bias': 0.0}",554.0032474161201,530.9108781597295,3.0000000000000004,-180.0,554.0032474161201,5e-05,,ringpack_area_0p006,ring-pack-orifice,ok,"Experimental two-reactor spatial bracket. Pressure equalization, zone mass, mixing time, interface heat transfer, and leakage allocation are model inputs, not calibrated measurements. Gross work excludes gas exchange and friction.",-220.34533604419113
-168.68887663105446,-164.17632279224512,-151.26968798214884,-7.245871448155808e-06,-7.5698744693046665e-06,False,0.28909151954516843,1.5264399850924932,1.6517780766004702e-13,0.0,0.2,0.2,no_positive_gross_work,8.0,6.444214273206115e-17,4.060070162719395e-10,7.476776469210243e-16,0.009000900089975408,0.027002700270027644,-1.3586110678518052e-16,2.0178031225895985e-18,0.20252025202513826,2.3259969263956596e-17,0.009000900090007742,0.02700270027002695,-3.377312900877383e-17,6.045629147371171e-20,0.20252025202520227,,551.4159013533701,0.3894475973079644,439.8618813317512,0.0,0.0,0.0,"ch3och3:0.25, CH4:0.75",dme_llnl_2004,-0.3631719394991527,-0.1442573859421726,-14.425738594217261,1.5648087851593817,3.0,100.0,0.0,0.0,-0.0005008107463460594,0.20958543527412446,7.476776469210243e-16,0.009000900090009008,0.027002700270027862,2.4229417355858613e-16,2.0178031225895985e-18,0.2025202520252054,2.3259969263956596e-17,0.009000900090009001,0.027002700270027026,7.70398687252674e-20,6.045629147371171e-20,0.20252025202520252,3.653609146232632e-17,0.0,0.0,0.06136416004729224,0.0010613912450481156,125.25,0.22249805829468036,mechanisms/llnl_dme_2004/llnl_dme_2004.yaml,dme_llnl_2004,slow,diffusion-strain,100.0,100.0,10.0,experimental-pressure-coupled-two-zone,"{'boundary_mass_fraction': 0.2, 'boundary_piston_area_fraction': None, 'pressure_equalization_coeff_m_s_Pa': 5e-05, 'interzone_heat_transfer_coeff_W_m2K': 100.0, 'interface_area_factor': 1.0, 'mixing_time_ms': 10.0, 'mixing_model': 'diffusion-strain', 'mixing_length_mm': 1.5, 'molecular_diffusivity_m2_s': 1e-06, 'piston_strain_coefficient': 0.1, 'mixing_min_time_ms': 0.1, 'mixing_max_time_ms': 100.0, 'integrator_rtol': 1e-07, 'integrator_atol': 1e-14, 'boundary_leak_bias': 0.0}",551.4159013533701,470.8099050588949,3.0000000000000004,-180.0,551.4159013533701,5e-05,,ringpack_area_0p006,ring-pack-orifice,ok,"Experimental two-reactor spatial bracket. Pressure equalization, zone mass, mixing time, interface heat transfer, and leakage allocation are model inputs, not calibrated measurements. Gross work excludes gas exchange and friction.",-153.18324446123313
-4.73438169176412,22.31215158381995,24.960413860564653,-5.99469026740785e-07,-5.85730034545894e-06,False,0.0,0.0,0.0823747679719288,0.0,0.2,0.2,rapid_heat_release,8.0,0.8657902996591634,1666.0957989707085,0.0004954280068069597,0.0004368769074809337,0.006258756855291247,0.003477487087942191,0.032270282074657625,0.1368974647861472,0.00010579577290996188,3.1150024455787444e-05,0.0014334169076875177,0.002174006001012791,0.040438287459716116,0.12480579937875413,,625.4187562361681,0.14138856552718904,948.9200077581779,0.9874071620168666,0.9103296140240617,0.9480255901433055,"ch3och3:0.25, CH4:0.75",dme_llnl_2004,16.48936351381888,6.549824525634364,654.9824525634364,1.5648087851593817,3.0,100.0,0.9874071620168665,0.9103296140240617,-8.364450354136216e-15,1.0000000000000053,0.0024692854854189796,0.009000900090009012,0.027002700270030457,0.007749685182228885,0.032270282074657625,0.20252025202523777,0.00299340502473036,0.009000900090009001,0.027002700270027904,0.025460464579892025,0.04448375276232621,0.20252025202520252,0.9874071620168666,0.9103296140240617,0.9480255901433055,0.05916205288271594,18.9575646799193,24.5,0.16714446897270555,mechanisms/llnl_dme_2004/llnl_dme_2004.yaml,dme_llnl_2004,central,diffusion-strain,33.773727880779255,11.927471734515462,10.0,experimental-pressure-coupled-two-zone,"{'boundary_mass_fraction': 0.2, 'boundary_piston_area_fraction': None, 'pressure_equalization_coeff_m_s_Pa': 5e-05, 'interzone_heat_transfer_coeff_W_m2K': 100.0, 'interface_area_factor': 1.0, 'mixing_time_ms': 10.0, 'mixing_model': 'diffusion-strain', 'mixing_length_mm': 1.0, 'molecular_diffusivity_m2_s': 3e-06, 'piston_strain_coefficient': 1.0, 'mixing_min_time_ms': 0.1, 'mixing_max_time_ms': 100.0, 'integrator_rtol': 1e-07, 'integrator_atol': 1e-14, 'boundary_leak_bias': 0.0}",873.5636390771671,1792.3143522644002,90.98523303356919,25.0,1792.3143522644002,5e-05,,sealed_reference,none,ok,"Experimental two-reactor spatial bracket. Pressure equalization, zone mass, mixing time, interface heat transfer, and leakage allocation are model inputs, not calibrated measurements. Gross work excludes gas exchange and friction.",258.2975356104235
-12.122126727579452,-6.172175439397962,-5.402716275583311,-2.8996524679678375e-05,0.002906103030369863,False,0.0,0.0,0.18938697302081073,0.0,0.2,0.2,rapid_heat_release,8.0,0.7484625048873694,2122.9229018310616,1.551270466840027e-15,1.1303710439675628e-48,4.880095313106269e-27,1.2220704671409036e-08,0.04454869725041737,0.12050345257268336,1.815744644903319e-15,1.090341971817455e-48,4.842619680341818e-27,1.2206903207039317e-08,0.04454869714469286,0.12050345236888259,,664.453396630237,0.18344045168369455,739.3735811812514,1.0,1.0,1.0,"ch3och3:0.25, CH4:0.75",dme_llnl_2004,16.60404771941493,6.595378826252842,659.5378826252843,1.5648087851593817,3.0,100.0,1.0,1.0,-1.5881867761018131e-15,1.000000000000001,0.003129176530570546,0.009000900090009097,0.027002700270036133,0.024092613413793592,0.04454869725041737,0.20252025202522175,0.0034926799514815757,0.009000900090009003,0.027002700270037507,0.024902739709182914,0.04454869714469286,0.20252025202520274,1.0,1.0,1.0,0.1877974855595082,71.26828095792192,-6.25,0.29752487661172244,mechanisms/llnl_dme_2004/llnl_dme_2004.yaml,dme_llnl_2004,fast,diffusion-strain,3.1662869888230554,2.35687941935995,10.0,experimental-pressure-coupled-two-zone,"{'boundary_mass_fraction': 0.2, 'boundary_piston_area_fraction': None, 'pressure_equalization_coeff_m_s_Pa': 5e-05, 'interzone_heat_transfer_coeff_W_m2K': 100.0, 'interface_area_factor': 1.0, 'mixing_time_ms': 10.0, 'mixing_model': 'diffusion-strain', 'mixing_length_mm': 0.5, 'molecular_diffusivity_m2_s': 8e-06, 'piston_strain_coefficient': 2.0, 'mixing_min_time_ms': 0.1, 'mixing_max_time_ms': 100.0, 'integrator_rtol': 1e-07, 'integrator_atol': 1e-14, 'boundary_leak_bias': 0.0}",1898.6882455735472,2026.4538719109958,160.2640489120961,-1.25,2026.4538719109958,5e-05,,sealed_reference,none,ok,"Experimental two-reactor spatial bracket. Pressure equalization, zone mass, mixing time, interface heat transfer, and leakage allocation are model inputs, not calibrated measurements. Gross work excludes gas exchange and friction.",645.3343521918471
-13.384611305549658,2.8572928333025294,7.520627186463814,-3.649332930341703e-07,-4.00481796339112e-08,True,0.0,0.0,0.06715079798164288,0.0,0.2,0.2,cool_partial_candidate,8.0,0.2740152453583683,237.0587233035769,0.002253945987757358,0.0034251066447231284,0.025315966156842278,0.005138554248192312,0.0007837322235611997,0.18831313289789692,0.0022193126900976385,0.003236138700952219,0.025251001243189516,0.005142462361130412,0.0008412061080342807,0.18793159636204834,,540.3659419090778,0.2376055218776649,433.3828061662185,0.6346480532716022,0.06022842177031562,0.34115729503336556,"ch3och3:0.25, CH4:0.75",dme_llnl_2004,2.1210262402046753,0.8425036949403273,84.25036949403273,1.5648087851593817,3.0,100.0,0.6346480532716022,0.06022842177031562,3.1763735522036263e-16,0.9999999999999998,0.0024712554103679964,0.00900090009000905,0.027002700270028674,0.005138554248192312,0.0007837322235611997,0.20252025202524815,0.002312936109871926,0.009000900090009001,0.027002700270027113,0.0051425556981206265,0.0008440396173827945,0.20252025202520252,0.6346480532716022,0.06022842177031562,0.34115729503336556,0.059424077815394265,2.0034737334707415,3.25,0.32125834067620423,mechanisms/llnl_dme_2004/llnl_dme_2004.yaml,dme_llnl_2004,slow,diffusion-strain,100.0,100.0,10.0,experimental-pressure-coupled-two-zone,"{'boundary_mass_fraction': 0.2, 'boundary_piston_area_fraction': None, 'pressure_equalization_coeff_m_s_Pa': 5e-05, 'interzone_heat_transfer_coeff_W_m2K': 100.0, 'interface_area_factor': 1.0, 'mixing_time_ms': 10.0, 'mixing_model': 'diffusion-strain', 'mixing_length_mm': 1.5, 'molecular_diffusivity_m2_s': 1e-06, 'piston_strain_coefficient': 0.1, 'mixing_min_time_ms': 0.1, 'mixing_max_time_ms': 100.0, 'integrator_rtol': 1e-07, 'integrator_atol': 1e-14, 'boundary_leak_bias': 0.0}",843.7071746953254,846.313477597174,65.39582119463658,5.75,846.313477597174,5e-05,,sealed_reference,none,ok,"Experimental two-reactor spatial bracket. Pressure equalization, zone mass, mixing time, interface heat transfer, and leakage allocation are model inputs, not calibrated measurements. Gross work excludes gas exchange and friction.",-30.441829047913792
-9.143428076519545,4.246295924033314,16.22999638140412,1.1687886930667234e-06,8.083444621304493e-07,True,0.0,0.19751923626589332,0.07034330192146153,0.0,0.2,0.2,cool_partial_candidate,8.0,0.5053619479924779,546.2144374455803,0.001070843437085479,0.0008328066958838695,0.019649239277753344,0.015356644217252033,0.0032666874406027013,0.17326021631579477,0.0008810140717601455,0.0004097199224114867,0.018396108584873797,0.017326985836012106,0.003880567822468322,0.1702523966613018,,552.9659166762584,0.19676183637564842,546.1146933312913,0.890747530574815,0.2742308856897437,0.5757479594408887,"CH3OCH3:0.25, CH4:0.75",dme_zhao_full,3.8820153235433916,1.541995187001868,154.19951870018681,1.5648087851593817,3.0,100.0,0.890747530574815,0.2742308856897437,3.9872174917655054e-05,0.8737487223266779,0.0020148483547258868,0.009000900090009124,0.02700270027003078,0.015356644217252033,0.0032666874406027013,0.2025202520252244,0.002658799449033231,0.009000900090009001,0.027002700270031876,0.018844561878984343,0.004330808054062023,0.20252025202520252,0.890747530574815,0.27423137786523677,0.5757479643362581,0.0591574716918217,8.013362045167014,-8.75,0.23582214824976355,mechanisms/dme_zhao_full.yaml,dme_zhao_full,central,diffusion-strain,33.773727880779255,11.927471734515462,10.0,experimental-pressure-coupled-two-zone,"{'boundary_mass_fraction': 0.2, 'boundary_piston_area_fraction': None, 'pressure_equalization_coeff_m_s_Pa': 5e-05, 'interzone_heat_transfer_coeff_W_m2K': 100.0, 'interface_area_factor': 1.0, 'mixing_time_ms': 10.0, 'mixing_model': 'diffusion-strain', 'mixing_length_mm': 1.0, 'molecular_diffusivity_m2_s': 3e-06, 'piston_strain_coefficient': 1.0, 'mixing_min_time_ms': 0.1, 'mixing_max_time_ms': 100.0, 'integrator_rtol': 1e-07, 'integrator_atol': 1e-14, 'boundary_leak_bias': 0.0}",859.4195642435003,1082.425598186522,68.69303973684879,1.5,1082.425598186522,5e-05,,annular_3um_e05,ringless-annulus,ok,"Experimental two-reactor spatial bracket. Pressure equalization, zone mass, mixing time, interface heat transfer, and leakage allocation are model inputs, not calibrated measurements. Gross work excludes gas exchange and friction.",6.195377733364568
-22.482592309710824,-5.485338454259715,-2.754404307695857,2.861680614781483e-06,-0.0001281803446531068,False,0.0,0.2240107338177321,0.16682548692970073,0.0,0.2,0.2,rapid_heat_release,8.0,0.7924073921274559,1402.595506726655,1.282170269574811e-17,1.3030465940656908e-33,1.1827768588385366e-17,1.0698035083485846e-08,0.044499719583765175,0.12057135055719786,1.2957749353220195e-17,1.0808377766354099e-33,1.178824047569816e-17,1.0687233062154234e-08,0.04449971945542217,0.12057134982778675,,635.3186805665819,0.18007751747728026,701.5211626705328,0.9670762727820342,0.9464268600803739,0.9565257771885162,"CH3OCH3:0.25, CH4:0.75",dme_zhao_full,11.710630876173242,4.651639662084596,465.16396620845967,1.5648087851593817,3.0,100.0,0.9670762727820342,0.9464268600803739,0.0002352197717048006,0.8566943413686187,0.002787001344097274,0.009000900090009012,0.027002700270036182,0.023300502484825247,0.044499719583765175,0.20252025202521773,0.0031632179340473905,0.009000900090009001,0.02700270027003726,0.025548073346091323,0.04449971945542217,0.20252025202520252,0.9670762727820342,0.9464268600803739,0.9565257771885162,0.11488249153079465,66.59722260209784,-4.5,0.2745089289368869,mechanisms/dme_zhao_full.yaml,dme_zhao_full,fast,diffusion-strain,3.1662869888230554,2.35687941935995,10.0,experimental-pressure-coupled-two-zone,"{'boundary_mass_fraction': 0.2, 'boundary_piston_area_fraction': None, 'pressure_equalization_coeff_m_s_Pa': 5e-05, 'interzone_heat_transfer_coeff_W_m2K': 100.0, 'interface_area_factor': 1.0, 'mixing_time_ms': 10.0, 'mixing_model': 'diffusion-strain', 'mixing_length_mm': 0.5, 'molecular_diffusivity_m2_s': 8e-06, 'piston_strain_coefficient': 2.0, 'mixing_min_time_ms': 0.1, 'mixing_max_time_ms': 100.0, 'integrator_rtol': 1e-07, 'integrator_atol': 1e-14, 'boundary_leak_bias': 0.0}",1871.0260341285773,2005.919824209437,148.6050398458381,-2.25,2005.919824209437,5e-05,,annular_3um_e05,ringless-annulus,ok,"Experimental two-reactor spatial bracket. Pressure equalization, zone mass, mixing time, interface heat transfer, and leakage allocation are model inputs, not calibrated measurements. Gross work excludes gas exchange and friction.",554.3913152397512
-18.15889000846639,-0.8671222693543701,2.3051423229277197,-1.4823431697250472e-07,5.595300199772609e-09,True,0.0,0.1874461045302886,0.06966215873077414,0.0,0.2,0.2,cool_partial_candidate,8.0,0.27313607864644235,236.1760647848834,0.0018494359457629,0.0030518345158020905,0.025250229183533764,0.006108090852110242,0.0005405148291057561,0.18745091434398037,0.0017435218441988459,0.0028442591517640736,0.02516885987238975,0.006131151544698152,0.0006031684006848753,0.18701213133325972,,541.9548303952154,0.24418997313266683,423.7412975149647,0.6392541163548027,0.05902512477633683,0.34279515612549866,"CH3OCH3:0.25, CH4:0.75",dme_zhao_full,0.4884023991650205,0.1940008181485502,19.40008181485502,1.5648087851593817,3.0,100.0,0.6392541163548027,0.0590251247763368,1.7769310671756332e-06,0.8802103597326982,0.0019964069985537554,0.009000900090009003,0.027002700270028372,0.006108090852110242,0.0005405148291057561,0.2025202520252275,0.0017805428711222331,0.009000900090009001,0.02700270027002712,0.006132100907869867,0.0006064056305007746,0.20252025202520252,0.6392560827749653,0.05903380219913871,0.3427998083399043,0.05941930375388649,3.7577645666929556,-0.25,0.13955907428252792,mechanisms/dme_zhao_full.yaml,dme_zhao_full,slow,diffusion-strain,100.0,100.0,10.0,experimental-pressure-coupled-two-zone,"{'boundary_mass_fraction': 0.2, 'boundary_piston_area_fraction': None, 'pressure_equalization_coeff_m_s_Pa': 5e-05, 'interzone_heat_transfer_coeff_W_m2K': 100.0, 'interface_area_factor': 1.0, 'mixing_time_ms': 10.0, 'mixing_model': 'diffusion-strain', 'mixing_length_mm': 1.5, 'molecular_diffusivity_m2_s': 1e-06, 'piston_strain_coefficient': 0.1, 'mixing_min_time_ms': 0.1, 'mixing_max_time_ms': 100.0, 'integrator_rtol': 1e-07, 'integrator_atol': 1e-14, 'boundary_leak_bias': 0.0}",843.7105615972671,850.8195862562762,63.235389596085064,1.75,850.8195862562762,5e-05,,annular_3um_e05,ringless-annulus,ok,"Experimental two-reactor spatial bracket. Pressure equalization, zone mass, mixing time, interface heat transfer, and leakage allocation are model inputs, not calibrated measurements. Gross work excludes gas exchange and friction.",-32.54001385586875
0.8821365876101677,4.011056370227995,6.09367230108139,9.201576906938773e-06,8.81353343432807e-06,False,0.0,0.5979336244260185,0.0029706600649633107,0.0,0.2,0.2,no_positive_gross_work,8.0,0.20220406205218244,138.38260363710296,0.0011816808804619367,0.004947066060624304,0.02586710705808554,0.0037245665921086246,0.0003287672098807308,0.1926282914788644,0.0014232835284837366,0.00416292794477813,0.02563438215029756,0.004493386364897839,0.0003987813230346053,0.19066584424884908,,540.6833820609546,0.2362270145642103,414.93571050964755,0.38474034924275496,0.03405645688941509,0.2055638799432593,"CH3OCH3:0.25, CH4:0.75",dme_zhao_full,-3.3143720605746547,-1.3165186995384244,-131.65186995384244,1.5648087851593817,3.0,100.0,0.38474034924275496,0.03405645688941509,0.0005782352092678267,0.6175175744719981,0.0011816808804619367,0.009000900090009058,0.02700270027003074,0.0037245665921086246,0.0003287672098807308,0.20252025202524962,0.0016957969081432638,0.009000900090009001,0.027002700270032296,0.005180074943874251,0.000460537056619991,0.20252025202520252,0.38474034924275496,0.034076975358504444,0.2055640334206427,0.0591697301432793,1.6838745243966855,4.5,0.1720983455020604,mechanisms/dme_zhao_full.yaml,dme_zhao_full,central,diffusion-strain,33.773727880779255,11.927471734515462,10.0,experimental-pressure-coupled-two-zone,"{'boundary_mass_fraction': 0.2, 'boundary_piston_area_fraction': None, 'pressure_equalization_coeff_m_s_Pa': 5e-05, 'interzone_heat_transfer_coeff_W_m2K': 100.0, 'interface_area_factor': 1.0, 'mixing_time_ms': 10.0, 'mixing_model': 'diffusion-strain', 'mixing_length_mm': 1.0, 'molecular_diffusivity_m2_s': 3e-06, 'piston_strain_coefficient': 1.0, 'mixing_min_time_ms': 0.1, 'mixing_max_time_ms': 100.0, 'integrator_rtol': 1e-07, 'integrator_atol': 1e-14, 'boundary_leak_bias': 0.0}",684.0799415852811,825.5591636558433,45.59890423176708,5.5,825.5591636558433,5e-05,,annular_5um_e05,ringless-annulus,ok,"Experimental two-reactor spatial bracket. Pressure equalization, zone mass, mixing time, interface heat transfer, and leakage allocation are model inputs, not calibrated measurements. Gross work excludes gas exchange and friction.",-111.88759600313374
-20.67849681705504,-3.088546681381117,10.173737506339831,4.002676887703821e-06,6.797623541905661e-06,False,0.0,0.6364287833273164,0.06739989838448582,0.0,0.2,0.2,no_positive_gross_work,8.0,0.49800583097996937,557.9128871096688,0.0007305918590496092,7.577151803908682e-05,0.015334889024695014,0.02006142629099538,0.005241480003272922,0.16456282932532157,0.0007305768832085089,7.576180159932588e-05,0.0153347662455996,0.020061530365384578,0.005241538444934066,0.16456261050575682,,541.4575956608384,0.19071694877847453,517.1887392480447,0.8278004700760391,0.3146985379941812,0.5656390347040807,"CH3OCH3:0.25, CH4:0.75",dme_zhao_full,-1.77010335100749,-0.7031118169976792,-70.31118169976793,1.5648087851593817,3.0,100.0,0.8278004700760391,0.3146985379941812,0.0004918725915113645,0.5929722136280344,0.0025324430043794075,0.009000900090009008,0.027002700270035897,0.02006142629099538,0.005241480003272922,0.20252025202521495,0.0029945820638399285,0.009000900090009001,0.027002700270036935,0.020384032154447628,0.005405273386035194,0.20252025202520252,0.8278004701093993,0.31471325635233033,0.5656462826119589,0.05573273996149597,5.574591122833766,-20.5,0.20972673474645992,mechanisms/dme_zhao_full.yaml,dme_zhao_full,fast,diffusion-strain,3.1662869888230554,2.35687941935995,10.0,experimental-pressure-coupled-two-zone,"{'boundary_mass_fraction': 0.2, 'boundary_piston_area_fraction': None, 'pressure_equalization_coeff_m_s_Pa': 5e-05, 'interzone_heat_transfer_coeff_W_m2K': 100.0, 'interface_area_factor': 1.0, 'mixing_time_ms': 10.0, 'mixing_model': 'diffusion-strain', 'mixing_length_mm': 0.5, 'molecular_diffusivity_m2_s': 8e-06, 'piston_strain_coefficient': 2.0, 'mixing_min_time_ms': 0.1, 'mixing_max_time_ms': 100.0, 'integrator_rtol': 1e-07, 'integrator_atol': 1e-14, 'boundary_leak_bias': 0.0}",937.9482047813395,1153.2067575447666,65.89974029776111,1.25,1153.2067575447666,5e-05,,annular_5um_e05,ringless-annulus,ok,"Experimental two-reactor spatial bracket. Pressure equalization, zone mass, mixing time, interface heat transfer, and leakage allocation are model inputs, not calibrated measurements. Gross work excludes gas exchange and friction.",12.779754633591805
-13.25976566459441,-10.31213541807892,-7.620445991098897,3.032448882836018e-06,3.1644645645532596e-06,False,0.0,0.5832641189310338,0.05863586046469847,0.0,0.2,0.2,no_positive_gross_work,8.0,0.002472274680842845,41.162460813962134,0.0012387016559928569,0.00456557937837073,0.02574613106626708,0.004165412227771156,0.00036598346629954255,0.19158969468822545,0.00010848623406860726,0.008573125602271095,0.026894348086157507,0.0003490794376238605,2.962558751459708e-05,0.20151396349615872,,539.4798572709955,0.31573304007870556,329.25661880265636,0.11478516425207305,0.009990569456280374,0.06124199929181163,"CH3OCH3:0.25, CH4:0.75",dme_zhao_full,-4.334769022519882,-1.7218358023866096,-172.18358023866097,1.5648087851593817,3.0,100.0,0.11478516425207305,0.009990569456280409,0.0002095316437753405,0.6271278279439235,0.0016001505530359368,0.009000900090009105,0.027002700270028362,0.005208653199717582,0.0004572080955330066,0.2025202520252191,0.00010848623406860726,0.009000900090009001,0.027002700270027123,0.0003490794376238605,2.962558751459708e-05,0.20252025202520252,0.11478573093393105,0.010226637677848972,0.06125092225798698,0.05943157966909872,0.8967256113191695,-10.0,0.2813288385346389,mechanisms/dme_zhao_full.yaml,dme_zhao_full,slow,diffusion-strain,100.0,100.0,10.0,experimental-pressure-coupled-two-zone,"{'boundary_mass_fraction': 0.2, 'boundary_piston_area_fraction': None, 'pressure_equalization_coeff_m_s_Pa': 5e-05, 'interzone_heat_transfer_coeff_W_m2K': 100.0, 'interface_area_factor': 1.0, 'mixing_time_ms': 10.0, 'mixing_model': 'diffusion-strain', 'mixing_length_mm': 1.5, 'molecular_diffusivity_m2_s': 1e-06, 'piston_strain_coefficient': 0.1, 'mixing_min_time_ms': 0.1, 'mixing_max_time_ms': 100.0, 'integrator_rtol': 1e-07, 'integrator_atol': 1e-14, 'boundary_leak_bias': 0.0}",810.7608857136732,658.3274494980747,43.155101262273796,-6.25,810.7608857136732,5e-05,,annular_5um_e05,ringless-annulus,ok,"Experimental two-reactor spatial bracket. Pressure equalization, zone mass, mixing time, interface heat transfer, and leakage allocation are model inputs, not calibrated measurements. Gross work excludes gas exchange and friction.",-76.02320282502326
-173.56648630077188,-165.07512896821277,140.74156452062167,-4.832816935187493e-06,-5.048918931828014e-06,False,0.2818675713296053,1.5273846142520016,1.0670755392869711e-13,0.0,0.2,0.2,no_positive_gross_work,8.0,4.47624094455692e-16,8.575756221780666e-11,5.059161755665523e-16,0.00900090008998744,0.027002700270027564,3.0370839898719354e-17,4.375649094756203e-19,0.2025202520251628,5.3531161957228844e-17,0.009000900090005929,0.027002700270026936,3.4419895553977505e-18,4.5394866118183887e-20,0.20252025202520105,,550.9881166416714,0.3467480192809528,462.71714259988534,0.0,0.0,0.0,"CH3OCH3:0.25, CH4:0.75",dme_zhao_full,-0.3767513011822962,-0.1496513137381227,-14.965131373812271,1.5648087851593817,3.0,100.0,0.0,0.0,-0.00033402837375394033,0.20425867597502298,5.059161755665523e-16,0.009000900090009,0.027002700270027564,3.0370839898719354e-17,4.375649094756203e-19,0.2025202520252026,5.3531161957228844e-17,0.009000900090009001,0.027002700270027005,3.4419895553977505e-18,4.5394866118183887e-20,0.20252025202520252,3.159169832840176e-05,3.15916983282383e-05,3.159169832831824e-05,0.06099885981606727,0.0010089742435825944,122.5,0.22680921900168008,mechanisms/dme_zhao_full.yaml,dme_zhao_full,central,diffusion-strain,33.773727880779255,11.927471734515462,10.0,experimental-pressure-coupled-two-zone,"{'boundary_mass_fraction': 0.2, 'boundary_piston_area_fraction': None, 'pressure_equalization_coeff_m_s_Pa': 5e-05, 'interzone_heat_transfer_coeff_W_m2K': 100.0, 'interface_area_factor': 1.0, 'mixing_time_ms': 10.0, 'mixing_model': 'diffusion-strain', 'mixing_length_mm': 1.0, 'molecular_diffusivity_m2_s': 3e-06, 'piston_strain_coefficient': 1.0, 'mixing_min_time_ms': 0.1, 'mixing_max_time_ms': 100.0, 'integrator_rtol': 1e-07, 'integrator_atol': 1e-14, 'boundary_leak_bias': 0.0}",550.9881166416714,489.20331184745766,3.0000000000000004,-180.0,550.9881166416714,5e-05,,ringpack_area_0p006,ring-pack-orifice,ok,"Experimental two-reactor spatial bracket. Pressure equalization, zone mass, mixing time, interface heat transfer, and leakage allocation are model inputs, not calibrated measurements. Gross work excludes gas exchange and friction.",-171.48890317032848
-172.39292043621603,-161.72333497844662,125.49605469873585,-5.039765974649445e-06,-5.265121808516774e-06,False,0.26488396150238935,1.5303511793128621,5.317703340002595e-14,0.0,0.2,0.2,no_positive_gross_work,8.0,7.699834989055977e-15,3.380917201399293e-11,1.245312679218312e-16,0.00900090009000049,0.027002700270027286,3.815033775829939e-18,5.178811245960778e-20,0.20252025202518537,5.3584131625458676e-17,0.009000900090004533,0.027002700270027137,2.1634078876102303e-18,2.7004331054375935e-20,0.20252025202519414,,547.8725577661739,0.26579440986025343,514.2066621636852,0.0,0.0,0.0,"CH3OCH3:0.25, CH4:0.75",dme_zhao_full,-0.4086271595651041,-0.16231288668703572,-16.23128866870357,1.5648087851593817,3.0,100.0,0.0,0.0,-0.00034833200910008275,0.19151854347972902,1.8510131282445842e-16,0.009000900090009003,0.02700270027002729,3.815033775829939e-18,5.178811245960778e-20,0.20252025202520257,6.876576741215653e-17,0.009000900090009001,0.027002700270027137,2.1634078876102303e-18,2.7004331054375935e-20,0.20252025202520252,2.618618900345368e-06,2.618618900189018e-06,2.6186189002654836e-06,0.05702785432049714,0.0009454093030112354,119.75,0.2081057008824494,mechanisms/dme_zhao_full.yaml,dme_zhao_full,fast,diffusion-strain,3.1662869888230554,2.35687941935995,10.0,experimental-pressure-coupled-two-zone,"{'boundary_mass_fraction': 0.2, 'boundary_piston_area_fraction': None, 'pressure_equalization_coeff_m_s_Pa': 5e-05, 'interzone_heat_transfer_coeff_W_m2K': 100.0, 'interface_area_factor': 1.0, 'mixing_time_ms': 10.0, 'mixing_model': 'diffusion-strain', 'mixing_length_mm': 0.5, 'molecular_diffusivity_m2_s': 8e-06, 'piston_strain_coefficient': 2.0, 'mixing_min_time_ms': 0.1, 'mixing_max_time_ms': 100.0, 'integrator_rtol': 1e-07, 'integrator_atol': 1e-14, 'boundary_leak_bias': 0.0}",554.0173218862054,530.9345530050122,3.0000000000000004,-180.0,554.0173218862054,5e-05,,ringpack_area_0p006,ring-pack-orifice,ok,"Experimental two-reactor spatial bracket. Pressure equalization, zone mass, mixing time, interface heat transfer, and leakage allocation are model inputs, not calibrated measurements. Gross work excludes gas exchange and friction.",-220.2975969063081
-163.24667822441432,-160.15429422315736,-41.541207025655105,-7.253800286714368e-06,-7.578157850162718e-06,False,0.2891585860784541,1.5264548301153213,1.7105471732434736e-13,0.0,0.2,0.2,no_positive_gross_work,8.0,7.132731215605806e-17,2.8861018243660197e-10,9.84185974681504e-16,0.009000900089974229,0.02700270027002743,1.106601025979267e-16,1.5944202827989643e-18,0.20252025202513668,3.095303143461356e-17,0.009000900090007676,0.027002700270026967,3.37783617618098e-18,4.6111704267757026e-20,0.20252025202520202,,551.4133111960191,0.3893883231344662,439.84854728009594,0.0,0.0,0.0,"CH3OCH3:0.25, CH4:0.75",dme_zhao_full,-0.3632342720145462,-0.14428214535982548,-14.428214535982548,1.5648087851593817,3.0,100.0,0.0,0.0,-0.0005013587615271292,0.2096191579411616,9.84185974681504e-16,0.009000900090009006,0.027002700270027793,1.106601025979267e-16,1.5944202827989643e-18,0.20252025202520266,3.095303143461356e-17,0.009000900090009001,0.027002700270027005,3.37783617618098e-18,4.6111704267757026e-20,0.20252025202520252,3.3901922957134865e-05,3.3901922957073235e-05,3.3901922957103376e-05,0.061366915941608605,0.0059008954914892,38.75,0.20821105761912048,mechanisms/dme_zhao_full.yaml,dme_zhao_full,slow,diffusion-strain,100.0,100.0,10.0,experimental-pressure-coupled-two-zone,"{'boundary_mass_fraction': 0.2, 'boundary_piston_area_fraction': None, 'pressure_equalization_coeff_m_s_Pa': 5e-05, 'interzone_heat_transfer_coeff_W_m2K': 100.0, 'interface_area_factor': 1.0, 'mixing_time_ms': 10.0, 'mixing_model': 'diffusion-strain', 'mixing_length_mm': 1.5, 'molecular_diffusivity_m2_s': 1e-06, 'piston_strain_coefficient': 0.1, 'mixing_min_time_ms': 0.1, 'mixing_max_time_ms': 100.0, 'integrator_rtol': 1e-07, 'integrator_atol': 1e-14, 'boundary_leak_bias': 0.0}",551.4133111960191,470.8430179042095,3.0000000000000004,-180.0,551.4133111960191,5e-05,,ringpack_area_0p006,ring-pack-orifice,ok,"Experimental two-reactor spatial bracket. Pressure equalization, zone mass, mixing time, interface heat transfer, and leakage allocation are model inputs, not calibrated measurements. Gross work excludes gas exchange and friction.",-153.16742591471868
-10.208989676628544,20.866625235675997,25.11226610305892,7.578224626137748e-07,4.399928456293004e-05,False,0.0,0.0,0.10101389540178572,0.0,0.2,0.2,rapid_heat_release,8.0,0.8504988059522207,1655.2612787854105,0.00033289048946081776,0.00014047089865145608,0.005925024863369068,0.004590647317034577,0.03220823584137981,0.13590566531632356,8.452549723969009e-05,1.2828246353008373e-05,0.0014889315872972165,0.002368859182049211,0.04014821359338558,0.12507876804904686,,622.3642847460484,0.14299854164070766,932.7914107208301,0.9956951634187994,0.9111136022848628,0.9524795329827473,"CH3OCH3:0.25, CH4:0.75",dme_zhao_full,16.59077052680907,6.590104924583531,659.010492458353,1.5648087851593817,3.0,100.0,0.9956951634187993,0.9111136022848628,-1.164670302474663e-15,1.0000000000000009,0.0021729697108676597,0.009000900090009022,0.02700270027003079,0.011761960633766586,0.03220823584137981,0.20252025202525198,0.002782730261353335,0.009000900090009001,0.027002700270028147,0.024825912028477854,0.04442372335320307,0.20252025202520252,0.9956951634187994,0.9111136022848628,0.9524795329827473,0.059154093532076804,18.04072787874611,24.75,0.1722336517063105,mechanisms/dme_zhao_full.yaml,dme_zhao_full,central,diffusion-strain,33.773727880779255,11.927471734515462,10.0,experimental-pressure-coupled-two-zone,"{'boundary_mass_fraction': 0.2, 'boundary_piston_area_fraction': None, 'pressure_equalization_coeff_m_s_Pa': 5e-05, 'interzone_heat_transfer_coeff_W_m2K': 100.0, 'interface_area_factor': 1.0, 'mixing_time_ms': 10.0, 'mixing_model': 'diffusion-strain', 'mixing_length_mm': 1.0, 'molecular_diffusivity_m2_s': 3e-06, 'piston_strain_coefficient': 1.0, 'mixing_min_time_ms': 0.1, 'mixing_max_time_ms': 100.0, 'integrator_rtol': 1e-07, 'integrator_atol': 1e-14, 'boundary_leak_bias': 0.0}",906.1243664804214,1777.40779744368,90.2209663460767,25.25,1777.40779744368,5e-05,,sealed_reference,none,ok,"Experimental two-reactor spatial bracket. Pressure equalization, zone mass, mixing time, interface heat transfer, and leakage allocation are model inputs, not calibrated measurements. Gross work excludes gas exchange and friction.",271.375014328642
-23.411083972474678,-8.093155020499692,-5.642809912205005,-6.919328073468153e-08,0.0012292402707350936,False,0.0,0.0,0.20063907259088104,0.0,0.2,0.2,rapid_heat_release,8.0,0.7728086867976344,1389.396252169424,3.1917807124645005e-19,5.460999893101214e-37,2.8624740664851114e-19,8.82984390058669e-09,0.044502873627879413,0.12056698410529378,3.256176116189163e-19,4.2470932604992524e-37,2.8555686506768645e-19,8.817445662717089e-09,0.0445028734603988,0.12056698360332163,,664.6811172057311,0.18341477242796686,739.7538362129197,1.0,1.0,1.0,"CH3OCH3:0.25, CH4:0.75",dme_zhao_full,16.223663137003324,6.444284318271092,644.4284318271092,1.5648087851593817,3.0,100.0,1.0,1.0,9.634999775017666e-15,0.9999999999999938,0.002847091064368849,0.009000900090009006,0.02700270027003625,0.025059215589343938,0.044502873627879413,0.20252025202521967,0.0031949881388018955,0.009000900090009001,0.027002700270037348,0.024559439351332295,0.0445028734603988,0.20252025202520252,1.0,1.0,1.0,0.18623804657638074,73.05576029672756,-7.0,0.2988876207156785,mechanisms/dme_zhao_full.yaml,dme_zhao_full,fast,diffusion-strain,3.1662869888230554,2.35687941935995,10.0,experimental-pressure-coupled-two-zone,"{'boundary_mass_fraction': 0.2, 'boundary_piston_area_fraction': None, 'pressure_equalization_coeff_m_s_Pa': 5e-05, 'interzone_heat_transfer_coeff_W_m2K': 100.0, 'interface_area_factor': 1.0, 'mixing_time_ms': 10.0, 'mixing_model': 'diffusion-strain', 'mixing_length_mm': 0.5, 'molecular_diffusivity_m2_s': 8e-06, 'piston_strain_coefficient': 2.0, 'mixing_min_time_ms': 0.1, 'mixing_max_time_ms': 100.0, 'integrator_rtol': 1e-07, 'integrator_atol': 1e-14, 'boundary_leak_bias': 0.0}",1897.5513956877846,2028.1167527640582,160.2435657509285,-1.25,2028.1167527640582,5e-05,,sealed_reference,none,ok,"Experimental two-reactor spatial bracket. Pressure equalization, zone mass, mixing time, interface heat transfer, and leakage allocation are model inputs, not calibrated measurements. Gross work excludes gas exchange and friction.",657.2948455465553
-19.331203285192363,-4.048997194715721,7.118262377456537,-4.293122620190579e-07,-5.023163815903759e-08,True,0.0,0.0,0.07653716885223068,0.0,0.2,0.2,cool_partial_candidate,8.0,0.3266089567643753,285.157994500044,0.0019621060020391947,0.002576102638391913,0.025033431825986104,0.0070921021788322896,0.0006776302715844312,0.18587764326571538,0.0019310224020087994,0.0021804385902024484,0.02481471589789856,0.007584381091056713,0.0008206339905679935,0.1847474309605271,,541.6394396007513,0.23146062744415272,449.3388318959989,0.7473857379746982,0.07362025769052213,0.4031357666313883,"CH3OCH3:0.25, CH4:0.75",dme_zhao_full,2.6088628205839988,1.0362797613113743,103.62797613113744,1.5648087851593817,3.0,100.0,0.7473857379746982,0.07362025769052218,-8.15269211732264e-15,1.000000000000005,0.002095950315795233,0.009000900090009027,0.027002700270028393,0.0070921021788322896,0.0006776302715844312,0.20252025202525972,0.0020359703925269977,0.009000900090009001,0.02700270027002712,0.007608160988484509,0.0008279780732667863,0.20252025202520252,0.7473857379746982,0.0736209979376463,0.40313579941410044,0.059415920780909945,5.466883889308008,-4.0,0.2557913954305902,mechanisms/dme_zhao_full.yaml,dme_zhao_full,slow,diffusion-strain,100.0,100.0,10.0,experimental-pressure-coupled-two-zone,"{'boundary_mass_fraction': 0.2, 'boundary_piston_area_fraction': None, 'pressure_equalization_coeff_m_s_Pa': 5e-05, 'interzone_heat_transfer_coeff_W_m2K': 100.0, 'interface_area_factor': 1.0, 'mixing_time_ms': 10.0, 'mixing_model': 'diffusion-strain', 'mixing_length_mm': 1.5, 'molecular_diffusivity_m2_s': 1e-06, 'piston_strain_coefficient': 0.1, 'mixing_min_time_ms': 0.1, 'mixing_max_time_ms': 100.0, 'integrator_rtol': 1e-07, 'integrator_atol': 1e-14, 'boundary_leak_bias': 0.0}",869.4072707062356,878.889630565083,69.8692445533642,1.0,878.889630565083,5e-05,,sealed_reference,none,ok,"Experimental two-reactor spatial bracket. Pressure equalization, zone mass, mixing time, interface heat transfer, and leakage allocation are model inputs, not calibrated measurements. Gross work excludes gas exchange and friction.",-17.073864113658885
-9.144876112401292,4.24851669950506,16.50309697265085,1.8421443407792454e-07,-9.565897985441669e-08,True,0.0,0.19740793290796338,0.06975946602606196,0.0,0.2,0.2,cool_partial_candidate,8.0,0.5042227302050123,541.6318198350573,0.0010679873849738445,0.0008501221048166275,0.019702519249398198,0.015246220750552385,0.0032303208225440286,0.17347179961141437,0.0008707482016337986,0.0004191959069203592,0.01845497718653246,0.017199128469522568,0.003838566930326528,0.17049280774376252,,552.7659032183285,0.19712760462921977,544.8223534245533,0.889329526420999,0.272135992108152,0.5739841091834461,"CH3OCH3:0.25, CH4:0.75",dme_zhao_sk39,3.8344001809336623,1.523081732362129,152.3081732362129,1.5648087851593817,3.0,100.0,0.889329526420999,0.272135992108152,-1.5298168867306902e-05,0.873855108297471,0.002038392610653312,0.009000900090009058,0.02700270027003075,0.015246220750552385,0.0032303208225440286,0.20252025202521634,0.0026873108117541436,0.009000900090009001,0.02700270027003247,0.018714333226105054,0.004286914506155951,0.20252025202520252,0.889329526420999,0.2721363904628518,0.5739841111137945,0.05915508750402659,7.991088719611838,-8.75,0.24857073808028346,mechanisms/dme_zhao_sk39.yaml,dme_zhao_sk39,central,diffusion-strain,33.773727880779255,11.927471734515462,10.0,experimental-pressure-coupled-two-zone,"{'boundary_mass_fraction': 0.2, 'boundary_piston_area_fraction': None, 'pressure_equalization_coeff_m_s_Pa': 5e-05, 'interzone_heat_transfer_coeff_W_m2K': 100.0, 'interface_area_factor': 1.0, 'mixing_time_ms': 10.0, 'mixing_model': 'diffusion-strain', 'mixing_length_mm': 1.0, 'molecular_diffusivity_m2_s': 3e-06, 'piston_strain_coefficient': 1.0, 'mixing_min_time_ms': 0.1, 'mixing_max_time_ms': 100.0, 'integrator_rtol': 1e-07, 'integrator_atol': 1e-14, 'boundary_leak_bias': 0.0}",858.8044863934138,1078.012126952512,68.62036220105941,1.25,1078.012126952512,5e-05,,annular_3um_e05,ringless-annulus,ok,"Experimental two-reactor spatial bracket. Pressure equalization, zone mass, mixing time, interface heat transfer, and leakage allocation are model inputs, not calibrated measurements. Gross work excludes gas exchange and friction.",5.104996905139455
-14.501181688628632,-4.143730409646208,-3.763985667414056,4.6072907474070784e-06,0.003127928072728906,False,0.0,0.2235128992951142,0.17592617882119008,0.0,0.2,0.2,rapid_heat_release,8.0,0.7126479947710145,2286.691921180204,6.54657518365074e-26,4.5704212054945575e-38,-1.3965932646133862e-29,1.0705697053153319e-08,0.044498784498298735,0.12057264735978077,7.400520412514157e-26,1.7515070988939345e-37,-3.523248707508389e-29,1.0694837421098277e-08,0.04449878436931005,0.12057264662891343,,635.5226310667693,0.18006876112973036,701.866633012475,0.9669547700919976,0.9459885463322758,0.9562424048259446,"CH3OCH3:0.25, CH4:0.75",dme_zhao_sk39,11.751365759150197,4.667820173560841,466.7820173560841,1.5648087851593817,3.0,100.0,0.9669547700919976,0.9459885463322758,0.00036815025662092186,0.8569275353800292,0.0028130461256697043,0.00900090009000905,0.027002700270036113,0.023606797975896827,0.044498784498298735,0.20252025202521967,0.0031896679741064693,0.009000900090009001,0.027002700270037188,0.023728457186706867,0.04449878436931005,0.20252025202520252,0.9669547700919976,0.9459885463322758,0.9562424048259446,0.254721075155586,62.01496132624331,-4.0,0.2984048599423152,mechanisms/dme_zhao_sk39.yaml,dme_zhao_sk39,fast,diffusion-strain,3.1662869888230554,2.35687941935995,10.0,experimental-pressure-coupled-two-zone,"{'boundary_mass_fraction': 0.2, 'boundary_piston_area_fraction': None, 'pressure_equalization_coeff_m_s_Pa': 5e-05, 'interzone_heat_transfer_coeff_W_m2K': 100.0, 'interface_area_factor': 1.0, 'mixing_time_ms': 10.0, 'mixing_model': 'diffusion-strain', 'mixing_length_mm': 0.5, 'molecular_diffusivity_m2_s': 8e-06, 'piston_strain_coefficient': 2.0, 'mixing_min_time_ms': 0.1, 'mixing_max_time_ms': 100.0, 'integrator_rtol': 1e-07, 'integrator_atol': 1e-14, 'boundary_leak_bias': 0.0}",1868.4807834208848,2004.587109989558,148.3725998296691,-1.75,2004.587109989558,5e-05,,annular_3um_e05,ringless-annulus,ok,"Experimental two-reactor spatial bracket. Pressure equalization, zone mass, mixing time, interface heat transfer, and leakage allocation are model inputs, not calibrated measurements. Gross work excludes gas exchange and friction.",553.298410217938
-18.13853902949028,-0.7600863508703685,2.40151401031837,-4.110972504156003e-09,-6.574445073010021e-08,True,0.0,0.18727541351282836,0.06914675742420041,0.0,0.2,0.2,cool_partial_candidate,8.0,0.2704255003296097,234.70124571180008,0.0018688602694572041,0.0030982309122581813,0.025265167142881167,0.0060860205338911875,0.0005343754405811118,0.1875163533107492,0.001758238754737784,0.0029016164702198766,0.02518910722488396,0.0061013142395873535,0.0005948448681012106,0.1871001176429469,,541.9105503793975,0.2444053220697787,423.25737289528803,0.6333693338037435,0.0583472241724301,0.3395707487547458,"CH3OCH3:0.25, CH4:0.75",dme_zhao_sk39,0.47557786589161244,0.1889067196108118,18.89067196108118,1.5648087851593817,3.0,100.0,0.6333693338037435,0.0583472241724301,-4.407253509018797e-06,0.8803233928417361,0.0020151560981057897,0.009000900090009003,0.027002700270028396,0.0060860205338911875,0.0005343754405811118,0.2025202520252147,0.00179411038925603,0.009000900090009001,0.02700270027002712,0.0061019137937559104,0.0005979646401944398,0.20252025202520252,0.6333700893976174,0.05835653681435217,0.3395742751412578,0.05941687381632626,3.648742227480753,-0.25,0.19202098214081595,mechanisms/dme_zhao_sk39.yaml,dme_zhao_sk39,slow,diffusion-strain,100.0,100.0,10.0,experimental-pressure-coupled-two-zone,"{'boundary_mass_fraction': 0.2, 'boundary_piston_area_fraction': None, 'pressure_equalization_coeff_m_s_Pa': 5e-05, 'interzone_heat_transfer_coeff_W_m2K': 100.0, 'interface_area_factor': 1.0, 'mixing_time_ms': 10.0, 'mixing_model': 'diffusion-strain', 'mixing_length_mm': 1.5, 'molecular_diffusivity_m2_s': 1e-06, 'piston_strain_coefficient': 0.1, 'mixing_min_time_ms': 0.1, 'mixing_max_time_ms': 100.0, 'integrator_rtol': 1e-07, 'integrator_atol': 1e-14, 'boundary_leak_bias': 0.0}",843.1727349604503,849.5959157851332,63.09006049976443,1.75,849.5959157851332,5e-05,,annular_3um_e05,ringless-annulus,ok,"Experimental two-reactor spatial bracket. Pressure equalization, zone mass, mixing time, interface heat transfer, and leakage allocation are model inputs, not calibrated measurements. Gross work excludes gas exchange and friction.",-32.912803824293235
0.9939885955340844,4.18521565037097,6.2949183570457174,1.2387157508275115e-05,1.4998778355088893e-05,False,0.0,0.5972984742630357,0.0027643403181213597,0.0,0.2,0.2,no_positive_gross_work,8.0,0.20025013559086682,137.42868369311523,0.0011844050590221423,0.004989584456564224,0.02587943867832981,0.003705520740639111,0.00032530665838662406,0.1926916172369403,0.0014269283293953047,0.004208275008820121,0.02564849953740734,0.004473096348775722,0.0003947167495139531,0.19073152531885845,,540.6489315707145,0.23649454782869395,414.76233704174234,0.380882688846167,0.03391716096445543,0.20360605992178543,"CH3OCH3:0.25, CH4:0.75",dme_zhao_sk39,-3.3199518271614266,-1.3187350671991123,-131.8735067199112,1.5648087851593817,3.0,100.0,0.380882688846167,0.03391716096445541,0.0010056760355648142,0.6176503123110592,0.0011844050590221423,0.009000900090009003,0.027002700270030693,0.003705520740639111,0.00032530665838662406,0.2025202520252099,0.0016996857363146892,0.009000900090009001,0.027002700270032036,0.005158744260047893,0.00045593938179625145,0.20252025202520252,0.380882688846167,0.033923373673676926,0.20360779626424919,0.05916734207101632,1.6223902667691448,4.5,0.17476681996234147,mechanisms/dme_zhao_sk39.yaml,dme_zhao_sk39,central,diffusion-strain,33.773727880779255,11.927471734515462,10.0,experimental-pressure-coupled-two-zone,"{'boundary_mass_fraction': 0.2, 'boundary_piston_area_fraction': None, 'pressure_equalization_coeff_m_s_Pa': 5e-05, 'interzone_heat_transfer_coeff_W_m2K': 100.0, 'interface_area_factor': 1.0, 'mixing_time_ms': 10.0, 'mixing_model': 'diffusion-strain', 'mixing_length_mm': 1.0, 'molecular_diffusivity_m2_s': 3e-06, 'piston_strain_coefficient': 1.0, 'mixing_min_time_ms': 0.1, 'mixing_max_time_ms': 100.0, 'integrator_rtol': 1e-07, 'integrator_atol': 1e-14, 'boundary_leak_bias': 0.0}",683.9309483859536,823.7956747942483,45.34849101910203,5.75,823.7956747942483,5e-05,,annular_5um_e05,ringless-annulus,ok,"Experimental two-reactor spatial bracket. Pressure equalization, zone mass, mixing time, interface heat transfer, and leakage allocation are model inputs, not calibrated measurements. Gross work excludes gas exchange and friction.",-112.17096431478001
-20.68743094177141,-3.1447040422885513,9.600146123369692,4.207067352856816e-06,6.514399732883908e-06,False,0.0,0.6359619461750593,0.06633697300327139,0.0,0.2,0.2,no_positive_gross_work,8.0,0.49485118591471816,546.8827325728735,0.0007278276121367436,8.819091252384679e-05,0.01558292693325147,0.0196922378244258,0.00508787275946454,0.16530151308082797,0.0007278121505349999,8.818016033734671e-05,0.015582807691423312,0.019692339402080646,0.005087928851089506,0.16530130295634435,,540.7522620145908,0.19116431342062892,515.5128661269636,0.8259945017949339,0.30816925291635566,0.5614197613197954,"CH3OCH3:0.25, CH4:0.75",dme_zhao_sk39,-1.8482711199556157,-0.7341612368095165,-73.41612368095166,1.5648087851593817,3.0,100.0,0.8259945017949339,0.30816925291635566,0.0005310168707775291,0.5932455332035936,0.002559430316487379,0.009000900090009057,0.027002700270035835,0.0196922378244258,0.00508787275946454,0.20252025202521137,0.0030212241937627336,0.009000900090009001,0.027002700270036876,0.02002652545661989,0.005253088029239448,0.20252025202520252,0.8259945017949339,0.3081811371209287,0.5614257225413094,0.05573438122327556,5.584483301658878,-20.5,0.21729264659401704,mechanisms/dme_zhao_sk39.yaml,dme_zhao_sk39,fast,diffusion-strain,3.1662869888230554,2.35687941935995,10.0,experimental-pressure-coupled-two-zone,"{'boundary_mass_fraction': 0.2, 'boundary_piston_area_fraction': None, 'pressure_equalization_coeff_m_s_Pa': 5e-05, 'interzone_heat_transfer_coeff_W_m2K': 100.0, 'interface_area_factor': 1.0, 'mixing_time_ms': 10.0, 'mixing_model': 'diffusion-strain', 'mixing_length_mm': 0.5, 'molecular_diffusivity_m2_s': 8e-06, 'piston_strain_coefficient': 2.0, 'mixing_min_time_ms': 0.1, 'mixing_max_time_ms': 100.0, 'integrator_rtol': 1e-07, 'integrator_atol': 1e-14, 'boundary_leak_bias': 0.0}",934.140834003424,1149.7657508581244,65.72763697751549,1.5,1149.7657508581244,5e-05,,annular_5um_e05,ringless-annulus,ok,"Experimental two-reactor spatial bracket. Pressure equalization, zone mass, mixing time, interface heat transfer, and leakage allocation are model inputs, not calibrated measurements. Gross work excludes gas exchange and friction.",8.404147643775543
-13.289303006523662,-10.33531994293663,-7.61330478270645,4.584602012415263e-06,4.844782853911614e-06,False,0.0,0.5836945607523591,0.0581405751851829,0.0,0.2,0.2,no_positive_gross_work,8.0,0.002425720009368977,40.945898512644376,0.001249847469207045,0.004602344028503617,0.02575673225882908,0.004153579691513064,0.00036201572419434206,0.19163721415320545,0.00010973756400163,0.008577390426250192,0.026895212147341897,0.0003480991878744593,2.9310064598598117e-05,0.20151905581693796,,539.4917714025067,0.31577740877970906,329.23022202659547,0.11384019267896357,0.009971271771889254,0.06076998636527772,"CH3OCH3:0.25, CH4:0.75",dme_zhao_sk39,-4.344712560806869,-1.7257855261518182,-172.57855261518182,1.5648087851593817,3.0,100.0,0.11384019267896353,0.009971271771889237,0.00032092728350496477,0.6267815636168098,0.001614427539621658,0.00900090009000903,0.027002700270028355,0.005192732136622489,0.0004521732163403745,0.2025202520252268,0.00010973756400163,0.009000900090009001,0.027002700270027116,0.0003480991878744593,2.9310064598598117e-05,0.20252025202520252,0.11384093010300737,0.009995623547251767,0.060771587139125935,0.05942914579874952,0.8950265655680596,-10.0,0.21979263940505273,mechanisms/dme_zhao_sk39.yaml,dme_zhao_sk39,slow,diffusion-strain,100.0,100.0,10.0,experimental-pressure-coupled-two-zone,"{'boundary_mass_fraction': 0.2, 'boundary_piston_area_fraction': None, 'pressure_equalization_coeff_m_s_Pa': 5e-05, 'interzone_heat_transfer_coeff_W_m2K': 100.0, 'interface_area_factor': 1.0, 'mixing_time_ms': 10.0, 'mixing_model': 'diffusion-strain', 'mixing_length_mm': 1.5, 'molecular_diffusivity_m2_s': 1e-06, 'piston_strain_coefficient': 0.1, 'mixing_min_time_ms': 0.1, 'mixing_max_time_ms': 100.0, 'integrator_rtol': 1e-07, 'integrator_atol': 1e-14, 'boundary_leak_bias': 0.0}",810.1424897671233,658.4333531649021,43.18445212420388,-6.25,810.1424897671233,5e-05,,annular_5um_e05,ringless-annulus,ok,"Experimental two-reactor spatial bracket. Pressure equalization, zone mass, mixing time, interface heat transfer, and leakage allocation are model inputs, not calibrated measurements. Gross work excludes gas exchange and friction.",-76.11691992914385
-171.31892044631135,-170.62311375092222,-169.00767420171678,-5.161542928655546e-06,-5.3923440843153235e-06,False,0.28187392839378256,1.5274050896046614,1.0297475955885769e-13,0.0,0.2,0.2,no_positive_gross_work,8.0,4.470607873401135e-16,5.571535763103548e-09,5.060182983552719e-16,0.009000900089987435,0.02700270027002754,3.0345004531061495e-17,4.371980841021171e-19,0.2025202520251635,5.3701017281603505e-17,0.009000900090005912,0.02700270027002692,3.4363103172075937e-18,4.5319102182629403e-20,0.20252025202520185,,550.9880299877709,0.34683066198872475,462.7318063750593,0.0,0.0,0.0,"CH3OCH3:0.25, CH4:0.75",dme_zhao_sk39,-0.3767631772139002,-0.1496560310774549,-14.96560310774549,1.5648087851593817,3.0,100.0,0.0,0.0,-0.00035674883069300033,0.20426417323995272,5.060182983552719e-16,0.009000900090009105,0.02700270027002754,3.0345004531061495e-17,4.371980841021171e-19,0.2025202520252122,5.3701017281603505e-17,0.009000900090009001,0.027002700270027005,3.4363103172075937e-18,4.5319102182629403e-20,0.20252025202520252,2.4781018539934073e-06,2.4781018540905374e-06,2.4781018540430346e-06,0.060996446362216954,0.001014539821581062,122.75,0.2606992961713415,mechanisms/dme_zhao_sk39.yaml,dme_zhao_sk39,central,diffusion-strain,33.773727880779255,11.927471734515462,10.0,experimental-pressure-coupled-two-zone,"{'boundary_mass_fraction': 0.2, 'boundary_piston_area_fraction': None, 'pressure_equalization_coeff_m_s_Pa': 5e-05, 'interzone_heat_transfer_coeff_W_m2K': 100.0, 'interface_area_factor': 1.0, 'mixing_time_ms': 10.0, 'mixing_model': 'diffusion-strain', 'mixing_length_mm': 1.0, 'molecular_diffusivity_m2_s': 3e-06, 'piston_strain_coefficient': 1.0, 'mixing_min_time_ms': 0.1, 'mixing_max_time_ms': 100.0, 'integrator_rtol': 1e-07, 'integrator_atol': 1e-14, 'boundary_leak_bias': 0.0}",550.9880299877709,489.1614493543465,3.0000000000000004,-180.0,550.9880299877709,5e-05,,ringpack_area_0p006,ring-pack-orifice,ok,"Experimental two-reactor spatial bracket. Pressure equalization, zone mass, mixing time, interface heat transfer, and leakage allocation are model inputs, not calibrated measurements. Gross work excludes gas exchange and friction.",-171.4916462766825
-175.30313704794665,-174.2311517236351,-160.90132625604411,-4.932693960492064e-06,-5.1532620120727645e-06,False,0.264827642091897,1.5303032677180064,5.157674329893448e-14,0.0,0.2,0.2,no_positive_gross_work,8.0,7.695102637326405e-15,8.413807036770094e-11,1.2456421924800617e-16,0.009000900090000496,0.027002700270027227,3.816088507755417e-18,5.180331242338586e-20,0.202520252025187,5.359779656222964e-17,0.009000900090004536,0.027002700270027078,2.1638282816279236e-18,2.700988452234228e-20,0.20252025202519577,,547.8736970789255,0.2657824681114312,514.2080704623282,0.0,0.0,0.0,"CH3OCH3:0.25, CH4:0.75",dme_zhao_sk39,-0.40858829258162893,-0.16229744813348634,-16.229744813348635,1.5648087851593817,3.0,100.0,0.0,0.0,-0.0003409315444818352,0.19150844110785797,1.8492106062229977e-16,0.009000900090009008,0.02700270027002723,3.816088507755417e-18,5.180331242338586e-20,0.2025202520252046,6.877025566768429e-17,0.009000900090009001,0.027002700270027078,2.1638282816279236e-18,2.700988452234228e-20,0.20252025202520252,3.653609146232632e-17,0.0,0.0,0.05703006304929615,0.0009455517000018787,120.75,0.1837351546944627,mechanisms/dme_zhao_sk39.yaml,dme_zhao_sk39,fast,diffusion-strain,3.1662869888230554,2.35687941935995,10.0,experimental-pressure-coupled-two-zone,"{'boundary_mass_fraction': 0.2, 'boundary_piston_area_fraction': None, 'pressure_equalization_coeff_m_s_Pa': 5e-05, 'interzone_heat_transfer_coeff_W_m2K': 100.0, 'interface_area_factor': 1.0, 'mixing_time_ms': 10.0, 'mixing_model': 'diffusion-strain', 'mixing_length_mm': 0.5, 'molecular_diffusivity_m2_s': 8e-06, 'piston_strain_coefficient': 2.0, 'mixing_min_time_ms': 0.1, 'mixing_max_time_ms': 100.0, 'integrator_rtol': 1e-07, 'integrator_atol': 1e-14, 'boundary_leak_bias': 0.0}",554.0187300464703,530.8774951392494,3.0000000000000004,-180.0,554.0187300464703,5e-05,,ringpack_area_0p006,ring-pack-orifice,ok,"Experimental two-reactor spatial bracket. Pressure equalization, zone mass, mixing time, interface heat transfer, and leakage allocation are model inputs, not calibrated measurements. Gross work excludes gas exchange and friction.",-220.29500860473777
-172.99900867389712,-167.8927218255967,-160.56039902139077,-3.50941633751145e-06,-3.6663417679687752e-06,False,0.2891390963512059,1.5262582756093293,1.7134857782469177e-13,0.0,0.2,0.2,no_positive_gross_work,8.0,7.209932868015429e-17,3.794415721148956e-09,9.843534715736423e-16,0.009000900089974192,0.027002700270027408,1.1149819653086842e-16,1.6061674067473586e-18,0.20252025202513757,3.0963373959534514e-17,0.009000900090007691,0.027002700270026957,3.4376081074747996e-18,4.6914086653674203e-20,0.20252025202520216,,551.4161146839826,0.3901479187929748,439.93223588113034,0.0,0.0,0.0,"CH3OCH3:0.25, CH4:0.75",dme_zhao_sk39,-0.3632030060161589,-0.14426972603248855,-14.426972603248856,1.5648087851593817,3.0,100.0,0.0,0.0,-0.0002425592874228952,0.2095669249168231,9.843534715736423e-16,0.009000900090009003,0.027002700270027765,1.1149819653086842e-16,1.6061674067473586e-18,0.20252025202520857,3.0963373959534514e-17,0.009000900090009001,0.027002700270027005,3.4376081074747996e-18,4.6914086653674203e-20,0.20252025202520252,2.4646228869723454e-06,2.464622886916654e-06,2.4646228869438906e-06,0.06136381258018024,0.0010611414395045315,125.0,0.20191735784887535,mechanisms/dme_zhao_sk39.yaml,dme_zhao_sk39,slow,diffusion-strain,100.0,100.0,10.0,experimental-pressure-coupled-two-zone,"{'boundary_mass_fraction': 0.2, 'boundary_piston_area_fraction': None, 'pressure_equalization_coeff_m_s_Pa': 5e-05, 'interzone_heat_transfer_coeff_W_m2K': 100.0, 'interface_area_factor': 1.0, 'mixing_time_ms': 10.0, 'mixing_model': 'diffusion-strain', 'mixing_length_mm': 1.5, 'molecular_diffusivity_m2_s': 1e-06, 'piston_strain_coefficient': 0.1, 'mixing_min_time_ms': 0.1, 'mixing_max_time_ms': 100.0, 'integrator_rtol': 1e-07, 'integrator_atol': 1e-14, 'boundary_leak_bias': 0.0}",551.4161146839826,470.9116547617918,3.0000000000000004,-180.0,551.4161146839826,5e-05,,ringpack_area_0p006,ring-pack-orifice,ok,"Experimental two-reactor spatial bracket. Pressure equalization, zone mass, mixing time, interface heat transfer, and leakage allocation are model inputs, not calibrated measurements. Gross work excludes gas exchange and friction.",-153.1964095926687
-10.613222721231557,5.642350215645434,38.608626070580506,-3.2077827385454247e-06,-1.0784206781484673e-06,True,0.0,0.0,0.08926590148420016,0.0,0.2,0.2,cool_partial_candidate,8.0,0.765187766237606,1070.797385516908,0.0006649839297955902,0.00038206519342848987,0.009916573439577334,0.019487422281549087,0.010420385926972772,0.15387915527330018,0.00039247049828553346,0.00012845874952695468,0.006320517539850251,0.021690041239599944,0.012922039684938557,0.1467617211734115,,584.3553299454187,0.1662340791052769,731.1915678618067,0.9797225921834559,0.7343652423573581,0.8543610782470639,"CH3OCH3:0.25, CH4:0.75",dme_zhao_sk39,10.973516662156506,4.358846750271206,435.8846750271206,1.5648087851593817,3.0,100.0,0.9797225921834561,0.7343652423573581,1.7999450129153882e-15,0.9999999999999989,0.0021965390117016084,0.00900090009000905,0.02700270027003077,0.019487422281549087,0.010420385926972772,0.20252025202521856,0.0028114687897043003,0.009000900090009001,0.0270027002700314,0.023124582541721277,0.013862783086005182,0.20252025202520252,0.9797225921834559,0.7343652423573581,0.8543610782470639,0.05915171035242849,9.349759421308676,-10.5,0.29935785350816296,mechanisms/dme_zhao_sk39.yaml,dme_zhao_sk39,central,diffusion-strain,33.773727880779255,11.927471734515462,10.0,experimental-pressure-coupled-two-zone,"{'boundary_mass_fraction': 0.2, 'boundary_piston_area_fraction': None, 'pressure_equalization_coeff_m_s_Pa': 5e-05, 'interzone_heat_transfer_coeff_W_m2K': 100.0, 'interface_area_factor': 1.0, 'mixing_time_ms': 10.0, 'mixing_model': 'diffusion-strain', 'mixing_length_mm': 1.0, 'molecular_diffusivity_m2_s': 3e-06, 'piston_strain_coefficient': 1.0, 'mixing_min_time_ms': 0.1, 'mixing_max_time_ms': 100.0, 'integrator_rtol': 1e-07, 'integrator_atol': 1e-14, 'boundary_leak_bias': 0.0}",897.3037826372896,1230.9974254696003,88.1107705895419,5.75,1230.9974254696003,5e-05,,sealed_reference,none,ok,"Experimental two-reactor spatial bracket. Pressure equalization, zone mass, mixing time, interface heat transfer, and leakage allocation are model inputs, not calibrated measurements. Gross work excludes gas exchange and friction.",138.16318132819333
-23.118010683319206,-7.464146258926956,-5.3739666616773745,1.6635271373069646e-06,-0.0014163308502869601,False,0.0,0.0,0.19586736703244814,0.0,0.2,0.2,rapid_heat_release,8.0,0.8346919162426409,1488.7129639061288,4.7056673151668483e-26,-5.811144167327314e-63,-9.668183504629069e-32,8.825987056771048e-09,0.044502022033564355,0.12056816506102101,5.38663044242063e-26,-4.3415398297493123e-63,-9.65200425921827e-32,8.813610364731838e-09,0.044502021866394126,0.12056816455935034,,664.6184285988503,0.1834216651323458,739.6500271246699,1.0,1.0,1.0,"CH3OCH3:0.25, CH4:0.75",dme_zhao_sk39,16.24715808961983,6.453616868720794,645.3616868720794,1.5648087851593817,3.0,100.0,1.0,1.0,4.341043854678289e-15,0.9999999999999973,0.0028752891007464004,0.009000900090009055,0.027002700270036192,0.02447651249067187,0.044502022033564355,0.20252025202522866,0.003223387778332011,0.009000900090009001,0.027002700270037292,0.02512454243523965,0.044502021866394126,0.20252025202520252,1.0,1.0,1.0,0.2121408278826438,72.27031983779705,-6.75,0.24037786618642543,mechanisms/dme_zhao_sk39.yaml,dme_zhao_sk39,fast,diffusion-strain,3.1662869888230554,2.35687941935995,10.0,experimental-pressure-coupled-two-zone,"{'boundary_mass_fraction': 0.2, 'boundary_piston_area_fraction': None, 'pressure_equalization_coeff_m_s_Pa': 5e-05, 'interzone_heat_transfer_coeff_W_m2K': 100.0, 'interface_area_factor': 1.0, 'mixing_time_ms': 10.0, 'mixing_model': 'diffusion-strain', 'mixing_length_mm': 0.5, 'molecular_diffusivity_m2_s': 8e-06, 'piston_strain_coefficient': 2.0, 'mixing_min_time_ms': 0.1, 'mixing_max_time_ms': 100.0, 'integrator_rtol': 1e-07, 'integrator_atol': 1e-14, 'boundary_leak_bias': 0.0}",1897.5129884619148,2028.2028272051734,160.4839556759503,-1.25,2028.2028272051734,5e-05,,sealed_reference,none,ok,"Experimental two-reactor spatial bracket. Pressure equalization, zone mass, mixing time, interface heat transfer, and leakage allocation are model inputs, not calibrated measurements. Gross work excludes gas exchange and friction.",656.4521313642144
-19.36352913393688,-4.085642161459479,7.12698827850317,-4.5249803361746343e-07,-5.4825230620955754e-08,True,0.0,0.0,0.07609200060074492,0.0,0.2,0.2,cool_partial_candidate,8.0,0.3243464869073147,283.99908987251536,0.001988337460189958,0.0026136044999978823,0.02504713675582346,0.007084704814677614,0.0006720317274648297,0.18591800677011988,0.0019571893026387225,0.0022248170559176646,0.02483409769926492,0.007573561831288228,0.0008121453263522173,0.1848015794251868,,541.588808004506,0.2316268008116233,448.8787571071763,0.7425738996223823,0.0729255821292026,0.4004275284400935,"CH3OCH3:0.25, CH4:0.75",dme_zhao_sk39,2.5957204920508006,1.0310594296910214,103.10594296910213,1.5648087851593817,3.0,100.0,0.7425738996223823,0.07292558212920267,-8.364450354136216e-15,1.0000000000000053,0.0021209263418711416,0.009000900090009275,0.0270027002700284,0.007084704814677614,0.0006720317274648297,0.20252025202521262,0.002061811677859477,0.009000900090009001,0.027002700270027116,0.007597145623553378,0.0008193386694054787,0.20252025202520252,0.7425738996223823,0.07292623648774059,0.4004275521401972,0.05941349186472013,5.513212546780892,-4.0,0.1950605097514574,mechanisms/dme_zhao_sk39.yaml,dme_zhao_sk39,slow,diffusion-strain,100.0,100.0,10.0,experimental-pressure-coupled-two-zone,"{'boundary_mass_fraction': 0.2, 'boundary_piston_area_fraction': None, 'pressure_equalization_coeff_m_s_Pa': 5e-05, 'interzone_heat_transfer_coeff_W_m2K': 100.0, 'interface_area_factor': 1.0, 'mixing_time_ms': 10.0, 'mixing_model': 'diffusion-strain', 'mixing_length_mm': 1.5, 'molecular_diffusivity_m2_s': 1e-06, 'piston_strain_coefficient': 0.1, 'mixing_min_time_ms': 0.1, 'mixing_max_time_ms': 100.0, 'integrator_rtol': 1e-07, 'integrator_atol': 1e-14, 'boundary_leak_bias': 0.0}",869.0930840609457,878.4140293772851,69.9326920761643,1.0,878.4140293772851,5e-05,,sealed_reference,none,ok,"Experimental two-reactor spatial bracket. Pressure equalization, zone mass, mixing time, interface heat transfer, and leakage allocation are model inputs, not calibrated measurements. Gross work excludes gas exchange and friction.",-17.291978169589854
