suite,mechanism_label,anchor,equivalence_ratio,intake_pressure_bar,annular_radial_clearance_um,annular_eccentricity_ratio,boundary_mass_fraction,mixing_time_ms,pressure_equalization_coeff_m_s_Pa,step_deg,status,error,pressure_equalization_coeff_used_m_s_Pa,pressure_equalization_attempts,two_model,two_fuel_profile,two_mechanism,two_fuel_composition,two_boundary_mass_fraction_initial,two_boundary_piston_area_fraction,two_mixing_time_ms,two_interzone_heat_transfer_coeff_W_m2K,two_pressure_equalization_coeff_m_s_Pa,two_boundary_leak_bias,two_peak_pressure_bar,two_peak_pressure_deg_atdc,two_max_pressure_rise_bar_per_deg,two_max_pressure_rise_deg_atdc,two_peak_core_temperature_K,two_peak_boundary_temperature_K,two_peak_temperature_K,two_final_core_temperature_K,two_final_boundary_temperature_K,two_CA10_deg_atdc,two_CA50_deg_atdc,two_CA90_deg_atdc,two_max_fuel_consumed_fraction,two_final_fuel_consumed_fraction,two_core_fuel_reaction_extent_fraction_initial_total,two_boundary_fuel_reaction_extent_fraction_initial_total,two_gross_indicated_work_mJ,two_gross_imep_bar,two_gross_indicated_power_W_per_cylinder,two_wall_energy_gas_to_wall_mJ,two_cumulative_chemical_heat_release_mJ,two_initial_trapped_mass_mg,two_mass_retained_end_fraction,two_blowby_mass_out_mg,two_blowby_mass_in_mg,two_mass_balance_residual_mg,two_max_interzone_pressure_difference_bar,two_max_volume_closure_error_mm3,two_final_boundary_volume_fraction,two_two_zone_note,two_max_fuelConsumed_CH3OCH3_fraction,two_final_fuelConsumed_CH3OCH3_fraction,two_CH3OCH3_mass_balance_residual_mg,two_inventory_fuelConsumed_CH3OCH3_fraction,two_max_fuelConsumed_CH4_fraction,two_final_fuelConsumed_CH4_fraction,two_CH4_mass_balance_residual_mg,two_inventory_fuelConsumed_CH4_fraction,two_end_core_X_CO,two_max_core_X_CO,two_end_boundary_X_CO,two_max_boundary_X_CO,two_end_core_X_CO2,two_max_core_X_CO2,two_end_boundary_X_CO2,two_max_boundary_X_CO2,two_end_core_X_CH2O,two_max_core_X_CH2O,two_end_boundary_X_CH2O,two_max_boundary_X_CH2O,two_end_core_X_CH4,two_max_core_X_CH4,two_end_boundary_X_CH4,two_max_boundary_X_CH4,two_end_core_X_CH3OCH3,two_max_core_X_CH3OCH3,two_end_boundary_X_CH3OCH3,two_max_boundary_X_CH3OCH3,two_end_core_X_O2,two_max_core_X_O2,two_end_boundary_X_O2,two_max_boundary_X_O2,two_branch,single_branch,single_gross_imep_bar,single_peak_pressure_bar,single_peak_temperature_K,single_max_pressure_rise_bar_per_deg,single_max_fuel_consumed_fraction,single_CA50_deg_atdc,two_minus_single_imep_bar,two_minus_single_fuel_consumed_fraction,two_zone_v6_gross_indicated_power_W,single_zone_v6_gross_indicated_power_W,compressor_electrical_power_W,two_zone_power_proxy_W,single_zone_power_proxy_W,mechanical_peak_net_gas_force_N,mechanical_rod_angle_at_peak_pressure_deg,mechanical_gas_only_rod_force_N,mechanical_crankpin_projected_area_mm2,mechanical_gas_only_projected_bearing_pressure_MPa,mechanical_reference_bearing_pressure_MPa,mechanical_required_crankpin_projected_area_mm2,mechanical_required_bearing_width_at_reference_pressure_mm,mechanical_thick_wall_inner_hoop_stress_MPa,mechanical_wall_allowable_stress_MPa,mechanical_required_wall_thickness_at_allowable_mm,mechanical_pressure_rise_bar_per_ms,mechanical_estimated_ringing_intensity_MW_m2,mechanical_estimated_first_radial_acoustic_frequency_kHz,mechanical_mechanical_note,run_id
anchor_clearance_eccentricity,skeletal_39,shared,0.4,2.3,2.0,0.0,0.2,10.0,5e-05,0.125,ok,,5e-05,1,experimental-pressure-coupled-two-zone,dme_luo_sk39,mechanisms/dme_luo_sk39.yaml,"CH3OCH3:0.25, CH4:0.75",0.2,0.2,10.0,100.0,5e-05,0.0,47.51269605063399,0.875,4.83619876855488,-10.5,914.5001554675493,828.7616301179589,914.5001554675493,484.31690136167646,538.7977516785812,-11.133059619639644,-8.655941173172005,11.968619056064894,0.40084890572441995,0.40084890572441995,0.33911711598580174,0.061731789738618204,68.13245170218697,1.7152532236674838,0.6813245170218697,-37.57260140243784,222.33883011929487,1.2246802089407107,0.9815661694897575,0.022574262170611172,0.0,1.2852302502921893e-06,0.07237914403523085,0.06474956967183362,0.2170588369663976,"Experimental two-reactor spatial bracket. Pressure equalization, zone mass, mixing time, interface heat transfer, and leakage allocation are model inputs, not calibrated measurements. Gross work excludes gas exchange and friction.",0.7437222648845045,0.7437222648845045,-6.19140577060881e-08,0.7437187706698356,0.07265127729849515,0.07265108771145613,9.127287730125071e-09,0.07265158077626106,0.00833337991390358,0.008723458914183036,0.008147925702152468,0.008147925702152468,0.0007632911445963652,0.0008091521616546063,0.000742108773246134,0.000742108773246134,0.0025134409147729696,0.002908833515275766,0.0024817374219333814,0.0024817374219333814,0.024825854673603653,0.027002700270033497,0.024863554974622077,0.027002700270029663,0.0022214698322725354,0.009000900090009001,0.0023032234008236664,0.009000900090009003,0.18479159340758633,0.20252025202520252,0.18504518024475117,0.20252025202520252,cool_partial_candidate,rapid_heat_release,9.782099906014295,105.79350613848784,1976.0490682677043,93.50224368152584,0.9932336061535716,0.17895408537970647,-8.066846682346812,-0.5923847004291516,4.087947102131218,23.313587994924156,10.773535931219865,-6.685588829088647,12.540052063704291,263.93637423170895,0.2734279093273754,263.93937971135114,6.0,43.989896618558525,50.0,5.278787594227023,2.6393937971135113,12.924584580440316,80.0,0.26037288851300194,34.820631133595136,1.4332923389092427,40.27466777461321,"Gas-only screening loads. Add inertia, fatigue, stress concentrations, thermal distortion, fasteners, piston/pin/rod FEA, and hydrodynamic or mixed-lubrication bearing analysis before setting a pressure limit.",1
anchor_clearance_eccentricity,skeletal_39,shared,0.4,2.3,2.0,0.5,0.2,10.0,5e-05,0.125,ok,,5e-05,1,experimental-pressure-coupled-two-zone,dme_luo_sk39,mechanisms/dme_luo_sk39.yaml,"CH3OCH3:0.25, CH4:0.75",0.2,0.2,10.0,100.0,5e-05,0.0,47.278511156124125,0.625,4.794581808954234,-10.375,912.019305311593,827.9600973841469,912.019305311593,482.29044284031346,538.4358522787924,-11.05408287851094,-8.91724828914834,11.29826279480101,0.39410323074735043,0.39410323074735043,0.33264503168191567,0.06145819906543476,63.30266658806347,1.5936620541197768,0.6330266658806347,-39.62177291914115,217.36419120191778,1.2246802089407107,0.9748567301674989,0.03079098263040573,0.0,1.4823215145452377e-06,0.0723793705825659,0.06377993019179533,0.21748228499659167,"Experimental two-reactor spatial bracket. Pressure equalization, zone mass, mixing time, interface heat transfer, and leakage allocation are model inputs, not calibrated measurements. Gross work excludes gas exchange and friction.",0.7320818561167582,0.7320818561167582,-5.606449053805933e-08,0.7320786920313711,0.0705908360074458,0.07059064390483868,1.2586737056249292e-08,0.0705913238524019,0.0081035713330155,0.008463157198912349,0.007932770858539901,0.007932770858539901,0.0007316029218788606,0.0007729623249806777,0.0007125413447196906,0.0007125413447196906,0.002531370332433929,0.002896545507507128,0.0024975431575599972,0.0024975431575599972,0.024882063079720258,0.027002700270033576,0.024916102530670375,0.027002700270029656,0.002309235838695266,0.009000900090009001,0.0023855972781408634,0.009000900090009003,0.18510138272952623,0.20252025202520252,0.1853353859125246,0.20252025202520252,cool_partial_candidate,rapid_heat_release,9.609212908839869,105.19986606320272,1973.9142973604635,91.20312716233434,0.9906661954123112,0.7864894295372047,-8.015550854720091,-0.5965629646649607,3.7981599952838083,22.901548017768935,10.773535931219865,-6.975375935936056,12.12801208654907,262.60749164254486,0.1953090048544969,262.60901737536346,6.0,43.76816956256058,50.0,5.252180347507269,2.6260901737536346,12.86088071330281,80.0,0.25904810604759476,34.52098902447049,1.4137869502307467,40.22000224515665,"Gas-only screening loads. Add inertia, fatigue, stress concentrations, thermal distortion, fasteners, piston/pin/rod FEA, and hydrodynamic or mixed-lubrication bearing analysis before setting a pressure limit.",2
anchor_clearance_eccentricity,skeletal_39,shared,0.4,2.3,3.0,0.0,0.2,10.0,5e-05,0.125,ok,,5e-05,1,experimental-pressure-coupled-two-zone,dme_luo_sk39,mechanisms/dme_luo_sk39.yaml,"CH3OCH3:0.25, CH4:0.75",0.2,0.2,10.0,100.0,5e-05,0.0,46.0991838313524,0.0,4.653505926799767,-9.875,901.1335686339846,823.4160678634621,901.1335686339846,473.93848770622697,537.1291300250653,-10.592507272261939,-9.152090078837237,8.358092642991492,0.36583144671550927,0.36583144671550927,0.3057898961710815,0.06004155054442782,41.433006826561204,1.0430873504470521,0.41433006826561203,-48.30457012897699,197.74979507164088,1.2246802089407107,0.9407625882408367,0.07254370019888436,0.0,3.185611434477958e-06,0.07238057879357192,0.06482325795481893,0.21920361598123522,"Experimental two-reactor spatial bracket. Pressure equalization, zone mass, mixing time, interface heat transfer, and leakage allocation are model inputs, not calibrated measurements. Gross work excludes gas exchange and friction.",0.6821941008657982,0.6821941008657982,-2.7911078849946406e-08,0.6821925256613172,0.06300983684849816,0.06300963213283232,3.9325867057049904e-08,0.06301175655374908,0.007214889040568927,0.007457217881832989,0.007099380473817788,0.007099380473817788,0.0006163357126919618,0.0006411233569774395,0.0006048897860061886,0.0006048897860061886,0.0025539569954956616,0.0028262925755133572,0.0025140190551749403,0.0025140190551749403,0.025085629917838907,0.02700270027003346,0.025106829065309418,0.027002700270029642,0.002675328103650712,0.009000900090009001,0.0027294891134447287,0.009000900090009003,0.18633198043330224,0.20252025202520252,0.18648967257745608,0.20252025202520252,cool_partial_candidate,rapid_heat_release,8.748091412923065,101.45605203757862,1958.4636569390002,77.660494490156,0.9766327556280844,2.9159913111064064,-7.7050040624760125,-0.6108013089125751,2.4859804095936724,20.84924514187682,10.773535931219865,-8.287555521626192,10.075709210656957,255.91539669724682,0.0,255.91539669724682,6.0,42.6525661162078,50.0,5.118307933944936,2.559153966972468,12.540075601742885,80.0,0.2523832634622062,33.505242672958325,1.3577073480901083,39.97925149607199,"Gas-only screening loads. Add inertia, fatigue, stress concentrations, thermal distortion, fasteners, piston/pin/rod FEA, and hydrodynamic or mixed-lubrication bearing analysis before setting a pressure limit.",3
anchor_clearance_eccentricity,skeletal_39,shared,0.4,2.3,3.0,0.5,0.2,10.0,5e-05,0.125,ok,,5e-05,1,experimental-pressure-coupled-two-zone,dme_luo_sk39,mechanisms/dme_luo_sk39.yaml,"CH3OCH3:0.25, CH4:0.75",0.2,0.2,10.0,100.0,5e-05,0.0,45.401488225750725,-0.25,4.552284991051096,-9.5,895.5582860298422,820.2685809339938,895.5582860298422,469.9672860202301,536.628890811972,-10.281643767655142,-8.973297569887889,6.853597801016728,0.3522569773345566,0.3522569773345566,0.2930923412355299,0.05916463609902671,29.85935878826492,0.7517175756728484,0.2985935878826492,-52.56620265370995,188.96676098225547,1.2246802089407107,0.9205293989946236,0.09732039197278033,0.0,5.680271127898493e-06,0.07238134332935646,0.06482411656485368,0.22001174661978648,"Experimental two-reactor spatial bracket. Pressure equalization, zone mass, mixing time, interface heat transfer, and leakage allocation are model inputs, not calibrated measurements. Gross work excludes gas exchange and friction.",0.6577409087209773,0.6577409087209773,1.062862754233834e-08,0.6577415085638506,0.05984847176710386,0.059848258370085845,7.742091096526978e-08,0.05985244072167668,0.006831787388231533,0.007023992899808715,0.006739501665367703,0.006739501665367703,0.0005699442643211003,0.000587898381783118,0.0005615656586017971,0.0005615656586017971,0.0025354721075218274,0.0027790107059108876,0.002493897165592198,0.002493897165592198,0.02516780448097563,0.027002700270033445,0.02518402708497138,0.027002700270029628,0.0028473513971152865,0.009000900090009001,0.002891160641252743,0.009000900090009003,0.18688157861686636,0.20252025202520252,0.18700568825764696,0.20252025202520252,cool_partial_candidate,rapid_heat_release,8.249981276623862,98.51334668171421,1945.7900541689032,78.67600369656861,0.9673963142904812,3.868429907530788,-7.498263700951013,-0.6151393369559246,1.7915615272958954,19.66210387309512,10.773535931219865,-8.981974403923969,8.888567941875255,251.95632177586543,-0.0781247763105524,251.95655599798636,6.0,41.99275933299773,50.0,5.039131119959727,2.5195655599798634,12.350285785219095,80.0,0.2484454859572492,32.776451935567884,1.3151642742792464,39.85538447695013,"Gas-only screening loads. Add inertia, fatigue, stress concentrations, thermal distortion, fasteners, piston/pin/rod FEA, and hydrodynamic or mixed-lubrication bearing analysis before setting a pressure limit.",4
anchor_clearance_eccentricity,skeletal_39,shared,0.4,2.3,5.0,0.0,0.2,10.0,5e-05,0.125,ok,,5e-05,1,experimental-pressure-coupled-two-zone,dme_luo_sk39,mechanisms/dme_luo_sk39.yaml,"CH3OCH3:0.25, CH4:0.75",0.2,0.2,10.0,100.0,5e-05,0.0,39.28261053870418,-2.25,3.521370301843234,-6.0,858.8145883310149,768.1353318684521,858.8145883310149,450.73696166423923,535.7291512649819,-7.069733054492814,-5.744572634470558,5.305387325192928,0.2841085833409095,0.28410855055993456,0.23393407525674798,0.0501744753031866,-37.49810760111382,-0.9440251794458191,-0.3749810760111382,-74.84773835297818,149.69512686081544,1.2246802089407107,0.7779368007042221,0.2719515056715698,0.0,4.899640026231037e-06,0.07238797759228939,0.06505106316686725,0.2237379071348304,"Experimental two-reactor spatial bracket. Pressure equalization, zone mass, mixing time, interface heat transfer, and leakage allocation are model inputs, not calibrated measurements. Gross work excludes gas exchange and friction.",0.532459041279389,0.532459041279389,1.3568165716097267e-08,0.532459807019601,0.04638898102266592,0.046387867459214714,6.766120089161025e-08,0.04639152258194143,0.005379037941877264,0.005380862182127808,0.005377762366807658,0.005377762366807658,0.00041722715614717114,0.00041722715614717114,0.0004217984651629037,0.00047252378929862746,0.002165468238440337,0.002386949891951461,0.0021092113873781653,0.0021092113873781653,0.02546930929361146,0.027002700270033323,0.02547002448274187,0.027002700270029597,0.003589684343656648,0.009000900090009001,0.003585513688740005,0.009000900090009003,0.18910223495899545,0.20252025202520252,0.1890791605311977,0.20252025202520252,no_positive_gross_work,no_positive_gross_work,-0.395125742501405,53.77787902856772,1151.946099969972,3.6811035106821492,0.6172224752491833,-3.4054511042701225,-0.5488994369444141,-0.3331138919082738,-2.2498864560668292,-0.9416995180352419,10.773535931219865,-13.023422387286693,-11.715235449255106,217.23473975171706,-0.7029619318991089,217.25109077252478,6.0,36.20851512875413,50.0,4.345021815450496,2.172510907725248,10.685805366778458,80.0,0.2140738486215146,25.353866173271285,0.8906704374681661,39.02921185040752,"Gas-only screening loads. Add inertia, fatigue, stress concentrations, thermal distortion, fasteners, piston/pin/rod FEA, and hydrodynamic or mixed-lubrication bearing analysis before setting a pressure limit.",5
anchor_clearance_eccentricity,skeletal_39,shared,0.4,2.3,5.0,0.5,0.2,10.0,5e-05,0.125,ok,,5e-05,1,experimental-pressure-coupled-two-zone,dme_luo_sk39,mechanisms/dme_luo_sk39.yaml,"CH3OCH3:0.25, CH4:0.75",0.2,0.2,10.0,100.0,5e-05,0.0,37.0171453285426,-1.375,2.886742065971248,-3.375,847.9067271855112,686.9170771231755,847.9067271855112,443.36515812947584,535.8983627154511,-4.9564370165363885,-3.422972249739118,4.523164785699709,0.2354400362453687,0.2354400362453687,0.21725635364584295,0.01818368259952574,-63.87819251028659,-1.6081510776134922,-0.6387819251028659,-91.57655899248931,122.34042504837795,1.2246802089407107,0.7197893875301585,0.3431628863692265,0.0,5.505057743464763e-06,0.07239151565008477,0.06365605661207169,0.22369220120481015,"Experimental two-reactor spatial bracket. Pressure equalization, zone mass, mixing time, interface heat transfer, and leakage allocation are model inputs, not calibrated measurements. Gross work excludes gas exchange and friction.",0.4422691275093333,0.4422691275093333,3.3575124447204605e-08,0.44227102237290217,0.03746486040684372,0.037463568721846786,7.819818314091041e-08,0.037467793062423385,0.004504369280025015,0.00486674591236081,0.004348542262584753,0.004348542262584753,0.0003270022353459271,0.0003565053415416918,0.0003143412252461566,0.0003143412252461566,0.0018807325359041557,0.0022218574088760565,0.0017920387338863728,0.0017920387338863728,0.02569528198159401,0.02700270027003336,0.025742291835943072,0.027002700270029583,0.00424989928041718,0.009000900090009001,0.004378373051336748,0.009000900090009003,0.19094563997895317,0.20252025202520252,0.1912913689491063,0.20252025202520252,no_positive_gross_work,no_positive_gross_work,-1.497795317680616,43.35366466247501,1036.7698343851812,3.607354816950462,0.5430544297656955,-1.8032957925612751,-0.11035575993287616,-0.3076143935203268,-3.8326915506171955,-3.569681691316943,10.773535931219865,-14.60622748183706,-14.343217622536807,204.37935349616208,-0.42965028379372305,204.38509997937305,6.0,34.064183329895506,50.0,4.087701999587461,2.0438509997937304,10.069544889966647,80.0,0.20142148571943452,20.784542874992987,0.6311482120688694,38.78056349619662,"Gas-only screening loads. Add inertia, fatigue, stress concentrations, thermal distortion, fasteners, piston/pin/rod FEA, and hydrodynamic or mixed-lubrication bearing analysis before setting a pressure limit.",6
anchor_clearance_eccentricity,skeletal_39,lower_overlap,0.35,2.6,2.0,0.0,0.2,10.0,5e-05,0.125,ok,,5e-05,1,experimental-pressure-coupled-two-zone,dme_luo_sk39,mechanisms/dme_luo_sk39.yaml,"CH3OCH3:0.25, CH4:0.75",0.2,0.2,10.0,100.0,5e-05,0.0,53.129011070347055,0.5,4.965496377281795,-10.25,900.6505251566319,827.7192448757684,900.6505251566319,472.89349793123216,533.8356961176929,-10.920129526638046,-9.429420886136347,8.636780287467051,0.3915311403815911,0.3915311403815911,0.32749313710323097,0.06403800327836016,64.4211594137308,1.621820418848244,0.6442115941373081,-54.542256561385585,216.20338660352243,1.3855371398485976,0.9793562214400665,0.028600465152462177,0.0,2.2567491358747597e-06,0.06615083174749335,0.06485118451621105,0.2196167414354353,"Experimental two-reactor spatial bracket. Pressure equalization, zone mass, mixing time, interface heat transfer, and leakage allocation are model inputs, not calibrated measurements. Gross work excludes gas exchange and friction.",0.7258413460194478,0.7258413460194478,-4.736192669476768e-08,0.7258386558652185,0.07153018486460914,0.07152995889993916,2.0259532549157923e-08,0.07153106038645679,0.006871408037757966,0.0071205699624858725,0.006754841075124065,0.006754841075124065,0.0006413959188573273,0.0006731934078592619,0.0006270545002512704,0.0006270545002512704,0.0020732982408545398,0.002321163791270373,0.002047271528334818,0.002047271528334818,0.02188197091847748,0.023734177215192935,0.021906129744820525,0.02373417721519149,0.0020972869402070887,0.007911392405063292,0.0021500224962650374,0.007911392405063292,0.1881668388475154,0.2034358047016275,0.18833180921647785,0.20343580470162928,cool_partial_candidate,rapid_heat_release,10.269664465283462,101.89548288516855,1803.565880032763,34.16718478489173,0.9915139934328714,7.950098507397671,-8.647844046435218,-0.5999828530512803,3.8652695648238486,24.475596087761097,14.240395623558312,-10.375126058734462,10.235200464202785,295.8061635303654,0.15624821048503815,295.80726345621406,6.0,49.30121057603568,50.0,5.916145269124281,2.9580726345621406,14.452355987588453,80.0,0.2922756938101689,35.751573916428924,1.3409606628487347,39.96853482431929,"Gas-only screening loads. Add inertia, fatigue, stress concentrations, thermal distortion, fasteners, piston/pin/rod FEA, and hydrodynamic or mixed-lubrication bearing analysis before setting a pressure limit.",7
anchor_clearance_eccentricity,skeletal_39,lower_overlap,0.35,2.6,2.0,0.5,0.2,10.0,5e-05,0.125,ok,,5e-05,1,experimental-pressure-coupled-two-zone,dme_luo_sk39,mechanisms/dme_luo_sk39.yaml,"CH3OCH3:0.25, CH4:0.75",0.2,0.2,10.0,100.0,5e-05,0.0,52.842663569163896,0.375,4.9494646640197,-10.125,898.6115034971926,826.8273062436417,898.6115034971926,471.3926314279996,533.6124563653262,-10.821885002942768,-9.39468699558201,8.105679107255813,0.38637421833529795,0.38637421833529795,0.32264629683373797,0.06372792150155997,59.48693844496172,1.4976000479159999,0.5948693844496172,-56.23881983524015,212.63681224945304,1.3855371398485976,0.9718595542689306,0.038987408896863134,0.0,2.2237954276938066e-06,0.06615107757153979,0.06447451723346152,0.21992797579484824,"Experimental two-reactor spatial bracket. Pressure equalization, zone mass, mixing time, interface heat transfer, and leakage allocation are model inputs, not calibrated measurements. Gross work excludes gas exchange and friction.",0.7168036065002943,0.7168036065002943,-4.92784770789249e-08,0.7168008074861327,0.07008797766776063,0.07008774898473552,1.9845699356183784e-08,0.07008882797163812,0.006737695024428551,0.006969912240197237,0.0066289639950805656,0.0066289639950805656,0.000622294823979014,0.0006514157516438232,0.0006091551240966861,0.0006091551240966861,0.0020736593872916673,0.0023089347634177647,0.0020469167679294346,0.0020469167679294346,0.02191413782379094,0.02373417721519295,0.02193636962615327,0.023734177215191495,0.002152258751298463,0.007911392405063292,0.0022018487139772447,0.00791139240506329,0.18835632956119566,0.2034358047016275,0.1885102589253229,0.20343580470162756,cool_partial_candidate,rapid_heat_release,10.047204177287743,99.22953437693123,1792.5064934484378,29.862376004824,0.9882365725111264,8.767407343959594,-8.549604129371742,-0.6018623541758285,3.5692163066977036,23.945408546293066,14.240395623558312,-10.67117931686061,9.705012922734754,294.18128413936387,0.11718674504822314,294.1818994543875,6.0,49.030316575731256,50.0,5.883637989087751,2.9418189945438753,14.374462649468988,80.0,0.2906429871704277,35.63614558094184,1.3380181994724012,39.923265941332645,"Gas-only screening loads. Add inertia, fatigue, stress concentrations, thermal distortion, fasteners, piston/pin/rod FEA, and hydrodynamic or mixed-lubrication bearing analysis before setting a pressure limit.",8
anchor_clearance_eccentricity,skeletal_39,lower_overlap,0.35,2.6,3.0,0.0,0.2,10.0,5e-05,0.125,ok,,5e-05,1,experimental-pressure-coupled-two-zone,dme_luo_sk39,mechanisms/dme_luo_sk39.yaml,"CH3OCH3:0.25, CH4:0.75",0.2,0.2,10.0,100.0,5e-05,0.0,51.40318427696117,-0.375,4.7482601407253355,-9.5,889.0902320812722,821.7716718477034,889.0902320812722,464.67034744946034,532.7721100994131,-10.267393452591888,-8.997998956166107,5.593153074824532,0.36330241823534365,0.36330241823534365,0.30118640441943884,0.06211601381590482,36.04161469267308,0.9073575696059162,0.3604161469267308,-63.96923634272883,197.35434878463644,1.3855371398485976,0.9339323782167717,0.09153293505152918,0.0,6.208670603892504e-06,0.06615238859360223,0.06380030115201177,0.2213472811918279,"Experimental two-reactor spatial bracket. Pressure equalization, zone mass, mixing time, interface heat transfer, and leakage allocation are model inputs, not calibrated measurements. Gross work excludes gas exchange and friction.",0.6758128700040471,0.6758128700040471,6.1236222238680164e-09,0.6758132178253748,0.06416816859681253,0.06416792546523829,7.359492826479737e-08,0.06417192673333544,0.006179580460025013,0.0063418701344137955,0.006102922223733121,0.006102922223733121,0.0005458023373046375,0.000564074624918998,0.0005374710442487599,0.0005374710442487599,0.002050394498580779,0.0022421256387265154,0.002021486750307863,0.002021486750307863,0.022043206053552426,0.023734177215192907,0.022057921709071473,0.023734177215191495,0.0023941515771474338,0.007911392405063292,0.002429947903435718,0.007911392405063304,0.18916486984958286,0.2034358047016275,0.18927221036527933,0.20343580470162748,cool_partial_candidate,cool_partial_candidate,4.911257742915928,71.0347905134205,1239.7333330759006,4.287912284958054,0.8852242561668892,-3.830673724785284,-4.0039001733100115,-0.5219218379315456,2.1624968815603847,11.704955035761392,14.240395623558312,-12.077898741997927,-2.53544058779692,286.01295640467356,-0.11718674504822314,286.0135546346716,6.0,47.66892577244527,50.0,5.720271092693432,2.860135546346716,13.982890008673365,80.0,0.28244536148499044,34.187473013222416,1.25920425716538,39.711198482936624,"Gas-only screening loads. Add inertia, fatigue, stress concentrations, thermal distortion, fasteners, piston/pin/rod FEA, and hydrodynamic or mixed-lubrication bearing analysis before setting a pressure limit.",9
anchor_clearance_eccentricity,skeletal_39,lower_overlap,0.35,2.6,3.0,0.5,0.2,10.0,5e-05,0.125,ok,,5e-05,1,experimental-pressure-coupled-two-zone,dme_luo_sk39,mechanisms/dme_luo_sk39.yaml,"CH3OCH3:0.25, CH4:0.75",0.2,0.2,10.0,100.0,5e-05,0.0,50.55310551031674,-0.625,4.622533199081033,-9.0,883.9501130502412,818.2701823185629,883.9501130502412,461.2217403705994,532.4519196732551,-9.899272777226638,-8.652847057842793,4.2246647381847655,0.35152781044255094,0.35152781044255094,0.2904120041999126,0.06111580624263833,23.174683978773825,0.5834290475237814,0.23174683978773825,-68.01180021379264,189.94130144523422,1.3855371398485976,0.9115651988320654,0.1225236986402715,0.0,6.002833028118563e-06,0.06615321819013684,0.06351845301753764,0.22209455614859297,"Experimental two-reactor spatial bracket. Pressure equalization, zone mass, mixing time, interface heat transfer, and leakage allocation are model inputs, not calibrated measurements. Gross work excludes gas exchange and friction.",0.654604016374717,0.654604016374717,6.382247865679246e-09,0.6546043788859636,0.06142401574779862,0.06142376234080433,7.132887951014899e-08,0.06142764040654497,0.005920886317730633,0.006051215465609055,0.005858788745851798,0.005858788745851798,0.0005121807098744736,0.000525546153898236,0.0005060020466459885,0.0005060020466459885,0.0020234614715274844,0.002199659424676272,0.001993894824749407,0.001993894824749407,0.02210058513048778,0.02373417721519294,0.022112088367471663,0.023734177215191495,0.002513189899893372,0.007911392405063292,0.002542172215895609,0.00791139240506329,0.18954998933789124,0.2034358047016275,0.1896352621281999,0.20343580470162756,cool_partial_candidate,cool_partial_candidate,2.74771181313002,69.25249692864571,1196.8831309190866,4.277749864437965,0.755814049463142,-6.066408011767093,-2.1642827656062384,-0.4042862390205911,1.3904810387264295,6.548596084232806,14.240395623558312,-12.849914584831883,-7.691799539325506,281.1891829722489,-0.1953090048544969,281.1908166635119,6.0,46.86513611058532,50.0,5.623816333270238,2.811908166635119,13.751648344175445,80.0,0.2776121342094465,33.28223903338344,1.209958275036957,39.59624042975474,"Gas-only screening loads. Add inertia, fatigue, stress concentrations, thermal distortion, fasteners, piston/pin/rod FEA, and hydrodynamic or mixed-lubrication bearing analysis before setting a pressure limit.",10
anchor_clearance_eccentricity,skeletal_39,lower_overlap,0.35,2.6,5.0,0.0,0.2,10.0,5e-05,0.125,ok,,5e-05,1,experimental-pressure-coupled-two-zone,dme_luo_sk39,mechanisms/dme_luo_sk39.yaml,"CH3OCH3:0.25, CH4:0.75",0.2,0.2,10.0,100.0,5e-05,0.0,43.23199119653075,-2.0,3.2676982091116997,-4.625,847.5690573726578,753.1914125294661,847.5690573726578,443.1153330552502,532.357987526619,-5.999088350053255,-4.519648043172685,5.995477812165218,0.28562700220999343,0.28562675974808266,0.23567904357512656,0.04994771617295604,-53.95164066511393,-1.3582474028307412,-0.5395164066511393,-90.9422283796014,152.1554646956202,1.3855371398485976,0.757163780293349,0.3364537934899439,0.0,4.8078140552749475e-06,0.06616041710123012,0.06382503037800971,0.22613295355649213,"Experimental two-reactor spatial bracket. Pressure equalization, zone mass, mixing time, interface heat transfer, and leakage allocation are model inputs, not calibrated measurements. Gross work excludes gas exchange and friction.",0.5341788390211235,0.5341788390211235,9.302919368191734e-09,0.5341793674263138,0.0477151074742394,0.04771311641392393,5.789305842463543e-08,0.047716263990165715,0.004833861422963867,0.004836211786221155,0.004832401428170512,0.004832401428170512,0.0003931717014359955,0.0003931717014359955,0.000397388865523638,0.0004409816819896107,0.001678544169187052,0.0018647858402882946,0.001633079532854972,0.001633079532854972,0.022343266633991575,0.02373417721519293,0.02234552977034683,0.02373417721519147,0.003059966567984785,0.007911392405063292,0.0030562125110089045,0.007911392405063295,0.19125081339603137,0.2034358047016275,0.1912348848341398,0.2034358047016293,no_positive_gross_work,no_positive_gross_work,-1.0472156007415963,52.90152504887833,1070.0993705562125,4.079152289556006,0.5776823976577733,-3.0030300249235182,-0.31103180208914494,-0.29205539544777986,-3.237098439906836,-2.4958192302386903,14.240395623558312,-17.477494063465148,-16.736214853797,239.64550712914104,-0.6248854718357056,239.6597604614639,6.0,39.94329341024398,50.0,4.793195209229278,2.396597604614639,11.760130938580089,80.0,0.23622535042468804,23.52742710560424,0.692325720033943,38.772840754297974,"Gas-only screening loads. Add inertia, fatigue, stress concentrations, thermal distortion, fasteners, piston/pin/rod FEA, and hydrodynamic or mixed-lubrication bearing analysis before setting a pressure limit.",11
anchor_clearance_eccentricity,skeletal_39,lower_overlap,0.35,2.6,5.0,0.5,0.2,10.0,5e-05,0.125,ok,,5e-05,1,experimental-pressure-coupled-two-zone,dme_luo_sk39,mechanisms/dme_luo_sk39.yaml,"CH3OCH3:0.25, CH4:0.75",0.2,0.2,10.0,100.0,5e-05,0.0,40.002485669347706,0.375,2.326791053804243,-1.25,832.8905469672745,683.09534369826,832.8905469672745,435.65140984930275,532.7730359287925,-3.269363152689341,-1.3913841826666455,2.0663597431249614,0.23027407574995712,0.23027407574995712,0.21849507329998424,0.011779002449972887,-84.22692737713145,-2.120436078459722,-0.8422692737713144,-109.31705643444302,121.18876266755558,1.3855371398485976,0.6958790513540776,0.4213654770747541,0.0,5.392280159560185e-06,0.06616425635033578,0.06531593748216814,0.22635232839479089,"Experimental two-reactor spatial bracket. Pressure equalization, zone mass, mixing time, interface heat transfer, and leakage allocation are model inputs, not calibrated measurements. Gross work excludes gas exchange and friction.",0.43152348232648324,0.43152348232648324,2.9423965963717392e-08,0.43152515360575777,0.03763931428660096,0.03763847327382049,6.713771846305087e-08,0.037642123471155316,0.003995830981813895,0.004435902151473322,0.0038207350710998465,0.0038207350710998465,0.0003099497846374351,0.0003466884710032293,0.00029503902946350903,0.00029503902946350903,0.0014322990223667796,0.0017118725068508995,0.001362173106559142,0.001362173106559142,0.02256256297866895,0.023734177215192817,0.022614304066566105,0.023734177215191426,0.003722149854817154,0.007911392405063292,0.003876420358332744,0.007911392405063292,0.19308642128575454,0.2034358047016275,0.19349630074331736,0.20343580470162884,no_positive_gross_work,no_positive_gross_work,-3.1347437020990707,46.49323536126033,928.2093370174747,3.97244493925416,0.39984520327092693,-25.392049045948617,1.0143076236393487,-0.1695711275209698,-5.053615642627887,-7.471005596200072,14.240395623558312,-19.2940112661862,-21.711401219758386,221.31967242633115,0.11718674504822314,221.32013534265795,6.0,36.88668922377632,50.0,4.426402706853159,2.2132013534265793,10.88162854219756,80.0,0.21810252337798544,16.75289558739055,0.3760677025507615,38.435633300852494,"Gas-only screening loads. Add inertia, fatigue, stress concentrations, thermal distortion, fasteners, piston/pin/rod FEA, and hydrodynamic or mixed-lubrication bearing analysis before setting a pressure limit.",12
anchor_clearance_eccentricity,skeletal_39,mechanism_divergent,0.35,3.0,2.0,0.0,0.2,10.0,5e-05,0.125,ok,,5e-05,1,experimental-pressure-coupled-two-zone,dme_luo_sk39,mechanisms/dme_luo_sk39.yaml,"CH3OCH3:0.25, CH4:0.75",0.2,0.2,10.0,100.0,5e-05,0.0,61.68525864965436,1.0,6.046136138474054,-9.25,910.1337305787957,839.0960023028493,910.1337305787957,479.5147217322956,532.8063254152918,-9.997394505672327,-8.087270958984288,11.431758077258808,0.42699278110809175,0.42699278110809175,0.359756390826104,0.06723639028198773,90.72156690175181,2.2839404160088397,0.9072156690175182,-55.28512403320464,281.97129170627716,1.598696699825305,0.9761724080984564,0.038089940455529325,0.0,3.1520822526155662e-06,0.05909043198182364,0.06565976135604364,0.21688146496729774,"Experimental two-reactor spatial bracket. Pressure equalization, zone mass, mixing time, interface heat transfer, and leakage allocation are model inputs, not calibrated measurements. Gross work excludes gas exchange and friction.",0.7842512859449479,0.7842512859449479,-5.996175674211964e-08,0.7842483342310544,0.08502579341225708,0.08502552520563933,2.8057823328492286e-08,0.08502684727985292,0.00799769586245879,0.008361481834518243,0.007826662172492673,0.007826662172492673,0.000855894330632341,0.0009125139457446528,0.0008301050622502509,0.0008301050622502509,0.0018797337099148758,0.002227912221604094,0.0018671825800432294,0.0018671825800432294,0.02153332603931396,0.02373417721519349,0.02157450110838302,0.023734177215192057,0.0016187632556022022,0.007911392405063292,0.0016897367218233982,0.00791139240506329,0.1863681211902112,0.2034358047016275,0.18661054928254972,0.20343580470162756,cool_partial_candidate,rapid_heat_release,12.444509597597383,126.52731795827688,1843.1892435777402,56.86138892754224,0.9910246765840826,2.899020986683491,-10.160569181588544,-0.5640318954759909,5.443294014105109,29.658884323895265,19.301469920133798,-13.858175906028688,10.357414403761467,344.35860522612955,0.3124856839001169,344.3637267749069,6.0,57.39395446248449,50.0,6.887274535498139,3.4436372677490694,16.779859049340498,80.0,0.34137211028268005,43.53218019701319,1.7213585325612657,40.17840386107238,"Gas-only screening loads. Add inertia, fatigue, stress concentrations, thermal distortion, fasteners, piston/pin/rod FEA, and hydrodynamic or mixed-lubrication bearing analysis before setting a pressure limit.",13
anchor_clearance_eccentricity,skeletal_39,mechanism_divergent,0.35,3.0,2.0,0.5,0.2,10.0,5e-05,0.125,ok,,5e-05,1,experimental-pressure-coupled-two-zone,dme_luo_sk39,mechanisms/dme_luo_sk39.yaml,"CH3OCH3:0.25, CH4:0.75",0.2,0.2,10.0,100.0,5e-05,0.0,61.28849134377715,0.75,6.001323512003694,-9.125,906.9623287965002,838.0835526538159,906.9623287965002,476.9574106942443,532.2726132466129,-9.88302754583757,-8.146669943686222,10.656193451395234,0.4186147456597696,0.4186147456597696,0.35182813457466255,0.066786611085107,82.89000604667795,2.0867787160052815,0.8289000604667796,-58.20282924326125,274.40184495094275,1.598696699825305,0.9675698232528702,0.05184374244978566,0.0,2.2740906021283987e-06,0.05909069606033212,0.06350660774092623,0.2174632653026644,"Experimental two-reactor spatial bracket. Pressure equalization, zone mass, mixing time, interface heat transfer, and leakage allocation are model inputs, not calibrated measurements. Gross work excludes gas exchange and friction.",0.7703762490570587,0.7703762490570587,-7.049756432215808e-08,0.7703727787010959,0.081909484752788,0.0819092105352142,1.683688365468813e-08,0.08191000388291825,0.00774249890657983,0.008074670394242728,0.007586629051054515,0.007586629051054515,0.0008116615167982702,0.0008623302099181443,0.0007886768663626333,0.0007886768663626333,0.0019014608104909857,0.0022154891181363208,0.0018866418203594417,0.0018866418203594417,0.021606234134314267,0.02373417721519343,0.021642870579378155,0.023734177215192068,0.0017077898989424486,0.007911392405063292,0.0017738200076070777,0.007911392405063295,0.18671560447569044,0.2034358047016275,0.18693784009452125,0.2034358047016288,cool_partial_candidate,rapid_heat_release,12.162638409451915,125.07441881597045,1838.4893785080055,54.63327562448933,0.9875995684555214,3.350824396859641,-10.075859693446635,-0.5689848227957519,4.973400362800677,28.987103335027744,19.301469920133798,-14.32806955733312,9.685633414893946,342.107148462305,0.23436896039048585,342.1100105972327,6.0,57.01833509953878,50.0,6.842200211944654,3.421100105972327,16.671928895301285,80.0,0.33908201711221797,43.209529286426594,1.703939022849342,40.10834104890277,"Gas-only screening loads. Add inertia, fatigue, stress concentrations, thermal distortion, fasteners, piston/pin/rod FEA, and hydrodynamic or mixed-lubrication bearing analysis before setting a pressure limit.",14
anchor_clearance_eccentricity,skeletal_39,mechanism_divergent,0.35,3.0,3.0,0.0,0.2,10.0,5e-05,0.125,ok,,5e-05,1,experimental-pressure-coupled-two-zone,dme_luo_sk39,mechanisms/dme_luo_sk39.yaml,"CH3OCH3:0.25, CH4:0.75",0.2,0.2,10.0,100.0,5e-05,0.0,59.297573855405105,-0.125,5.67395716731599,-8.375,893.227557189322,832.2602472384415,893.227557189322,466.59466903846044,530.4205123368705,-9.209144275662897,-7.8534043131414535,7.269504252665523,0.3837915479413014,0.3837915479413014,0.3192741511333899,0.06451739680791146,47.96628241195301,1.207564361459877,0.4796628241195301,-70.42351976336536,245.19552155892634,1.598696699825305,0.9244371887833053,0.12079391861118155,0.0,8.098310470762261e-06,0.05909210444166383,0.0646103450277627,0.2199059192986637,"Experimental two-reactor spatial bracket. Pressure equalization, zone mass, mixing time, interface heat transfer, and leakage allocation are model inputs, not calibrated measurements. Gross work excludes gas exchange and friction.",0.7106955937677661,0.7106955937677661,1.3572459603212404e-08,0.7106962618939144,0.07087983123428915,0.07087953050525636,9.627004127440976e-08,0.07088406671384337,0.006774086522915389,0.006988782806034354,0.00667341879653787,0.00667341879653787,0.0006563163774349699,0.0006860825675120322,0.0006429018494198115,0.0006429018494198115,0.001932458207379933,0.002143783357086116,0.0019113751738183437,0.0019113751738183437,0.02185978795884012,0.02373417721519346,0.02188140438307182,0.02373417721519206,0.002079234138724881,0.007911392405063292,0.0021250740858338025,0.007911392405063295,0.18807374134659383,0.2034358047016275,0.1882198922660693,0.20343580470162748,cool_partial_candidate,rapid_heat_release,10.762871245920174,114.76106256678808,1804.045412896824,36.60405355472801,0.9686046692208186,6.47128496243302,-9.555306884460297,-0.5848131212795171,2.8779769447171804,25.651051234462038,19.301469920133798,-16.423492975416618,6.3495813143282405,330.80968372916243,-0.039062472038816624,330.80976061077524,6.0,55.134960101795876,50.0,6.616195212215505,3.3080976061077525,16.130351935666745,80.0,0.327610527747586,40.85249160467513,1.562285909949021,39.80348801572001,"Gas-only screening loads. Add inertia, fatigue, stress concentrations, thermal distortion, fasteners, piston/pin/rod FEA, and hydrodynamic or mixed-lubrication bearing analysis before setting a pressure limit.",15
anchor_clearance_eccentricity,skeletal_39,mechanism_divergent,0.35,3.0,3.0,0.5,0.2,10.0,5e-05,0.125,ok,,5e-05,1,experimental-pressure-coupled-two-zone,dme_luo_sk39,mechanisms/dme_luo_sk39.yaml,"CH3OCH3:0.25, CH4:0.75",0.2,0.2,10.0,100.0,5e-05,0.0,58.14778749616885,-0.5,5.437224909060831,-7.875,886.3993762419148,828.1948881528351,886.3993762419148,461.8022447988269,529.7698975270017,-8.747696248853758,-7.438438026343595,5.572115173950166,0.3674340581910018,0.3674340581910018,0.30427252222641166,0.06316153596459011,29.93627574098017,0.753653981127274,0.2993627574098017,-76.27942225378007,232.5673683730087,1.598696699825305,0.8992736784500343,0.1610243946239734,0.0,6.44322349925079e-06,0.05909299565034453,0.06486424408644427,0.22109223389564198,"Experimental two-reactor spatial bracket. Pressure equalization, zone mass, mixing time, interface heat transfer, and leakage allocation are model inputs, not calibrated measurements. Gross work excludes gas exchange and friction.",0.6818061366970203,0.6818061366970203,-4.13723383920642e-09,0.681805933035032,0.06651793527302358,0.06651761935591745,7.487079476956909e-08,0.06652114723995756,0.006373572972941017,0.006541189513602372,0.006294598755718936,0.006294598755718936,0.0005974652544404618,0.0006192211378412459,0.000587608780460612,0.000587608780460612,0.0019152584506763016,0.0020963277062755106,0.0018926258059307024,0.0018926258059307024,0.0219559778249113,0.023734177215193504,0.02197227763855412,0.023734177215192033,0.0022492128341098953,0.007911392405063292,0.002285981456644343,0.00791139240506329,0.18865788396114003,0.2034358047016275,0.18877251979277057,0.2034358047016277,cool_partial_candidate,rapid_heat_release,9.92191775376868,103.01935412700554,1760.4433904413893,21.480460472053892,0.9555835493302661,9.33034410536538,-9.168263772641406,-0.5881494911392644,1.7961765444588105,23.646814574922445,19.301469920133798,-17.505293375674988,4.345344654788647,324.2852190439175,-0.15624821048503815,324.28642486630645,6.0,54.04773747771774,50.0,6.485728497326129,3.2428642486630643,15.817582670088788,80.0,0.32100057028106466,39.148019345237984,1.4574054860918113,39.651059432625225,"Gas-only screening loads. Add inertia, fatigue, stress concentrations, thermal distortion, fasteners, piston/pin/rod FEA, and hydrodynamic or mixed-lubrication bearing analysis before setting a pressure limit.",16
anchor_clearance_eccentricity,skeletal_39,mechanism_divergent,0.35,3.0,5.0,0.0,0.2,10.0,5e-05,0.125,ok,,5e-05,1,experimental-pressure-coupled-two-zone,dme_luo_sk39,mechanisms/dme_luo_sk39.yaml,"CH3OCH3:0.25, CH4:0.75",0.2,0.2,10.0,100.0,5e-05,0.0,48.205620413020625,0.0,3.1474626486488546,-1.875,841.5891277818217,728.3495691976419,841.5891277818217,439.57684951075123,529.2172756142052,-3.5357080859667893,-1.73943458362243,9.039540995042525,0.28059081282885756,0.28059017372209094,0.23511452837811989,0.04547564534397108,-70.15716729041502,-1.7662259958627118,-0.7015716729041501,-107.4130888737442,173.25614408116581,1.598696699825305,0.7305411807365653,0.43077654611368704,0.0,6.3789815892941e-06,0.05910072939851438,0.06451182000372278,0.2268410294969237,"Experimental two-reactor spatial bracket. Pressure equalization, zone mass, mixing time, interface heat transfer, and leakage allocation are model inputs, not calibrated measurements. Gross work excludes gas exchange and friction.",0.5246399451471443,0.5246399451471443,1.6352192047070066e-08,0.5246407501100919,0.04699046891735123,0.04698613208854811,7.733929977755319e-08,0.04698977628762724,0.004836683694282932,0.004876998186148274,0.0048162499144138145,0.0048162499144138145,0.0004150287186822379,0.0004150287186822379,0.00041683937058633425,0.0004289242266391908,0.0014886077564971664,0.0016928494103333523,0.00143940559340881,0.00143940559340881,0.02232491956465708,0.023734177215193494,0.022334685234028616,0.023734177215192033,0.0029970506223081137,0.007911392405063292,0.003005517490289939,0.00791139240506329,0.19108766223808935,0.2034358047016275,0.19111349244149536,0.20343580470162784,no_positive_gross_work,no_positive_gross_work,-1.1478708700677216,62.78067529849255,1097.249087536581,5.328976943003653,0.5856863010538308,-4.13987795794312,-0.6183551257949902,-0.30509548822497323,-4.209430037424901,-2.7357100002301764,19.301469920133798,-23.5108999575587,-22.037179920363975,267.8683747252098,0.0,267.8683747252098,6.0,44.6447291208683,50.0,5.357367494504196,2.678683747252098,13.113076505208586,80.0,0.26429530927128425,22.661731070271752,0.5740078470925811,38.63581990128283,"Gas-only screening loads. Add inertia, fatigue, stress concentrations, thermal distortion, fasteners, piston/pin/rod FEA, and hydrodynamic or mixed-lubrication bearing analysis before setting a pressure limit.",17
anchor_clearance_eccentricity,skeletal_39,mechanism_divergent,0.35,3.0,5.0,0.5,0.2,10.0,5e-05,0.125,ok,,5e-05,1,experimental-pressure-coupled-two-zone,dme_luo_sk39,mechanisms/dme_luo_sk39.yaml,"CH3OCH3:0.25, CH4:0.75",0.2,0.2,10.0,100.0,5e-05,0.0,41.71414410956031,5.5,1.3269135393196336,4.25,813.1273507216843,675.2517622194845,813.1273507216843,431.7904071421484,529.7928876608235,0.854983464043606,3.928385354436967,6.236441405715236,0.21668129725745336,0.21668129725745336,0.21277850551466287,0.0039027917427904963,-106.72272968864883,-2.6867740931620174,-1.0672272968864882,-129.0069429517183,132.84776943006824,1.598696699825305,0.6660642355848327,0.5338587302181981,0.0,3.274305970341358e-06,0.05910485401816259,0.06465042498628278,0.22787663678755601,"Experimental two-reactor spatial bracket. Pressure equalization, zone mass, mixing time, interface heat transfer, and leakage allocation are model inputs, not calibrated measurements. Gross work excludes gas exchange and friction.",0.405888934837065,0.405888934837065,-1.9306361061458765e-09,0.4058888397983983,0.035572823121474244,0.03557205634957804,3.846413697973872e-08,0.03557386876542569,0.003919951208173574,0.004500140734694123,0.003699698971994031,0.003699698971994031,0.00033962627976830725,0.00039014479610452186,0.00031971219726793066,0.00031971219726793066,0.0011895864821994295,0.001430404992285558,0.0011231572170159508,0.0011231572170159508,0.022567913889178108,0.023734177215193417,0.022632926248403632,0.023734177215192002,0.00375027093488783,0.007911392405063292,0.003966633036009697,0.007911392405063293,0.19313403066248813,0.2034358047016275,0.19368605355628404,0.20343580470162748,no_positive_gross_work,no_positive_gross_work,-3.517558024388018,52.43767084636251,933.2340253310537,5.112716000941504,0.41869125176447425,-22.67973181591715,0.8307839312260006,-0.2020099545070209,-6.403363781318929,-8.38336342060886,19.301469920133798,-25.704833701452728,-27.684833340742657,231.0324812074222,1.7163682887336549,231.13618178154434,6.0,38.522696963590725,50.0,4.622723635630887,2.3113618178154436,11.347240391707775,80.0,0.22769764819860655,9.553777483101364,0.11588453344346256,37.976886752123995,"Gas-only screening loads. Add inertia, fatigue, stress concentrations, thermal distortion, fasteners, piston/pin/rod FEA, and hydrodynamic or mixed-lubrication bearing analysis before setting a pressure limit.",18
anchor_clearance_eccentricity,llnl_79,shared,0.4,2.3,2.0,0.0,0.2,10.0,5e-05,0.125,ok,,5e-05,1,experimental-pressure-coupled-two-zone,dme_llnl_2004,mechanisms/llnl_dme_2004/llnl_dme_2004.yaml,"ch3och3:0.25, ch4:0.75",0.2,0.2,10.0,100.0,5e-05,0.0,45.30038415086449,3.0,2.8878686595388956,-6.625,876.1894397145268,784.7278136942542,876.1894397145268,465.8395021707997,534.370486312339,-7.494435764632664,-5.725235580271758,8.394176632110634,0.3082925313783049,0.3082925313783049,0.25421706135782685,0.05407547002047809,45.31145370307751,1.1407283180265904,0.45311453703077514,-59.3167475721743,162.57789664518253,1.2246802089407107,0.981915640280976,0.02214631440717196,0.0,1.2430320813819894e-06,0.07238019609096519,0.08258490135384636,0.22244892852043235,"Experimental two-reactor spatial bracket. Pressure equalization, zone mass, mixing time, interface heat transfer, and leakage allocation are model inputs, not calibrated measurements. Gross work excludes gas exchange and friction.",0.5754149819181762,0.5754149819181762,-4.8464153634072164e-08,0.5754122467694424,0.052603359072183345,0.052603359072183345,1.1713990815841976e-08,0.052603991873160755,0.004900890393756429,0.004981994804654746,0.004857455919490306,0.004857455919490306,0.0006635190417704493,0.0006690369333314252,0.0006605677716370684,0.0006605677716370684,0.0026257133232349475,0.0028821424816491393,0.0025761781649505018,0.0025761781649505018,0.02545221870936056,0.02700270027003192,0.025461266580194014,0.02700270027002971,0.003759563124083222,0.009000900090009001,0.00377076228940034,0.009000900090009005,0.18934905565317478,0.20252025202520252,0.1893999057988522,0.20252025202520488,cool_partial_candidate,rapid_heat_release,10.128836307536686,105.95098573203765,1980.760238931865,82.31835391840633,0.992428735187617,1.0452260233443353,-8.988107989510095,-0.6841362038093121,2.7186872221846508,24.139961645326718,10.773535931219865,-8.054848709035214,13.366425714106853,251.38260652795816,0.9371134710257261,251.4162338851014,6.0,41.9027056475169,50.0,5.028324677702028,2.514162338851014,12.32278306961016,80.0,0.24787517528016262,20.79265434868005,0.5246821333127191,39.42203889192466,"Gas-only screening loads. Add inertia, fatigue, stress concentrations, thermal distortion, fasteners, piston/pin/rod FEA, and hydrodynamic or mixed-lubrication bearing analysis before setting a pressure limit.",19
anchor_clearance_eccentricity,llnl_79,shared,0.4,2.3,2.0,0.5,0.2,10.0,5e-05,0.125,ok,,5e-05,1,experimental-pressure-coupled-two-zone,dme_llnl_2004,mechanisms/llnl_dme_2004/llnl_dme_2004.yaml,"ch3och3:0.25, ch4:0.75",0.2,0.2,10.0,100.0,5e-05,0.0,45.01142440198695,2.875,2.8582348677341827,-6.5,874.7092951298246,782.1139144838355,874.7092951298246,465.0116803944745,534.3148193190283,-7.38160221799847,-5.632216026962552,8.305047087020553,0.305477581201059,0.305477581201059,0.2520512297433555,0.05342635145770355,42.10226239194542,1.0599360435045169,0.4210226239194542,-60.38679508359648,160.93094913176213,1.2246802089407107,0.9753134894013943,0.030230480807790283,0.0,2.600150127095492e-06,0.0723804222322689,0.07828792205864367,0.2225825807145162,"Experimental two-reactor spatial bracket. Pressure equalization, zone mass, mixing time, interface heat transfer, and leakage allocation are model inputs, not calibrated measurements. Gross work excludes gas exchange and friction.",0.570339174474684,0.570339174474684,-2.6091091924941057e-08,0.5703377019839523,0.05195249776856261,0.05195249776856261,3.245537977219095e-08,0.051954251039191074,0.0048418206102642655,0.0049200707113725385,0.004799854530964538,0.004799854530964538,0.0006559930843390208,0.0006614943560647327,0.0006530570891178165,0.0006530570891178165,0.002612073652607258,0.0028709454427465076,0.0025609548828538077,0.0025609548828538077,0.025466708722728267,0.027002700270031908,0.025475654751505407,0.02700270027002971,0.003789775120868821,0.009000900090009001,0.0038004479280432323,0.009000900090009003,0.18945201267030007,0.20252025202520252,0.18950142282335025,0.20252025202520252,cool_partial_candidate,rapid_heat_release,9.958155110473221,105.3718183433881,1978.6183059229406,88.46146017588626,0.9895520431980802,1.137686914268092,-8.898219066968704,-0.6840744619970212,2.5261357435167255,23.733178731121193,10.773535931219865,-8.247400187703139,12.959642799901328,249.74290393289428,0.8980973014730088,249.77358773282867,6.0,41.62893128880478,50.0,4.995471754656574,2.497735877328287,12.24417913792145,80.0,0.24624564675333577,20.579291047686116,0.516831788968769,39.38872704272006,"Gas-only screening loads. Add inertia, fatigue, stress concentrations, thermal distortion, fasteners, piston/pin/rod FEA, and hydrodynamic or mixed-lubrication bearing analysis before setting a pressure limit.",20
anchor_clearance_eccentricity,llnl_79,shared,0.4,2.3,3.0,0.0,0.2,10.0,5e-05,0.125,ok,,5e-05,1,experimental-pressure-coupled-two-zone,dme_llnl_2004,mechanisms/llnl_dme_2004/llnl_dme_2004.yaml,"ch3och3:0.25, ch4:0.75",0.2,0.2,10.0,100.0,5e-05,0.0,43.690058670811595,0.625,2.7030151455681164,-5.75,866.829931529435,764.6675619026639,866.829931529435,460.94912113415785,534.1021851549084,-6.7338940206830555,-5.049395021075736,8.463110236049284,0.29095855776936796,0.29095855776936796,0.2417701948813099,0.04918836288805806,26.026050276830066,0.6552129788576483,0.2602605027683007,-65.9780725606395,152.50904055677404,1.2246802089407107,0.9416949509568728,0.07139946088641397,0.0,5.5787580213101e-06,0.07238162828467146,0.0824948248621037,0.22321581207172006,"Experimental two-reactor spatial bracket. Pressure equalization, zone mass, mixing time, interface heat transfer, and leakage allocation are model inputs, not calibrated measurements. Gross work excludes gas exchange and friction.",0.5440975831668676,0.5440975831668676,1.6366748046052377e-08,0.5440985068493596,0.04865429711493076,0.04865429711493076,7.761869717524271e-08,0.04865849015112172,0.004551298923604567,0.004625628704424663,0.004511647321334752,0.004511647321334752,0.0006172250730688293,0.0006246502310210307,0.0006134199404212072,0.0006134199404212072,0.0025305324350883233,0.0028127334749640173,0.002469137155213007,0.002469137155213007,0.025540084663917523,0.027002700270031838,0.025550302607435075,0.02700270027002971,0.003945690024171849,0.009000900090009001,0.0039574065251907365,0.009000900090009003,0.18997648616852084,0.20252025202520252,0.1900301033276741,0.20252025202520255,cool_partial_candidate,rapid_heat_release,9.10583245923181,101.77382299193145,1965.644351589714,76.09939487131373,0.9738044928893675,3.072041134311085,-8.450619480374161,-0.6828459351199996,1.5615630166098042,21.701846060150753,10.773535931219865,-9.21197291461006,10.928310128930889,242.2448118046548,0.1953090048544969,242.24621923159907,6.0,40.374369871933176,50.0,4.844924384631981,2.4224621923159906,11.884736197952915,80.0,0.2388024364886523,19.461709048090437,0.4740515358803014,39.21091928732222,"Gas-only screening loads. Add inertia, fatigue, stress concentrations, thermal distortion, fasteners, piston/pin/rod FEA, and hydrodynamic or mixed-lubrication bearing analysis before setting a pressure limit.",21
anchor_clearance_eccentricity,llnl_79,shared,0.4,2.3,3.0,0.5,0.2,10.0,5e-05,0.125,ok,,5e-05,1,experimental-pressure-coupled-two-zone,dme_llnl_2004,mechanisms/llnl_dme_2004/llnl_dme_2004.yaml,"ch3och3:0.25, ch4:0.75",0.2,0.2,10.0,100.0,5e-05,0.0,43.02622488396464,0.0,2.599772603861055,-5.25,863.3167036737914,749.5250485080137,863.3167036737914,458.61880089422687,534.0243135571975,-6.3098658507146235,-4.646354258285318,9.218586699349576,0.28183666370165655,0.28183666370165655,0.23625066455197968,0.04558599914967685,16.62219242835962,0.4184682693027162,0.16622192428359622,-69.50158857081522,147.27062335687413,1.2246802089407107,0.9216875671255041,0.095900615836677,0.0,7.070818716077126e-06,0.07238239145962726,0.08107767185602585,0.22354785990802326,"Experimental two-reactor spatial bracket. Pressure equalization, zone mass, mixing time, interface heat transfer, and leakage allocation are model inputs, not calibrated measurements. Gross work excludes gas exchange and friction.",0.5275525682781328,0.5275525682781328,4.01127604408832e-08,0.5275548321032015,0.046637802143475765,0.046637802143475765,1.004483528118457e-07,0.046643228459479366,0.004382811454242698,0.004465991742008259,0.004339191567370521,0.004339191567370521,0.0005930687965455105,0.0006038871664286067,0.0005877510890661225,0.0005877510890661225,0.0024722596944677776,0.002780665100004247,0.0024025897845444018,0.0024025897845444018,0.02558521820193441,0.02700270027003181,0.025598155139542576,0.027002700270029704,0.004045337553090745,0.009000900090009001,0.004062189097348338,0.009000900090009003,0.19030104487274785,0.20252025202520252,0.19037005004030494,0.20252025202520252,cool_partial_candidate,rapid_heat_release,8.612018629416117,99.02462333885047,1955.3272132558081,68.43586329681807,0.9634155293271106,4.425777579956436,-8.1935503601134,-0.681578865625454,0.9973315457015773,20.524944138770824,10.773535931219865,-9.776204385518287,9.75140820755096,238.47788583239645,0.0,238.47788583239645,6.0,39.74631430539941,50.0,4.769557716647929,2.3847788583239646,11.70415760236419,80.0,0.2350682436149604,18.7183627477996,0.44439261483193304,39.131378449336694,"Gas-only screening loads. Add inertia, fatigue, stress concentrations, thermal distortion, fasteners, piston/pin/rod FEA, and hydrodynamic or mixed-lubrication bearing analysis before setting a pressure limit.",22
anchor_clearance_eccentricity,llnl_79,shared,0.4,2.3,5.0,0.0,0.2,10.0,5e-05,0.125,ok,,5e-05,1,experimental-pressure-coupled-two-zone,dme_llnl_2004,mechanisms/llnl_dme_2004/llnl_dme_2004.yaml,"ch3och3:0.25, ch4:0.75",0.2,0.2,10.0,100.0,5e-05,0.0,37.299059410263176,2.5,1.4588417980721715,0.375,835.1074646576498,679.9917749307579,835.1074646576498,444.1089868840704,534.4500405187977,-1.6228490605184325,0.47181834367521835,4.833827728185972,0.20926761083759032,0.20926761083759032,0.2058540898027387,0.003413521034851629,-45.471936393786706,-1.1447685139347752,-0.4547193639378671,-95.95455477814562,108.41980400468204,1.2246802089407107,0.7801470775170765,0.26924030542382615,0.0,9.217618786343898e-06,0.07238901408513339,0.08219495819204815,0.22487483606812017,"Experimental two-reactor spatial bracket. Pressure equalization, zone mass, mixing time, interface heat transfer, and leakage allocation are model inputs, not calibrated measurements. Gross work excludes gas exchange and friction.",0.3925693580478946,0.3925693580478946,8.700699443703664e-08,0.39257426842087806,0.03381147852169955,0.03381147852169955,1.3459216024509088e-07,0.033818749318807295,0.0033427520373149463,0.003795073695790074,0.0031602184536395324,0.0031602184536395324,0.00045571499177836686,0.0005213357821754006,0.00043043923389445195,0.00043043923389445195,0.0021236161463572462,0.0025583222222525957,0.0020094998974734377,0.0020094998974734377,0.025859328243110956,0.027002700270031852,0.02592035552535155,0.02700270027002969,0.004893378864948625,0.009000900090009001,0.005099494409697947,0.009000900090009003,0.19264801251635943,0.20252025202520252,0.1931579673597233,0.20252025202520255,no_positive_gross_work,no_positive_gross_work,-1.9866200692343803,43.588870859510834,924.9662276066601,2.5480227611014357,0.37115289403927926,-19.450528674471684,0.8418515552996051,-0.16188528320168893,-2.7283161836272027,-4.734693188739791,10.773535931219865,-13.501852114847068,-15.508229119959655,205.97907544075093,0.7810263131105988,205.9982141568988,6.0,34.333035692816466,50.0,4.119964283137976,2.059982141568988,10.146232232434684,80.0,0.20299380284551516,10.503660946119634,0.1587573996662613,38.486751668544095,"Gas-only screening loads. Add inertia, fatigue, stress concentrations, thermal distortion, fasteners, piston/pin/rod FEA, and hydrodynamic or mixed-lubrication bearing analysis before setting a pressure limit.",23
anchor_clearance_eccentricity,llnl_79,shared,0.4,2.3,5.0,0.5,0.2,10.0,5e-05,0.125,ok,,5e-05,1,experimental-pressure-coupled-two-zone,dme_llnl_2004,mechanisms/llnl_dme_2004/llnl_dme_2004.yaml,"ch3och3:0.25, ch4:0.75",0.2,0.2,10.0,100.0,5e-05,0.0,32.4960142041855,7.25,0.5707190743824526,-25.125,805.2457514058584,670.6937533575899,805.2457514058584,442.3655746750114,535.5623933048194,2.5706134050814944,5.9351001256136335,10.888632619773274,0.19767507333013976,0.19767507333013976,0.19677777698804463,0.0008972963420951104,-65.51283240610682,-1.6493035868919912,-0.6551283240610682,-100.14189560211615,103.2975386620576,1.2246802089407107,0.7224660924276108,0.339881458366645,0.0,8.82554724038991e-06,0.07239254606197647,0.08122997820398911,0.22495768471250074,"Experimental two-reactor spatial bracket. Pressure equalization, zone mass, mixing time, interface heat transfer, and leakage allocation are model inputs, not calibrated measurements. Gross work excludes gas exchange and friction.",0.3714314081176359,0.3714314081176359,8.886597623768707e-08,0.37143642340510435,0.03135579415697678,0.03135579415697678,1.295108513654789e-07,0.031362790456923334,0.0033136929420840844,0.003800501733665813,0.003107954513136312,0.003107954513136312,0.0004529657097569563,0.0005213439360560655,0.00042461640064747695,0.00042461640064747695,0.0018791818510278798,0.0022338700341412465,0.001765839877920392,0.001765839877920392,0.02586753192996556,0.027002700270031772,0.025936720979370036,0.027002700270029673,0.004835522258975473,0.009000900090009001,0.005082016154755185,0.009000900090009003,0.19259317261724362,0.20252025202520252,0.19319023077406594,0.20252025202520255,no_positive_gross_work,no_positive_gross_work,-2.8907252130897483,40.80992725628602,900.9547032020288,2.4659730020612898,0.29888577014575624,-23.408329449569976,1.241421626197757,-0.10121069681561648,-3.9307699443664097,-6.889438594169193,10.773535931219865,-14.704305875586275,-17.662974525389057,178.7241871069698,2.2601699757107285,178.86333349746042,6.0,29.81055558291007,50.0,3.5772666699492084,1.7886333349746042,8.839689578162364,80.0,0.17628823946389505,4.1091773355536585,0.027385657889841392,37.79238461921029,"Gas-only screening loads. Add inertia, fatigue, stress concentrations, thermal distortion, fasteners, piston/pin/rod FEA, and hydrodynamic or mixed-lubrication bearing analysis before setting a pressure limit.",24
anchor_clearance_eccentricity,llnl_79,lower_overlap,0.35,2.6,2.0,0.0,0.2,10.0,5e-05,0.125,ok,,5e-05,1,experimental-pressure-coupled-two-zone,dme_llnl_2004,mechanisms/llnl_dme_2004/llnl_dme_2004.yaml,"ch3och3:0.25, ch4:0.75",0.2,0.2,10.0,100.0,5e-05,0.0,51.10717461139018,2.25,2.985042731425068,-6.25,870.1609043037635,789.5180856901062,870.1609043037635,459.94902179431483,530.488602001091,-7.258059229587343,-5.500892883316456,6.9041468796394465,0.3168180049807776,0.3168180049807776,0.26038105334368017,0.05643695163709744,46.90812470775524,1.1809249500204153,0.4690812470775524,-71.79391407361801,169.2858321262378,1.3855371398485976,0.9796716532028626,0.028162938114460585,0.0,2.7413646953197194e-06,0.06615316142411728,0.08167159582770914,0.2234162283921674,"Experimental two-reactor spatial bracket. Pressure equalization, zone mass, mixing time, interface heat transfer, and leakage allocation are model inputs, not calibrated measurements. Gross work excludes gas exchange and friction.",0.5901871346682278,0.5901871346682278,-3.1264171923342906e-08,0.5901853588653795,0.055149521622071915,0.055149521622071915,2.920425041402e-08,0.055151109422185825,0.004431211274624613,0.004499191117215175,0.004395578854891949,0.004395578854891949,0.0006485300014256766,0.0006550607658725495,0.0006452067807518752,0.0006452067807518752,0.0022132482950434572,0.0024221465027044085,0.0021785524560406725,0.0021785524560406725,0.022321194234701334,0.02373417721519195,0.022328772392544716,0.023734177215191714,0.003184524507842221,0.007911392405063292,0.0031939839689932364,0.00791139240506329,0.19139071282829928,0.2034358047016275,0.19143542571609964,0.20343580470162784,cool_partial_candidate,rapid_heat_release,10.563119147953891,109.8364169771539,1845.7452793232515,46.16395080277471,0.9911418716829951,3.369440623488278,-9.382194197933476,-0.6743238667022174,2.8144874824653145,25.174983911714243,14.240395623558312,-11.425908141092997,10.93458828815593,284.33324904513245,0.7029619318991089,284.3546504972058,6.0,47.3924417495343,50.0,5.687093009944116,2.843546504972058,13.902368331788875,80.0,0.2807617022866594,21.49230766626049,0.4951802266618109,39.28618507240288,"Gas-only screening loads. Add inertia, fatigue, stress concentrations, thermal distortion, fasteners, piston/pin/rod FEA, and hydrodynamic or mixed-lubrication bearing analysis before setting a pressure limit.",25
anchor_clearance_eccentricity,llnl_79,lower_overlap,0.35,2.6,2.0,0.5,0.2,10.0,5e-05,0.125,ok,,5e-05,1,experimental-pressure-coupled-two-zone,dme_llnl_2004,mechanisms/llnl_dme_2004/llnl_dme_2004.yaml,"ch3och3:0.25, ch4:0.75",0.2,0.2,10.0,100.0,5e-05,0.0,50.75952344552811,2.375,2.950733661158324,-6.125,868.6672170705094,787.0361273307873,868.6672170705094,459.0816976142544,530.4440415560368,-7.122141101835422,-5.375639377583736,6.803794767783646,0.31394858670732123,0.31394858670732123,0.25814468651122424,0.05580390019609697,42.98105362503103,1.0820598546667746,0.4298105362503103,-72.9583243451466,167.57744697648886,1.3855371398485976,0.9722776239034057,0.03840547741501928,0.0,4.904271663161238e-06,0.06615340687712305,0.08166355965095588,0.22358432597736072,"Experimental two-reactor spatial bracket. Pressure equalization, zone mass, mixing time, interface heat transfer, and leakage allocation are model inputs, not calibrated measurements. Gross work excludes gas exchange and friction.",0.5850375249455403,0.5850375249455403,-9.318869904351303e-09,0.5850369956343606,0.054462698870538534,0.054462698870538534,5.734985588950442e-08,0.0544658169135092,0.004379593265012594,0.004445026895235634,0.004345257728426119,0.004345257728426119,0.0006411162988463316,0.0006475492758325659,0.0006378475002633971,0.0006378475002633971,0.0022023261883968082,0.002413133824206889,0.0021663178036837533,0.0021663178036837533,0.02233397830743847,0.023734177215191925,0.022341421656685467,0.023734177215191714,0.003209645730627601,0.007911392405063292,0.003218578051131345,0.00791139240506329,0.19148069301960632,0.2034358047016275,0.19152396861840915,0.2034358047016276,cool_partial_candidate,rapid_heat_release,10.3572825713739,108.82727943236547,1842.1492601141933,45.77594333753808,0.9877632679960494,3.761354215968199,-9.275222716707127,-0.6738146812887282,2.578863217501862,24.68441550750881,14.240395623558312,-11.66153240605645,10.444019883950498,282.3605019028216,0.7419957162367836,282.3841808195207,6.0,47.06403013658678,50.0,5.647683616390413,2.8238418081952066,13.807798937265682,80.0,0.2787852144177103,21.245282360339935,0.4867584281091833,39.25245195650521,"Gas-only screening loads. Add inertia, fatigue, stress concentrations, thermal distortion, fasteners, piston/pin/rod FEA, and hydrodynamic or mixed-lubrication bearing analysis before setting a pressure limit.",26
anchor_clearance_eccentricity,llnl_79,lower_overlap,0.35,2.6,3.0,0.0,0.2,10.0,5e-05,0.125,ok,,5e-05,1,experimental-pressure-coupled-two-zone,dme_llnl_2004,mechanisms/llnl_dme_2004/llnl_dme_2004.yaml,"ch3och3:0.25, ch4:0.75",0.2,0.2,10.0,100.0,5e-05,0.0,48.971239832671316,1.125,2.732027048535798,-5.25,860.4480284604383,771.2296578893207,860.4480284604383,454.86750099268306,530.3093990360803,-6.3661068058305395,-4.6415760064536995,6.877248885892206,0.29947611611292846,0.29947611611292846,0.24771183693701443,0.051764279175914,23.49357702600885,0.5914572677567174,0.2349357702600885,-78.88894480065358,159.03558121149095,1.3855371398485976,0.9348075255974281,0.09032046844661848,0.0,6.12607677394202e-06,0.06615471592545509,0.08272481269001578,0.22438948649683588,"Experimental two-reactor spatial bracket. Pressure equalization, zone mass, mixing time, interface heat transfer, and leakage allocation are model inputs, not calibrated measurements. Gross work excludes gas exchange and friction.",0.5589909239196255,0.5589909239196255,1.1717012227859766e-08,0.5589915894451266,0.051068966975262434,0.051068966975262434,7.42723352609198e-08,0.05107300507316657,0.004133362070935453,0.004195668247537049,0.004100942119816346,0.004100942119816346,0.0006043102490734496,0.0006121606356581949,0.0006004464888317749,0.0006004464888317749,0.002137685947090555,0.0023675388094903417,0.0020933201449710327,0.0020933201449710327,0.022396393366476853,0.023734177215191905,0.022404687059101095,0.02373417721519169,0.003334153655294778,0.007911392405063292,0.0033434978861883115,0.00791139240506329,0.19192317433100894,0.2034358047016275,0.1919692976636251,0.2034358047016275,cool_partial_candidate,rapid_heat_release,9.32808063113127,102.03111035867207,1817.7313488370899,33.953258219171175,0.969089248427232,6.302955428875656,-8.736623363374552,-0.6696131323143035,1.409614621560531,22.23152806729356,14.240395623558312,-12.830781001997781,7.991132443735248,272.2128834469577,0.3515421163443399,272.21800727980434,6.0,45.36966787996739,50.0,5.444360145596087,2.7221800727980434,13.321343216387376,80.0,0.26863367883262024,19.670594749457745,0.43046266503838065,39.06631042614446,"Gas-only screening loads. Add inertia, fatigue, stress concentrations, thermal distortion, fasteners, piston/pin/rod FEA, and hydrodynamic or mixed-lubrication bearing analysis before setting a pressure limit.",27
anchor_clearance_eccentricity,llnl_79,lower_overlap,0.35,2.6,3.0,0.5,0.2,10.0,5e-05,0.125,ok,,5e-05,1,experimental-pressure-coupled-two-zone,dme_llnl_2004,mechanisms/llnl_dme_2004/llnl_dme_2004.yaml,"ch3och3:0.25, ch4:0.75",0.2,0.2,10.0,100.0,5e-05,0.0,48.08243783241785,0.25,2.5849948543121286,-4.75,856.0491596212679,757.7727593172654,856.0491596212679,452.47802140223945,530.2907224365077,-5.861606144275131,-4.13219347287343,7.602066149971642,0.29055958499946355,0.29055958499946355,0.2421158539718129,0.04844373102765062,12.21257650053615,0.30745497466309424,0.1221257650053615,-82.5233294344258,153.83078682699556,1.3855371398485976,0.9126663900977021,0.12099817329760201,0.0,5.786779080759526e-06,0.06615554427713563,0.0825758855979421,0.2248259105012283,"Experimental two-reactor spatial bracket. Pressure equalization, zone mass, mixing time, interface heat transfer, and leakage allocation are model inputs, not calibrated measurements. Gross work excludes gas exchange and friction.",0.5428869115756626,0.5428869115756626,1.0714060053849198e-08,0.5428875201335482,0.04903228112780789,0.04903228112780789,7.025014826060408e-08,0.04903610054422259,0.003993172016965472,0.004062603517615619,0.003957701124264938,0.003957701124264938,0.0005820431226172219,0.0005926549899534269,0.0005769988073706922,0.0005769988073706922,0.0020905945192734067,0.002343489028008253,0.002039551417554238,0.002039551417554238,0.022433796973821356,0.023734177215191957,0.02244411161552116,0.0237341772151917,0.0034110434513959505,0.007911392405063292,0.0034239270899142915,0.007911392405063292,0.1921894619534186,0.2034358047016275,0.19224720062478787,0.20343580470162748,cool_partial_candidate,rapid_heat_release,8.722470079254203,95.99750122706442,1794.5269174999776,26.93122258018792,0.956520230066873,8.420932126886203,-8.415015104591108,-0.6659606450674095,0.732754590032169,20.78818205493481,14.240395623558312,-13.507641033526143,6.547786431376499,267.16937495840614,0.0781247763105524,267.1696233227941,6.0,44.52827055379902,50.0,5.3433924664558825,2.6716962332279413,13.079567910366045,80.0,0.263597733428436,18.611962951047325,0.39149526862344747,38.966323113005885,"Gas-only screening loads. Add inertia, fatigue, stress concentrations, thermal distortion, fasteners, piston/pin/rod FEA, and hydrodynamic or mixed-lubrication bearing analysis before setting a pressure limit.",28
anchor_clearance_eccentricity,llnl_79,lower_overlap,0.35,2.6,5.0,0.0,0.2,10.0,5e-05,0.125,ok,,5e-05,1,experimental-pressure-coupled-two-zone,dme_llnl_2004,mechanisms/llnl_dme_2004/llnl_dme_2004.yaml,"ch3och3:0.25, ch4:0.75",0.2,0.2,10.0,100.0,5e-05,0.0,39.99033077923961,4.125,1.0002422328672935,2.5,816.1502964739165,680.2554137748165,816.1502964739165,438.0477911989543,531.3212232634861,0.052229695068596656,2.6517042096217867,7.545065779230112,0.2136307212536132,0.2136307212536132,0.2108560886585692,0.002774632595044028,-61.14164705496689,-1.539257792597608,-0.6114164705496689,-110.62971077084356,112.52519258521941,1.3855371398485976,0.7594098656233106,0.33333701881387673,0.0,9.547846191164534e-06,0.066162732566896,0.08214207246311206,0.22684928813526573,"Experimental two-reactor spatial bracket. Pressure equalization, zone mass, mixing time, interface heat transfer, and leakage allocation are model inputs, not calibrated measurements. Gross work excludes gas exchange and friction.",0.400363089666033,0.400363089666033,7.532207923975594e-08,0.40036736795503386,0.03489080393989866,0.03489080393989866,1.2203493888403236e-07,0.03489743883335145,0.00308871423053787,0.0035302331885523116,0.002911782328319214,0.002911782328319214,0.00044790670266240133,0.0005149172791593461,0.0004218691978432283,0.0004218691978432283,0.0017014264261729255,0.0020350155598943542,0.0016064592532089891,0.0016064592532089891,0.02268434275495604,0.023734177215191894,0.02274314156395995,0.023734177215191676,0.004143308243059237,0.007911392405063292,0.004343351201756873,0.00791139240506329,0.19426208294712918,0.2034358047016275,0.19476254504076382,0.20343580470162748,no_positive_gross_work,no_positive_gross_work,-2.5698699223043926,47.85808033922624,910.117302849963,2.826124012323163,0.34388446640434367,-22.48970851638616,1.0306121297067845,-0.13025374515073046,-3.6684988232980134,-6.124747154986253,14.240395623558312,-17.908894446856326,-20.365142778544566,221.25069948137818,1.288057690640661,221.30662003781572,6.0,36.88443667296929,50.0,4.426132400756314,2.213066200378157,10.878322122686013,80.0,0.21803446716606428,7.2017440766445135,0.06881525576533691,38.04741418363975,"Gas-only screening loads. Add inertia, fatigue, stress concentrations, thermal distortion, fasteners, piston/pin/rod FEA, and hydrodynamic or mixed-lubrication bearing analysis before setting a pressure limit.",29
anchor_clearance_eccentricity,llnl_79,lower_overlap,0.35,2.6,5.0,0.5,0.2,10.0,5e-05,0.125,ok,,5e-05,1,experimental-pressure-coupled-two-zone,dme_llnl_2004,mechanisms/llnl_dme_2004/llnl_dme_2004.yaml,"ch3och3:0.25, ch4:0.75",0.2,0.2,10.0,100.0,5e-05,0.0,35.54646903914582,-5.0,0.6289783205005364,-26.125,729.3064449904801,673.8336609405983,729.3064449904801,433.54678805141396,532.0140696512137,6.201241775137048,13.623126417166205,21.513184415281824,0.17844941381270837,0.17844941381270837,0.17796004912384367,0.0004893646888647239,-90.4279808199092,-2.276549305594883,-0.904279808199092,-119.16603831025046,90.8615208277694,1.3855371398485976,0.6997714860032056,0.41596728204677513,0.0,1.0474537338177276e-05,0.06616656628022145,0.08145289448273804,0.22954130056941935,"Experimental two-reactor spatial bracket. Pressure equalization, zone mass, mixing time, interface heat transfer, and leakage allocation are model inputs, not calibrated measurements. Gross work excludes gas exchange and friction.",0.33838022025692965,0.33838022025692965,1.0643091710293306e-07,0.33838626552581474,0.025363907733653587,0.025363907733653587,1.367172030726309e-07,0.025371340884223798,0.00248429387794226,0.002833379088981252,0.002310063603268064,0.002310063603268064,0.0003284623727365973,0.000374638931884905,0.0003052162236420747,0.0003052162236420747,0.0009426184917556633,0.0011100752569100697,0.0008801647269432542,0.0008801647269432542,0.022898881541286942,0.023734177215192,0.022956731442711372,0.023734177215191665,0.00440312952047246,0.007911392405063292,0.004638884167387734,0.00791139240506329,0.19546637665023314,0.2034358047016275,0.19600909324958177,0.20343580470162748,no_positive_gross_work,no_positive_gross_work,-3.4505960869151604,44.72657762834752,890.27385458324,2.719017180070381,0.29149165891436685,-22.437988404919057,1.1740467813202775,-0.11304224510165847,-5.4256788491945525,-8.22377365597926,14.240395623558312,-19.666074472752864,-22.464169279537572,196.0339983469063,-1.5607105674229624,196.1067487103254,6.0,32.68445811838757,50.0,3.922134974206508,1.961067487103254,9.669485923148594,80.0,0.19322891534741868,4.528643907603862,0.028938378302726234,35.96624518233377,"Gas-only screening loads. Add inertia, fatigue, stress concentrations, thermal distortion, fasteners, piston/pin/rod FEA, and hydrodynamic or mixed-lubrication bearing analysis before setting a pressure limit.",30
anchor_clearance_eccentricity,llnl_79,mechanism_divergent,0.35,3.0,2.0,0.0,0.2,10.0,5e-05,0.125,ok,,7e-05,2,experimental-pressure-coupled-two-zone,dme_llnl_2004,mechanisms/llnl_dme_2004/llnl_dme_2004.yaml,"ch3och3:0.25, ch4:0.75",0.2,0.2,10.0,100.0,7e-05,0.0,59.366742920684274,2.125,3.4975756943541683,-5.125,874.5002353094552,805.6143487121617,874.5002353094552,461.5847710590598,527.7075282747644,-6.195117991923585,-4.3410805840372015,7.844899093630505,0.3373191944495022,0.3373191944495022,0.2775888287792294,0.059730365670272824,63.02907208832602,1.586774237287592,0.6302907208832602,-78.3382639462026,211.60754747850388,1.598696699825305,0.976585743921593,0.03742689605430318,0.0,5.397867110688545e-06,0.04358315267068625,0.0815963811096142,0.22190215536286512,"Experimental two-reactor spatial bracket. Pressure equalization, zone mass, mixing time, interface heat transfer, and leakage allocation are model inputs, not calibrated measurements. Gross work excludes gas exchange and friction.",0.625997147619518,0.625997147619518,-2.0212570542822334e-08,0.6259961526232314,0.06099713031790885,0.06099713031790885,6.160645522464011e-08,0.0610000331911963,0.004902411620179338,0.004998957474902304,0.004852736790571316,0.004852736790571316,0.0007521370290133961,0.0007631814598303317,0.0007466586577727939,0.0007466586577727939,0.0021579332883626904,0.002366404654328677,0.002134570163839532,0.002134570163839532,0.022171823854485285,0.02373417721519173,0.022182679600864917,0.023734177215192262,0.0028890704661024688,0.007911392405063292,0.002906067200174719,0.00791139240506329,0.1903702546108938,0.2034358047016275,0.19044003088958186,0.20343580470162786,cool_partial_candidate,rapid_heat_release,12.706196250458257,129.24608171233865,1859.2037927638753,62.12726238673304,0.9905339266329551,0.00025672541201678074,-11.119422013170665,-0.6532147321834529,3.7817443252995613,30.28255969699365,19.301469920133798,-15.519725594834236,10.981089776859854,331.2021837097894,0.6639251278480155,331.2244209271532,6.0,55.20407015452553,50.0,6.624488418543064,3.312244209271532,16.149167568305188,80.0,0.3280085204041402,25.18254499935001,0.5866988883471445,39.38401971176322,"Gas-only screening loads. Add inertia, fatigue, stress concentrations, thermal distortion, fasteners, piston/pin/rod FEA, and hydrodynamic or mixed-lubrication bearing analysis before setting a pressure limit.",31
anchor_clearance_eccentricity,llnl_79,mechanism_divergent,0.35,3.0,2.0,0.5,0.2,10.0,5e-05,0.125,ok,,7e-05,2,experimental-pressure-coupled-two-zone,dme_llnl_2004,mechanisms/llnl_dme_2004/llnl_dme_2004.yaml,"ch3och3:0.25, ch4:0.75",0.2,0.2,10.0,100.0,7e-05,0.0,58.91422338442729,2.375,3.4507642956531015,-5.0,872.6946481630789,802.9362197671711,872.6946481630789,460.40247645525915,527.5919347865391,-6.022314644640755,-4.1821452215341735,7.625730319661429,0.33342235671278797,0.33342235671278797,0.27428546155434885,0.0591368951584391,57.54649934653961,1.4487489595470175,0.5754649934653961,-79.92483738047012,208.82177158378892,1.598696699825305,0.9681161176804547,0.050969696347955944,0.0,2.961093919748624e-06,0.04358330430210102,0.08191243457913296,0.22217377007249003,"Experimental two-reactor spatial bracket. Pressure equalization, zone mass, mixing time, interface heat transfer, and leakage allocation are model inputs, not calibrated measurements. Gross work excludes gas exchange and friction.",0.6190900804737491,0.6190900804737491,-4.8195204107372796e-08,0.6190877079873298,0.059981679242993705,0.059981679242993705,2.9603217675844012e-08,0.059983074135615044,0.004823244756762386,0.004912782084085785,0.00477702757873321,0.00477702757873321,0.000740451035069528,0.0007506230301170749,0.0007353899178257921,0.0007353899178257921,0.0021485856572010654,0.002356049635210797,0.0021239240062267497,0.0021239240062267497,0.022191631229813925,0.02373417721519164,0.022201753106346193,0.023734177215192276,0.0029244418481779487,0.007911392405063292,0.0029398341703115944,0.00791139240506329,0.1905028690970073,0.2034358047016275,0.19056728178481824,0.2034358047016275,cool_partial_candidate,rapid_heat_release,12.42914254700342,128.36427540112936,1856.6676340787683,59.59855316374728,0.9869370007049689,0.3141874135393121,-10.980393587456401,-0.653514643992181,3.452789960792377,29.622260174715954,19.301469920133798,-15.848679959341421,10.320790254582157,328.634360818193,0.7419957162367836,328.66192028774276,6.0,54.776986714623796,50.0,6.573238405754855,3.2866192028774277,16.026071480168614,80.0,0.3254054831551218,24.84550292870233,0.5748914754759344,39.34334046387329,"Gas-only screening loads. Add inertia, fatigue, stress concentrations, thermal distortion, fasteners, piston/pin/rod FEA, and hydrodynamic or mixed-lubrication bearing analysis before setting a pressure limit.",32
anchor_clearance_eccentricity,llnl_79,mechanism_divergent,0.35,3.0,3.0,0.0,0.2,10.0,5e-05,0.125,ok,,7e-05,2,experimental-pressure-coupled-two-zone,dme_llnl_2004,mechanisms/llnl_dme_2004/llnl_dme_2004.yaml,"ch3och3:0.25, ch4:0.75",0.2,0.2,10.0,100.0,7e-05,0.0,56.37752573172107,2.375,3.1018814144442217,-3.875,862.9496248854241,786.110595451212,862.9496248854241,454.8599923470758,527.1961735314012,-5.060401728452402,-3.2350220397017866,7.230466334611515,0.3146062191923747,0.3146062191923747,0.25948158481497496,0.055124634377399714,30.889730996758345,0.7776574796105632,0.30889730996758347,-87.78915244107338,195.56734559080408,1.598696699825305,0.9255061260883507,0.11908280683779443,0.0,1.0303541961483364e-05,0.04358411298708525,0.08133626871676926,0.2234633959821608,"Experimental two-reactor spatial bracket. Pressure equalization, zone mass, mixing time, interface heat transfer, and leakage allocation are model inputs, not calibrated measurements. Gross work excludes gas exchange and friction.",0.5855694646241698,0.5855694646241698,5.218657115298537e-08,0.5855720335920501,0.055240644304108216,0.055240644304108216,1.280833498728314e-07,0.05524667954397991,0.0044658988476087595,0.0045367372596309815,0.004429156169672437,0.004429156169672437,0.0006858993373155349,0.0006947957762856145,0.0006815010012756954,0.0006815010012756954,0.002085923360397215,0.002302987907038173,0.002052359858586525,0.002052359858586525,0.02228196983956226,0.0237341772151917,0.022290836099064498,0.02373417721519226,0.0030893466386248958,0.007911392405063292,0.003100911453018609,0.00791139240506329,0.19111923456395685,0.2034358047016275,0.19117243150303156,0.20343580470162748,cool_partial_candidate,rapid_heat_release,11.065777005825389,122.88370632432111,1841.064464463796,49.93536074836504,0.9672372608674739,2.2373616728843753,-10.288119526214826,-0.6526310416750991,1.8533838598055008,26.372963723147397,19.301469920133798,-17.448086060328297,7.071493803013599,314.23986559803814,0.7419957162367836,314.2662179368067,6.0,52.377702989467785,50.0,6.285324358736134,3.142662179368067,15.336029321069363,80.0,0.3108449402018558,22.333546183998397,0.482704524559849,39.12305831249558,"Gas-only screening loads. Add inertia, fatigue, stress concentrations, thermal distortion, fasteners, piston/pin/rod FEA, and hydrodynamic or mixed-lubrication bearing analysis before setting a pressure limit.",33
anchor_clearance_eccentricity,llnl_79,mechanism_divergent,0.35,3.0,3.0,0.5,0.2,10.0,5e-05,0.125,ok,,7e-05,2,experimental-pressure-coupled-two-zone,dme_llnl_2004,mechanisms/llnl_dme_2004/llnl_dme_2004.yaml,"ch3och3:0.25, ch4:0.75",0.2,0.2,10.0,100.0,7e-05,0.0,55.06522428175809,1.0,2.8686512968911586,-3.125,856.6726074747139,771.7115403811309,856.6726074747139,451.84336293186317,527.0835834458892,-4.401876681361504,-2.5484720618529706,7.762376250376171,0.30345342209005094,0.30345342209005094,0.2519170327305989,0.05153638935945204,15.780749435296983,0.3972847103623767,0.1578074943529698,-92.5304333998828,187.8238884985999,1.598696699825305,0.9005893915709594,0.1589155739326397,0.0,1.183769049305763e-05,0.043584624719079,0.08077357718549165,0.22415409695836036,"Experimental two-reactor spatial bracket. Pressure equalization, zone mass, mixing time, interface heat transfer, and leakage allocation are model inputs, not calibrated measurements. Gross work excludes gas exchange and friction.",0.5655921583630473,0.5655921583630473,7.416688402815464e-08,0.5655958093471729,0.052534652920513354,0.052534652920513354,1.4887291643532874e-07,0.05254166775703951,0.004272889984468193,0.004348020058376546,0.004234512960652104,0.004234512960652104,0.0006545161584764185,0.000665855128260821,0.0006490816613012515,0.0006490816613012515,0.0020344269587421054,0.0022718626553615722,0.0019930677220213197,0.0019930677220213197,0.022332770319939094,0.02373417721519165,0.02234328834772603,0.02373417721519224,0.0031852045344004207,0.007911392405063292,0.0031992052195918535,0.007911392405063293,0.19147163102730216,0.2034358047016275,0.19153410583803082,0.2034358047016275,cool_partial_candidate,rapid_heat_release,10.292204317056736,118.59012801070283,1828.3386688340377,44.18053023461562,0.9542222782762277,3.6914310225411384,-9.89491960669436,-0.6507688561861769,0.9468449661178189,24.529315107476457,19.301469920133798,-18.35462495401598,5.227845187342659,306.79320874922445,0.3124856839001169,306.7977715984152,6.0,51.1329619330692,50.0,6.135955431968304,3.067977715984152,14.979052081406815,80.0,0.3033331545808362,20.65428933761634,0.42114323236114815,38.980509826873444,"Gas-only screening loads. Add inertia, fatigue, stress concentrations, thermal distortion, fasteners, piston/pin/rod FEA, and hydrodynamic or mixed-lubrication bearing analysis before setting a pressure limit.",34
anchor_clearance_eccentricity,llnl_79,mechanism_divergent,0.35,3.0,5.0,0.0,0.2,10.0,5e-05,0.125,ok,,7e-05,2,experimental-pressure-coupled-two-zone,dme_llnl_2004,mechanisms/llnl_dme_2004/llnl_dme_2004.yaml,"ch3och3:0.25, ch4:0.75",0.2,0.2,10.0,100.0,7e-05,0.0,42.28150449641276,-4.375,0.7562506669688815,-25.125,776.3754963715094,682.6084702741274,776.3754963715094,435.03333132039893,528.1102094979212,4.716981122244926,9.67251770521012,15.67515212072649,0.2051099553726052,0.2051099553726052,0.20398463966555846,0.001125315707046758,-80.1236813980899,-2.017135731602752,-0.801236813980899,-128.7368197211187,124.28674802376669,1.598696699825305,0.7336767161111927,0.4257591170448606,0.0,1.1037994813397005e-05,0.04358906559417315,0.08102946671527157,0.22819120515931168,"Experimental two-reactor spatial bracket. Pressure equalization, zone mass, mixing time, interface heat transfer, and leakage allocation are model inputs, not calibrated measurements. Gross work excludes gas exchange and friction.",0.3857873043634312,0.3857873043634312,1.0050633185478015e-07,0.3857922519492295,0.03216589273555972,0.03216589273555972,1.4260163068645064e-07,0.03217261207143072,0.0029574107283955125,0.003389508957444394,0.002763298372971223,0.002763298372971223,0.0004367063334182424,0.0005015701226932667,0.00040768911572906005,0.00040768911572906005,0.001272912674117904,0.0015071880622750187,0.0011929618913505075,0.0011929618913505075,0.022722842226731918,0.02373417721519171,0.022787942685533254,0.02373417721519223,0.004101462783129456,0.007911392405063292,0.0043379824131291956,0.00791139240506329,0.19437432630194013,0.2034358047016275,0.19494804203413552,0.20343580470162756,no_positive_gross_work,no_positive_gross_work,-2.8091035940197076,54.36794792887609,915.2702935965925,3.6434935529202335,0.3715394719622386,-20.02699310654721,0.7919678624169557,-0.16642951658963337,-4.807420883885394,-6.69491054633075,19.301469920133798,-24.10889080401919,-25.996380466464547,234.25196870445998,-1.3659887068239842,234.3185580999853,6.0,39.053093016664214,50.0,4.6863711619997055,2.3431855809998527,11.501575925512277,80.0,0.23088314222230283,5.445004802175947,0.036287854962312224,37.108720885934304,"Gas-only screening loads. Add inertia, fatigue, stress concentrations, thermal distortion, fasteners, piston/pin/rod FEA, and hydrodynamic or mixed-lubrication bearing analysis before setting a pressure limit.",35
anchor_clearance_eccentricity,llnl_79,mechanism_divergent,0.35,3.0,5.0,0.5,0.2,10.0,5e-05,0.125,ok,,5e-05,1,experimental-pressure-coupled-two-zone,dme_llnl_2004,mechanisms/llnl_dme_2004/llnl_dme_2004.yaml,"ch3och3:0.25, ch4:0.75",0.2,0.2,10.0,100.0,5e-05,0.0,39.673267762228,-5.5,0.6981958295085633,-26.25,703.6049180287728,675.2234319901836,703.6049180287728,396.10316496176983,521.2882083916995,4.827368656842803,12.36086035019477,23.183635054818446,0.008253959247505712,0.008253959247505712,0.008194810243104604,5.9149004401107495e-05,-152.20912518346287,-3.8319066189447284,-1.5220912518346288,-164.79432003290424,3.840794627107031,1.598696699825305,0.673007091777639,0.5227544111379305,0.0,8.072103436810336e-06,0.05910821054056287,0.08351028463484586,0.24704160687152663,"Experimental two-reactor spatial bracket. Pressure equalization, zone mass, mixing time, interface heat transfer, and leakage allocation are model inputs, not calibrated measurements. Gross work excludes gas exchange and friction.",0.016104755086996467,0.016104755086996467,1.0150935491072458e-07,0.01610975204821756,0.000739190323790285,0.000739190323790285,1.0709698556961258e-07,0.0007442366939709518,3.2297434366441774e-05,3.5711778036434464e-05,3.1549762319173314e-05,3.1549762319173314e-05,3.4103985470232925e-06,3.8225273634841705e-06,3.2667443895428227e-06,3.2667443895428227e-06,3.66892311157127e-05,4.1870554113102954e-05,3.438828724972237e-05,3.438828724972237e-05,0.023711919143430862,0.023734177215191853,0.023713305353338963,0.023734177215192206,0.0077408178328320695,0.007911392405063292,0.007751440616814548,0.007911392405063293,0.20312557177404228,0.2034358047016275,0.2031435329666593,0.2034358047016275,no_positive_gross_work,no_positive_gross_work,-3.985207423046003,50.3619637005531,889.7129330370211,3.427407550971111,0.30136226328520166,-20.056436471618373,0.15330080410127467,-0.29310830403769594,-9.132547511007772,-9.497907895837855,19.301469920133798,-28.43401743114157,-28.799377815971653,219.45152484265344,-1.7163682887336549,219.5500272220558,6.0,36.591671203675965,50.0,4.391000544441116,2.195500272220558,10.792073432939402,80.0,0.21625960836045305,5.027009972461656,0.03138088870013307,35.326816950714715,"Gas-only screening loads. Add inertia, fatigue, stress concentrations, thermal distortion, fasteners, piston/pin/rod FEA, and hydrodynamic or mixed-lubrication bearing analysis before setting a pressure limit.",36
zone_mixing_sensitivity,skeletal_39,shared,0.4,2.3,3.0,0.0,0.1,0.0,5e-05,0.125,ok,,5e-05,1,experimental-pressure-coupled-two-zone,dme_luo_sk39,mechanisms/dme_luo_sk39.yaml,"CH3OCH3:0.25, CH4:0.75",0.1,0.1,0.0,100.0,5e-05,0.0,33.860314141840135,-1.0,0.6318671138397036,-22.0,652.7007663312,634.5493135397442,652.7007663312,340.1146734659248,547.3322196541017,2.315355323025163,13.46109371625154,27.378441019451845,4.6134902394957194e-07,4.6134902394957194e-07,4.468697903561691e-07,1.4479233593402856e-08,-21.233835439158874,-0.5345676513600792,-0.21233835439158877,-57.44238462486374,0.00015476132221638726,1.2246802089407107,0.9456320682248042,0.0665781433881267,0.0,5.186657994349717e-06,0.08286683160069631,0.063065935008611,0.15194470345050914,"Experimental two-reactor spatial bracket. Pressure equalization, zone mass, mixing time, interface heat transfer, and leakage allocation are model inputs, not calibrated measurements. Gross work excludes gas exchange and friction.",9.346096443488125e-07,9.346096443488125e-07,7.504203683971198e-08,5.169721921310336e-06,8.856975190390342e-09,8.344732957184479e-09,7.839757786810455e-08,4.243456803316406e-06,1.3679512046304303e-09,1.3679512046304303e-09,3.435168591664711e-10,3.435168591664711e-10,2.8770394082848396e-11,2.8770394082848396e-11,6.2840870995022235e-12,6.2840870995022235e-12,3.7505749979689167e-10,3.7505749979689167e-10,7.620584389259324e-11,7.620584389259324e-11,0.02700270018273119,0.027002700270046937,0.02700270024031898,0.027002700270027838,0.009000890736272965,0.009000900090009001,0.009000897385127169,0.009000900090009058,0.20252023502078373,0.20252025202520252,0.20252024702808508,0.20252025202520382,no_positive_gross_work,rapid_heat_release,8.748091412923065,101.45605203757862,1958.4636569390002,77.660494490156,0.9766327556280844,2.9159913111064064,-9.282659064283145,-0.9766322942790604,-1.2740301263495326,20.84924514187682,10.773535931219865,-12.047566057569398,10.075709210656957,186.46590946417558,-0.3124856839001169,186.4686827192537,6.0,31.078113786542286,50.0,3.729373654385074,1.864686827192537,9.210811644536275,80.0,0.18385619029559833,4.549443219645865,0.02900426481721919,34.024921828284945,"Gas-only screening loads. Add inertia, fatigue, stress concentrations, thermal distortion, fasteners, piston/pin/rod FEA, and hydrodynamic or mixed-lubrication bearing analysis before setting a pressure limit.",37
zone_mixing_sensitivity,skeletal_39,shared,0.4,2.3,3.0,0.0,0.1,5.0,5e-05,0.125,ok,,5e-05,1,experimental-pressure-coupled-two-zone,dme_luo_sk39,mechanisms/dme_luo_sk39.yaml,"CH3OCH3:0.25, CH4:0.75",0.1,0.1,5.0,100.0,5e-05,0.0,45.03403854568548,0.375,5.093555784458573,-7.125,879.8829214262158,735.1625967965044,879.8829214262158,464.25297993174246,537.033761593245,-8.121821808516616,-7.008145641064532,7.739588877193535,0.33522044794252115,0.33522044794252115,0.3142549158586884,0.020965532083832724,44.06229430399356,1.109280386349056,0.4406229430399356,-55.33142905717709,178.24690624719875,1.2246802089407107,0.9412953713984625,0.07189258562892911,0.0,1.811192588456735e-06,0.08084822979585383,0.06585560019200751,0.1126096288073782,"Experimental two-reactor spatial bracket. Pressure equalization, zone mass, mixing time, interface heat transfer, and leakage allocation are model inputs, not calibrated measurements. Gross work excludes gas exchange and friction.",0.6271452104747302,0.6271452104747302,-4.366670443090369e-08,0.6271427460773894,0.055791175885803096,0.05579054320532864,1.946912404890387e-08,0.05579159494601373,0.006214868602340328,0.006255024971300551,0.006208506514896317,0.006208506514896317,0.0004991351015506707,0.0005013282773594463,0.0004987836483223001,0.0004987836483223001,0.0024100954483029548,0.002603003349544366,0.002402315418004154,0.002402315418004154,0.025312498237023365,0.02700270027003724,0.025314368079604667,0.02700270027003179,0.003187829583520695,0.009000900090009001,0.003192192977554458,0.009000900090009017,0.187864078080295,0.20252025202520252,0.18787434381774035,0.2025202520252039,cool_partial_candidate,rapid_heat_release,8.748091412923065,101.45605203757862,1958.4636569390002,77.660494490156,0.9766327556280844,2.9159913111064064,-7.638811026574009,-0.6414123076855632,2.6437376582396137,20.84924514187682,10.773535931219865,-8.129798272980251,10.075709210656957,249.87122793044642,0.11718674504822314,249.87175056573565,6.0,41.64529176095594,50.0,4.997435011314713,2.4987175056573565,12.250330723439443,80.0,0.24637315082544525,36.67360164810173,1.645348731548542,39.505041180341415,"Gas-only screening loads. Add inertia, fatigue, stress concentrations, thermal distortion, fasteners, piston/pin/rod FEA, and hydrodynamic or mixed-lubrication bearing analysis before setting a pressure limit.",38
zone_mixing_sensitivity,skeletal_39,shared,0.4,2.3,3.0,0.0,0.1,10.0,5e-05,0.125,ok,,5e-05,1,experimental-pressure-coupled-two-zone,dme_luo_sk39,mechanisms/dme_luo_sk39.yaml,"CH3OCH3:0.25, CH4:0.75",0.1,0.1,10.0,100.0,5e-05,0.0,41.08185110411429,7.25,2.7280297336658634,6.0,838.8977551347098,642.304064944593,838.8977551347098,445.4530386826513,541.7914468383448,3.5347799411305774,5.73371366605475,7.697254324456167,0.28522125826803035,0.28522125826803035,0.2847441659582371,0.0004770923097932655,44.50585226047343,1.1204470799836994,0.44505852260473433,-63.43645444682916,150.73028730544345,1.2246802089407107,0.9426786715806257,0.0701928635982246,0.0,7.432867173723207e-06,0.0818501436568299,0.06630506049855071,0.11781001315176834,"Experimental two-reactor spatial bracket. Pressure equalization, zone mass, mixing time, interface heat transfer, and leakage allocation are model inputs, not calibrated measurements. Gross work excludes gas exchange and friction.",0.5340411446824451,0.5340411446824451,4.3326973392541944e-08,0.5340435899065444,0.04705176563254883,0.04705127037662027,1.0538924363830193e-07,0.04705696360426769,0.004782481899996589,0.005076736550740979,0.0044228169344646545,0.0044228169344646545,0.0003856116039399861,0.00040953148505453216,0.0003561378191102883,0.0003561378191102883,0.0018033697891174495,0.0019826106199177956,0.0016700526992655693,0.0016700526992655693,0.025572548261802157,0.027002700270039693,0.025678999989397183,0.02700270027002952,0.003972743780713885,0.009000900090009001,0.004340119825377585,0.009000900090009019,0.1901513705208053,0.20252025202520252,0.19106386057556232,0.20252025202520252,cool_partial_candidate,rapid_heat_release,8.748091412923065,101.45605203757862,1958.4636569390002,77.660494490156,0.9766327556280844,2.9159913111064064,-7.627644332939366,-0.691411497360054,2.670351135628406,20.84924514187682,10.773535931219865,-8.103184795591458,10.075709210656957,227.4445334538063,2.2601699757107285,227.62161125384674,6.0,37.936935208974454,50.0,4.5524322250769345,2.2762161125384672,11.17524163963109,80.0,0.22415053034451157,19.641814082394216,0.5051809776551046,38.573992429626365,"Gas-only screening loads. Add inertia, fatigue, stress concentrations, thermal distortion, fasteners, piston/pin/rod FEA, and hydrodynamic or mixed-lubrication bearing analysis before setting a pressure limit.",39
zone_mixing_sensitivity,skeletal_39,shared,0.4,2.3,3.0,0.0,0.1,20.0,5e-05,0.125,ok,,5e-05,1,experimental-pressure-coupled-two-zone,dme_luo_sk39,mechanisms/dme_luo_sk39.yaml,"CH3OCH3:0.25, CH4:0.75",0.1,0.1,20.0,100.0,5e-05,0.0,35.359728929248156,-1.0,0.6596494497548093,-21.875,684.3813929299517,633.9926409628163,684.3813929299517,368.20213717923997,539.0952289761286,10.582050894248683,19.3448630885556,34.60647980440165,0.0020886015750120153,0.0020886015750120153,0.0020792098298717913,9.391745140223795e-06,-20.74568852215557,-0.5222784183720582,-0.2074568852215557,-80.58322003928359,0.8376936844028751,1.2246802089407107,0.9449343427341164,0.06743309286393841,0.0,4.727781901494956e-06,0.0823566264631218,0.06499323158618822,0.13969578348876416,"Experimental two-reactor spatial bracket. Pressure equalization, zone mass, mixing time, interface heat transfer, and leakage allocation are model inputs, not calibrated measurements. Gross work excludes gas exchange and friction.",0.004117995210896946,0.004117995210896946,6.820297131074877e-08,0.004121844350036681,0.0001460693094012013,0.0001460693094012013,7.145108473531913e-08,0.0001499291652746253,7.63189554125418e-06,7.893983585338174e-06,6.194487591009765e-06,6.194487591009765e-06,1.6924621567489477e-07,1.7655105631848743e-07,1.2927039474711434e-07,1.2927039474711434e-07,5.1107994845783775e-06,5.376359864533883e-06,3.6270812122837078e-06,3.6270812122837078e-06,0.02699889237220822,0.027002700270041605,0.02699999116807328,0.027002700270028338,0.008961264053791336,0.009000900090009001,0.008972436955373912,0.009000900090009008,0.20244814071572462,0.20252025202520252,0.2024676335577444,0.20252025202520405,no_positive_gross_work,rapid_heat_release,8.748091412923065,101.45605203757862,1958.4636569390002,77.660494490156,0.9766327556280844,2.9159913111064064,-9.270369831295124,-0.9745441540530724,-1.2447413113293342,20.84924514187682,10.773535931219865,-12.0182772425492,10.075709210656957,194.97434127012951,-0.3124856839001169,194.97724106872317,6.0,32.496206844787196,50.0,3.8995448213744637,1.9497724106872318,9.618688167063338,80.0,0.19218983460798575,4.749476038234627,0.03099637145553542,34.84088447057777,"Gas-only screening loads. Add inertia, fatigue, stress concentrations, thermal distortion, fasteners, piston/pin/rod FEA, and hydrodynamic or mixed-lubrication bearing analysis before setting a pressure limit.",40
zone_mixing_sensitivity,skeletal_39,shared,0.4,2.3,3.0,0.0,0.2,0.0,5e-05,0.125,ok,,5e-05,1,experimental-pressure-coupled-two-zone,dme_luo_sk39,mechanisms/dme_luo_sk39.yaml,"CH3OCH3:0.25, CH4:0.75",0.2,0.2,0.0,100.0,5e-05,0.0,34.91042227363744,0.5,0.6368179888751371,-22.125,660.6964366502401,745.4671557970106,745.4671557970106,350.0495332062362,544.2578582542282,-3.611408615935938,3.2800512183552737,8.772441084589515,0.06532182697735335,0.06532145064356283,2.628665279451032e-06,0.06531882197828338,-25.122834359275505,-0.6324742695414897,-0.25122834359275503,-45.43372044956842,35.24679555724974,1.2246802089407107,0.9446922216958987,0.06773380659098521,0.0,5.348985279759632e-07,0.07419363854777912,0.06171629940501698,0.28294331406802437,"Experimental two-reactor spatial bracket. Pressure equalization, zone mass, mixing time, interface heat transfer, and leakage allocation are model inputs, not calibrated measurements. Gross work excludes gas exchange and friction.",0.12303742643061652,0.12303742643061652,-5.201994760939672e-09,0.12303713284807523,0.010085702294475174,0.010075813116629476,6.712238650496108e-09,0.010076175718175326,9.615970103437842e-09,9.615970103437842e-09,0.005178109048124935,0.005178109048124935,2.0620066962226855e-10,2.0620066962226855e-10,0.0005125230621589801,0.0005125230621589801,3.1320061692078194e-09,3.1320061692078194e-09,0.0010417141703462157,0.0010419373020076508,0.027002699477880098,0.02700270027004672,0.025507979083687907,0.02700270027002798,0.009000837976587293,0.009000900090009001,0.0033114489967694402,0.009000900090009006,0.20252013878335706,0.20252025202520252,0.18861368061709968,0.2025202520252046,no_positive_gross_work,rapid_heat_release,8.748091412923065,101.45605203757862,1958.4636569390002,77.660494490156,0.9766327556280844,2.9159913111064064,-9.380565682464555,-0.911310928650731,-1.5073700615565302,20.84924514187682,10.773535931219865,-12.280905992776395,10.075709210656957,192.42474987532043,0.15624821048503815,192.4254653876471,6.0,32.07091089794118,50.0,3.848509307752942,1.924254653876471,9.496466058959708,80.0,0.18969083431183942,4.585089519900986,0.03053754210057942,36.362550023180425,"Gas-only screening loads. Add inertia, fatigue, stress concentrations, thermal distortion, fasteners, piston/pin/rod FEA, and hydrodynamic or mixed-lubrication bearing analysis before setting a pressure limit.",41
zone_mixing_sensitivity,skeletal_39,shared,0.4,2.3,3.0,0.0,0.2,5.0,5e-05,0.125,ok,,5e-05,1,experimental-pressure-coupled-two-zone,dme_luo_sk39,mechanisms/dme_luo_sk39.yaml,"CH3OCH3:0.25, CH4:0.75",0.2,0.2,5.0,100.0,5e-05,0.0,54.20791991112908,8.0,4.367222208923778,-17.75,1141.7363862611503,866.3135591657034,1141.7363862611503,556.3111299796252,557.1819066149027,-17.889919237864813,3.5275297870955975,17.616212035936076,0.6426470051503848,0.6426470051503848,0.5782773253706238,0.06436967977976094,141.71844301488332,3.567800808004866,1.4171844301488332,67.71895597352402,490.42479020244,1.2246802089407107,0.9371610177035373,0.07695465957096301,0.0,2.9983974905354366e-06,0.07071561400625098,0.0651277735257655,0.19744391319593604,"Experimental two-reactor spatial bracket. Pressure equalization, zone mass, mixing time, interface heat transfer, and leakage allocation are model inputs, not calibrated measurements. Gross work excludes gas exchange and friction.",0.9435024669663087,0.9435024669663087,-4.987859441613362e-08,0.943499651991443,0.35466864968075545,0.35466864968075545,2.251005459431309e-09,0.3546687712822213,0.018695338885364298,0.01962942595620581,0.01865733791224037,0.01865733791224037,0.0043996568127725386,0.004715208640991931,0.0043851622183972375,0.0043851622183972375,0.000869334658203773,0.0032133130616544396,0.0008744072122418412,0.0024429284064924426,0.0167491362965188,0.027002700270033948,0.01678066189062762,0.027002700270031113,0.00029422149884284133,0.009000900090009001,0.000301578780624131,0.009000900090009003,0.16780537493918976,0.20252025202520252,0.16787175853564956,0.20252025202520252,cool_partial_candidate,rapid_heat_release,8.748091412923065,101.45605203757862,1958.4636569390002,77.660494490156,0.9766327556280844,2.9159913111064064,-5.1802906049181985,-0.33398575047769963,8.503106580893,20.84924514187682,10.773535931219865,-2.2704293503268644,10.075709210656957,301.928433614485,2.4926710272506023,302.2143909959268,6.0,50.3690651659878,50.0,6.044287819918536,3.022143909959268,14.745844880586898,80.0,0.29843343561814994,31.4439999042512,1.1446561238412738,45.00108611642598,"Gas-only screening loads. Add inertia, fatigue, stress concentrations, thermal distortion, fasteners, piston/pin/rod FEA, and hydrodynamic or mixed-lubrication bearing analysis before setting a pressure limit.",42
zone_mixing_sensitivity,skeletal_39,shared,0.4,2.3,3.0,0.0,0.2,10.0,5e-05,0.125,ok,,5e-05,1,experimental-pressure-coupled-two-zone,dme_luo_sk39,mechanisms/dme_luo_sk39.yaml,"CH3OCH3:0.25, CH4:0.75",0.2,0.2,10.0,100.0,5e-05,0.0,46.0991838313524,0.0,4.653505926799767,-9.875,901.1335686339846,823.4160678634621,901.1335686339846,473.93848770622697,537.1291300250653,-10.592507272261939,-9.152090078837237,8.358092642991492,0.36583144671550927,0.36583144671550927,0.3057898961710815,0.06004155054442782,41.433006826561204,1.0430873504470521,0.41433006826561203,-48.30457012897699,197.74979507164088,1.2246802089407107,0.9407625882408367,0.07254370019888436,0.0,3.185611434477958e-06,0.07238057879357192,0.06482325795481893,0.21920361598123522,"Experimental two-reactor spatial bracket. Pressure equalization, zone mass, mixing time, interface heat transfer, and leakage allocation are model inputs, not calibrated measurements. Gross work excludes gas exchange and friction.",0.6821941008657982,0.6821941008657982,-2.7911078849946406e-08,0.6821925256613172,0.06300983684849816,0.06300963213283232,3.9325867057049904e-08,0.06301175655374908,0.007214889040568927,0.007457217881832989,0.007099380473817788,0.007099380473817788,0.0006163357126919618,0.0006411233569774395,0.0006048897860061886,0.0006048897860061886,0.0025539569954956616,0.0028262925755133572,0.0025140190551749403,0.0025140190551749403,0.025085629917838907,0.02700270027003346,0.025106829065309418,0.027002700270029642,0.002675328103650712,0.009000900090009001,0.0027294891134447287,0.009000900090009003,0.18633198043330224,0.20252025202520252,0.18648967257745608,0.20252025202520252,cool_partial_candidate,rapid_heat_release,8.748091412923065,101.45605203757862,1958.4636569390002,77.660494490156,0.9766327556280844,2.9159913111064064,-7.7050040624760125,-0.6108013089125751,2.4859804095936724,20.84924514187682,10.773535931219865,-8.287555521626192,10.075709210656957,255.91539669724682,0.0,255.91539669724682,6.0,42.6525661162078,50.0,5.118307933944936,2.559153966972468,12.540075601742885,80.0,0.2523832634622062,33.505242672958325,1.3577073480901083,39.97925149607199,"Gas-only screening loads. Add inertia, fatigue, stress concentrations, thermal distortion, fasteners, piston/pin/rod FEA, and hydrodynamic or mixed-lubrication bearing analysis before setting a pressure limit.",43
zone_mixing_sensitivity,skeletal_39,shared,0.4,2.3,3.0,0.0,0.2,20.0,5e-05,0.125,ok,,5e-05,1,experimental-pressure-coupled-two-zone,dme_luo_sk39,mechanisms/dme_luo_sk39.yaml,"CH3OCH3:0.25, CH4:0.75",0.2,0.2,20.0,100.0,5e-05,0.0,42.53675014160178,2.625,3.4096332046339626,0.625,852.3222280367834,693.8697457015435,852.3222280367834,450.7862244064665,539.938742303433,-0.9031378353518916,0.6764280157941677,11.71297369821568,0.2942223603391595,0.2942223603391595,0.2573163155353226,0.0369060448038369,33.75873124261016,0.8498853504335674,0.3375873124261016,-62.821260664158665,154.27062213995362,1.2246802089407107,0.9421722228536112,0.07081910190841609,0.0,1.4322898001268289e-06,0.07327878015381488,0.064143244654782,0.22906594863420934,"Experimental two-reactor spatial bracket. Pressure equalization, zone mass, mixing time, interface heat transfer, and leakage allocation are model inputs, not calibrated measurements. Gross work excludes gas exchange and friction.",0.55222149042205,0.55222149042205,-4.5293738748548596e-08,0.5522189342005358,0.047271289216646986,0.04726601543715271,1.451767294836559e-08,0.04726679969571799,0.005020280970867758,0.005313472568866115,0.00439565268354709,0.00439565268354709,0.0003904270167456908,0.00041565920566371075,0.0003371775711091065,0.0003371775711091065,0.001908406490435484,0.002186705848508806,0.001530822415167267,0.001530822415167267,0.025540368960905974,0.02700270027002731,0.025728851924221377,0.027002700270028483,0.003770274232999572,0.009000900090009001,0.004184624811429774,0.009000900090009003,0.18968385369782606,0.20252025202520252,0.19093072549376264,0.20252025202520496,cool_partial_candidate,rapid_heat_release,8.748091412923065,101.45605203757862,1958.4636569390002,77.660494490156,0.9766327556280844,2.9159913111064064,-7.898206062489498,-0.6824103952889249,2.02552387455661,20.84924514187682,10.773535931219865,-8.748012056663255,10.075709210656957,235.70036055979955,0.8200535547719752,235.724504407788,6.0,39.287417401298,50.0,4.71449008815576,2.35724504407788,11.57100881828096,80.0,0.23231705796232516,24.54935907336453,0.76824050748385,38.88140787890781,"Gas-only screening loads. Add inertia, fatigue, stress concentrations, thermal distortion, fasteners, piston/pin/rod FEA, and hydrodynamic or mixed-lubrication bearing analysis before setting a pressure limit.",44
zone_mixing_sensitivity,skeletal_39,shared,0.4,2.3,3.0,0.0,0.3,0.0,5e-05,0.125,ok,,5e-05,1,experimental-pressure-coupled-two-zone,dme_luo_sk39,mechanisms/dme_luo_sk39.yaml,"CH3OCH3:0.25, CH4:0.75",0.3,0.3,0.0,100.0,5e-05,0.0,37.47870787616921,-1.875,1.5698480077812178,-20.75,676.9781408593739,838.9358098369968,838.9358098369968,358.6690421132894,538.6397752459653,-22.300334681264964,-20.813178852190845,-16.91991377674939,0.09149342679059157,0.09149342679059157,0.00014148128339545348,0.09135194550719612,-35.81640804986556,-0.901687930389711,-0.35816408049865556,-46.331431676657814,47.77141642934344,1.2246802089407105,0.9432290695693885,0.06952522974143169,0.0,1.0052000882331844e-06,0.06552642138369469,0.062082348739978706,0.39663346529661375,"Experimental two-reactor spatial bracket. Pressure equalization, zone mass, mixing time, interface heat transfer, and leakage allocation are model inputs, not calibrated measurements. Gross work excludes gas exchange and friction.",0.17183967707347145,0.17183967707347145,2.2716418918701104e-09,0.1718398052770606,0.014586268130793304,0.01458612756804397,1.38557957322308e-08,0.014586876071369468,6.231582721810686e-07,6.231582721810686e-07,0.0051285687475626516,0.0051285687475626516,1.3549636448779986e-08,1.3549636448779986e-08,0.0003574773593888322,0.0003574773593888322,3.3779066181996577e-07,3.3779066181996577e-07,0.002265466144036429,0.002317026003438181,0.027002483156657313,0.027002700270046837,0.025556284082933634,0.02700270027002832,0.008997111201939361,0.009000900090009001,0.0037803490874972097,0.009000900090009003,0.2025133511366924,0.20252025202520252,0.1896936300755476,0.20252025202520252,no_positive_gross_work,rapid_heat_release,8.748091412923065,101.45605203757862,1958.4636569390002,77.660494490156,0.9766327556280844,2.9159913111064064,-9.649779343312776,-0.8851393288374928,-2.148984482991933,20.84924514187682,10.773535931219863,-12.922520414211796,10.075709210656958,206.9984909714248,-0.5858431316160431,207.0093121240699,6.0,34.50155202067832,50.0,4.140186242481398,2.070093121240699,10.195100892505552,80.0,0.20399607148103693,11.302905656024768,0.18337462853386222,38.57486733073444,"Gas-only screening loads. Add inertia, fatigue, stress concentrations, thermal distortion, fasteners, piston/pin/rod FEA, and hydrodynamic or mixed-lubrication bearing analysis before setting a pressure limit.",45
zone_mixing_sensitivity,skeletal_39,shared,0.4,2.3,3.0,0.0,0.3,5.0,5e-05,0.125,numerical_invalid,,0.0001,4,experimental-pressure-coupled-two-zone,dme_luo_sk39,mechanisms/dme_luo_sk39.yaml,"CH3OCH3:0.25, CH4:0.75",0.3,0.3,5.0,100.0,0.0001,0.0,79.6213726695303,12.625,38.82098617266877,12.25,1889.3305264096941,1612.3172992543361,1889.3305264096941,726.0259599398436,640.297365753986,-13.7702648598347,11.927113130491486,21.81713347614012,0.9732455925516638,0.9732455925516638,0.73485530620309,0.23839028634857362,408.51944177445387,10.284589383299425,4.085194417744539,520.697248103218,1407.6700059275463,1.2246802089407105,0.9323062178064716,0.08289951508944415,0.0,3.720231313310579e-06,0.11966879610260948,0.06738055110192162,0.2705208066193848,"Experimental two-reactor spatial bracket. Pressure equalization, zone mass, mixing time, interface heat transfer, and leakage allocation are model inputs, not calibrated measurements. Gross work excludes gas exchange and friction.",0.9796734741498526,0.9796734741498526,-5.4386720089211964e-08,0.9796704047520103,0.9670928348100323,0.9670928348100323,-0.000122918924136034,0.9604526370713972,3.5177002786865946e-08,0.026444921561056597,3.58825328808636e-08,0.01913107008876776,0.04452431681082139,0.0445246174988796,0.0445243046293339,0.0445243046293339,1.6477495208778075e-12,0.0033761045793758294,1.3563637020125472e-12,0.0028390723782741353,2.416481265400185e-11,0.027002700270032425,2.4515597112635463e-11,0.027002700270031002,7.010641606532497e-22,0.009000900090009001,1.3429407528519695e-21,0.009000900090009003,0.12053715198030449,0.20252025202520252,0.12053717144331333,0.20252025202520252,rapid_heat_release,rapid_heat_release,8.748091412923065,101.45605203757862,1958.4636569390002,77.660494490156,0.9766327556280844,2.9159913111064064,1.5364979703763595,-0.0033871630764206184,24.511166506467234,20.84924514187682,10.773535931219863,13.73763057524737,10.075709210656958,446.1371152711961,3.916512988394282,447.1814471784313,6.0,74.53024119640521,50.0,8.943628943568626,4.471814471784313,21.65890911308056,80.0,0.44630621805218096,279.5111004432151,79.21395833301675,57.88873316844825,"Gas-only screening loads. Add inertia, fatigue, stress concentrations, thermal distortion, fasteners, piston/pin/rod FEA, and hydrodynamic or mixed-lubrication bearing analysis before setting a pressure limit.",46
zone_mixing_sensitivity,skeletal_39,shared,0.4,2.3,3.0,0.0,0.3,10.0,5e-05,0.125,ok,,5e-05,1,experimental-pressure-coupled-two-zone,dme_luo_sk39,mechanisms/dme_luo_sk39.yaml,"CH3OCH3:0.25, CH4:0.75",0.3,0.3,10.0,100.0,5e-05,0.0,52.214059428684145,8.5,3.900281548955121,-17.125,1131.7773101480595,865.2147017331225,1131.7773101480595,552.6219677189385,553.5980893302493,-17.148473800709333,2.9992443594060636,16.92797749692755,0.5983062553823847,0.5983062553823847,0.49692938324500324,0.10137687213738146,121.75388936095571,3.065187674931856,1.2175388936095572,44.896793930582014,442.27263234165684,1.2246802089407105,0.9373333915693289,0.07674350515314353,0.0,3.0499533364779677e-06,0.06311631623149558,0.06466401855901434,0.2969172400650708,"Experimental two-reactor spatial bracket. Pressure equalization, zone mass, mixing time, interface heat transfer, and leakage allocation are model inputs, not calibrated measurements. Gross work excludes gas exchange and friction.",0.9065188144143348,0.9065188144143348,-4.465165722695661e-08,0.9065162944296744,0.30328569926532334,0.3032856985031037,9.703817871752932e-09,0.30328622271261774,0.01714881992211009,0.01933254265314486,0.016667756302388512,0.016667756302388512,0.0037686090466604785,0.0044538084176473005,0.003605836447450077,0.003605836447450077,0.0010755975265398867,0.0032072833745294678,0.0011396816891502573,0.0025219631073583027,0.018091251587445442,0.027002700270031186,0.018449376230905232,0.027002700270029992,0.0005985707557954465,0.009000900090009001,0.0007004806065613002,0.009000900090009003,0.17061162304792166,0.20252025202520252,0.17140164115181533,0.20252025202520252,cool_partial_candidate,rapid_heat_release,8.748091412923065,101.45605203757862,1958.4636569390002,77.660494490156,0.9766327556280844,2.9159913111064064,-5.682903737991209,-0.3783265002456997,7.3052333616573435,20.84924514187682,10.773535931219863,-3.4683025695625194,10.075709210656958,290.6142688563828,2.647459309092112,290.9247868559037,6.0,48.48746447598395,50.0,5.818495737118074,2.909247868559037,14.203467356493247,80.0,0.28706111818271873,28.082027152476872,0.9436897271714232,44.80438972940962,"Gas-only screening loads. Add inertia, fatigue, stress concentrations, thermal distortion, fasteners, piston/pin/rod FEA, and hydrodynamic or mixed-lubrication bearing analysis before setting a pressure limit.",47
zone_mixing_sensitivity,skeletal_39,shared,0.4,2.3,3.0,0.0,0.3,20.0,5e-05,0.125,ok,,5e-05,1,experimental-pressure-coupled-two-zone,dme_luo_sk39,mechanisms/dme_luo_sk39.yaml,"CH3OCH3:0.25, CH4:0.75",0.3,0.3,20.0,100.0,5e-05,0.0,46.05319556681305,-0.375,4.630115861056993,-10.375,900.1327745437059,857.7541940429948,900.1327745437059,473.07561514691855,536.0239394055781,-11.874403124740043,-10.340435288038643,7.163732358609593,0.3647417618934521,0.3647417618934521,0.2648326484481437,0.09990911344530838,31.50064181006882,0.7930373274763707,0.3150064181006882,-44.73979222598264,196.59106362587792,1.2246802089407105,0.9407143909541466,0.07260211499940339,0.0,3.7970740495353814e-06,0.06428219801499013,0.06341831827318534,0.32582547391632144,"Experimental two-reactor spatial bracket. Pressure equalization, zone mass, mixing time, interface heat transfer, and leakage allocation are model inputs, not calibrated measurements. Gross work excludes gas exchange and friction.",0.6803162932920248,0.6803162932920248,-1.569422987760167e-08,0.6803154075641258,0.0626745480353196,0.06267433711835081,4.890619802863258e-08,0.06267697907790121,0.007210039893253985,0.0075509236776514525,0.006835971259802749,0.006835971259802749,0.0006112705744309506,0.0006476170212641564,0.0005723659556478125,0.0005723659556478125,0.0025757767765729016,0.002835037283494929,0.002486542591179767,0.002486542591179767,0.025082870898399664,0.027002700270027415,0.025153937079743477,0.027002700270028955,0.002663810284110477,0.009000900090009001,0.0028291529640385275,0.009000900090009003,0.18631932280491578,0.20252025202520252,0.1868323349640069,0.20252025202520252,cool_partial_candidate,rapid_heat_release,8.748091412923065,101.45605203757862,1958.4636569390002,77.660494490156,0.9766327556280844,2.9159913111064064,-7.955054085446695,-0.6118909937346323,1.8900385086041291,20.84924514187682,10.773535931219863,-8.883497422615733,10.075709210656958,255.65443621053348,-0.11718674504822314,255.65497094208828,6.0,42.60916182368138,50.0,5.113099418841766,2.556549709420883,12.527565698829502,80.0,0.2521235885386318,33.33683419961035,1.3446879473337385,39.95704495799755,"Gas-only screening loads. Add inertia, fatigue, stress concentrations, thermal distortion, fasteners, piston/pin/rod FEA, and hydrodynamic or mixed-lubrication bearing analysis before setting a pressure limit.",48
zone_mixing_sensitivity,llnl_79,shared,0.4,2.3,3.0,0.0,0.1,0.0,5e-05,0.125,ok,,7e-05,2,experimental-pressure-coupled-two-zone,dme_llnl_2004,mechanisms/llnl_dme_2004/llnl_dme_2004.yaml,"ch3och3:0.25, ch4:0.75",0.1,0.1,0.0,100.0,7e-05,0.0,33.84793920013411,-1.0,0.6313978039749344,-22.0,652.5236748870586,634.5084118032942,652.5236748870586,340.13318679839216,547.3436171929,3.788878945603765,12.319980373841897,24.26250153526486,4.190382435475616e-08,3.095025170000809e-08,9.763870598346554e-08,-6.668845428345746e-08,-21.155818516425963,-0.5326035538577146,-0.21155818516425964,-57.429809711363795,2.2949521927298547e-05,1.2246802089407107,0.9457873379665271,0.0663887058508111,0.0,4.468415574542032e-06,0.06163480509926536,0.07861221147202468,0.1519374600937609,"Experimental two-reactor spatial bracket. Pressure equalization, zone mass, mixing time, interface heat transfer, and leakage allocation are model inputs, not calibrated measurements. Gross work excludes gas exchange and friction.",8.227112230552672e-08,6.048593320917113e-08,6.465049696176926e-08,3.709135742328135e-06,3.264355597565715e-09,2.678745717219495e-09,6.75411718396654e-08,3.6513173883158447e-06,1.8857083234178226e-10,1.8857083234178226e-10,-3.246997116259149e-09,6.89778853701188e-35,1.9655171978918677e-11,1.9655171978918677e-11,-1.0658515551234439e-10,1.1172054116323015e-16,1.6677490635841696e-10,1.6677490635841696e-10,-7.646072876558242e-10,1.1188124938360911e-16,0.027002700088569427,0.027002700270043346,0.027002701236844753,0.027002701236844753,0.009000898111891713,0.009000900090009001,0.009000912163569902,0.009000912163569902,0.20252024815994213,0.20252025202520252,0.20252027840315678,0.20252027840315678,no_positive_gross_work,rapid_heat_release,9.10583245923181,101.77382299193145,1965.644351589714,76.09939487131373,0.9738044928893675,3.072041134311085,-9.638436013089525,-0.9738044509855432,-1.269349110985558,21.701846060150753,10.773535931219865,-12.042885042205423,10.928310128930889,186.39568783604932,-0.3124856839001169,186.3984600467409,6.0,31.06641000779015,50.0,3.727969200934818,1.863984600467409,9.207445365750765,80.0,0.18378748189523414,4.546064188619528,0.028967853583318114,34.0203056767325,"Gas-only screening loads. Add inertia, fatigue, stress concentrations, thermal distortion, fasteners, piston/pin/rod FEA, and hydrodynamic or mixed-lubrication bearing analysis before setting a pressure limit.",49
zone_mixing_sensitivity,llnl_79,shared,0.4,2.3,3.0,0.0,0.1,5.0,5e-05,0.125,ok,,5e-05,1,experimental-pressure-coupled-two-zone,dme_llnl_2004,mechanisms/llnl_dme_2004/llnl_dme_2004.yaml,"ch3och3:0.25, ch4:0.75",0.1,0.1,5.0,100.0,5e-05,0.0,43.797629791059556,1.25,2.728563018818022,-2.375,858.4943688665817,683.2411004620147,858.4943688665817,454.3766478221607,534.7553493989534,-3.75878928968524,-2.177055777837201,4.964636986543609,0.2668846986389145,0.2668846986389145,0.2639798441994573,0.0029048544394571964,31.442451033610165,0.7915723586632022,0.31442451033610164,-71.90560744741028,138.94040391901345,1.2246802089407107,0.9420614627577838,0.07094942346071488,0.0,6.756434801622264e-06,0.08084903867913992,0.07326737154662732,0.1143797474795463,"Experimental two-reactor spatial bracket. Pressure equalization, zone mass, mixing time, interface heat transfer, and leakage allocation are model inputs, not calibrated measurements. Gross work excludes gas exchange and friction.",0.4992240961756934,0.4992240961756934,3.811507188976114e-08,0.4992262472581493,0.04448980771822496,0.04448980771822496,9.590591660368321e-08,0.044494988647484024,0.004032748165994087,0.004165130394026243,0.004016604901913154,0.004016604901913154,0.0005548514588949186,0.0005759160379621796,0.0005525702372530407,0.0005525702372530407,0.0024681630974953675,0.002726301976749478,0.002458473092903878,0.002458473092903878,0.025665634532831067,0.027002700270037507,0.025670843113678666,0.027002700270031193,0.004357204160750964,0.009000900090009001,0.004373679180473026,0.009000900090009024,0.19111034893708254,0.20252025202520252,0.19115259033626927,0.20252025202520468,cool_partial_candidate,rapid_heat_release,9.10583245923181,101.77382299193145,1965.644351589714,76.09939487131373,0.9738044928893675,3.072041134311085,-8.314260100568607,-0.706919794250453,1.8865470620166098,21.701846060150753,10.773535931219865,-8.886988869203254,10.928310128930889,242.8552243126587,0.39059703889644937,242.86086768224172,6.0,40.47681128037362,50.0,4.857217353644835,2.4286086768224173,11.913998103877509,80.0,0.2394078692483873,19.64565373548976,0.4795461101787122,39.0219349138587,"Gas-only screening loads. Add inertia, fatigue, stress concentrations, thermal distortion, fasteners, piston/pin/rod FEA, and hydrodynamic or mixed-lubrication bearing analysis before setting a pressure limit.",50
zone_mixing_sensitivity,llnl_79,shared,0.4,2.3,3.0,0.0,0.1,10.0,5e-05,0.125,ok,,5e-05,1,experimental-pressure-coupled-two-zone,dme_llnl_2004,mechanisms/llnl_dme_2004/llnl_dme_2004.yaml,"ch3och3:0.25, ch4:0.75",0.1,0.1,10.0,100.0,5e-05,0.0,36.46461392601399,-1.125,0.6796114106045934,-21.5,707.1747689224549,639.4265400032733,707.1747689224549,393.0738695003277,533.9786000986028,9.750760358518079,17.038211911582014,27.455932250102798,0.03361183117503447,0.03361183117503447,0.03356336062145881,4.847055357565739e-05,-16.412383464512196,-0.4131862708922277,-0.16412383464512195,-92.78285139808332,13.995675040229028,1.2246802089407107,0.9444724085339176,0.06799447777446813,0.0,9.064544188166328e-06,0.08185075768412935,0.07304059724461483,0.13063878086925712,"Experimental two-reactor spatial bracket. Pressure equalization, zone mass, mixing time, interface heat transfer, and leakage allocation are model inputs, not calibrated measurements. Gross work excludes gas exchange and friction.",0.06542445337452668,0.06542445337452668,1.2741017125194676e-07,0.06543164396267175,0.0031608412914215277,0.0031608412914215277,1.3679695616122878e-07,0.0031682311937114645,0.00015795315861729205,0.0001641927766585253,0.00015012561945249473,0.00015012561945249473,1.4938459723569639e-05,1.5609188638810507e-05,1.4015191909068366e-05,1.4015191909068366e-05,0.00014720894693678006,0.00015643901161412475,0.0001347680209419115,0.0001347680209419115,0.02691504905372393,0.02700270027003812,0.02692249663061055,0.027002700270029153,0.00838242899524722,0.009000900090009001,0.008435465891648354,0.009000900090009032,0.20139237111560038,0.20252025202520252,0.2014836959007867,0.20252025202520346,no_positive_gross_work,rapid_heat_release,9.10583245923181,101.77382299193145,1965.644351589714,76.09939487131373,0.9738044928893675,3.072041134311085,-9.519018730124037,-0.940192661714333,-0.9847430078707318,21.701846060150753,10.773535931219865,-11.758278939090596,10.928310128930889,201.24401309633217,-0.3515421163443399,201.24780109002091,6.0,33.54130018167015,50.0,4.024956021800418,2.012478010900209,9.91924319296928,80.0,0.1983416155182348,4.893202156353072,0.0324307775239605,35.41632166332011,"Gas-only screening loads. Add inertia, fatigue, stress concentrations, thermal distortion, fasteners, piston/pin/rod FEA, and hydrodynamic or mixed-lubrication bearing analysis before setting a pressure limit.",51
zone_mixing_sensitivity,llnl_79,shared,0.4,2.3,3.0,0.0,0.1,20.0,5e-05,0.125,ok,,7e-05,2,experimental-pressure-coupled-two-zone,dme_llnl_2004,mechanisms/llnl_dme_2004/llnl_dme_2004.yaml,"ch3och3:0.25, ch4:0.75",0.1,0.1,20.0,100.0,7e-05,0.0,35.34794137772079,-1.0,0.6595352951707127,-21.875,684.2071567238517,633.9459504539036,684.2071567238517,367.8084546014736,539.055502583987,6.455686028191822,16.24781804633477,30.401161225066616,1.258231304446032e-05,1.258231304446032e-05,1.2482272752652998e-05,1.0004029180732235e-07,-20.994934582735258,-0.5285532565470363,-0.20994934582735258,-80.72439859624609,0.004445038774258217,1.2246802089407107,0.9450947369438724,0.06723704142815361,0.0,4.347603369526378e-06,0.061345761724548066,0.07879169697200117,0.1398112843433976,"Experimental two-reactor spatial bracket. Pressure equalization, zone mass, mixing time, interface heat transfer, and leakage allocation are model inputs, not calibrated measurements. Gross work excludes gas exchange and friction.",2.465462574253002e-05,2.465462574253002e-05,6.290172086509037e-08,2.820458069435982e-05,1.0267150954613124e-06,1.0267150954613124e-06,6.571504766878473e-08,4.576704765328476e-06,3.026930107268254e-08,3.144426822900103e-08,2.336770183731132e-08,2.336770183731132e-08,3.7009258375994297e-09,3.866829279169817e-09,2.7339166645245564e-09,2.7339166645245564e-09,2.9109085945602244e-08,3.0287203351093225e-08,2.0704812701059334e-08,2.0704812701059334e-08,0.027002674673436512,0.02700270027403936,0.02700268160952337,0.0270027004247721,0.009000664584031752,0.009000900117355975,0.009000721842323915,0.009000901878113046,0.20251979264861072,0.20252025233112067,0.20251990077359033,0.2025202565129381,no_positive_gross_work,rapid_heat_release,9.10583245923181,101.77382299193145,1965.644351589714,76.09939487131373,0.9738044928893675,3.072041134311085,-9.634385715778846,-0.9737919105763231,-1.2596960749641155,21.701846060150753,10.773535931219865,-12.03323200618398,10.928310128930889,194.90745278858856,-0.3124856839001169,194.91035159236864,6.0,32.48505859872811,50.0,3.898207031847373,1.9491035159236865,9.615481672391903,80.0,0.19212425383762638,4.748654125229132,0.03099203130192079,34.83644912939729,"Gas-only screening loads. Add inertia, fatigue, stress concentrations, thermal distortion, fasteners, piston/pin/rod FEA, and hydrodynamic or mixed-lubrication bearing analysis before setting a pressure limit.",52
zone_mixing_sensitivity,llnl_79,shared,0.4,2.3,3.0,0.0,0.2,0.0,5e-05,0.125,ok,,5e-05,1,experimental-pressure-coupled-two-zone,dme_llnl_2004,mechanisms/llnl_dme_2004/llnl_dme_2004.yaml,"ch3och3:0.25, ch4:0.75",0.2,0.2,0.0,100.0,5e-05,0.0,34.50585367156102,-1.375,0.6364970229091398,-22.25,658.4853837948942,691.7631089335515,691.7631089335515,348.1120489005373,544.1816925120975,-2.365385259298213,7.015977851700398,23.32918068842341,0.0005811618195410321,0.0005811618195410321,1.959108935449437e-07,0.0005809659086474872,-31.54961562532351,-0.7942702567544494,-0.3154961562532351,-71.82064985266295,0.23359606110232473,1.2246802089407107,0.9451994928582504,0.06711159985257571,0.0,1.4966838390007902e-06,0.07419378752781253,0.08018044390741791,0.28239369943916404,"Experimental two-reactor spatial bracket. Pressure equalization, zone mass, mixing time, interface heat transfer, and leakage allocation are model inputs, not calibrated measurements. Gross work excludes gas exchange and friction.",0.0011373760458080787,0.0011373760458080787,2.1584810988914238e-08,0.0011385942176736078,4.875447282914173e-05,4.875447282914173e-05,2.261909813516659e-08,4.997637812436671e-05,4.820118557911538e-10,4.820118557911538e-10,8.863014959057472e-06,8.863014959057472e-06,5.288011973237249e-11,5.288011973237249e-11,9.583807434118502e-07,9.583807434118502e-07,4.248788514629046e-10,4.248788514629046e-10,9.38869901937344e-06,9.38869901937344e-06,0.027002699835079868,0.02700270027004335,0.026996552460651784,0.0270027002700283,0.009000895620100724,0.009000900090009001,0.008948439765132918,0.009000900090009006,0.20252024326137127,0.20252025202520252,0.20242330771319716,0.20252025202520268,no_positive_gross_work,rapid_heat_release,9.10583245923181,101.77382299193145,1965.644351589714,76.09939487131373,0.9738044928893675,3.072041134311085,-9.90010271598626,-0.9732233310698265,-1.8929769375194108,21.701846060150753,10.773535931219865,-12.666512868739275,10.928310128930889,190.12902464271298,-0.42965028379372305,190.13437045298852,6.0,31.689061742164753,50.0,3.80268740905977,1.901343704529885,9.386413766609158,80.0,0.18744197057983178,4.582778564945807,0.029731919894510673,35.02827686130365,"Gas-only screening loads. Add inertia, fatigue, stress concentrations, thermal distortion, fasteners, piston/pin/rod FEA, and hydrodynamic or mixed-lubrication bearing analysis before setting a pressure limit.",53
zone_mixing_sensitivity,llnl_79,shared,0.4,2.3,3.0,0.0,0.2,5.0,5e-05,0.125,ok,,5e-05,1,experimental-pressure-coupled-two-zone,dme_llnl_2004,mechanisms/llnl_dme_2004/llnl_dme_2004.yaml,"ch3och3:0.25, ch4:0.75",0.2,0.2,5.0,100.0,5e-05,0.0,46.70820878162427,0.25,2.9181911265891642,-14.5,917.0285428636171,828.6061431228572,917.0285428636171,485.4316518118889,531.1362303089721,-15.09380212863736,-10.427937159628785,12.371816826092525,0.36532453219675004,0.36532453219675004,0.31218904403594655,0.053135488160803504,31.866746166759267,0.8022541054187949,0.3186674616675927,-47.021094153391175,199.41947432134157,1.2246802089407107,0.9403523263225319,0.07304470889124777,0.0,4.6165709012014416e-06,0.07071766138252657,0.0763783145513775,0.21323641114789962,"Experimental two-reactor spatial bracket. Pressure equalization, zone mass, mixing time, interface heat transfer, and leakage allocation are model inputs, not calibrated measurements. Gross work excludes gas exchange and friction.",0.6741143250081365,0.6741143250081365,-3.868787642810804e-09,0.6741141066671807,0.06975144808887832,0.06975144808887832,6.108323106502903e-08,0.06975474786338928,0.007347782708090551,0.007634151627907493,0.007337531184063602,0.007337531184063602,0.000895541885678414,0.0009247825643463025,0.0008945261950288054,0.0008945261950288054,0.002878257126870831,0.003252692343223607,0.0028776475340616036,0.0028776475340616036,0.024899529471050064,0.027002700270034426,0.024901866601522517,0.027002700270031446,0.002764687239567245,0.009000900090009001,0.0027690005526248168,0.009000900090009003,0.1858144664085135,0.20252025202520252,0.1858296452554722,0.20252025202520255,cool_partial_candidate,rapid_heat_release,9.10583245923181,101.77382299193145,1965.644351589714,76.09939487131373,0.9738044928893675,3.072041134311085,-8.303578353813014,-0.6084799606926174,1.9120047700055562,21.701846060150753,10.773535931219865,-8.861531161214309,10.928310128930889,259.3713098315106,0.0781247763105524,259.3715509467081,6.0,43.22859182445135,50.0,5.187431018934162,2.593715509467081,12.705744888810887,80.0,0.2558237282911085,21.01097611144198,0.5315816209680599,40.33030454769866,"Gas-only screening loads. Add inertia, fatigue, stress concentrations, thermal distortion, fasteners, piston/pin/rod FEA, and hydrodynamic or mixed-lubrication bearing analysis before setting a pressure limit.",54
zone_mixing_sensitivity,llnl_79,shared,0.4,2.3,3.0,0.0,0.2,10.0,5e-05,0.125,ok,,5e-05,1,experimental-pressure-coupled-two-zone,dme_llnl_2004,mechanisms/llnl_dme_2004/llnl_dme_2004.yaml,"ch3och3:0.25, ch4:0.75",0.2,0.2,10.0,100.0,5e-05,0.0,43.690058670811595,0.625,2.7030151455681164,-5.75,866.829931529435,764.6675619026639,866.829931529435,460.94912113415785,534.1021851549084,-6.7338940206830555,-5.049395021075736,8.463110236049284,0.29095855776936796,0.29095855776936796,0.2417701948813099,0.04918836288805806,26.026050276830066,0.6552129788576483,0.2602605027683007,-65.9780725606395,152.50904055677404,1.2246802089407107,0.9416949509568728,0.07139946088641397,0.0,5.5787580213101e-06,0.07238162828467146,0.0824948248621037,0.22321581207172006,"Experimental two-reactor spatial bracket. Pressure equalization, zone mass, mixing time, interface heat transfer, and leakage allocation are model inputs, not calibrated measurements. Gross work excludes gas exchange and friction.",0.5440975831668676,0.5440975831668676,1.6366748046052377e-08,0.5440985068493596,0.04865429711493076,0.04865429711493076,7.761869717524271e-08,0.04865849015112172,0.004551298923604567,0.004625628704424663,0.004511647321334752,0.004511647321334752,0.0006172250730688293,0.0006246502310210307,0.0006134199404212072,0.0006134199404212072,0.0025305324350883233,0.0028127334749640173,0.002469137155213007,0.002469137155213007,0.025540084663917523,0.027002700270031838,0.025550302607435075,0.02700270027002971,0.003945690024171849,0.009000900090009001,0.0039574065251907365,0.009000900090009003,0.18997648616852084,0.20252025202520252,0.1900301033276741,0.20252025202520255,cool_partial_candidate,rapid_heat_release,9.10583245923181,101.77382299193145,1965.644351589714,76.09939487131373,0.9738044928893675,3.072041134311085,-8.450619480374161,-0.6828459351199996,1.5615630166098042,21.701846060150753,10.773535931219865,-9.21197291461006,10.928310128930889,242.2448118046548,0.1953090048544969,242.24621923159907,6.0,40.374369871933176,50.0,4.844924384631981,2.4224621923159906,11.884736197952915,80.0,0.2388024364886523,19.461709048090437,0.4740515358803014,39.21091928732222,"Gas-only screening loads. Add inertia, fatigue, stress concentrations, thermal distortion, fasteners, piston/pin/rod FEA, and hydrodynamic or mixed-lubrication bearing analysis before setting a pressure limit.",55
zone_mixing_sensitivity,llnl_79,shared,0.4,2.3,3.0,0.0,0.2,20.0,5e-05,0.125,ok,,5e-05,1,experimental-pressure-coupled-two-zone,dme_llnl_2004,mechanisms/llnl_dme_2004/llnl_dme_2004.yaml,"ch3och3:0.25, ch4:0.75",0.2,0.2,20.0,100.0,5e-05,0.0,36.86301248242994,-1.25,0.6811643714861049,-21.75,804.0947240555199,682.9783342610672,804.0947240555199,447.8097604341499,539.4591335241043,7.116283455636377,10.865570817620823,16.200010630142252,0.2386781417598493,0.2386781417598493,0.23802498472259226,0.000653157037257031,25.3803946838273,0.6389584216002968,0.253803946838273,-78.26566421625846,126.26950488098865,1.2246802089407107,0.9429440609904777,0.06986865656623796,0.0,6.6227412523625405e-06,0.07327970018054562,0.08019558574276876,0.23015756486241437,"Experimental two-reactor spatial bracket. Pressure equalization, zone mass, mixing time, interface heat transfer, and leakage allocation are model inputs, not calibrated measurements. Gross work excludes gas exchange and friction.",0.4478269318632551,0.4478269318632551,5.139650836790525e-08,0.4478298325039193,0.03848126230517963,0.03848126230517963,9.556975673232771e-08,0.03848642507476121,0.003580106581806017,0.004050387174837812,0.002597402290869082,0.002597402290869082,0.0005115490533334007,0.0005800158026985832,0.0003705703632044385,0.0003705703632044385,0.0018644610196537532,0.002172317461917559,0.0013617988980885005,0.0013617988980885005,0.0257756972392981,0.027002700270027383,0.026108928899445938,0.02700270027002877,0.004559546924405435,0.009000900090009001,0.005746003287813117,0.009000900090009005,0.19184331977376234,0.20252025202520252,0.19472241595511722,0.20252025202520255,cool_partial_candidate,rapid_heat_release,9.10583245923181,101.77382299193145,1965.644351589714,76.09939487131373,0.9738044928893675,3.072041134311085,-8.466874037631513,-0.7351263511295183,1.522823681029638,21.701846060150753,10.773535931219865,-9.250712250190226,10.928310128930889,203.50472639416174,-0.39059703889644937,203.50945535309677,6.0,33.918242558849464,50.0,4.070189107061935,2.0350945535309677,10.027617085994333,80.0,0.20056209834428632,4.904383474699954,0.03436456960487243,37.765364529848036,"Gas-only screening loads. Add inertia, fatigue, stress concentrations, thermal distortion, fasteners, piston/pin/rod FEA, and hydrodynamic or mixed-lubrication bearing analysis before setting a pressure limit.",56
zone_mixing_sensitivity,llnl_79,shared,0.4,2.3,3.0,0.0,0.3,0.0,5e-05,0.125,ok,,5e-05,1,experimental-pressure-coupled-two-zone,dme_llnl_2004,mechanisms/llnl_dme_2004/llnl_dme_2004.yaml,"ch3och3:0.25, ch4:0.75",0.3,0.3,0.0,100.0,5e-05,0.0,37.43410242712762,-1.875,1.1717493792028222,-14.5,676.0825248890754,830.8758840871186,830.8758840871186,358.33289149876896,538.6329548994053,-16.357644331713754,-14.368714095901197,-9.419780176634676,0.08489298423598653,0.08489298423598653,3.066031200796001e-06,0.08488991820478574,-34.28450134563803,-0.8631217574847697,-0.3428450134563803,-50.90006593355148,44.21627626924862,1.2246802089407105,0.9435841711793452,0.0690899266257644,0.0,1.4224018785107528e-06,0.0655275643854402,0.08050973247351943,0.39649247109288444,"Experimental two-reactor spatial bracket. Pressure equalization, zone mass, mixing time, interface heat transfer, and leakage allocation are model inputs, not calibrated measurements. Gross work excludes gas exchange and friction.",0.15922471589498274,0.15922471589498274,6.171902163838697e-09,0.1592250642157337,0.013742772392850414,0.013742772392850414,2.001291447287675e-08,0.013743853509613841,1.0132262171615759e-08,1.0132262171615759e-08,0.0040635771630784575,0.0040635771630784575,1.2396854124290085e-09,1.2396854124290085e-09,0.000534103745959213,0.000534103745959213,9.241829385716863e-09,9.241829385716863e-09,0.0025541542501126995,0.0026165557397451033,0.02700269171390338,0.027002700270043378,0.02564636384588318,0.02700270027002864,0.009000819783917185,0.009000900090009001,0.0041409866341524226,0.009000900090009003,0.20252009446874664,0.20252025202520252,0.19076075862023553,0.20252025202520255,no_positive_gross_work,rapid_heat_release,9.10583245923181,101.77382299193145,1965.644351589714,76.09939487131373,0.9738044928893675,3.072041134311085,-9.968954216716579,-0.888911508653381,-2.057070080738282,21.701846060150753,10.773535931219863,-12.830606011958144,10.92831012893089,206.74537727364645,-0.5858431316160431,206.7561851943982,6.0,34.459364199066364,50.0,4.135123703887964,2.067561851943982,10.18296714833174,80.0,0.2037471922177736,8.43659553026032,0.10179217519652894,38.38911954997573,"Gas-only screening loads. Add inertia, fatigue, stress concentrations, thermal distortion, fasteners, piston/pin/rod FEA, and hydrodynamic or mixed-lubrication bearing analysis before setting a pressure limit.",57
zone_mixing_sensitivity,llnl_79,shared,0.4,2.3,3.0,0.0,0.3,5.0,5e-05,0.125,ok,,0.0001,3,experimental-pressure-coupled-two-zone,dme_llnl_2004,mechanisms/llnl_dme_2004/llnl_dme_2004.yaml,"ch3och3:0.25, ch4:0.75",0.3,0.3,5.0,100.0,0.0001,0.0,72.88764795400665,16.0,29.851598523761112,15.625,1866.200020173647,1666.9430529346232,1866.200020173647,733.8919854797074,644.4115144539056,-5.697989121208705,15.291473776738767,22.4268469898492,0.9667695767388981,0.9667695767388981,0.7289846820178674,0.23778489472103073,413.24160296244054,10.40347109088535,4.132416029624405,514.4918515980659,1373.9493856232448,1.2246802089407105,0.9337512187300634,0.08112917663247375,0.0,4.3946552597160775e-06,0.06537773146857508,0.08426839843901306,0.27000988089972117,"Experimental two-reactor spatial bracket. Pressure equalization, zone mass, mixing time, interface heat transfer, and leakage allocation are model inputs, not calibrated measurements. Gross work excludes gas exchange and friction.",0.9740851187728051,0.9740851187728051,-1.7470419304910362e-07,0.9740752590741085,0.9597671518815343,0.9597671518815343,-4.401406022486122e-05,0.9573894702899688,2.9546555924496192e-08,0.026749800454223212,2.990712866942183e-08,0.02148919680289615,0.04456085675005592,0.044561053366477525,0.04456084747523634,0.04456084747523634,3.9496511517403414e-13,0.0035163978193486784,3.1087516244220784e-13,0.0029890864736511406,3.056717476517572e-24,0.02700270027003317,3.2131757359035422e-24,0.02700270027003168,3.6813536881913395e-43,0.009000900090009001,3.966687885864743e-43,0.009000900090009003,0.12048645678759308,0.20252025202520252,0.12048647050911182,0.20252025202520252,rapid_heat_release,rapid_heat_release,9.10583245923181,101.77382299193145,1965.644351589714,76.09939487131373,0.9738044928893675,3.072041134311085,1.297638631653541,-0.007034916150469472,24.79449617774643,21.701846060150753,10.773535931219863,14.020960246526569,10.92831012893089,407.926582719933,4.9413912224241425,409.44836722213347,6.0,68.24139453702225,50.0,8.18896734444267,4.094483672221335,19.82717566367919,80.0,0.4065829408257775,214.93150937108,50.851599892069025,57.53328471841191,"Gas-only screening loads. Add inertia, fatigue, stress concentrations, thermal distortion, fasteners, piston/pin/rod FEA, and hydrodynamic or mixed-lubrication bearing analysis before setting a pressure limit.",58
zone_mixing_sensitivity,llnl_79,shared,0.4,2.3,3.0,0.0,0.3,10.0,5e-05,0.125,ok,,5e-05,1,experimental-pressure-coupled-two-zone,dme_llnl_2004,mechanisms/llnl_dme_2004/llnl_dme_2004.yaml,"ch3och3:0.25, ch4:0.75",0.3,0.3,10.0,100.0,5e-05,0.0,46.457803730705855,0.0,2.6184988296222684,-13.75,916.6673917838831,844.2529462020594,916.6673917838831,482.80949825727185,531.5012610096119,-14.305750215468356,-10.145949410116495,11.703416723744752,0.354769969196125,0.354769969196125,0.2706165393387565,0.08415342985736847,26.534349896512918,0.6680095616822465,0.2653434989651292,-50.58780739821727,192.54709378234568,1.2246802089407105,0.940449615240392,0.07292447110026484,0.0,5.706549631525893e-06,0.06311801652540278,0.0811134446537032,0.3189172879096915,"Experimental two-reactor spatial bracket. Pressure equalization, zone mass, mixing time, interface heat transfer, and leakage allocation are model inputs, not calibrated measurements. Gross work excludes gas exchange and friction.",0.6556863028163603,0.6556863028163603,1.499331482950541e-08,0.6556871489870452,0.06673334733507195,0.06673334733507195,7.814209383509874e-08,0.06673756864565066,0.006960628489933397,0.00755085474996656,0.00683838170456163,0.00683838170456163,0.00085647366340895,0.0009150566532297741,0.000844505421438671,0.000844505421438671,0.0028650345035153495,0.003257928802781668,0.002855892917703012,0.002855892917703012,0.02498392955884662,0.027002700270030575,0.02501154214127732,0.027002700270030305,0.002919272269230815,0.009000900090009001,0.0029711261101543355,0.009000900090009003,0.18637482918200088,0.20252025202520252,0.18655556680404897,0.20252025202520252,cool_partial_candidate,rapid_heat_release,9.10583245923181,101.77382299193145,1965.644351589714,76.09939487131373,0.9738044928893675,3.072041134311085,-8.437822897549562,-0.6190345236932425,1.5920609937907753,21.701846060150753,10.773535931219863,-9.181474937429087,10.92831012893089,257.95038593673644,0.0,257.95038593673644,6.0,42.99173098945607,50.0,5.1590077187347285,2.5795038593673643,12.637628752936054,80.0,0.25440880102067454,18.85319157328033,0.43022561369733936,40.32236217366544,"Gas-only screening loads. Add inertia, fatigue, stress concentrations, thermal distortion, fasteners, piston/pin/rod FEA, and hydrodynamic or mixed-lubrication bearing analysis before setting a pressure limit.",59
zone_mixing_sensitivity,llnl_79,shared,0.4,2.3,3.0,0.0,0.3,20.0,5e-05,0.125,ok,,5e-05,1,experimental-pressure-coupled-two-zone,dme_llnl_2004,mechanisms/llnl_dme_2004/llnl_dme_2004.yaml,"ch3och3:0.25, ch4:0.75",0.3,0.3,20.0,100.0,5e-05,0.0,44.89899018847104,0.125,2.6188253907922103,-5.125,872.8065027096795,831.4132583064292,872.8065027096795,460.453079160501,533.5400288155516,-6.257203715382845,-4.505868992375959,3.7185864116376495,0.2999001278617279,0.2999001278617279,0.21157893272328726,0.08832119513844067,19.663949787726466,0.4950453480063261,0.19663949787726467,-61.40019640701855,157.29287934154678,1.2246802089407105,0.9416630148993046,0.07143901930150703,0.0,5.131800583597136e-06,0.06428394847570656,0.08024343819234457,0.3311114649710391,"Experimental two-reactor spatial bracket. Pressure equalization, zone mass, mixing time, interface heat transfer, and leakage allocation are model inputs, not calibrated measurements. Gross work excludes gas exchange and friction.",0.5601290692313545,0.5601290692313545,6.7289954486977195e-09,0.5601294489925183,0.050809411246852676,0.050809411246852676,7.040384842730184e-08,0.05081321453002014,0.004697903481007513,0.0047855760843212025,0.004594278164593153,0.004594278164593153,0.0006421823013849971,0.0006481299725426689,0.0006351885304547923,0.0006351885304547923,0.0027052891559567476,0.002869807794275521,0.002644310657599787,0.002644310657599787,0.025474705730408498,0.02700270027002731,0.025491262354051032,0.027002700270029326,0.0037985737738950873,0.009000900090009001,0.003823516824335986,0.009000900090009003,0.1895846055558565,0.20252025202520252,0.18969903961180773,0.20252025202520255,cool_partial_candidate,rapid_heat_release,9.10583245923181,101.77382299193145,1965.644351589714,76.09939487131373,0.9738044928893675,3.072041134311085,-8.610787111225484,-0.6739043650276396,1.179836987263588,21.701846060150753,10.773535931219863,-9.593698943956275,10.92831012893089,249.1048957937256,0.039062472038816624,249.10495368678946,6.0,41.517492281131574,50.0,4.982099073735789,2.4910495368678944,12.213594354840037,80.0,0.24561177487305608,18.855542813703913,0.4344899917254077,39.34586172976829,"Gas-only screening loads. Add inertia, fatigue, stress concentrations, thermal distortion, fasteners, piston/pin/rod FEA, and hydrodynamic or mixed-lubrication bearing analysis before setting a pressure limit.",60
pressure_coupling_sensitivity,skeletal_39,shared,0.4,2.3,3.0,0.0,0.2,10.0,3e-05,0.125,numerical_invalid,,3e-05,1,experimental-pressure-coupled-two-zone,dme_luo_sk39,mechanisms/dme_luo_sk39.yaml,"CH3OCH3:0.25, CH4:0.75",0.2,0.2,10.0,100.0,3e-05,0.0,46.09852548417842,0.0,4.652624752039145,-9.875,901.0956135145136,823.4154160392126,901.0956135145136,473.9244478621957,537.1032518528417,-10.589530507341266,-9.15027402242331,8.350722032407134,0.3657656866070454,0.3657656866070454,0.3057260421711088,0.0600396444359366,41.40022694636325,1.0422621079410768,0.4140022694636325,-48.401289383310676,197.7047706441047,1.2246802089407107,0.9407624322666742,0.07254322231631816,0.0,3.854512470792804e-06,0.11059205673900578,0.06344212090506657,0.21921164013839295,"Experimental two-reactor spatial bracket. Pressure equalization, zone mass, mixing time, interface heat transfer, and leakage allocation are model inputs, not calibrated measurements. Gross work excludes gas exchange and friction.",0.6820766142923808,0.6820766142923808,-1.8544980634251566e-08,0.6820755676779968,0.06299358924056273,0.06299338451193191,4.9388912129474616e-08,0.06299605254815938,0.007212520308410403,0.007454558034408296,0.0070971472719572,0.0070971472719572,0.0006160197754856801,0.0006407741698003978,0.0006045891167302839,0.0006045891167302839,0.0025539414743096086,0.0028260205272318383,0.002514015112415504,0.002514015112415504,0.025086141719637266,0.027002700270033427,0.02510731055552987,0.027002700270029635,0.002676416632444012,0.009000900090009001,0.0027305256608875727,0.009000900090009003,0.18633537957893678,0.20252025202520252,0.18649289703624022,0.20252025202520252,cool_partial_candidate,rapid_heat_release,8.748091412923065,101.45605203757862,1958.4636569390002,77.660494490156,0.9766327556280844,2.9159913111064064,-7.705829304981989,-0.6108670690210389,2.484013616781795,20.84924514187682,10.773535931219865,-8.28952231443807,10.075709210656957,255.9116609050688,0.0,255.9116609050688,6.0,42.65194348417813,50.0,5.118233218101376,2.559116609050688,12.539896515636627,80.0,0.2523795459557238,33.498898214681844,1.3571840132679802,39.978409538065875,"Gas-only screening loads. Add inertia, fatigue, stress concentrations, thermal distortion, fasteners, piston/pin/rod FEA, and hydrodynamic or mixed-lubrication bearing analysis before setting a pressure limit.",61
pressure_coupling_sensitivity,skeletal_39,shared,0.4,2.3,3.0,0.0,0.2,10.0,5e-05,0.125,ok,,5e-05,1,experimental-pressure-coupled-two-zone,dme_luo_sk39,mechanisms/dme_luo_sk39.yaml,"CH3OCH3:0.25, CH4:0.75",0.2,0.2,10.0,100.0,5e-05,0.0,46.0991838313524,0.0,4.653505926799767,-9.875,901.1335686339846,823.4160678634621,901.1335686339846,473.93848770622697,537.1291300250653,-10.592507272261939,-9.152090078837237,8.358092642991492,0.36583144671550927,0.36583144671550927,0.3057898961710815,0.06004155054442782,41.433006826561204,1.0430873504470521,0.41433006826561203,-48.30457012897699,197.74979507164088,1.2246802089407107,0.9407625882408367,0.07254370019888436,0.0,3.185611434477958e-06,0.07238057879357192,0.06482325795481893,0.21920361598123522,"Experimental two-reactor spatial bracket. Pressure equalization, zone mass, mixing time, interface heat transfer, and leakage allocation are model inputs, not calibrated measurements. Gross work excludes gas exchange and friction.",0.6821941008657982,0.6821941008657982,-2.7911078849946406e-08,0.6821925256613172,0.06300983684849816,0.06300963213283232,3.9325867057049904e-08,0.06301175655374908,0.007214889040568927,0.007457217881832989,0.007099380473817788,0.007099380473817788,0.0006163357126919618,0.0006411233569774395,0.0006048897860061886,0.0006048897860061886,0.0025539569954956616,0.0028262925755133572,0.0025140190551749403,0.0025140190551749403,0.025085629917838907,0.02700270027003346,0.025106829065309418,0.027002700270029642,0.002675328103650712,0.009000900090009001,0.0027294891134447287,0.009000900090009003,0.18633198043330224,0.20252025202520252,0.18648967257745608,0.20252025202520252,cool_partial_candidate,rapid_heat_release,8.748091412923065,101.45605203757862,1958.4636569390002,77.660494490156,0.9766327556280844,2.9159913111064064,-7.7050040624760125,-0.6108013089125751,2.4859804095936724,20.84924514187682,10.773535931219865,-8.287555521626192,10.075709210656957,255.91539669724682,0.0,255.91539669724682,6.0,42.6525661162078,50.0,5.118307933944936,2.559153966972468,12.540075601742885,80.0,0.2523832634622062,33.505242672958325,1.3577073480901083,39.97925149607199,"Gas-only screening loads. Add inertia, fatigue, stress concentrations, thermal distortion, fasteners, piston/pin/rod FEA, and hydrodynamic or mixed-lubrication bearing analysis before setting a pressure limit.",62
pressure_coupling_sensitivity,skeletal_39,shared,0.4,2.3,3.0,0.0,0.2,10.0,7e-05,0.125,ok,,7e-05,1,experimental-pressure-coupled-two-zone,dme_luo_sk39,mechanisms/dme_luo_sk39.yaml,"CH3OCH3:0.25, CH4:0.75",0.2,0.2,10.0,100.0,7e-05,0.0,46.09851829365502,0.0,4.6533707738660155,-9.875,901.1365033830806,823.4121382962101,901.1365033830806,473.9401333893693,537.139196155804,-10.593447455483702,-9.152816012583749,8.358840692184232,0.3658409842097972,0.3658409842097972,0.30579913866127734,0.06004184554851987,41.431998716290245,1.0430619709935192,0.41431998716290247,-48.26591804308995,197.7562655572066,1.2246802089407107,0.9407635354214763,0.07254157821833114,0.0,4.147598604280256e-06,0.05404207527640654,0.0647174001200737,0.21920128180333395,"Experimental two-reactor spatial bracket. Pressure equalization, zone mass, mixing time, interface heat transfer, and leakage allocation are model inputs, not calibrated measurements. Gross work excludes gas exchange and friction.",0.6822114320143546,0.6822114320143546,-1.2468039638532014e-08,0.6822107283614427,0.06301191427765264,0.06301170955401467,5.398211303717802e-08,0.06301462571934426,0.007215212678694933,0.007457576547414584,0.007099688194648555,0.007099688194648555,0.0006163848884058131,0.0006411743501099749,0.0006049380728704297,0.0006049380728704297,0.002553946474169342,0.0028263346473222156,0.0025140009232337596,0.0025140009232337596,0.02508556330461457,0.027002700270033476,0.025106766127123644,0.027002700270029652,0.002675165964412226,0.009000900090009001,0.002729330982794064,0.00900090009000902,0.18633150793856904,0.20252025202520252,0.18648921509561822,0.20252025202520274,cool_partial_candidate,rapid_heat_release,8.748091412923065,101.45605203757862,1958.4636569390002,77.660494490156,0.9766327556280844,2.9159913111064064,-7.705029441929546,-0.6107917714182871,2.485919922977415,20.84924514187682,10.773535931219865,-8.28761600824245,10.075709210656957,255.91162010243133,0.0,255.91162010243133,6.0,42.651936683738555,50.0,5.118232402048626,2.559116201024313,12.539894559643061,80.0,0.25237950535282433,33.504269571835316,1.3576502959906345,39.97931659684103,"Gas-only screening loads. Add inertia, fatigue, stress concentrations, thermal distortion, fasteners, piston/pin/rod FEA, and hydrodynamic or mixed-lubrication bearing analysis before setting a pressure limit.",63
pressure_coupling_sensitivity,llnl_79,shared,0.4,2.3,3.0,0.0,0.2,10.0,3e-05,0.125,numerical_invalid,,3e-05,1,experimental-pressure-coupled-two-zone,dme_llnl_2004,mechanisms/llnl_dme_2004/llnl_dme_2004.yaml,"ch3och3:0.25, ch4:0.75",0.2,0.2,10.0,100.0,3e-05,0.0,43.68803548849485,0.5,2.7009069243914325,-5.75,866.8021877602105,764.6343842242283,866.8021877602105,460.94825186242736,534.077139051286,-6.728694894766518,-5.044161148130419,8.464610534997318,0.29093204586421334,0.29093204586421334,0.2417498056595943,0.04918224020461901,26.00225201096161,0.6546138509644236,0.26002252010961613,-66.06862813582366,152.4938582000047,1.2246802089407107,0.9416983310402032,0.07139621398846689,0.0,4.68613480924239e-06,0.11058954641306219,0.08184337507010649,0.2232264513828507,"Experimental two-reactor spatial bracket. Pressure equalization, zone mass, mixing time, interface heat transfer, and leakage allocation are model inputs, not calibrated measurements. Gross work excludes gas exchange and friction.",0.5440501149053386,0.5440501149053386,3.112944679434209e-09,0.5440502905891391,0.04864784459978638,0.04864784459978638,6.41357701870542e-08,0.048651309275377745,0.004550414892969818,0.004624713351334974,0.004510779590525657,0.004510779590525657,0.000617124433875208,0.0006245530882248529,0.0006133178059203194,0.0006133178059203194,0.002530265005851481,0.0028124921242486424,0.0024688581298775818,0.0024688581298775818,0.025540281213903823,0.02700270027003191,0.025550499742779356,0.0270027002700297,0.003946120164716088,0.009000900090009001,0.003957836400092019,0.009000900090009013,0.18997795039140156,0.20252025202520252,0.19003156463513668,0.20252025202520255,cool_partial_candidate,rapid_heat_release,9.10583245923181,101.77382299193145,1965.644351589714,76.09939487131373,0.9738044928893675,3.072041134311085,-8.451218608267386,-0.6828724470251542,1.5601351206576968,21.701846060150753,10.773535931219865,-9.213400810562169,10.928310128930889,242.2333312530972,0.15624821048503815,242.23423197368825,6.0,40.37237199561471,50.0,4.8446846394737655,2.4223423197368827,11.884185844191752,80.0,0.23879105046328408,19.446529855618316,0.47332669383165266,39.21029178972386,"Gas-only screening loads. Add inertia, fatigue, stress concentrations, thermal distortion, fasteners, piston/pin/rod FEA, and hydrodynamic or mixed-lubrication bearing analysis before setting a pressure limit.",64
pressure_coupling_sensitivity,llnl_79,shared,0.4,2.3,3.0,0.0,0.2,10.0,5e-05,0.125,ok,,5e-05,1,experimental-pressure-coupled-two-zone,dme_llnl_2004,mechanisms/llnl_dme_2004/llnl_dme_2004.yaml,"ch3och3:0.25, ch4:0.75",0.2,0.2,10.0,100.0,5e-05,0.0,43.690058670811595,0.625,2.7030151455681164,-5.75,866.829931529435,764.6675619026639,866.829931529435,460.94912113415785,534.1021851549084,-6.7338940206830555,-5.049395021075736,8.463110236049284,0.29095855776936796,0.29095855776936796,0.2417701948813099,0.04918836288805806,26.026050276830066,0.6552129788576483,0.2602605027683007,-65.9780725606395,152.50904055677404,1.2246802089407107,0.9416949509568728,0.07139946088641397,0.0,5.5787580213101e-06,0.07238162828467146,0.0824948248621037,0.22321581207172006,"Experimental two-reactor spatial bracket. Pressure equalization, zone mass, mixing time, interface heat transfer, and leakage allocation are model inputs, not calibrated measurements. Gross work excludes gas exchange and friction.",0.5440975831668676,0.5440975831668676,1.6366748046052377e-08,0.5440985068493596,0.04865429711493076,0.04865429711493076,7.761869717524271e-08,0.04865849015112172,0.004551298923604567,0.004625628704424663,0.004511647321334752,0.004511647321334752,0.0006172250730688293,0.0006246502310210307,0.0006134199404212072,0.0006134199404212072,0.0025305324350883233,0.0028127334749640173,0.002469137155213007,0.002469137155213007,0.025540084663917523,0.027002700270031838,0.025550302607435075,0.02700270027002971,0.003945690024171849,0.009000900090009001,0.0039574065251907365,0.009000900090009003,0.18997648616852084,0.20252025202520252,0.1900301033276741,0.20252025202520255,cool_partial_candidate,rapid_heat_release,9.10583245923181,101.77382299193145,1965.644351589714,76.09939487131373,0.9738044928893675,3.072041134311085,-8.450619480374161,-0.6828459351199996,1.5615630166098042,21.701846060150753,10.773535931219865,-9.21197291461006,10.928310128930889,242.2448118046548,0.1953090048544969,242.24621923159907,6.0,40.374369871933176,50.0,4.844924384631981,2.4224621923159906,11.884736197952915,80.0,0.2388024364886523,19.461709048090437,0.4740515358803014,39.21091928732222,"Gas-only screening loads. Add inertia, fatigue, stress concentrations, thermal distortion, fasteners, piston/pin/rod FEA, and hydrodynamic or mixed-lubrication bearing analysis before setting a pressure limit.",65
pressure_coupling_sensitivity,llnl_79,shared,0.4,2.3,3.0,0.0,0.2,10.0,7e-05,0.125,ok,,7e-05,1,experimental-pressure-coupled-two-zone,dme_llnl_2004,mechanisms/llnl_dme_2004/llnl_dme_2004.yaml,"ch3och3:0.25, ch4:0.75",0.2,0.2,10.0,100.0,7e-05,0.0,43.69228050853544,0.5,2.7043711789169436,-5.75,866.8481719788256,764.6994689803312,866.8481719788256,460.9499880139043,534.1131060736946,-6.737228807791097,-5.052826393329018,8.460739539903496,0.2909773516857366,0.2909773516857366,0.24178295458257842,0.04919439710315819,26.03355154809188,0.655401825426236,0.2603355154809188,-65.93363072288662,152.51978756406947,1.2246802089407107,0.9416944249673621,0.0714026443592104,0.0,3.0394541689409173e-06,0.05404453192208836,0.08043831544458417,0.22320994155604934,"Experimental two-reactor spatial bracket. Pressure equalization, zone mass, mixing time, interface heat transfer, and leakage allocation are model inputs, not calibrated measurements. Gross work excludes gas exchange and friction.",0.5441311721930917,0.5441311721930917,-1.965830741589731e-08,0.5441300627464057,0.048658929176369305,0.048658929176369305,3.9315616876435886e-08,0.04866105304356155,0.00455188098239523,0.004626217546123277,0.004512225511432473,0.004512225511432473,0.0006172958997713833,0.0006247162169898843,0.0006134929489403384,0.0006134929489403384,0.0025307334463574925,0.0028128993581514566,0.0024693533477409615,0.0024693533477409615,0.02553994768144184,0.02700270027003187,0.025550162560978355,0.027002700270029698,0.003945396812710562,0.009000900090009001,0.003957108679494611,0.009000900090009019,0.1899754904810929,0.20252025202520252,0.19002909402544804,0.20252025202520288,cool_partial_candidate,rapid_heat_release,9.10583245923181,101.77382299193145,1965.644351589714,76.09939487131373,0.9738044928893675,3.072041134311085,-8.450430633805574,-0.682827141203631,1.562013092885513,21.701846060150753,10.773535931219865,-9.211522838334352,10.928310128930889,242.25741962666373,0.15624821048503815,242.25832043682502,6.0,40.37638673947084,50.0,4.8451664087365005,2.4225832043682503,11.8853405907147,80.0,0.2388149405398955,19.471472488201993,0.4745081559250823,39.21133183712021,"Gas-only screening loads. Add inertia, fatigue, stress concentrations, thermal distortion, fasteners, piston/pin/rod FEA, and hydrodynamic or mixed-lubrication bearing analysis before setting a pressure limit.",66
